[2026-09-02T18:35:43.156+00:00][A] [INFO] TEST_DATA_QUEUED dst=0x02 seq=53 remaining=99
[2026-09-02T18:35:43.217+00:00][B] [INFO] [RF RX] type=1 source=0x01 destination=0x02 previousHop=0x01 sequence=53 ackSequence=0 ttl=8 hops=0 payloadSize=4 rssi=-62 snr=
[2026-09-02T18:35:43.220+00:00][A] [INFO] [RF TX] type=1 source=0x01 destination=0x02 previousHop=0x01 sequence=53 ackSequence=0 ttl=8 hops=0 payloadSize=4 rssi=0 snr=0.
[2026-09-02T18:35:43.220+00:00][A] [INFO] TEST_DATA_QUEUED dst=0x02 seq=54 remaining=98
[2026-09-02T18:35:43.275+00:00][B] [INFO] [RF TX] type=3 source=0x02 destination=0x01 previousHop=0x02 sequence=34 ackSequence=53 ttl=8 hops=0 payloadSize=2 rssi=0 snr=0
[2026-09-02T18:35:43.283+00:00][A] [INFO] [RF TX] type=1 source=0x01 destination=0x02 previousHop=0x01 sequence=54 ackSequence=0 ttl=8 hops=0 payloadSize=4 rssi=0 snr=0.
[2026-09-02T18:35:43.283+00:00][A] [INFO] TEST_DATA_QUEUED dst=0x02 seq=55 remaining=97
[2026-09-02T18:35:43.343+00:00][B] [INFO] [RF RX] type=1 source=0x01 destination=0x02 previousHop=0x01 sequence=55 ackSequence=0 ttl=8 hops=0 payloadSize=4 rssi=-62 snr=
[2026-09-02T18:35:43.346+00:00][A] [INFO] [RF TX] type=1 source=0x01 destination=0x02 previousHop=0x01 sequence=55 ackSequence=0 ttl=8 hops=0 payloadSize=4 rssi=0 snr=0.
[2026-09-02T18:35:43.346+00:00][A] [INFO] TEST_DATA_QUEUED dst=0x02 seq=56 remaining=96
[2026-09-02T18:35:43.400+00:00][B] [INFO] [RF TX] type=3 source=0x02 destination=0x01 previousHop=0x02 sequence=35 ackSequence=55 ttl=8 hops=0 payloadSize=2 rssi=0 snr=0
[2026-09-02T18:35:43.409+00:00][A] [INFO] [RF TX] type=1 source=0x01 destination=0x02 previousHop=0x01 sequence=56 ackSequence=0 ttl=8 hops=0 payloadSize=4 rssi=0 snr=0.
[2026-09-02T18:35:43.409+00:00][A] [INFO] TEST_DATA_QUEUED dst=0x02 seq=57 remaining=95
[2026-09-02T18:35:43.410+00:00][A] [WARN] Retry 1
[2026-09-02T18:35:43.474+00:00][A] [INFO] [RF TX] type=1 source=0x01 destination=0x02 previousHop=0x01 sequence=57 ackSequence=0 ttl=8 hops=0 payloadSize=4 rssi=0 snr=0.
[2026-09-02T18:35:43.475+00:00][A] [INFO] TEST_DATA_QUEUED dst=0x02 seq=58 remaining=94
[2026-09-02T18:35:43.520+00:00][B] [INFO] --------------------------------
[2026-09-02T18:35:43.520+00:00][B] [INFO] [HEARTBEAT TX]
[2026-09-02T18:35:43.525+00:00][B] [INFO] Node ID: 2
[2026-09-02T18:35:43.525+00:00][B] [INFO] type: 2
[2026-09-02T18:35:43.526+00:00][B] [INFO] Destination: 0xFF
[2026-09-02T18:35:43.531+00:00][B] [INFO] Sequence: 36
[2026-09-02T18:35:43.531+00:00][B] [INFO] Packet ID: 33
[2026-09-02T18:35:43.531+00:00][B] [INFO] Packet Size: 26
[2026-09-02T18:35:43.534+00:00][A] [INFO] --------------------------------
[2026-09-02T18:35:43.534+00:00][A] [INFO] [HEARTBEAT TX]
[2026-09-02T18:35:43.536+00:00][B] [INFO] Timestamp: 33 ms
[2026-09-02T18:35:43.536+00:00][B] [INFO] Transmission Result: success
[2026-09-02T18:35:43.540+00:00][A] [INFO] Node ID: 1
[2026-09-02T18:35:43.540+00:00][A] [INFO] type: 2
[2026-09-02T18:35:43.540+00:00][A] [INFO] Destination: 0xFF
[2026-09-02T18:35:43.542+00:00][B] [INFO] --------------------------------
[2026-09-02T18:35:43.542+00:00][B] [INFO] [Heartbeat #33]
[2026-09-02T18:35:43.545+00:00][A] [INFO] Sequence: 52
[2026-09-02T18:35:43.545+00:00][A] [INFO] Packet ID: 51
[2026-09-02T18:35:43.546+00:00][A] [INFO] Packet Size: 26
[2026-09-02T18:35:43.547+00:00][B] [INFO] Sent
[2026-09-02T18:35:43.547+00:00][B] [INFO] Waiting ACK...
[2026-09-02T18:35:43.548+00:00][B] [INFO] [WAITING ACK]
[2026-09-02T18:35:43.551+00:00][A] [INFO] Timestamp: 51 ms
[2026-09-02T18:35:43.551+00:00][A] [INFO] Transmission Result: success
[2026-09-02T18:35:43.556+00:00][A] [INFO] --------------------------------
[2026-09-02T18:35:43.557+00:00][A] [INFO] [Heartbeat #51]
[2026-09-02T18:35:43.561+00:00][B] [INFO] [RF TX] type=2 source=0x02 destination=0xFF previousHop=0x02 sequence=36 ackSequence=0 ttl=8 hops=0 payloadSize=13 rssi=0 snr=0
[2026-09-02T18:35:43.561+00:00][B] [INFO] Heartbeat packet sent
[2026-09-02T18:35:43.562+00:00][A] [INFO] Sent
[2026-09-02T18:35:43.562+00:00][A] [INFO] Waiting ACK...
[2026-09-02T18:35:43.562+00:00][A] [INFO] [WAITING ACK]
[2026-09-02T18:35:43.578+00:00][A] [INFO] [RF TX] type=2 source=0x01 destination=0xFF previousHop=0x01 sequence=52 ackSequence=0 ttl=8 hops=0 payloadSize=13 rssi=0 snr=0
[2026-09-02T18:35:43.579+00:00][A] [INFO] Heartbeat packet sent
[2026-09-02T18:35:43.581+00:00][A] [INFO] TEST_DATA_QUEUED dst=0x02 seq=59 remaining=93
[2026-09-02T18:35:43.637+00:00][B] [INFO] [RF RX] type=1 source=0x01 destination=0x02 previousHop=0x01 sequence=58 ackSequence=0 ttl=8 hops=0 payloadSize=4 rssi=-62 snr=
[2026-09-02T18:35:43.640+00:00][A] [INFO] [RF TX] type=1 source=0x01 destination=0x02 previousHop=0x01 sequence=58 ackSequence=0 ttl=8 hops=0 payloadSize=4 rssi=0 snr=0.
[2026-09-02T18:35:43.641+00:00][A] [INFO] TEST_DATA_QUEUED dst=0x02 seq=60 remaining=92
[2026-09-02T18:35:43.694+00:00][B] [INFO] [RF TX] type=3 source=0x02 destination=0x01 previousHop=0x02 sequence=37 ackSequence=58 ttl=8 hops=0 payloadSize=2 rssi=0 snr=0
[2026-09-02T18:35:43.703+00:00][A] [INFO] [RF TX] type=1 source=0x01 destination=0x02 previousHop=0x01 sequence=59 ackSequence=0 ttl=8 hops=0 payloadSize=4 rssi=0 snr=0.
[2026-09-02T18:35:43.703+00:00][A] [INFO] TEST_DATA_QUEUED dst=0x02 seq=61 remaining=91
[2026-09-02T18:35:43.763+00:00][B] [INFO] [RF RX] type=1 source=0x01 destination=0x02 previousHop=0x01 sequence=60 ackSequence=0 ttl=8 hops=0 payloadSize=4 rssi=-63 snr=
[2026-09-02T18:35:43.766+00:00][A] [INFO] [RF TX] type=1 source=0x01 destination=0x02 previousHop=0x01 sequence=60 ackSequence=0 ttl=8 hops=0 payloadSize=4 rssi=0 snr=0.
[2026-09-02T18:35:43.767+00:00][A] [INFO] TEST_DATA_QUEUED dst=0x02 seq=62 remaining=90
[2026-09-02T18:35:43.820+00:00][B] [INFO] [RF TX] type=3 source=0x02 destination=0x01 previousHop=0x02 sequence=38 ackSequence=60 ttl=8 hops=0 payloadSize=2 rssi=0 snr=0
[2026-09-02T18:35:43.828+00:00][A] [INFO] [RF TX] type=1 source=0x01 destination=0x02 previousHop=0x01 sequence=61 ackSequence=0 ttl=8 hops=0 payloadSize=4 rssi=0 snr=0.
[2026-09-02T18:35:43.829+00:00][A] [INFO] TEST_DATA_QUEUED dst=0x02 seq=63 remaining=89
[2026-09-02T18:35:43.888+00:00][B] [INFO] [RF RX] type=1 source=0x01 destination=0x02 previousHop=0x01 sequence=62 ackSequence=0 ttl=8 hops=0 payloadSize=4 rssi=-62 snr=
[2026-09-02T18:35:43.891+00:00][A] [INFO] [RF TX] type=1 source=0x01 destination=0x02 previousHop=0x01 sequence=62 ackSequence=0 ttl=8 hops=0 payloadSize=4 rssi=0 snr=0.
[2026-09-02T18:35:43.892+00:00][A] [INFO] TEST_DATA_QUEUED dst=0x02 seq=64 remaining=88
[2026-09-02T18:35:43.946+00:00][B] [INFO] [RF TX] type=3 source=0x02 destination=0x01 previousHop=0x02 sequence=39 ackSequence=62 ttl=8 hops=0 payloadSize=2 rssi=0 snr=0
[2026-09-02T18:35:43.954+00:00][A] [INFO] [RF TX] type=1 source=0x01 destination=0x02 previousHop=0x01 sequence=63 ackSequence=0 ttl=8 hops=0 payloadSize=4 rssi=0 snr=0.
[2026-09-02T18:35:43.955+00:00][A] [INFO] TEST_DATA_QUEUED dst=0x02 seq=65 remaining=87
[2026-09-02T18:35:44.014+00:00][B] [INFO] [RF RX] type=1 source=0x01 destination=0x02 previousHop=0x01 sequence=64 ackSequence=0 ttl=8 hops=0 payloadSize=4 rssi=-63 snr=
[2026-09-02T18:35:44.017+00:00][A] [INFO] [RF TX] type=1 source=0x01 destination=0x02 previousHop=0x01 sequence=64 ackSequence=0 ttl=8 hops=0 payloadSize=4 rssi=0 snr=0.
[2026-09-02T18:35:44.018+00:00][A] [INFO] TEST_DATA_QUEUED dst=0x02 seq=66 remaining=86
[2026-09-02T18:35:44.072+00:00][B] [INFO] [RF TX] type=3 source=0x02 destination=0x01 previousHop=0x02 sequence=40 ackSequence=64 ttl=8 hops=0 payloadSize=2 rssi=0 snr=0
[2026-09-02T18:35:44.080+00:00][A] [INFO] [RF TX] type=1 source=0x01 destination=0x02 previousHop=0x01 sequence=65 ackSequence=0 ttl=8 hops=0 payloadSize=4 rssi=0 snr=0.
[2026-09-02T18:35:44.080+00:00][A] [INFO] TEST_DATA_QUEUED dst=0x02 seq=67 remaining=85
[2026-09-02T18:35:44.139+00:00][B] [INFO] [RF RX] type=1 source=0x01 destination=0x02 previousHop=0x01 sequence=66 ackSequence=0 ttl=8 hops=0 payloadSize=4 rssi=-61 snr=
[2026-09-02T18:35:44.143+00:00][A] [INFO] [RF TX] type=1 source=0x01 destination=0x02 previousHop=0x01 sequence=66 ackSequence=0 ttl=8 hops=0 payloadSize=4 rssi=0 snr=0.
[2026-09-02T18:35:44.143+00:00][A] [INFO] TEST_DATA_QUEUED dst=0x02 seq=68 remaining=84
[2026-09-02T18:35:44.197+00:00][B] [INFO] [RF TX] type=3 source=0x02 destination=0x01 previousHop=0x02 sequence=41 ackSequence=66 ttl=8 hops=0 payloadSize=2 rssi=0 snr=0
[2026-09-02T18:35:44.205+00:00][A] [INFO] [RF TX] type=1 source=0x01 destination=0x02 previousHop=0x01 sequence=67 ackSequence=0 ttl=8 hops=0 payloadSize=4 rssi=0 snr=0.
[2026-09-02T18:35:44.205+00:00][A] [INFO] TEST_DATA_QUEUED dst=0x02 seq=69 remaining=83
[2026-09-02T18:35:44.265+00:00][B] [INFO] [RF RX] type=1 source=0x01 destination=0x02 previousHop=0x01 sequence=68 ackSequence=0 ttl=8 hops=0 payloadSize=4 rssi=-61 snr=
[2026-09-02T18:35:44.268+00:00][A] [INFO] [RF TX] type=1 source=0x01 destination=0x02 previousHop=0x01 sequence=68 ackSequence=0 ttl=8 hops=0 payloadSize=4 rssi=0 snr=0.
[2026-09-02T18:35:44.268+00:00][A] [INFO] TEST_DATA_QUEUED dst=0x02 seq=70 remaining=82
[2026-09-02T18:35:44.270+00:00][A] [WARN] TX_RETRY seq=53
[2026-09-02T18:35:44.323+00:00][B] [INFO] [RF TX] type=3 source=0x02 destination=0x01 previousHop=0x02 sequence=42 ackSequence=68 ttl=8 hops=0 payloadSize=2 rssi=0 snr=0
[2026-09-02T18:35:44.331+00:00][A] [INFO] [RF TX] type=1 source=0x01 destination=0x02 previousHop=0x01 sequence=69 ackSequence=0 ttl=8 hops=0 payloadSize=4 rssi=0 snr=0.
[2026-09-02T18:35:44.332+00:00][A] [INFO] TEST_DATA_QUEUED dst=0x02 seq=71 remaining=81
[2026-09-02T18:35:44.333+00:00][A] [WARN] TX_RETRY seq=54
[2026-09-02T18:35:44.391+00:00][B] [INFO] [RF RX] type=1 source=0x01 destination=0x02 previousHop=0x01 sequence=70 ackSequence=0 ttl=8 hops=0 payloadSize=4 rssi=-62 snr=
[2026-09-02T18:35:44.394+00:00][A] [INFO] [RF TX] type=1 source=0x01 destination=0x02 previousHop=0x01 sequence=70 ackSequence=0 ttl=8 hops=0 payloadSize=4 rssi=0 snr=0.
[2026-09-02T18:35:44.395+00:00][A] [INFO] TEST_DATA_QUEUED dst=0x02 seq=73 remaining=80
[2026-09-02T18:35:44.396+00:00][A] [WARN] TX_RETRY seq=55
[2026-09-02T18:35:44.449+00:00][B] [INFO] [RF TX] type=3 source=0x02 destination=0x01 previousHop=0x02 sequence=43 ackSequence=70 ttl=8 hops=0 payloadSize=2 rssi=0 snr=0
[2026-09-02T18:35:44.457+00:00][A] [INFO] [RF TX] type=1 source=0x01 destination=0x02 previousHop=0x01 sequence=53 ackSequence=0 ttl=8 hops=0 payloadSize=4 rssi=0 snr=0.
[2026-09-02T18:35:44.458+00:00][A] [INFO] TEST_DATA_QUEUED dst=0x02 seq=74 remaining=79
[2026-09-02T18:35:44.459+00:00][A] [WARN] TX_RETRY seq=56
[2026-09-02T18:35:44.517+00:00][B] [INFO] [RF RX] type=1 source=0x01 destination=0x02 previousHop=0x01 sequence=71 ackSequence=0 ttl=8 hops=0 payloadSize=4 rssi=-62 snr=
[2026-09-02T18:35:44.520+00:00][A] [INFO] [RF TX] type=1 source=0x01 destination=0x02 previousHop=0x01 sequence=71 ackSequence=0 ttl=8 hops=0 payloadSize=4 rssi=0 snr=0.
[2026-09-02T18:35:44.521+00:00][A] [INFO] TEST_DATA_QUEUED dst=0x02 seq=75 remaining=78
[2026-09-02T18:35:44.522+00:00][A] [WARN] TX_RETRY seq=57
[2026-09-02T18:35:44.576+00:00][B] [INFO] [RF TX] type=3 source=0x02 destination=0x01 previousHop=0x02 sequence=44 ackSequence=71 ttl=8 hops=0 payloadSize=2 rssi=0 snr=0
[2026-09-02T18:35:44.577+00:00][B] [WARN] Retry 1
[2026-09-02T18:35:44.583+00:00][A] [INFO] [RF TX] type=1 source=0x01 destination=0x02 previousHop=0x01 sequence=54 ackSequence=0 ttl=8 hops=0 payloadSize=4 rssi=0 snr=0.
[2026-09-02T18:35:44.584+00:00][A] [INFO] TEST_DATA_QUEUED dst=0x02 seq=76 remaining=77
[2026-09-02T18:35:44.585+00:00][A] [WARN] Retry 1
[2026-09-02T18:35:44.642+00:00][B] [INFO] --------------------------------
[2026-09-02T18:35:44.643+00:00][B] [INFO] [HEARTBEAT TX]
[2026-09-02T18:35:44.646+00:00][A] [INFO] --------------------------------
[2026-09-02T18:35:44.646+00:00][A] [INFO] [HEARTBEAT TX]
[2026-09-02T18:35:44.648+00:00][B] [INFO] Node ID: 2
[2026-09-02T18:35:44.648+00:00][B] [INFO] type: 2
[2026-09-02T18:35:44.648+00:00][B] [INFO] Destination: 0xFF
[2026-09-02T18:35:44.651+00:00][A] [INFO] Node ID: 1
[2026-09-02T18:35:44.651+00:00][A] [INFO] type: 2
[2026-09-02T18:35:44.652+00:00][A] [INFO] Destination: 0xFF
[2026-09-02T18:35:44.653+00:00][B] [INFO] Sequence: 36
[2026-09-02T18:35:44.653+00:00][B] [INFO] Packet ID: 33
[2026-09-02T18:35:44.654+00:00][B] [INFO] Packet Size: 26
[2026-09-02T18:35:44.657+00:00][A] [INFO] Sequence: 72
[2026-09-02T18:35:44.657+00:00][A] [INFO] Packet ID: 52
[2026-09-02T18:35:44.657+00:00][A] [INFO] Packet Size: 26
[2026-09-02T18:35:44.659+00:00][B] [INFO] Timestamp: 33 ms
[2026-09-02T18:35:44.659+00:00][B] [INFO] Transmission Result: success
[2026-09-02T18:35:44.662+00:00][A] [INFO] Timestamp: 52 ms
[2026-09-02T18:35:44.663+00:00][A] [INFO] Transmission Result: success
[2026-09-02T18:35:44.665+00:00][B] [INFO] --------------------------------
[2026-09-02T18:35:44.665+00:00][B] [INFO] [Heartbeat #33]
[2026-09-02T18:35:44.668+00:00][A] [INFO] --------------------------------
[2026-09-02T18:35:44.668+00:00][A] [INFO] [Heartbeat #52]
[2026-09-02T18:35:44.670+00:00][B] [INFO] Sent
[2026-09-02T18:35:44.670+00:00][B] [INFO] Waiting ACK...
[2026-09-02T18:35:44.670+00:00][B] [INFO] [WAITING ACK]
[2026-09-02T18:35:44.673+00:00][A] [INFO] Sent
[2026-09-02T18:35:44.673+00:00][A] [INFO] Waiting ACK...
[2026-09-02T18:35:44.674+00:00][A] [INFO] [WAITING ACK]
[2026-09-02T18:35:44.683+00:00][B] [INFO] [RF TX] type=2 source=0x02 destination=0xFF previousHop=0x02 sequence=36 ackSequence=0 ttl=8 hops=0 payloadSize=13 rssi=0 snr=0
[2026-09-02T18:35:44.684+00:00][B] [INFO] Heartbeat packet sent
[2026-09-02T18:35:44.690+00:00][A] [INFO] [RF TX] type=2 source=0x01 destination=0xFF previousHop=0x01 sequence=72 ackSequence=0 ttl=8 hops=0 payloadSize=13 rssi=0 snr=0
[2026-09-02T18:35:44.690+00:00][A] [INFO] Heartbeat packet sent
[2026-09-02T18:35:44.693+00:00][A] [INFO] TEST_DATA_QUEUED dst=0x02 seq=77 remaining=76
[2026-09-02T18:35:44.694+00:00][A] [ERROR] TX_FAILED
[2026-09-02T18:35:44.748+00:00][B] [INFO] [RF RX] type=1 source=0x01 destination=0x02 previousHop=0x01 sequence=73 ackSequence=0 ttl=8 hops=0 payloadSize=4 rssi=-62 snr=
[2026-09-02T18:35:44.751+00:00][A] [INFO] [RF TX] type=1 source=0x01 destination=0x02 previousHop=0x01 sequence=73 ackSequence=0 ttl=8 hops=0 payloadSize=4 rssi=0 snr=0.
[2026-09-02T18:35:44.752+00:00][A] [INFO] TEST_DATA_QUEUED dst=0x02 seq=78 remaining=75
[2026-09-02T18:35:44.753+00:00][A] [ERROR] TX_FAILED
[2026-09-02T18:35:44.806+00:00][B] [INFO] [RF TX] type=3 source=0x02 destination=0x01 previousHop=0x02 sequence=45 ackSequence=73 ttl=8 hops=0 payloadSize=2 rssi=0 snr=0
[2026-09-02T18:35:44.814+00:00][A] [INFO] [RF TX] type=1 source=0x01 destination=0x02 previousHop=0x01 sequence=55 ackSequence=0 ttl=8 hops=0 payloadSize=4 rssi=0 snr=0.
[2026-09-02T18:35:44.815+00:00][A] [INFO] TEST_DATA_QUEUED dst=0x02 seq=79 remaining=74
[2026-09-02T18:35:44.816+00:00][A] [ERROR] TX_FAILED
[2026-09-02T18:35:44.874+00:00][B] [INFO] [RF RX] type=1 source=0x01 destination=0x02 previousHop=0x01 sequence=74 ackSequence=0 ttl=8 hops=0 payloadSize=4 rssi=-62 snr=
[2026-09-02T18:35:44.877+00:00][A] [INFO] [RF TX] type=1 source=0x01 destination=0x02 previousHop=0x01 sequence=74 ackSequence=0 ttl=8 hops=0 payloadSize=4 rssi=0 snr=0.
[2026-09-02T18:35:44.878+00:00][A] [INFO] TEST_DATA_QUEUED dst=0x02 seq=80 remaining=73
[2026-09-02T18:35:44.932+00:00][B] [INFO] [RF TX] type=3 source=0x02 destination=0x01 previousHop=0x02 sequence=46 ackSequence=74 ttl=8 hops=0 payloadSize=2 rssi=0 snr=0
[2026-09-02T18:35:44.940+00:00][A] [INFO] [RF TX] type=1 source=0x01 destination=0x02 previousHop=0x01 sequence=56 ackSequence=0 ttl=8 hops=0 payloadSize=4 rssi=0 snr=0.
[2026-09-02T18:35:44.940+00:00][A] [INFO] TEST_DATA_QUEUED dst=0x02 seq=81 remaining=72
[2026-09-02T18:35:45.000+00:00][B] [INFO] [RF RX] type=1 source=0x01 destination=0x02 previousHop=0x01 sequence=75 ackSequence=0 ttl=8 hops=0 payloadSize=4 rssi=-63 snr=
[2026-09-02T18:35:45.003+00:00][A] [INFO] [RF TX] type=1 source=0x01 destination=0x02 previousHop=0x01 sequence=75 ackSequence=0 ttl=8 hops=0 payloadSize=4 rssi=0 snr=0.
[2026-09-02T18:35:45.003+00:00][A] [INFO] TEST_DATA_QUEUED dst=0x02 seq=82 remaining=71
[2026-09-02T18:35:45.057+00:00][B] [INFO] [RF TX] type=3 source=0x02 destination=0x01 previousHop=0x02 sequence=47 ackSequence=75 ttl=8 hops=0 payloadSize=2 rssi=0 snr=0
[2026-09-02T18:35:45.066+00:00][A] [INFO] [RF TX] type=1 source=0x01 destination=0x02 previousHop=0x01 sequence=57 ackSequence=0 ttl=8 hops=0 payloadSize=4 rssi=0 snr=0.
[2026-09-02T18:35:45.066+00:00][A] [INFO] TEST_DATA_QUEUED dst=0x02 seq=83 remaining=70
[2026-09-02T18:35:45.126+00:00][B] [INFO] [RF RX] type=1 source=0x01 destination=0x02 previousHop=0x01 sequence=76 ackSequence=0 ttl=8 hops=0 payloadSize=4 rssi=-61 snr=
[2026-09-02T18:35:45.129+00:00][A] [INFO] [RF TX] type=1 source=0x01 destination=0x02 previousHop=0x01 sequence=76 ackSequence=0 ttl=8 hops=0 payloadSize=4 rssi=0 snr=0.
[2026-09-02T18:35:45.129+00:00][A] [INFO] TEST_DATA_QUEUED dst=0x02 seq=84 remaining=69
[2026-09-02T18:35:45.183+00:00][B] [INFO] [RF TX] type=3 source=0x02 destination=0x01 previousHop=0x02 sequence=48 ackSequence=76 ttl=8 hops=0 payloadSize=2 rssi=0 snr=0
[2026-09-02T18:35:45.191+00:00][A] [INFO] [RF TX] type=1 source=0x01 destination=0x02 previousHop=0x01 sequence=77 ackSequence=0 ttl=8 hops=0 payloadSize=4 rssi=0 snr=0.
[2026-09-02T18:35:45.192+00:00][A] [INFO] TEST_DATA_QUEUED dst=0x02 seq=85 remaining=68
[2026-09-02T18:35:45.251+00:00][B] [INFO] [RF RX] type=1 source=0x01 destination=0x02 previousHop=0x01 sequence=78 ackSequence=0 ttl=8 hops=0 payloadSize=4 rssi=-61 snr=
[2026-09-02T18:35:45.254+00:00][A] [INFO] [RF TX] type=1 source=0x01 destination=0x02 previousHop=0x01 sequence=78 ackSequence=0 ttl=8 hops=0 payloadSize=4 rssi=0 snr=0.
[2026-09-02T18:35:45.255+00:00][A] [INFO] TEST_DATA_QUEUED dst=0x02 seq=86 remaining=67
[2026-09-02T18:35:45.309+00:00][B] [INFO] [RF TX] type=3 source=0x02 destination=0x01 previousHop=0x02 sequence=49 ackSequence=78 ttl=8 hops=0 payloadSize=2 rssi=0 snr=0
[2026-09-02T18:35:45.317+00:00][A] [INFO] [RF TX] type=1 source=0x01 destination=0x02 previousHop=0x01 sequence=79 ackSequence=0 ttl=8 hops=0 payloadSize=4 rssi=0 snr=0.
[2026-09-02T18:35:45.318+00:00][A] [INFO] TEST_DATA_QUEUED dst=0x02 seq=87 remaining=66
[2026-09-02T18:35:45.377+00:00][B] [INFO] [RF RX] type=1 source=0x01 destination=0x02 previousHop=0x01 sequence=80 ackSequence=0 ttl=8 hops=0 payloadSize=4 rssi=-63 snr=
[2026-09-02T18:35:45.380+00:00][A] [INFO] [RF TX] type=1 source=0x01 destination=0x02 previousHop=0x01 sequence=80 ackSequence=0 ttl=8 hops=0 payloadSize=4 rssi=0 snr=0.
[2026-09-02T18:35:45.380+00:00][A] [INFO] TEST_DATA_QUEUED dst=0x02 seq=88 remaining=65
[2026-09-02T18:35:45.435+00:00][B] [INFO] [RF TX] type=3 source=0x02 destination=0x01 previousHop=0x02 sequence=50 ackSequence=80 ttl=8 hops=0 payloadSize=2 rssi=0 snr=0
[2026-09-02T18:35:45.443+00:00][A] [INFO] [RF TX] type=1 source=0x01 destination=0x02 previousHop=0x01 sequence=81 ackSequence=0 ttl=8 hops=0 payloadSize=4 rssi=0 snr=0.
[2026-09-02T18:35:45.443+00:00][A] [INFO] TEST_DATA_QUEUED dst=0x02 seq=89 remaining=64
[2026-09-02T18:35:45.506+00:00][A] [INFO] [RF TX] type=1 source=0x01 destination=0x02 previousHop=0x01 sequence=82 ackSequence=0 ttl=8 hops=0 payloadSize=4 rssi=0 snr=0.
[2026-09-02T18:35:45.506+00:00][A] [INFO] TEST_DATA_QUEUED dst=0x02 seq=90 remaining=63
[2026-09-02T18:35:45.507+00:00][A] [ERROR] TX_FAILED
[2026-09-02T18:35:45.520+00:00][B] [INFO] --------------------------------
[2026-09-02T18:35:45.520+00:00][B] [INFO] [HEARTBEAT TX]
[2026-09-02T18:35:45.525+00:00][B] [INFO] Node ID: 2
[2026-09-02T18:35:45.525+00:00][B] [INFO] type: 2
[2026-09-02T18:35:45.525+00:00][B] [INFO] Destination: 0xFF
[2026-09-02T18:35:45.531+00:00][B] [INFO] Sequence: 51
[2026-09-02T18:35:45.531+00:00][B] [INFO] Packet ID: 34
[2026-09-02T18:35:45.531+00:00][B] [INFO] Packet Size: 26
[2026-09-02T18:35:45.536+00:00][B] [INFO] Timestamp: 34 ms
[2026-09-02T18:35:45.537+00:00][B] [INFO] Transmission Result: success
[2026-09-02T18:35:45.542+00:00][B] [INFO] --------------------------------
[2026-09-02T18:35:45.543+00:00][B] [INFO] [Heartbeat #34]
[2026-09-02T18:35:45.547+00:00][B] [INFO] Sent
[2026-09-02T18:35:45.548+00:00][B] [INFO] Waiting ACK...
[2026-09-02T18:35:45.548+00:00][B] [INFO] [WAITING ACK]
[2026-09-02T18:35:45.561+00:00][B] [INFO] [RF TX] type=2 source=0x02 destination=0xFF previousHop=0x02 sequence=51 ackSequence=0 ttl=8 hops=0 payloadSize=13 rssi=0 snr=0
[2026-09-02T18:35:45.561+00:00][B] [INFO] Heartbeat packet sent
[2026-09-02T18:35:45.569+00:00][A] [INFO] [RF TX] type=1 source=0x01 destination=0x02 previousHop=0x01 sequence=83 ackSequence=0 ttl=8 hops=0 payloadSize=4 rssi=0 snr=0.
[2026-09-02T18:35:45.569+00:00][A] [INFO] TEST_DATA_QUEUED dst=0x02 seq=91 remaining=62
[2026-09-02T18:35:45.629+00:00][B] [INFO] [RF RX] type=1 source=0x01 destination=0x02 previousHop=0x01 sequence=84 ackSequence=0 ttl=8 hops=0 payloadSize=4 rssi=-62 snr=
[2026-09-02T18:35:45.632+00:00][A] [INFO] [RF TX] type=1 source=0x01 destination=0x02 previousHop=0x01 sequence=84 ackSequence=0 ttl=8 hops=0 payloadSize=4 rssi=0 snr=0.
[2026-09-02T18:35:45.633+00:00][A] [INFO] TEST_DATA_QUEUED dst=0x02 seq=92 remaining=61
[2026-09-02T18:35:45.633+00:00][A] [ERROR] TX_FAILED
[2026-09-02T18:35:45.686+00:00][B] [INFO] [RF TX] type=3 source=0x02 destination=0x01 previousHop=0x02 sequence=52 ackSequence=84 ttl=8 hops=0 payloadSize=2 rssi=0 snr=0
[2026-09-02T18:35:45.694+00:00][A] [INFO] [RF TX] type=1 source=0x01 destination=0x02 previousHop=0x01 sequence=85 ackSequence=0 ttl=8 hops=0 payloadSize=4 rssi=0 snr=0.
[2026-09-02T18:35:45.695+00:00][A] [INFO] TEST_DATA_QUEUED dst=0x02 seq=93 remaining=60
[2026-09-02T18:35:45.696+00:00][A] [WARN] Retry 1
[2026-09-02T18:35:45.754+00:00][B] [INFO] [RF RX] type=1 source=0x01 destination=0x02 previousHop=0x01 sequence=86 ackSequence=0 ttl=8 hops=0 payloadSize=4 rssi=-62 snr=
[2026-09-02T18:35:45.757+00:00][A] [INFO] [RF TX] type=1 source=0x01 destination=0x02 previousHop=0x01 sequence=86 ackSequence=0 ttl=8 hops=0 payloadSize=4 rssi=0 snr=0.
[2026-09-02T18:35:45.758+00:00][A] [INFO] TEST_DATA_QUEUED dst=0x02 seq=94 remaining=59
[2026-09-02T18:35:45.759+00:00][A] [ERROR] TX_FAILED
[2026-09-02T18:35:45.812+00:00][B] [INFO] [RF TX] type=3 source=0x02 destination=0x01 previousHop=0x02 sequence=53 ackSequence=86 ttl=8 hops=0 payloadSize=2 rssi=0 snr=0
[2026-09-02T18:35:45.820+00:00][A] [INFO] [RF TX] type=1 source=0x01 destination=0x02 previousHop=0x01 sequence=87 ackSequence=0 ttl=8 hops=0 payloadSize=4 rssi=0 snr=0.
[2026-09-02T18:35:45.821+00:00][A] [INFO] TEST_DATA_QUEUED dst=0x02 seq=95 remaining=58
[2026-09-02T18:35:45.822+00:00][A] [ERROR] TX_FAILED
[2026-09-02T18:35:45.880+00:00][B] [INFO] [RF RX] type=1 source=0x01 destination=0x02 previousHop=0x01 sequence=88 ackSequence=0 ttl=8 hops=0 payloadSize=4 rssi=-62 snr=
[2026-09-02T18:35:45.883+00:00][A] [INFO] [RF TX] type=1 source=0x01 destination=0x02 previousHop=0x01 sequence=88 ackSequence=0 ttl=8 hops=0 payloadSize=4 rssi=0 snr=0.
[2026-09-02T18:35:45.884+00:00][A] [INFO] TEST_DATA_QUEUED dst=0x02 seq=96 remaining=57
[2026-09-02T18:35:45.885+00:00][A] [ERROR] TX_FAILED
[2026-09-02T18:35:45.939+00:00][B] [INFO] [RF TX] type=3 source=0x02 destination=0x01 previousHop=0x02 sequence=54 ackSequence=88 ttl=8 hops=0 payloadSize=2 rssi=0 snr=0
[2026-09-02T18:35:45.946+00:00][A] [INFO] [RF TX] type=1 source=0x01 destination=0x02 previousHop=0x01 sequence=89 ackSequence=0 ttl=8 hops=0 payloadSize=4 rssi=0 snr=0.
[2026-09-02T18:35:45.947+00:00][A] [INFO] TEST_DATA_QUEUED dst=0x02 seq=97 remaining=56
[2026-09-02T18:35:45.948+00:00][A] [ERROR] TX_FAILED
[2026-09-02T18:35:46.006+00:00][B] [INFO] [RF RX] type=1 source=0x01 destination=0x02 previousHop=0x01 sequence=90 ackSequence=0 ttl=8 hops=0 payloadSize=4 rssi=-63 snr=
[2026-09-02T18:35:46.009+00:00][A] [INFO] [RF TX] type=1 source=0x01 destination=0x02 previousHop=0x01 sequence=90 ackSequence=0 ttl=8 hops=0 payloadSize=4 rssi=0 snr=0.
[2026-09-02T18:35:46.010+00:00][A] [INFO] TEST_DATA_QUEUED dst=0x02 seq=98 remaining=55
[2026-09-02T18:35:46.011+00:00][A] [ERROR] TX_FAILED
[2026-09-02T18:35:46.064+00:00][B] [INFO] [RF TX] type=3 source=0x02 destination=0x01 previousHop=0x02 sequence=55 ackSequence=90 ttl=8 hops=0 payloadSize=2 rssi=0 snr=0
[2026-09-02T18:35:46.072+00:00][A] [INFO] [RF TX] type=1 source=0x01 destination=0x02 previousHop=0x01 sequence=91 ackSequence=0 ttl=8 hops=0 payloadSize=4 rssi=0 snr=0.
[2026-09-02T18:35:46.073+00:00][A] [INFO] TEST_DATA_QUEUED dst=0x02 seq=99 remaining=54
[2026-09-02T18:35:46.074+00:00][A] [ERROR] TX_FAILED
[2026-09-02T18:35:46.135+00:00][A] [INFO] [RF TX] type=1 source=0x01 destination=0x02 previousHop=0x01 sequence=92 ackSequence=0 ttl=8 hops=0 payloadSize=4 rssi=0 snr=0.
[2026-09-02T18:35:46.136+00:00][A] [INFO] TEST_DATA_QUEUED dst=0x02 seq=100 remaining=53
[2026-09-02T18:35:46.196+00:00][B] [INFO] [RF RX] type=1 source=0x01 destination=0x02 previousHop=0x01 sequence=93 ackSequence=0 ttl=8 hops=0 payloadSize=4 rssi=-62 snr=
[2026-09-02T18:35:46.198+00:00][A] [INFO] [RF TX] type=1 source=0x01 destination=0x02 previousHop=0x01 sequence=93 ackSequence=0 ttl=8 hops=0 payloadSize=4 rssi=0 snr=0.
[2026-09-02T18:35:46.199+00:00][A] [INFO] TEST_DATA_QUEUED dst=0x02 seq=101 remaining=52
[2026-09-02T18:35:46.253+00:00][B] [INFO] [RF TX] type=3 source=0x02 destination=0x01 previousHop=0x02 sequence=56 ackSequence=93 ttl=8 hops=0 payloadSize=2 rssi=0 snr=0
[2026-09-02T18:35:46.261+00:00][A] [INFO] [RF TX] type=1 source=0x01 destination=0x02 previousHop=0x01 sequence=94 ackSequence=0 ttl=8 hops=0 payloadSize=4 rssi=0 snr=0.
[2026-09-02T18:35:46.262+00:00][A] [INFO] TEST_DATA_QUEUED dst=0x02 seq=102 remaining=51
[2026-09-02T18:35:46.321+00:00][B] [INFO] [RF RX] type=1 source=0x01 destination=0x02 previousHop=0x01 sequence=95 ackSequence=0 ttl=8 hops=0 payloadSize=4 rssi=-62 snr=
[2026-09-02T18:35:46.324+00:00][A] [INFO] [RF TX] type=1 source=0x01 destination=0x02 previousHop=0x01 sequence=95 ackSequence=0 ttl=8 hops=0 payloadSize=4 rssi=0 snr=0.
[2026-09-02T18:35:46.324+00:00][A] [INFO] TEST_DATA_QUEUED dst=0x02 seq=103 remaining=50
[2026-09-02T18:35:46.378+00:00][B] [INFO] [RF TX] type=3 source=0x02 destination=0x01 previousHop=0x02 sequence=57 ackSequence=95 ttl=8 hops=0 payloadSize=2 rssi=0 snr=0
[2026-09-02T18:35:46.387+00:00][A] [INFO] [RF TX] type=1 source=0x01 destination=0x02 previousHop=0x01 sequence=96 ackSequence=0 ttl=8 hops=0 payloadSize=4 rssi=0 snr=0.
[2026-09-02T18:35:46.387+00:00][A] [INFO] TEST_DATA_QUEUED dst=0x02 seq=104 remaining=49
[2026-09-02T18:35:46.447+00:00][B] [INFO] [RF RX] type=1 source=0x01 destination=0x02 previousHop=0x01 sequence=97 ackSequence=0 ttl=8 hops=0 payloadSize=4 rssi=-62 snr=
[2026-09-02T18:35:46.450+00:00][A] [INFO] [RF TX] type=1 source=0x01 destination=0x02 previousHop=0x01 sequence=97 ackSequence=0 ttl=8 hops=0 payloadSize=4 rssi=0 snr=0.
[2026-09-02T18:35:46.451+00:00][A] [INFO] TEST_DATA_QUEUED dst=0x02 seq=106 remaining=48
[2026-09-02T18:35:46.505+00:00][B] [INFO] [RF TX] type=3 source=0x02 destination=0x01 previousHop=0x02 sequence=58 ackSequence=97 ttl=8 hops=0 payloadSize=2 rssi=0 snr=0
[2026-09-02T18:35:46.513+00:00][A] [INFO] [RF TX] type=1 source=0x01 destination=0x02 previousHop=0x01 sequence=98 ackSequence=0 ttl=8 hops=0 payloadSize=4 rssi=0 snr=0.
[2026-09-02T18:35:46.514+00:00][A] [INFO] TEST_DATA_QUEUED dst=0x02 seq=108 remaining=47
[2026-09-02T18:35:46.537+00:00][B] [WARN] Retry 1
[2026-09-02T18:35:46.576+00:00][A] [INFO] [RF TX] type=1 source=0x01 destination=0x02 previousHop=0x01 sequence=99 ackSequence=0 ttl=8 hops=0 payloadSize=4 rssi=0 snr=0.
[2026-09-02T18:35:46.577+00:00][A] [INFO] TEST_DATA_QUEUED dst=0x02 seq=110 remaining=46
[2026-09-02T18:35:46.578+00:00][A] [ERROR] TX_FAILED
[2026-09-02T18:35:46.604+00:00][B] [INFO] --------------------------------
[2026-09-02T18:35:46.604+00:00][B] [INFO] [HEARTBEAT TX]
[2026-09-02T18:35:46.609+00:00][B] [INFO] Node ID: 2
[2026-09-02T18:35:46.609+00:00][B] [INFO] type: 2
[2026-09-02T18:35:46.610+00:00][B] [INFO] Destination: 0xFF
[2026-09-02T18:35:46.615+00:00][B] [INFO] Sequence: 51
[2026-09-02T18:35:46.615+00:00][B] [INFO] Packet ID: 34
[2026-09-02T18:35:46.616+00:00][B] [INFO] Packet Size: 26
[2026-09-02T18:35:46.620+00:00][B] [INFO] Timestamp: 34 ms
[2026-09-02T18:35:46.621+00:00][B] [INFO] Transmission Result: success
[2026-09-02T18:35:46.626+00:00][B] [INFO] --------------------------------
[2026-09-02T18:35:46.626+00:00][B] [INFO] [Heartbeat #34]
[2026-09-02T18:35:46.631+00:00][B] [INFO] Sent
[2026-09-02T18:35:46.632+00:00][B] [INFO] Waiting ACK...
[2026-09-02T18:35:46.632+00:00][B] [INFO] [WAITING ACK]
[2026-09-02T18:35:46.639+00:00][A] [INFO] [RF TX] type=1 source=0x01 destination=0x02 previousHop=0x01 sequence=100 ackSequence=0 ttl=8 hops=0 payloadSize=4 rssi=0 snr=0
[2026-09-02T18:35:46.640+00:00][A] [INFO] TEST_DATA_QUEUED dst=0x02 seq=112 remaining=45
[2026-09-02T18:35:46.645+00:00][B] [INFO] [RF TX] type=2 source=0x02 destination=0xFF previousHop=0x02 sequence=51 ackSequence=0 ttl=8 hops=0 payloadSize=13 rssi=0 snr=0
[2026-09-02T18:35:46.646+00:00][B] [INFO] Heartbeat packet sent
[2026-09-02T18:35:46.702+00:00][A] [INFO] [RF TX] type=1 source=0x01 destination=0x02 previousHop=0x01 sequence=101 ackSequence=0 ttl=8 hops=0 payloadSize=4 rssi=0 snr=0
[2026-09-02T18:35:46.703+00:00][A] [INFO] TEST_DATA_QUEUED dst=0x02 seq=114 remaining=44
[2026-09-02T18:35:46.706+00:00][A] [ERROR] TX_FAILED
[2026-09-02T18:35:46.707+00:00][A] [WARN] Retry 2
[2026-09-02T18:35:46.762+00:00][B] [INFO] [RF RX] type=1 source=0x01 destination=0x02 previousHop=0x01 sequence=102 ackSequence=0 ttl=8 hops=0 payloadSize=4 rssi=-62 snr
[2026-09-02T18:35:46.765+00:00][A] [INFO] [RF TX] type=1 source=0x01 destination=0x02 previousHop=0x01 sequence=102 ackSequence=0 ttl=8 hops=0 payloadSize=4 rssi=0 snr=0
[2026-09-02T18:35:46.766+00:00][A] [INFO] TEST_DATA_QUEUED dst=0x02 seq=116 remaining=43
[2026-09-02T18:35:46.820+00:00][B] [INFO] [RF TX] type=3 source=0x02 destination=0x01 previousHop=0x02 sequence=59 ackSequence=102 ttl=8 hops=0 payloadSize=2 rssi=0 snr=
[2026-09-02T18:35:46.829+00:00][A] [INFO] [RF TX] type=1 source=0x01 destination=0x02 previousHop=0x01 sequence=103 ackSequence=0 ttl=8 hops=0 payloadSize=4 rssi=0 snr=0
[2026-09-02T18:35:46.829+00:00][A] [INFO] TEST_DATA_QUEUED dst=0x02 seq=118 remaining=42
[2026-09-02T18:35:46.830+00:00][A] [ERROR] TX_FAILED
[2026-09-02T18:35:46.888+00:00][B] [INFO] [RF RX] type=1 source=0x01 destination=0x02 previousHop=0x01 sequence=104 ackSequence=0 ttl=8 hops=0 payloadSize=4 rssi=-63 snr
[2026-09-02T18:35:46.892+00:00][A] [INFO] [RF TX] type=1 source=0x01 destination=0x02 previousHop=0x01 sequence=104 ackSequence=0 ttl=8 hops=0 payloadSize=4 rssi=0 snr=0
[2026-09-02T18:35:46.892+00:00][A] [INFO] TEST_DATA_QUEUED dst=0x02 seq=120 remaining=41
[2026-09-02T18:35:46.893+00:00][A] [ERROR] TX_FAILED
[2026-09-02T18:35:46.946+00:00][B] [INFO] [RF TX] type=3 source=0x02 destination=0x01 previousHop=0x02 sequence=60 ackSequence=104 ttl=8 hops=0 payloadSize=2 rssi=0 snr=
[2026-09-02T18:35:46.955+00:00][A] [INFO] [RF TX] type=1 source=0x01 destination=0x02 previousHop=0x01 sequence=106 ackSequence=0 ttl=8 hops=0 payloadSize=4 rssi=0 snr=0
[2026-09-02T18:35:46.955+00:00][A] [INFO] TEST_DATA_QUEUED dst=0x02 seq=122 remaining=40
[2026-09-02T18:35:46.956+00:00][A] [ERROR] TX_FAILED
[2026-09-02T18:35:47.015+00:00][B] [INFO] [RF RX] type=1 source=0x01 destination=0x02 previousHop=0x01 sequence=108 ackSequence=0 ttl=8 hops=0 payloadSize=4 rssi=-63 snr
[2026-09-02T18:35:47.018+00:00][A] [INFO] [RF TX] type=1 source=0x01 destination=0x02 previousHop=0x01 sequence=108 ackSequence=0 ttl=8 hops=0 payloadSize=4 rssi=0 snr=0
[2026-09-02T18:35:47.019+00:00][A] [INFO] TEST_DATA_QUEUED dst=0x02 seq=124 remaining=39
[2026-09-02T18:35:47.020+00:00][A] [ERROR] TX_FAILED
[2026-09-02T18:35:47.072+00:00][B] [INFO] [RF TX] type=3 source=0x02 destination=0x01 previousHop=0x02 sequence=61 ackSequence=108 ttl=8 hops=0 payloadSize=2 rssi=0 snr=
[2026-09-02T18:35:47.081+00:00][A] [INFO] [RF TX] type=1 source=0x01 destination=0x02 previousHop=0x01 sequence=110 ackSequence=0 ttl=8 hops=0 payloadSize=4 rssi=0 snr=0
[2026-09-02T18:35:47.082+00:00][A] [INFO] TEST_DATA_QUEUED dst=0x02 seq=126 remaining=38
[2026-09-02T18:35:47.083+00:00][A] [ERROR] TX_FAILED
[2026-09-02T18:35:47.141+00:00][B] [INFO] [RF RX] type=1 source=0x01 destination=0x02 previousHop=0x01 sequence=112 ackSequence=0 ttl=8 hops=0 payloadSize=4 rssi=-62 snr
[2026-09-02T18:35:47.144+00:00][A] [INFO] [RF TX] type=1 source=0x01 destination=0x02 previousHop=0x01 sequence=112 ackSequence=0 ttl=8 hops=0 payloadSize=4 rssi=0 snr=0
[2026-09-02T18:35:47.145+00:00][A] [INFO] TEST_DATA_QUEUED dst=0x02 seq=128 remaining=37
[2026-09-02T18:35:47.146+00:00][A] [ERROR] TX_FAILED
[2026-09-02T18:35:47.199+00:00][B] [INFO] [RF TX] type=3 source=0x02 destination=0x01 previousHop=0x02 sequence=62 ackSequence=112 ttl=8 hops=0 payloadSize=2 rssi=0 snr=
[2026-09-02T18:35:47.207+00:00][A] [INFO] [RF TX] type=1 source=0x01 destination=0x02 previousHop=0x01 sequence=114 ackSequence=0 ttl=8 hops=0 payloadSize=4 rssi=0 snr=0
[2026-09-02T18:35:47.208+00:00][A] [INFO] TEST_DATA_QUEUED dst=0x02 seq=130 remaining=36
[2026-09-02T18:35:47.267+00:00][B] [INFO] [RF RX] type=1 source=0x01 destination=0x02 previousHop=0x01 sequence=116 ackSequence=0 ttl=8 hops=0 payloadSize=4 rssi=-62 snr
[2026-09-02T18:35:47.270+00:00][A] [INFO] [RF TX] type=1 source=0x01 destination=0x02 previousHop=0x01 sequence=116 ackSequence=0 ttl=8 hops=0 payloadSize=4 rssi=0 snr=0
[2026-09-02T18:35:47.271+00:00][A] [INFO] TEST_DATA_QUEUED dst=0x02 seq=132 remaining=35
[2026-09-02T18:35:47.325+00:00][B] [INFO] [RF TX] type=3 source=0x02 destination=0x01 previousHop=0x02 sequence=63 ackSequence=116 ttl=8 hops=0 payloadSize=2 rssi=0 snr=
[2026-09-02T18:35:47.334+00:00][A] [INFO] [RF TX] type=1 source=0x01 destination=0x02 previousHop=0x01 sequence=118 ackSequence=0 ttl=8 hops=0 payloadSize=4 rssi=0 snr=0
[2026-09-02T18:35:47.334+00:00][A] [INFO] TEST_DATA_QUEUED dst=0x02 seq=134 remaining=34
[2026-09-02T18:35:47.394+00:00][B] [INFO] [RF RX] type=1 source=0x01 destination=0x02 previousHop=0x01 sequence=120 ackSequence=0 ttl=8 hops=0 payloadSize=4 rssi=-61 snr
[2026-09-02T18:35:47.397+00:00][A] [INFO] [RF TX] type=1 source=0x01 destination=0x02 previousHop=0x01 sequence=120 ackSequence=0 ttl=8 hops=0 payloadSize=4 rssi=0 snr=0
[2026-09-02T18:35:47.397+00:00][A] [INFO] TEST_DATA_QUEUED dst=0x02 seq=136 remaining=33
[2026-09-02T18:35:47.451+00:00][B] [INFO] [RF TX] type=3 source=0x02 destination=0x01 previousHop=0x02 sequence=64 ackSequence=120 ttl=8 hops=0 payloadSize=2 rssi=0 snr=
[2026-09-02T18:35:47.460+00:00][A] [INFO] [RF TX] type=1 source=0x01 destination=0x02 previousHop=0x01 sequence=122 ackSequence=0 ttl=8 hops=0 payloadSize=4 rssi=0 snr=0
[2026-09-02T18:35:47.461+00:00][A] [INFO] TEST_DATA_QUEUED dst=0x02 seq=138 remaining=32
[2026-09-02T18:35:47.519+00:00][B] [INFO] --------------------------------
[2026-09-02T18:35:47.520+00:00][B] [INFO] [HEARTBEAT TX]
[2026-09-02T18:35:47.523+00:00][A] [INFO] [RF TX] type=1 source=0x01 destination=0x02 previousHop=0x01 sequence=124 ackSequence=0 ttl=8 hops=0 payloadSize=4 rssi=0 snr=0
[2026-09-02T18:35:47.523+00:00][A] [INFO] TEST_DATA_QUEUED dst=0x02 seq=140 remaining=31
[2026-09-02T18:35:47.525+00:00][B] [INFO] Node ID: 2
[2026-09-02T18:35:47.525+00:00][B] [INFO] type: 2
[2026-09-02T18:35:47.525+00:00][B] [INFO] Destination: 0xFF
[2026-09-02T18:35:47.530+00:00][B] [INFO] Sequence: 65
[2026-09-02T18:35:47.530+00:00][B] [INFO] Packet ID: 35
[2026-09-02T18:35:47.531+00:00][B] [INFO] Packet Size: 26
[2026-09-02T18:35:47.536+00:00][B] [INFO] Timestamp: 35 ms
[2026-09-02T18:35:47.536+00:00][B] [INFO] Transmission Result: success
[2026-09-02T18:35:47.542+00:00][B] [INFO] --------------------------------
[2026-09-02T18:35:47.542+00:00][B] [INFO] [Heartbeat #35]
[2026-09-02T18:35:47.547+00:00][B] [INFO] Sent
[2026-09-02T18:35:47.547+00:00][B] [INFO] Waiting ACK...
[2026-09-02T18:35:47.547+00:00][B] [INFO] [WAITING ACK]
[2026-09-02T18:35:47.561+00:00][B] [INFO] [RF TX] type=2 source=0x02 destination=0xFF previousHop=0x02 sequence=65 ackSequence=0 ttl=8 hops=0 payloadSize=13 rssi=0 snr=0
[2026-09-02T18:35:47.561+00:00][B] [INFO] Heartbeat packet sent
[2026-09-02T18:35:47.586+00:00][A] [INFO] [RF TX] type=1 source=0x01 destination=0x02 previousHop=0x01 sequence=126 ackSequence=0 ttl=8 hops=0 payloadSize=4 rssi=0 snr=0
[2026-09-02T18:35:47.586+00:00][A] [INFO] TEST_DATA_QUEUED dst=0x02 seq=142 remaining=30
[2026-09-02T18:35:47.648+00:00][B] [INFO] [RF RX] type=1 source=0x01 destination=0x02 previousHop=0x01 sequence=128 ackSequence=0 ttl=8 hops=0 payloadSize=4 rssi=-62 snr
[2026-09-02T18:35:47.649+00:00][A] [INFO] [RF TX] type=1 source=0x01 destination=0x02 previousHop=0x01 sequence=128 ackSequence=0 ttl=8 hops=0 payloadSize=4 rssi=0 snr=0
[2026-09-02T18:35:47.649+00:00][A] [INFO] TEST_DATA_QUEUED dst=0x02 seq=144 remaining=29
[2026-09-02T18:35:47.650+00:00][A] [ERROR] TX_FAILED
[2026-09-02T18:35:47.703+00:00][B] [INFO] [RF TX] type=3 source=0x02 destination=0x01 previousHop=0x02 sequence=66 ackSequence=128 ttl=8 hops=0 payloadSize=2 rssi=0 snr=
[2026-09-02T18:35:47.712+00:00][A] [INFO] [RF TX] type=1 source=0x01 destination=0x02 previousHop=0x01 sequence=130 ackSequence=0 ttl=8 hops=0 payloadSize=4 rssi=0 snr=0
[2026-09-02T18:35:47.712+00:00][A] [INFO] TEST_DATA_QUEUED dst=0x02 seq=146 remaining=28
[2026-09-02T18:35:47.713+00:00][A] [WARN] Retry 3
[2026-09-02T18:35:47.772+00:00][B] [INFO] [RF RX] type=1 source=0x01 destination=0x02 previousHop=0x01 sequence=132 ackSequence=0 ttl=8 hops=0 payloadSize=4 rssi=-62 snr
[2026-09-02T18:35:47.775+00:00][A] [INFO] [RF TX] type=1 source=0x01 destination=0x02 previousHop=0x01 sequence=132 ackSequence=0 ttl=8 hops=0 payloadSize=4 rssi=0 snr=0
[2026-09-02T18:35:47.775+00:00][A] [INFO] TEST_DATA_QUEUED dst=0x02 seq=148 remaining=27
[2026-09-02T18:35:47.777+00:00][A] [ERROR] TX_FAILED
[2026-09-02T18:35:47.830+00:00][B] [INFO] [RF TX] type=3 source=0x02 destination=0x01 previousHop=0x02 sequence=67 ackSequence=132 ttl=8 hops=0 payloadSize=2 rssi=0 snr=
[2026-09-02T18:35:47.838+00:00][A] [INFO] [RF TX] type=1 source=0x01 destination=0x02 previousHop=0x01 sequence=134 ackSequence=0 ttl=8 hops=0 payloadSize=4 rssi=0 snr=0
[2026-09-02T18:35:47.839+00:00][A] [INFO] TEST_DATA_QUEUED dst=0x02 seq=150 remaining=26
[2026-09-02T18:35:47.898+00:00][B] [INFO] [RF RX] type=1 source=0x01 destination=0x02 previousHop=0x01 sequence=136 ackSequence=0 ttl=8 hops=0 payloadSize=4 rssi=-61 snr
[2026-09-02T18:35:47.901+00:00][A] [INFO] [RF TX] type=1 source=0x01 destination=0x02 previousHop=0x01 sequence=136 ackSequence=0 ttl=8 hops=0 payloadSize=4 rssi=0 snr=0
[2026-09-02T18:35:47.901+00:00][A] [INFO] TEST_DATA_QUEUED dst=0x02 seq=152 remaining=25
[2026-09-02T18:35:47.903+00:00][A] [ERROR] TX_FAILED
[2026-09-02T18:35:47.956+00:00][B] [INFO] [RF TX] type=3 source=0x02 destination=0x01 previousHop=0x02 sequence=68 ackSequence=136 ttl=8 hops=0 payloadSize=2 rssi=0 snr=
[2026-09-02T18:35:47.966+00:00][A] [INFO] [RF TX] type=1 source=0x01 destination=0x02 previousHop=0x01 sequence=138 ackSequence=0 ttl=8 hops=0 payloadSize=4 rssi=0 snr=0
[2026-09-02T18:35:47.968+00:00][A] [INFO] TEST_DATA_QUEUED dst=0x02 seq=154 remaining=24
[2026-09-02T18:35:47.968+00:00][A] [ERROR] TX_FAILED
[2026-09-02T18:35:48.024+00:00][B] [INFO] [RF RX] type=1 source=0x01 destination=0x02 previousHop=0x01 sequence=140 ackSequence=0 ttl=8 hops=0 payloadSize=4 rssi=-61 snr
[2026-09-02T18:35:48.028+00:00][A] [INFO] [RF TX] type=1 source=0x01 destination=0x02 previousHop=0x01 sequence=140 ackSequence=0 ttl=8 hops=0 payloadSize=4 rssi=0 snr=0
[2026-09-02T18:35:48.028+00:00][A] [INFO] TEST_DATA_QUEUED dst=0x02 seq=156 remaining=23
[2026-09-02T18:35:48.029+00:00][A] [ERROR] TX_FAILED
[2026-09-02T18:35:48.082+00:00][B] [INFO] [RF TX] type=3 source=0x02 destination=0x01 previousHop=0x02 sequence=69 ackSequence=140 ttl=8 hops=0 payloadSize=2 rssi=0 snr=
[2026-09-02T18:35:48.091+00:00][A] [INFO] [RF TX] type=1 source=0x01 destination=0x02 previousHop=0x01 sequence=142 ackSequence=0 ttl=8 hops=0 payloadSize=4 rssi=0 snr=0
[2026-09-02T18:35:48.091+00:00][A] [INFO] TEST_DATA_QUEUED dst=0x02 seq=158 remaining=22
[2026-09-02T18:35:48.092+00:00][A] [ERROR] TX_FAILED
[2026-09-02T18:35:48.151+00:00][B] [INFO] [RF RX] type=1 source=0x01 destination=0x02 previousHop=0x01 sequence=144 ackSequence=0 ttl=8 hops=0 payloadSize=4 rssi=-61 snr
[2026-09-02T18:35:48.154+00:00][A] [INFO] [RF TX] type=1 source=0x01 destination=0x02 previousHop=0x01 sequence=144 ackSequence=0 ttl=8 hops=0 payloadSize=4 rssi=0 snr=0
[2026-09-02T18:35:48.154+00:00][A] [INFO] TEST_DATA_QUEUED dst=0x02 seq=160 remaining=21
[2026-09-02T18:35:48.156+00:00][A] [ERROR] TX_FAILED
[2026-09-02T18:35:48.208+00:00][B] [INFO] [RF TX] type=3 source=0x02 destination=0x01 previousHop=0x02 sequence=70 ackSequence=144 ttl=8 hops=0 payloadSize=2 rssi=0 snr=
[2026-09-02T18:35:48.217+00:00][A] [INFO] [RF TX] type=1 source=0x01 destination=0x02 previousHop=0x01 sequence=146 ackSequence=0 ttl=8 hops=0 payloadSize=4 rssi=0 snr=0
[2026-09-02T18:35:48.218+00:00][A] [INFO] TEST_DATA_QUEUED dst=0x02 seq=162 remaining=20
[2026-09-02T18:35:48.219+00:00][A] [ERROR] TX_FAILED
[2026-09-02T18:35:48.277+00:00][B] [INFO] [RF RX] type=1 source=0x01 destination=0x02 previousHop=0x01 sequence=148 ackSequence=0 ttl=8 hops=0 payloadSize=4 rssi=-61 snr
[2026-09-02T18:35:48.280+00:00][A] [INFO] [RF TX] type=1 source=0x01 destination=0x02 previousHop=0x01 sequence=148 ackSequence=0 ttl=8 hops=0 payloadSize=4 rssi=0 snr=0
[2026-09-02T18:35:48.281+00:00][A] [INFO] TEST_DATA_QUEUED dst=0x02 seq=164 remaining=19
[2026-09-02T18:35:48.335+00:00][B] [INFO] [RF TX] type=3 source=0x02 destination=0x01 previousHop=0x02 sequence=71 ackSequence=148 ttl=8 hops=0 payloadSize=2 rssi=0 snr=
[2026-09-02T18:35:48.343+00:00][A] [INFO] [RF TX] type=1 source=0x01 destination=0x02 previousHop=0x01 sequence=150 ackSequence=0 ttl=8 hops=0 payloadSize=4 rssi=0 snr=0
[2026-09-02T18:35:48.344+00:00][A] [INFO] TEST_DATA_QUEUED dst=0x02 seq=166 remaining=18
[2026-09-02T18:35:48.403+00:00][B] [INFO] [RF RX] type=1 source=0x01 destination=0x02 previousHop=0x01 sequence=152 ackSequence=0 ttl=8 hops=0 payloadSize=4 rssi=-61 snr
[2026-09-02T18:35:48.406+00:00][A] [INFO] [RF TX] type=1 source=0x01 destination=0x02 previousHop=0x01 sequence=152 ackSequence=0 ttl=8 hops=0 payloadSize=4 rssi=0 snr=0
[2026-09-02T18:35:48.407+00:00][A] [INFO] TEST_DATA_QUEUED dst=0x02 seq=168 remaining=17
[2026-09-02T18:35:48.462+00:00][B] [INFO] [RF TX] type=3 source=0x02 destination=0x01 previousHop=0x02 sequence=72 ackSequence=152 ttl=8 hops=0 payloadSize=2 rssi=0 snr=
[2026-09-02T18:35:48.469+00:00][A] [INFO] [RF TX] type=1 source=0x01 destination=0x02 previousHop=0x01 sequence=154 ackSequence=0 ttl=8 hops=0 payloadSize=4 rssi=0 snr=0
[2026-09-02T18:35:48.470+00:00][A] [INFO] TEST_DATA_QUEUED dst=0x02 seq=170 remaining=16
[2026-09-02T18:35:48.530+00:00][B] [INFO] [RF RX] type=1 source=0x01 destination=0x02 previousHop=0x01 sequence=156 ackSequence=0 ttl=8 hops=0 payloadSize=4 rssi=-60 snr
[2026-09-02T18:35:48.533+00:00][A] [INFO] [RF TX] type=1 source=0x01 destination=0x02 previousHop=0x01 sequence=156 ackSequence=0 ttl=8 hops=0 payloadSize=4 rssi=0 snr=0
[2026-09-02T18:35:48.534+00:00][A] [INFO] TEST_DATA_QUEUED dst=0x02 seq=172 remaining=15
[2026-09-02T18:35:48.588+00:00][B] [INFO] [RF TX] type=3 source=0x02 destination=0x01 previousHop=0x02 sequence=73 ackSequence=156 ttl=8 hops=0 payloadSize=2 rssi=0 snr=
[2026-09-02T18:35:48.589+00:00][B] [WARN] Retry 1
[2026-09-02T18:35:48.596+00:00][A] [INFO] [RF TX] type=1 source=0x01 destination=0x02 previousHop=0x01 sequence=158 ackSequence=0 ttl=8 hops=0 payloadSize=4 rssi=0 snr=0
[2026-09-02T18:35:48.597+00:00][A] [INFO] TEST_DATA_QUEUED dst=0x02 seq=174 remaining=14
[2026-09-02T18:35:48.654+00:00][B] [INFO] --------------------------------
[2026-09-02T18:35:48.654+00:00][B] [INFO] [HEARTBEAT TX]
[2026-09-02T18:35:48.659+00:00][A] [INFO] [RF TX] type=1 source=0x01 destination=0x02 previousHop=0x01 sequence=160 ackSequence=0 ttl=8 hops=0 payloadSize=4 rssi=0 snr=0
[2026-09-02T18:35:48.659+00:00][A] [INFO] TEST_DATA_QUEUED dst=0x02 seq=176 remaining=13
[2026-09-02T18:35:48.660+00:00][B] [INFO] Node ID: 2
[2026-09-02T18:35:48.660+00:00][B] [INFO] type: 2
[2026-09-02T18:35:48.660+00:00][B] [INFO] Destination: 0xFF
[2026-09-02T18:35:48.665+00:00][B] [INFO] Sequence: 65
[2026-09-02T18:35:48.666+00:00][B] [INFO] Packet ID: 35
[2026-09-02T18:35:48.666+00:00][B] [INFO] Packet Size: 26
[2026-09-02T18:35:48.671+00:00][B] [INFO] Timestamp: 35 ms
[2026-09-02T18:35:48.671+00:00][B] [INFO] Transmission Result: success
[2026-09-02T18:35:48.676+00:00][B] [INFO] --------------------------------
[2026-09-02T18:35:48.676+00:00][B] [INFO] [Heartbeat #35]
[2026-09-02T18:35:48.682+00:00][B] [INFO] Sent
[2026-09-02T18:35:48.682+00:00][B] [INFO] Waiting ACK...
[2026-09-02T18:35:48.682+00:00][B] [INFO] [WAITING ACK]
[2026-09-02T18:35:48.696+00:00][B] [INFO] [RF TX] type=2 source=0x02 destination=0xFF previousHop=0x02 sequence=65 ackSequence=0 ttl=8 hops=0 payloadSize=13 rssi=0 snr=0
[2026-09-02T18:35:48.696+00:00][B] [INFO] Heartbeat packet sent
[2026-09-02T18:35:48.722+00:00][A] [INFO] [RF TX] type=1 source=0x01 destination=0x02 previousHop=0x01 sequence=162 ackSequence=0 ttl=8 hops=0 payloadSize=4 rssi=0 snr=0
[2026-09-02T18:35:48.722+00:00][A] [INFO] TEST_DATA_QUEUED dst=0x02 seq=178 remaining=12
[2026-09-02T18:35:48.727+00:00][A] [ERROR] TX_FAILED
[2026-09-02T18:35:48.727+00:00][A] [ERROR] FAILED (No ACK after 3 retries)
[2026-09-02T18:35:48.733+00:00][A] [INFO] Stats: Sent=103 | ACK=0 | Retries=55 | Timeouts=1 | Success=0.0%
[2026-09-02T18:35:48.792+00:00][B] [INFO] [RF RX] type=1 source=0x01 destination=0x02 previousHop=0x01 sequence=164 ackSequence=0 ttl=8 hops=0 payloadSize=4 rssi=-61 snr
[2026-09-02T18:35:48.795+00:00][A] [INFO] [RF TX] type=1 source=0x01 destination=0x02 previousHop=0x01 sequence=164 ackSequence=0 ttl=8 hops=0 payloadSize=4 rssi=0 snr=0
[2026-09-02T18:35:48.802+00:00][A] [INFO] TEST_DATA_QUEUED dst=0x02 seq=180 remaining=11
[2026-09-02T18:35:48.850+00:00][B] [INFO] [RF TX] type=3 source=0x02 destination=0x01 previousHop=0x02 sequence=74 ackSequence=164 ttl=8 hops=0 payloadSize=2 rssi=0 snr=
[2026-09-02T18:35:48.858+00:00][A] [INFO] [RF TX] type=1 source=0x01 destination=0x02 previousHop=0x01 sequence=166 ackSequence=0 ttl=8 hops=0 payloadSize=4 rssi=0 snr=0
[2026-09-02T18:35:48.859+00:00][A] [INFO] TEST_DATA_QUEUED dst=0x02 seq=182 remaining=10
[2026-09-02T18:35:48.860+00:00][A] [ERROR] TX_FAILED
[2026-09-02T18:35:48.918+00:00][B] [INFO] [RF RX] type=1 source=0x01 destination=0x02 previousHop=0x01 sequence=168 ackSequence=0 ttl=8 hops=0 payloadSize=4 rssi=-61 snr
[2026-09-02T18:35:48.921+00:00][A] [INFO] [RF TX] type=1 source=0x01 destination=0x02 previousHop=0x01 sequence=168 ackSequence=0 ttl=8 hops=0 payloadSize=4 rssi=0 snr=0
[2026-09-02T18:35:48.922+00:00][A] [INFO] TEST_DATA_QUEUED dst=0x02 seq=184 remaining=9
[2026-09-02T18:35:48.976+00:00][B] [INFO] [RF TX] type=3 source=0x02 destination=0x01 previousHop=0x02 sequence=75 ackSequence=168 ttl=8 hops=0 payloadSize=2 rssi=0 snr=
[2026-09-02T18:35:48.985+00:00][A] [INFO] [RF TX] type=1 source=0x01 destination=0x02 previousHop=0x01 sequence=170 ackSequence=0 ttl=8 hops=0 payloadSize=4 rssi=0 snr=0
[2026-09-02T18:35:48.986+00:00][A] [INFO] TEST_DATA_QUEUED dst=0x02 seq=186 remaining=8
[2026-09-02T18:35:48.986+00:00][A] [ERROR] TX_FAILED
[2026-09-02T18:35:49.045+00:00][B] [INFO] [RF RX] type=1 source=0x01 destination=0x02 previousHop=0x01 sequence=172 ackSequence=0 ttl=8 hops=0 payloadSize=4 rssi=-61 snr
[2026-09-02T18:35:49.048+00:00][A] [INFO] [RF TX] type=1 source=0x01 destination=0x02 previousHop=0x01 sequence=172 ackSequence=0 ttl=8 hops=0 payloadSize=4 rssi=0 snr=0
[2026-09-02T18:35:49.048+00:00][A] [INFO] TEST_DATA_QUEUED dst=0x02 seq=188 remaining=7
[2026-09-02T18:35:49.051+00:00][A] [ERROR] TX_FAILED
[2026-09-02T18:35:49.103+00:00][B] [INFO] [RF TX] type=3 source=0x02 destination=0x01 previousHop=0x02 sequence=76 ackSequence=172 ttl=8 hops=0 payloadSize=2 rssi=0 snr=
[2026-09-02T18:35:49.111+00:00][A] [INFO] [RF TX] type=1 source=0x01 destination=0x02 previousHop=0x01 sequence=174 ackSequence=0 ttl=8 hops=0 payloadSize=4 rssi=0 snr=0
[2026-09-02T18:35:49.111+00:00][A] [INFO] TEST_DATA_QUEUED dst=0x02 seq=190 remaining=6
[2026-09-02T18:35:49.112+00:00][A] [ERROR] TX_FAILED
[2026-09-02T18:35:49.171+00:00][B] [INFO] [RF RX] type=1 source=0x01 destination=0x02 previousHop=0x01 sequence=176 ackSequence=0 ttl=8 hops=0 payloadSize=4 rssi=-60 snr
[2026-09-02T18:35:49.174+00:00][A] [INFO] [RF TX] type=1 source=0x01 destination=0x02 previousHop=0x01 sequence=176 ackSequence=0 ttl=8 hops=0 payloadSize=4 rssi=0 snr=0
[2026-09-02T18:35:49.175+00:00][A] [INFO] TEST_DATA_QUEUED dst=0x02 seq=192 remaining=5
[2026-09-02T18:35:49.176+00:00][A] [ERROR] TX_FAILED
[2026-09-02T18:35:49.231+00:00][B] [INFO] [RF TX] type=3 source=0x02 destination=0x01 previousHop=0x02 sequence=77 ackSequence=176 ttl=8 hops=0 payloadSize=2 rssi=0 snr=
[2026-09-02T18:35:49.243+00:00][A] [INFO] [RF TX] type=1 source=0x01 destination=0x02 previousHop=0x01 sequence=178 ackSequence=0 ttl=8 hops=0 payloadSize=4 rssi=0 snr=0
[2026-09-02T18:35:49.243+00:00][A] [INFO] TEST_DATA_QUEUED dst=0x02 seq=194 remaining=4
[2026-09-02T18:35:49.244+00:00][A] [ERROR] TX_FAILED
[2026-09-02T18:35:49.297+00:00][B] [INFO] [RF RX] type=1 source=0x01 destination=0x02 previousHop=0x01 sequence=180 ackSequence=0 ttl=8 hops=0 payloadSize=4 rssi=-60 snr
[2026-09-02T18:35:49.300+00:00][A] [INFO] [RF TX] type=1 source=0x01 destination=0x02 previousHop=0x01 sequence=180 ackSequence=0 ttl=8 hops=0 payloadSize=4 rssi=0 snr=0
[2026-09-02T18:35:49.300+00:00][A] [INFO] TEST_DATA_QUEUED dst=0x02 seq=196 remaining=3
[2026-09-02T18:35:49.302+00:00][A] [ERROR] TX_FAILED
[2026-09-02T18:35:49.355+00:00][B] [INFO] [RF TX] type=3 source=0x02 destination=0x01 previousHop=0x02 sequence=78 ackSequence=180 ttl=8 hops=0 payloadSize=2 rssi=0 snr=
[2026-09-02T18:35:49.363+00:00][A] [INFO] [RF TX] type=1 source=0x01 destination=0x02 previousHop=0x01 sequence=182 ackSequence=0 ttl=8 hops=0 payloadSize=4 rssi=0 snr=0
[2026-09-02T18:35:49.364+00:00][A] [INFO] TEST_DATA_QUEUED dst=0x02 seq=198 remaining=2
[2026-09-02T18:35:49.423+00:00][B] [INFO] [RF RX] type=1 source=0x01 destination=0x02 previousHop=0x01 sequence=184 ackSequence=0 ttl=8 hops=0 payloadSize=4 rssi=-61 snr
[2026-09-02T18:35:49.426+00:00][A] [INFO] [RF TX] type=1 source=0x01 destination=0x02 previousHop=0x01 sequence=184 ackSequence=0 ttl=8 hops=0 payloadSize=4 rssi=0 snr=0
[2026-09-02T18:35:49.427+00:00][A] [INFO] TEST_DATA_QUEUED dst=0x02 seq=200 remaining=1
[2026-09-02T18:35:49.481+00:00][B] [INFO] [RF TX] type=3 source=0x02 destination=0x01 previousHop=0x02 sequence=79 ackSequence=184 ttl=8 hops=0 payloadSize=2 rssi=0 snr=
[2026-09-02T18:35:49.489+00:00][A] [INFO] [RF TX] type=1 source=0x01 destination=0x02 previousHop=0x01 sequence=186 ackSequence=0 ttl=8 hops=0 payloadSize=4 rssi=0 snr=0
[2026-09-02T18:35:49.490+00:00][A] [INFO] TEST_DATA_QUEUED dst=0x02 seq=202 remaining=0
[2026-09-02T18:35:49.548+00:00][A] [INFO] [RF TX] type=1 source=0x01 destination=0x02 previousHop=0x01 sequence=188 ackSequence=0 ttl=8 hops=0 payloadSize=4 rssi=0 snr=0
[2026-09-02T18:35:49.548+00:00][B] [INFO] --------------------------------
[2026-09-02T18:35:49.548+00:00][B] [INFO] [HEARTBEAT TX]
[2026-09-02T18:35:49.554+00:00][B] [INFO] Node ID: 2
[2026-09-02T18:35:49.554+00:00][B] [INFO] type: 2
[2026-09-02T18:35:49.554+00:00][B] [INFO] Destination: 0xFF
[2026-09-02T18:35:49.559+00:00][B] [INFO] Sequence: 80
[2026-09-02T18:35:49.559+00:00][B] [INFO] Packet ID: 36
[2026-09-02T18:35:49.559+00:00][B] [INFO] Packet Size: 26
[2026-09-02T18:35:49.565+00:00][B] [INFO] Timestamp: 36 ms
[2026-09-02T18:35:49.565+00:00][B] [INFO] Transmission Result: success
[2026-09-02T18:35:49.570+00:00][B] [INFO] --------------------------------
[2026-09-02T18:35:49.570+00:00][B] [INFO] [Heartbeat #36]
[2026-09-02T18:35:49.576+00:00][B] [INFO] Sent
[2026-09-02T18:35:49.576+00:00][B] [INFO] Waiting ACK...
[2026-09-02T18:35:49.576+00:00][B] [INFO] [WAITING ACK]
[2026-09-02T18:35:49.590+00:00][B] [INFO] [RF TX] type=2 source=0x02 destination=0xFF previousHop=0x02 sequence=80 ackSequence=0 ttl=8 hops=0 payloadSize=13 rssi=0 snr=0
[2026-09-02T18:35:49.590+00:00][B] [INFO] Heartbeat packet sent
[2026-09-02T18:35:49.611+00:00][A] [INFO] [RF TX] type=1 source=0x01 destination=0x02 previousHop=0x01 sequence=190 ackSequence=0 ttl=8 hops=0 payloadSize=4 rssi=0 snr=0
[2026-09-02T18:35:49.674+00:00][A] [INFO] [RF TX] type=1 source=0x01 destination=0x02 previousHop=0x01 sequence=192 ackSequence=0 ttl=8 hops=0 payloadSize=4 rssi=0 snr=0
[2026-09-02T18:35:49.675+00:00][B] [INFO] [RF RX] type=1 source=0x01 destination=0x02 previousHop=0x01 sequence=192 ackSequence=0 ttl=8 hops=0 payloadSize=4 rssi=-62 snr
[2026-09-02T18:35:49.733+00:00][B] [INFO] [RF TX] type=3 source=0x02 destination=0x01 previousHop=0x02 sequence=81 ackSequence=192 ttl=8 hops=0 payloadSize=2 rssi=0 snr=
[2026-09-02T18:35:49.736+00:00][A] [INFO] [RF TX] type=1 source=0x01 destination=0x02 previousHop=0x01 sequence=194 ackSequence=0 ttl=8 hops=0 payloadSize=4 rssi=0 snr=0
[2026-09-02T18:35:49.801+00:00][B] [INFO] [RF RX] type=1 source=0x01 destination=0x02 previousHop=0x01 sequence=196 ackSequence=0 ttl=8 hops=0 payloadSize=4 rssi=-60 snr
[2026-09-02T18:35:49.801+00:00][A] [INFO] [RF TX] type=1 source=0x01 destination=0x02 previousHop=0x01 sequence=196 ackSequence=0 ttl=8 hops=0 payloadSize=4 rssi=0 snr=0
[2026-09-02T18:35:49.801+00:00][A] [WARN] TX_RETRY seq=164
[2026-09-02T18:35:49.859+00:00][B] [INFO] [RF TX] type=3 source=0x02 destination=0x01 previousHop=0x02 sequence=82 ackSequence=196 ttl=8 hops=0 payloadSize=2 rssi=0 snr=
[2026-09-02T18:35:49.862+00:00][A] [INFO] [RF TX] type=1 source=0x01 destination=0x02 previousHop=0x01 sequence=198 ackSequence=0 ttl=8 hops=0 payloadSize=4 rssi=0 snr=0
[2026-09-02T18:35:49.927+00:00][B] [INFO] [RF RX] type=1 source=0x01 destination=0x02 previousHop=0x01 sequence=200 ackSequence=0 ttl=8 hops=0 payloadSize=4 rssi=-62 snr
[2026-09-02T18:35:49.927+00:00][A] [INFO] [RF TX] type=1 source=0x01 destination=0x02 previousHop=0x01 sequence=200 ackSequence=0 ttl=8 hops=0 payloadSize=4 rssi=0 snr=0
[2026-09-02T18:35:49.927+00:00][A] [WARN] TX_RETRY seq=168
[2026-09-02T18:35:49.984+00:00][B] [INFO] [RF TX] type=3 source=0x02 destination=0x01 previousHop=0x02 sequence=83 ackSequence=200 ttl=8 hops=0 payloadSize=2 rssi=0 snr=
[2026-09-02T18:35:49.988+00:00][A] [INFO] [RF TX] type=1 source=0x01 destination=0x02 previousHop=0x01 sequence=202 ackSequence=0 ttl=8 hops=0 payloadSize=4 rssi=0 snr=0
[2026-09-02T18:35:50.055+00:00][A] [INFO] --------------------------------
[2026-09-02T18:35:50.055+00:00][A] [INFO] [HEARTBEAT TX]
[2026-09-02T18:35:50.060+00:00][A] [INFO] Node ID: 1
[2026-09-02T18:35:50.060+00:00][A] [INFO] type: 2
[2026-09-02T18:35:50.060+00:00][A] [INFO] Destination: 0xFF
[2026-09-02T18:35:50.063+00:00][B] [INFO] [RF RX] type=2 source=0x01 destination=0xFF previousHop=0x01 sequence=204 ackSequence=0 ttl=8 hops=0 payloadSize=13 rssi=-61 sn
[2026-09-02T18:35:50.066+00:00][A] [INFO] Sequence: 204
[2026-09-02T18:35:50.066+00:00][A] [INFO] Packet ID: 103
[2026-09-02T18:35:50.071+00:00][A] [INFO] Packet Size: 26
[2026-09-02T18:35:50.071+00:00][A] [INFO] Timestamp: 103 ms
[2026-09-02T18:35:50.077+00:00][A] [INFO] Transmission Result: success
[2026-09-02T18:35:50.077+00:00][A] [INFO] --------------------------------
[2026-09-02T18:35:50.082+00:00][A] [INFO] [Heartbeat #103]
[2026-09-02T18:35:50.082+00:00][A] [INFO] Sent
[2026-09-02T18:35:50.082+00:00][A] [INFO] Waiting ACK...
[2026-09-02T18:35:50.082+00:00][A] [INFO] [WAITING ACK]
[2026-09-02T18:35:50.099+00:00][A] [INFO] [RF TX] type=2 source=0x01 destination=0xFF previousHop=0x01 sequence=204 ackSequence=0 ttl=8 hops=0 payloadSize=13 rssi=0 snr=
[2026-09-02T18:35:50.099+00:00][A] [INFO] Heartbeat packet sent
[2026-09-02T18:35:50.099+00:00][A] [WARN] TX_RETRY seq=172
[2026-09-02T18:35:50.158+00:00][A] [INFO] [RF TX] type=1 source=0x01 destination=0x02 previousHop=0x01 sequence=164 ackSequence=0 ttl=8 hops=0 payloadSize=4 rssi=0 snr=0
[2026-09-02T18:35:50.158+00:00][A] [WARN] TX_RETRY seq=174
[2026-09-02T18:35:50.204+00:00][B] [INFO] [RF TX] type=3 source=0x02 destination=0x01 previousHop=0x02 sequence=84 ackSequence=164 ttl=8 hops=0 payloadSize=2 rssi=0 snr=
[2026-09-02T18:35:50.221+00:00][A] [INFO] [RF TX] type=1 source=0x01 destination=0x02 previousHop=0x01 sequence=168 ackSequence=0 ttl=8 hops=0 payloadSize=4 rssi=0 snr=0
[2026-09-02T18:35:50.221+00:00][A] [WARN] TX_RETRY seq=176
[2026-09-02T18:35:50.284+00:00][A] [INFO] [RF TX] type=1 source=0x01 destination=0x02 previousHop=0x01 sequence=172 ackSequence=0 ttl=8 hops=0 payloadSize=4 rssi=0 snr=0
[2026-09-02T18:35:50.284+00:00][A] [WARN] TX_RETRY seq=178
[2026-09-02T18:35:50.330+00:00][B] [INFO] [RF TX] type=3 source=0x02 destination=0x01 previousHop=0x02 sequence=85 ackSequence=172 ttl=8 hops=0 payloadSize=2 rssi=0 snr=
[2026-09-02T18:35:50.346+00:00][A] [INFO] [RF TX] type=1 source=0x01 destination=0x02 previousHop=0x01 sequence=174 ackSequence=0 ttl=8 hops=0 payloadSize=4 rssi=0 snr=0
[2026-09-02T18:35:50.346+00:00][A] [WARN] TX_RETRY seq=180
[2026-09-02T18:35:50.409+00:00][A] [INFO] [RF TX] type=1 source=0x01 destination=0x02 previousHop=0x01 sequence=176 ackSequence=0 ttl=8 hops=0 payloadSize=4 rssi=0 snr=0
[2026-09-02T18:35:50.409+00:00][A] [WARN] TX_RETRY seq=182
[2026-09-02T18:35:50.455+00:00][B] [INFO] [RF TX] type=3 source=0x02 destination=0x01 previousHop=0x02 sequence=86 ackSequence=176 ttl=8 hops=0 payloadSize=2 rssi=0 snr=
[2026-09-02T18:35:50.470+00:00][A] [INFO] [RF TX] type=1 source=0x01 destination=0x02 previousHop=0x01 sequence=178 ackSequence=0 ttl=8 hops=0 payloadSize=4 rssi=0 snr=0
[2026-09-02T18:35:50.532+00:00][A] [INFO] [RF TX] type=1 source=0x01 destination=0x02 previousHop=0x01 sequence=180 ackSequence=0 ttl=8 hops=0 payloadSize=4 rssi=0 snr=0
[2026-09-02T18:35:50.583+00:00][B] [INFO] [RF TX] type=3 source=0x02 destination=0x01 previousHop=0x02 sequence=87 ackSequence=180 ttl=8 hops=0 payloadSize=2 rssi=0 snr=
[2026-09-02T18:35:50.583+00:00][B] [WARN] Retry 1
[2026-09-02T18:35:50.595+00:00][A] [INFO] [RF TX] type=1 source=0x01 destination=0x02 previousHop=0x01 sequence=182 ackSequence=0 ttl=8 hops=0 payloadSize=4 rssi=0 snr=0
[2026-09-02T18:35:50.648+00:00][B] [INFO] --------------------------------
[2026-09-02T18:35:50.648+00:00][B] [INFO] [HEARTBEAT TX]
[2026-09-02T18:35:50.654+00:00][B] [INFO] Node ID: 2
[2026-09-02T18:35:50.654+00:00][B] [INFO] type: 2
[2026-09-02T18:35:50.654+00:00][B] [INFO] Destination: 0xFF
[2026-09-02T18:35:50.659+00:00][B] [INFO] Sequence: 80
[2026-09-02T18:35:50.659+00:00][B] [INFO] Packet ID: 36
[2026-09-02T18:35:50.659+00:00][B] [INFO] Packet Size: 26
[2026-09-02T18:35:50.665+00:00][B] [INFO] Timestamp: 36 ms
[2026-09-02T18:35:50.665+00:00][B] [INFO] Transmission Result: success
[2026-09-02T18:35:50.670+00:00][B] [INFO] --------------------------------
[2026-09-02T18:35:50.670+00:00][B] [INFO] [Heartbeat #36]
[2026-09-02T18:35:50.676+00:00][B] [INFO] Sent
[2026-09-02T18:35:50.676+00:00][B] [INFO] Waiting ACK...
[2026-09-02T18:35:50.676+00:00][B] [INFO] [WAITING ACK]
[2026-09-02T18:35:50.690+00:00][B] [INFO] [RF TX] type=2 source=0x02 destination=0xFF previousHop=0x02 sequence=80 ackSequence=0 ttl=8 hops=0 payloadSize=13 rssi=0 snr=0
[2026-09-02T18:35:50.690+00:00][B] [INFO] Heartbeat packet sent
[2026-09-02T18:35:51.071+00:00][A] [WARN] Retry 1
[2026-09-02T18:35:51.138+00:00][A] [INFO] --------------------------------
[2026-09-02T18:35:51.138+00:00][A] [INFO] [HEARTBEAT TX]
[2026-09-02T18:35:51.143+00:00][A] [INFO] Node ID: 1
[2026-09-02T18:35:51.144+00:00][A] [INFO] type: 2
[2026-09-02T18:35:51.144+00:00][A] [INFO] Destination: 0xFF
[2026-09-02T18:35:51.146+00:00][B] [INFO] [RF RX] type=2 source=0x01 destination=0xFF previousHop=0x01 sequence=204 ackSequence=0 ttl=8 hops=0 payloadSize=13 rssi=-60 sn
[2026-09-02T18:35:51.149+00:00][A] [INFO] Sequence: 204
[2026-09-02T18:35:51.149+00:00][A] [INFO] Packet ID: 103
[2026-09-02T18:35:51.155+00:00][A] [INFO] Packet Size: 26
[2026-09-02T18:35:51.155+00:00][A] [INFO] Timestamp: 103 ms
[2026-09-02T18:35:51.160+00:00][A] [INFO] Transmission Result: success
[2026-09-02T18:35:51.160+00:00][A] [INFO] --------------------------------
[2026-09-02T18:35:51.166+00:00][A] [INFO] [Heartbeat #103]
[2026-09-02T18:35:51.166+00:00][A] [INFO] Sent
[2026-09-02T18:35:51.166+00:00][A] [INFO] Waiting ACK...
[2026-09-02T18:35:51.166+00:00][A] [INFO] [WAITING ACK]
[2026-09-02T18:35:51.182+00:00][A] [INFO] [RF TX] type=2 source=0x01 destination=0xFF previousHop=0x01 sequence=204 ackSequence=0 ttl=8 hops=0 payloadSize=13 rssi=0 snr=
[2026-09-02T18:35:51.182+00:00][A] [INFO] Heartbeat packet sent
[2026-09-02T18:35:51.182+00:00][A] [WARN] TX_RETRY seq=164
[2026-09-02T18:35:51.241+00:00][A] [INFO] [RF TX] type=1 source=0x01 destination=0x02 previousHop=0x01 sequence=164 ackSequence=0 ttl=8 hops=0 payloadSize=4 rssi=0 snr=0
[2026-09-02T18:35:51.241+00:00][A] [WARN] TX_RETRY seq=168
[2026-09-02T18:35:51.288+00:00][B] [INFO] [RF TX] type=3 source=0x02 destination=0x01 previousHop=0x02 sequence=88 ackSequence=164 ttl=8 hops=0 payloadSize=2 rssi=0 snr=
[2026-09-02T18:35:51.304+00:00][A] [INFO] [RF TX] type=1 source=0x01 destination=0x02 previousHop=0x01 sequence=168 ackSequence=0 ttl=8 hops=0 payloadSize=4 rssi=0 snr=0
[2026-09-02T18:35:51.304+00:00][A] [WARN] TX_RETRY seq=172
[2026-09-02T18:35:51.367+00:00][A] [INFO] [RF TX] type=1 source=0x01 destination=0x02 previousHop=0x01 sequence=172 ackSequence=0 ttl=8 hops=0 payloadSize=4 rssi=0 snr=0
[2026-09-02T18:35:51.367+00:00][A] [WARN] TX_RETRY seq=174
[2026-09-02T18:35:51.414+00:00][B] [INFO] [RF TX] type=3 source=0x02 destination=0x01 previousHop=0x02 sequence=89 ackSequence=172 ttl=8 hops=0 payloadSize=2 rssi=0 snr=
[2026-09-02T18:35:51.430+00:00][A] [INFO] [RF TX] type=1 source=0x01 destination=0x02 previousHop=0x01 sequence=174 ackSequence=0 ttl=8 hops=0 payloadSize=4 rssi=0 snr=0
[2026-09-02T18:35:51.430+00:00][A] [WARN] TX_RETRY seq=176
[2026-09-02T18:35:51.493+00:00][A] [INFO] [RF TX] type=1 source=0x01 destination=0x02 previousHop=0x01 sequence=176 ackSequence=0 ttl=8 hops=0 payloadSize=4 rssi=0 snr=0
[2026-09-02T18:35:51.493+00:00][A] [WARN] TX_RETRY seq=178
[2026-09-02T18:35:51.548+00:00][B] [INFO] --------------------------------
[2026-09-02T18:35:51.548+00:00][B] [INFO] [HEARTBEAT TX]
[2026-09-02T18:35:51.553+00:00][B] [INFO] Node ID: 2
[2026-09-02T18:35:51.553+00:00][B] [INFO] type: 2
[2026-09-02T18:35:51.554+00:00][B] [INFO] Destination: 0xFF
[2026-09-02T18:35:51.556+00:00][A] [INFO] [RF TX] type=1 source=0x01 destination=0x02 previousHop=0x01 sequence=178 ackSequence=0 ttl=8 hops=0 payloadSize=4 rssi=0 snr=0
[2026-09-02T18:35:51.556+00:00][A] [WARN] TX_RETRY seq=180
[2026-09-02T18:35:51.558+00:00][B] [INFO] Sequence: 90
[2026-09-02T18:35:51.558+00:00][B] [INFO] Packet ID: 37
[2026-09-02T18:35:51.559+00:00][B] [INFO] Packet Size: 26
[2026-09-02T18:35:51.564+00:00][B] [INFO] Timestamp: 37 ms
[2026-09-02T18:35:51.564+00:00][B] [INFO] Transmission Result: success
[2026-09-02T18:35:51.569+00:00][B] [INFO] --------------------------------
[2026-09-02T18:35:51.570+00:00][B] [INFO] [Heartbeat #37]
[2026-09-02T18:35:51.575+00:00][B] [INFO] Sent
[2026-09-02T18:35:51.575+00:00][B] [INFO] Waiting ACK...
[2026-09-02T18:35:51.575+00:00][B] [INFO] [WAITING ACK]
[2026-09-02T18:35:51.589+00:00][B] [INFO] [RF TX] type=2 source=0x02 destination=0xFF previousHop=0x02 sequence=90 ackSequence=0 ttl=8 hops=0 payloadSize=13 rssi=0 snr=0
[2026-09-02T18:35:51.589+00:00][B] [INFO] Heartbeat packet sent
[2026-09-02T18:35:51.619+00:00][A] [INFO] [RF TX] type=1 source=0x01 destination=0x02 previousHop=0x01 sequence=180 ackSequence=0 ttl=8 hops=0 payloadSize=4 rssi=0 snr=0
[2026-09-02T18:35:51.619+00:00][A] [WARN] TX_RETRY seq=182
[2026-09-02T18:35:51.683+00:00][A] [INFO] --------------------------------
[2026-09-02T18:35:51.683+00:00][A] [INFO] [HEARTBEAT TX]
[2026-09-02T18:35:51.689+00:00][A] [INFO] Node ID: 1
[2026-09-02T18:35:51.689+00:00][A] [INFO] type: 2
[2026-09-02T18:35:51.689+00:00][A] [INFO] Destination: 0xFF
[2026-09-02T18:35:51.692+00:00][B] [INFO] [RF RX] type=2 source=0x01 destination=0xFF previousHop=0x01 sequence=205 ackSequence=0 ttl=8 hops=0 payloadSize=13 rssi=-61 sn
[2026-09-02T18:35:51.694+00:00][A] [INFO] Sequence: 205
[2026-09-02T18:35:51.694+00:00][A] [INFO] Packet ID: 104
[2026-09-02T18:35:51.700+00:00][A] [INFO] Packet Size: 26
[2026-09-02T18:35:51.700+00:00][A] [INFO] Timestamp: 104 ms
[2026-09-02T18:35:51.705+00:00][A] [INFO] Transmission Result: success
[2026-09-02T18:35:51.706+00:00][A] [INFO] --------------------------------
[2026-09-02T18:35:51.711+00:00][A] [INFO] [Heartbeat #104]
[2026-09-02T18:35:51.711+00:00][A] [INFO] Sent
[2026-09-02T18:35:51.711+00:00][A] [INFO] Waiting ACK...
[2026-09-02T18:35:51.711+00:00][A] [INFO] [WAITING ACK]
[2026-09-02T18:35:51.725+00:00][A] [INFO] [RF TX] type=2 source=0x01 destination=0xFF previousHop=0x01 sequence=205 ackSequence=0 ttl=8 hops=0 payloadSize=13 rssi=0 snr=
[2026-09-02T18:35:51.725+00:00][A] [INFO] Heartbeat packet sent
[2026-09-02T18:35:51.784+00:00][A] [INFO] [RF TX] type=1 source=0x01 destination=0x02 previousHop=0x01 sequence=182 ackSequence=0 ttl=8 hops=0 payloadSize=4 rssi=0 snr=0
[2026-09-02T18:35:51.786+00:00][B] [INFO] [RF RX] type=1 source=0x01 destination=0x02 previousHop=0x01 sequence=182 ackSequence=0 ttl=8 hops=0 payloadSize=4 rssi=-62 snr
[2026-09-02T18:35:51.844+00:00][B] [INFO] [RF TX] type=3 source=0x02 destination=0x01 previousHop=0x02 sequence=91 ackSequence=182 ttl=8 hops=0 payloadSize=2 rssi=0 snr=
[2026-09-02T18:35:51.848+00:00][A] [INFO] [RF RX] type=3 source=0x02 destination=0x01 previousHop=0x02 sequence=91 ackSequence=182 ttl=8 hops=0 payloadSize=2 rssi=-61 sn
[2026-09-02T18:35:51.849+00:00][A] [INFO] ACK_RX seq=182 source=0x02
[2026-09-02T18:35:52.239+00:00][A] [WARN] TX_RETRY seq=164
[2026-09-02T18:35:52.303+00:00][A] [INFO] [RF TX] type=1 source=0x01 destination=0x02 previousHop=0x01 sequence=164 ackSequence=0 ttl=8 hops=0 payloadSize=4 rssi=0 snr=0
[2026-09-02T18:35:52.303+00:00][A] [WARN] TX_RETRY seq=168
[2026-09-02T18:35:52.350+00:00][B] [INFO] [RF TX] type=3 source=0x02 destination=0x01 previousHop=0x02 sequence=92 ackSequence=164 ttl=8 hops=0 payloadSize=2 rssi=0 snr=
[2026-09-02T18:35:52.366+00:00][A] [INFO] [RF TX] type=1 source=0x01 destination=0x02 previousHop=0x01 sequence=168 ackSequence=0 ttl=8 hops=0 payloadSize=4 rssi=0 snr=0
[2026-09-02T18:35:52.366+00:00][A] [WARN] TX_RETRY seq=172
[2026-09-02T18:35:52.429+00:00][A] [INFO] [RF TX] type=1 source=0x01 destination=0x02 previousHop=0x01 sequence=172 ackSequence=0 ttl=8 hops=0 payloadSize=4 rssi=0 snr=0
[2026-09-02T18:35:52.429+00:00][A] [WARN] TX_RETRY seq=174
[2026-09-02T18:35:52.476+00:00][B] [INFO] [RF TX] type=3 source=0x02 destination=0x01 previousHop=0x02 sequence=93 ackSequence=172 ttl=8 hops=0 payloadSize=2 rssi=0 snr=
[2026-09-02T18:35:52.492+00:00][A] [INFO] [RF TX] type=1 source=0x01 destination=0x02 previousHop=0x01 sequence=174 ackSequence=0 ttl=8 hops=0 payloadSize=4 rssi=0 snr=0
[2026-09-02T18:35:52.492+00:00][A] [WARN] TX_RETRY seq=176
[2026-09-02T18:35:52.555+00:00][A] [INFO] [RF TX] type=1 source=0x01 destination=0x02 previousHop=0x01 sequence=176 ackSequence=0 ttl=8 hops=0 payloadSize=4 rssi=0 snr=0
[2026-09-02T18:35:52.555+00:00][A] [WARN] TX_RETRY seq=178
[2026-09-02T18:35:52.603+00:00][B] [INFO] [RF TX] type=3 source=0x02 destination=0x01 previousHop=0x02 sequence=94 ackSequence=176 ttl=8 hops=0 payloadSize=2 rssi=0 snr=
[2026-09-02T18:35:52.603+00:00][B] [WARN] Retry 1
[2026-09-02T18:35:52.618+00:00][A] [INFO] [RF TX] type=1 source=0x01 destination=0x02 previousHop=0x01 sequence=178 ackSequence=0 ttl=8 hops=0 payloadSize=4 rssi=0 snr=0
[2026-09-02T18:35:52.618+00:00][A] [WARN] TX_RETRY seq=180
[2026-09-02T18:35:52.669+00:00][B] [INFO] --------------------------------
[2026-09-02T18:35:52.669+00:00][B] [INFO] [HEARTBEAT TX]
[2026-09-02T18:35:52.674+00:00][B] [INFO] Node ID: 2
[2026-09-02T18:35:52.674+00:00][B] [INFO] type: 2
[2026-09-02T18:35:52.675+00:00][B] [INFO] Destination: 0xFF
[2026-09-02T18:35:52.679+00:00][A] [INFO] [RF TX] type=1 source=0x01 destination=0x02 previousHop=0x01 sequence=180 ackSequence=0 ttl=8 hops=0 payloadSize=4 rssi=0 snr=0
[2026-09-02T18:35:52.680+00:00][B] [INFO] Sequence: 90
[2026-09-02T18:35:52.681+00:00][B] [INFO] Packet ID: 37
[2026-09-02T18:35:52.681+00:00][B] [INFO] Packet Size: 26
[2026-09-02T18:35:52.685+00:00][B] [INFO] Timestamp: 37 ms
[2026-09-02T18:35:52.686+00:00][B] [INFO] Transmission Result: success
[2026-09-02T18:35:52.691+00:00][B] [INFO] --------------------------------
[2026-09-02T18:35:52.691+00:00][B] [INFO] [Heartbeat #37]
[2026-09-02T18:35:52.696+00:00][B] [INFO] Sent
[2026-09-02T18:35:52.696+00:00][B] [INFO] Waiting ACK...
[2026-09-02T18:35:52.697+00:00][B] [INFO] [WAITING ACK]
[2026-09-02T18:35:52.700+00:00][A] [WARN] Retry 1
[2026-09-02T18:35:52.710+00:00][B] [INFO] [RF TX] type=2 source=0x02 destination=0xFF previousHop=0x02 sequence=90 ackSequence=0 ttl=8 hops=0 payloadSize=13 rssi=0 snr=0
[2026-09-02T18:35:52.710+00:00][B] [INFO] Heartbeat packet sent
[2026-09-02T18:35:52.767+00:00][A] [INFO] --------------------------------
[2026-09-02T18:35:52.767+00:00][A] [INFO] [HEARTBEAT TX]
[2026-09-02T18:35:52.772+00:00][A] [INFO] Node ID: 1
[2026-09-02T18:35:52.772+00:00][A] [INFO] type: 2
[2026-09-02T18:35:52.773+00:00][A] [INFO] Destination: 0xFF
[2026-09-02T18:35:52.778+00:00][A] [INFO] Sequence: 205
[2026-09-02T18:35:52.778+00:00][A] [INFO] Packet ID: 104
[2026-09-02T18:35:52.783+00:00][A] [INFO] Packet Size: 26
[2026-09-02T18:35:52.784+00:00][A] [INFO] Timestamp: 104 ms
[2026-09-02T18:35:52.789+00:00][A] [INFO] Transmission Result: success
[2026-09-02T18:35:52.789+00:00][A] [INFO] --------------------------------
[2026-09-02T18:35:52.794+00:00][A] [INFO] [Heartbeat #104]
[2026-09-02T18:35:52.795+00:00][A] [INFO] Sent
[2026-09-02T18:35:52.795+00:00][A] [INFO] Waiting ACK...
[2026-09-02T18:35:52.795+00:00][A] [INFO] [WAITING ACK]
[2026-09-02T18:35:52.809+00:00][A] [INFO] [RF TX] type=2 source=0x01 destination=0xFF previousHop=0x01 sequence=205 ackSequence=0 ttl=8 hops=0 payloadSize=13 rssi=0 snr=
[2026-09-02T18:35:52.809+00:00][A] [INFO] Heartbeat packet sent
[2026-09-02T18:35:53.303+00:00][A] [ERROR] TX_FAILED
[2026-09-02T18:35:53.303+00:00][A] [WARN] ACK_FAILED seq=164
[2026-09-02T18:35:53.366+00:00][A] [ERROR] TX_FAILED
[2026-09-02T18:35:53.366+00:00][A] [WARN] ACK_FAILED seq=168
[2026-09-02T18:35:53.429+00:00][A] [ERROR] TX_FAILED
[2026-09-02T18:35:53.429+00:00][A] [WARN] ACK_FAILED seq=172
[2026-09-02T18:35:53.492+00:00][A] [ERROR] TX_FAILED
[2026-09-02T18:35:53.492+00:00][A] [WARN] ACK_FAILED seq=174
[2026-09-02T18:35:53.547+00:00][B] [INFO] --------------------------------
[2026-09-02T18:35:53.547+00:00][B] [INFO] [HEARTBEAT TX]
[2026-09-02T18:35:53.553+00:00][B] [INFO] Node ID: 2
[2026-09-02T18:35:53.553+00:00][B] [INFO] type: 2
[2026-09-02T18:35:53.553+00:00][B] [INFO] Destination: 0xFF
[2026-09-02T18:35:53.558+00:00][B] [INFO] Sequence: 95
[2026-09-02T18:35:53.558+00:00][B] [INFO] Packet ID: 38
[2026-09-02T18:35:53.558+00:00][B] [INFO] Packet Size: 26
[2026-09-02T18:35:53.560+00:00][A] [INFO] [RF RX] type=2 source=0x02 destination=0xFF previousHop=0x02 sequence=95 ackSequence=0 ttl=8 hops=0 payloadSize=13 rssi=-61 snr
[2026-09-02T18:35:53.560+00:00][A] [ERROR] TX_FAILED
[2026-09-02T18:35:53.560+00:00][A] [WARN] ACK_FAILED seq=176
[2026-09-02T18:35:53.564+00:00][B] [INFO] Timestamp: 38 ms
[2026-09-02T18:35:53.564+00:00][B] [INFO] Transmission Result: success
[2026-09-02T18:35:53.569+00:00][B] [INFO] --------------------------------
[2026-09-02T18:35:53.570+00:00][B] [INFO] [Heartbeat #38]
[2026-09-02T18:35:53.575+00:00][B] [INFO] Sent
[2026-09-02T18:35:53.575+00:00][B] [INFO] Waiting ACK...
[2026-09-02T18:35:53.575+00:00][B] [INFO] [WAITING ACK]
[2026-09-02T18:35:53.589+00:00][B] [INFO] [RF TX] type=2 source=0x02 destination=0xFF previousHop=0x02 sequence=95 ackSequence=0 ttl=8 hops=0 payloadSize=13 rssi=0 snr=0
[2026-09-02T18:35:53.589+00:00][B] [INFO] Heartbeat packet sent
[2026-09-02T18:35:53.623+00:00][A] [INFO] --------------------------------
[2026-09-02T18:35:53.623+00:00][A] [INFO] [HEARTBEAT TX]
[2026-09-02T18:35:53.629+00:00][A] [INFO] Node ID: 1
[2026-09-02T18:35:53.629+00:00][A] [INFO] type: 2
[2026-09-02T18:35:53.629+00:00][A] [INFO] Destination: 0xFF
[2026-09-02T18:35:53.634+00:00][A] [INFO] Sequence: 206
[2026-09-02T18:35:53.634+00:00][A] [INFO] Packet ID: 105
[2026-09-02T18:35:53.639+00:00][A] [INFO] Packet Size: 26
[2026-09-02T18:35:53.640+00:00][A] [INFO] Timestamp: 105 ms
[2026-09-02T18:35:53.645+00:00][A] [INFO] Transmission Result: success
[2026-09-02T18:35:53.645+00:00][A] [INFO] --------------------------------
[2026-09-02T18:35:53.650+00:00][A] [INFO] [Heartbeat #105]
[2026-09-02T18:35:53.651+00:00][A] [INFO] Sent
[2026-09-02T18:35:53.651+00:00][A] [INFO] Waiting ACK...
[2026-09-02T18:35:53.651+00:00][A] [INFO] [WAITING ACK]
[2026-09-02T18:35:53.667+00:00][A] [INFO] [RF TX] type=2 source=0x01 destination=0xFF previousHop=0x01 sequence=206 ackSequence=0 ttl=8 hops=0 payloadSize=13 rssi=0 snr=
[2026-09-02T18:35:53.668+00:00][A] [INFO] Heartbeat packet sent
[2026-09-02T18:35:53.668+00:00][A] [ERROR] TX_FAILED
[2026-09-02T18:35:53.669+00:00][A] [WARN] ACK_FAILED seq=178
[2026-09-02T18:35:53.681+00:00][A] [ERROR] TX_FAILED
[2026-09-02T18:35:53.681+00:00][A] [WARN] ACK_FAILED seq=180
[2026-09-02T18:35:54.564+00:00][B] [WARN] Retry 1
[2026-09-02T18:35:54.631+00:00][B] [INFO] --------------------------------
[2026-09-02T18:35:54.631+00:00][B] [INFO] [HEARTBEAT TX]
[2026-09-02T18:35:54.637+00:00][B] [INFO] Node ID: 2
[2026-09-02T18:35:54.637+00:00][B] [INFO] type: 2
[2026-09-02T18:35:54.637+00:00][B] [INFO] Destination: 0xFF
[2026-09-02T18:35:54.641+00:00][A] [INFO] [RF RX] type=2 source=0x02 destination=0xFF previousHop=0x02 sequence=95 ackSequence=0 ttl=8 hops=0 payloadSize=13 rssi=-60 snr
[2026-09-02T18:35:54.641+00:00][A] [WARN] Retry 1
[2026-09-02T18:35:54.642+00:00][B] [INFO] Sequence: 95
[2026-09-02T18:35:54.642+00:00][B] [INFO] Packet ID: 38
[2026-09-02T18:35:54.642+00:00][B] [INFO] Packet Size: 26
[2026-09-02T18:35:54.648+00:00][B] [INFO] Timestamp: 38 ms
[2026-09-02T18:35:54.648+00:00][B] [INFO] Transmission Result: success
[2026-09-02T18:35:54.653+00:00][B] [INFO] --------------------------------
[2026-09-02T18:35:54.654+00:00][B] [INFO] [Heartbeat #38]
[2026-09-02T18:35:54.659+00:00][B] [INFO] Sent
[2026-09-02T18:35:54.659+00:00][B] [INFO] Waiting ACK...
[2026-09-02T18:35:54.659+00:00][B] [INFO] [WAITING ACK]
[2026-09-02T18:35:54.673+00:00][B] [INFO] [RF TX] type=2 source=0x02 destination=0xFF previousHop=0x02 sequence=95 ackSequence=0 ttl=8 hops=0 payloadSize=13 rssi=0 snr=0
[2026-09-02T18:35:54.673+00:00][B] [INFO] Heartbeat packet sent
[2026-09-02T18:35:54.707+00:00][A] [INFO] --------------------------------
[2026-09-02T18:35:54.707+00:00][A] [INFO] [HEARTBEAT TX]
[2026-09-02T18:35:54.712+00:00][A] [INFO] Node ID: 1
[2026-09-02T18:35:54.713+00:00][A] [INFO] type: 2
[2026-09-02T18:35:54.713+00:00][A] [INFO] Destination: 0xFF
[2026-09-02T18:35:54.718+00:00][A] [INFO] Sequence: 206
[2026-09-02T18:35:54.718+00:00][A] [INFO] Packet ID: 105
[2026-09-02T18:35:54.723+00:00][A] [INFO] Packet Size: 26
[2026-09-02T18:35:54.724+00:00][A] [INFO] Timestamp: 105 ms
[2026-09-02T18:35:54.729+00:00][A] [INFO] Transmission Result: success
[2026-09-02T18:35:54.729+00:00][A] [INFO] --------------------------------
[2026-09-02T18:35:54.734+00:00][A] [INFO] [Heartbeat #105]
[2026-09-02T18:35:54.734+00:00][A] [INFO] Sent
[2026-09-02T18:35:54.735+00:00][A] [INFO] Waiting ACK...
[2026-09-02T18:35:54.736+00:00][A] [INFO] [WAITING ACK]
[2026-09-02T18:35:54.748+00:00][A] [INFO] [RF TX] type=2 source=0x01 destination=0xFF previousHop=0x01 sequence=206 ackSequence=0 ttl=8 hops=0 payloadSize=13 rssi=0 snr=
[2026-09-02T18:35:54.749+00:00][A] [INFO] Heartbeat packet sent
[2026-09-02T18:35:55.547+00:00][B] [INFO] --------------------------------
[2026-09-02T18:35:55.548+00:00][B] [INFO] [HEARTBEAT TX]
[2026-09-02T18:35:55.553+00:00][B] [INFO] Node ID: 2
[2026-09-02T18:35:55.553+00:00][B] [INFO] type: 2
[2026-09-02T18:35:55.553+00:00][B] [INFO] Destination: 0xFF
[2026-09-02T18:35:55.555+00:00][A] [INFO] [RF RX] type=2 source=0x02 destination=0xFF previousHop=0x02 sequence=96 ackSequence=0 ttl=8 hops=0 payloadSize=13 rssi=-60 snr
[2026-09-02T18:35:55.558+00:00][B] [INFO] Sequence: 96
[2026-09-02T18:35:55.558+00:00][B] [INFO] Packet ID: 39
[2026-09-02T18:35:55.559+00:00][B] [INFO] Packet Size: 26
[2026-09-02T18:35:55.564+00:00][B] [INFO] Timestamp: 39 ms
[2026-09-02T18:35:55.565+00:00][B] [INFO] Transmission Result: success
[2026-09-02T18:35:55.570+00:00][B] [INFO] --------------------------------
[2026-09-02T18:35:55.570+00:00][B] [INFO] [Heartbeat #39]
[2026-09-02T18:35:55.575+00:00][B] [INFO] Sent
[2026-09-02T18:35:55.575+00:00][B] [INFO] Waiting ACK...
[2026-09-02T18:35:55.575+00:00][B] [INFO] [WAITING ACK]
[2026-09-02T18:35:55.589+00:00][B] [INFO] [RF TX] type=2 source=0x02 destination=0xFF previousHop=0x02 sequence=96 ackSequence=0 ttl=8 hops=0 payloadSize=13 rssi=0 snr=0
[2026-09-02T18:35:55.589+00:00][B] [INFO] Heartbeat packet sent
[2026-09-02T18:35:55.623+00:00][A] [INFO] --------------------------------
[2026-09-02T18:35:55.623+00:00][A] [INFO] [HEARTBEAT TX]
[2026-09-02T18:35:55.628+00:00][A] [INFO] Node ID: 1
[2026-09-02T18:35:55.628+00:00][A] [INFO] type: 2
[2026-09-02T18:35:55.628+00:00][A] [INFO] Destination: 0xFF
[2026-09-02T18:35:55.633+00:00][A] [INFO] Sequence: 207
[2026-09-02T18:35:55.634+00:00][A] [INFO] Packet ID: 106
[2026-09-02T18:35:55.639+00:00][A] [INFO] Packet Size: 26
[2026-09-02T18:35:55.639+00:00][A] [INFO] Timestamp: 106 ms
[2026-09-02T18:35:55.644+00:00][A] [INFO] Transmission Result: success
[2026-09-02T18:35:55.645+00:00][A] [INFO] --------------------------------
[2026-09-02T18:35:55.650+00:00][A] [INFO] [Heartbeat #106]
[2026-09-02T18:35:55.650+00:00][A] [INFO] Sent
[2026-09-02T18:35:55.650+00:00][A] [INFO] Waiting ACK...
[2026-09-02T18:35:55.650+00:00][A] [INFO] [WAITING ACK]
[2026-09-02T18:35:55.664+00:00][A] [INFO] [RF TX] type=2 source=0x01 destination=0xFF previousHop=0x01 sequence=207 ackSequence=0 ttl=8 hops=0 payloadSize=13 rssi=0 snr=
[2026-09-02T18:35:55.664+00:00][A] [INFO] Heartbeat packet sent
[2026-09-02T18:35:56.564+00:00][B] [WARN] Retry 1
[2026-09-02T18:35:56.631+00:00][B] [INFO] --------------------------------
[2026-09-02T18:35:56.631+00:00][B] [INFO] [HEARTBEAT TX]
[2026-09-02T18:35:56.637+00:00][B] [INFO] Node ID: 2
[2026-09-02T18:35:56.637+00:00][B] [INFO] type: 2
[2026-09-02T18:35:56.637+00:00][B] [INFO] Destination: 0xFF
[2026-09-02T18:35:56.641+00:00][A] [INFO] [RF RX] type=2 source=0x02 destination=0xFF previousHop=0x02 sequence=96 ackSequence=0 ttl=8 hops=0 payloadSize=13 rssi=-61 snr
[2026-09-02T18:35:56.641+00:00][A] [WARN] Retry 1
[2026-09-02T18:35:56.642+00:00][B] [INFO] Sequence: 96
[2026-09-02T18:35:56.642+00:00][B] [INFO] Packet ID: 39
[2026-09-02T18:35:56.642+00:00][B] [INFO] Packet Size: 26
[2026-09-02T18:35:56.648+00:00][B] [INFO] Timestamp: 39 ms
[2026-09-02T18:35:56.648+00:00][B] [INFO] Transmission Result: success
[2026-09-02T18:35:56.653+00:00][B] [INFO] --------------------------------
[2026-09-02T18:35:56.653+00:00][B] [INFO] [Heartbeat #39]
[2026-09-02T18:35:56.659+00:00][B] [INFO] Sent
[2026-09-02T18:35:56.659+00:00][B] [INFO] Waiting ACK...
[2026-09-02T18:35:56.659+00:00][B] [INFO] [WAITING ACK]
[2026-09-02T18:35:56.672+00:00][B] [INFO] [RF TX] type=2 source=0x02 destination=0xFF previousHop=0x02 sequence=96 ackSequence=0 ttl=8 hops=0 payloadSize=13 rssi=0 snr=0
[2026-09-02T18:35:56.673+00:00][B] [INFO] Heartbeat packet sent
[2026-09-02T18:35:56.706+00:00][A] [INFO] --------------------------------
[2026-09-02T18:35:56.707+00:00][A] [INFO] [HEARTBEAT TX]
[2026-09-02T18:35:56.712+00:00][A] [INFO] Node ID: 1
[2026-09-02T18:35:56.712+00:00][A] [INFO] type: 2
[2026-09-02T18:35:56.712+00:00][A] [INFO] Destination: 0xFF
[2026-09-02T18:35:56.718+00:00][A] [INFO] Sequence: 207
[2026-09-02T18:35:56.718+00:00][A] [INFO] Packet ID: 106
[2026-09-02T18:35:56.723+00:00][A] [INFO] Packet Size: 26
[2026-09-02T18:35:56.723+00:00][A] [INFO] Timestamp: 106 ms
[2026-09-02T18:35:56.729+00:00][A] [INFO] Transmission Result: success
[2026-09-02T18:35:56.729+00:00][A] [INFO] --------------------------------
[2026-09-02T18:35:56.734+00:00][A] [INFO] [Heartbeat #106]
[2026-09-02T18:35:56.734+00:00][A] [INFO] Sent
[2026-09-02T18:35:56.734+00:00][A] [INFO] Waiting ACK...
[2026-09-02T18:35:56.734+00:00][A] [INFO] [WAITING ACK]
[2026-09-02T18:35:56.748+00:00][A] [INFO] [RF TX] type=2 source=0x01 destination=0xFF previousHop=0x01 sequence=207 ackSequence=0 ttl=8 hops=0 payloadSize=13 rssi=0 snr=
[2026-09-02T18:35:56.748+00:00][A] [INFO] Heartbeat packet sent
[2026-09-02T18:35:57.547+00:00][B] [INFO] --------------------------------
[2026-09-02T18:35:57.548+00:00][B] [INFO] [HEARTBEAT TX]
[2026-09-02T18:35:57.553+00:00][B] [INFO] Node ID: 2
[2026-09-02T18:35:57.553+00:00][B] [INFO] type: 2
[2026-09-02T18:35:57.553+00:00][B] [INFO] Destination: 0xFF
[2026-09-02T18:35:57.556+00:00][A] [INFO] [RF RX] type=2 source=0x02 destination=0xFF previousHop=0x02 sequence=97 ackSequence=0 ttl=8 hops=0 payloadSize=13 rssi=-62 snr
[2026-09-02T18:35:57.558+00:00][B] [INFO] Sequence: 97
[2026-09-02T18:35:57.559+00:00][B] [INFO] Packet ID: 40
[2026-09-02T18:35:57.559+00:00][B] [INFO] Packet Size: 26
[2026-09-02T18:35:57.564+00:00][B] [INFO] Timestamp: 40 ms
[2026-09-02T18:35:57.565+00:00][B] [INFO] Transmission Result: success
[2026-09-02T18:35:57.570+00:00][B] [INFO] --------------------------------
[2026-09-02T18:35:57.570+00:00][B] [INFO] [Heartbeat #40]
[2026-09-02T18:35:57.575+00:00][B] [INFO] Sent
[2026-09-02T18:35:57.575+00:00][B] [INFO] Waiting ACK...
[2026-09-02T18:35:57.576+00:00][B] [INFO] [WAITING ACK]
[2026-09-02T18:35:57.589+00:00][B] [INFO] [RF TX] type=2 source=0x02 destination=0xFF previousHop=0x02 sequence=97 ackSequence=0 ttl=8 hops=0 payloadSize=13 rssi=0 snr=0
[2026-09-02T18:35:57.589+00:00][B] [INFO] Heartbeat packet sent
[2026-09-02T18:35:57.623+00:00][A] [INFO] --------------------------------
[2026-09-02T18:35:57.623+00:00][A] [INFO] [HEARTBEAT TX]
[2026-09-02T18:35:57.628+00:00][A] [INFO] Node ID: 1
[2026-09-02T18:35:57.628+00:00][A] [INFO] type: 2
[2026-09-02T18:35:57.629+00:00][A] [INFO] Destination: 0xFF
[2026-09-02T18:35:57.634+00:00][A] [INFO] Sequence: 208
[2026-09-02T18:35:57.635+00:00][A] [INFO] Packet ID: 107
[2026-09-02T18:35:57.639+00:00][A] [INFO] Packet Size: 26
[2026-09-02T18:35:57.639+00:00][A] [INFO] Timestamp: 107 ms
[2026-09-02T18:35:57.644+00:00][A] [INFO] Transmission Result: success
[2026-09-02T18:35:57.645+00:00][A] [INFO] --------------------------------
[2026-09-02T18:35:57.650+00:00][A] [INFO] [Heartbeat #107]
[2026-09-02T18:35:57.650+00:00][A] [INFO] Sent
[2026-09-02T18:35:57.650+00:00][A] [INFO] Waiting ACK...
[2026-09-02T18:35:57.651+00:00][A] [INFO] [WAITING ACK]
[2026-09-02T18:35:57.664+00:00][A] [INFO] [RF TX] type=2 source=0x01 destination=0xFF previousHop=0x01 sequence=208 ackSequence=0 ttl=8 hops=0 payloadSize=13 rssi=0 snr=
[2026-09-02T18:35:57.665+00:00][A] [INFO] Heartbeat packet sent
[2026-09-02T18:35:58.564+00:00][B] [WARN] Retry 1
[2026-09-02T18:35:58.631+00:00][B] [INFO] --------------------------------
[2026-09-02T18:35:58.632+00:00][B] [INFO] [HEARTBEAT TX]
[2026-09-02T18:35:58.637+00:00][B] [INFO] Node ID: 2
[2026-09-02T18:35:58.637+00:00][B] [INFO] type: 2
[2026-09-02T18:35:58.637+00:00][B] [INFO] Destination: 0xFF
[2026-09-02T18:35:58.641+00:00][A] [INFO] [RF RX] type=2 source=0x02 destination=0xFF previousHop=0x02 sequence=97 ackSequence=0 ttl=8 hops=0 payloadSize=13 rssi=-62 snr
[2026-09-02T18:35:58.641+00:00][A] [WARN] Retry 1
[2026-09-02T18:35:58.642+00:00][B] [INFO] Sequence: 97
[2026-09-02T18:35:58.642+00:00][B] [INFO] Packet ID: 40
[2026-09-02T18:35:58.642+00:00][B] [INFO] Packet Size: 26
[2026-09-02T18:35:58.648+00:00][B] [INFO] Timestamp: 40 ms
[2026-09-02T18:35:58.648+00:00][B] [INFO] Transmission Result: success
[2026-09-02T18:35:58.654+00:00][B] [INFO] --------------------------------
[2026-09-02T18:35:58.654+00:00][B] [INFO] [Heartbeat #40]
[2026-09-02T18:35:58.659+00:00][B] [INFO] Sent
[2026-09-02T18:35:58.659+00:00][B] [INFO] Waiting ACK...
[2026-09-02T18:35:58.660+00:00][B] [INFO] [WAITING ACK]
[2026-09-02T18:35:58.673+00:00][B] [INFO] [RF TX] type=2 source=0x02 destination=0xFF previousHop=0x02 sequence=97 ackSequence=0 ttl=8 hops=0 payloadSize=13 rssi=0 snr=0
[2026-09-02T18:35:58.673+00:00][B] [INFO] Heartbeat packet sent
[2026-09-02T18:35:58.707+00:00][A] [INFO] --------------------------------
[2026-09-02T18:35:58.707+00:00][A] [INFO] [HEARTBEAT TX]
[2026-09-02T18:35:58.713+00:00][A] [INFO] Node ID: 1
[2026-09-02T18:35:58.713+00:00][A] [INFO] type: 2
[2026-09-02T18:35:58.713+00:00][A] [INFO] Destination: 0xFF
[2026-09-02T18:35:58.718+00:00][A] [INFO] Sequence: 208
[2026-09-02T18:35:58.718+00:00][A] [INFO] Packet ID: 107
[2026-09-02T18:35:58.723+00:00][A] [INFO] Packet Size: 26
[2026-09-02T18:35:58.723+00:00][A] [INFO] Timestamp: 107 ms
[2026-09-02T18:35:58.729+00:00][A] [INFO] Transmission Result: success
[2026-09-02T18:35:58.729+00:00][A] [INFO] --------------------------------
[2026-09-02T18:35:58.734+00:00][A] [INFO] [Heartbeat #107]
[2026-09-02T18:35:58.735+00:00][A] [INFO] Sent
[2026-09-02T18:35:58.735+00:00][A] [INFO] Waiting ACK...
[2026-09-02T18:35:58.735+00:00][A] [INFO] [WAITING ACK]
[2026-09-02T18:35:58.748+00:00][A] [INFO] [RF TX] type=2 source=0x01 destination=0xFF previousHop=0x01 sequence=208 ackSequence=0 ttl=8 hops=0 payloadSize=13 rssi=0 snr=
[2026-09-02T18:35:58.749+00:00][A] [INFO] Heartbeat packet sent
[2026-09-02T18:35:59.548+00:00][B] [INFO] --------------------------------
[2026-09-02T18:35:59.548+00:00][B] [INFO] [HEARTBEAT TX]
[2026-09-02T18:35:59.552+00:00][B] [INFO] Node ID: 2
[2026-09-02T18:35:59.553+00:00][B] [INFO] type: 2
[2026-09-02T18:35:59.553+00:00][B] [INFO] Destination: 0xFF
[2026-09-02T18:35:59.555+00:00][A] [INFO] [RF RX] type=2 source=0x02 destination=0xFF previousHop=0x02 sequence=98 ackSequence=0 ttl=8 hops=0 payloadSize=13 rssi=-61 snr
[2026-09-02T18:35:59.558+00:00][B] [INFO] Sequence: 98
[2026-09-02T18:35:59.558+00:00][B] [INFO] Packet ID: 41
[2026-09-02T18:35:59.558+00:00][B] [INFO] Packet Size: 26
[2026-09-02T18:35:59.564+00:00][B] [INFO] Timestamp: 41 ms
[2026-09-02T18:35:59.564+00:00][B] [INFO] Transmission Result: success
[2026-09-02T18:35:59.569+00:00][B] [INFO] --------------------------------
[2026-09-02T18:35:59.570+00:00][B] [INFO] [Heartbeat #41]
[2026-09-02T18:35:59.575+00:00][B] [INFO] Sent
[2026-09-02T18:35:59.575+00:00][B] [INFO] Waiting ACK...
[2026-09-02T18:35:59.575+00:00][B] [INFO] [WAITING ACK]
[2026-09-02T18:35:59.589+00:00][B] [INFO] [RF TX] type=2 source=0x02 destination=0xFF previousHop=0x02 sequence=98 ackSequence=0 ttl=8 hops=0 payloadSize=13 rssi=0 snr=0
[2026-09-02T18:35:59.589+00:00][B] [INFO] Heartbeat packet sent
[2026-09-02T18:35:59.623+00:00][A] [INFO] --------------------------------
[2026-09-02T18:35:59.623+00:00][A] [INFO] [HEARTBEAT TX]
[2026-09-02T18:35:59.628+00:00][A] [INFO] Node ID: 1
[2026-09-02T18:35:59.628+00:00][A] [INFO] type: 2
[2026-09-02T18:35:59.628+00:00][A] [INFO] Destination: 0xFF
[2026-09-02T18:35:59.634+00:00][A] [INFO] Sequence: 209
[2026-09-02T18:35:59.634+00:00][A] [INFO] Packet ID: 108
[2026-09-02T18:35:59.639+00:00][A] [INFO] Packet Size: 26
[2026-09-02T18:35:59.639+00:00][A] [INFO] Timestamp: 108 ms
[2026-09-02T18:35:59.644+00:00][A] [INFO] Transmission Result: success
[2026-09-02T18:35:59.645+00:00][A] [INFO] --------------------------------
[2026-09-02T18:35:59.650+00:00][A] [INFO] [Heartbeat #108]
[2026-09-02T18:35:59.650+00:00][A] [INFO] Sent
[2026-09-02T18:35:59.650+00:00][A] [INFO] Waiting ACK...
[2026-09-02T18:35:59.651+00:00][A] [INFO] [WAITING ACK]
[2026-09-02T18:35:59.664+00:00][A] [INFO] [RF TX] type=2 source=0x01 destination=0xFF previousHop=0x01 sequence=209 ackSequence=0 ttl=8 hops=0 payloadSize=13 rssi=0 snr=
[2026-09-02T18:35:59.665+00:00][A] [INFO] Heartbeat packet sent
[2026-09-02T18:36:00.564+00:00][B] [WARN] Retry 1
[2026-09-02T18:36:00.631+00:00][B] [INFO] --------------------------------
[2026-09-02T18:36:00.631+00:00][B] [INFO] [HEARTBEAT TX]
[2026-09-02T18:36:00.636+00:00][B] [INFO] Node ID: 2
[2026-09-02T18:36:00.637+00:00][B] [INFO] type: 2
[2026-09-02T18:36:00.637+00:00][B] [INFO] Destination: 0xFF
[2026-09-02T18:36:00.641+00:00][A] [INFO] [RF RX] type=2 source=0x02 destination=0xFF previousHop=0x02 sequence=98 ackSequence=0 ttl=8 hops=0 payloadSize=13 rssi=-60 snr
[2026-09-02T18:36:00.641+00:00][A] [WARN] Retry 1
[2026-09-02T18:36:00.642+00:00][B] [INFO] Sequence: 98
[2026-09-02T18:36:00.642+00:00][B] [INFO] Packet ID: 41
[2026-09-02T18:36:00.642+00:00][B] [INFO] Packet Size: 26
[2026-09-02T18:36:00.647+00:00][B] [INFO] Timestamp: 41 ms
[2026-09-02T18:36:00.648+00:00][B] [INFO] Transmission Result: success
[2026-09-02T18:36:00.653+00:00][B] [INFO] --------------------------------
[2026-09-02T18:36:00.653+00:00][B] [INFO] [Heartbeat #41]
[2026-09-02T18:36:00.659+00:00][B] [INFO] Sent
[2026-09-02T18:36:00.659+00:00][B] [INFO] Waiting ACK...
[2026-09-02T18:36:00.659+00:00][B] [INFO] [WAITING ACK]
[2026-09-02T18:36:00.672+00:00][B] [INFO] [RF TX] type=2 source=0x02 destination=0xFF previousHop=0x02 sequence=98 ackSequence=0 ttl=8 hops=0 payloadSize=13 rssi=0 snr=0
[2026-09-02T18:36:00.673+00:00][B] [INFO] Heartbeat packet sent
[2026-09-02T18:36:00.706+00:00][A] [INFO] --------------------------------
[2026-09-02T18:36:00.707+00:00][A] [INFO] [HEARTBEAT TX]
[2026-09-02T18:36:00.712+00:00][A] [INFO] Node ID: 1
[2026-09-02T18:36:00.712+00:00][A] [INFO] type: 2
[2026-09-02T18:36:00.712+00:00][A] [INFO] Destination: 0xFF
[2026-09-02T18:36:00.717+00:00][A] [INFO] Sequence: 209
[2026-09-02T18:36:00.718+00:00][A] [INFO] Packet ID: 108
[2026-09-02T18:36:00.723+00:00][A] [INFO] Packet Size: 26
[2026-09-02T18:36:00.723+00:00][A] [INFO] Timestamp: 108 ms
[2026-09-02T18:36:00.728+00:00][A] [INFO] Transmission Result: success
[2026-09-02T18:36:00.729+00:00][A] [INFO] --------------------------------
[2026-09-02T18:36:00.734+00:00][A] [INFO] [Heartbeat #108]
[2026-09-02T18:36:00.734+00:00][A] [INFO] Sent
[2026-09-02T18:36:00.734+00:00][A] [INFO] Waiting ACK...
[2026-09-02T18:36:00.734+00:00][A] [INFO] [WAITING ACK]
[2026-09-02T18:36:00.748+00:00][A] [INFO] [RF TX] type=2 source=0x01 destination=0xFF previousHop=0x01 sequence=209 ackSequence=0 ttl=8 hops=0 payloadSize=13 rssi=0 snr=
[2026-09-02T18:36:00.748+00:00][A] [INFO] Heartbeat packet sent
[2026-09-02T18:36:01.547+00:00][B] [INFO] --------------------------------
[2026-09-02T18:36:01.547+00:00][B] [INFO] [HEARTBEAT TX]
[2026-09-02T18:36:01.552+00:00][B] [INFO] Node ID: 2
[2026-09-02T18:36:01.553+00:00][B] [INFO] type: 2
[2026-09-02T18:36:01.553+00:00][B] [INFO] Destination: 0xFF
[2026-09-02T18:36:01.555+00:00][A] [INFO] [RF RX] type=2 source=0x02 destination=0xFF previousHop=0x02 sequence=99 ackSequence=0 ttl=8 hops=0 payloadSize=13 rssi=-62 snr
[2026-09-02T18:36:01.558+00:00][B] [INFO] Sequence: 99
[2026-09-02T18:36:01.558+00:00][B] [INFO] Packet ID: 42
[2026-09-02T18:36:01.558+00:00][B] [INFO] Packet Size: 26
[2026-09-02T18:36:01.564+00:00][B] [INFO] Timestamp: 42 ms
[2026-09-02T18:36:01.564+00:00][B] [INFO] Transmission Result: success
[2026-09-02T18:36:01.569+00:00][B] [INFO] --------------------------------
[2026-09-02T18:36:01.569+00:00][B] [INFO] [Heartbeat #42]
[2026-09-02T18:36:01.575+00:00][B] [INFO] Sent
[2026-09-02T18:36:01.575+00:00][B] [INFO] Waiting ACK...
[2026-09-02T18:36:01.575+00:00][B] [INFO] [WAITING ACK]
[2026-09-02T18:36:01.588+00:00][B] [INFO] [RF TX] type=2 source=0x02 destination=0xFF previousHop=0x02 sequence=99 ackSequence=0 ttl=8 hops=0 payloadSize=13 rssi=0 snr=0
[2026-09-02T18:36:01.589+00:00][B] [INFO] Heartbeat packet sent
[2026-09-02T18:36:01.622+00:00][A] [INFO] --------------------------------
[2026-09-02T18:36:01.623+00:00][A] [INFO] [HEARTBEAT TX]
[2026-09-02T18:36:01.628+00:00][A] [INFO] Node ID: 1
[2026-09-02T18:36:01.628+00:00][A] [INFO] type: 2
[2026-09-02T18:36:01.628+00:00][A] [INFO] Destination: 0xFF
[2026-09-02T18:36:01.633+00:00][A] [INFO] Sequence: 210
[2026-09-02T18:36:01.634+00:00][A] [INFO] Packet ID: 109
[2026-09-02T18:36:01.639+00:00][A] [INFO] Packet Size: 26
[2026-09-02T18:36:01.639+00:00][A] [INFO] Timestamp: 109 ms
[2026-09-02T18:36:01.644+00:00][A] [INFO] Transmission Result: success
[2026-09-02T18:36:01.645+00:00][A] [INFO] --------------------------------
[2026-09-02T18:36:01.650+00:00][A] [INFO] [Heartbeat #109]
[2026-09-02T18:36:01.650+00:00][A] [INFO] Sent
[2026-09-02T18:36:01.650+00:00][A] [INFO] Waiting ACK...
[2026-09-02T18:36:01.650+00:00][A] [INFO] [WAITING ACK]
[2026-09-02T18:36:01.664+00:00][A] [INFO] [RF TX] type=2 source=0x01 destination=0xFF previousHop=0x01 sequence=210 ackSequence=0 ttl=8 hops=0 payloadSize=13 rssi=0 snr=
[2026-09-02T18:36:01.664+00:00][A] [INFO] Heartbeat packet sent
[2026-09-02T18:36:02.564+00:00][B] [WARN] Retry 1
[2026-09-02T18:36:02.631+00:00][B] [INFO] --------------------------------
[2026-09-02T18:36:02.632+00:00][B] [INFO] [HEARTBEAT TX]
[2026-09-02T18:36:02.637+00:00][B] [INFO] Node ID: 2
[2026-09-02T18:36:02.638+00:00][B] [INFO] type: 2
[2026-09-02T18:36:02.639+00:00][B] [INFO] Destination: 0xFF
[2026-09-02T18:36:02.641+00:00][A] [INFO] [RF RX] type=2 source=0x02 destination=0xFF previousHop=0x02 sequence=99 ackSequence=0 ttl=8 hops=0 payloadSize=13 rssi=-62 snr
[2026-09-02T18:36:02.641+00:00][A] [WARN] Retry 1
[2026-09-02T18:36:02.642+00:00][B] [INFO] Sequence: 99
[2026-09-02T18:36:02.642+00:00][B] [INFO] Packet ID: 42
[2026-09-02T18:36:02.642+00:00][B] [INFO] Packet Size: 26
[2026-09-02T18:36:02.648+00:00][B] [INFO] Timestamp: 42 ms
[2026-09-02T18:36:02.648+00:00][B] [INFO] Transmission Result: success
[2026-09-02T18:36:02.654+00:00][B] [INFO] --------------------------------
[2026-09-02T18:36:02.654+00:00][B] [INFO] [Heartbeat #42]
[2026-09-02T18:36:02.659+00:00][B] [INFO] Sent
[2026-09-02T18:36:02.659+00:00][B] [INFO] Waiting ACK...
[2026-09-02T18:36:02.660+00:00][B] [INFO] [WAITING ACK]
[2026-09-02T18:36:02.672+00:00][B] [INFO] [RF TX] type=2 source=0x02 destination=0xFF previousHop=0x02 sequence=99 ackSequence=0 ttl=8 hops=0 payloadSize=13 rssi=0 snr=0
[2026-09-02T18:36:02.673+00:00][B] [INFO] Heartbeat packet sent
[2026-09-02T18:36:02.706+00:00][A] [INFO] --------------------------------
[2026-09-02T18:36:02.707+00:00][A] [INFO] [HEARTBEAT TX]
[2026-09-02T18:36:02.712+00:00][A] [INFO] Node ID: 1
[2026-09-02T18:36:02.712+00:00][A] [INFO] type: 2
[2026-09-02T18:36:02.713+00:00][A] [INFO] Destination: 0xFF
[2026-09-02T18:36:02.718+00:00][A] [INFO] Sequence: 210
[2026-09-02T18:36:02.719+00:00][A] [INFO] Packet ID: 109
[2026-09-02T18:36:02.723+00:00][A] [INFO] Packet Size: 26
[2026-09-02T18:36:02.723+00:00][A] [INFO] Timestamp: 109 ms
[2026-09-02T18:36:02.728+00:00][A] [INFO] Transmission Result: success
[2026-09-02T18:36:02.729+00:00][A] [INFO] --------------------------------
[2026-09-02T18:36:02.734+00:00][A] [INFO] [Heartbeat #109]
[2026-09-02T18:36:02.734+00:00][A] [INFO] Sent
[2026-09-02T18:36:02.735+00:00][A] [INFO] Waiting ACK...
[2026-09-02T18:36:02.735+00:00][A] [INFO] [WAITING ACK]
[2026-09-02T18:36:02.748+00:00][A] [INFO] [RF TX] type=2 source=0x01 destination=0xFF previousHop=0x01 sequence=210 ackSequence=0 ttl=8 hops=0 payloadSize=13 rssi=0 snr=
[2026-09-02T18:36:02.749+00:00][A] [INFO] Heartbeat packet sent
[2026-09-02T18:36:03.548+00:00][B] [INFO] --------------------------------
[2026-09-02T18:36:03.548+00:00][B] [INFO] [HEARTBEAT TX]
[2026-09-02T18:36:03.553+00:00][B] [INFO] Node ID: 2
[2026-09-02T18:36:03.553+00:00][B] [INFO] type: 2
[2026-09-02T18:36:03.553+00:00][B] [INFO] Destination: 0xFF
[2026-09-02T18:36:03.555+00:00][A] [INFO] [RF RX] type=2 source=0x02 destination=0xFF previousHop=0x02 sequence=100 ackSequence=0 ttl=8 hops=0 payloadSize=13 rssi=-62 sn
[2026-09-02T18:36:03.558+00:00][B] [INFO] Sequence: 100
[2026-09-02T18:36:03.558+00:00][B] [INFO] Packet ID: 43
[2026-09-02T18:36:03.564+00:00][B] [INFO] Packet Size: 26
[2026-09-02T18:36:03.564+00:00][B] [INFO] Timestamp: 43 ms
[2026-09-02T18:36:03.564+00:00][B] [INFO] Transmission Result: success
[2026-09-02T18:36:03.569+00:00][B] [INFO] --------------------------------
[2026-09-02T18:36:03.570+00:00][B] [INFO] [Heartbeat #43]
[2026-09-02T18:36:03.575+00:00][B] [INFO] Sent
[2026-09-02T18:36:03.575+00:00][B] [INFO] Waiting ACK...
[2026-09-02T18:36:03.575+00:00][B] [INFO] [WAITING ACK]
[2026-09-02T18:36:03.589+00:00][B] [INFO] [RF TX] type=2 source=0x02 destination=0xFF previousHop=0x02 sequence=100 ackSequence=0 ttl=8 hops=0 payloadSize=13 rssi=0 snr=
[2026-09-02T18:36:03.589+00:00][B] [INFO] Heartbeat packet sent
[2026-09-02T18:36:03.623+00:00][A] [INFO] --------------------------------
[2026-09-02T18:36:03.623+00:00][A] [INFO] [HEARTBEAT TX]
[2026-09-02T18:36:03.628+00:00][A] [INFO] Node ID: 1
[2026-09-02T18:36:03.628+00:00][A] [INFO] type: 2
[2026-09-02T18:36:03.629+00:00][A] [INFO] Destination: 0xFF
[2026-09-02T18:36:03.634+00:00][A] [INFO] Sequence: 211
[2026-09-02T18:36:03.634+00:00][A] [INFO] Packet ID: 110
[2026-09-02T18:36:03.639+00:00][A] [INFO] Packet Size: 26
[2026-09-02T18:36:03.639+00:00][A] [INFO] Timestamp: 110 ms
[2026-09-02T18:36:03.644+00:00][A] [INFO] Transmission Result: success
[2026-09-02T18:36:03.645+00:00][A] [INFO] --------------------------------
[2026-09-02T18:36:03.650+00:00][A] [INFO] [Heartbeat #110]
[2026-09-02T18:36:03.650+00:00][A] [INFO] Sent
[2026-09-02T18:36:03.650+00:00][A] [INFO] Waiting ACK...
[2026-09-02T18:36:03.651+00:00][A] [INFO] [WAITING ACK]
[2026-09-02T18:36:03.664+00:00][A] [INFO] [RF TX] type=2 source=0x01 destination=0xFF previousHop=0x01 sequence=211 ackSequence=0 ttl=8 hops=0 payloadSize=13 rssi=0 snr=
[2026-09-02T18:36:03.665+00:00][A] [INFO] Heartbeat packet sent
[2026-09-02T18:36:04.564+00:00][B] [WARN] Retry 1
[2026-09-02T18:36:04.631+00:00][B] [INFO] --------------------------------
[2026-09-02T18:36:04.631+00:00][B] [INFO] [HEARTBEAT TX]
[2026-09-02T18:36:04.636+00:00][B] [INFO] Node ID: 2
[2026-09-02T18:36:04.636+00:00][B] [INFO] type: 2
[2026-09-02T18:36:04.637+00:00][B] [INFO] Destination: 0xFF
[2026-09-02T18:36:04.641+00:00][A] [INFO] [RF RX] type=2 source=0x02 destination=0xFF previousHop=0x02 sequence=100 ackSequence=0 ttl=8 hops=0 payloadSize=13 rssi=-62 sn
[2026-09-02T18:36:04.641+00:00][A] [WARN] Retry 1
[2026-09-02T18:36:04.642+00:00][B] [INFO] Sequence: 100
[2026-09-02T18:36:04.642+00:00][B] [INFO] Packet ID: 43
[2026-09-02T18:36:04.648+00:00][B] [INFO] Packet Size: 26
[2026-09-02T18:36:04.649+00:00][B] [INFO] Timestamp: 43 ms
[2026-09-02T18:36:04.650+00:00][B] [INFO] Transmission Result: success
[2026-09-02T18:36:04.653+00:00][B] [INFO] --------------------------------
[2026-09-02T18:36:04.653+00:00][B] [INFO] [Heartbeat #43]
[2026-09-02T18:36:04.659+00:00][B] [INFO] Sent
[2026-09-02T18:36:04.659+00:00][B] [INFO] Waiting ACK...
[2026-09-02T18:36:04.659+00:00][B] [INFO] [WAITING ACK]
[2026-09-02T18:36:04.672+00:00][B] [INFO] [RF TX] type=2 source=0x02 destination=0xFF previousHop=0x02 sequence=100 ackSequence=0 ttl=8 hops=0 payloadSize=13 rssi=0 snr=
[2026-09-02T18:36:04.673+00:00][B] [INFO] Heartbeat packet sent
[2026-09-02T18:36:04.706+00:00][A] [INFO] --------------------------------
[2026-09-02T18:36:04.707+00:00][A] [INFO] [HEARTBEAT TX]
[2026-09-02T18:36:04.712+00:00][A] [INFO] Node ID: 1
[2026-09-02T18:36:04.712+00:00][A] [INFO] type: 2
[2026-09-02T18:36:04.712+00:00][A] [INFO] Destination: 0xFF
[2026-09-02T18:36:04.717+00:00][A] [INFO] Sequence: 211
[2026-09-02T18:36:04.717+00:00][A] [INFO] Packet ID: 110
[2026-09-02T18:36:04.723+00:00][A] [INFO] Packet Size: 26
[2026-09-02T18:36:04.723+00:00][A] [INFO] Timestamp: 110 ms
[2026-09-02T18:36:04.728+00:00][A] [INFO] Transmission Result: success
[2026-09-02T18:36:04.728+00:00][A] [INFO] --------------------------------
[2026-09-02T18:36:04.734+00:00][A] [INFO] [Heartbeat #110]
[2026-09-02T18:36:04.734+00:00][A] [INFO] Sent
[2026-09-02T18:36:04.734+00:00][A] [INFO] Waiting ACK...
[2026-09-02T18:36:04.734+00:00][A] [INFO] [WAITING ACK]
[2026-09-02T18:36:04.748+00:00][A] [INFO] [RF TX] type=2 source=0x01 destination=0xFF previousHop=0x01 sequence=211 ackSequence=0 ttl=8 hops=0 payloadSize=13 rssi=0 snr=
[2026-09-02T18:36:04.748+00:00][A] [INFO] Heartbeat packet sent
[2026-09-02T18:36:05.547+00:00][B] [INFO] --------------------------------
[2026-09-02T18:36:05.547+00:00][B] [INFO] [HEARTBEAT TX]
[2026-09-02T18:36:05.553+00:00][B] [INFO] Node ID: 2
[2026-09-02T18:36:05.553+00:00][B] [INFO] type: 2
[2026-09-02T18:36:05.553+00:00][B] [INFO] Destination: 0xFF
[2026-09-02T18:36:05.555+00:00][A] [INFO] [RF RX] type=2 source=0x02 destination=0xFF previousHop=0x02 sequence=101 ackSequence=0 ttl=8 hops=0 payloadSize=13 rssi=-62 sn
[2026-09-02T18:36:05.558+00:00][B] [INFO] Sequence: 101
[2026-09-02T18:36:05.558+00:00][B] [INFO] Packet ID: 44
[2026-09-02T18:36:05.563+00:00][B] [INFO] Packet Size: 26
[2026-09-02T18:36:05.564+00:00][B] [INFO] Timestamp: 44 ms
[2026-09-02T18:36:05.564+00:00][B] [INFO] Transmission Result: success
[2026-09-02T18:36:05.569+00:00][B] [INFO] --------------------------------
[2026-09-02T18:36:05.570+00:00][B] [INFO] [Heartbeat #44]
[2026-09-02T18:36:05.575+00:00][B] [INFO] Sent
[2026-09-02T18:36:05.575+00:00][B] [INFO] Waiting ACK...
[2026-09-02T18:36:05.575+00:00][B] [INFO] [WAITING ACK]
[2026-09-02T18:36:05.588+00:00][B] [INFO] [RF TX] type=2 source=0x02 destination=0xFF previousHop=0x02 sequence=101 ackSequence=0 ttl=8 hops=0 payloadSize=13 rssi=0 snr=
[2026-09-02T18:36:05.589+00:00][B] [INFO] Heartbeat packet sent
[2026-09-02T18:36:05.623+00:00][A] [INFO] --------------------------------
[2026-09-02T18:36:05.623+00:00][A] [INFO] [HEARTBEAT TX]
[2026-09-02T18:36:05.628+00:00][A] [INFO] Node ID: 1
[2026-09-02T18:36:05.629+00:00][A] [INFO] type: 2
[2026-09-02T18:36:05.629+00:00][A] [INFO] Destination: 0xFF
[2026-09-02T18:36:05.634+00:00][A] [INFO] Sequence: 212
[2026-09-02T18:36:05.634+00:00][A] [INFO] Packet ID: 111
[2026-09-02T18:36:05.639+00:00][A] [INFO] Packet Size: 26
[2026-09-02T18:36:05.639+00:00][A] [INFO] Timestamp: 111 ms
[2026-09-02T18:36:05.645+00:00][A] [INFO] Transmission Result: success
[2026-09-02T18:36:05.645+00:00][A] [INFO] --------------------------------
[2026-09-02T18:36:05.650+00:00][A] [INFO] [Heartbeat #111]
[2026-09-02T18:36:05.650+00:00][A] [INFO] Sent
[2026-09-02T18:36:05.650+00:00][A] [INFO] Waiting ACK...
[2026-09-02T18:36:05.650+00:00][A] [INFO] [WAITING ACK]
[2026-09-02T18:36:05.664+00:00][A] [INFO] [RF TX] type=2 source=0x01 destination=0xFF previousHop=0x01 sequence=212 ackSequence=0 ttl=8 hops=0 payloadSize=13 rssi=0 snr=
[2026-09-02T18:36:05.665+00:00][A] [INFO] Heartbeat packet sent
[2026-09-02T18:36:06.564+00:00][B] [WARN] Retry 1
[2026-09-02T18:36:06.631+00:00][B] [INFO] --------------------------------
[2026-09-02T18:36:06.632+00:00][B] [INFO] [HEARTBEAT TX]
[2026-09-02T18:36:06.636+00:00][B] [INFO] Node ID: 2
[2026-09-02T18:36:06.637+00:00][B] [INFO] type: 2
[2026-09-02T18:36:06.637+00:00][B] [INFO] Destination: 0xFF
[2026-09-02T18:36:06.641+00:00][A] [INFO] [RF RX] type=2 source=0x02 destination=0xFF previousHop=0x02 sequence=101 ackSequence=0 ttl=8 hops=0 payloadSize=13 rssi=-61 sn
[2026-09-02T18:36:06.641+00:00][A] [WARN] Retry 1
[2026-09-02T18:36:06.642+00:00][B] [INFO] Sequence: 101
[2026-09-02T18:36:06.642+00:00][B] [INFO] Packet ID: 44
[2026-09-02T18:36:06.647+00:00][B] [INFO] Packet Size: 26
[2026-09-02T18:36:06.648+00:00][B] [INFO] Timestamp: 44 ms
[2026-09-02T18:36:06.648+00:00][B] [INFO] Transmission Result: success
[2026-09-02T18:36:06.654+00:00][B] [INFO] --------------------------------
[2026-09-02T18:36:06.654+00:00][B] [INFO] [Heartbeat #44]
[2026-09-02T18:36:06.659+00:00][B] [INFO] Sent
[2026-09-02T18:36:06.659+00:00][B] [INFO] Waiting ACK...
[2026-09-02T18:36:06.659+00:00][B] [INFO] [WAITING ACK]
[2026-09-02T18:36:06.673+00:00][B] [INFO] [RF TX] type=2 source=0x02 destination=0xFF previousHop=0x02 sequence=101 ackSequence=0 ttl=8 hops=0 payloadSize=13 rssi=0 snr=
[2026-09-02T18:36:06.673+00:00][B] [INFO] Heartbeat packet sent
[2026-09-02T18:36:06.707+00:00][A] [INFO] --------------------------------
[2026-09-02T18:36:06.707+00:00][A] [INFO] [HEARTBEAT TX]
[2026-09-02T18:36:06.712+00:00][A] [INFO] Node ID: 1
[2026-09-02T18:36:06.712+00:00][A] [INFO] type: 2
[2026-09-02T18:36:06.713+00:00][A] [INFO] Destination: 0xFF
[2026-09-02T18:36:06.717+00:00][A] [INFO] Sequence: 212
[2026-09-02T18:36:06.718+00:00][A] [INFO] Packet ID: 111
[2026-09-02T18:36:06.723+00:00][A] [INFO] Packet Size: 26
[2026-09-02T18:36:06.723+00:00][A] [INFO] Timestamp: 111 ms
[2026-09-02T18:36:06.728+00:00][A] [INFO] Transmission Result: success
[2026-09-02T18:36:06.729+00:00][A] [INFO] --------------------------------
[2026-09-02T18:36:06.734+00:00][A] [INFO] [Heartbeat #111]
[2026-09-02T18:36:06.734+00:00][A] [INFO] Sent
[2026-09-02T18:36:06.734+00:00][A] [INFO] Waiting ACK...
[2026-09-02T18:36:06.735+00:00][A] [INFO] [WAITING ACK]
[2026-09-02T18:36:06.748+00:00][A] [INFO] [RF TX] type=2 source=0x01 destination=0xFF previousHop=0x01 sequence=212 ackSequence=0 ttl=8 hops=0 payloadSize=13 rssi=0 snr=
[2026-09-02T18:36:06.748+00:00][A] [INFO] Heartbeat packet sent
[2026-09-02T18:36:07.547+00:00][B] [INFO] --------------------------------
[2026-09-02T18:36:07.548+00:00][B] [INFO] [HEARTBEAT TX]
[2026-09-02T18:36:07.552+00:00][B] [INFO] Node ID: 2
[2026-09-02T18:36:07.553+00:00][B] [INFO] type: 2
[2026-09-02T18:36:07.553+00:00][B] [INFO] Destination: 0xFF
[2026-09-02T18:36:07.555+00:00][A] [INFO] [RF RX] type=2 source=0x02 destination=0xFF previousHop=0x02 sequence=102 ackSequence=0 ttl=8 hops=0 payloadSize=13 rssi=-62 sn
[2026-09-02T18:36:07.558+00:00][B] [INFO] Sequence: 102
[2026-09-02T18:36:07.558+00:00][B] [INFO] Packet ID: 45
[2026-09-02T18:36:07.563+00:00][B] [INFO] Packet Size: 26
[2026-09-02T18:36:07.564+00:00][B] [INFO] Timestamp: 45 ms
[2026-09-02T18:36:07.565+00:00][B] [INFO] Transmission Result: success
[2026-09-02T18:36:07.569+00:00][B] [INFO] --------------------------------
[2026-09-02T18:36:07.570+00:00][B] [INFO] [Heartbeat #45]
[2026-09-02T18:36:07.575+00:00][B] [INFO] Sent
[2026-09-02T18:36:07.575+00:00][B] [INFO] Waiting ACK...
[2026-09-02T18:36:07.575+00:00][B] [INFO] [WAITING ACK]
[2026-09-02T18:36:07.588+00:00][B] [INFO] [RF TX] type=2 source=0x02 destination=0xFF previousHop=0x02 sequence=102 ackSequence=0 ttl=8 hops=0 payloadSize=13 rssi=0 snr=
[2026-09-02T18:36:07.589+00:00][B] [INFO] Heartbeat packet sent
[2026-09-02T18:36:07.623+00:00][A] [INFO] --------------------------------
[2026-09-02T18:36:07.624+00:00][A] [INFO] [HEARTBEAT TX]
[2026-09-02T18:36:07.628+00:00][A] [INFO] Node ID: 1
[2026-09-02T18:36:07.628+00:00][A] [INFO] type: 2
[2026-09-02T18:36:07.628+00:00][A] [INFO] Destination: 0xFF
[2026-09-02T18:36:07.633+00:00][A] [INFO] Sequence: 213
[2026-09-02T18:36:07.634+00:00][A] [INFO] Packet ID: 112
[2026-09-02T18:36:07.639+00:00][A] [INFO] Packet Size: 26
[2026-09-02T18:36:07.639+00:00][A] [INFO] Timestamp: 112 ms
[2026-09-02T18:36:07.644+00:00][A] [INFO] Transmission Result: success
[2026-09-02T18:36:07.645+00:00][A] [INFO] --------------------------------
[2026-09-02T18:36:07.650+00:00][A] [INFO] [Heartbeat #112]
[2026-09-02T18:36:07.650+00:00][A] [INFO] Sent
[2026-09-02T18:36:07.650+00:00][A] [INFO] Waiting ACK...
[2026-09-02T18:36:07.651+00:00][A] [INFO] [WAITING ACK]
[2026-09-02T18:36:07.664+00:00][A] [INFO] [RF TX] type=2 source=0x01 destination=0xFF previousHop=0x01 sequence=213 ackSequence=0 ttl=8 hops=0 payloadSize=13 rssi=0 snr=
[2026-09-02T18:36:07.665+00:00][A] [INFO] Heartbeat packet sent
[2026-09-02T18:36:08.564+00:00][B] [WARN] Retry 1
[2026-09-02T18:36:08.632+00:00][B] [INFO] --------------------------------
[2026-09-02T18:36:08.632+00:00][B] [INFO] [HEARTBEAT TX]
[2026-09-02T18:36:08.637+00:00][B] [INFO] Node ID: 2
[2026-09-02T18:36:08.637+00:00][B] [INFO] type: 2
[2026-09-02T18:36:08.639+00:00][B] [INFO] Destination: 0xFF
[2026-09-02T18:36:08.641+00:00][A] [INFO] [RF RX] type=2 source=0x02 destination=0xFF previousHop=0x02 sequence=102 ackSequence=0 ttl=8 hops=0 payloadSize=13 rssi=-62 sn
[2026-09-02T18:36:08.641+00:00][A] [WARN] Retry 1
[2026-09-02T18:36:08.642+00:00][B] [INFO] Sequence: 102
[2026-09-02T18:36:08.642+00:00][B] [INFO] Packet ID: 45
[2026-09-02T18:36:08.648+00:00][B] [INFO] Packet Size: 26
[2026-09-02T18:36:08.648+00:00][B] [INFO] Timestamp: 45 ms
[2026-09-02T18:36:08.649+00:00][B] [INFO] Transmission Result: success
[2026-09-02T18:36:08.653+00:00][B] [INFO] --------------------------------
[2026-09-02T18:36:08.654+00:00][B] [INFO] [Heartbeat #45]
[2026-09-02T18:36:08.659+00:00][B] [INFO] Sent
[2026-09-02T18:36:08.659+00:00][B] [INFO] Waiting ACK...
[2026-09-02T18:36:08.659+00:00][B] [INFO] [WAITING ACK]
[2026-09-02T18:36:08.672+00:00][B] [INFO] [RF TX] type=2 source=0x02 destination=0xFF previousHop=0x02 sequence=102 ackSequence=0 ttl=8 hops=0 payloadSize=13 rssi=0 snr=
[2026-09-02T18:36:08.673+00:00][B] [INFO] Heartbeat packet sent
[2026-09-02T18:36:08.706+00:00][A] [INFO] --------------------------------
[2026-09-02T18:36:08.706+00:00][A] [INFO] [HEARTBEAT TX]
[2026-09-02T18:36:08.712+00:00][A] [INFO] Node ID: 1
[2026-09-02T18:36:08.712+00:00][A] [INFO] type: 2
[2026-09-02T18:36:08.713+00:00][A] [INFO] Destination: 0xFF
[2026-09-02T18:36:08.717+00:00][A] [INFO] Sequence: 213
[2026-09-02T18:36:08.717+00:00][A] [INFO] Packet ID: 112
[2026-09-02T18:36:08.723+00:00][A] [INFO] Packet Size: 26
[2026-09-02T18:36:08.723+00:00][A] [INFO] Timestamp: 112 ms
[2026-09-02T18:36:08.728+00:00][A] [INFO] Transmission Result: success
[2026-09-02T18:36:08.729+00:00][A] [INFO] --------------------------------
[2026-09-02T18:36:08.734+00:00][A] [INFO] [Heartbeat #112]
[2026-09-02T18:36:08.734+00:00][A] [INFO] Sent
[2026-09-02T18:36:08.734+00:00][A] [INFO] Waiting ACK...
[2026-09-02T18:36:08.735+00:00][A] [INFO] [WAITING ACK]
[2026-09-02T18:36:08.748+00:00][A] [INFO] [RF TX] type=2 source=0x01 destination=0xFF previousHop=0x01 sequence=213 ackSequence=0 ttl=8 hops=0 payloadSize=13 rssi=0 snr=
[2026-09-02T18:36:08.749+00:00][A] [INFO] Heartbeat packet sent
[2026-09-02T18:36:09.547+00:00][B] [INFO] --------------------------------
[2026-09-02T18:36:09.547+00:00][B] [INFO] [HEARTBEAT TX]
[2026-09-02T18:36:09.552+00:00][B] [INFO] Node ID: 2
[2026-09-02T18:36:09.553+00:00][B] [INFO] type: 2
[2026-09-02T18:36:09.553+00:00][B] [INFO] Destination: 0xFF
[2026-09-02T18:36:09.555+00:00][A] [INFO] [RF RX] type=2 source=0x02 destination=0xFF previousHop=0x02 sequence=103 ackSequence=0 ttl=8 hops=0 payloadSize=13 rssi=-62 sn
[2026-09-02T18:36:09.558+00:00][B] [INFO] Sequence: 103
[2026-09-02T18:36:09.558+00:00][B] [INFO] Packet ID: 46
[2026-09-02T18:36:09.563+00:00][B] [INFO] Packet Size: 26
[2026-09-02T18:36:09.564+00:00][B] [INFO] Timestamp: 46 ms
[2026-09-02T18:36:09.565+00:00][B] [INFO] Transmission Result: success
[2026-09-02T18:36:09.569+00:00][B] [INFO] --------------------------------
[2026-09-02T18:36:09.570+00:00][B] [INFO] [Heartbeat #46]
[2026-09-02T18:36:09.575+00:00][B] [INFO] Sent
[2026-09-02T18:36:09.575+00:00][B] [INFO] Waiting ACK...
[2026-09-02T18:36:09.575+00:00][B] [INFO] [WAITING ACK]
[2026-09-02T18:36:09.589+00:00][B] [INFO] [RF TX] type=2 source=0x02 destination=0xFF previousHop=0x02 sequence=103 ackSequence=0 ttl=8 hops=0 payloadSize=13 rssi=0 snr=
[2026-09-02T18:36:09.589+00:00][B] [INFO] Heartbeat packet sent
[2026-09-02T18:36:09.623+00:00][A] [INFO] --------------------------------
[2026-09-02T18:36:09.623+00:00][A] [INFO] [HEARTBEAT TX]
[2026-09-02T18:36:09.628+00:00][A] [INFO] Node ID: 1
[2026-09-02T18:36:09.629+00:00][A] [INFO] type: 2
[2026-09-02T18:36:09.629+00:00][A] [INFO] Destination: 0xFF
[2026-09-02T18:36:09.634+00:00][A] [INFO] Sequence: 214
[2026-09-02T18:36:09.634+00:00][A] [INFO] Packet ID: 113
[2026-09-02T18:36:09.639+00:00][A] [INFO] Packet Size: 26
[2026-09-02T18:36:09.639+00:00][A] [INFO] Timestamp: 113 ms
[2026-09-02T18:36:09.644+00:00][A] [INFO] Transmission Result: success
[2026-09-02T18:36:09.645+00:00][A] [INFO] --------------------------------
[2026-09-02T18:36:09.650+00:00][A] [INFO] [Heartbeat #113]
[2026-09-02T18:36:09.650+00:00][A] [INFO] Sent
[2026-09-02T18:36:09.651+00:00][A] [INFO] Waiting ACK...
[2026-09-02T18:36:09.651+00:00][A] [INFO] [WAITING ACK]
[2026-09-02T18:36:09.664+00:00][A] [INFO] [RF TX] type=2 source=0x01 destination=0xFF previousHop=0x01 sequence=214 ackSequence=0 ttl=8 hops=0 payloadSize=13 rssi=0 snr=
[2026-09-02T18:36:09.665+00:00][A] [INFO] Heartbeat packet sent
[2026-09-02T18:36:10.564+00:00][B] [WARN] Retry 1
[2026-09-02T18:36:10.631+00:00][B] [INFO] --------------------------------
[2026-09-02T18:36:10.632+00:00][B] [INFO] [HEARTBEAT TX]
[2026-09-02T18:36:10.636+00:00][B] [INFO] Node ID: 2
[2026-09-02T18:36:10.637+00:00][B] [INFO] type: 2
[2026-09-02T18:36:10.637+00:00][B] [INFO] Destination: 0xFF
[2026-09-02T18:36:10.641+00:00][A] [INFO] [RF RX] type=2 source=0x02 destination=0xFF previousHop=0x02 sequence=103 ackSequence=0 ttl=8 hops=0 payloadSize=13 rssi=-62 sn
[2026-09-02T18:36:10.641+00:00][A] [WARN] Retry 1
[2026-09-02T18:36:10.642+00:00][B] [INFO] Sequence: 103
[2026-09-02T18:36:10.642+00:00][B] [INFO] Packet ID: 46
[2026-09-02T18:36:10.647+00:00][B] [INFO] Packet Size: 26
[2026-09-02T18:36:10.648+00:00][B] [INFO] Timestamp: 46 ms
[2026-09-02T18:36:10.648+00:00][B] [INFO] Transmission Result: success
[2026-09-02T18:36:10.653+00:00][B] [INFO] --------------------------------
[2026-09-02T18:36:10.653+00:00][B] [INFO] [Heartbeat #46]
[2026-09-02T18:36:10.658+00:00][B] [INFO] Sent
[2026-09-02T18:36:10.659+00:00][B] [INFO] Waiting ACK...
[2026-09-02T18:36:10.659+00:00][B] [INFO] [WAITING ACK]
[2026-09-02T18:36:10.672+00:00][B] [INFO] [RF TX] type=2 source=0x02 destination=0xFF previousHop=0x02 sequence=103 ackSequence=0 ttl=8 hops=0 payloadSize=13 rssi=0 snr=
[2026-09-02T18:36:10.673+00:00][B] [INFO] Heartbeat packet sent
[2026-09-02T18:36:10.707+00:00][A] [INFO] --------------------------------
[2026-09-02T18:36:10.707+00:00][A] [INFO] [HEARTBEAT TX]
[2026-09-02T18:36:10.712+00:00][A] [INFO] Node ID: 1
[2026-09-02T18:36:10.712+00:00][A] [INFO] type: 2
[2026-09-02T18:36:10.713+00:00][A] [INFO] Destination: 0xFF
[2026-09-02T18:36:10.717+00:00][A] [INFO] Sequence: 214
[2026-09-02T18:36:10.718+00:00][A] [INFO] Packet ID: 113
[2026-09-02T18:36:10.723+00:00][A] [INFO] Packet Size: 26
[2026-09-02T18:36:10.723+00:00][A] [INFO] Timestamp: 113 ms
[2026-09-02T18:36:10.728+00:00][A] [INFO] Transmission Result: success
[2026-09-02T18:36:10.729+00:00][A] [INFO] --------------------------------
[2026-09-02T18:36:10.734+00:00][A] [INFO] [Heartbeat #113]
[2026-09-02T18:36:10.734+00:00][A] [INFO] Sent
[2026-09-02T18:36:10.734+00:00][A] [INFO] Waiting ACK...
[2026-09-02T18:36:10.735+00:00][A] [INFO] [WAITING ACK]
[2026-09-02T18:36:10.748+00:00][A] [INFO] [RF TX] type=2 source=0x01 destination=0xFF previousHop=0x01 sequence=214 ackSequence=0 ttl=8 hops=0 payloadSize=13 rssi=0 snr=
[2026-09-02T18:36:10.749+00:00][A] [INFO] Heartbeat packet sent
[2026-09-02T18:36:11.547+00:00][B] [INFO] --------------------------------
[2026-09-02T18:36:11.547+00:00][B] [INFO] [HEARTBEAT TX]
[2026-09-02T18:36:11.552+00:00][B] [INFO] Node ID: 2
[2026-09-02T18:36:11.553+00:00][B] [INFO] type: 2
[2026-09-02T18:36:11.553+00:00][B] [INFO] Destination: 0xFF
[2026-09-02T18:36:11.555+00:00][A] [INFO] [RF RX] type=2 source=0x02 destination=0xFF previousHop=0x02 sequence=104 ackSequence=0 ttl=8 hops=0 payloadSize=13 rssi=-62 sn
[2026-09-02T18:36:11.558+00:00][B] [INFO] Sequence: 104
[2026-09-02T18:36:11.558+00:00][B] [INFO] Packet ID: 47
[2026-09-02T18:36:11.563+00:00][B] [INFO] Packet Size: 26
[2026-09-02T18:36:11.564+00:00][B] [INFO] Timestamp: 47 ms
[2026-09-02T18:36:11.564+00:00][B] [INFO] Transmission Result: success
[2026-09-02T18:36:11.569+00:00][B] [INFO] --------------------------------
[2026-09-02T18:36:11.569+00:00][B] [INFO] [Heartbeat #47]
[2026-09-02T18:36:11.574+00:00][B] [INFO] Sent
[2026-09-02T18:36:11.575+00:00][B] [INFO] Waiting ACK...
[2026-09-02T18:36:11.575+00:00][B] [INFO] [WAITING ACK]
[2026-09-02T18:36:11.588+00:00][B] [INFO] [RF TX] type=2 source=0x02 destination=0xFF previousHop=0x02 sequence=104 ackSequence=0 ttl=8 hops=0 payloadSize=13 rssi=0 snr=
[2026-09-02T18:36:11.589+00:00][B] [INFO] Heartbeat packet sent
[2026-09-02T18:36:11.623+00:00][A] [INFO] --------------------------------
[2026-09-02T18:36:11.623+00:00][A] [INFO] [HEARTBEAT TX]
[2026-09-02T18:36:11.630+00:00][A] [INFO] Node ID: 1
[2026-09-02T18:36:11.630+00:00][A] [INFO] type: 2
[2026-09-02T18:36:11.630+00:00][A] [INFO] Destination: 0xFF
[2026-09-02T18:36:11.633+00:00][A] [INFO] Sequence: 215
[2026-09-02T18:36:11.633+00:00][A] [INFO] Packet ID: 114
[2026-09-02T18:36:11.639+00:00][A] [INFO] Packet Size: 26
[2026-09-02T18:36:11.639+00:00][A] [INFO] Timestamp: 114 ms
[2026-09-02T18:36:11.644+00:00][A] [INFO] Transmission Result: success
[2026-09-02T18:36:11.645+00:00][A] [INFO] --------------------------------
[2026-09-02T18:36:11.650+00:00][A] [INFO] [Heartbeat #114]
[2026-09-02T18:36:11.650+00:00][A] [INFO] Sent
[2026-09-02T18:36:11.650+00:00][A] [INFO] Waiting ACK...
[2026-09-02T18:36:11.650+00:00][A] [INFO] [WAITING ACK]
[2026-09-02T18:36:11.664+00:00][A] [INFO] [RF TX] type=2 source=0x01 destination=0xFF previousHop=0x01 sequence=215 ackSequence=0 ttl=8 hops=0 payloadSize=13 rssi=0 snr=
[2026-09-02T18:36:11.664+00:00][A] [INFO] Heartbeat packet sent
[2026-09-02T18:36:12.564+00:00][B] [WARN] Retry 1
[2026-09-02T18:36:12.631+00:00][B] [INFO] --------------------------------
[2026-09-02T18:36:12.632+00:00][B] [INFO] [HEARTBEAT TX]
[2026-09-02T18:36:12.636+00:00][B] [INFO] Node ID: 2
[2026-09-02T18:36:12.636+00:00][B] [INFO] type: 2
[2026-09-02T18:36:12.637+00:00][B] [INFO] Destination: 0xFF
[2026-09-02T18:36:12.641+00:00][A] [INFO] [RF RX] type=2 source=0x02 destination=0xFF previousHop=0x02 sequence=104 ackSequence=0 ttl=8 hops=0 payloadSize=13 rssi=-62 sn
[2026-09-02T18:36:12.641+00:00][A] [WARN] Retry 1
[2026-09-02T18:36:12.642+00:00][B] [INFO] Sequence: 104
[2026-09-02T18:36:12.642+00:00][B] [INFO] Packet ID: 47
[2026-09-02T18:36:12.647+00:00][B] [INFO] Packet Size: 26
[2026-09-02T18:36:12.647+00:00][B] [INFO] Timestamp: 47 ms
[2026-09-02T18:36:12.648+00:00][B] [INFO] Transmission Result: success
[2026-09-02T18:36:12.653+00:00][B] [INFO] --------------------------------
[2026-09-02T18:36:12.653+00:00][B] [INFO] [Heartbeat #47]
[2026-09-02T18:36:12.658+00:00][B] [INFO] Sent
[2026-09-02T18:36:12.659+00:00][B] [INFO] Waiting ACK...
[2026-09-02T18:36:12.659+00:00][B] [INFO] [WAITING ACK]
[2026-09-02T18:36:12.672+00:00][B] [INFO] [RF TX] type=2 source=0x02 destination=0xFF previousHop=0x02 sequence=104 ackSequence=0 ttl=8 hops=0 payloadSize=13 rssi=0 snr=
[2026-09-02T18:36:12.673+00:00][B] [INFO] Heartbeat packet sent
[2026-09-02T18:36:12.706+00:00][A] [INFO] --------------------------------
[2026-09-02T18:36:12.706+00:00][A] [INFO] [HEARTBEAT TX]
[2026-09-02T18:36:12.712+00:00][A] [INFO] Node ID: 1
[2026-09-02T18:36:12.712+00:00][A] [INFO] type: 2
[2026-09-02T18:36:12.712+00:00][A] [INFO] Destination: 0xFF
[2026-09-02T18:36:12.717+00:00][A] [INFO] Sequence: 215
[2026-09-02T18:36:12.717+00:00][A] [INFO] Packet ID: 114
[2026-09-02T18:36:12.723+00:00][A] [INFO] Packet Size: 26
[2026-09-02T18:36:12.723+00:00][A] [INFO] Timestamp: 114 ms
[2026-09-02T18:36:12.728+00:00][A] [INFO] Transmission Result: success
[2026-09-02T18:36:12.729+00:00][A] [INFO] --------------------------------
[2026-09-02T18:36:12.734+00:00][A] [INFO] [Heartbeat #114]
[2026-09-02T18:36:12.734+00:00][A] [INFO] Sent
[2026-09-02T18:36:12.734+00:00][A] [INFO] Waiting ACK...
[2026-09-02T18:36:12.734+00:00][A] [INFO] [WAITING ACK]
[2026-09-02T18:36:12.748+00:00][A] [INFO] [RF TX] type=2 source=0x01 destination=0xFF previousHop=0x01 sequence=215 ackSequence=0 ttl=8 hops=0 payloadSize=13 rssi=0 snr=
[2026-09-02T18:36:12.749+00:00][A] [INFO] Heartbeat packet sent
[2026-09-02T18:36:13.547+00:00][B] [INFO] --------------------------------
[2026-09-02T18:36:13.547+00:00][B] [INFO] [HEARTBEAT TX]
[2026-09-02T18:36:13.552+00:00][B] [INFO] Node ID: 2
[2026-09-02T18:36:13.552+00:00][B] [INFO] type: 2
[2026-09-02T18:36:13.552+00:00][B] [INFO] Destination: 0xFF
[2026-09-02T18:36:13.555+00:00][A] [INFO] [RF RX] type=2 source=0x02 destination=0xFF previousHop=0x02 sequence=105 ackSequence=0 ttl=8 hops=0 payloadSize=13 rssi=-62 sn
[2026-09-02T18:36:13.558+00:00][B] [INFO] Sequence: 105
[2026-09-02T18:36:13.558+00:00][B] [INFO] Packet ID: 48
[2026-09-02T18:36:13.563+00:00][B] [INFO] Packet Size: 26
[2026-09-02T18:36:13.563+00:00][B] [INFO] Timestamp: 48 ms
[2026-09-02T18:36:13.564+00:00][B] [INFO] Transmission Result: success
[2026-09-02T18:36:13.569+00:00][B] [INFO] --------------------------------
[2026-09-02T18:36:13.569+00:00][B] [INFO] [Heartbeat #48]
[2026-09-02T18:36:13.574+00:00][B] [INFO] Sent
[2026-09-02T18:36:13.575+00:00][B] [INFO] Waiting ACK...
[2026-09-02T18:36:13.575+00:00][B] [INFO] [WAITING ACK]
[2026-09-02T18:36:13.588+00:00][B] [INFO] [RF TX] type=2 source=0x02 destination=0xFF previousHop=0x02 sequence=105 ackSequence=0 ttl=8 hops=0 payloadSize=13 rssi=0 snr=
[2026-09-02T18:36:13.589+00:00][B] [INFO] Heartbeat packet sent
[2026-09-02T18:36:13.622+00:00][A] [INFO] --------------------------------
[2026-09-02T18:36:13.622+00:00][A] [INFO] [HEARTBEAT TX]
[2026-09-02T18:36:13.628+00:00][A] [INFO] Node ID: 1
[2026-09-02T18:36:13.628+00:00][A] [INFO] type: 2
[2026-09-02T18:36:13.628+00:00][A] [INFO] Destination: 0xFF
[2026-09-02T18:36:13.633+00:00][A] [INFO] Sequence: 216
[2026-09-02T18:36:13.633+00:00][A] [INFO] Packet ID: 115
[2026-09-02T18:36:13.639+00:00][A] [INFO] Packet Size: 26
[2026-09-02T18:36:13.639+00:00][A] [INFO] Timestamp: 115 ms
[2026-09-02T18:36:13.644+00:00][A] [INFO] Transmission Result: success
[2026-09-02T18:36:13.644+00:00][A] [INFO] --------------------------------
[2026-09-02T18:36:13.650+00:00][A] [INFO] [Heartbeat #115]
[2026-09-02T18:36:13.650+00:00][A] [INFO] Sent
[2026-09-02T18:36:13.650+00:00][A] [INFO] Waiting ACK...
[2026-09-02T18:36:13.650+00:00][A] [INFO] [WAITING ACK]
[2026-09-02T18:36:13.664+00:00][A] [INFO] [RF TX] type=2 source=0x01 destination=0xFF previousHop=0x01 sequence=216 ackSequence=0 ttl=8 hops=0 payloadSize=13 rssi=0 snr=
[2026-09-02T18:36:13.666+00:00][A] [INFO] Heartbeat packet sent
[2026-09-02T18:36:14.564+00:00][B] [WARN] Retry 1
[2026-09-02T18:36:14.631+00:00][B] [INFO] --------------------------------
[2026-09-02T18:36:14.631+00:00][B] [INFO] [HEARTBEAT TX]
[2026-09-02T18:36:14.636+00:00][B] [INFO] Node ID: 2
[2026-09-02T18:36:14.636+00:00][B] [INFO] type: 2
[2026-09-02T18:36:14.637+00:00][B] [INFO] Destination: 0xFF
[2026-09-02T18:36:14.641+00:00][A] [INFO] [RF RX] type=2 source=0x02 destination=0xFF previousHop=0x02 sequence=105 ackSequence=0 ttl=8 hops=0 payloadSize=13 rssi=-62 sn
[2026-09-02T18:36:14.641+00:00][A] [WARN] Retry 1
[2026-09-02T18:36:14.642+00:00][B] [INFO] Sequence: 105
[2026-09-02T18:36:14.642+00:00][B] [INFO] Packet ID: 48
[2026-09-02T18:36:14.647+00:00][B] [INFO] Packet Size: 26
[2026-09-02T18:36:14.647+00:00][B] [INFO] Timestamp: 48 ms
[2026-09-02T18:36:14.648+00:00][B] [INFO] Transmission Result: success
[2026-09-02T18:36:14.653+00:00][B] [INFO] --------------------------------
[2026-09-02T18:36:14.653+00:00][B] [INFO] [Heartbeat #48]
[2026-09-02T18:36:14.658+00:00][B] [INFO] Sent
[2026-09-02T18:36:14.659+00:00][B] [INFO] Waiting ACK...
[2026-09-02T18:36:14.659+00:00][B] [INFO] [WAITING ACK]
[2026-09-02T18:36:14.672+00:00][B] [INFO] [RF TX] type=2 source=0x02 destination=0xFF previousHop=0x02 sequence=105 ackSequence=0 ttl=8 hops=0 payloadSize=13 rssi=0 snr=
[2026-09-02T18:36:14.673+00:00][B] [INFO] Heartbeat packet sent
[2026-09-02T18:36:14.706+00:00][A] [INFO] --------------------------------
[2026-09-02T18:36:14.707+00:00][A] [INFO] [HEARTBEAT TX]
[2026-09-02T18:36:14.712+00:00][A] [INFO] Node ID: 1
[2026-09-02T18:36:14.712+00:00][A] [INFO] type: 2
[2026-09-02T18:36:14.713+00:00][A] [INFO] Destination: 0xFF
[2026-09-02T18:36:14.717+00:00][A] [INFO] Sequence: 216
[2026-09-02T18:36:14.718+00:00][A] [INFO] Packet ID: 115
[2026-09-02T18:36:14.723+00:00][A] [INFO] Packet Size: 26
[2026-09-02T18:36:14.723+00:00][A] [INFO] Timestamp: 115 ms
[2026-09-02T18:36:14.728+00:00][A] [INFO] Transmission Result: success
[2026-09-02T18:36:14.730+00:00][A] [INFO] --------------------------------
[2026-09-02T18:36:14.734+00:00][A] [INFO] [Heartbeat #115]
[2026-09-02T18:36:14.734+00:00][A] [INFO] Sent
[2026-09-02T18:36:14.735+00:00][A] [INFO] Waiting ACK...
[2026-09-02T18:36:14.735+00:00][A] [INFO] [WAITING ACK]
[2026-09-02T18:36:14.748+00:00][A] [INFO] [RF TX] type=2 source=0x01 destination=0xFF previousHop=0x01 sequence=216 ackSequence=0 ttl=8 hops=0 payloadSize=13 rssi=0 snr=
[2026-09-02T18:36:14.748+00:00][A] [INFO] Heartbeat packet sent
[2026-09-02T18:36:15.547+00:00][B] [INFO] --------------------------------
[2026-09-02T18:36:15.548+00:00][B] [INFO] [HEARTBEAT TX]
[2026-09-02T18:36:15.552+00:00][B] [INFO] Node ID: 2
[2026-09-02T18:36:15.553+00:00][B] [INFO] type: 2
[2026-09-02T18:36:15.553+00:00][B] [INFO] Destination: 0xFF
[2026-09-02T18:36:15.555+00:00][A] [INFO] [RF RX] type=2 source=0x02 destination=0xFF previousHop=0x02 sequence=106 ackSequence=0 ttl=8 hops=0 payloadSize=13 rssi=-62 sn
[2026-09-02T18:36:15.558+00:00][B] [INFO] Sequence: 106
[2026-09-02T18:36:15.558+00:00][B] [INFO] Packet ID: 49
[2026-09-02T18:36:15.563+00:00][B] [INFO] Packet Size: 26
[2026-09-02T18:36:15.564+00:00][B] [INFO] Timestamp: 49 ms
[2026-09-02T18:36:15.564+00:00][B] [INFO] Transmission Result: success
[2026-09-02T18:36:15.569+00:00][B] [INFO] --------------------------------
[2026-09-02T18:36:15.570+00:00][B] [INFO] [Heartbeat #49]
[2026-09-02T18:36:15.574+00:00][B] [INFO] Sent
[2026-09-02T18:36:15.575+00:00][B] [INFO] Waiting ACK...
[2026-09-02T18:36:15.575+00:00][B] [INFO] [WAITING ACK]
[2026-09-02T18:36:15.588+00:00][B] [INFO] [RF TX] type=2 source=0x02 destination=0xFF previousHop=0x02 sequence=106 ackSequence=0 ttl=8 hops=0 payloadSize=13 rssi=0 snr=
[2026-09-02T18:36:15.589+00:00][B] [INFO] Heartbeat packet sent
[2026-09-02T18:36:15.622+00:00][A] [INFO] --------------------------------
[2026-09-02T18:36:15.623+00:00][A] [INFO] [HEARTBEAT TX]
[2026-09-02T18:36:15.628+00:00][A] [INFO] Node ID: 1
[2026-09-02T18:36:15.628+00:00][A] [INFO] type: 2
[2026-09-02T18:36:15.628+00:00][A] [INFO] Destination: 0xFF
[2026-09-02T18:36:15.633+00:00][A] [INFO] Sequence: 217
[2026-09-02T18:36:15.634+00:00][A] [INFO] Packet ID: 116
[2026-09-02T18:36:15.639+00:00][A] [INFO] Packet Size: 26
[2026-09-02T18:36:15.639+00:00][A] [INFO] Timestamp: 116 ms
[2026-09-02T18:36:15.644+00:00][A] [INFO] Transmission Result: success
[2026-09-02T18:36:15.645+00:00][A] [INFO] --------------------------------
[2026-09-02T18:36:15.650+00:00][A] [INFO] [Heartbeat #116]
[2026-09-02T18:36:15.650+00:00][A] [INFO] Sent
[2026-09-02T18:36:15.650+00:00][A] [INFO] Waiting ACK...
[2026-09-02T18:36:15.650+00:00][A] [INFO] [WAITING ACK]
[2026-09-02T18:36:15.664+00:00][A] [INFO] [RF TX] type=2 source=0x01 destination=0xFF previousHop=0x01 sequence=217 ackSequence=0 ttl=8 hops=0 payloadSize=13 rssi=0 snr=
[2026-09-02T18:36:15.664+00:00][A] [INFO] Heartbeat packet sent
[2026-09-02T18:36:16.564+00:00][B] [WARN] Retry 1
[2026-09-02T18:36:16.631+00:00][B] [INFO] --------------------------------
[2026-09-02T18:36:16.632+00:00][B] [INFO] [HEARTBEAT TX]
[2026-09-02T18:36:16.636+00:00][B] [INFO] Node ID: 2
[2026-09-02T18:36:16.637+00:00][B] [INFO] type: 2
[2026-09-02T18:36:16.637+00:00][B] [INFO] Destination: 0xFF
[2026-09-02T18:36:16.641+00:00][A] [INFO] [RF RX] type=2 source=0x02 destination=0xFF previousHop=0x02 sequence=106 ackSequence=0 ttl=8 hops=0 payloadSize=13 rssi=-62 sn
[2026-09-02T18:36:16.641+00:00][A] [WARN] Retry 1
[2026-09-02T18:36:16.642+00:00][B] [INFO] Sequence: 106
[2026-09-02T18:36:16.642+00:00][B] [INFO] Packet ID: 49
[2026-09-02T18:36:16.647+00:00][B] [INFO] Packet Size: 26
[2026-09-02T18:36:16.647+00:00][B] [INFO] Timestamp: 49 ms
[2026-09-02T18:36:16.648+00:00][B] [INFO] Transmission Result: success
[2026-09-02T18:36:16.653+00:00][B] [INFO] --------------------------------
[2026-09-02T18:36:16.653+00:00][B] [INFO] [Heartbeat #49]
[2026-09-02T18:36:16.658+00:00][B] [INFO] Sent
[2026-09-02T18:36:16.659+00:00][B] [INFO] Waiting ACK...
[2026-09-02T18:36:16.659+00:00][B] [INFO] [WAITING ACK]
[2026-09-02T18:36:16.672+00:00][B] [INFO] [RF TX] type=2 source=0x02 destination=0xFF previousHop=0x02 sequence=106 ackSequence=0 ttl=8 hops=0 payloadSize=13 rssi=0 snr=
[2026-09-02T18:36:16.673+00:00][B] [INFO] Heartbeat packet sent
[2026-09-02T18:36:16.706+00:00][A] [INFO] --------------------------------
[2026-09-02T18:36:16.707+00:00][A] [INFO] [HEARTBEAT TX]
[2026-09-02T18:36:16.712+00:00][A] [INFO] Node ID: 1
[2026-09-02T18:36:16.712+00:00][A] [INFO] type: 2
[2026-09-02T18:36:16.713+00:00][A] [INFO] Destination: 0xFF
[2026-09-02T18:36:16.717+00:00][A] [INFO] Sequence: 217
[2026-09-02T18:36:16.718+00:00][A] [INFO] Packet ID: 116
[2026-09-02T18:36:16.723+00:00][A] [INFO] Packet Size: 26
[2026-09-02T18:36:16.723+00:00][A] [INFO] Timestamp: 116 ms
[2026-09-02T18:36:16.728+00:00][A] [INFO] Transmission Result: success
[2026-09-02T18:36:16.729+00:00][A] [INFO] --------------------------------
[2026-09-02T18:36:16.734+00:00][A] [INFO] [Heartbeat #116]
[2026-09-02T18:36:16.734+00:00][A] [INFO] Sent
[2026-09-02T18:36:16.734+00:00][A] [INFO] Waiting ACK...
[2026-09-02T18:36:16.734+00:00][A] [INFO] [WAITING ACK]
[2026-09-02T18:36:16.748+00:00][A] [INFO] [RF TX] type=2 source=0x01 destination=0xFF previousHop=0x01 sequence=217 ackSequence=0 ttl=8 hops=0 payloadSize=13 rssi=0 snr=
[2026-09-02T18:36:16.748+00:00][A] [INFO] Heartbeat packet sent
[2026-09-02T18:36:17.547+00:00][B] [INFO] --------------------------------
[2026-09-02T18:36:17.547+00:00][B] [INFO] [HEARTBEAT TX]
[2026-09-02T18:36:17.552+00:00][B] [INFO] Node ID: 2
[2026-09-02T18:36:17.552+00:00][B] [INFO] type: 2
[2026-09-02T18:36:17.553+00:00][B] [INFO] Destination: 0xFF
[2026-09-02T18:36:17.555+00:00][A] [INFO] [RF RX] type=2 source=0x02 destination=0xFF previousHop=0x02 sequence=107 ackSequence=0 ttl=8 hops=0 payloadSize=13 rssi=-62 sn
[2026-09-02T18:36:17.558+00:00][B] [INFO] Sequence: 107
[2026-09-02T18:36:17.558+00:00][B] [INFO] Packet ID: 50
[2026-09-02T18:36:17.563+00:00][B] [INFO] Packet Size: 26
[2026-09-02T18:36:17.563+00:00][B] [INFO] Timestamp: 50 ms
[2026-09-02T18:36:17.564+00:00][B] [INFO] Transmission Result: success
[2026-09-02T18:36:17.569+00:00][B] [INFO] --------------------------------
[2026-09-02T18:36:17.570+00:00][B] [INFO] [Heartbeat #50]
[2026-09-02T18:36:17.574+00:00][B] [INFO] Sent
[2026-09-02T18:36:17.575+00:00][B] [INFO] Waiting ACK...
[2026-09-02T18:36:17.575+00:00][B] [INFO] [WAITING ACK]
[2026-09-02T18:36:17.588+00:00][B] [INFO] [RF TX] type=2 source=0x02 destination=0xFF previousHop=0x02 sequence=107 ackSequence=0 ttl=8 hops=0 payloadSize=13 rssi=0 snr=
[2026-09-02T18:36:17.589+00:00][B] [INFO] Heartbeat packet sent
[2026-09-02T18:36:17.622+00:00][A] [INFO] --------------------------------
[2026-09-02T18:36:17.623+00:00][A] [INFO] [HEARTBEAT TX]
[2026-09-02T18:36:17.628+00:00][A] [INFO] Node ID: 1
[2026-09-02T18:36:17.628+00:00][A] [INFO] type: 2
[2026-09-02T18:36:17.628+00:00][A] [INFO] Destination: 0xFF
[2026-09-02T18:36:17.633+00:00][A] [INFO] Sequence: 218
[2026-09-02T18:36:17.634+00:00][A] [INFO] Packet ID: 117
[2026-09-02T18:36:17.639+00:00][A] [INFO] Packet Size: 26
[2026-09-02T18:36:17.639+00:00][A] [INFO] Timestamp: 117 ms
[2026-09-02T18:36:17.644+00:00][A] [INFO] Transmission Result: success
[2026-09-02T18:36:17.645+00:00][A] [INFO] --------------------------------
[2026-09-02T18:36:17.650+00:00][A] [INFO] [Heartbeat #117]
[2026-09-02T18:36:17.650+00:00][A] [INFO] Sent
[2026-09-02T18:36:17.650+00:00][A] [INFO] Waiting ACK...
[2026-09-02T18:36:17.650+00:00][A] [INFO] [WAITING ACK]
[2026-09-02T18:36:17.664+00:00][A] [INFO] [RF TX] type=2 source=0x01 destination=0xFF previousHop=0x01 sequence=218 ackSequence=0 ttl=8 hops=0 payloadSize=13 rssi=0 snr=
[2026-09-02T18:36:17.665+00:00][A] [INFO] Heartbeat packet sent
[2026-09-02T18:36:18.564+00:00][B] [WARN] Retry 1
[2026-09-02T18:36:18.631+00:00][B] [INFO] --------------------------------
[2026-09-02T18:36:18.631+00:00][B] [INFO] [HEARTBEAT TX]
[2026-09-02T18:36:18.636+00:00][B] [INFO] Node ID: 2
[2026-09-02T18:36:18.636+00:00][B] [INFO] type: 2
[2026-09-02T18:36:18.637+00:00][B] [INFO] Destination: 0xFF
[2026-09-02T18:36:18.640+00:00][A] [INFO] [RF RX] type=2 source=0x02 destination=0xFF previousHop=0x02 sequence=107 ackSequence=0 ttl=8 hops=0 payloadSize=13 rssi=-61 sn
[2026-09-02T18:36:18.641+00:00][A] [WARN] Retry 1
[2026-09-02T18:36:18.642+00:00][B] [INFO] Sequence: 107
[2026-09-02T18:36:18.642+00:00][B] [INFO] Packet ID: 50
[2026-09-02T18:36:18.647+00:00][B] [INFO] Packet Size: 26
[2026-09-02T18:36:18.647+00:00][B] [INFO] Timestamp: 50 ms
[2026-09-02T18:36:18.648+00:00][B] [INFO] Transmission Result: success
[2026-09-02T18:36:18.654+00:00][B] [INFO] --------------------------------
[2026-09-02T18:36:18.654+00:00][B] [INFO] [Heartbeat #50]
[2026-09-02T18:36:18.658+00:00][B] [INFO] Sent
[2026-09-02T18:36:18.659+00:00][B] [INFO] Waiting ACK...
[2026-09-02T18:36:18.659+00:00][B] [INFO] [WAITING ACK]
[2026-09-02T18:36:18.672+00:00][B] [INFO] [RF TX] type=2 source=0x02 destination=0xFF previousHop=0x02 sequence=107 ackSequence=0 ttl=8 hops=0 payloadSize=13 rssi=0 snr=
[2026-09-02T18:36:18.673+00:00][B] [INFO] Heartbeat packet sent
[2026-09-02T18:36:18.706+00:00][A] [INFO] --------------------------------
[2026-09-02T18:36:18.707+00:00][A] [INFO] [HEARTBEAT TX]
[2026-09-02T18:36:18.712+00:00][A] [INFO] Node ID: 1
[2026-09-02T18:36:18.712+00:00][A] [INFO] type: 2
[2026-09-02T18:36:18.712+00:00][A] [INFO] Destination: 0xFF
[2026-09-02T18:36:18.717+00:00][A] [INFO] Sequence: 218
[2026-09-02T18:36:18.717+00:00][A] [INFO] Packet ID: 117
[2026-09-02T18:36:18.723+00:00][A] [INFO] Packet Size: 26
[2026-09-02T18:36:18.723+00:00][A] [INFO] Timestamp: 117 ms
[2026-09-02T18:36:18.728+00:00][A] [INFO] Transmission Result: success
[2026-09-02T18:36:18.729+00:00][A] [INFO] --------------------------------
[2026-09-02T18:36:18.734+00:00][A] [INFO] [Heartbeat #117]
[2026-09-02T18:36:18.734+00:00][A] [INFO] Sent
[2026-09-02T18:36:18.734+00:00][A] [INFO] Waiting ACK...
[2026-09-02T18:36:18.735+00:00][A] [INFO] [WAITING ACK]
[2026-09-02T18:36:18.748+00:00][A] [INFO] [RF TX] type=2 source=0x01 destination=0xFF previousHop=0x01 sequence=218 ackSequence=0 ttl=8 hops=0 payloadSize=13 rssi=0 snr=
[2026-09-02T18:36:18.749+00:00][A] [INFO] Heartbeat packet sent
[2026-09-02T18:36:19.547+00:00][B] [INFO] --------------------------------
[2026-09-02T18:36:19.548+00:00][B] [INFO] [HEARTBEAT TX]
[2026-09-02T18:36:19.552+00:00][B] [INFO] Node ID: 2
[2026-09-02T18:36:19.552+00:00][B] [INFO] type: 2
[2026-09-02T18:36:19.553+00:00][B] [INFO] Destination: 0xFF
[2026-09-02T18:36:19.555+00:00][A] [INFO] [RF RX] type=2 source=0x02 destination=0xFF previousHop=0x02 sequence=108 ackSequence=0 ttl=8 hops=0 payloadSize=13 rssi=-61 sn
[2026-09-02T18:36:19.558+00:00][B] [INFO] Sequence: 108
[2026-09-02T18:36:19.558+00:00][B] [INFO] Packet ID: 51
[2026-09-02T18:36:19.563+00:00][B] [INFO] Packet Size: 26
[2026-09-02T18:36:19.564+00:00][B] [INFO] Timestamp: 51 ms
[2026-09-02T18:36:19.564+00:00][B] [INFO] Transmission Result: success
[2026-09-02T18:36:19.569+00:00][B] [INFO] --------------------------------
[2026-09-02T18:36:19.570+00:00][B] [INFO] [Heartbeat #51]
[2026-09-02T18:36:19.574+00:00][B] [INFO] Sent
[2026-09-02T18:36:19.575+00:00][B] [INFO] Waiting ACK...
[2026-09-02T18:36:19.575+00:00][B] [INFO] [WAITING ACK]
[2026-09-02T18:36:19.588+00:00][B] [INFO] [RF TX] type=2 source=0x02 destination=0xFF previousHop=0x02 sequence=108 ackSequence=0 ttl=8 hops=0 payloadSize=13 rssi=0 snr=
[2026-09-02T18:36:19.588+00:00][B] [INFO] Heartbeat packet sent
[2026-09-02T18:36:19.622+00:00][A] [INFO] --------------------------------
[2026-09-02T18:36:19.622+00:00][A] [INFO] [HEARTBEAT TX]
[2026-09-02T18:36:19.627+00:00][A] [INFO] Node ID: 1
[2026-09-02T18:36:19.628+00:00][A] [INFO] type: 2
[2026-09-02T18:36:19.628+00:00][A] [INFO] Destination: 0xFF
[2026-09-02T18:36:19.633+00:00][A] [INFO] Sequence: 219
[2026-09-02T18:36:19.633+00:00][A] [INFO] Packet ID: 118
[2026-09-02T18:36:19.638+00:00][A] [INFO] Packet Size: 26
[2026-09-02T18:36:19.639+00:00][A] [INFO] Timestamp: 118 ms
[2026-09-02T18:36:19.644+00:00][A] [INFO] Transmission Result: success
[2026-09-02T18:36:19.644+00:00][A] [INFO] --------------------------------
[2026-09-02T18:36:19.650+00:00][A] [INFO] [Heartbeat #118]
[2026-09-02T18:36:19.650+00:00][A] [INFO] Sent
[2026-09-02T18:36:19.650+00:00][A] [INFO] Waiting ACK...
[2026-09-02T18:36:19.650+00:00][A] [INFO] [WAITING ACK]
[2026-09-02T18:36:19.664+00:00][A] [INFO] [RF TX] type=2 source=0x01 destination=0xFF previousHop=0x01 sequence=219 ackSequence=0 ttl=8 hops=0 payloadSize=13 rssi=0 snr=
[2026-09-02T18:36:19.664+00:00][A] [INFO] Heartbeat packet sent
[2026-09-02T18:36:20.566+00:00][B] [WARN] Retry 1
[2026-09-02T18:36:20.632+00:00][B] [INFO] --------------------------------
[2026-09-02T18:36:20.634+00:00][B] [INFO] [HEARTBEAT TX]
[2026-09-02T18:36:20.636+00:00][B] [INFO] Node ID: 2
[2026-09-02T18:36:20.637+00:00][B] [INFO] type: 2
[2026-09-02T18:36:20.637+00:00][B] [INFO] Destination: 0xFF
[2026-09-02T18:36:20.640+00:00][A] [INFO] [RF RX] type=2 source=0x02 destination=0xFF previousHop=0x02 sequence=108 ackSequence=0 ttl=8 hops=0 payloadSize=13 rssi=-61 sn
[2026-09-02T18:36:20.641+00:00][A] [WARN] Retry 1
[2026-09-02T18:36:20.642+00:00][B] [INFO] Sequence: 108
[2026-09-02T18:36:20.642+00:00][B] [INFO] Packet ID: 51
[2026-09-02T18:36:20.647+00:00][B] [INFO] Packet Size: 26
[2026-09-02T18:36:20.647+00:00][B] [INFO] Timestamp: 51 ms
[2026-09-02T18:36:20.648+00:00][B] [INFO] Transmission Result: success
[2026-09-02T18:36:20.654+00:00][B] [INFO] --------------------------------
[2026-09-02T18:36:20.654+00:00][B] [INFO] [Heartbeat #51]
[2026-09-02T18:36:20.658+00:00][B] [INFO] Sent
[2026-09-02T18:36:20.659+00:00][B] [INFO] Waiting ACK...
[2026-09-02T18:36:20.659+00:00][B] [INFO] [WAITING ACK]
[2026-09-02T18:36:20.672+00:00][B] [INFO] [RF TX] type=2 source=0x02 destination=0xFF previousHop=0x02 sequence=108 ackSequence=0 ttl=8 hops=0 payloadSize=13 rssi=0 snr=
[2026-09-02T18:36:20.672+00:00][B] [INFO] Heartbeat packet sent
[2026-09-02T18:36:20.706+00:00][A] [INFO] --------------------------------
[2026-09-02T18:36:20.707+00:00][A] [INFO] [HEARTBEAT TX]
[2026-09-02T18:36:20.712+00:00][A] [INFO] Node ID: 1
[2026-09-02T18:36:20.712+00:00][A] [INFO] type: 2
[2026-09-02T18:36:20.712+00:00][A] [INFO] Destination: 0xFF
[2026-09-02T18:36:20.717+00:00][A] [INFO] Sequence: 219
[2026-09-02T18:36:20.717+00:00][A] [INFO] Packet ID: 118
[2026-09-02T18:36:20.722+00:00][A] [INFO] Packet Size: 26
[2026-09-02T18:36:20.723+00:00][A] [INFO] Timestamp: 118 ms
[2026-09-02T18:36:20.728+00:00][A] [INFO] Transmission Result: success
[2026-09-02T18:36:20.729+00:00][A] [INFO] --------------------------------
[2026-09-02T18:36:20.734+00:00][A] [INFO] [Heartbeat #118]
[2026-09-02T18:36:20.734+00:00][A] [INFO] Sent
[2026-09-02T18:36:20.734+00:00][A] [INFO] Waiting ACK...
[2026-09-02T18:36:20.736+00:00][A] [INFO] [WAITING ACK]
[2026-09-02T18:36:20.748+00:00][A] [INFO] [RF TX] type=2 source=0x01 destination=0xFF previousHop=0x01 sequence=219 ackSequence=0 ttl=8 hops=0 payloadSize=13 rssi=0 snr=
[2026-09-02T18:36:20.748+00:00][A] [INFO] Heartbeat packet sent
[2026-09-02T18:36:21.547+00:00][B] [INFO] --------------------------------
[2026-09-02T18:36:21.548+00:00][B] [INFO] [HEARTBEAT TX]
[2026-09-02T18:36:21.552+00:00][B] [INFO] Node ID: 2
[2026-09-02T18:36:21.552+00:00][B] [INFO] type: 2
[2026-09-02T18:36:21.553+00:00][B] [INFO] Destination: 0xFF
[2026-09-02T18:36:21.555+00:00][A] [INFO] [RF RX] type=2 source=0x02 destination=0xFF previousHop=0x02 sequence=109 ackSequence=0 ttl=8 hops=0 payloadSize=13 rssi=-62 sn
[2026-09-02T18:36:21.557+00:00][B] [INFO] Sequence: 109
[2026-09-02T18:36:21.558+00:00][B] [INFO] Packet ID: 52
[2026-09-02T18:36:21.563+00:00][B] [INFO] Packet Size: 26
[2026-09-02T18:36:21.563+00:00][B] [INFO] Timestamp: 52 ms
[2026-09-02T18:36:21.564+00:00][B] [INFO] Transmission Result: success
[2026-09-02T18:36:21.569+00:00][B] [INFO] --------------------------------
[2026-09-02T18:36:21.569+00:00][B] [INFO] [Heartbeat #52]
[2026-09-02T18:36:21.574+00:00][B] [INFO] Sent
[2026-09-02T18:36:21.575+00:00][B] [INFO] Waiting ACK...
[2026-09-02T18:36:21.575+00:00][B] [INFO] [WAITING ACK]
[2026-09-02T18:36:21.588+00:00][B] [INFO] [RF TX] type=2 source=0x02 destination=0xFF previousHop=0x02 sequence=109 ackSequence=0 ttl=8 hops=0 payloadSize=13 rssi=0 snr=
[2026-09-02T18:36:21.588+00:00][B] [INFO] Heartbeat packet sent
[2026-09-02T18:36:21.622+00:00][A] [INFO] --------------------------------
[2026-09-02T18:36:21.623+00:00][A] [INFO] [HEARTBEAT TX]
[2026-09-02T18:36:21.628+00:00][A] [INFO] Node ID: 1
[2026-09-02T18:36:21.628+00:00][A] [INFO] type: 2
[2026-09-02T18:36:21.628+00:00][A] [INFO] Destination: 0xFF
[2026-09-02T18:36:21.633+00:00][A] [INFO] Sequence: 220
[2026-09-02T18:36:21.636+00:00][A] [INFO] Packet ID: 119
[2026-09-02T18:36:21.638+00:00][A] [INFO] Packet Size: 26
[2026-09-02T18:36:21.639+00:00][A] [INFO] Timestamp: 119 ms
[2026-09-02T18:36:21.644+00:00][A] [INFO] Transmission Result: success
[2026-09-02T18:36:21.644+00:00][A] [INFO] --------------------------------
[2026-09-02T18:36:21.650+00:00][A] [INFO] [Heartbeat #119]
[2026-09-02T18:36:21.650+00:00][A] [INFO] Sent
[2026-09-02T18:36:21.650+00:00][A] [INFO] Waiting ACK...
[2026-09-02T18:36:21.650+00:00][A] [INFO] [WAITING ACK]
[2026-09-02T18:36:21.664+00:00][A] [INFO] [RF TX] type=2 source=0x01 destination=0xFF previousHop=0x01 sequence=220 ackSequence=0 ttl=8 hops=0 payloadSize=13 rssi=0 snr=
[2026-09-02T18:36:21.664+00:00][A] [INFO] Heartbeat packet sent
[2026-09-02T18:36:22.564+00:00][B] [WARN] Retry 1
[2026-09-02T18:36:22.631+00:00][B] [INFO] --------------------------------
[2026-09-02T18:36:22.631+00:00][B] [INFO] [HEARTBEAT TX]
[2026-09-02T18:36:22.636+00:00][B] [INFO] Node ID: 2
[2026-09-02T18:36:22.636+00:00][B] [INFO] type: 2
[2026-09-02T18:36:22.636+00:00][B] [INFO] Destination: 0xFF
[2026-09-02T18:36:22.640+00:00][A] [INFO] [RF RX] type=2 source=0x02 destination=0xFF previousHop=0x02 sequence=109 ackSequence=0 ttl=8 hops=0 payloadSize=13 rssi=-62 sn
[2026-09-02T18:36:22.640+00:00][A] [WARN] Retry 1
[2026-09-02T18:36:22.641+00:00][B] [INFO] Sequence: 109
[2026-09-02T18:36:22.642+00:00][B] [INFO] Packet ID: 52
[2026-09-02T18:36:22.647+00:00][B] [INFO] Packet Size: 26
[2026-09-02T18:36:22.647+00:00][B] [INFO] Timestamp: 52 ms
[2026-09-02T18:36:22.648+00:00][B] [INFO] Transmission Result: success
[2026-09-02T18:36:22.653+00:00][B] [INFO] --------------------------------
[2026-09-02T18:36:22.653+00:00][B] [INFO] [Heartbeat #52]
[2026-09-02T18:36:22.658+00:00][B] [INFO] Sent
[2026-09-02T18:36:22.658+00:00][B] [INFO] Waiting ACK...
[2026-09-02T18:36:22.659+00:00][B] [INFO] [WAITING ACK]
[2026-09-02T18:36:22.672+00:00][B] [INFO] [RF TX] type=2 source=0x02 destination=0xFF previousHop=0x02 sequence=109 ackSequence=0 ttl=8 hops=0 payloadSize=13 rssi=0 snr=
[2026-09-02T18:36:22.672+00:00][B] [INFO] Heartbeat packet sent
[2026-09-02T18:36:22.706+00:00][A] [INFO] --------------------------------
[2026-09-02T18:36:22.707+00:00][A] [INFO] [HEARTBEAT TX]
[2026-09-02T18:36:22.711+00:00][A] [INFO] Node ID: 1
[2026-09-02T18:36:22.712+00:00][A] [INFO] type: 2
[2026-09-02T18:36:22.712+00:00][A] [INFO] Destination: 0xFF
[2026-09-02T18:36:22.717+00:00][A] [INFO] Sequence: 220
[2026-09-02T18:36:22.717+00:00][A] [INFO] Packet ID: 119
[2026-09-02T18:36:22.722+00:00][A] [INFO] Packet Size: 26
[2026-09-02T18:36:22.723+00:00][A] [INFO] Timestamp: 119 ms
[2026-09-02T18:36:22.728+00:00][A] [INFO] Transmission Result: success
[2026-09-02T18:36:22.728+00:00][A] [INFO] --------------------------------
[2026-09-02T18:36:22.733+00:00][A] [INFO] [Heartbeat #119]
[2026-09-02T18:36:22.734+00:00][A] [INFO] Sent
[2026-09-02T18:36:22.734+00:00][A] [INFO] Waiting ACK...
[2026-09-02T18:36:22.734+00:00][A] [INFO] [WAITING ACK]
[2026-09-02T18:36:22.748+00:00][A] [INFO] [RF TX] type=2 source=0x01 destination=0xFF previousHop=0x01 sequence=220 ackSequence=0 ttl=8 hops=0 payloadSize=13 rssi=0 snr=
[2026-09-02T18:36:22.748+00:00][A] [INFO] Heartbeat packet sent
[2026-09-02T18:36:23.546+00:00][B] [INFO] --------------------------------
[2026-09-02T18:36:23.547+00:00][B] [INFO] [HEARTBEAT TX]
[2026-09-02T18:36:23.552+00:00][B] [INFO] Node ID: 2
[2026-09-02T18:36:23.552+00:00][B] [INFO] type: 2
[2026-09-02T18:36:23.552+00:00][B] [INFO] Destination: 0xFF
[2026-09-02T18:36:23.555+00:00][A] [INFO] [RF RX] type=2 source=0x02 destination=0xFF previousHop=0x02 sequence=110 ackSequence=0 ttl=8 hops=0 payloadSize=13 rssi=-62 sn
[2026-09-02T18:36:23.557+00:00][B] [INFO] Sequence: 110
[2026-09-02T18:36:23.558+00:00][B] [INFO] Packet ID: 53
[2026-09-02T18:36:23.563+00:00][B] [INFO] Packet Size: 26
[2026-09-02T18:36:23.563+00:00][B] [INFO] Timestamp: 53 ms
[2026-09-02T18:36:23.563+00:00][B] [INFO] Transmission Result: success
[2026-09-02T18:36:23.569+00:00][B] [INFO] --------------------------------
[2026-09-02T18:36:23.569+00:00][B] [INFO] [Heartbeat #53]
[2026-09-02T18:36:23.574+00:00][B] [INFO] Sent
[2026-09-02T18:36:23.574+00:00][B] [INFO] Waiting ACK...
[2026-09-02T18:36:23.574+00:00][B] [INFO] [WAITING ACK]
[2026-09-02T18:36:23.588+00:00][B] [INFO] [RF TX] type=2 source=0x02 destination=0xFF previousHop=0x02 sequence=110 ackSequence=0 ttl=8 hops=0 payloadSize=13 rssi=0 snr=
[2026-09-02T18:36:23.588+00:00][B] [INFO] Heartbeat packet sent
[2026-09-02T18:36:23.627+00:00][A] [INFO] --------------------------------
[2026-09-02T18:36:23.628+00:00][A] [INFO] [HEARTBEAT TX]
[2026-09-02T18:36:23.629+00:00][A] [INFO] Node ID: 1
[2026-09-02T18:36:23.629+00:00][A] [INFO] type: 2
[2026-09-02T18:36:23.630+00:00][A] [INFO] Destination: 0xFF
[2026-09-02T18:36:23.634+00:00][A] [INFO] Sequence: 221
[2026-09-02T18:36:23.644+00:00][A] [INFO] Packet ID: 120
[2026-09-02T18:36:23.650+00:00][A] [INFO] Packet Size: 26
[2026-09-02T18:36:23.650+00:00][A] [INFO] Timestamp: 120 ms
[2026-09-02T18:36:23.650+00:00][A] [INFO] Transmission Result: success
[2026-09-02T18:36:23.650+00:00][A] [INFO] --------------------------------
[2026-09-02T18:36:23.650+00:00][A] [INFO] [Heartbeat #120]
[2026-09-02T18:36:23.650+00:00][A] [INFO] Sent
[2026-09-02T18:36:23.650+00:00][A] [INFO] Waiting ACK...
[2026-09-02T18:36:23.650+00:00][A] [INFO] [WAITING ACK]
[2026-09-02T18:36:23.674+00:00][A] [INFO] [RF TX] type=2 source=0x01 destination=0xFF previousHop=0x01 sequence=221 ackSequence=0 ttl=8 hops=0 payloadSize=13 rssi=0 snr=
[2026-09-02T18:36:23.674+00:00][A] [INFO] Heartbeat packet sent
[2026-09-02T18:36:24.564+00:00][B] [WARN] Retry 1
[2026-09-02T18:36:24.631+00:00][B] [INFO] --------------------------------
[2026-09-02T18:36:24.631+00:00][B] [INFO] [HEARTBEAT TX]
[2026-09-02T18:36:24.640+00:00][B] [INFO] Node ID: 2
[2026-09-02T18:36:24.640+00:00][B] [INFO] type: 2
[2026-09-02T18:36:24.641+00:00][B] [INFO] Destination: 0xFF
[2026-09-02T18:36:24.641+00:00][A] [INFO] [RF RX] type=2 source=0x02 destination=0xFF previousHop=0x02 sequence=110 ackSequence=0 ttl=8 hops=0 payloadSize=13 rssi=-61 sn
[2026-09-02T18:36:24.641+00:00][A] [WARN] Retry 1
[2026-09-02T18:36:24.642+00:00][B] [INFO] Sequence: 110
[2026-09-02T18:36:24.642+00:00][B] [INFO] Packet ID: 53
[2026-09-02T18:36:24.647+00:00][B] [INFO] Packet Size: 26
[2026-09-02T18:36:24.647+00:00][B] [INFO] Timestamp: 53 ms
[2026-09-02T18:36:24.647+00:00][B] [INFO] Transmission Result: success
[2026-09-02T18:36:24.652+00:00][B] [INFO] --------------------------------
[2026-09-02T18:36:24.653+00:00][B] [INFO] [Heartbeat #53]
[2026-09-02T18:36:24.658+00:00][B] [INFO] Sent
[2026-09-02T18:36:24.658+00:00][B] [INFO] Waiting ACK...
[2026-09-02T18:36:24.658+00:00][B] [INFO] [WAITING ACK]
[2026-09-02T18:36:24.672+00:00][B] [INFO] [RF TX] type=2 source=0x02 destination=0xFF previousHop=0x02 sequence=110 ackSequence=0 ttl=8 hops=0 payloadSize=13 rssi=0 snr=
[2026-09-02T18:36:24.672+00:00][B] [INFO] Heartbeat packet sent
[2026-09-02T18:36:24.706+00:00][A] [INFO] --------------------------------
[2026-09-02T18:36:24.706+00:00][A] [INFO] [HEARTBEAT TX]
[2026-09-02T18:36:24.711+00:00][A] [INFO] Node ID: 1
[2026-09-02T18:36:24.711+00:00][A] [INFO] type: 2
[2026-09-02T18:36:24.711+00:00][A] [INFO] Destination: 0xFF
[2026-09-02T18:36:24.717+00:00][A] [INFO] Sequence: 221
[2026-09-02T18:36:24.717+00:00][A] [INFO] Packet ID: 120
[2026-09-02T18:36:24.722+00:00][A] [INFO] Packet Size: 26
[2026-09-02T18:36:24.722+00:00][A] [INFO] Timestamp: 120 ms
[2026-09-02T18:36:24.728+00:00][A] [INFO] Transmission Result: success
[2026-09-02T18:36:24.728+00:00][A] [INFO] --------------------------------
[2026-09-02T18:36:24.733+00:00][A] [INFO] [Heartbeat #120]
[2026-09-02T18:36:24.733+00:00][A] [INFO] Sent
[2026-09-02T18:36:24.733+00:00][A] [INFO] Waiting ACK...
[2026-09-02T18:36:24.733+00:00][A] [INFO] [WAITING ACK]
[2026-09-02T18:36:24.748+00:00][A] [INFO] [RF TX] type=2 source=0x01 destination=0xFF previousHop=0x01 sequence=221 ackSequence=0 ttl=8 hops=0 payloadSize=13 rssi=0 snr=
[2026-09-02T18:36:24.748+00:00][A] [INFO] Heartbeat packet sent
[2026-09-02T18:36:25.547+00:00][B] [INFO] --------------------------------
[2026-09-02T18:36:25.547+00:00][B] [INFO] [HEARTBEAT TX]
[2026-09-02T18:36:25.552+00:00][B] [INFO] Node ID: 2
[2026-09-02T18:36:25.552+00:00][B] [INFO] type: 2
[2026-09-02T18:36:25.552+00:00][B] [INFO] Destination: 0xFF
[2026-09-02T18:36:25.555+00:00][A] [INFO] [RF RX] type=2 source=0x02 destination=0xFF previousHop=0x02 sequence=111 ackSequence=0 ttl=8 hops=0 payloadSize=13 rssi=-63 sn
[2026-09-02T18:36:25.557+00:00][B] [INFO] Sequence: 111
[2026-09-02T18:36:25.558+00:00][B] [INFO] Packet ID: 54
[2026-09-02T18:36:25.563+00:00][B] [INFO] Packet Size: 26
[2026-09-02T18:36:25.563+00:00][B] [INFO] Timestamp: 54 ms
[2026-09-02T18:36:25.564+00:00][B] [INFO] Transmission Result: success
[2026-09-02T18:36:25.569+00:00][B] [INFO] --------------------------------
[2026-09-02T18:36:25.569+00:00][B] [INFO] [Heartbeat #54]
[2026-09-02T18:36:25.574+00:00][B] [INFO] Sent
[2026-09-02T18:36:25.575+00:00][B] [INFO] Waiting ACK...
[2026-09-02T18:36:25.575+00:00][B] [INFO] [WAITING ACK]
[2026-09-02T18:36:25.588+00:00][B] [INFO] [RF TX] type=2 source=0x02 destination=0xFF previousHop=0x02 sequence=111 ackSequence=0 ttl=8 hops=0 payloadSize=13 rssi=0 snr=
[2026-09-02T18:36:25.588+00:00][B] [INFO] Heartbeat packet sent
[2026-09-02T18:36:25.622+00:00][A] [INFO] --------------------------------
[2026-09-02T18:36:25.623+00:00][A] [INFO] [HEARTBEAT TX]
[2026-09-02T18:36:25.627+00:00][A] [INFO] Node ID: 1
[2026-09-02T18:36:25.628+00:00][A] [INFO] type: 2
[2026-09-02T18:36:25.628+00:00][A] [INFO] Destination: 0xFF
[2026-09-02T18:36:25.633+00:00][A] [INFO] Sequence: 222
[2026-09-02T18:36:25.633+00:00][A] [INFO] Packet ID: 121
[2026-09-02T18:36:25.638+00:00][A] [INFO] Packet Size: 26
[2026-09-02T18:36:25.639+00:00][A] [INFO] Timestamp: 121 ms
[2026-09-02T18:36:25.644+00:00][A] [INFO] Transmission Result: success
[2026-09-02T18:36:25.644+00:00][A] [INFO] --------------------------------
[2026-09-02T18:36:25.649+00:00][A] [INFO] [Heartbeat #121]
[2026-09-02T18:36:25.650+00:00][A] [INFO] Sent
[2026-09-02T18:36:25.650+00:00][A] [INFO] Waiting ACK...
[2026-09-02T18:36:25.650+00:00][A] [INFO] [WAITING ACK]
[2026-09-02T18:36:25.664+00:00][A] [INFO] [RF TX] type=2 source=0x01 destination=0xFF previousHop=0x01 sequence=222 ackSequence=0 ttl=8 hops=0 payloadSize=13 rssi=0 snr=
[2026-09-02T18:36:25.664+00:00][A] [INFO] Heartbeat packet sent
[2026-09-02T18:36:26.563+00:00][B] [WARN] Retry 1
[2026-09-02T18:36:26.630+00:00][B] [INFO] --------------------------------
[2026-09-02T18:36:26.630+00:00][B] [INFO] [HEARTBEAT TX]
[2026-09-02T18:36:26.636+00:00][B] [INFO] Node ID: 2
[2026-09-02T18:36:26.636+00:00][B] [INFO] type: 2
[2026-09-02T18:36:26.636+00:00][B] [INFO] Destination: 0xFF
[2026-09-02T18:36:26.640+00:00][A] [INFO] [RF RX] type=2 source=0x02 destination=0xFF previousHop=0x02 sequence=111 ackSequence=0 ttl=8 hops=0 payloadSize=13 rssi=-63 sn
[2026-09-02T18:36:26.640+00:00][A] [WARN] Retry 1
[2026-09-02T18:36:26.641+00:00][B] [INFO] Sequence: 111
[2026-09-02T18:36:26.641+00:00][B] [INFO] Packet ID: 54
[2026-09-02T18:36:26.647+00:00][B] [INFO] Packet Size: 26
[2026-09-02T18:36:26.647+00:00][B] [INFO] Timestamp: 54 ms
[2026-09-02T18:36:26.647+00:00][B] [INFO] Transmission Result: success
[2026-09-02T18:36:26.653+00:00][B] [INFO] --------------------------------
[2026-09-02T18:36:26.653+00:00][B] [INFO] [Heartbeat #54]
[2026-09-02T18:36:26.658+00:00][B] [INFO] Sent
[2026-09-02T18:36:26.658+00:00][B] [INFO] Waiting ACK...
[2026-09-02T18:36:26.658+00:00][B] [INFO] [WAITING ACK]
[2026-09-02T18:36:26.672+00:00][B] [INFO] [RF TX] type=2 source=0x02 destination=0xFF previousHop=0x02 sequence=111 ackSequence=0 ttl=8 hops=0 payloadSize=13 rssi=0 snr=
[2026-09-02T18:36:26.672+00:00][B] [INFO] Heartbeat packet sent
[2026-09-02T18:36:26.706+00:00][A] [INFO] --------------------------------
[2026-09-02T18:36:26.706+00:00][A] [INFO] [HEARTBEAT TX]
[2026-09-02T18:36:26.711+00:00][A] [INFO] Node ID: 1
[2026-09-02T18:36:26.711+00:00][A] [INFO] type: 2
[2026-09-02T18:36:26.712+00:00][A] [INFO] Destination: 0xFF
[2026-09-02T18:36:26.717+00:00][A] [INFO] Sequence: 222
[2026-09-02T18:36:26.717+00:00][A] [INFO] Packet ID: 121
[2026-09-02T18:36:26.722+00:00][A] [INFO] Packet Size: 26
[2026-09-02T18:36:26.723+00:00][A] [INFO] Timestamp: 121 ms
[2026-09-02T18:36:26.728+00:00][A] [INFO] Transmission Result: success
[2026-09-02T18:36:26.728+00:00][A] [INFO] --------------------------------
[2026-09-02T18:36:26.733+00:00][A] [INFO] [Heartbeat #121]
[2026-09-02T18:36:26.734+00:00][A] [INFO] Sent
[2026-09-02T18:36:26.734+00:00][A] [INFO] Waiting ACK...
[2026-09-02T18:36:26.734+00:00][A] [INFO] [WAITING ACK]
[2026-09-02T18:36:26.748+00:00][A] [INFO] [RF TX] type=2 source=0x01 destination=0xFF previousHop=0x01 sequence=222 ackSequence=0 ttl=8 hops=0 payloadSize=13 rssi=0 snr=
[2026-09-02T18:36:26.748+00:00][A] [INFO] Heartbeat packet sent
[2026-09-02T18:36:27.547+00:00][B] [INFO] --------------------------------
[2026-09-02T18:36:27.547+00:00][B] [INFO] [HEARTBEAT TX]
[2026-09-02T18:36:27.552+00:00][B] [INFO] Node ID: 2
[2026-09-02T18:36:27.552+00:00][B] [INFO] type: 2
[2026-09-02T18:36:27.552+00:00][B] [INFO] Destination: 0xFF
[2026-09-02T18:36:27.555+00:00][A] [INFO] [RF RX] type=2 source=0x02 destination=0xFF previousHop=0x02 sequence=112 ackSequence=0 ttl=8 hops=0 payloadSize=13 rssi=-62 sn
[2026-09-02T18:36:27.557+00:00][B] [INFO] Sequence: 112
[2026-09-02T18:36:27.558+00:00][B] [INFO] Packet ID: 55
[2026-09-02T18:36:27.563+00:00][B] [INFO] Packet Size: 26
[2026-09-02T18:36:27.563+00:00][B] [INFO] Timestamp: 55 ms
[2026-09-02T18:36:27.563+00:00][B] [INFO] Transmission Result: success
[2026-09-02T18:36:27.569+00:00][B] [INFO] --------------------------------
[2026-09-02T18:36:27.569+00:00][B] [INFO] [Heartbeat #55]
[2026-09-02T18:36:27.574+00:00][B] [INFO] Sent
[2026-09-02T18:36:27.574+00:00][B] [INFO] Waiting ACK...
[2026-09-02T18:36:27.575+00:00][B] [INFO] [WAITING ACK]
[2026-09-02T18:36:27.588+00:00][B] [INFO] [RF TX] type=2 source=0x02 destination=0xFF previousHop=0x02 sequence=112 ackSequence=0 ttl=8 hops=0 payloadSize=13 rssi=0 snr=
[2026-09-02T18:36:27.588+00:00][B] [INFO] Heartbeat packet sent
[2026-09-02T18:36:27.622+00:00][A] [INFO] --------------------------------
[2026-09-02T18:36:27.622+00:00][A] [INFO] [HEARTBEAT TX]
[2026-09-02T18:36:27.627+00:00][A] [INFO] Node ID: 1
[2026-09-02T18:36:27.627+00:00][A] [INFO] type: 2
[2026-09-02T18:36:27.628+00:00][A] [INFO] Destination: 0xFF
[2026-09-02T18:36:27.633+00:00][A] [INFO] Sequence: 223
[2026-09-02T18:36:27.633+00:00][A] [INFO] Packet ID: 122
[2026-09-02T18:36:27.638+00:00][A] [INFO] Packet Size: 26
[2026-09-02T18:36:27.638+00:00][A] [INFO] Timestamp: 122 ms
[2026-09-02T18:36:27.644+00:00][A] [INFO] Transmission Result: success
[2026-09-02T18:36:27.644+00:00][A] [INFO] --------------------------------
[2026-09-02T18:36:27.649+00:00][A] [INFO] [Heartbeat #122]
[2026-09-02T18:36:27.649+00:00][A] [INFO] Sent
[2026-09-02T18:36:27.650+00:00][A] [INFO] Waiting ACK...
[2026-09-02T18:36:27.650+00:00][A] [INFO] [WAITING ACK]
[2026-09-02T18:36:27.663+00:00][A] [INFO] [RF TX] type=2 source=0x01 destination=0xFF previousHop=0x01 sequence=223 ackSequence=0 ttl=8 hops=0 payloadSize=13 rssi=0 snr=
[2026-09-02T18:36:27.664+00:00][A] [INFO] Heartbeat packet sent
[2026-09-02T18:36:28.564+00:00][B] [WARN] Retry 1
[2026-09-02T18:36:28.631+00:00][B] [INFO] --------------------------------
[2026-09-02T18:36:28.631+00:00][B] [INFO] [HEARTBEAT TX]
[2026-09-02T18:36:28.636+00:00][B] [INFO] Node ID: 2
[2026-09-02T18:36:28.637+00:00][B] [INFO] type: 2
[2026-09-02T18:36:28.637+00:00][B] [INFO] Destination: 0xFF
[2026-09-02T18:36:28.640+00:00][A] [INFO] [RF RX] type=2 source=0x02 destination=0xFF previousHop=0x02 sequence=112 ackSequence=0 ttl=8 hops=0 payloadSize=13 rssi=-62 sn
[2026-09-02T18:36:28.640+00:00][A] [WARN] Retry 1
[2026-09-02T18:36:28.641+00:00][B] [INFO] Sequence: 112
[2026-09-02T18:36:28.642+00:00][B] [INFO] Packet ID: 55
[2026-09-02T18:36:28.647+00:00][B] [INFO] Packet Size: 26
[2026-09-02T18:36:28.647+00:00][B] [INFO] Timestamp: 55 ms
[2026-09-02T18:36:28.647+00:00][B] [INFO] Transmission Result: success
[2026-09-02T18:36:28.653+00:00][B] [INFO] --------------------------------
[2026-09-02T18:36:28.653+00:00][B] [INFO] [Heartbeat #55]
[2026-09-02T18:36:28.658+00:00][B] [INFO] Sent
[2026-09-02T18:36:28.658+00:00][B] [INFO] Waiting ACK...
[2026-09-02T18:36:28.659+00:00][B] [INFO] [WAITING ACK]
[2026-09-02T18:36:28.672+00:00][B] [INFO] [RF TX] type=2 source=0x02 destination=0xFF previousHop=0x02 sequence=112 ackSequence=0 ttl=8 hops=0 payloadSize=13 rssi=0 snr=
[2026-09-02T18:36:28.672+00:00][B] [INFO] Heartbeat packet sent
[2026-09-02T18:36:28.706+00:00][A] [INFO] --------------------------------
[2026-09-02T18:36:28.707+00:00][A] [INFO] [HEARTBEAT TX]
[2026-09-02T18:36:28.711+00:00][A] [INFO] Node ID: 1
[2026-09-02T18:36:28.712+00:00][A] [INFO] type: 2
[2026-09-02T18:36:28.712+00:00][A] [INFO] Destination: 0xFF
[2026-09-02T18:36:28.717+00:00][A] [INFO] Sequence: 223
[2026-09-02T18:36:28.717+00:00][A] [INFO] Packet ID: 122
[2026-09-02T18:36:28.722+00:00][A] [INFO] Packet Size: 26
[2026-09-02T18:36:28.723+00:00][A] [INFO] Timestamp: 122 ms
[2026-09-02T18:36:28.728+00:00][A] [INFO] Transmission Result: success
[2026-09-02T18:36:28.728+00:00][A] [INFO] --------------------------------
[2026-09-02T18:36:28.733+00:00][A] [INFO] [Heartbeat #122]
[2026-09-02T18:36:28.734+00:00][A] [INFO] Sent
[2026-09-02T18:36:28.734+00:00][A] [INFO] Waiting ACK...
[2026-09-02T18:36:28.734+00:00][A] [INFO] [WAITING ACK]
[2026-09-02T18:36:28.748+00:00][A] [INFO] [RF TX] type=2 source=0x01 destination=0xFF previousHop=0x01 sequence=223 ackSequence=0 ttl=8 hops=0 payloadSize=13 rssi=0 snr=
[2026-09-02T18:36:28.748+00:00][A] [INFO] Heartbeat packet sent
[2026-09-02T18:36:29.547+00:00][B] [INFO] --------------------------------
[2026-09-02T18:36:29.547+00:00][B] [INFO] [HEARTBEAT TX]
[2026-09-02T18:36:29.552+00:00][B] [INFO] Node ID: 2
[2026-09-02T18:36:29.553+00:00][B] [INFO] type: 2
[2026-09-02T18:36:29.553+00:00][B] [INFO] Destination: 0xFF
[2026-09-02T18:36:29.555+00:00][A] [INFO] [RF RX] type=2 source=0x02 destination=0xFF previousHop=0x02 sequence=113 ackSequence=0 ttl=8 hops=0 payloadSize=13 rssi=-62 sn
[2026-09-02T18:36:29.557+00:00][B] [INFO] Sequence: 113
[2026-09-02T18:36:29.558+00:00][B] [INFO] Packet ID: 56
[2026-09-02T18:36:29.563+00:00][B] [INFO] Packet Size: 26
[2026-09-02T18:36:29.563+00:00][B] [INFO] Timestamp: 56 ms
[2026-09-02T18:36:29.564+00:00][B] [INFO] Transmission Result: success
[2026-09-02T18:36:29.569+00:00][B] [INFO] --------------------------------
[2026-09-02T18:36:29.569+00:00][B] [INFO] [Heartbeat #56]
[2026-09-02T18:36:29.574+00:00][B] [INFO] Sent
[2026-09-02T18:36:29.574+00:00][B] [INFO] Waiting ACK...
[2026-09-02T18:36:29.575+00:00][B] [INFO] [WAITING ACK]
[2026-09-02T18:36:29.588+00:00][B] [INFO] [RF TX] type=2 source=0x02 destination=0xFF previousHop=0x02 sequence=113 ackSequence=0 ttl=8 hops=0 payloadSize=13 rssi=0 snr=
[2026-09-02T18:36:29.588+00:00][B] [INFO] Heartbeat packet sent
[2026-09-02T18:36:29.622+00:00][A] [INFO] --------------------------------
[2026-09-02T18:36:29.622+00:00][A] [INFO] [HEARTBEAT TX]
[2026-09-02T18:36:29.627+00:00][A] [INFO] Node ID: 1
[2026-09-02T18:36:29.627+00:00][A] [INFO] type: 2
[2026-09-02T18:36:29.628+00:00][A] [INFO] Destination: 0xFF
[2026-09-02T18:36:29.633+00:00][A] [INFO] Sequence: 224
[2026-09-02T18:36:29.633+00:00][A] [INFO] Packet ID: 123
[2026-09-02T18:36:29.638+00:00][A] [INFO] Packet Size: 26
[2026-09-02T18:36:29.638+00:00][A] [INFO] Timestamp: 123 ms
[2026-09-02T18:36:29.644+00:00][A] [INFO] Transmission Result: success
[2026-09-02T18:36:29.644+00:00][A] [INFO] --------------------------------
[2026-09-02T18:36:29.649+00:00][A] [INFO] [Heartbeat #123]
[2026-09-02T18:36:29.650+00:00][A] [INFO] Sent
[2026-09-02T18:36:29.650+00:00][A] [INFO] Waiting ACK...
[2026-09-02T18:36:29.650+00:00][A] [INFO] [WAITING ACK]
[2026-09-02T18:36:29.663+00:00][A] [INFO] [RF TX] type=2 source=0x01 destination=0xFF previousHop=0x01 sequence=224 ackSequence=0 ttl=8 hops=0 payloadSize=13 rssi=0 snr=
[2026-09-02T18:36:29.664+00:00][A] [INFO] Heartbeat packet sent
[2026-09-02T18:36:30.564+00:00][B] [WARN] Retry 1
[2026-09-02T18:36:30.631+00:00][B] [INFO] --------------------------------
[2026-09-02T18:36:30.632+00:00][B] [INFO] [HEARTBEAT TX]
[2026-09-02T18:36:30.636+00:00][B] [INFO] Node ID: 2
[2026-09-02T18:36:30.636+00:00][B] [INFO] type: 2
[2026-09-02T18:36:30.637+00:00][B] [INFO] Destination: 0xFF
[2026-09-02T18:36:30.640+00:00][A] [INFO] [RF RX] type=2 source=0x02 destination=0xFF previousHop=0x02 sequence=113 ackSequence=0 ttl=8 hops=0 payloadSize=13 rssi=-62 sn
[2026-09-02T18:36:30.640+00:00][A] [WARN] Retry 1
[2026-09-02T18:36:30.641+00:00][B] [INFO] Sequence: 113
[2026-09-02T18:36:30.641+00:00][B] [INFO] Packet ID: 56
[2026-09-02T18:36:30.647+00:00][B] [INFO] Packet Size: 26
[2026-09-02T18:36:30.647+00:00][B] [INFO] Timestamp: 56 ms
[2026-09-02T18:36:30.647+00:00][B] [INFO] Transmission Result: success
[2026-09-02T18:36:30.653+00:00][B] [INFO] --------------------------------
[2026-09-02T18:36:30.653+00:00][B] [INFO] [Heartbeat #56]
[2026-09-02T18:36:30.658+00:00][B] [INFO] Sent
[2026-09-02T18:36:30.658+00:00][B] [INFO] Waiting ACK...
[2026-09-02T18:36:30.658+00:00][B] [INFO] [WAITING ACK]
[2026-09-02T18:36:30.672+00:00][B] [INFO] [RF TX] type=2 source=0x02 destination=0xFF previousHop=0x02 sequence=113 ackSequence=0 ttl=8 hops=0 payloadSize=13 rssi=0 snr=
[2026-09-02T18:36:30.672+00:00][B] [INFO] Heartbeat packet sent
[2026-09-02T18:36:30.706+00:00][A] [INFO] --------------------------------
[2026-09-02T18:36:30.706+00:00][A] [INFO] [HEARTBEAT TX]
[2026-09-02T18:36:30.711+00:00][A] [INFO] Node ID: 1
[2026-09-02T18:36:30.712+00:00][A] [INFO] type: 2
[2026-09-02T18:36:30.712+00:00][A] [INFO] Destination: 0xFF
[2026-09-02T18:36:30.717+00:00][A] [INFO] Sequence: 224
[2026-09-02T18:36:30.717+00:00][A] [INFO] Packet ID: 123
[2026-09-02T18:36:30.722+00:00][A] [INFO] Packet Size: 26
[2026-09-02T18:36:30.723+00:00][A] [INFO] Timestamp: 123 ms
[2026-09-02T18:36:30.728+00:00][A] [INFO] Transmission Result: success
[2026-09-02T18:36:30.728+00:00][A] [INFO] --------------------------------
[2026-09-02T18:36:30.733+00:00][A] [INFO] [Heartbeat #123]
[2026-09-02T18:36:30.734+00:00][A] [INFO] Sent
[2026-09-02T18:36:30.734+00:00][A] [INFO] Waiting ACK...
[2026-09-02T18:36:30.734+00:00][A] [INFO] [WAITING ACK]
[2026-09-02T18:36:30.748+00:00][A] [INFO] [RF TX] type=2 source=0x01 destination=0xFF previousHop=0x01 sequence=224 ackSequence=0 ttl=8 hops=0 payloadSize=13 rssi=0 snr=
[2026-09-02T18:36:30.748+00:00][A] [INFO] Heartbeat packet sent
[2026-09-02T18:36:31.547+00:00][B] [INFO] --------------------------------
[2026-09-02T18:36:31.547+00:00][B] [INFO] [HEARTBEAT TX]
[2026-09-02T18:36:31.552+00:00][B] [INFO] Node ID: 2
[2026-09-02T18:36:31.552+00:00][B] [INFO] type: 2
[2026-09-02T18:36:31.553+00:00][B] [INFO] Destination: 0xFF
[2026-09-02T18:36:31.555+00:00][A] [INFO] [RF RX] type=2 source=0x02 destination=0xFF previousHop=0x02 sequence=114 ackSequence=0 ttl=8 hops=0 payloadSize=13 rssi=-62 sn
[2026-09-02T18:36:31.557+00:00][B] [INFO] Sequence: 114
[2026-09-02T18:36:31.558+00:00][B] [INFO] Packet ID: 57
[2026-09-02T18:36:31.563+00:00][B] [INFO] Packet Size: 26
[2026-09-02T18:36:31.563+00:00][B] [INFO] Timestamp: 57 ms
[2026-09-02T18:36:31.563+00:00][B] [INFO] Transmission Result: success
[2026-09-02T18:36:31.569+00:00][B] [INFO] --------------------------------
[2026-09-02T18:36:31.569+00:00][B] [INFO] [Heartbeat #57]
[2026-09-02T18:36:31.574+00:00][B] [INFO] Sent
[2026-09-02T18:36:31.574+00:00][B] [INFO] Waiting ACK...
[2026-09-02T18:36:31.575+00:00][B] [INFO] [WAITING ACK]
[2026-09-02T18:36:31.588+00:00][B] [INFO] [RF TX] type=2 source=0x02 destination=0xFF previousHop=0x02 sequence=114 ackSequence=0 ttl=8 hops=0 payloadSize=13 rssi=0 snr=
[2026-09-02T18:36:31.588+00:00][B] [INFO] Heartbeat packet sent
[2026-09-02T18:36:31.622+00:00][A] [INFO] --------------------------------
[2026-09-02T18:36:31.622+00:00][A] [INFO] [HEARTBEAT TX]
[2026-09-02T18:36:31.627+00:00][A] [INFO] Node ID: 1
[2026-09-02T18:36:31.628+00:00][A] [INFO] type: 2
[2026-09-02T18:36:31.628+00:00][A] [INFO] Destination: 0xFF
[2026-09-02T18:36:31.633+00:00][A] [INFO] Sequence: 225
[2026-09-02T18:36:31.633+00:00][A] [INFO] Packet ID: 124
[2026-09-02T18:36:31.638+00:00][A] [INFO] Packet Size: 26
[2026-09-02T18:36:31.638+00:00][A] [INFO] Timestamp: 124 ms
[2026-09-02T18:36:31.644+00:00][A] [INFO] Transmission Result: success
[2026-09-02T18:36:31.644+00:00][A] [INFO] --------------------------------
[2026-09-02T18:36:31.649+00:00][A] [INFO] [Heartbeat #124]
[2026-09-02T18:36:31.650+00:00][A] [INFO] Sent
[2026-09-02T18:36:31.650+00:00][A] [INFO] Waiting ACK...
[2026-09-02T18:36:31.650+00:00][A] [INFO] [WAITING ACK]
[2026-09-02T18:36:31.663+00:00][A] [INFO] [RF TX] type=2 source=0x01 destination=0xFF previousHop=0x01 sequence=225 ackSequence=0 ttl=8 hops=0 payloadSize=13 rssi=0 snr=
[2026-09-02T18:36:31.664+00:00][A] [INFO] Heartbeat packet sent
[2026-09-02T18:36:32.564+00:00][B] [WARN] Retry 1
[2026-09-02T18:36:32.631+00:00][B] [INFO] --------------------------------
[2026-09-02T18:36:32.631+00:00][B] [INFO] [HEARTBEAT TX]
[2026-09-02T18:36:32.636+00:00][B] [INFO] Node ID: 2
[2026-09-02T18:36:32.636+00:00][B] [INFO] type: 2
[2026-09-02T18:36:32.636+00:00][B] [INFO] Destination: 0xFF
[2026-09-02T18:36:32.640+00:00][A] [INFO] [RF RX] type=2 source=0x02 destination=0xFF previousHop=0x02 sequence=114 ackSequence=0 ttl=8 hops=0 payloadSize=13 rssi=-61 sn
[2026-09-02T18:36:32.640+00:00][A] [WARN] Retry 1
[2026-09-02T18:36:32.641+00:00][B] [INFO] Sequence: 114
[2026-09-02T18:36:32.641+00:00][B] [INFO] Packet ID: 57
[2026-09-02T18:36:32.647+00:00][B] [INFO] Packet Size: 26
[2026-09-02T18:36:32.647+00:00][B] [INFO] Timestamp: 57 ms
[2026-09-02T18:36:32.647+00:00][B] [INFO] Transmission Result: success
[2026-09-02T18:36:32.653+00:00][B] [INFO] --------------------------------
[2026-09-02T18:36:32.653+00:00][B] [INFO] [Heartbeat #57]
[2026-09-02T18:36:32.658+00:00][B] [INFO] Sent
[2026-09-02T18:36:32.658+00:00][B] [INFO] Waiting ACK...
[2026-09-02T18:36:32.658+00:00][B] [INFO] [WAITING ACK]
[2026-09-02T18:36:32.672+00:00][B] [INFO] [RF TX] type=2 source=0x02 destination=0xFF previousHop=0x02 sequence=114 ackSequence=0 ttl=8 hops=0 payloadSize=13 rssi=0 snr=
[2026-09-02T18:36:32.672+00:00][B] [INFO] Heartbeat packet sent
[2026-09-02T18:36:32.706+00:00][A] [INFO] --------------------------------
[2026-09-02T18:36:32.707+00:00][A] [INFO] [HEARTBEAT TX]
[2026-09-02T18:36:32.712+00:00][A] [INFO] Node ID: 1
[2026-09-02T18:36:32.712+00:00][A] [INFO] type: 2
[2026-09-02T18:36:32.712+00:00][A] [INFO] Destination: 0xFF
[2026-09-02T18:36:32.717+00:00][A] [INFO] Sequence: 225
[2026-09-02T18:36:32.717+00:00][A] [INFO] Packet ID: 124
[2026-09-02T18:36:32.722+00:00][A] [INFO] Packet Size: 26
[2026-09-02T18:36:32.723+00:00][A] [INFO] Timestamp: 124 ms
[2026-09-02T18:36:32.728+00:00][A] [INFO] Transmission Result: success
[2026-09-02T18:36:32.728+00:00][A] [INFO] --------------------------------
[2026-09-02T18:36:32.733+00:00][A] [INFO] [Heartbeat #124]
[2026-09-02T18:36:32.734+00:00][A] [INFO] Sent
[2026-09-02T18:36:32.734+00:00][A] [INFO] Waiting ACK...
[2026-09-02T18:36:32.734+00:00][A] [INFO] [WAITING ACK]
[2026-09-02T18:36:32.748+00:00][A] [INFO] [RF TX] type=2 source=0x01 destination=0xFF previousHop=0x01 sequence=225 ackSequence=0 ttl=8 hops=0 payloadSize=13 rssi=0 snr=
[2026-09-02T18:36:32.748+00:00][A] [INFO] Heartbeat packet sent
[2026-09-02T18:36:33.547+00:00][B] [INFO] --------------------------------
[2026-09-02T18:36:33.547+00:00][B] [INFO] [HEARTBEAT TX]
[2026-09-02T18:36:33.552+00:00][B] [INFO] Node ID: 2
[2026-09-02T18:36:33.552+00:00][B] [INFO] type: 2
[2026-09-02T18:36:33.553+00:00][B] [INFO] Destination: 0xFF
[2026-09-02T18:36:33.555+00:00][A] [INFO] [RF RX] type=2 source=0x02 destination=0xFF previousHop=0x02 sequence=115 ackSequence=0 ttl=8 hops=0 payloadSize=13 rssi=-62 sn
[2026-09-02T18:36:33.557+00:00][B] [INFO] Sequence: 115
[2026-09-02T18:36:33.558+00:00][B] [INFO] Packet ID: 58
[2026-09-02T18:36:33.563+00:00][B] [INFO] Packet Size: 26
[2026-09-02T18:36:33.563+00:00][B] [INFO] Timestamp: 58 ms
[2026-09-02T18:36:33.563+00:00][B] [INFO] Transmission Result: success
[2026-09-02T18:36:33.570+00:00][B] [INFO] --------------------------------
[2026-09-02T18:36:33.571+00:00][B] [INFO] [Heartbeat #58]
[2026-09-02T18:36:33.574+00:00][B] [INFO] Sent
[2026-09-02T18:36:33.574+00:00][B] [INFO] Waiting ACK...
[2026-09-02T18:36:33.575+00:00][B] [INFO] [WAITING ACK]
[2026-09-02T18:36:33.588+00:00][B] [INFO] [RF TX] type=2 source=0x02 destination=0xFF previousHop=0x02 sequence=115 ackSequence=0 ttl=8 hops=0 payloadSize=13 rssi=0 snr=
[2026-09-02T18:36:33.588+00:00][B] [INFO] Heartbeat packet sent
[2026-09-02T18:36:33.622+00:00][A] [INFO] --------------------------------
[2026-09-02T18:36:33.622+00:00][A] [INFO] [HEARTBEAT TX]
[2026-09-02T18:36:33.627+00:00][A] [INFO] Node ID: 1
[2026-09-02T18:36:33.627+00:00][A] [INFO] type: 2
[2026-09-02T18:36:33.628+00:00][A] [INFO] Destination: 0xFF
[2026-09-02T18:36:33.633+00:00][A] [INFO] Sequence: 226
[2026-09-02T18:36:33.633+00:00][A] [INFO] Packet ID: 125
[2026-09-02T18:36:33.638+00:00][A] [INFO] Packet Size: 26
[2026-09-02T18:36:33.638+00:00][A] [INFO] Timestamp: 125 ms
[2026-09-02T18:36:33.644+00:00][A] [INFO] Transmission Result: success
[2026-09-02T18:36:33.644+00:00][A] [INFO] --------------------------------
[2026-09-02T18:36:33.649+00:00][A] [INFO] [Heartbeat #125]
[2026-09-02T18:36:33.649+00:00][A] [INFO] Sent
[2026-09-02T18:36:33.650+00:00][A] [INFO] Waiting ACK...
[2026-09-02T18:36:33.650+00:00][A] [INFO] [WAITING ACK]
[2026-09-02T18:36:33.663+00:00][A] [INFO] [RF TX] type=2 source=0x01 destination=0xFF previousHop=0x01 sequence=226 ackSequence=0 ttl=8 hops=0 payloadSize=13 rssi=0 snr=
[2026-09-02T18:36:33.664+00:00][A] [INFO] Heartbeat packet sent
[2026-09-02T18:36:34.563+00:00][B] [WARN] Retry 1
[2026-09-02T18:36:34.630+00:00][B] [INFO] --------------------------------
[2026-09-02T18:36:34.631+00:00][B] [INFO] [HEARTBEAT TX]
[2026-09-02T18:36:34.636+00:00][B] [INFO] Node ID: 2
[2026-09-02T18:36:34.636+00:00][B] [INFO] type: 2
[2026-09-02T18:36:34.636+00:00][B] [INFO] Destination: 0xFF
[2026-09-02T18:36:34.640+00:00][A] [INFO] [RF RX] type=2 source=0x02 destination=0xFF previousHop=0x02 sequence=115 ackSequence=0 ttl=8 hops=0 payloadSize=13 rssi=-62 sn
[2026-09-02T18:36:34.640+00:00][A] [WARN] Retry 1
[2026-09-02T18:36:34.641+00:00][B] [INFO] Sequence: 115
[2026-09-02T18:36:34.641+00:00][B] [INFO] Packet ID: 58
[2026-09-02T18:36:34.647+00:00][B] [INFO] Packet Size: 26
[2026-09-02T18:36:34.647+00:00][B] [INFO] Timestamp: 58 ms
[2026-09-02T18:36:34.647+00:00][B] [INFO] Transmission Result: success
[2026-09-02T18:36:34.653+00:00][B] [INFO] --------------------------------
[2026-09-02T18:36:34.653+00:00][B] [INFO] [Heartbeat #58]
[2026-09-02T18:36:34.658+00:00][B] [INFO] Sent
[2026-09-02T18:36:34.658+00:00][B] [INFO] Waiting ACK...
[2026-09-02T18:36:34.658+00:00][B] [INFO] [WAITING ACK]
[2026-09-02T18:36:34.672+00:00][B] [INFO] [RF TX] type=2 source=0x02 destination=0xFF previousHop=0x02 sequence=115 ackSequence=0 ttl=8 hops=0 payloadSize=13 rssi=0 snr=
[2026-09-02T18:36:34.672+00:00][B] [INFO] Heartbeat packet sent
[2026-09-02T18:36:34.706+00:00][A] [INFO] --------------------------------
[2026-09-02T18:36:34.706+00:00][A] [INFO] [HEARTBEAT TX]
[2026-09-02T18:36:34.711+00:00][A] [INFO] Node ID: 1
[2026-09-02T18:36:34.712+00:00][A] [INFO] type: 2
[2026-09-02T18:36:34.712+00:00][A] [INFO] Destination: 0xFF
[2026-09-02T18:36:34.717+00:00][A] [INFO] Sequence: 226
[2026-09-02T18:36:34.717+00:00][A] [INFO] Packet ID: 125
[2026-09-02T18:36:34.722+00:00][A] [INFO] Packet Size: 26
[2026-09-02T18:36:34.723+00:00][A] [INFO] Timestamp: 125 ms
[2026-09-02T18:36:34.728+00:00][A] [INFO] Transmission Result: success
[2026-09-02T18:36:34.728+00:00][A] [INFO] --------------------------------
[2026-09-02T18:36:34.733+00:00][A] [INFO] [Heartbeat #125]
[2026-09-02T18:36:34.734+00:00][A] [INFO] Sent
[2026-09-02T18:36:34.734+00:00][A] [INFO] Waiting ACK...
[2026-09-02T18:36:34.734+00:00][A] [INFO] [WAITING ACK]
[2026-09-02T18:36:34.748+00:00][A] [INFO] [RF TX] type=2 source=0x01 destination=0xFF previousHop=0x01 sequence=226 ackSequence=0 ttl=8 hops=0 payloadSize=13 rssi=0 snr=
[2026-09-02T18:36:34.748+00:00][A] [INFO] Heartbeat packet sent
[2026-09-02T18:36:35.547+00:00][B] [INFO] --------------------------------
[2026-09-02T18:36:35.547+00:00][B] [INFO] [HEARTBEAT TX]
[2026-09-02T18:36:35.552+00:00][B] [INFO] Node ID: 2
[2026-09-02T18:36:35.552+00:00][B] [INFO] type: 2
[2026-09-02T18:36:35.552+00:00][B] [INFO] Destination: 0xFF
[2026-09-02T18:36:35.555+00:00][A] [INFO] [RF RX] type=2 source=0x02 destination=0xFF previousHop=0x02 sequence=116 ackSequence=0 ttl=8 hops=0 payloadSize=13 rssi=-61 sn
[2026-09-02T18:36:35.557+00:00][B] [INFO] Sequence: 116
[2026-09-02T18:36:35.557+00:00][B] [INFO] Packet ID: 59
[2026-09-02T18:36:35.563+00:00][B] [INFO] Packet Size: 26
[2026-09-02T18:36:35.563+00:00][B] [INFO] Timestamp: 59 ms
[2026-09-02T18:36:35.563+00:00][B] [INFO] Transmission Result: success
[2026-09-02T18:36:35.569+00:00][B] [INFO] --------------------------------
[2026-09-02T18:36:35.570+00:00][B] [INFO] [Heartbeat #59]
[2026-09-02T18:36:35.574+00:00][B] [INFO] Sent
[2026-09-02T18:36:35.574+00:00][B] [INFO] Waiting ACK...
[2026-09-02T18:36:35.575+00:00][B] [INFO] [WAITING ACK]
[2026-09-02T18:36:35.588+00:00][B] [INFO] [RF TX] type=2 source=0x02 destination=0xFF previousHop=0x02 sequence=116 ackSequence=0 ttl=8 hops=0 payloadSize=13 rssi=0 snr=
[2026-09-02T18:36:35.588+00:00][B] [INFO] Heartbeat packet sent
[2026-09-02T18:36:35.622+00:00][A] [INFO] --------------------------------
[2026-09-02T18:36:35.622+00:00][A] [INFO] [HEARTBEAT TX]
[2026-09-02T18:36:35.627+00:00][A] [INFO] Node ID: 1
[2026-09-02T18:36:35.628+00:00][A] [INFO] type: 2
[2026-09-02T18:36:35.628+00:00][A] [INFO] Destination: 0xFF
[2026-09-02T18:36:35.633+00:00][A] [INFO] Sequence: 227
[2026-09-02T18:36:35.633+00:00][A] [INFO] Packet ID: 126
[2026-09-02T18:36:35.638+00:00][A] [INFO] Packet Size: 26
[2026-09-02T18:36:35.638+00:00][A] [INFO] Timestamp: 126 ms
[2026-09-02T18:36:35.644+00:00][A] [INFO] Transmission Result: success
[2026-09-02T18:36:35.644+00:00][A] [INFO] --------------------------------
[2026-09-02T18:36:35.649+00:00][A] [INFO] [Heartbeat #126]
[2026-09-02T18:36:35.649+00:00][A] [INFO] Sent
[2026-09-02T18:36:35.649+00:00][A] [INFO] Waiting ACK...
[2026-09-02T18:36:35.650+00:00][A] [INFO] [WAITING ACK]
[2026-09-02T18:36:35.663+00:00][A] [INFO] [RF TX] type=2 source=0x01 destination=0xFF previousHop=0x01 sequence=227 ackSequence=0 ttl=8 hops=0 payloadSize=13 rssi=0 snr=
[2026-09-02T18:36:35.664+00:00][A] [INFO] Heartbeat packet sent
[2026-09-02T18:36:36.564+00:00][B] [WARN] Retry 1
[2026-09-02T18:36:36.630+00:00][B] [INFO] --------------------------------
[2026-09-02T18:36:36.630+00:00][B] [INFO] [HEARTBEAT TX]
[2026-09-02T18:36:36.636+00:00][B] [INFO] Node ID: 2
[2026-09-02T18:36:36.636+00:00][B] [INFO] type: 2
[2026-09-02T18:36:36.636+00:00][B] [INFO] Destination: 0xFF
[2026-09-02T18:36:36.640+00:00][A] [INFO] [RF RX] type=2 source=0x02 destination=0xFF previousHop=0x02 sequence=116 ackSequence=0 ttl=8 hops=0 payloadSize=13 rssi=-61 sn
[2026-09-02T18:36:36.640+00:00][A] [WARN] Retry 1
[2026-09-02T18:36:36.641+00:00][B] [INFO] Sequence: 116
[2026-09-02T18:36:36.641+00:00][B] [INFO] Packet ID: 59
[2026-09-02T18:36:36.647+00:00][B] [INFO] Packet Size: 26
[2026-09-02T18:36:36.647+00:00][B] [INFO] Timestamp: 59 ms
[2026-09-02T18:36:36.647+00:00][B] [INFO] Transmission Result: success
[2026-09-02T18:36:36.652+00:00][B] [INFO] --------------------------------
[2026-09-02T18:36:36.652+00:00][B] [INFO] [Heartbeat #59]
[2026-09-02T18:36:36.658+00:00][B] [INFO] Sent
[2026-09-02T18:36:36.658+00:00][B] [INFO] Waiting ACK...
[2026-09-02T18:36:36.658+00:00][B] [INFO] [WAITING ACK]
[2026-09-02T18:36:36.672+00:00][B] [INFO] [RF TX] type=2 source=0x02 destination=0xFF previousHop=0x02 sequence=116 ackSequence=0 ttl=8 hops=0 payloadSize=13 rssi=0 snr=
[2026-09-02T18:36:36.672+00:00][B] [INFO] Heartbeat packet sent
[2026-09-02T18:36:36.705+00:00][A] [INFO] --------------------------------
[2026-09-02T18:36:36.706+00:00][A] [INFO] [HEARTBEAT TX]
[2026-09-02T18:36:36.711+00:00][A] [INFO] Node ID: 1
[2026-09-02T18:36:36.711+00:00][A] [INFO] type: 2
[2026-09-02T18:36:36.711+00:00][A] [INFO] Destination: 0xFF
[2026-09-02T18:36:36.717+00:00][A] [INFO] Sequence: 227
[2026-09-02T18:36:36.717+00:00][A] [INFO] Packet ID: 126
[2026-09-02T18:36:36.722+00:00][A] [INFO] Packet Size: 26
[2026-09-02T18:36:36.722+00:00][A] [INFO] Timestamp: 126 ms
[2026-09-02T18:36:36.727+00:00][A] [INFO] Transmission Result: success
[2026-09-02T18:36:36.728+00:00][A] [INFO] --------------------------------
[2026-09-02T18:36:36.733+00:00][A] [INFO] [Heartbeat #126]
[2026-09-02T18:36:36.733+00:00][A] [INFO] Sent
[2026-09-02T18:36:36.733+00:00][A] [INFO] Waiting ACK...
[2026-09-02T18:36:36.734+00:00][A] [INFO] [WAITING ACK]
[2026-09-02T18:36:36.747+00:00][A] [INFO] [RF TX] type=2 source=0x01 destination=0xFF previousHop=0x01 sequence=227 ackSequence=0 ttl=8 hops=0 payloadSize=13 rssi=0 snr=
[2026-09-02T18:36:36.748+00:00][A] [INFO] Heartbeat packet sent
[2026-09-02T18:36:37.547+00:00][B] [INFO] --------------------------------
[2026-09-02T18:36:37.547+00:00][B] [INFO] [HEARTBEAT TX]
[2026-09-02T18:36:37.552+00:00][B] [INFO] Node ID: 2
[2026-09-02T18:36:37.552+00:00][B] [INFO] type: 2
[2026-09-02T18:36:37.552+00:00][B] [INFO] Destination: 0xFF
[2026-09-02T18:36:37.555+00:00][A] [INFO] [RF RX] type=2 source=0x02 destination=0xFF previousHop=0x02 sequence=117 ackSequence=0 ttl=8 hops=0 payloadSize=13 rssi=-62 sn
[2026-09-02T18:36:37.557+00:00][B] [INFO] Sequence: 117
[2026-09-02T18:36:37.558+00:00][B] [INFO] Packet ID: 60
[2026-09-02T18:36:37.563+00:00][B] [INFO] Packet Size: 26
[2026-09-02T18:36:37.563+00:00][B] [INFO] Timestamp: 60 ms
[2026-09-02T18:36:37.563+00:00][B] [INFO] Transmission Result: success
[2026-09-02T18:36:37.569+00:00][B] [INFO] --------------------------------
[2026-09-02T18:36:37.569+00:00][B] [INFO] [Heartbeat #60]
[2026-09-02T18:36:37.574+00:00][B] [INFO] Sent
[2026-09-02T18:36:37.574+00:00][B] [INFO] Waiting ACK...
[2026-09-02T18:36:37.575+00:00][B] [INFO] [WAITING ACK]
[2026-09-02T18:36:37.588+00:00][B] [INFO] [RF TX] type=2 source=0x02 destination=0xFF previousHop=0x02 sequence=117 ackSequence=0 ttl=8 hops=0 payloadSize=13 rssi=0 snr=
[2026-09-02T18:36:37.588+00:00][B] [INFO] Heartbeat packet sent
[2026-09-02T18:36:37.622+00:00][A] [INFO] --------------------------------
[2026-09-02T18:36:37.622+00:00][A] [INFO] [HEARTBEAT TX]
[2026-09-02T18:36:37.627+00:00][A] [INFO] Node ID: 1
[2026-09-02T18:36:37.628+00:00][A] [INFO] type: 2
[2026-09-02T18:36:37.628+00:00][A] [INFO] Destination: 0xFF
[2026-09-02T18:36:37.633+00:00][A] [INFO] Sequence: 228
[2026-09-02T18:36:37.633+00:00][A] [INFO] Packet ID: 127
[2026-09-02T18:36:37.638+00:00][A] [INFO] Packet Size: 26
[2026-09-02T18:36:37.638+00:00][A] [INFO] Timestamp: 127 ms
[2026-09-02T18:36:37.644+00:00][A] [INFO] Transmission Result: success
[2026-09-02T18:36:37.644+00:00][A] [INFO] --------------------------------
[2026-09-02T18:36:37.649+00:00][A] [INFO] [Heartbeat #127]
[2026-09-02T18:36:37.649+00:00][A] [INFO] Sent
[2026-09-02T18:36:37.649+00:00][A] [INFO] Waiting ACK...
[2026-09-02T18:36:37.650+00:00][A] [INFO] [WAITING ACK]
[2026-09-02T18:36:37.663+00:00][A] [INFO] [RF TX] type=2 source=0x01 destination=0xFF previousHop=0x01 sequence=228 ackSequence=0 ttl=8 hops=0 payloadSize=13 rssi=0 snr=
[2026-09-02T18:36:37.663+00:00][A] [INFO] Heartbeat packet sent
[2026-09-02T18:36:38.564+00:00][B] [WARN] Retry 1
[2026-09-02T18:36:38.630+00:00][B] [INFO] --------------------------------
[2026-09-02T18:36:38.631+00:00][B] [INFO] [HEARTBEAT TX]
[2026-09-02T18:36:38.636+00:00][B] [INFO] Node ID: 2
[2026-09-02T18:36:38.636+00:00][B] [INFO] type: 2
[2026-09-02T18:36:38.637+00:00][B] [INFO] Destination: 0xFF
[2026-09-02T18:36:38.640+00:00][A] [INFO] [RF RX] type=2 source=0x02 destination=0xFF previousHop=0x02 sequence=117 ackSequence=0 ttl=8 hops=0 payloadSize=13 rssi=-61 sn
[2026-09-02T18:36:38.640+00:00][A] [WARN] Retry 1
[2026-09-02T18:36:38.641+00:00][B] [INFO] Sequence: 117
[2026-09-02T18:36:38.641+00:00][B] [INFO] Packet ID: 60
[2026-09-02T18:36:38.647+00:00][B] [INFO] Packet Size: 26
[2026-09-02T18:36:38.647+00:00][B] [INFO] Timestamp: 60 ms
[2026-09-02T18:36:38.647+00:00][B] [INFO] Transmission Result: success
[2026-09-02T18:36:38.652+00:00][B] [INFO] --------------------------------
[2026-09-02T18:36:38.653+00:00][B] [INFO] [Heartbeat #60]
[2026-09-02T18:36:38.658+00:00][B] [INFO] Sent
[2026-09-02T18:36:38.658+00:00][B] [INFO] Waiting ACK...
[2026-09-02T18:36:38.658+00:00][B] [INFO] [WAITING ACK]
[2026-09-02T18:36:38.672+00:00][B] [INFO] [RF TX] type=2 source=0x02 destination=0xFF previousHop=0x02 sequence=117 ackSequence=0 ttl=8 hops=0 payloadSize=13 rssi=0 snr=
[2026-09-02T18:36:38.672+00:00][B] [INFO] Heartbeat packet sent
[2026-09-02T18:36:38.706+00:00][A] [INFO] --------------------------------
[2026-09-02T18:36:38.706+00:00][A] [INFO] [HEARTBEAT TX]
[2026-09-02T18:36:38.711+00:00][A] [INFO] Node ID: 1
[2026-09-02T18:36:38.712+00:00][A] [INFO] type: 2
[2026-09-02T18:36:38.712+00:00][A] [INFO] Destination: 0xFF
[2026-09-02T18:36:38.717+00:00][A] [INFO] Sequence: 228
[2026-09-02T18:36:38.717+00:00][A] [INFO] Packet ID: 127
[2026-09-02T18:36:38.722+00:00][A] [INFO] Packet Size: 26
[2026-09-02T18:36:38.722+00:00][A] [INFO] Timestamp: 127 ms
[2026-09-02T18:36:38.728+00:00][A] [INFO] Transmission Result: success
[2026-09-02T18:36:38.728+00:00][A] [INFO] --------------------------------
[2026-09-02T18:36:38.733+00:00][A] [INFO] [Heartbeat #127]
[2026-09-02T18:36:38.733+00:00][A] [INFO] Sent
[2026-09-02T18:36:38.734+00:00][A] [INFO] Waiting ACK...
[2026-09-02T18:36:38.734+00:00][A] [INFO] [WAITING ACK]
[2026-09-02T18:36:38.747+00:00][A] [INFO] [RF TX] type=2 source=0x01 destination=0xFF previousHop=0x01 sequence=228 ackSequence=0 ttl=8 hops=0 payloadSize=13 rssi=0 snr=
[2026-09-02T18:36:38.748+00:00][A] [INFO] Heartbeat packet sent
[2026-09-02T18:36:39.547+00:00][B] [INFO] --------------------------------
[2026-09-02T18:36:39.547+00:00][B] [INFO] [HEARTBEAT TX]
[2026-09-02T18:36:39.552+00:00][B] [INFO] Node ID: 2
[2026-09-02T18:36:39.552+00:00][B] [INFO] type: 2
[2026-09-02T18:36:39.553+00:00][B] [INFO] Destination: 0xFF
[2026-09-02T18:36:39.555+00:00][A] [INFO] [RF RX] type=2 source=0x02 destination=0xFF previousHop=0x02 sequence=118 ackSequence=0 ttl=8 hops=0 payloadSize=13 rssi=-61 sn
[2026-09-02T18:36:39.557+00:00][B] [INFO] Sequence: 118
[2026-09-02T18:36:39.558+00:00][B] [INFO] Packet ID: 61
[2026-09-02T18:36:39.563+00:00][B] [INFO] Packet Size: 26
[2026-09-02T18:36:39.563+00:00][B] [INFO] Timestamp: 61 ms
[2026-09-02T18:36:39.563+00:00][B] [INFO] Transmission Result: success
[2026-09-02T18:36:39.568+00:00][B] [INFO] --------------------------------
[2026-09-02T18:36:39.569+00:00][B] [INFO] [Heartbeat #61]
[2026-09-02T18:36:39.574+00:00][B] [INFO] Sent
[2026-09-02T18:36:39.574+00:00][B] [INFO] Waiting ACK...
[2026-09-02T18:36:39.574+00:00][B] [INFO] [WAITING ACK]
[2026-09-02T18:36:39.588+00:00][B] [INFO] [RF TX] type=2 source=0x02 destination=0xFF previousHop=0x02 sequence=118 ackSequence=0 ttl=8 hops=0 payloadSize=13 rssi=0 snr=
[2026-09-02T18:36:39.588+00:00][B] [INFO] Heartbeat packet sent
[2026-09-02T18:36:39.622+00:00][A] [INFO] --------------------------------
[2026-09-02T18:36:39.622+00:00][A] [INFO] [HEARTBEAT TX]
[2026-09-02T18:36:39.627+00:00][A] [INFO] Node ID: 1
[2026-09-02T18:36:39.627+00:00][A] [INFO] type: 2
[2026-09-02T18:36:39.628+00:00][A] [INFO] Destination: 0xFF
[2026-09-02T18:36:39.633+00:00][A] [INFO] Sequence: 229
[2026-09-02T18:36:39.633+00:00][A] [INFO] Packet ID: 128
[2026-09-02T18:36:39.638+00:00][A] [INFO] Packet Size: 26
[2026-09-02T18:36:39.638+00:00][A] [INFO] Timestamp: 128 ms
[2026-09-02T18:36:39.644+00:00][A] [INFO] Transmission Result: success
[2026-09-02T18:36:39.644+00:00][A] [INFO] --------------------------------
[2026-09-02T18:36:39.649+00:00][A] [INFO] [Heartbeat #128]
[2026-09-02T18:36:39.649+00:00][A] [INFO] Sent
[2026-09-02T18:36:39.649+00:00][A] [INFO] Waiting ACK...
[2026-09-02T18:36:39.650+00:00][A] [INFO] [WAITING ACK]
[2026-09-02T18:36:39.663+00:00][A] [INFO] [RF TX] type=2 source=0x01 destination=0xFF previousHop=0x01 sequence=229 ackSequence=0 ttl=8 hops=0 payloadSize=13 rssi=0 snr=
[2026-09-02T18:36:39.664+00:00][A] [INFO] Heartbeat packet sent
[2026-09-02T18:36:40.563+00:00][B] [WARN] Retry 1
[2026-09-02T18:36:40.630+00:00][B] [INFO] --------------------------------
[2026-09-02T18:36:40.631+00:00][B] [INFO] [HEARTBEAT TX]
[2026-09-02T18:36:40.636+00:00][B] [INFO] Node ID: 2
[2026-09-02T18:36:40.637+00:00][B] [INFO] type: 2
[2026-09-02T18:36:40.637+00:00][B] [INFO] Destination: 0xFF
[2026-09-02T18:36:40.640+00:00][A] [INFO] [RF RX] type=2 source=0x02 destination=0xFF previousHop=0x02 sequence=118 ackSequence=0 ttl=8 hops=0 payloadSize=13 rssi=-61 sn
[2026-09-02T18:36:40.640+00:00][A] [WARN] Retry 1
[2026-09-02T18:36:40.641+00:00][B] [INFO] Sequence: 118
[2026-09-02T18:36:40.641+00:00][B] [INFO] Packet ID: 61
[2026-09-02T18:36:40.646+00:00][B] [INFO] Packet Size: 26
[2026-09-02T18:36:40.647+00:00][B] [INFO] Timestamp: 61 ms
[2026-09-02T18:36:40.647+00:00][B] [INFO] Transmission Result: success
[2026-09-02T18:36:40.653+00:00][B] [INFO] --------------------------------
[2026-09-02T18:36:40.653+00:00][B] [INFO] [Heartbeat #61]
[2026-09-02T18:36:40.658+00:00][B] [INFO] Sent
[2026-09-02T18:36:40.658+00:00][B] [INFO] Waiting ACK...
[2026-09-02T18:36:40.659+00:00][B] [INFO] [WAITING ACK]
[2026-09-02T18:36:40.672+00:00][B] [INFO] [RF TX] type=2 source=0x02 destination=0xFF previousHop=0x02 sequence=118 ackSequence=0 ttl=8 hops=0 payloadSize=13 rssi=0 snr=
[2026-09-02T18:36:40.672+00:00][B] [INFO] Heartbeat packet sent
[2026-09-02T18:36:40.706+00:00][A] [INFO] --------------------------------
[2026-09-02T18:36:40.707+00:00][A] [INFO] [HEARTBEAT TX]
[2026-09-02T18:36:40.712+00:00][A] [INFO] Node ID: 1
[2026-09-02T18:36:40.713+00:00][A] [INFO] type: 2
[2026-09-02T18:36:40.714+00:00][A] [INFO] Destination: 0xFF
[2026-09-02T18:36:40.717+00:00][A] [INFO] Sequence: 229
[2026-09-02T18:36:40.717+00:00][A] [INFO] Packet ID: 128
[2026-09-02T18:36:40.722+00:00][A] [INFO] Packet Size: 26
[2026-09-02T18:36:40.723+00:00][A] [INFO] Timestamp: 128 ms
[2026-09-02T18:36:40.727+00:00][A] [INFO] Transmission Result: success
[2026-09-02T18:36:40.728+00:00][A] [INFO] --------------------------------
[2026-09-02T18:36:40.733+00:00][A] [INFO] [Heartbeat #128]
[2026-09-02T18:36:40.733+00:00][A] [INFO] Sent
[2026-09-02T18:36:40.734+00:00][A] [INFO] Waiting ACK...
[2026-09-02T18:36:40.734+00:00][A] [INFO] [WAITING ACK]
[2026-09-02T18:36:40.747+00:00][A] [INFO] [RF TX] type=2 source=0x01 destination=0xFF previousHop=0x01 sequence=229 ackSequence=0 ttl=8 hops=0 payloadSize=13 rssi=0 snr=
[2026-09-02T18:36:40.748+00:00][A] [INFO] Heartbeat packet sent
[2026-09-02T18:36:41.547+00:00][B] [INFO] --------------------------------
[2026-09-02T18:36:41.547+00:00][B] [INFO] [HEARTBEAT TX]
[2026-09-02T18:36:41.553+00:00][B] [INFO] Node ID: 2
[2026-09-02T18:36:41.554+00:00][B] [INFO] type: 2
[2026-09-02T18:36:41.555+00:00][B] [INFO] Destination: 0xFF
[2026-09-02T18:36:41.556+00:00][A] [INFO] [RF RX] type=2 source=0x02 destination=0xFF previousHop=0x02 sequence=119 ackSequence=0 ttl=8 hops=0 payloadSize=13 rssi=-60 sn
[2026-09-02T18:36:41.557+00:00][B] [INFO] Sequence: 119
[2026-09-02T18:36:41.557+00:00][B] [INFO] Packet ID: 62
[2026-09-02T18:36:41.563+00:00][B] [INFO] Packet Size: 26
[2026-09-02T18:36:41.563+00:00][B] [INFO] Timestamp: 62 ms
[2026-09-02T18:36:41.563+00:00][B] [INFO] Transmission Result: success
[2026-09-02T18:36:41.569+00:00][B] [INFO] --------------------------------
[2026-09-02T18:36:41.569+00:00][B] [INFO] [Heartbeat #62]
[2026-09-02T18:36:41.574+00:00][B] [INFO] Sent
[2026-09-02T18:36:41.574+00:00][B] [INFO] Waiting ACK...
[2026-09-02T18:36:41.575+00:00][B] [INFO] [WAITING ACK]
[2026-09-02T18:36:41.588+00:00][B] [INFO] [RF TX] type=2 source=0x02 destination=0xFF previousHop=0x02 sequence=119 ackSequence=0 ttl=8 hops=0 payloadSize=13 rssi=0 snr=
[2026-09-02T18:36:41.588+00:00][B] [INFO] Heartbeat packet sent
[2026-09-02T18:36:41.622+00:00][A] [INFO] --------------------------------
[2026-09-02T18:36:41.622+00:00][A] [INFO] [HEARTBEAT TX]
[2026-09-02T18:36:41.627+00:00][A] [INFO] Node ID: 1
[2026-09-02T18:36:41.627+00:00][A] [INFO] type: 2
[2026-09-02T18:36:41.628+00:00][A] [INFO] Destination: 0xFF
[2026-09-02T18:36:41.632+00:00][A] [INFO] Sequence: 230
[2026-09-02T18:36:41.633+00:00][A] [INFO] Packet ID: 129
[2026-09-02T18:36:41.638+00:00][A] [INFO] Packet Size: 26
[2026-09-02T18:36:41.638+00:00][A] [INFO] Timestamp: 129 ms
[2026-09-02T18:36:41.643+00:00][A] [INFO] Transmission Result: success
[2026-09-02T18:36:41.644+00:00][A] [INFO] --------------------------------
[2026-09-02T18:36:41.649+00:00][A] [INFO] [Heartbeat #129]
[2026-09-02T18:36:41.649+00:00][A] [INFO] Sent
[2026-09-02T18:36:41.650+00:00][A] [INFO] Waiting ACK...
[2026-09-02T18:36:41.650+00:00][A] [INFO] [WAITING ACK]
[2026-09-02T18:36:41.663+00:00][A] [INFO] [RF TX] type=2 source=0x01 destination=0xFF previousHop=0x01 sequence=230 ackSequence=0 ttl=8 hops=0 payloadSize=13 rssi=0 snr=
[2026-09-02T18:36:41.664+00:00][A] [INFO] Heartbeat packet sent
[2026-09-02T18:36:42.563+00:00][B] [WARN] Retry 1
[2026-09-02T18:36:42.630+00:00][B] [INFO] --------------------------------
[2026-09-02T18:36:42.631+00:00][B] [INFO] [HEARTBEAT TX]
[2026-09-02T18:36:42.636+00:00][B] [INFO] Node ID: 2
[2026-09-02T18:36:42.636+00:00][B] [INFO] type: 2
[2026-09-02T18:36:42.636+00:00][B] [INFO] Destination: 0xFF
[2026-09-02T18:36:42.640+00:00][A] [INFO] [RF RX] type=2 source=0x02 destination=0xFF previousHop=0x02 sequence=119 ackSequence=0 ttl=8 hops=0 payloadSize=13 rssi=-61 sn
[2026-09-02T18:36:42.640+00:00][A] [WARN] Retry 1
[2026-09-02T18:36:42.641+00:00][B] [INFO] Sequence: 119
[2026-09-02T18:36:42.641+00:00][B] [INFO] Packet ID: 62
[2026-09-02T18:36:42.647+00:00][B] [INFO] Packet Size: 26
[2026-09-02T18:36:42.647+00:00][B] [INFO] Timestamp: 62 ms
[2026-09-02T18:36:42.647+00:00][B] [INFO] Transmission Result: success
[2026-09-02T18:36:42.653+00:00][B] [INFO] --------------------------------
[2026-09-02T18:36:42.653+00:00][B] [INFO] [Heartbeat #62]
[2026-09-02T18:36:42.658+00:00][B] [INFO] Sent
[2026-09-02T18:36:42.658+00:00][B] [INFO] Waiting ACK...
[2026-09-02T18:36:42.658+00:00][B] [INFO] [WAITING ACK]
[2026-09-02T18:36:42.672+00:00][B] [INFO] [RF TX] type=2 source=0x02 destination=0xFF previousHop=0x02 sequence=119 ackSequence=0 ttl=8 hops=0 payloadSize=13 rssi=0 snr=
[2026-09-02T18:36:42.672+00:00][B] [INFO] Heartbeat packet sent
[2026-09-02T18:36:42.706+00:00][A] [INFO] --------------------------------
[2026-09-02T18:36:42.706+00:00][A] [INFO] [HEARTBEAT TX]
[2026-09-02T18:36:42.711+00:00][A] [INFO] Node ID: 1
[2026-09-02T18:36:42.711+00:00][A] [INFO] type: 2
[2026-09-02T18:36:42.712+00:00][A] [INFO] Destination: 0xFF
[2026-09-02T18:36:42.717+00:00][A] [INFO] Sequence: 230
[2026-09-02T18:36:42.717+00:00][A] [INFO] Packet ID: 129
[2026-09-02T18:36:42.722+00:00][A] [INFO] Packet Size: 26
[2026-09-02T18:36:42.722+00:00][A] [INFO] Timestamp: 129 ms
[2026-09-02T18:36:42.727+00:00][A] [INFO] Transmission Result: success
[2026-09-02T18:36:42.728+00:00][A] [INFO] --------------------------------
[2026-09-02T18:36:42.733+00:00][A] [INFO] [Heartbeat #129]
[2026-09-02T18:36:42.733+00:00][A] [INFO] Sent
[2026-09-02T18:36:42.734+00:00][A] [INFO] Waiting ACK...
[2026-09-02T18:36:42.734+00:00][A] [INFO] [WAITING ACK]
[2026-09-02T18:36:42.747+00:00][A] [INFO] [RF TX] type=2 source=0x01 destination=0xFF previousHop=0x01 sequence=230 ackSequence=0 ttl=8 hops=0 payloadSize=13 rssi=0 snr=
[2026-09-02T18:36:42.748+00:00][A] [INFO] Heartbeat packet sent
[2026-09-02T18:36:43.546+00:00][B] [INFO] --------------------------------
[2026-09-02T18:36:43.547+00:00][B] [INFO] [HEARTBEAT TX]
[2026-09-02T18:36:43.551+00:00][B] [INFO] Node ID: 2
[2026-09-02T18:36:43.552+00:00][B] [INFO] type: 2
[2026-09-02T18:36:43.552+00:00][B] [INFO] Destination: 0xFF
[2026-09-02T18:36:43.554+00:00][A] [INFO] [RF RX] type=2 source=0x02 destination=0xFF previousHop=0x02 sequence=120 ackSequence=0 ttl=8 hops=0 payloadSize=13 rssi=-61 sn
[2026-09-02T18:36:43.557+00:00][B] [INFO] Sequence: 120
[2026-09-02T18:36:43.557+00:00][B] [INFO] Packet ID: 63
[2026-09-02T18:36:43.562+00:00][B] [INFO] Packet Size: 26
[2026-09-02T18:36:43.563+00:00][B] [INFO] Timestamp: 63 ms
[2026-09-02T18:36:43.563+00:00][B] [INFO] Transmission Result: success
[2026-09-02T18:36:43.568+00:00][B] [INFO] --------------------------------
[2026-09-02T18:36:43.569+00:00][B] [INFO] [Heartbeat #63]
[2026-09-02T18:36:43.574+00:00][B] [INFO] Sent
[2026-09-02T18:36:43.574+00:00][B] [INFO] Waiting ACK...
[2026-09-02T18:36:43.574+00:00][B] [INFO] [WAITING ACK]
[2026-09-02T18:36:43.588+00:00][B] [INFO] [RF TX] type=2 source=0x02 destination=0xFF previousHop=0x02 sequence=120 ackSequence=0 ttl=8 hops=0 payloadSize=13 rssi=0 snr=
[2026-09-02T18:36:43.588+00:00][B] [INFO] Heartbeat packet sent
[2026-09-02T18:36:43.622+00:00][A] [INFO] --------------------------------
[2026-09-02T18:36:43.622+00:00][A] [INFO] [HEARTBEAT TX]
[2026-09-02T18:36:43.627+00:00][A] [INFO] Node ID: 1
[2026-09-02T18:36:43.627+00:00][A] [INFO] type: 2
[2026-09-02T18:36:43.628+00:00][A] [INFO] Destination: 0xFF
[2026-09-02T18:36:43.633+00:00][A] [INFO] Sequence: 231
[2026-09-02T18:36:43.634+00:00][A] [INFO] Packet ID: 130
[2026-09-02T18:36:43.638+00:00][A] [INFO] Packet Size: 26
[2026-09-02T18:36:43.638+00:00][A] [INFO] Timestamp: 130 ms
[2026-09-02T18:36:43.643+00:00][A] [INFO] Transmission Result: success
[2026-09-02T18:36:43.644+00:00][A] [INFO] --------------------------------
[2026-09-02T18:36:43.649+00:00][A] [INFO] [Heartbeat #130]
[2026-09-02T18:36:43.649+00:00][A] [INFO] Sent
[2026-09-02T18:36:43.650+00:00][A] [INFO] Waiting ACK...
[2026-09-02T18:36:43.650+00:00][A] [INFO] [WAITING ACK]
[2026-09-02T18:36:43.663+00:00][A] [INFO] [RF TX] type=2 source=0x01 destination=0xFF previousHop=0x01 sequence=231 ackSequence=0 ttl=8 hops=0 payloadSize=13 rssi=0 snr=
[2026-09-02T18:36:43.664+00:00][A] [INFO] Heartbeat packet sent
[2026-09-02T18:36:44.563+00:00][B] [WARN] Retry 1
[2026-09-02T18:36:44.630+00:00][B] [INFO] --------------------------------
[2026-09-02T18:36:44.631+00:00][B] [INFO] [HEARTBEAT TX]
[2026-09-02T18:36:44.635+00:00][B] [INFO] Node ID: 2
[2026-09-02T18:36:44.636+00:00][B] [INFO] type: 2
[2026-09-02T18:36:44.636+00:00][B] [INFO] Destination: 0xFF
[2026-09-02T18:36:44.640+00:00][A] [INFO] [RF RX] type=2 source=0x02 destination=0xFF previousHop=0x02 sequence=120 ackSequence=0 ttl=8 hops=0 payloadSize=13 rssi=-60 sn
[2026-09-02T18:36:44.640+00:00][A] [WARN] Retry 1
[2026-09-02T18:36:44.641+00:00][B] [INFO] Sequence: 120
[2026-09-02T18:36:44.641+00:00][B] [INFO] Packet ID: 63
[2026-09-02T18:36:44.646+00:00][B] [INFO] Packet Size: 26
[2026-09-02T18:36:44.647+00:00][B] [INFO] Timestamp: 63 ms
[2026-09-02T18:36:44.647+00:00][B] [INFO] Transmission Result: success
[2026-09-02T18:36:44.653+00:00][B] [INFO] --------------------------------
[2026-09-02T18:36:44.653+00:00][B] [INFO] [Heartbeat #63]
[2026-09-02T18:36:44.658+00:00][B] [INFO] Sent
[2026-09-02T18:36:44.658+00:00][B] [INFO] Waiting ACK...
[2026-09-02T18:36:44.658+00:00][B] [INFO] [WAITING ACK]
[2026-09-02T18:36:44.672+00:00][B] [INFO] [RF TX] type=2 source=0x02 destination=0xFF previousHop=0x02 sequence=120 ackSequence=0 ttl=8 hops=0 payloadSize=13 rssi=0 snr=
[2026-09-02T18:36:44.672+00:00][B] [INFO] Heartbeat packet sent
[2026-09-02T18:36:44.706+00:00][A] [INFO] --------------------------------
[2026-09-02T18:36:44.706+00:00][A] [INFO] [HEARTBEAT TX]
[2026-09-02T18:36:44.711+00:00][A] [INFO] Node ID: 1
[2026-09-02T18:36:44.711+00:00][A] [INFO] type: 2
[2026-09-02T18:36:44.712+00:00][A] [INFO] Destination: 0xFF
[2026-09-02T18:36:44.717+00:00][A] [INFO] Sequence: 231
[2026-09-02T18:36:44.717+00:00][A] [INFO] Packet ID: 130
[2026-09-02T18:36:44.722+00:00][A] [INFO] Packet Size: 26
[2026-09-02T18:36:44.722+00:00][A] [INFO] Timestamp: 130 ms
[2026-09-02T18:36:44.727+00:00][A] [INFO] Transmission Result: success
[2026-09-02T18:36:44.728+00:00][A] [INFO] --------------------------------
[2026-09-02T18:36:44.733+00:00][A] [INFO] [Heartbeat #130]
[2026-09-02T18:36:44.733+00:00][A] [INFO] Sent
[2026-09-02T18:36:44.734+00:00][A] [INFO] Waiting ACK...
[2026-09-02T18:36:44.734+00:00][A] [INFO] [WAITING ACK]
[2026-09-02T18:36:44.747+00:00][A] [INFO] [RF TX] type=2 source=0x01 destination=0xFF previousHop=0x01 sequence=231 ackSequence=0 ttl=8 hops=0 payloadSize=13 rssi=0 snr=
[2026-09-02T18:36:44.748+00:00][A] [INFO] Heartbeat packet sent
[2026-09-02T18:36:45.546+00:00][B] [INFO] --------------------------------
[2026-09-02T18:36:45.547+00:00][B] [INFO] [HEARTBEAT TX]
[2026-09-02T18:36:45.552+00:00][B] [INFO] Node ID: 2
[2026-09-02T18:36:45.552+00:00][B] [INFO] type: 2
[2026-09-02T18:36:45.553+00:00][B] [INFO] Destination: 0xFF
[2026-09-02T18:36:45.554+00:00][A] [INFO] [RF RX] type=2 source=0x02 destination=0xFF previousHop=0x02 sequence=121 ackSequence=0 ttl=8 hops=0 payloadSize=13 rssi=-61 sn
[2026-09-02T18:36:45.557+00:00][B] [INFO] Sequence: 121
[2026-09-02T18:36:45.558+00:00][B] [INFO] Packet ID: 64
[2026-09-02T18:36:45.562+00:00][B] [INFO] Packet Size: 26
[2026-09-02T18:36:45.563+00:00][B] [INFO] Timestamp: 64 ms
[2026-09-02T18:36:45.563+00:00][B] [INFO] Transmission Result: success
[2026-09-02T18:36:45.568+00:00][B] [INFO] --------------------------------
[2026-09-02T18:36:45.569+00:00][B] [INFO] [Heartbeat #64]
[2026-09-02T18:36:45.574+00:00][B] [INFO] Sent
[2026-09-02T18:36:45.574+00:00][B] [INFO] Waiting ACK...
[2026-09-02T18:36:45.574+00:00][B] [INFO] [WAITING ACK]
[2026-09-02T18:36:45.587+00:00][B] [INFO] [RF TX] type=2 source=0x02 destination=0xFF previousHop=0x02 sequence=121 ackSequence=0 ttl=8 hops=0 payloadSize=13 rssi=0 snr=
[2026-09-02T18:36:45.588+00:00][B] [INFO] Heartbeat packet sent
[2026-09-02T18:36:45.622+00:00][A] [INFO] --------------------------------
[2026-09-02T18:36:45.623+00:00][A] [INFO] [HEARTBEAT TX]
[2026-09-02T18:36:45.627+00:00][A] [INFO] Node ID: 1
[2026-09-02T18:36:45.627+00:00][A] [INFO] type: 2
[2026-09-02T18:36:45.628+00:00][A] [INFO] Destination: 0xFF
[2026-09-02T18:36:45.632+00:00][A] [INFO] Sequence: 232
[2026-09-02T18:36:45.633+00:00][A] [INFO] Packet ID: 131
[2026-09-02T18:36:45.638+00:00][A] [INFO] Packet Size: 26
[2026-09-02T18:36:45.638+00:00][A] [INFO] Timestamp: 131 ms
[2026-09-02T18:36:45.643+00:00][A] [INFO] Transmission Result: success
[2026-09-02T18:36:45.644+00:00][A] [INFO] --------------------------------
[2026-09-02T18:36:45.649+00:00][A] [INFO] [Heartbeat #131]
[2026-09-02T18:36:45.649+00:00][A] [INFO] Sent
[2026-09-02T18:36:45.650+00:00][A] [INFO] Waiting ACK...
[2026-09-02T18:36:45.650+00:00][A] [INFO] [WAITING ACK]
[2026-09-02T18:36:45.663+00:00][A] [INFO] [RF TX] type=2 source=0x01 destination=0xFF previousHop=0x01 sequence=232 ackSequence=0 ttl=8 hops=0 payloadSize=13 rssi=0 snr=
[2026-09-02T18:36:45.663+00:00][A] [INFO] Heartbeat packet sent
[2026-09-02T18:36:46.563+00:00][B] [WARN] Retry 1
[2026-09-02T18:36:46.630+00:00][B] [INFO] --------------------------------
[2026-09-02T18:36:46.631+00:00][B] [INFO] [HEARTBEAT TX]
[2026-09-02T18:36:46.635+00:00][B] [INFO] Node ID: 2
[2026-09-02T18:36:46.636+00:00][B] [INFO] type: 2
[2026-09-02T18:36:46.636+00:00][B] [INFO] Destination: 0xFF
[2026-09-02T18:36:46.640+00:00][A] [INFO] [RF RX] type=2 source=0x02 destination=0xFF previousHop=0x02 sequence=121 ackSequence=0 ttl=8 hops=0 payloadSize=13 rssi=-61 sn
[2026-09-02T18:36:46.640+00:00][A] [WARN] Retry 1
[2026-09-02T18:36:46.641+00:00][B] [INFO] Sequence: 121
[2026-09-02T18:36:46.641+00:00][B] [INFO] Packet ID: 64
[2026-09-02T18:36:46.646+00:00][B] [INFO] Packet Size: 26
[2026-09-02T18:36:46.647+00:00][B] [INFO] Timestamp: 64 ms
[2026-09-02T18:36:46.647+00:00][B] [INFO] Transmission Result: success
[2026-09-02T18:36:46.652+00:00][B] [INFO] --------------------------------
[2026-09-02T18:36:46.653+00:00][B] [INFO] [Heartbeat #64]
[2026-09-02T18:36:46.658+00:00][B] [INFO] Sent
[2026-09-02T18:36:46.658+00:00][B] [INFO] Waiting ACK...
[2026-09-02T18:36:46.658+00:00][B] [INFO] [WAITING ACK]
[2026-09-02T18:36:46.671+00:00][B] [INFO] [RF TX] type=2 source=0x02 destination=0xFF previousHop=0x02 sequence=121 ackSequence=0 ttl=8 hops=0 payloadSize=13 rssi=0 snr=
[2026-09-02T18:36:46.672+00:00][B] [INFO] Heartbeat packet sent
[2026-09-02T18:36:46.706+00:00][A] [INFO] --------------------------------
[2026-09-02T18:36:46.706+00:00][A] [INFO] [HEARTBEAT TX]
[2026-09-02T18:36:46.711+00:00][A] [INFO] Node ID: 1
[2026-09-02T18:36:46.711+00:00][A] [INFO] type: 2
[2026-09-02T18:36:46.712+00:00][A] [INFO] Destination: 0xFF
[2026-09-02T18:36:46.716+00:00][A] [INFO] Sequence: 232
[2026-09-02T18:36:46.717+00:00][A] [INFO] Packet ID: 131
[2026-09-02T18:36:46.722+00:00][A] [INFO] Packet Size: 26
[2026-09-02T18:36:46.722+00:00][A] [INFO] Timestamp: 131 ms
[2026-09-02T18:36:46.727+00:00][A] [INFO] Transmission Result: success
[2026-09-02T18:36:46.728+00:00][A] [INFO] --------------------------------
[2026-09-02T18:36:46.733+00:00][A] [INFO] [Heartbeat #131]
[2026-09-02T18:36:46.733+00:00][A] [INFO] Sent
[2026-09-02T18:36:46.733+00:00][A] [INFO] Waiting ACK...
[2026-09-02T18:36:46.734+00:00][A] [INFO] [WAITING ACK]
[2026-09-02T18:36:46.747+00:00][A] [INFO] [RF TX] type=2 source=0x01 destination=0xFF previousHop=0x01 sequence=232 ackSequence=0 ttl=8 hops=0 payloadSize=13 rssi=0 snr=
[2026-09-02T18:36:46.748+00:00][A] [INFO] Heartbeat packet sent
[2026-09-02T18:36:47.546+00:00][B] [INFO] --------------------------------
[2026-09-02T18:36:47.547+00:00][B] [INFO] [HEARTBEAT TX]
[2026-09-02T18:36:47.551+00:00][B] [INFO] Node ID: 2
[2026-09-02T18:36:47.552+00:00][B] [INFO] type: 2
[2026-09-02T18:36:47.552+00:00][B] [INFO] Destination: 0xFF
[2026-09-02T18:36:47.554+00:00][A] [INFO] [RF RX] type=2 source=0x02 destination=0xFF previousHop=0x02 sequence=122 ackSequence=0 ttl=8 hops=0 payloadSize=13 rssi=-61 sn
[2026-09-02T18:36:47.557+00:00][B] [INFO] Sequence: 122
[2026-09-02T18:36:47.557+00:00][B] [INFO] Packet ID: 65
[2026-09-02T18:36:47.562+00:00][B] [INFO] Packet Size: 26
[2026-09-02T18:36:47.563+00:00][B] [INFO] Timestamp: 65 ms
[2026-09-02T18:36:47.563+00:00][B] [INFO] Transmission Result: success
[2026-09-02T18:36:47.568+00:00][B] [INFO] --------------------------------
[2026-09-02T18:36:47.569+00:00][B] [INFO] [Heartbeat #65]
[2026-09-02T18:36:47.573+00:00][B] [INFO] Sent
[2026-09-02T18:36:47.574+00:00][B] [INFO] Waiting ACK...
[2026-09-02T18:36:47.574+00:00][B] [INFO] [WAITING ACK]
[2026-09-02T18:36:47.587+00:00][B] [INFO] [RF TX] type=2 source=0x02 destination=0xFF previousHop=0x02 sequence=122 ackSequence=0 ttl=8 hops=0 payloadSize=13 rssi=0 snr=
[2026-09-02T18:36:47.588+00:00][B] [INFO] Heartbeat packet sent
[2026-09-02T18:36:47.621+00:00][A] [INFO] --------------------------------
[2026-09-02T18:36:47.622+00:00][A] [INFO] [HEARTBEAT TX]
[2026-09-02T18:36:47.627+00:00][A] [INFO] Node ID: 1
[2026-09-02T18:36:47.628+00:00][A] [INFO] type: 2
[2026-09-02T18:36:47.628+00:00][A] [INFO] Destination: 0xFF
[2026-09-02T18:36:47.632+00:00][A] [INFO] Sequence: 233
[2026-09-02T18:36:47.633+00:00][A] [INFO] Packet ID: 132
[2026-09-02T18:36:47.638+00:00][A] [INFO] Packet Size: 26
[2026-09-02T18:36:47.638+00:00][A] [INFO] Timestamp: 132 ms
[2026-09-02T18:36:47.643+00:00][A] [INFO] Transmission Result: success
[2026-09-02T18:36:47.644+00:00][A] [INFO] --------------------------------
[2026-09-02T18:36:47.649+00:00][A] [INFO] [Heartbeat #132]
[2026-09-02T18:36:47.649+00:00][A] [INFO] Sent
[2026-09-02T18:36:47.649+00:00][A] [INFO] Waiting ACK...
[2026-09-02T18:36:47.649+00:00][A] [INFO] [WAITING ACK]
[2026-09-02T18:36:47.663+00:00][A] [INFO] [RF TX] type=2 source=0x01 destination=0xFF previousHop=0x01 sequence=233 ackSequence=0 ttl=8 hops=0 payloadSize=13 rssi=0 snr=
[2026-09-02T18:36:47.663+00:00][A] [INFO] Heartbeat packet sent
[2026-09-02T18:36:48.563+00:00][B] [WARN] Retry 1
[2026-09-02T18:36:48.630+00:00][B] [INFO] --------------------------------
[2026-09-02T18:36:48.631+00:00][B] [INFO] [HEARTBEAT TX]
[2026-09-02T18:36:48.635+00:00][B] [INFO] Node ID: 2
[2026-09-02T18:36:48.636+00:00][B] [INFO] type: 2
[2026-09-02T18:36:48.636+00:00][B] [INFO] Destination: 0xFF
[2026-09-02T18:36:48.640+00:00][A] [INFO] [RF RX] type=2 source=0x02 destination=0xFF previousHop=0x02 sequence=122 ackSequence=0 ttl=8 hops=0 payloadSize=13 rssi=-60 sn
[2026-09-02T18:36:48.640+00:00][A] [WARN] Retry 1
[2026-09-02T18:36:48.641+00:00][B] [INFO] Sequence: 122
[2026-09-02T18:36:48.641+00:00][B] [INFO] Packet ID: 65
[2026-09-02T18:36:48.646+00:00][B] [INFO] Packet Size: 26
[2026-09-02T18:36:48.647+00:00][B] [INFO] Timestamp: 65 ms
[2026-09-02T18:36:48.647+00:00][B] [INFO] Transmission Result: success
[2026-09-02T18:36:48.653+00:00][B] [INFO] --------------------------------
[2026-09-02T18:36:48.653+00:00][B] [INFO] [Heartbeat #65]
[2026-09-02T18:36:48.658+00:00][B] [INFO] Sent
[2026-09-02T18:36:48.658+00:00][B] [INFO] Waiting ACK...
[2026-09-02T18:36:48.658+00:00][B] [INFO] [WAITING ACK]
[2026-09-02T18:36:48.671+00:00][B] [INFO] [RF TX] type=2 source=0x02 destination=0xFF previousHop=0x02 sequence=122 ackSequence=0 ttl=8 hops=0 payloadSize=13 rssi=0 snr=
[2026-09-02T18:36:48.672+00:00][B] [INFO] Heartbeat packet sent
[2026-09-02T18:36:48.705+00:00][A] [INFO] --------------------------------
[2026-09-02T18:36:48.706+00:00][A] [INFO] [HEARTBEAT TX]
[2026-09-02T18:36:48.711+00:00][A] [INFO] Node ID: 1
[2026-09-02T18:36:48.711+00:00][A] [INFO] type: 2
[2026-09-02T18:36:48.711+00:00][A] [INFO] Destination: 0xFF
[2026-09-02T18:36:48.716+00:00][A] [INFO] Sequence: 233
[2026-09-02T18:36:48.717+00:00][A] [INFO] Packet ID: 132
[2026-09-02T18:36:48.722+00:00][A] [INFO] Packet Size: 26
[2026-09-02T18:36:48.722+00:00][A] [INFO] Timestamp: 132 ms
[2026-09-02T18:36:48.727+00:00][A] [INFO] Transmission Result: success
[2026-09-02T18:36:48.728+00:00][A] [INFO] --------------------------------
[2026-09-02T18:36:48.733+00:00][A] [INFO] [Heartbeat #132]
[2026-09-02T18:36:48.733+00:00][A] [INFO] Sent
[2026-09-02T18:36:48.733+00:00][A] [INFO] Waiting ACK...
[2026-09-02T18:36:48.734+00:00][A] [INFO] [WAITING ACK]
[2026-09-02T18:36:48.747+00:00][A] [INFO] [RF TX] type=2 source=0x01 destination=0xFF previousHop=0x01 sequence=233 ackSequence=0 ttl=8 hops=0 payloadSize=13 rssi=0 snr=
[2026-09-02T18:36:48.747+00:00][A] [INFO] Heartbeat packet sent
[2026-09-02T18:36:49.546+00:00][B] [INFO] --------------------------------
[2026-09-02T18:36:49.546+00:00][B] [INFO] [HEARTBEAT TX]
[2026-09-02T18:36:49.551+00:00][B] [INFO] Node ID: 2
[2026-09-02T18:36:49.552+00:00][B] [INFO] type: 2
[2026-09-02T18:36:49.552+00:00][B] [INFO] Destination: 0xFF
[2026-09-02T18:36:49.554+00:00][A] [INFO] [RF RX] type=2 source=0x02 destination=0xFF previousHop=0x02 sequence=123 ackSequence=0 ttl=8 hops=0 payloadSize=13 rssi=-61 sn
[2026-09-02T18:36:49.557+00:00][B] [INFO] Sequence: 123
[2026-09-02T18:36:49.557+00:00][B] [INFO] Packet ID: 66
[2026-09-02T18:36:49.562+00:00][B] [INFO] Packet Size: 26
[2026-09-02T18:36:49.562+00:00][B] [INFO] Timestamp: 66 ms
[2026-09-02T18:36:49.563+00:00][B] [INFO] Transmission Result: success
[2026-09-02T18:36:49.568+00:00][B] [INFO] --------------------------------
[2026-09-02T18:36:49.568+00:00][B] [INFO] [Heartbeat #66]
[2026-09-02T18:36:49.573+00:00][B] [INFO] Sent
[2026-09-02T18:36:49.574+00:00][B] [INFO] Waiting ACK...
[2026-09-02T18:36:49.574+00:00][B] [INFO] [WAITING ACK]
[2026-09-02T18:36:49.587+00:00][B] [INFO] [RF TX] type=2 source=0x02 destination=0xFF previousHop=0x02 sequence=123 ackSequence=0 ttl=8 hops=0 payloadSize=13 rssi=0 snr=
[2026-09-02T18:36:49.588+00:00][B] [INFO] Heartbeat packet sent
[2026-09-02T18:36:49.622+00:00][A] [INFO] --------------------------------
[2026-09-02T18:36:49.622+00:00][A] [INFO] [HEARTBEAT TX]
[2026-09-02T18:36:49.627+00:00][A] [INFO] Node ID: 1
[2026-09-02T18:36:49.627+00:00][A] [INFO] type: 2
[2026-09-02T18:36:49.628+00:00][A] [INFO] Destination: 0xFF
[2026-09-02T18:36:49.632+00:00][A] [INFO] Sequence: 234
[2026-09-02T18:36:49.633+00:00][A] [INFO] Packet ID: 133
[2026-09-02T18:36:49.638+00:00][A] [INFO] Packet Size: 26
[2026-09-02T18:36:49.638+00:00][A] [INFO] Timestamp: 133 ms
[2026-09-02T18:36:49.643+00:00][A] [INFO] Transmission Result: success
[2026-09-02T18:36:49.644+00:00][A] [INFO] --------------------------------
[2026-09-02T18:36:49.649+00:00][A] [INFO] [Heartbeat #133]
[2026-09-02T18:36:49.649+00:00][A] [INFO] Sent
[2026-09-02T18:36:49.649+00:00][A] [INFO] Waiting ACK...
[2026-09-02T18:36:49.650+00:00][A] [INFO] [WAITING ACK]
[2026-09-02T18:36:49.663+00:00][A] [INFO] [RF TX] type=2 source=0x01 destination=0xFF previousHop=0x01 sequence=234 ackSequence=0 ttl=8 hops=0 payloadSize=13 rssi=0 snr=
[2026-09-02T18:36:49.663+00:00][A] [INFO] Heartbeat packet sent
[2026-09-02T18:36:50.563+00:00][B] [WARN] Retry 1
[2026-09-02T18:36:50.631+00:00][B] [INFO] --------------------------------
[2026-09-02T18:36:50.632+00:00][B] [INFO] [HEARTBEAT TX]
[2026-09-02T18:36:50.635+00:00][B] [INFO] Node ID: 2
[2026-09-02T18:36:50.636+00:00][B] [INFO] type: 2
[2026-09-02T18:36:50.637+00:00][B] [INFO] Destination: 0xFF
[2026-09-02T18:36:50.640+00:00][A] [INFO] [RF RX] type=2 source=0x02 destination=0xFF previousHop=0x02 sequence=123 ackSequence=0 ttl=8 hops=0 payloadSize=13 rssi=-61 sn
[2026-09-02T18:36:50.640+00:00][A] [WARN] Retry 1
[2026-09-02T18:36:50.641+00:00][B] [INFO] Sequence: 123
[2026-09-02T18:36:50.641+00:00][B] [INFO] Packet ID: 66
[2026-09-02T18:36:50.646+00:00][B] [INFO] Packet Size: 26
[2026-09-02T18:36:50.647+00:00][B] [INFO] Timestamp: 66 ms
[2026-09-02T18:36:50.647+00:00][B] [INFO] Transmission Result: success
[2026-09-02T18:36:50.653+00:00][B] [INFO] --------------------------------
[2026-09-02T18:36:50.653+00:00][B] [INFO] [Heartbeat #66]
[2026-09-02T18:36:50.658+00:00][B] [INFO] Sent
[2026-09-02T18:36:50.658+00:00][B] [INFO] Waiting ACK...
[2026-09-02T18:36:50.658+00:00][B] [INFO] [WAITING ACK]
[2026-09-02T18:36:50.671+00:00][B] [INFO] [RF TX] type=2 source=0x02 destination=0xFF previousHop=0x02 sequence=123 ackSequence=0 ttl=8 hops=0 payloadSize=13 rssi=0 snr=
[2026-09-02T18:36:50.672+00:00][B] [INFO] Heartbeat packet sent
[2026-09-02T18:36:50.705+00:00][A] [INFO] --------------------------------
[2026-09-02T18:36:50.706+00:00][A] [INFO] [HEARTBEAT TX]
[2026-09-02T18:36:50.711+00:00][A] [INFO] Node ID: 1
[2026-09-02T18:36:50.711+00:00][A] [INFO] type: 2
[2026-09-02T18:36:50.711+00:00][A] [INFO] Destination: 0xFF
[2026-09-02T18:36:50.716+00:00][A] [INFO] Sequence: 234
[2026-09-02T18:36:50.717+00:00][A] [INFO] Packet ID: 133
[2026-09-02T18:36:50.722+00:00][A] [INFO] Packet Size: 26
[2026-09-02T18:36:50.722+00:00][A] [INFO] Timestamp: 133 ms
[2026-09-02T18:36:50.727+00:00][A] [INFO] Transmission Result: success
[2026-09-02T18:36:50.728+00:00][A] [INFO] --------------------------------
[2026-09-02T18:36:50.733+00:00][A] [INFO] [Heartbeat #133]
[2026-09-02T18:36:50.733+00:00][A] [INFO] Sent
[2026-09-02T18:36:50.733+00:00][A] [INFO] Waiting ACK...
[2026-09-02T18:36:50.733+00:00][A] [INFO] [WAITING ACK]
[2026-09-02T18:36:50.747+00:00][A] [INFO] [RF TX] type=2 source=0x01 destination=0xFF previousHop=0x01 sequence=234 ackSequence=0 ttl=8 hops=0 payloadSize=13 rssi=0 snr=
[2026-09-02T18:36:50.747+00:00][A] [INFO] Heartbeat packet sent
[2026-09-02T18:36:51.546+00:00][B] [INFO] --------------------------------
[2026-09-02T18:36:51.547+00:00][B] [INFO] [HEARTBEAT TX]
[2026-09-02T18:36:51.551+00:00][B] [INFO] Node ID: 2
[2026-09-02T18:36:51.552+00:00][B] [INFO] type: 2
[2026-09-02T18:36:51.552+00:00][B] [INFO] Destination: 0xFF
[2026-09-02T18:36:51.554+00:00][A] [INFO] [RF RX] type=2 source=0x02 destination=0xFF previousHop=0x02 sequence=124 ackSequence=0 ttl=8 hops=0 payloadSize=13 rssi=-61 sn
[2026-09-02T18:36:51.557+00:00][B] [INFO] Sequence: 124
[2026-09-02T18:36:51.557+00:00][B] [INFO] Packet ID: 67
[2026-09-02T18:36:51.563+00:00][B] [INFO] Packet Size: 26
[2026-09-02T18:36:51.563+00:00][B] [INFO] Timestamp: 67 ms
[2026-09-02T18:36:51.564+00:00][B] [INFO] Transmission Result: success
[2026-09-02T18:36:51.568+00:00][B] [INFO] --------------------------------
[2026-09-02T18:36:51.569+00:00][B] [INFO] [Heartbeat #67]
[2026-09-02T18:36:51.574+00:00][B] [INFO] Sent
[2026-09-02T18:36:51.574+00:00][B] [INFO] Waiting ACK...
[2026-09-02T18:36:51.574+00:00][B] [INFO] [WAITING ACK]
[2026-09-02T18:36:51.587+00:00][B] [INFO] [RF TX] type=2 source=0x02 destination=0xFF previousHop=0x02 sequence=124 ackSequence=0 ttl=8 hops=0 payloadSize=13 rssi=0 snr=
[2026-09-02T18:36:51.588+00:00][B] [INFO] Heartbeat packet sent
[2026-09-02T18:36:51.621+00:00][A] [INFO] --------------------------------
[2026-09-02T18:36:51.621+00:00][A] [INFO] [HEARTBEAT TX]
[2026-09-02T18:36:51.627+00:00][A] [INFO] Node ID: 1
[2026-09-02T18:36:51.627+00:00][A] [INFO] type: 2
[2026-09-02T18:36:51.627+00:00][A] [INFO] Destination: 0xFF
[2026-09-02T18:36:51.632+00:00][A] [INFO] Sequence: 235
[2026-09-02T18:36:51.632+00:00][A] [INFO] Packet ID: 134
[2026-09-02T18:36:51.638+00:00][A] [INFO] Packet Size: 26
[2026-09-02T18:36:51.638+00:00][A] [INFO] Timestamp: 134 ms
[2026-09-02T18:36:51.643+00:00][A] [INFO] Transmission Result: success
[2026-09-02T18:36:51.643+00:00][A] [INFO] --------------------------------
[2026-09-02T18:36:51.649+00:00][A] [INFO] [Heartbeat #134]
[2026-09-02T18:36:51.649+00:00][A] [INFO] Sent
[2026-09-02T18:36:51.649+00:00][A] [INFO] Waiting ACK...
[2026-09-02T18:36:51.649+00:00][A] [INFO] [WAITING ACK]
[2026-09-02T18:36:51.663+00:00][A] [INFO] [RF TX] type=2 source=0x01 destination=0xFF previousHop=0x01 sequence=235 ackSequence=0 ttl=8 hops=0 payloadSize=13 rssi=0 snr=
[2026-09-02T18:36:51.663+00:00][A] [INFO] Heartbeat packet sent
[2026-09-02T18:36:52.563+00:00][B] [WARN] Retry 1
[2026-09-02T18:36:52.630+00:00][B] [INFO] --------------------------------
[2026-09-02T18:36:52.631+00:00][B] [INFO] [HEARTBEAT TX]
[2026-09-02T18:36:52.635+00:00][B] [INFO] Node ID: 2
[2026-09-02T18:36:52.636+00:00][B] [INFO] type: 2
[2026-09-02T18:36:52.636+00:00][B] [INFO] Destination: 0xFF
[2026-09-02T18:36:52.639+00:00][A] [INFO] [RF RX] type=2 source=0x02 destination=0xFF previousHop=0x02 sequence=124 ackSequence=0 ttl=8 hops=0 payloadSize=13 rssi=-61 sn
[2026-09-02T18:36:52.640+00:00][A] [WARN] Retry 1
[2026-09-02T18:36:52.641+00:00][B] [INFO] Sequence: 124
[2026-09-02T18:36:52.641+00:00][B] [INFO] Packet ID: 67
[2026-09-02T18:36:52.646+00:00][B] [INFO] Packet Size: 26
[2026-09-02T18:36:52.646+00:00][B] [INFO] Timestamp: 67 ms
[2026-09-02T18:36:52.647+00:00][B] [INFO] Transmission Result: success
[2026-09-02T18:36:52.652+00:00][B] [INFO] --------------------------------
[2026-09-02T18:36:52.652+00:00][B] [INFO] [Heartbeat #67]
[2026-09-02T18:36:52.657+00:00][B] [INFO] Sent
[2026-09-02T18:36:52.658+00:00][B] [INFO] Waiting ACK...
[2026-09-02T18:36:52.658+00:00][B] [INFO] [WAITING ACK]
[2026-09-02T18:36:52.671+00:00][B] [INFO] [RF TX] type=2 source=0x02 destination=0xFF previousHop=0x02 sequence=124 ackSequence=0 ttl=8 hops=0 payloadSize=13 rssi=0 snr=
[2026-09-02T18:36:52.672+00:00][B] [INFO] Heartbeat packet sent
[2026-09-02T18:36:52.705+00:00][A] [INFO] --------------------------------
[2026-09-02T18:36:52.706+00:00][A] [INFO] [HEARTBEAT TX]
[2026-09-02T18:36:52.711+00:00][A] [INFO] Node ID: 1
[2026-09-02T18:36:52.711+00:00][A] [INFO] type: 2
[2026-09-02T18:36:52.711+00:00][A] [INFO] Destination: 0xFF
[2026-09-02T18:36:52.716+00:00][A] [INFO] Sequence: 235
[2026-09-02T18:36:52.719+00:00][A] [INFO] Packet ID: 134
[2026-09-02T18:36:52.722+00:00][A] [INFO] Packet Size: 26
[2026-09-02T18:36:52.722+00:00][A] [INFO] Timestamp: 134 ms
[2026-09-02T18:36:52.727+00:00][A] [INFO] Transmission Result: success
[2026-09-02T18:36:52.727+00:00][A] [INFO] --------------------------------
[2026-09-02T18:36:52.733+00:00][A] [INFO] [Heartbeat #134]
[2026-09-02T18:36:52.733+00:00][A] [INFO] Sent
[2026-09-02T18:36:52.733+00:00][A] [INFO] Waiting ACK...
[2026-09-02T18:36:52.733+00:00][A] [INFO] [WAITING ACK]
[2026-09-02T18:36:52.747+00:00][A] [INFO] [RF TX] type=2 source=0x01 destination=0xFF previousHop=0x01 sequence=235 ackSequence=0 ttl=8 hops=0 payloadSize=13 rssi=0 snr=
[2026-09-02T18:36:52.747+00:00][A] [INFO] Heartbeat packet sent
[2026-09-02T18:36:53.546+00:00][B] [INFO] --------------------------------
[2026-09-02T18:36:53.547+00:00][B] [INFO] [HEARTBEAT TX]
[2026-09-02T18:36:53.552+00:00][B] [INFO] Node ID: 2
[2026-09-02T18:36:53.552+00:00][B] [INFO] type: 2
[2026-09-02T18:36:53.553+00:00][B] [INFO] Destination: 0xFF
[2026-09-02T18:36:53.554+00:00][A] [INFO] [RF RX] type=2 source=0x02 destination=0xFF previousHop=0x02 sequence=125 ackSequence=0 ttl=8 hops=0 payloadSize=13 rssi=-61 sn
[2026-09-02T18:36:53.557+00:00][B] [INFO] Sequence: 125
[2026-09-02T18:36:53.557+00:00][B] [INFO] Packet ID: 68
[2026-09-02T18:36:53.562+00:00][B] [INFO] Packet Size: 26
[2026-09-02T18:36:53.563+00:00][B] [INFO] Timestamp: 68 ms
[2026-09-02T18:36:53.563+00:00][B] [INFO] Transmission Result: success
[2026-09-02T18:36:53.568+00:00][B] [INFO] --------------------------------
[2026-09-02T18:36:53.569+00:00][B] [INFO] [Heartbeat #68]
[2026-09-02T18:36:53.574+00:00][B] [INFO] Sent
[2026-09-02T18:36:53.574+00:00][B] [INFO] Waiting ACK...
[2026-09-02T18:36:53.574+00:00][B] [INFO] [WAITING ACK]
[2026-09-02T18:36:53.587+00:00][B] [INFO] [RF TX] type=2 source=0x02 destination=0xFF previousHop=0x02 sequence=125 ackSequence=0 ttl=8 hops=0 payloadSize=13 rssi=0 snr=
[2026-09-02T18:36:53.588+00:00][B] [INFO] Heartbeat packet sent
[2026-09-02T18:36:53.621+00:00][A] [INFO] --------------------------------
[2026-09-02T18:36:53.622+00:00][A] [INFO] [HEARTBEAT TX]
[2026-09-02T18:36:53.627+00:00][A] [INFO] Node ID: 1
[2026-09-02T18:36:53.627+00:00][A] [INFO] type: 2
[2026-09-02T18:36:53.627+00:00][A] [INFO] Destination: 0xFF
[2026-09-02T18:36:53.632+00:00][A] [INFO] Sequence: 236
[2026-09-02T18:36:53.633+00:00][A] [INFO] Packet ID: 135
[2026-09-02T18:36:53.638+00:00][A] [INFO] Packet Size: 26
[2026-09-02T18:36:53.638+00:00][A] [INFO] Timestamp: 135 ms
[2026-09-02T18:36:53.643+00:00][A] [INFO] Transmission Result: success
[2026-09-02T18:36:53.644+00:00][A] [INFO] --------------------------------
[2026-09-02T18:36:53.649+00:00][A] [INFO] [Heartbeat #135]
[2026-09-02T18:36:53.649+00:00][A] [INFO] Sent
[2026-09-02T18:36:53.649+00:00][A] [INFO] Waiting ACK...
[2026-09-02T18:36:53.650+00:00][A] [INFO] [WAITING ACK]
[2026-09-02T18:36:53.663+00:00][A] [INFO] [RF TX] type=2 source=0x01 destination=0xFF previousHop=0x01 sequence=236 ackSequence=0 ttl=8 hops=0 payloadSize=13 rssi=0 snr=
[2026-09-02T18:36:53.664+00:00][A] [INFO] Heartbeat packet sent
[2026-09-02T18:36:54.563+00:00][B] [WARN] Retry 1
[2026-09-02T18:36:54.631+00:00][B] [INFO] --------------------------------
[2026-09-02T18:36:54.631+00:00][B] [INFO] [HEARTBEAT TX]
[2026-09-02T18:36:54.636+00:00][B] [INFO] Node ID: 2
[2026-09-02T18:36:54.636+00:00][B] [INFO] type: 2
[2026-09-02T18:36:54.636+00:00][B] [INFO] Destination: 0xFF
[2026-09-02T18:36:54.640+00:00][A] [INFO] [RF RX] type=2 source=0x02 destination=0xFF previousHop=0x02 sequence=125 ackSequence=0 ttl=8 hops=0 payloadSize=13 rssi=-61 sn
[2026-09-02T18:36:54.640+00:00][A] [WARN] Retry 1
[2026-09-02T18:36:54.641+00:00][B] [INFO] Sequence: 125
[2026-09-02T18:36:54.641+00:00][B] [INFO] Packet ID: 68
[2026-09-02T18:36:54.646+00:00][B] [INFO] Packet Size: 26
[2026-09-02T18:36:54.646+00:00][B] [INFO] Timestamp: 68 ms
[2026-09-02T18:36:54.647+00:00][B] [INFO] Transmission Result: success
[2026-09-02T18:36:54.652+00:00][B] [INFO] --------------------------------
[2026-09-02T18:36:54.653+00:00][B] [INFO] [Heartbeat #68]
[2026-09-02T18:36:54.657+00:00][B] [INFO] Sent
[2026-09-02T18:36:54.658+00:00][B] [INFO] Waiting ACK...
[2026-09-02T18:36:54.658+00:00][B] [INFO] [WAITING ACK]
[2026-09-02T18:36:54.671+00:00][B] [INFO] [RF TX] type=2 source=0x02 destination=0xFF previousHop=0x02 sequence=125 ackSequence=0 ttl=8 hops=0 payloadSize=13 rssi=0 snr=
[2026-09-02T18:36:54.672+00:00][B] [INFO] Heartbeat packet sent
[2026-09-02T18:36:54.705+00:00][A] [INFO] --------------------------------
[2026-09-02T18:36:54.706+00:00][A] [INFO] [HEARTBEAT TX]
[2026-09-02T18:36:54.711+00:00][A] [INFO] Node ID: 1
[2026-09-02T18:36:54.711+00:00][A] [INFO] type: 2
[2026-09-02T18:36:54.712+00:00][A] [INFO] Destination: 0xFF
[2026-09-02T18:36:54.716+00:00][A] [INFO] Sequence: 236
[2026-09-02T18:36:54.717+00:00][A] [INFO] Packet ID: 135
[2026-09-02T18:36:54.722+00:00][A] [INFO] Packet Size: 26
[2026-09-02T18:36:54.722+00:00][A] [INFO] Timestamp: 135 ms
[2026-09-02T18:36:54.727+00:00][A] [INFO] Transmission Result: success
[2026-09-02T18:36:54.728+00:00][A] [INFO] --------------------------------
[2026-09-02T18:36:54.733+00:00][A] [INFO] [Heartbeat #135]
[2026-09-02T18:36:54.733+00:00][A] [INFO] Sent
[2026-09-02T18:36:54.733+00:00][A] [INFO] Waiting ACK...
[2026-09-02T18:36:54.734+00:00][A] [INFO] [WAITING ACK]
[2026-09-02T18:36:54.747+00:00][A] [INFO] [RF TX] type=2 source=0x01 destination=0xFF previousHop=0x01 sequence=236 ackSequence=0 ttl=8 hops=0 payloadSize=13 rssi=0 snr=
[2026-09-02T18:36:54.748+00:00][A] [INFO] Heartbeat packet sent
[2026-09-02T18:36:55.547+00:00][B] [INFO] --------------------------------
[2026-09-02T18:36:55.547+00:00][B] [INFO] [HEARTBEAT TX]
[2026-09-02T18:36:55.551+00:00][B] [INFO] Node ID: 2
[2026-09-02T18:36:55.551+00:00][B] [INFO] type: 2
[2026-09-02T18:36:55.552+00:00][B] [INFO] Destination: 0xFF
[2026-09-02T18:36:55.554+00:00][A] [INFO] [RF RX] type=2 source=0x02 destination=0xFF previousHop=0x02 sequence=126 ackSequence=0 ttl=8 hops=0 payloadSize=13 rssi=-61 sn
[2026-09-02T18:36:55.557+00:00][B] [INFO] Sequence: 126
[2026-09-02T18:36:55.557+00:00][B] [INFO] Packet ID: 69
[2026-09-02T18:36:55.562+00:00][B] [INFO] Packet Size: 26
[2026-09-02T18:36:55.563+00:00][B] [INFO] Timestamp: 69 ms
[2026-09-02T18:36:55.564+00:00][B] [INFO] Transmission Result: success
[2026-09-02T18:36:55.569+00:00][B] [INFO] --------------------------------
[2026-09-02T18:36:55.569+00:00][B] [INFO] [Heartbeat #69]
[2026-09-02T18:36:55.573+00:00][B] [INFO] Sent
[2026-09-02T18:36:55.574+00:00][B] [INFO] Waiting ACK...
[2026-09-02T18:36:55.574+00:00][B] [INFO] [WAITING ACK]
[2026-09-02T18:36:55.587+00:00][B] [INFO] [RF TX] type=2 source=0x02 destination=0xFF previousHop=0x02 sequence=126 ackSequence=0 ttl=8 hops=0 payloadSize=13 rssi=0 snr=
[2026-09-02T18:36:55.588+00:00][B] [INFO] Heartbeat packet sent
[2026-09-02T18:36:55.622+00:00][A] [INFO] --------------------------------
[2026-09-02T18:36:55.622+00:00][A] [INFO] [HEARTBEAT TX]
[2026-09-02T18:36:55.627+00:00][A] [INFO] Node ID: 1
[2026-09-02T18:36:55.627+00:00][A] [INFO] type: 2
[2026-09-02T18:36:55.628+00:00][A] [INFO] Destination: 0xFF
[2026-09-02T18:36:55.632+00:00][A] [INFO] Sequence: 237
[2026-09-02T18:36:55.633+00:00][A] [INFO] Packet ID: 136
[2026-09-02T18:36:55.638+00:00][A] [INFO] Packet Size: 26
[2026-09-02T18:36:55.638+00:00][A] [INFO] Timestamp: 136 ms
[2026-09-02T18:36:55.643+00:00][A] [INFO] Transmission Result: success
[2026-09-02T18:36:55.644+00:00][A] [INFO] --------------------------------
[2026-09-02T18:36:55.649+00:00][A] [INFO] [Heartbeat #136]
[2026-09-02T18:36:55.649+00:00][A] [INFO] Sent
[2026-09-02T18:36:55.651+00:00][A] [INFO] Waiting ACK...
[2026-09-02T18:36:55.651+00:00][A] [INFO] [WAITING ACK]
[2026-09-02T18:36:55.673+00:00][A] [INFO] [RF TX] type=2 source=0x01 destination=0xFF previousHop=0x01 sequence=237 ackSequence=0 ttl=8 hops=0 payloadSize=13 rssi=0 snr=
[2026-09-02T18:36:55.674+00:00][A] [INFO] Heartbeat packet sent
[2026-09-02T18:36:56.563+00:00][B] [WARN] Retry 1
[2026-09-02T18:36:56.630+00:00][B] [INFO] --------------------------------
[2026-09-02T18:36:56.630+00:00][B] [INFO] [HEARTBEAT TX]
[2026-09-02T18:36:56.636+00:00][B] [INFO] Node ID: 2
[2026-09-02T18:36:56.636+00:00][B] [INFO] type: 2
[2026-09-02T18:36:56.636+00:00][B] [INFO] Destination: 0xFF
[2026-09-02T18:36:56.639+00:00][A] [INFO] [RF RX] type=2 source=0x02 destination=0xFF previousHop=0x02 sequence=126 ackSequence=0 ttl=8 hops=0 payloadSize=13 rssi=-61 sn
[2026-09-02T18:36:56.640+00:00][A] [WARN] Retry 1
[2026-09-02T18:36:56.641+00:00][B] [INFO] Sequence: 126
[2026-09-02T18:36:56.641+00:00][B] [INFO] Packet ID: 69
[2026-09-02T18:36:56.646+00:00][B] [INFO] Packet Size: 26
[2026-09-02T18:36:56.647+00:00][B] [INFO] Timestamp: 69 ms
[2026-09-02T18:36:56.647+00:00][B] [INFO] Transmission Result: success
[2026-09-02T18:36:56.652+00:00][B] [INFO] --------------------------------
[2026-09-02T18:36:56.653+00:00][B] [INFO] [Heartbeat #69]
[2026-09-02T18:36:56.657+00:00][B] [INFO] Sent
[2026-09-02T18:36:56.658+00:00][B] [INFO] Waiting ACK...
[2026-09-02T18:36:56.658+00:00][B] [INFO] [WAITING ACK]
[2026-09-02T18:36:56.671+00:00][B] [INFO] [RF TX] type=2 source=0x02 destination=0xFF previousHop=0x02 sequence=126 ackSequence=0 ttl=8 hops=0 payloadSize=13 rssi=0 snr=
[2026-09-02T18:36:56.672+00:00][B] [INFO] Heartbeat packet sent
[2026-09-02T18:36:56.705+00:00][A] [INFO] --------------------------------
[2026-09-02T18:36:56.706+00:00][A] [INFO] [HEARTBEAT TX]
[2026-09-02T18:36:56.711+00:00][A] [INFO] Node ID: 1
[2026-09-02T18:36:56.711+00:00][A] [INFO] type: 2
[2026-09-02T18:36:56.711+00:00][A] [INFO] Destination: 0xFF
[2026-09-02T18:36:56.716+00:00][A] [INFO] Sequence: 237
[2026-09-02T18:36:56.717+00:00][A] [INFO] Packet ID: 136
[2026-09-02T18:36:56.722+00:00][A] [INFO] Packet Size: 26
[2026-09-02T18:36:56.722+00:00][A] [INFO] Timestamp: 136 ms
[2026-09-02T18:36:56.727+00:00][A] [INFO] Transmission Result: success
[2026-09-02T18:36:56.728+00:00][A] [INFO] --------------------------------
[2026-09-02T18:36:56.733+00:00][A] [INFO] [Heartbeat #136]
[2026-09-02T18:36:56.733+00:00][A] [INFO] Sent
[2026-09-02T18:36:56.733+00:00][A] [INFO] Waiting ACK...
[2026-09-02T18:36:56.733+00:00][A] [INFO] [WAITING ACK]
[2026-09-02T18:36:56.747+00:00][A] [INFO] [RF TX] type=2 source=0x01 destination=0xFF previousHop=0x01 sequence=237 ackSequence=0 ttl=8 hops=0 payloadSize=13 rssi=0 snr=
[2026-09-02T18:36:56.747+00:00][A] [INFO] Heartbeat packet sent
[2026-09-02T18:36:57.547+00:00][B] [INFO] --------------------------------
[2026-09-02T18:36:57.547+00:00][B] [INFO] [HEARTBEAT TX]
[2026-09-02T18:36:57.551+00:00][B] [INFO] Node ID: 2
[2026-09-02T18:36:57.552+00:00][B] [INFO] type: 2
[2026-09-02T18:36:57.552+00:00][B] [INFO] Destination: 0xFF
[2026-09-02T18:36:57.554+00:00][A] [INFO] [RF RX] type=2 source=0x02 destination=0xFF previousHop=0x02 sequence=127 ackSequence=0 ttl=8 hops=0 payloadSize=13 rssi=-62 sn
[2026-09-02T18:36:57.557+00:00][B] [INFO] Sequence: 127
[2026-09-02T18:36:57.557+00:00][B] [INFO] Packet ID: 70
[2026-09-02T18:36:57.562+00:00][B] [INFO] Packet Size: 26
[2026-09-02T18:36:57.563+00:00][B] [INFO] Timestamp: 70 ms
[2026-09-02T18:36:57.564+00:00][B] [INFO] Transmission Result: success
[2026-09-02T18:36:57.568+00:00][B] [INFO] --------------------------------
[2026-09-02T18:36:57.569+00:00][B] [INFO] [Heartbeat #70]
[2026-09-02T18:36:57.573+00:00][B] [INFO] Sent
[2026-09-02T18:36:57.574+00:00][B] [INFO] Waiting ACK...
[2026-09-02T18:36:57.574+00:00][B] [INFO] [WAITING ACK]
[2026-09-02T18:36:57.587+00:00][B] [INFO] [RF TX] type=2 source=0x02 destination=0xFF previousHop=0x02 sequence=127 ackSequence=0 ttl=8 hops=0 payloadSize=13 rssi=0 snr=
[2026-09-02T18:36:57.588+00:00][B] [INFO] Heartbeat packet sent
[2026-09-02T18:36:57.621+00:00][A] [INFO] --------------------------------
[2026-09-02T18:36:57.622+00:00][A] [INFO] [HEARTBEAT TX]
[2026-09-02T18:36:57.627+00:00][A] [INFO] Node ID: 1
[2026-09-02T18:36:57.627+00:00][A] [INFO] type: 2
[2026-09-02T18:36:57.627+00:00][A] [INFO] Destination: 0xFF
[2026-09-02T18:36:57.632+00:00][A] [INFO] Sequence: 238
[2026-09-02T18:36:57.632+00:00][A] [INFO] Packet ID: 137
[2026-09-02T18:36:57.637+00:00][A] [INFO] Packet Size: 26
[2026-09-02T18:36:57.638+00:00][A] [INFO] Timestamp: 137 ms
[2026-09-02T18:36:57.643+00:00][A] [INFO] Transmission Result: success
[2026-09-02T18:36:57.643+00:00][A] [INFO] --------------------------------
[2026-09-02T18:36:57.649+00:00][A] [INFO] [Heartbeat #137]
[2026-09-02T18:36:57.649+00:00][A] [INFO] Sent
[2026-09-02T18:36:57.649+00:00][A] [INFO] Waiting ACK...
[2026-09-02T18:36:57.649+00:00][A] [INFO] [WAITING ACK]
[2026-09-02T18:36:57.663+00:00][A] [INFO] [RF TX] type=2 source=0x01 destination=0xFF previousHop=0x01 sequence=238 ackSequence=0 ttl=8 hops=0 payloadSize=13 rssi=0 snr=
[2026-09-02T18:36:57.663+00:00][A] [INFO] Heartbeat packet sent
[2026-09-02T18:36:58.563+00:00][B] [WARN] Retry 1
[2026-09-02T18:36:58.630+00:00][B] [INFO] --------------------------------
[2026-09-02T18:36:58.631+00:00][B] [INFO] [HEARTBEAT TX]
[2026-09-02T18:36:58.636+00:00][B] [INFO] Node ID: 2
[2026-09-02T18:36:58.636+00:00][B] [INFO] type: 2
[2026-09-02T18:36:58.636+00:00][B] [INFO] Destination: 0xFF
[2026-09-02T18:36:58.639+00:00][A] [INFO] [RF RX] type=2 source=0x02 destination=0xFF previousHop=0x02 sequence=127 ackSequence=0 ttl=8 hops=0 payloadSize=13 rssi=-61 sn
[2026-09-02T18:36:58.640+00:00][A] [WARN] Retry 1
[2026-09-02T18:36:58.641+00:00][B] [INFO] Sequence: 127
[2026-09-02T18:36:58.641+00:00][B] [INFO] Packet ID: 70
[2026-09-02T18:36:58.646+00:00][B] [INFO] Packet Size: 26
[2026-09-02T18:36:58.646+00:00][B] [INFO] Timestamp: 70 ms
[2026-09-02T18:36:58.647+00:00][B] [INFO] Transmission Result: success
[2026-09-02T18:36:58.652+00:00][B] [INFO] --------------------------------
[2026-09-02T18:36:58.653+00:00][B] [INFO] [Heartbeat #70]
[2026-09-02T18:36:58.657+00:00][B] [INFO] Sent
[2026-09-02T18:36:58.658+00:00][B] [INFO] Waiting ACK...
[2026-09-02T18:36:58.658+00:00][B] [INFO] [WAITING ACK]
[2026-09-02T18:36:58.671+00:00][B] [INFO] [RF TX] type=2 source=0x02 destination=0xFF previousHop=0x02 sequence=127 ackSequence=0 ttl=8 hops=0 payloadSize=13 rssi=0 snr=
[2026-09-02T18:36:58.672+00:00][B] [INFO] Heartbeat packet sent
[2026-09-02T18:36:58.705+00:00][A] [INFO] --------------------------------
[2026-09-02T18:36:58.706+00:00][A] [INFO] [HEARTBEAT TX]
[2026-09-02T18:36:58.711+00:00][A] [INFO] Node ID: 1
[2026-09-02T18:36:58.711+00:00][A] [INFO] type: 2
[2026-09-02T18:36:58.711+00:00][A] [INFO] Destination: 0xFF
[2026-09-02T18:36:58.716+00:00][A] [INFO] Sequence: 238
[2026-09-02T18:36:58.716+00:00][A] [INFO] Packet ID: 137
[2026-09-02T18:36:58.722+00:00][A] [INFO] Packet Size: 26
[2026-09-02T18:36:58.722+00:00][A] [INFO] Timestamp: 137 ms
[2026-09-02T18:36:58.727+00:00][A] [INFO] Transmission Result: success
[2026-09-02T18:36:58.728+00:00][A] [INFO] --------------------------------
[2026-09-02T18:36:58.733+00:00][A] [INFO] [Heartbeat #137]
[2026-09-02T18:36:58.733+00:00][A] [INFO] Sent
[2026-09-02T18:36:58.733+00:00][A] [INFO] Waiting ACK...
[2026-09-02T18:36:58.734+00:00][A] [INFO] [WAITING ACK]
[2026-09-02T18:36:58.747+00:00][A] [INFO] [RF TX] type=2 source=0x01 destination=0xFF previousHop=0x01 sequence=238 ackSequence=0 ttl=8 hops=0 payloadSize=13 rssi=0 snr=
[2026-09-02T18:36:58.747+00:00][A] [INFO] Heartbeat packet sent
[2026-09-02T18:36:59.546+00:00][B] [INFO] --------------------------------
[2026-09-02T18:36:59.548+00:00][B] [INFO] [HEARTBEAT TX]
[2026-09-02T18:36:59.551+00:00][B] [INFO] Node ID: 2
[2026-09-02T18:36:59.552+00:00][B] [INFO] type: 2
[2026-09-02T18:36:59.552+00:00][B] [INFO] Destination: 0xFF
[2026-09-02T18:36:59.554+00:00][A] [INFO] [RF RX] type=2 source=0x02 destination=0xFF previousHop=0x02 sequence=128 ackSequence=0 ttl=8 hops=0 payloadSize=13 rssi=-61 sn
[2026-09-02T18:36:59.557+00:00][B] [INFO] Sequence: 128
[2026-09-02T18:36:59.557+00:00][B] [INFO] Packet ID: 71
[2026-09-02T18:36:59.563+00:00][B] [INFO] Packet Size: 26
[2026-09-02T18:36:59.564+00:00][B] [INFO] Timestamp: 71 ms
[2026-09-02T18:36:59.565+00:00][B] [INFO] Transmission Result: success
[2026-09-02T18:36:59.568+00:00][B] [INFO] --------------------------------
[2026-09-02T18:36:59.568+00:00][B] [INFO] [Heartbeat #71]
[2026-09-02T18:36:59.573+00:00][B] [INFO] Sent
[2026-09-02T18:36:59.574+00:00][B] [INFO] Waiting ACK...
[2026-09-02T18:36:59.574+00:00][B] [INFO] [WAITING ACK]
[2026-09-02T18:36:59.587+00:00][B] [INFO] [RF TX] type=2 source=0x02 destination=0xFF previousHop=0x02 sequence=128 ackSequence=0 ttl=8 hops=0 payloadSize=13 rssi=0 snr=
[2026-09-02T18:36:59.588+00:00][B] [INFO] Heartbeat packet sent
[2026-09-02T18:36:59.621+00:00][A] [INFO] --------------------------------
[2026-09-02T18:36:59.622+00:00][A] [INFO] [HEARTBEAT TX]
[2026-09-02T18:36:59.626+00:00][A] [INFO] Node ID: 1
[2026-09-02T18:36:59.627+00:00][A] [INFO] type: 2
[2026-09-02T18:36:59.627+00:00][A] [INFO] Destination: 0xFF
[2026-09-02T18:36:59.632+00:00][A] [INFO] Sequence: 239
[2026-09-02T18:36:59.632+00:00][A] [INFO] Packet ID: 138
[2026-09-02T18:36:59.637+00:00][A] [INFO] Packet Size: 26
[2026-09-02T18:36:59.638+00:00][A] [INFO] Timestamp: 138 ms
[2026-09-02T18:36:59.643+00:00][A] [INFO] Transmission Result: success
[2026-09-02T18:36:59.643+00:00][A] [INFO] --------------------------------
[2026-09-02T18:36:59.648+00:00][A] [INFO] [Heartbeat #138]
[2026-09-02T18:36:59.649+00:00][A] [INFO] Sent
[2026-09-02T18:36:59.649+00:00][A] [INFO] Waiting ACK...
[2026-09-02T18:36:59.649+00:00][A] [INFO] [WAITING ACK]
[2026-09-02T18:36:59.663+00:00][A] [INFO] [RF TX] type=2 source=0x01 destination=0xFF previousHop=0x01 sequence=239 ackSequence=0 ttl=8 hops=0 payloadSize=13 rssi=0 snr=
[2026-09-02T18:36:59.663+00:00][A] [INFO] Heartbeat packet sent
[2026-09-02T18:37:00.563+00:00][B] [WARN] Retry 1
[2026-09-02T18:37:00.630+00:00][B] [INFO] --------------------------------
[2026-09-02T18:37:00.630+00:00][B] [INFO] [HEARTBEAT TX]
[2026-09-02T18:37:00.635+00:00][B] [INFO] Node ID: 2
[2026-09-02T18:37:00.636+00:00][B] [INFO] type: 2
[2026-09-02T18:37:00.636+00:00][B] [INFO] Destination: 0xFF
[2026-09-02T18:37:00.639+00:00][A] [INFO] [RF RX] type=2 source=0x02 destination=0xFF previousHop=0x02 sequence=128 ackSequence=0 ttl=8 hops=0 payloadSize=13 rssi=-61 sn
[2026-09-02T18:37:00.640+00:00][A] [WARN] Retry 1
[2026-09-02T18:37:00.641+00:00][B] [INFO] Sequence: 128
[2026-09-02T18:37:00.641+00:00][B] [INFO] Packet ID: 71
[2026-09-02T18:37:00.646+00:00][B] [INFO] Packet Size: 26
[2026-09-02T18:37:00.646+00:00][B] [INFO] Timestamp: 71 ms
[2026-09-02T18:37:00.647+00:00][B] [INFO] Transmission Result: success
[2026-09-02T18:37:00.652+00:00][B] [INFO] --------------------------------
[2026-09-02T18:37:00.652+00:00][B] [INFO] [Heartbeat #71]
[2026-09-02T18:37:00.657+00:00][B] [INFO] Sent
[2026-09-02T18:37:00.658+00:00][B] [INFO] Waiting ACK...
[2026-09-02T18:37:00.658+00:00][B] [INFO] [WAITING ACK]
[2026-09-02T18:37:00.671+00:00][B] [INFO] [RF TX] type=2 source=0x02 destination=0xFF previousHop=0x02 sequence=128 ackSequence=0 ttl=8 hops=0 payloadSize=13 rssi=0 snr=
[2026-09-02T18:37:00.672+00:00][B] [INFO] Heartbeat packet sent
[2026-09-02T18:37:00.705+00:00][A] [INFO] --------------------------------
[2026-09-02T18:37:00.706+00:00][A] [INFO] [HEARTBEAT TX]
[2026-09-02T18:37:00.711+00:00][A] [INFO] Node ID: 1
[2026-09-02T18:37:00.711+00:00][A] [INFO] type: 2
[2026-09-02T18:37:00.711+00:00][A] [INFO] Destination: 0xFF
[2026-09-02T18:37:00.716+00:00][A] [INFO] Sequence: 239
[2026-09-02T18:37:00.716+00:00][A] [INFO] Packet ID: 138
[2026-09-02T18:37:00.721+00:00][A] [INFO] Packet Size: 26
[2026-09-02T18:37:00.722+00:00][A] [INFO] Timestamp: 138 ms
[2026-09-02T18:37:00.727+00:00][A] [INFO] Transmission Result: success
[2026-09-02T18:37:00.728+00:00][A] [INFO] --------------------------------
[2026-09-02T18:37:00.733+00:00][A] [INFO] [Heartbeat #138]
[2026-09-02T18:37:00.733+00:00][A] [INFO] Sent
[2026-09-02T18:37:00.733+00:00][A] [INFO] Waiting ACK...
[2026-09-02T18:37:00.733+00:00][A] [INFO] [WAITING ACK]
[2026-09-02T18:37:00.747+00:00][A] [INFO] [RF TX] type=2 source=0x01 destination=0xFF previousHop=0x01 sequence=239 ackSequence=0 ttl=8 hops=0 payloadSize=13 rssi=0 snr=
[2026-09-02T18:37:00.747+00:00][A] [INFO] Heartbeat packet sent
[2026-09-02T18:37:01.546+00:00][B] [INFO] --------------------------------
[2026-09-02T18:37:01.547+00:00][B] [INFO] [HEARTBEAT TX]
[2026-09-02T18:37:01.551+00:00][B] [INFO] Node ID: 2
[2026-09-02T18:37:01.552+00:00][B] [INFO] type: 2
[2026-09-02T18:37:01.552+00:00][B] [INFO] Destination: 0xFF
[2026-09-02T18:37:01.554+00:00][A] [INFO] [RF RX] type=2 source=0x02 destination=0xFF previousHop=0x02 sequence=129 ackSequence=0 ttl=8 hops=0 payloadSize=13 rssi=-60 sn
[2026-09-02T18:37:01.557+00:00][B] [INFO] Sequence: 129
[2026-09-02T18:37:01.557+00:00][B] [INFO] Packet ID: 72
[2026-09-02T18:37:01.562+00:00][B] [INFO] Packet Size: 26
[2026-09-02T18:37:01.563+00:00][B] [INFO] Timestamp: 72 ms
[2026-09-02T18:37:01.563+00:00][B] [INFO] Transmission Result: success
[2026-09-02T18:37:01.568+00:00][B] [INFO] --------------------------------
[2026-09-02T18:37:01.569+00:00][B] [INFO] [Heartbeat #72]
[2026-09-02T18:37:01.573+00:00][B] [INFO] Sent
[2026-09-02T18:37:01.574+00:00][B] [INFO] Waiting ACK...
[2026-09-02T18:37:01.574+00:00][B] [INFO] [WAITING ACK]
[2026-09-02T18:37:01.587+00:00][B] [INFO] [RF TX] type=2 source=0x02 destination=0xFF previousHop=0x02 sequence=129 ackSequence=0 ttl=8 hops=0 payloadSize=13 rssi=0 snr=
[2026-09-02T18:37:01.588+00:00][B] [INFO] Heartbeat packet sent
[2026-09-02T18:37:01.621+00:00][A] [INFO] --------------------------------
[2026-09-02T18:37:01.622+00:00][A] [INFO] [HEARTBEAT TX]
[2026-09-02T18:37:01.626+00:00][A] [INFO] Node ID: 1
[2026-09-02T18:37:01.627+00:00][A] [INFO] type: 2
[2026-09-02T18:37:01.627+00:00][A] [INFO] Destination: 0xFF
[2026-09-02T18:37:01.632+00:00][A] [INFO] Sequence: 240
[2026-09-02T18:37:01.632+00:00][A] [INFO] Packet ID: 139
[2026-09-02T18:37:01.637+00:00][A] [INFO] Packet Size: 26
[2026-09-02T18:37:01.638+00:00][A] [INFO] Timestamp: 139 ms
[2026-09-02T18:37:01.643+00:00][A] [INFO] Transmission Result: success
[2026-09-02T18:37:01.643+00:00][A] [INFO] --------------------------------
[2026-09-02T18:37:01.649+00:00][A] [INFO] [Heartbeat #139]
[2026-09-02T18:37:01.649+00:00][A] [INFO] Sent
[2026-09-02T18:37:01.649+00:00][A] [INFO] Waiting ACK...
[2026-09-02T18:37:01.649+00:00][A] [INFO] [WAITING ACK]
[2026-09-02T18:37:01.663+00:00][A] [INFO] [RF TX] type=2 source=0x01 destination=0xFF previousHop=0x01 sequence=240 ackSequence=0 ttl=8 hops=0 payloadSize=13 rssi=0 snr=
[2026-09-02T18:37:01.664+00:00][A] [INFO] Heartbeat packet sent
[2026-09-02T18:37:02.563+00:00][B] [WARN] Retry 1
[2026-09-02T18:37:02.630+00:00][B] [INFO] --------------------------------
[2026-09-02T18:37:02.631+00:00][B] [INFO] [HEARTBEAT TX]
[2026-09-02T18:37:02.635+00:00][B] [INFO] Node ID: 2
[2026-09-02T18:37:02.636+00:00][B] [INFO] type: 2
[2026-09-02T18:37:02.636+00:00][B] [INFO] Destination: 0xFF
[2026-09-02T18:37:02.639+00:00][A] [INFO] [RF RX] type=2 source=0x02 destination=0xFF previousHop=0x02 sequence=129 ackSequence=0 ttl=8 hops=0 payloadSize=13 rssi=-60 sn
[2026-09-02T18:37:02.640+00:00][A] [WARN] Retry 1
[2026-09-02T18:37:02.640+00:00][B] [INFO] Sequence: 129
[2026-09-02T18:37:02.641+00:00][B] [INFO] Packet ID: 72
[2026-09-02T18:37:02.646+00:00][B] [INFO] Packet Size: 26
[2026-09-02T18:37:02.646+00:00][B] [INFO] Timestamp: 72 ms
[2026-09-02T18:37:02.647+00:00][B] [INFO] Transmission Result: success
[2026-09-02T18:37:02.652+00:00][B] [INFO] --------------------------------
[2026-09-02T18:37:02.652+00:00][B] [INFO] [Heartbeat #72]
[2026-09-02T18:37:02.657+00:00][B] [INFO] Sent
[2026-09-02T18:37:02.658+00:00][B] [INFO] Waiting ACK...
[2026-09-02T18:37:02.658+00:00][B] [INFO] [WAITING ACK]
[2026-09-02T18:37:02.671+00:00][B] [INFO] [RF TX] type=2 source=0x02 destination=0xFF previousHop=0x02 sequence=129 ackSequence=0 ttl=8 hops=0 payloadSize=13 rssi=0 snr=
[2026-09-02T18:37:02.672+00:00][B] [INFO] Heartbeat packet sent
[2026-09-02T18:37:02.705+00:00][A] [INFO] --------------------------------
[2026-09-02T18:37:02.706+00:00][A] [INFO] [HEARTBEAT TX]
[2026-09-02T18:37:02.711+00:00][A] [INFO] Node ID: 1
[2026-09-02T18:37:02.711+00:00][A] [INFO] type: 2
[2026-09-02T18:37:02.712+00:00][A] [INFO] Destination: 0xFF
[2026-09-02T18:37:02.716+00:00][A] [INFO] Sequence: 240
[2026-09-02T18:37:02.716+00:00][A] [INFO] Packet ID: 139
[2026-09-02T18:37:02.721+00:00][A] [INFO] Packet Size: 26
[2026-09-02T18:37:02.722+00:00][A] [INFO] Timestamp: 139 ms
[2026-09-02T18:37:02.727+00:00][A] [INFO] Transmission Result: success
[2026-09-02T18:37:02.727+00:00][A] [INFO] --------------------------------
[2026-09-02T18:37:02.733+00:00][A] [INFO] [Heartbeat #139]
[2026-09-02T18:37:02.733+00:00][A] [INFO] Sent
[2026-09-02T18:37:02.733+00:00][A] [INFO] Waiting ACK...
[2026-09-02T18:37:02.733+00:00][A] [INFO] [WAITING ACK]
[2026-09-02T18:37:02.747+00:00][A] [INFO] [RF TX] type=2 source=0x01 destination=0xFF previousHop=0x01 sequence=240 ackSequence=0 ttl=8 hops=0 payloadSize=13 rssi=0 snr=
[2026-09-02T18:37:02.747+00:00][A] [INFO] Heartbeat packet sent
[2026-09-02T18:37:03.547+00:00][B] [INFO] --------------------------------
[2026-09-02T18:37:03.548+00:00][B] [INFO] [HEARTBEAT TX]
[2026-09-02T18:37:03.551+00:00][B] [INFO] Node ID: 2
[2026-09-02T18:37:03.551+00:00][B] [INFO] type: 2
[2026-09-02T18:37:03.551+00:00][B] [INFO] Destination: 0xFF
[2026-09-02T18:37:03.554+00:00][A] [INFO] [RF RX] type=2 source=0x02 destination=0xFF previousHop=0x02 sequence=130 ackSequence=0 ttl=8 hops=0 payloadSize=13 rssi=-60 sn
[2026-09-02T18:37:03.557+00:00][B] [INFO] Sequence: 130
[2026-09-02T18:37:03.557+00:00][B] [INFO] Packet ID: 73
[2026-09-02T18:37:03.562+00:00][B] [INFO] Packet Size: 26
[2026-09-02T18:37:03.563+00:00][B] [INFO] Timestamp: 73 ms
[2026-09-02T18:37:03.564+00:00][B] [INFO] Transmission Result: success
[2026-09-02T18:37:03.568+00:00][B] [INFO] --------------------------------
[2026-09-02T18:37:03.568+00:00][B] [INFO] [Heartbeat #73]
[2026-09-02T18:37:03.573+00:00][B] [INFO] Sent
[2026-09-02T18:37:03.573+00:00][B] [INFO] Waiting ACK...
[2026-09-02T18:37:03.574+00:00][B] [INFO] [WAITING ACK]
[2026-09-02T18:37:03.587+00:00][B] [INFO] [RF TX] type=2 source=0x02 destination=0xFF previousHop=0x02 sequence=130 ackSequence=0 ttl=8 hops=0 payloadSize=13 rssi=0 snr=
[2026-09-02T18:37:03.587+00:00][B] [INFO] Heartbeat packet sent
[2026-09-02T18:37:03.621+00:00][A] [INFO] --------------------------------
[2026-09-02T18:37:03.622+00:00][A] [INFO] [HEARTBEAT TX]
[2026-09-02T18:37:03.626+00:00][A] [INFO] Node ID: 1
[2026-09-02T18:37:03.627+00:00][A] [INFO] type: 2
[2026-09-02T18:37:03.627+00:00][A] [INFO] Destination: 0xFF
[2026-09-02T18:37:03.632+00:00][A] [INFO] Sequence: 241
[2026-09-02T18:37:03.632+00:00][A] [INFO] Packet ID: 140
[2026-09-02T18:37:03.637+00:00][A] [INFO] Packet Size: 26
[2026-09-02T18:37:03.638+00:00][A] [INFO] Timestamp: 140 ms
[2026-09-02T18:37:03.643+00:00][A] [INFO] Transmission Result: success
[2026-09-02T18:37:03.643+00:00][A] [INFO] --------------------------------
[2026-09-02T18:37:03.648+00:00][A] [INFO] [Heartbeat #140]
[2026-09-02T18:37:03.649+00:00][A] [INFO] Sent
[2026-09-02T18:37:03.649+00:00][A] [INFO] Waiting ACK...
[2026-09-02T18:37:03.649+00:00][A] [INFO] [WAITING ACK]
[2026-09-02T18:37:03.663+00:00][A] [INFO] [RF TX] type=2 source=0x01 destination=0xFF previousHop=0x01 sequence=241 ackSequence=0 ttl=8 hops=0 payloadSize=13 rssi=0 snr=
[2026-09-02T18:37:03.663+00:00][A] [INFO] Heartbeat packet sent
[2026-09-02T18:37:04.563+00:00][B] [WARN] Retry 1
[2026-09-02T18:37:04.630+00:00][B] [INFO] --------------------------------
[2026-09-02T18:37:04.630+00:00][B] [INFO] [HEARTBEAT TX]
[2026-09-02T18:37:04.635+00:00][B] [INFO] Node ID: 2
[2026-09-02T18:37:04.636+00:00][B] [INFO] type: 2
[2026-09-02T18:37:04.636+00:00][B] [INFO] Destination: 0xFF
[2026-09-02T18:37:04.639+00:00][A] [INFO] [RF RX] type=2 source=0x02 destination=0xFF previousHop=0x02 sequence=130 ackSequence=0 ttl=8 hops=0 payloadSize=13 rssi=-61 sn
[2026-09-02T18:37:04.640+00:00][A] [WARN] Retry 1
[2026-09-02T18:37:04.640+00:00][B] [INFO] Sequence: 130
[2026-09-02T18:37:04.641+00:00][B] [INFO] Packet ID: 73
[2026-09-02T18:37:04.646+00:00][B] [INFO] Packet Size: 26
[2026-09-02T18:37:04.646+00:00][B] [INFO] Timestamp: 73 ms
[2026-09-02T18:37:04.647+00:00][B] [INFO] Transmission Result: success
[2026-09-02T18:37:04.652+00:00][B] [INFO] --------------------------------
[2026-09-02T18:37:04.652+00:00][B] [INFO] [Heartbeat #73]
[2026-09-02T18:37:04.657+00:00][B] [INFO] Sent
[2026-09-02T18:37:04.658+00:00][B] [INFO] Waiting ACK...
[2026-09-02T18:37:04.658+00:00][B] [INFO] [WAITING ACK]
[2026-09-02T18:37:04.671+00:00][B] [INFO] [RF TX] type=2 source=0x02 destination=0xFF previousHop=0x02 sequence=130 ackSequence=0 ttl=8 hops=0 payloadSize=13 rssi=0 snr=
[2026-09-02T18:37:04.672+00:00][B] [INFO] Heartbeat packet sent
[2026-09-02T18:37:04.705+00:00][A] [INFO] --------------------------------
[2026-09-02T18:37:04.706+00:00][A] [INFO] [HEARTBEAT TX]
[2026-09-02T18:37:04.710+00:00][A] [INFO] Node ID: 1
[2026-09-02T18:37:04.711+00:00][A] [INFO] type: 2
[2026-09-02T18:37:04.711+00:00][A] [INFO] Destination: 0xFF
[2026-09-02T18:37:04.716+00:00][A] [INFO] Sequence: 241
[2026-09-02T18:37:04.716+00:00][A] [INFO] Packet ID: 140
[2026-09-02T18:37:04.721+00:00][A] [INFO] Packet Size: 26
[2026-09-02T18:37:04.722+00:00][A] [INFO] Timestamp: 140 ms
[2026-09-02T18:37:04.727+00:00][A] [INFO] Transmission Result: success
[2026-09-02T18:37:04.728+00:00][A] [INFO] --------------------------------
[2026-09-02T18:37:04.732+00:00][A] [INFO] [Heartbeat #140]
[2026-09-02T18:37:04.733+00:00][A] [INFO] Sent
[2026-09-02T18:37:04.733+00:00][A] [INFO] Waiting ACK...
[2026-09-02T18:37:04.733+00:00][A] [INFO] [WAITING ACK]
[2026-09-02T18:37:04.747+00:00][A] [INFO] [RF TX] type=2 source=0x01 destination=0xFF previousHop=0x01 sequence=241 ackSequence=0 ttl=8 hops=0 payloadSize=13 rssi=0 snr=
[2026-09-02T18:37:04.747+00:00][A] [INFO] Heartbeat packet sent
[2026-09-02T18:37:05.546+00:00][B] [INFO] --------------------------------
[2026-09-02T18:37:05.547+00:00][B] [INFO] [HEARTBEAT TX]
[2026-09-02T18:37:05.551+00:00][B] [INFO] Node ID: 2
[2026-09-02T18:37:05.552+00:00][B] [INFO] type: 2
[2026-09-02T18:37:05.552+00:00][B] [INFO] Destination: 0xFF
[2026-09-02T18:37:05.554+00:00][A] [INFO] [RF RX] type=2 source=0x02 destination=0xFF previousHop=0x02 sequence=131 ackSequence=0 ttl=8 hops=0 payloadSize=13 rssi=-61 sn
[2026-09-02T18:37:05.557+00:00][B] [INFO] Sequence: 131
[2026-09-02T18:37:05.557+00:00][B] [INFO] Packet ID: 74
[2026-09-02T18:37:05.562+00:00][B] [INFO] Packet Size: 26
[2026-09-02T18:37:05.563+00:00][B] [INFO] Timestamp: 74 ms
[2026-09-02T18:37:05.563+00:00][B] [INFO] Transmission Result: success
[2026-09-02T18:37:05.568+00:00][B] [INFO] --------------------------------
[2026-09-02T18:37:05.569+00:00][B] [INFO] [Heartbeat #74]
[2026-09-02T18:37:05.573+00:00][B] [INFO] Sent
[2026-09-02T18:37:05.574+00:00][B] [INFO] Waiting ACK...
[2026-09-02T18:37:05.574+00:00][B] [INFO] [WAITING ACK]
[2026-09-02T18:37:05.587+00:00][B] [INFO] [RF TX] type=2 source=0x02 destination=0xFF previousHop=0x02 sequence=131 ackSequence=0 ttl=8 hops=0 payloadSize=13 rssi=0 snr=
[2026-09-02T18:37:05.588+00:00][B] [INFO] Heartbeat packet sent
[2026-09-02T18:37:05.621+00:00][A] [INFO] --------------------------------
[2026-09-02T18:37:05.622+00:00][A] [INFO] [HEARTBEAT TX]
[2026-09-02T18:37:05.626+00:00][A] [INFO] Node ID: 1
[2026-09-02T18:37:05.627+00:00][A] [INFO] type: 2
[2026-09-02T18:37:05.627+00:00][A] [INFO] Destination: 0xFF
[2026-09-02T18:37:05.632+00:00][A] [INFO] Sequence: 242
[2026-09-02T18:37:05.632+00:00][A] [INFO] Packet ID: 141
[2026-09-02T18:37:05.637+00:00][A] [INFO] Packet Size: 26
[2026-09-02T18:37:05.638+00:00][A] [INFO] Timestamp: 141 ms
[2026-09-02T18:37:05.643+00:00][A] [INFO] Transmission Result: success
[2026-09-02T18:37:05.643+00:00][A] [INFO] --------------------------------
[2026-09-02T18:37:05.648+00:00][A] [INFO] [Heartbeat #141]
[2026-09-02T18:37:05.649+00:00][A] [INFO] Sent
[2026-09-02T18:37:05.649+00:00][A] [INFO] Waiting ACK...
[2026-09-02T18:37:05.649+00:00][A] [INFO] [WAITING ACK]
[2026-09-02T18:37:05.663+00:00][A] [INFO] [RF TX] type=2 source=0x01 destination=0xFF previousHop=0x01 sequence=242 ackSequence=0 ttl=8 hops=0 payloadSize=13 rssi=0 snr=
[2026-09-02T18:37:05.663+00:00][A] [INFO] Heartbeat packet sent
[2026-09-02T18:37:06.563+00:00][B] [WARN] Retry 1
[2026-09-02T18:37:06.630+00:00][B] [INFO] --------------------------------
[2026-09-02T18:37:06.630+00:00][B] [INFO] [HEARTBEAT TX]
[2026-09-02T18:37:06.635+00:00][B] [INFO] Node ID: 2
[2026-09-02T18:37:06.635+00:00][B] [INFO] type: 2
[2026-09-02T18:37:06.636+00:00][B] [INFO] Destination: 0xFF
[2026-09-02T18:37:06.639+00:00][A] [INFO] [RF RX] type=2 source=0x02 destination=0xFF previousHop=0x02 sequence=131 ackSequence=0 ttl=8 hops=0 payloadSize=13 rssi=-61 sn
[2026-09-02T18:37:06.640+00:00][A] [WARN] Retry 1
[2026-09-02T18:37:06.640+00:00][B] [INFO] Sequence: 131
[2026-09-02T18:37:06.641+00:00][B] [INFO] Packet ID: 74
[2026-09-02T18:37:06.646+00:00][B] [INFO] Packet Size: 26
[2026-09-02T18:37:06.646+00:00][B] [INFO] Timestamp: 74 ms
[2026-09-02T18:37:06.646+00:00][B] [INFO] Transmission Result: success
[2026-09-02T18:37:06.652+00:00][B] [INFO] --------------------------------
[2026-09-02T18:37:06.652+00:00][B] [INFO] [Heartbeat #74]
[2026-09-02T18:37:06.657+00:00][B] [INFO] Sent
[2026-09-02T18:37:06.657+00:00][B] [INFO] Waiting ACK...
[2026-09-02T18:37:06.657+00:00][B] [INFO] [WAITING ACK]
[2026-09-02T18:37:06.671+00:00][B] [INFO] [RF TX] type=2 source=0x02 destination=0xFF previousHop=0x02 sequence=131 ackSequence=0 ttl=8 hops=0 payloadSize=13 rssi=0 snr=
[2026-09-02T18:37:06.671+00:00][B] [INFO] Heartbeat packet sent
[2026-09-02T18:37:06.705+00:00][A] [INFO] --------------------------------
[2026-09-02T18:37:06.706+00:00][A] [INFO] [HEARTBEAT TX]
[2026-09-02T18:37:06.711+00:00][A] [INFO] Node ID: 1
[2026-09-02T18:37:06.711+00:00][A] [INFO] type: 2
[2026-09-02T18:37:06.711+00:00][A] [INFO] Destination: 0xFF
[2026-09-02T18:37:06.716+00:00][A] [INFO] Sequence: 242
[2026-09-02T18:37:06.716+00:00][A] [INFO] Packet ID: 141
[2026-09-02T18:37:06.721+00:00][A] [INFO] Packet Size: 26
[2026-09-02T18:37:06.722+00:00][A] [INFO] Timestamp: 141 ms
[2026-09-02T18:37:06.727+00:00][A] [INFO] Transmission Result: success
[2026-09-02T18:37:06.727+00:00][A] [INFO] --------------------------------
[2026-09-02T18:37:06.732+00:00][A] [INFO] [Heartbeat #141]
[2026-09-02T18:37:06.733+00:00][A] [INFO] Sent
[2026-09-02T18:37:06.733+00:00][A] [INFO] Waiting ACK...
[2026-09-02T18:37:06.733+00:00][A] [INFO] [WAITING ACK]
[2026-09-02T18:37:06.747+00:00][A] [INFO] [RF TX] type=2 source=0x01 destination=0xFF previousHop=0x01 sequence=242 ackSequence=0 ttl=8 hops=0 payloadSize=13 rssi=0 snr=
[2026-09-02T18:37:06.747+00:00][A] [INFO] Heartbeat packet sent
[2026-09-02T18:37:07.546+00:00][B] [INFO] --------------------------------
[2026-09-02T18:37:07.546+00:00][B] [INFO] [HEARTBEAT TX]
[2026-09-02T18:37:07.551+00:00][B] [INFO] Node ID: 2
[2026-09-02T18:37:07.552+00:00][B] [INFO] type: 2
[2026-09-02T18:37:07.552+00:00][B] [INFO] Destination: 0xFF
[2026-09-02T18:37:07.554+00:00][A] [INFO] [RF RX] type=2 source=0x02 destination=0xFF previousHop=0x02 sequence=132 ackSequence=0 ttl=8 hops=0 payloadSize=13 rssi=-61 sn
[2026-09-02T18:37:07.557+00:00][B] [INFO] Sequence: 132
[2026-09-02T18:37:07.557+00:00][B] [INFO] Packet ID: 75
[2026-09-02T18:37:07.562+00:00][B] [INFO] Packet Size: 26
[2026-09-02T18:37:07.563+00:00][B] [INFO] Timestamp: 75 ms
[2026-09-02T18:37:07.563+00:00][B] [INFO] Transmission Result: success
[2026-09-02T18:37:07.568+00:00][B] [INFO] --------------------------------
[2026-09-02T18:37:07.568+00:00][B] [INFO] [Heartbeat #75]
[2026-09-02T18:37:07.573+00:00][B] [INFO] Sent
[2026-09-02T18:37:07.573+00:00][B] [INFO] Waiting ACK...
[2026-09-02T18:37:07.574+00:00][B] [INFO] [WAITING ACK]
[2026-09-02T18:37:07.587+00:00][B] [INFO] [RF TX] type=2 source=0x02 destination=0xFF previousHop=0x02 sequence=132 ackSequence=0 ttl=8 hops=0 payloadSize=13 rssi=0 snr=
[2026-09-02T18:37:07.588+00:00][B] [INFO] Heartbeat packet sent
[2026-09-02T18:37:07.621+00:00][A] [INFO] --------------------------------
[2026-09-02T18:37:07.621+00:00][A] [INFO] [HEARTBEAT TX]
[2026-09-02T18:37:07.626+00:00][A] [INFO] Node ID: 1
[2026-09-02T18:37:07.627+00:00][A] [INFO] type: 2
[2026-09-02T18:37:07.627+00:00][A] [INFO] Destination: 0xFF
[2026-09-02T18:37:07.632+00:00][A] [INFO] Sequence: 243
[2026-09-02T18:37:07.632+00:00][A] [INFO] Packet ID: 142
[2026-09-02T18:37:07.637+00:00][A] [INFO] Packet Size: 26
[2026-09-02T18:37:07.637+00:00][A] [INFO] Timestamp: 142 ms
[2026-09-02T18:37:07.643+00:00][A] [INFO] Transmission Result: success
[2026-09-02T18:37:07.643+00:00][A] [INFO] --------------------------------
[2026-09-02T18:37:07.648+00:00][A] [INFO] [Heartbeat #142]
[2026-09-02T18:37:07.648+00:00][A] [INFO] Sent
[2026-09-02T18:37:07.649+00:00][A] [INFO] Waiting ACK...
[2026-09-02T18:37:07.649+00:00][A] [INFO] [WAITING ACK]
[2026-09-02T18:37:07.663+00:00][A] [INFO] [RF TX] type=2 source=0x01 destination=0xFF previousHop=0x01 sequence=243 ackSequence=0 ttl=8 hops=0 payloadSize=13 rssi=0 snr=
[2026-09-02T18:37:07.663+00:00][A] [INFO] Heartbeat packet sent
[2026-09-02T18:37:08.563+00:00][B] [WARN] Retry 1
[2026-09-02T18:37:08.630+00:00][B] [INFO] --------------------------------
[2026-09-02T18:37:08.630+00:00][B] [INFO] [HEARTBEAT TX]
[2026-09-02T18:37:08.636+00:00][B] [INFO] Node ID: 2
[2026-09-02T18:37:08.636+00:00][B] [INFO] type: 2
[2026-09-02T18:37:08.636+00:00][B] [INFO] Destination: 0xFF
[2026-09-02T18:37:08.639+00:00][A] [INFO] [RF RX] type=2 source=0x02 destination=0xFF previousHop=0x02 sequence=132 ackSequence=0 ttl=8 hops=0 payloadSize=13 rssi=-60 sn
[2026-09-02T18:37:08.639+00:00][A] [WARN] Retry 1
[2026-09-02T18:37:08.641+00:00][B] [INFO] Sequence: 132
[2026-09-02T18:37:08.641+00:00][B] [INFO] Packet ID: 75
[2026-09-02T18:37:08.646+00:00][B] [INFO] Packet Size: 26
[2026-09-02T18:37:08.646+00:00][B] [INFO] Timestamp: 75 ms
[2026-09-02T18:37:08.646+00:00][B] [INFO] Transmission Result: success
[2026-09-02T18:37:08.652+00:00][B] [INFO] --------------------------------
[2026-09-02T18:37:08.653+00:00][B] [INFO] [Heartbeat #75]
[2026-09-02T18:37:08.657+00:00][B] [INFO] Sent
[2026-09-02T18:37:08.658+00:00][B] [INFO] Waiting ACK...
[2026-09-02T18:37:08.658+00:00][B] [INFO] [WAITING ACK]
[2026-09-02T18:37:08.671+00:00][B] [INFO] [RF TX] type=2 source=0x02 destination=0xFF previousHop=0x02 sequence=132 ackSequence=0 ttl=8 hops=0 payloadSize=13 rssi=0 snr=
[2026-09-02T18:37:08.671+00:00][B] [INFO] Heartbeat packet sent
[2026-09-02T18:37:08.705+00:00][A] [INFO] --------------------------------
[2026-09-02T18:37:08.705+00:00][A] [INFO] [HEARTBEAT TX]
[2026-09-02T18:37:08.710+00:00][A] [INFO] Node ID: 1
[2026-09-02T18:37:08.710+00:00][A] [INFO] type: 2
[2026-09-02T18:37:08.710+00:00][A] [INFO] Destination: 0xFF
[2026-09-02T18:37:08.716+00:00][A] [INFO] Sequence: 243
[2026-09-02T18:37:08.716+00:00][A] [INFO] Packet ID: 142
[2026-09-02T18:37:08.721+00:00][A] [INFO] Packet Size: 26
[2026-09-02T18:37:08.721+00:00][A] [INFO] Timestamp: 142 ms
[2026-09-02T18:37:08.727+00:00][A] [INFO] Transmission Result: success
[2026-09-02T18:37:08.727+00:00][A] [INFO] --------------------------------
[2026-09-02T18:37:08.732+00:00][A] [INFO] [Heartbeat #142]
[2026-09-02T18:37:08.732+00:00][A] [INFO] Sent
[2026-09-02T18:37:08.732+00:00][A] [INFO] Waiting ACK...
[2026-09-02T18:37:08.733+00:00][A] [INFO] [WAITING ACK]
[2026-09-02T18:37:08.747+00:00][A] [INFO] [RF TX] type=2 source=0x01 destination=0xFF previousHop=0x01 sequence=243 ackSequence=0 ttl=8 hops=0 payloadSize=13 rssi=0 snr=
[2026-09-02T18:37:08.747+00:00][A] [INFO] Heartbeat packet sent
[2026-09-02T18:37:09.546+00:00][B] [INFO] --------------------------------
[2026-09-02T18:37:09.547+00:00][B] [INFO] [HEARTBEAT TX]
[2026-09-02T18:37:09.551+00:00][B] [INFO] Node ID: 2
[2026-09-02T18:37:09.551+00:00][B] [INFO] type: 2
[2026-09-02T18:37:09.552+00:00][B] [INFO] Destination: 0xFF
[2026-09-02T18:37:09.554+00:00][A] [INFO] [RF RX] type=2 source=0x02 destination=0xFF previousHop=0x02 sequence=133 ackSequence=0 ttl=8 hops=0 payloadSize=13 rssi=-61 sn
[2026-09-02T18:37:09.556+00:00][B] [INFO] Sequence: 133
[2026-09-02T18:37:09.557+00:00][B] [INFO] Packet ID: 76
[2026-09-02T18:37:09.562+00:00][B] [INFO] Packet Size: 26
[2026-09-02T18:37:09.562+00:00][B] [INFO] Timestamp: 76 ms
[2026-09-02T18:37:09.563+00:00][B] [INFO] Transmission Result: success
[2026-09-02T18:37:09.568+00:00][B] [INFO] --------------------------------
[2026-09-02T18:37:09.568+00:00][B] [INFO] [Heartbeat #76]
[2026-09-02T18:37:09.573+00:00][B] [INFO] Sent
[2026-09-02T18:37:09.573+00:00][B] [INFO] Waiting ACK...
[2026-09-02T18:37:09.574+00:00][B] [INFO] [WAITING ACK]
[2026-09-02T18:37:09.587+00:00][B] [INFO] [RF TX] type=2 source=0x02 destination=0xFF previousHop=0x02 sequence=133 ackSequence=0 ttl=8 hops=0 payloadSize=13 rssi=0 snr=
[2026-09-02T18:37:09.587+00:00][B] [INFO] Heartbeat packet sent
[2026-09-02T18:37:09.621+00:00][A] [INFO] --------------------------------
[2026-09-02T18:37:09.622+00:00][A] [INFO] [HEARTBEAT TX]
[2026-09-02T18:37:09.626+00:00][A] [INFO] Node ID: 1
[2026-09-02T18:37:09.626+00:00][A] [INFO] type: 2
[2026-09-02T18:37:09.627+00:00][A] [INFO] Destination: 0xFF
[2026-09-02T18:37:09.632+00:00][A] [INFO] Sequence: 244
[2026-09-02T18:37:09.632+00:00][A] [INFO] Packet ID: 143
[2026-09-02T18:37:09.637+00:00][A] [INFO] Packet Size: 26
[2026-09-02T18:37:09.637+00:00][A] [INFO] Timestamp: 143 ms
[2026-09-02T18:37:09.643+00:00][A] [INFO] Transmission Result: success
[2026-09-02T18:37:09.643+00:00][A] [INFO] --------------------------------
[2026-09-02T18:37:09.648+00:00][A] [INFO] [Heartbeat #143]
[2026-09-02T18:37:09.648+00:00][A] [INFO] Sent
[2026-09-02T18:37:09.649+00:00][A] [INFO] Waiting ACK...
[2026-09-02T18:37:09.649+00:00][A] [INFO] [WAITING ACK]
[2026-09-02T18:37:09.662+00:00][A] [INFO] [RF TX] type=2 source=0x01 destination=0xFF previousHop=0x01 sequence=244 ackSequence=0 ttl=8 hops=0 payloadSize=13 rssi=0 snr=
[2026-09-02T18:37:09.663+00:00][A] [INFO] Heartbeat packet sent
[2026-09-02T18:37:10.563+00:00][B] [WARN] Retry 1
[2026-09-02T18:37:10.630+00:00][B] [INFO] --------------------------------
[2026-09-02T18:37:10.630+00:00][B] [INFO] [HEARTBEAT TX]
[2026-09-02T18:37:10.635+00:00][B] [INFO] Node ID: 2
[2026-09-02T18:37:10.635+00:00][B] [INFO] type: 2
[2026-09-02T18:37:10.636+00:00][B] [INFO] Destination: 0xFF
[2026-09-02T18:37:10.639+00:00][A] [INFO] [RF RX] type=2 source=0x02 destination=0xFF previousHop=0x02 sequence=133 ackSequence=0 ttl=8 hops=0 payloadSize=13 rssi=-61 sn
[2026-09-02T18:37:10.639+00:00][A] [WARN] Retry 1
[2026-09-02T18:37:10.640+00:00][B] [INFO] Sequence: 133
[2026-09-02T18:37:10.641+00:00][B] [INFO] Packet ID: 76
[2026-09-02T18:37:10.646+00:00][B] [INFO] Packet Size: 26
[2026-09-02T18:37:10.646+00:00][B] [INFO] Timestamp: 76 ms
[2026-09-02T18:37:10.646+00:00][B] [INFO] Transmission Result: success
[2026-09-02T18:37:10.652+00:00][B] [INFO] --------------------------------
[2026-09-02T18:37:10.652+00:00][B] [INFO] [Heartbeat #76]
[2026-09-02T18:37:10.657+00:00][B] [INFO] Sent
[2026-09-02T18:37:10.657+00:00][B] [INFO] Waiting ACK...
[2026-09-02T18:37:10.658+00:00][B] [INFO] [WAITING ACK]
[2026-09-02T18:37:10.671+00:00][B] [INFO] [RF TX] type=2 source=0x02 destination=0xFF previousHop=0x02 sequence=133 ackSequence=0 ttl=8 hops=0 payloadSize=13 rssi=0 snr=
[2026-09-02T18:37:10.671+00:00][B] [INFO] Heartbeat packet sent
[2026-09-02T18:37:10.705+00:00][A] [INFO] --------------------------------
[2026-09-02T18:37:10.706+00:00][A] [INFO] [HEARTBEAT TX]
[2026-09-02T18:37:10.710+00:00][A] [INFO] Node ID: 1
[2026-09-02T18:37:10.711+00:00][A] [INFO] type: 2
[2026-09-02T18:37:10.711+00:00][A] [INFO] Destination: 0xFF
[2026-09-02T18:37:10.716+00:00][A] [INFO] Sequence: 244
[2026-09-02T18:37:10.716+00:00][A] [INFO] Packet ID: 143
[2026-09-02T18:37:10.721+00:00][A] [INFO] Packet Size: 26
[2026-09-02T18:37:10.722+00:00][A] [INFO] Timestamp: 143 ms
[2026-09-02T18:37:10.727+00:00][A] [INFO] Transmission Result: success
[2026-09-02T18:37:10.727+00:00][A] [INFO] --------------------------------
[2026-09-02T18:37:10.732+00:00][A] [INFO] [Heartbeat #143]
[2026-09-02T18:37:10.733+00:00][A] [INFO] Sent
[2026-09-02T18:37:10.733+00:00][A] [INFO] Waiting ACK...
[2026-09-02T18:37:10.733+00:00][A] [INFO] [WAITING ACK]
[2026-09-02T18:37:10.747+00:00][A] [INFO] [RF TX] type=2 source=0x01 destination=0xFF previousHop=0x01 sequence=244 ackSequence=0 ttl=8 hops=0 payloadSize=13 rssi=0 snr=
[2026-09-02T18:37:10.747+00:00][A] [INFO] Heartbeat packet sent
[2026-09-02T18:37:11.546+00:00][B] [INFO] --------------------------------
[2026-09-02T18:37:11.546+00:00][B] [INFO] [HEARTBEAT TX]
[2026-09-02T18:37:11.551+00:00][B] [INFO] Node ID: 2
[2026-09-02T18:37:11.551+00:00][B] [INFO] type: 2
[2026-09-02T18:37:11.551+00:00][B] [INFO] Destination: 0xFF
[2026-09-02T18:37:11.554+00:00][A] [INFO] [RF RX] type=2 source=0x02 destination=0xFF previousHop=0x02 sequence=134 ackSequence=0 ttl=8 hops=0 payloadSize=13 rssi=-60 sn
[2026-09-02T18:37:11.556+00:00][B] [INFO] Sequence: 134
[2026-09-02T18:37:11.557+00:00][B] [INFO] Packet ID: 77
[2026-09-02T18:37:11.562+00:00][B] [INFO] Packet Size: 26
[2026-09-02T18:37:11.563+00:00][B] [INFO] Timestamp: 77 ms
[2026-09-02T18:37:11.563+00:00][B] [INFO] Transmission Result: success
[2026-09-02T18:37:11.568+00:00][B] [INFO] --------------------------------
[2026-09-02T18:37:11.568+00:00][B] [INFO] [Heartbeat #77]
[2026-09-02T18:37:11.573+00:00][B] [INFO] Sent
[2026-09-02T18:37:11.573+00:00][B] [INFO] Waiting ACK...
[2026-09-02T18:37:11.574+00:00][B] [INFO] [WAITING ACK]
[2026-09-02T18:37:11.587+00:00][B] [INFO] [RF TX] type=2 source=0x02 destination=0xFF previousHop=0x02 sequence=134 ackSequence=0 ttl=8 hops=0 payloadSize=13 rssi=0 snr=
[2026-09-02T18:37:11.587+00:00][B] [INFO] Heartbeat packet sent
[2026-09-02T18:37:11.621+00:00][A] [INFO] --------------------------------
[2026-09-02T18:37:11.622+00:00][A] [INFO] [HEARTBEAT TX]
[2026-09-02T18:37:11.626+00:00][A] [INFO] Node ID: 1
[2026-09-02T18:37:11.627+00:00][A] [INFO] type: 2
[2026-09-02T18:37:11.627+00:00][A] [INFO] Destination: 0xFF
[2026-09-02T18:37:11.632+00:00][A] [INFO] Sequence: 245
[2026-09-02T18:37:11.632+00:00][A] [INFO] Packet ID: 144
[2026-09-02T18:37:11.637+00:00][A] [INFO] Packet Size: 26
[2026-09-02T18:37:11.638+00:00][A] [INFO] Timestamp: 144 ms
[2026-09-02T18:37:11.643+00:00][A] [INFO] Transmission Result: success
[2026-09-02T18:37:11.643+00:00][A] [INFO] --------------------------------
[2026-09-02T18:37:11.648+00:00][A] [INFO] [Heartbeat #144]
[2026-09-02T18:37:11.648+00:00][A] [INFO] Sent
[2026-09-02T18:37:11.649+00:00][A] [INFO] Waiting ACK...
[2026-09-02T18:37:11.649+00:00][A] [INFO] [WAITING ACK]
[2026-09-02T18:37:11.662+00:00][A] [INFO] [RF TX] type=2 source=0x01 destination=0xFF previousHop=0x01 sequence=245 ackSequence=0 ttl=8 hops=0 payloadSize=13 rssi=0 snr=
[2026-09-02T18:37:11.663+00:00][A] [INFO] Heartbeat packet sent
[2026-09-02T18:37:12.562+00:00][B] [WARN] Retry 1
[2026-09-02T18:37:12.630+00:00][B] [INFO] --------------------------------
[2026-09-02T18:37:12.630+00:00][B] [INFO] [HEARTBEAT TX]
[2026-09-02T18:37:12.635+00:00][B] [INFO] Node ID: 2
[2026-09-02T18:37:12.635+00:00][B] [INFO] type: 2
[2026-09-02T18:37:12.635+00:00][B] [INFO] Destination: 0xFF
[2026-09-02T18:37:12.639+00:00][A] [INFO] [RF RX] type=2 source=0x02 destination=0xFF previousHop=0x02 sequence=134 ackSequence=0 ttl=8 hops=0 payloadSize=13 rssi=-60 sn
[2026-09-02T18:37:12.639+00:00][A] [WARN] Retry 1
[2026-09-02T18:37:12.640+00:00][B] [INFO] Sequence: 134
[2026-09-02T18:37:12.640+00:00][B] [INFO] Packet ID: 77
[2026-09-02T18:37:12.646+00:00][B] [INFO] Packet Size: 26
[2026-09-02T18:37:12.646+00:00][B] [INFO] Timestamp: 77 ms
[2026-09-02T18:37:12.646+00:00][B] [INFO] Transmission Result: success
[2026-09-02T18:37:12.652+00:00][B] [INFO] --------------------------------
[2026-09-02T18:37:12.652+00:00][B] [INFO] [Heartbeat #77]
[2026-09-02T18:37:12.657+00:00][B] [INFO] Sent
[2026-09-02T18:37:12.657+00:00][B] [INFO] Waiting ACK...
[2026-09-02T18:37:12.658+00:00][B] [INFO] [WAITING ACK]
[2026-09-02T18:37:12.671+00:00][B] [INFO] [RF TX] type=2 source=0x02 destination=0xFF previousHop=0x02 sequence=134 ackSequence=0 ttl=8 hops=0 payloadSize=13 rssi=0 snr=
[2026-09-02T18:37:12.671+00:00][B] [INFO] Heartbeat packet sent
[2026-09-02T18:37:12.705+00:00][A] [INFO] --------------------------------
[2026-09-02T18:37:12.705+00:00][A] [INFO] [HEARTBEAT TX]
[2026-09-02T18:37:12.710+00:00][A] [INFO] Node ID: 1
[2026-09-02T18:37:12.710+00:00][A] [INFO] type: 2
[2026-09-02T18:37:12.711+00:00][A] [INFO] Destination: 0xFF
[2026-09-02T18:37:12.716+00:00][A] [INFO] Sequence: 245
[2026-09-02T18:37:12.716+00:00][A] [INFO] Packet ID: 144
[2026-09-02T18:37:12.721+00:00][A] [INFO] Packet Size: 26
[2026-09-02T18:37:12.721+00:00][A] [INFO] Timestamp: 144 ms
[2026-09-02T18:37:12.727+00:00][A] [INFO] Transmission Result: success
[2026-09-02T18:37:12.727+00:00][A] [INFO] --------------------------------
[2026-09-02T18:37:12.732+00:00][A] [INFO] [Heartbeat #144]
[2026-09-02T18:37:12.732+00:00][A] [INFO] Sent
[2026-09-02T18:37:12.733+00:00][A] [INFO] Waiting ACK...
[2026-09-02T18:37:12.733+00:00][A] [INFO] [WAITING ACK]
[2026-09-02T18:37:12.746+00:00][A] [INFO] [RF TX] type=2 source=0x01 destination=0xFF previousHop=0x01 sequence=245 ackSequence=0 ttl=8 hops=0 payloadSize=13 rssi=0 snr=
[2026-09-02T18:37:12.747+00:00][A] [INFO] Heartbeat packet sent
[2026-09-02T18:37:13.545+00:00][B] [INFO] --------------------------------
[2026-09-02T18:37:13.545+00:00][B] [INFO] [HEARTBEAT TX]
[2026-09-02T18:37:13.551+00:00][B] [INFO] Node ID: 2
[2026-09-02T18:37:13.551+00:00][B] [INFO] type: 2
[2026-09-02T18:37:13.551+00:00][B] [INFO] Destination: 0xFF
[2026-09-02T18:37:13.554+00:00][A] [INFO] [RF RX] type=2 source=0x02 destination=0xFF previousHop=0x02 sequence=135 ackSequence=0 ttl=8 hops=0 payloadSize=13 rssi=-61 sn
[2026-09-02T18:37:13.556+00:00][B] [INFO] Sequence: 135
[2026-09-02T18:37:13.556+00:00][B] [INFO] Packet ID: 78
[2026-09-02T18:37:13.562+00:00][B] [INFO] Packet Size: 26
[2026-09-02T18:37:13.562+00:00][B] [INFO] Timestamp: 78 ms
[2026-09-02T18:37:13.562+00:00][B] [INFO] Transmission Result: success
[2026-09-02T18:37:13.567+00:00][B] [INFO] --------------------------------
[2026-09-02T18:37:13.567+00:00][B] [INFO] [Heartbeat #78]
[2026-09-02T18:37:13.573+00:00][B] [INFO] Sent
[2026-09-02T18:37:13.573+00:00][B] [INFO] Waiting ACK...
[2026-09-02T18:37:13.573+00:00][B] [INFO] [WAITING ACK]
[2026-09-02T18:37:13.587+00:00][B] [INFO] [RF TX] type=2 source=0x02 destination=0xFF previousHop=0x02 sequence=135 ackSequence=0 ttl=8 hops=0 payloadSize=13 rssi=0 snr=
[2026-09-02T18:37:13.587+00:00][B] [INFO] Heartbeat packet sent
[2026-09-02T18:37:13.621+00:00][A] [INFO] --------------------------------
[2026-09-02T18:37:13.621+00:00][A] [INFO] [HEARTBEAT TX]
[2026-09-02T18:37:13.626+00:00][A] [INFO] Node ID: 1
[2026-09-02T18:37:13.626+00:00][A] [INFO] type: 2
[2026-09-02T18:37:13.626+00:00][A] [INFO] Destination: 0xFF
[2026-09-02T18:37:13.632+00:00][A] [INFO] Sequence: 246
[2026-09-02T18:37:13.632+00:00][A] [INFO] Packet ID: 145
[2026-09-02T18:37:13.637+00:00][A] [INFO] Packet Size: 26
[2026-09-02T18:37:13.637+00:00][A] [INFO] Timestamp: 145 ms
[2026-09-02T18:37:13.643+00:00][A] [INFO] Transmission Result: success
[2026-09-02T18:37:13.643+00:00][A] [INFO] --------------------------------
[2026-09-02T18:37:13.648+00:00][A] [INFO] [Heartbeat #145]
[2026-09-02T18:37:13.648+00:00][A] [INFO] Sent
[2026-09-02T18:37:13.649+00:00][A] [INFO] Waiting ACK...
[2026-09-02T18:37:13.649+00:00][A] [INFO] [WAITING ACK]
[2026-09-02T18:37:13.663+00:00][A] [INFO] [RF TX] type=2 source=0x01 destination=0xFF previousHop=0x01 sequence=246 ackSequence=0 ttl=8 hops=0 payloadSize=13 rssi=0 snr=
[2026-09-02T18:37:13.663+00:00][A] [INFO] Heartbeat packet sent
[2026-09-02T18:37:14.563+00:00][B] [WARN] Retry 1
[2026-09-02T18:37:14.630+00:00][B] [INFO] --------------------------------
[2026-09-02T18:37:14.631+00:00][B] [INFO] [HEARTBEAT TX]
[2026-09-02T18:37:14.635+00:00][B] [INFO] Node ID: 2
[2026-09-02T18:37:14.636+00:00][B] [INFO] type: 2
[2026-09-02T18:37:14.636+00:00][B] [INFO] Destination: 0xFF
[2026-09-02T18:37:14.639+00:00][A] [INFO] [RF RX] type=2 source=0x02 destination=0xFF previousHop=0x02 sequence=135 ackSequence=0 ttl=8 hops=0 payloadSize=13 rssi=-60 sn
[2026-09-02T18:37:14.639+00:00][A] [WARN] Retry 1
[2026-09-02T18:37:14.640+00:00][B] [INFO] Sequence: 135
[2026-09-02T18:37:14.640+00:00][B] [INFO] Packet ID: 78
[2026-09-02T18:37:14.646+00:00][B] [INFO] Packet Size: 26
[2026-09-02T18:37:14.646+00:00][B] [INFO] Timestamp: 78 ms
[2026-09-02T18:37:14.646+00:00][B] [INFO] Transmission Result: success
[2026-09-02T18:37:14.652+00:00][B] [INFO] --------------------------------
[2026-09-02T18:37:14.652+00:00][B] [INFO] [Heartbeat #78]
[2026-09-02T18:37:14.657+00:00][B] [INFO] Sent
[2026-09-02T18:37:14.657+00:00][B] [INFO] Waiting ACK...
[2026-09-02T18:37:14.658+00:00][B] [INFO] [WAITING ACK]
[2026-09-02T18:37:14.671+00:00][B] [INFO] [RF TX] type=2 source=0x02 destination=0xFF previousHop=0x02 sequence=135 ackSequence=0 ttl=8 hops=0 payloadSize=13 rssi=0 snr=
[2026-09-02T18:37:14.671+00:00][B] [INFO] Heartbeat packet sent
[2026-09-02T18:37:14.705+00:00][A] [INFO] --------------------------------
[2026-09-02T18:37:14.706+00:00][A] [INFO] [HEARTBEAT TX]
[2026-09-02T18:37:14.710+00:00][A] [INFO] Node ID: 1
[2026-09-02T18:37:14.711+00:00][A] [INFO] type: 2
[2026-09-02T18:37:14.711+00:00][A] [INFO] Destination: 0xFF
[2026-09-02T18:37:14.716+00:00][A] [INFO] Sequence: 246
[2026-09-02T18:37:14.716+00:00][A] [INFO] Packet ID: 145
[2026-09-02T18:37:14.721+00:00][A] [INFO] Packet Size: 26
[2026-09-02T18:37:14.722+00:00][A] [INFO] Timestamp: 145 ms
[2026-09-02T18:37:14.727+00:00][A] [INFO] Transmission Result: success
[2026-09-02T18:37:14.727+00:00][A] [INFO] --------------------------------
[2026-09-02T18:37:14.732+00:00][A] [INFO] [Heartbeat #145]
[2026-09-02T18:37:14.733+00:00][A] [INFO] Sent
[2026-09-02T18:37:14.733+00:00][A] [INFO] Waiting ACK...
[2026-09-02T18:37:14.733+00:00][A] [INFO] [WAITING ACK]
[2026-09-02T18:37:14.747+00:00][A] [INFO] [RF TX] type=2 source=0x01 destination=0xFF previousHop=0x01 sequence=246 ackSequence=0 ttl=8 hops=0 payloadSize=13 rssi=0 snr=
[2026-09-02T18:37:14.747+00:00][A] [INFO] Heartbeat packet sent
[2026-09-02T18:37:15.546+00:00][B] [INFO] --------------------------------
[2026-09-02T18:37:15.546+00:00][B] [INFO] [HEARTBEAT TX]
[2026-09-02T18:37:15.551+00:00][B] [INFO] Node ID: 2
[2026-09-02T18:37:15.551+00:00][B] [INFO] type: 2
[2026-09-02T18:37:15.551+00:00][B] [INFO] Destination: 0xFF
[2026-09-02T18:37:15.554+00:00][A] [INFO] [RF RX] type=2 source=0x02 destination=0xFF previousHop=0x02 sequence=136 ackSequence=0 ttl=8 hops=0 payloadSize=13 rssi=-61 sn
[2026-09-02T18:37:15.556+00:00][B] [INFO] Sequence: 136
[2026-09-02T18:37:15.557+00:00][B] [INFO] Packet ID: 79
[2026-09-02T18:37:15.562+00:00][B] [INFO] Packet Size: 26
[2026-09-02T18:37:15.562+00:00][B] [INFO] Timestamp: 79 ms
[2026-09-02T18:37:15.563+00:00][B] [INFO] Transmission Result: success
[2026-09-02T18:37:15.568+00:00][B] [INFO] --------------------------------
[2026-09-02T18:37:15.568+00:00][B] [INFO] [Heartbeat #79]
[2026-09-02T18:37:15.573+00:00][B] [INFO] Sent
[2026-09-02T18:37:15.573+00:00][B] [INFO] Waiting ACK...
[2026-09-02T18:37:15.574+00:00][B] [INFO] [WAITING ACK]
[2026-09-02T18:37:15.587+00:00][B] [INFO] [RF TX] type=2 source=0x02 destination=0xFF previousHop=0x02 sequence=136 ackSequence=0 ttl=8 hops=0 payloadSize=13 rssi=0 snr=
[2026-09-02T18:37:15.587+00:00][B] [INFO] Heartbeat packet sent
[2026-09-02T18:37:15.621+00:00][A] [INFO] --------------------------------
[2026-09-02T18:37:15.621+00:00][A] [INFO] [HEARTBEAT TX]
[2026-09-02T18:37:15.626+00:00][A] [INFO] Node ID: 1
[2026-09-02T18:37:15.627+00:00][A] [INFO] type: 2
[2026-09-02T18:37:15.627+00:00][A] [INFO] Destination: 0xFF
[2026-09-02T18:37:15.632+00:00][A] [INFO] Sequence: 247
[2026-09-02T18:37:15.632+00:00][A] [INFO] Packet ID: 146
[2026-09-02T18:37:15.637+00:00][A] [INFO] Packet Size: 26
[2026-09-02T18:37:15.638+00:00][A] [INFO] Timestamp: 146 ms
[2026-09-02T18:37:15.643+00:00][A] [INFO] Transmission Result: success
[2026-09-02T18:37:15.643+00:00][A] [INFO] --------------------------------
[2026-09-02T18:37:15.648+00:00][A] [INFO] [Heartbeat #146]
[2026-09-02T18:37:15.648+00:00][A] [INFO] Sent
[2026-09-02T18:37:15.649+00:00][A] [INFO] Waiting ACK...
[2026-09-02T18:37:15.649+00:00][A] [INFO] [WAITING ACK]
[2026-09-02T18:37:15.662+00:00][A] [INFO] [RF TX] type=2 source=0x01 destination=0xFF previousHop=0x01 sequence=247 ackSequence=0 ttl=8 hops=0 payloadSize=13 rssi=0 snr=
[2026-09-02T18:37:15.663+00:00][A] [INFO] Heartbeat packet sent
[2026-09-02T18:37:16.563+00:00][B] [WARN] Retry 1
[2026-09-02T18:37:16.630+00:00][B] [INFO] --------------------------------
[2026-09-02T18:37:16.630+00:00][B] [INFO] [HEARTBEAT TX]
[2026-09-02T18:37:16.635+00:00][B] [INFO] Node ID: 2
[2026-09-02T18:37:16.636+00:00][B] [INFO] type: 2
[2026-09-02T18:37:16.636+00:00][B] [INFO] Destination: 0xFF
[2026-09-02T18:37:16.639+00:00][A] [INFO] [RF RX] type=2 source=0x02 destination=0xFF previousHop=0x02 sequence=136 ackSequence=0 ttl=8 hops=0 payloadSize=13 rssi=-60 sn
[2026-09-02T18:37:16.639+00:00][A] [WARN] Retry 1
[2026-09-02T18:37:16.640+00:00][B] [INFO] Sequence: 136
[2026-09-02T18:37:16.640+00:00][B] [INFO] Packet ID: 79
[2026-09-02T18:37:16.646+00:00][B] [INFO] Packet Size: 26
[2026-09-02T18:37:16.646+00:00][B] [INFO] Timestamp: 79 ms
[2026-09-02T18:37:16.647+00:00][B] [INFO] Transmission Result: success
[2026-09-02T18:37:16.651+00:00][B] [INFO] --------------------------------
[2026-09-02T18:37:16.652+00:00][B] [INFO] [Heartbeat #79]
[2026-09-02T18:37:16.657+00:00][B] [INFO] Sent
[2026-09-02T18:37:16.657+00:00][B] [INFO] Waiting ACK...
[2026-09-02T18:37:16.657+00:00][B] [INFO] [WAITING ACK]
[2026-09-02T18:37:16.671+00:00][B] [INFO] [RF TX] type=2 source=0x02 destination=0xFF previousHop=0x02 sequence=136 ackSequence=0 ttl=8 hops=0 payloadSize=13 rssi=0 snr=
[2026-09-02T18:37:16.671+00:00][B] [INFO] Heartbeat packet sent
[2026-09-02T18:37:16.705+00:00][A] [INFO] --------------------------------
[2026-09-02T18:37:16.705+00:00][A] [INFO] [HEARTBEAT TX]
[2026-09-02T18:37:16.710+00:00][A] [INFO] Node ID: 1
[2026-09-02T18:37:16.710+00:00][A] [INFO] type: 2
[2026-09-02T18:37:16.711+00:00][A] [INFO] Destination: 0xFF
[2026-09-02T18:37:16.716+00:00][A] [INFO] Sequence: 247
[2026-09-02T18:37:16.716+00:00][A] [INFO] Packet ID: 146
[2026-09-02T18:37:16.721+00:00][A] [INFO] Packet Size: 26
[2026-09-02T18:37:16.721+00:00][A] [INFO] Timestamp: 146 ms
[2026-09-02T18:37:16.726+00:00][A] [INFO] Transmission Result: success
[2026-09-02T18:37:16.727+00:00][A] [INFO] --------------------------------
[2026-09-02T18:37:16.732+00:00][A] [INFO] [Heartbeat #146]
[2026-09-02T18:37:16.732+00:00][A] [INFO] Sent
[2026-09-02T18:37:16.733+00:00][A] [INFO] Waiting ACK...
[2026-09-02T18:37:16.733+00:00][A] [INFO] [WAITING ACK]
[2026-09-02T18:37:16.746+00:00][A] [INFO] [RF TX] type=2 source=0x01 destination=0xFF previousHop=0x01 sequence=247 ackSequence=0 ttl=8 hops=0 payloadSize=13 rssi=0 snr=
[2026-09-02T18:37:16.747+00:00][A] [INFO] Heartbeat packet sent
[2026-09-02T18:37:17.546+00:00][B] [INFO] --------------------------------
[2026-09-02T18:37:17.547+00:00][B] [INFO] [HEARTBEAT TX]
[2026-09-02T18:37:17.551+00:00][B] [INFO] Node ID: 2
[2026-09-02T18:37:17.551+00:00][B] [INFO] type: 2
[2026-09-02T18:37:17.551+00:00][B] [INFO] Destination: 0xFF
[2026-09-02T18:37:17.554+00:00][A] [INFO] [RF RX] type=2 source=0x02 destination=0xFF previousHop=0x02 sequence=137 ackSequence=0 ttl=8 hops=0 payloadSize=13 rssi=-60 sn
[2026-09-02T18:37:17.556+00:00][B] [INFO] Sequence: 137
[2026-09-02T18:37:17.557+00:00][B] [INFO] Packet ID: 80
[2026-09-02T18:37:17.562+00:00][B] [INFO] Packet Size: 26
[2026-09-02T18:37:17.562+00:00][B] [INFO] Timestamp: 80 ms
[2026-09-02T18:37:17.563+00:00][B] [INFO] Transmission Result: success
[2026-09-02T18:37:17.568+00:00][B] [INFO] --------------------------------
[2026-09-02T18:37:17.568+00:00][B] [INFO] [Heartbeat #80]
[2026-09-02T18:37:17.573+00:00][B] [INFO] Sent
[2026-09-02T18:37:17.573+00:00][B] [INFO] Waiting ACK...
[2026-09-02T18:37:17.574+00:00][B] [INFO] [WAITING ACK]
[2026-09-02T18:37:17.587+00:00][B] [INFO] [RF TX] type=2 source=0x02 destination=0xFF previousHop=0x02 sequence=137 ackSequence=0 ttl=8 hops=0 payloadSize=13 rssi=0 snr=
[2026-09-02T18:37:17.587+00:00][B] [INFO] Heartbeat packet sent
[2026-09-02T18:37:17.621+00:00][A] [INFO] --------------------------------
[2026-09-02T18:37:17.621+00:00][A] [INFO] [HEARTBEAT TX]
[2026-09-02T18:37:17.626+00:00][A] [INFO] Node ID: 1
[2026-09-02T18:37:17.626+00:00][A] [INFO] type: 2
[2026-09-02T18:37:17.627+00:00][A] [INFO] Destination: 0xFF
[2026-09-02T18:37:17.632+00:00][A] [INFO] Sequence: 248
[2026-09-02T18:37:17.632+00:00][A] [INFO] Packet ID: 147
[2026-09-02T18:37:17.637+00:00][A] [INFO] Packet Size: 26
[2026-09-02T18:37:17.637+00:00][A] [INFO] Timestamp: 147 ms
[2026-09-02T18:37:17.642+00:00][A] [INFO] Transmission Result: success
[2026-09-02T18:37:17.643+00:00][A] [INFO] --------------------------------
[2026-09-02T18:37:17.648+00:00][A] [INFO] [Heartbeat #147]
[2026-09-02T18:37:17.648+00:00][A] [INFO] Sent
[2026-09-02T18:37:17.649+00:00][A] [INFO] Waiting ACK...
[2026-09-02T18:37:17.649+00:00][A] [INFO] [WAITING ACK]
[2026-09-02T18:37:17.662+00:00][A] [INFO] [RF TX] type=2 source=0x01 destination=0xFF previousHop=0x01 sequence=248 ackSequence=0 ttl=8 hops=0 payloadSize=13 rssi=0 snr=
[2026-09-02T18:37:17.663+00:00][A] [INFO] Heartbeat packet sent
[2026-09-02T18:37:18.563+00:00][B] [WARN] Retry 1
[2026-09-02T18:37:18.630+00:00][B] [INFO] --------------------------------
[2026-09-02T18:37:18.631+00:00][B] [INFO] [HEARTBEAT TX]
[2026-09-02T18:37:18.635+00:00][B] [INFO] Node ID: 2
[2026-09-02T18:37:18.635+00:00][B] [INFO] type: 2
[2026-09-02T18:37:18.636+00:00][B] [INFO] Destination: 0xFF
[2026-09-02T18:37:18.639+00:00][A] [INFO] [RF RX] type=2 source=0x02 destination=0xFF previousHop=0x02 sequence=137 ackSequence=0 ttl=8 hops=0 payloadSize=13 rssi=-61 sn
[2026-09-02T18:37:18.639+00:00][A] [WARN] Retry 1
[2026-09-02T18:37:18.640+00:00][B] [INFO] Sequence: 137
[2026-09-02T18:37:18.640+00:00][B] [INFO] Packet ID: 80
[2026-09-02T18:37:18.646+00:00][B] [INFO] Packet Size: 26
[2026-09-02T18:37:18.646+00:00][B] [INFO] Timestamp: 80 ms
[2026-09-02T18:37:18.646+00:00][B] [INFO] Transmission Result: success
[2026-09-02T18:37:18.651+00:00][B] [INFO] --------------------------------
[2026-09-02T18:37:18.652+00:00][B] [INFO] [Heartbeat #80]
[2026-09-02T18:37:18.657+00:00][B] [INFO] Sent
[2026-09-02T18:37:18.657+00:00][B] [INFO] Waiting ACK...
[2026-09-02T18:37:18.658+00:00][B] [INFO] [WAITING ACK]
[2026-09-02T18:37:18.671+00:00][B] [INFO] [RF TX] type=2 source=0x02 destination=0xFF previousHop=0x02 sequence=137 ackSequence=0 ttl=8 hops=0 payloadSize=13 rssi=0 snr=
[2026-09-02T18:37:18.671+00:00][B] [INFO] Heartbeat packet sent
[2026-09-02T18:37:18.705+00:00][A] [INFO] --------------------------------
[2026-09-02T18:37:18.705+00:00][A] [INFO] [HEARTBEAT TX]
[2026-09-02T18:37:18.710+00:00][A] [INFO] Node ID: 1
[2026-09-02T18:37:18.710+00:00][A] [INFO] type: 2
[2026-09-02T18:37:18.711+00:00][A] [INFO] Destination: 0xFF
[2026-09-02T18:37:18.716+00:00][A] [INFO] Sequence: 248
[2026-09-02T18:37:18.716+00:00][A] [INFO] Packet ID: 147
[2026-09-02T18:37:18.721+00:00][A] [INFO] Packet Size: 26
[2026-09-02T18:37:18.722+00:00][A] [INFO] Timestamp: 147 ms
[2026-09-02T18:37:18.726+00:00][A] [INFO] Transmission Result: success
[2026-09-02T18:37:18.727+00:00][A] [INFO] --------------------------------
[2026-09-02T18:37:18.732+00:00][A] [INFO] [Heartbeat #147]
[2026-09-02T18:37:18.732+00:00][A] [INFO] Sent
[2026-09-02T18:37:18.733+00:00][A] [INFO] Waiting ACK...
[2026-09-02T18:37:18.733+00:00][A] [INFO] [WAITING ACK]
[2026-09-02T18:37:18.746+00:00][A] [INFO] [RF TX] type=2 source=0x01 destination=0xFF previousHop=0x01 sequence=248 ackSequence=0 ttl=8 hops=0 payloadSize=13 rssi=0 snr=
[2026-09-02T18:37:18.747+00:00][A] [INFO] Heartbeat packet sent
[2026-09-02T18:37:19.546+00:00][B] [INFO] --------------------------------
[2026-09-02T18:37:19.546+00:00][B] [INFO] [HEARTBEAT TX]
[2026-09-02T18:37:19.551+00:00][B] [INFO] Node ID: 2
[2026-09-02T18:37:19.551+00:00][B] [INFO] type: 2
[2026-09-02T18:37:19.552+00:00][B] [INFO] Destination: 0xFF
[2026-09-02T18:37:19.553+00:00][A] [INFO] [RF RX] type=2 source=0x02 destination=0xFF previousHop=0x02 sequence=138 ackSequence=0 ttl=8 hops=0 payloadSize=13 rssi=-61 sn
[2026-09-02T18:37:19.556+00:00][B] [INFO] Sequence: 138
[2026-09-02T18:37:19.557+00:00][B] [INFO] Packet ID: 81
[2026-09-02T18:37:19.562+00:00][B] [INFO] Packet Size: 26
[2026-09-02T18:37:19.562+00:00][B] [INFO] Timestamp: 81 ms
[2026-09-02T18:37:19.563+00:00][B] [INFO] Transmission Result: success
[2026-09-02T18:37:19.568+00:00][B] [INFO] --------------------------------
[2026-09-02T18:37:19.568+00:00][B] [INFO] [Heartbeat #81]
[2026-09-02T18:37:19.573+00:00][B] [INFO] Sent
[2026-09-02T18:37:19.573+00:00][B] [INFO] Waiting ACK...
[2026-09-02T18:37:19.574+00:00][B] [INFO] [WAITING ACK]
[2026-09-02T18:37:19.587+00:00][B] [INFO] [RF TX] type=2 source=0x02 destination=0xFF previousHop=0x02 sequence=138 ackSequence=0 ttl=8 hops=0 payloadSize=13 rssi=0 snr=
[2026-09-02T18:37:19.587+00:00][B] [INFO] Heartbeat packet sent
[2026-09-02T18:37:19.621+00:00][A] [INFO] --------------------------------
[2026-09-02T18:37:19.621+00:00][A] [INFO] [HEARTBEAT TX]
[2026-09-02T18:37:19.626+00:00][A] [INFO] Node ID: 1
[2026-09-02T18:37:19.626+00:00][A] [INFO] type: 2
[2026-09-02T18:37:19.626+00:00][A] [INFO] Destination: 0xFF
[2026-09-02T18:37:19.631+00:00][A] [INFO] Sequence: 249
[2026-09-02T18:37:19.632+00:00][A] [INFO] Packet ID: 148
[2026-09-02T18:37:19.637+00:00][A] [INFO] Packet Size: 26
[2026-09-02T18:37:19.637+00:00][A] [INFO] Timestamp: 148 ms
[2026-09-02T18:37:19.642+00:00][A] [INFO] Transmission Result: success
[2026-09-02T18:37:19.643+00:00][A] [INFO] --------------------------------
[2026-09-02T18:37:19.648+00:00][A] [INFO] [Heartbeat #148]
[2026-09-02T18:37:19.648+00:00][A] [INFO] Sent
[2026-09-02T18:37:19.648+00:00][A] [INFO] Waiting ACK...
[2026-09-02T18:37:19.649+00:00][A] [INFO] [WAITING ACK]
[2026-09-02T18:37:19.662+00:00][A] [INFO] [RF TX] type=2 source=0x01 destination=0xFF previousHop=0x01 sequence=249 ackSequence=0 ttl=8 hops=0 payloadSize=13 rssi=0 snr=
[2026-09-02T18:37:19.663+00:00][A] [INFO] Heartbeat packet sent
[2026-09-02T18:37:20.562+00:00][B] [WARN] Retry 1
[2026-09-02T18:37:20.630+00:00][B] [INFO] --------------------------------
[2026-09-02T18:37:20.630+00:00][B] [INFO] [HEARTBEAT TX]
[2026-09-02T18:37:20.636+00:00][B] [INFO] Node ID: 2
[2026-09-02T18:37:20.636+00:00][B] [INFO] type: 2
[2026-09-02T18:37:20.636+00:00][B] [INFO] Destination: 0xFF
[2026-09-02T18:37:20.639+00:00][A] [INFO] [RF RX] type=2 source=0x02 destination=0xFF previousHop=0x02 sequence=138 ackSequence=0 ttl=8 hops=0 payloadSize=13 rssi=-61 sn
[2026-09-02T18:37:20.639+00:00][A] [WARN] Retry 1
[2026-09-02T18:37:20.640+00:00][B] [INFO] Sequence: 138
[2026-09-02T18:37:20.640+00:00][B] [INFO] Packet ID: 81
[2026-09-02T18:37:20.646+00:00][B] [INFO] Packet Size: 26
[2026-09-02T18:37:20.646+00:00][B] [INFO] Timestamp: 81 ms
[2026-09-02T18:37:20.646+00:00][B] [INFO] Transmission Result: success
[2026-09-02T18:37:20.651+00:00][B] [INFO] --------------------------------
[2026-09-02T18:37:20.652+00:00][B] [INFO] [Heartbeat #81]
[2026-09-02T18:37:20.657+00:00][B] [INFO] Sent
[2026-09-02T18:37:20.657+00:00][B] [INFO] Waiting ACK...
[2026-09-02T18:37:20.657+00:00][B] [INFO] [WAITING ACK]
[2026-09-02T18:37:20.671+00:00][B] [INFO] [RF TX] type=2 source=0x02 destination=0xFF previousHop=0x02 sequence=138 ackSequence=0 ttl=8 hops=0 payloadSize=13 rssi=0 snr=
[2026-09-02T18:37:20.671+00:00][B] [INFO] Heartbeat packet sent
[2026-09-02T18:37:20.705+00:00][A] [INFO] --------------------------------
[2026-09-02T18:37:20.705+00:00][A] [INFO] [HEARTBEAT TX]
[2026-09-02T18:37:20.710+00:00][A] [INFO] Node ID: 1
[2026-09-02T18:37:20.710+00:00][A] [INFO] type: 2
[2026-09-02T18:37:20.711+00:00][A] [INFO] Destination: 0xFF
[2026-09-02T18:37:20.716+00:00][A] [INFO] Sequence: 249
[2026-09-02T18:37:20.716+00:00][A] [INFO] Packet ID: 148
[2026-09-02T18:37:20.721+00:00][A] [INFO] Packet Size: 26
[2026-09-02T18:37:20.721+00:00][A] [INFO] Timestamp: 148 ms
[2026-09-02T18:37:20.726+00:00][A] [INFO] Transmission Result: success
[2026-09-02T18:37:20.727+00:00][A] [INFO] --------------------------------
[2026-09-02T18:37:20.732+00:00][A] [INFO] [Heartbeat #148]
[2026-09-02T18:37:20.732+00:00][A] [INFO] Sent
[2026-09-02T18:37:20.733+00:00][A] [INFO] Waiting ACK...
[2026-09-02T18:37:20.733+00:00][A] [INFO] [WAITING ACK]
[2026-09-02T18:37:20.746+00:00][A] [INFO] [RF TX] type=2 source=0x01 destination=0xFF previousHop=0x01 sequence=249 ackSequence=0 ttl=8 hops=0 payloadSize=13 rssi=0 snr=
[2026-09-02T18:37:20.747+00:00][A] [INFO] Heartbeat packet sent
[2026-09-02T18:37:21.545+00:00][B] [INFO] --------------------------------
[2026-09-02T18:37:21.546+00:00][B] [INFO] [HEARTBEAT TX]
[2026-09-02T18:37:21.550+00:00][B] [INFO] Node ID: 2
[2026-09-02T18:37:21.551+00:00][B] [INFO] type: 2
[2026-09-02T18:37:21.551+00:00][B] [INFO] Destination: 0xFF
[2026-09-02T18:37:21.553+00:00][A] [INFO] [RF RX] type=2 source=0x02 destination=0xFF previousHop=0x02 sequence=139 ackSequence=0 ttl=8 hops=0 payloadSize=13 rssi=-61 sn
[2026-09-02T18:37:21.556+00:00][B] [INFO] Sequence: 139
[2026-09-02T18:37:21.556+00:00][B] [INFO] Packet ID: 82
[2026-09-02T18:37:21.561+00:00][B] [INFO] Packet Size: 26
[2026-09-02T18:37:21.562+00:00][B] [INFO] Timestamp: 82 ms
[2026-09-02T18:37:21.562+00:00][B] [INFO] Transmission Result: success
[2026-09-02T18:37:21.567+00:00][B] [INFO] --------------------------------
[2026-09-02T18:37:21.568+00:00][B] [INFO] [Heartbeat #82]
[2026-09-02T18:37:21.573+00:00][B] [INFO] Sent
[2026-09-02T18:37:21.573+00:00][B] [INFO] Waiting ACK...
[2026-09-02T18:37:21.573+00:00][B] [INFO] [WAITING ACK]
[2026-09-02T18:37:21.587+00:00][B] [INFO] [RF TX] type=2 source=0x02 destination=0xFF previousHop=0x02 sequence=139 ackSequence=0 ttl=8 hops=0 payloadSize=13 rssi=0 snr=
[2026-09-02T18:37:21.587+00:00][B] [INFO] Heartbeat packet sent
[2026-09-02T18:37:21.621+00:00][A] [INFO] --------------------------------
[2026-09-02T18:37:21.621+00:00][A] [INFO] [HEARTBEAT TX]
[2026-09-02T18:37:21.626+00:00][A] [INFO] Node ID: 1
[2026-09-02T18:37:21.626+00:00][A] [INFO] type: 2
[2026-09-02T18:37:21.627+00:00][A] [INFO] Destination: 0xFF
[2026-09-02T18:37:21.632+00:00][A] [INFO] Sequence: 250
[2026-09-02T18:37:21.632+00:00][A] [INFO] Packet ID: 149
[2026-09-02T18:37:21.637+00:00][A] [INFO] Packet Size: 26
[2026-09-02T18:37:21.637+00:00][A] [INFO] Timestamp: 149 ms
[2026-09-02T18:37:21.642+00:00][A] [INFO] Transmission Result: success
[2026-09-02T18:37:21.643+00:00][A] [INFO] --------------------------------
[2026-09-02T18:37:21.648+00:00][A] [INFO] [Heartbeat #149]
[2026-09-02T18:37:21.648+00:00][A] [INFO] Sent
[2026-09-02T18:37:21.648+00:00][A] [INFO] Waiting ACK...
[2026-09-02T18:37:21.649+00:00][A] [INFO] [WAITING ACK]
[2026-09-02T18:37:21.663+00:00][A] [INFO] [RF TX] type=2 source=0x01 destination=0xFF previousHop=0x01 sequence=250 ackSequence=0 ttl=8 hops=0 payloadSize=13 rssi=0 snr=
[2026-09-02T18:37:21.664+00:00][A] [INFO] Heartbeat packet sent
[2026-09-02T18:37:22.563+00:00][B] [WARN] Retry 1
[2026-09-02T18:37:22.630+00:00][B] [INFO] --------------------------------
[2026-09-02T18:37:22.631+00:00][B] [INFO] [HEARTBEAT TX]
[2026-09-02T18:37:22.635+00:00][B] [INFO] Node ID: 2
[2026-09-02T18:37:22.636+00:00][B] [INFO] type: 2
[2026-09-02T18:37:22.636+00:00][B] [INFO] Destination: 0xFF
[2026-09-02T18:37:22.639+00:00][A] [INFO] [RF RX] type=2 source=0x02 destination=0xFF previousHop=0x02 sequence=139 ackSequence=0 ttl=8 hops=0 payloadSize=13 rssi=-61 sn
[2026-09-02T18:37:22.639+00:00][A] [WARN] Retry 1
[2026-09-02T18:37:22.640+00:00][B] [INFO] Sequence: 139
[2026-09-02T18:37:22.640+00:00][B] [INFO] Packet ID: 82
[2026-09-02T18:37:22.646+00:00][B] [INFO] Packet Size: 26
[2026-09-02T18:37:22.646+00:00][B] [INFO] Timestamp: 82 ms
[2026-09-02T18:37:22.646+00:00][B] [INFO] Transmission Result: success
[2026-09-02T18:37:22.651+00:00][B] [INFO] --------------------------------
[2026-09-02T18:37:22.652+00:00][B] [INFO] [Heartbeat #82]
[2026-09-02T18:37:22.658+00:00][B] [INFO] Sent
[2026-09-02T18:37:22.659+00:00][B] [INFO] Waiting ACK...
[2026-09-02T18:37:22.660+00:00][B] [INFO] [WAITING ACK]
[2026-09-02T18:37:22.671+00:00][B] [INFO] [RF TX] type=2 source=0x02 destination=0xFF previousHop=0x02 sequence=139 ackSequence=0 ttl=8 hops=0 payloadSize=13 rssi=0 snr=
[2026-09-02T18:37:22.671+00:00][B] [INFO] Heartbeat packet sent
[2026-09-02T18:37:22.704+00:00][A] [INFO] --------------------------------
[2026-09-02T18:37:22.705+00:00][A] [INFO] [HEARTBEAT TX]
[2026-09-02T18:37:22.710+00:00][A] [INFO] Node ID: 1
[2026-09-02T18:37:22.710+00:00][A] [INFO] type: 2
[2026-09-02T18:37:22.710+00:00][A] [INFO] Destination: 0xFF
[2026-09-02T18:37:22.715+00:00][A] [INFO] Sequence: 250
[2026-09-02T18:37:22.716+00:00][A] [INFO] Packet ID: 149
[2026-09-02T18:37:22.721+00:00][A] [INFO] Packet Size: 26
[2026-09-02T18:37:22.721+00:00][A] [INFO] Timestamp: 149 ms
[2026-09-02T18:37:22.726+00:00][A] [INFO] Transmission Result: success
[2026-09-02T18:37:22.727+00:00][A] [INFO] --------------------------------
[2026-09-02T18:37:22.732+00:00][A] [INFO] [Heartbeat #149]
[2026-09-02T18:37:22.732+00:00][A] [INFO] Sent
[2026-09-02T18:37:22.732+00:00][A] [INFO] Waiting ACK...
[2026-09-02T18:37:22.733+00:00][A] [INFO] [WAITING ACK]
[2026-09-02T18:37:22.746+00:00][A] [INFO] [RF TX] type=2 source=0x01 destination=0xFF previousHop=0x01 sequence=250 ackSequence=0 ttl=8 hops=0 payloadSize=13 rssi=0 snr=
[2026-09-02T18:37:22.747+00:00][A] [INFO] Heartbeat packet sent
[2026-09-02T18:37:23.546+00:00][B] [INFO] --------------------------------
[2026-09-02T18:37:23.546+00:00][B] [INFO] [HEARTBEAT TX]
[2026-09-02T18:37:23.550+00:00][B] [INFO] Node ID: 2
[2026-09-02T18:37:23.551+00:00][B] [INFO] type: 2
[2026-09-02T18:37:23.551+00:00][B] [INFO] Destination: 0xFF
[2026-09-02T18:37:23.553+00:00][A] [INFO] [RF RX] type=2 source=0x02 destination=0xFF previousHop=0x02 sequence=140 ackSequence=0 ttl=8 hops=0 payloadSize=13 rssi=-60 sn
[2026-09-02T18:37:23.556+00:00][B] [INFO] Sequence: 140
[2026-09-02T18:37:23.556+00:00][B] [INFO] Packet ID: 83
[2026-09-02T18:37:23.561+00:00][B] [INFO] Packet Size: 26
[2026-09-02T18:37:23.562+00:00][B] [INFO] Timestamp: 83 ms
[2026-09-02T18:37:23.562+00:00][B] [INFO] Transmission Result: success
[2026-09-02T18:37:23.567+00:00][B] [INFO] --------------------------------
[2026-09-02T18:37:23.568+00:00][B] [INFO] [Heartbeat #83]
[2026-09-02T18:37:23.573+00:00][B] [INFO] Sent
[2026-09-02T18:37:23.573+00:00][B] [INFO] Waiting ACK...
[2026-09-02T18:37:23.573+00:00][B] [INFO] [WAITING ACK]
[2026-09-02T18:37:23.587+00:00][B] [INFO] [RF TX] type=2 source=0x02 destination=0xFF previousHop=0x02 sequence=140 ackSequence=0 ttl=8 hops=0 payloadSize=13 rssi=0 snr=
[2026-09-02T18:37:23.587+00:00][B] [INFO] Heartbeat packet sent
[2026-09-02T18:37:23.620+00:00][A] [INFO] --------------------------------
[2026-09-02T18:37:23.621+00:00][A] [INFO] [HEARTBEAT TX]
[2026-09-02T18:37:23.626+00:00][A] [INFO] Node ID: 1
[2026-09-02T18:37:23.626+00:00][A] [INFO] type: 2
[2026-09-02T18:37:23.626+00:00][A] [INFO] Destination: 0xFF
[2026-09-02T18:37:23.631+00:00][A] [INFO] Sequence: 251
[2026-09-02T18:37:23.632+00:00][A] [INFO] Packet ID: 150
[2026-09-02T18:37:23.637+00:00][A] [INFO] Packet Size: 26
[2026-09-02T18:37:23.637+00:00][A] [INFO] Timestamp: 150 ms
[2026-09-02T18:37:23.642+00:00][A] [INFO] Transmission Result: success
[2026-09-02T18:37:23.642+00:00][A] [INFO] --------------------------------
[2026-09-02T18:37:23.648+00:00][A] [INFO] [Heartbeat #150]
[2026-09-02T18:37:23.648+00:00][A] [INFO] Sent
[2026-09-02T18:37:23.648+00:00][A] [INFO] Waiting ACK...
[2026-09-02T18:37:23.648+00:00][A] [INFO] [WAITING ACK]
[2026-09-02T18:37:23.662+00:00][A] [INFO] [RF TX] type=2 source=0x01 destination=0xFF previousHop=0x01 sequence=251 ackSequence=0 ttl=8 hops=0 payloadSize=13 rssi=0 snr=
[2026-09-02T18:37:23.662+00:00][A] [INFO] Heartbeat packet sent
[2026-09-02T18:37:24.562+00:00][B] [WARN] Retry 1
[2026-09-02T18:37:24.631+00:00][B] [INFO] --------------------------------
[2026-09-02T18:37:24.632+00:00][B] [INFO] [HEARTBEAT TX]
[2026-09-02T18:37:24.635+00:00][B] [INFO] Node ID: 2
[2026-09-02T18:37:24.636+00:00][B] [INFO] type: 2
[2026-09-02T18:37:24.636+00:00][B] [INFO] Destination: 0xFF
[2026-09-02T18:37:24.639+00:00][A] [INFO] [RF RX] type=2 source=0x02 destination=0xFF previousHop=0x02 sequence=140 ackSequence=0 ttl=8 hops=0 payloadSize=13 rssi=-60 sn
[2026-09-02T18:37:24.639+00:00][A] [WARN] Retry 1
[2026-09-02T18:37:24.640+00:00][B] [INFO] Sequence: 140
[2026-09-02T18:37:24.640+00:00][B] [INFO] Packet ID: 83
[2026-09-02T18:37:24.645+00:00][B] [INFO] Packet Size: 26
[2026-09-02T18:37:24.646+00:00][B] [INFO] Timestamp: 83 ms
[2026-09-02T18:37:24.646+00:00][B] [INFO] Transmission Result: success
[2026-09-02T18:37:24.651+00:00][B] [INFO] --------------------------------
[2026-09-02T18:37:24.652+00:00][B] [INFO] [Heartbeat #83]
[2026-09-02T18:37:24.657+00:00][B] [INFO] Sent
[2026-09-02T18:37:24.657+00:00][B] [INFO] Waiting ACK...
[2026-09-02T18:37:24.657+00:00][B] [INFO] [WAITING ACK]
[2026-09-02T18:37:24.670+00:00][B] [INFO] [RF TX] type=2 source=0x02 destination=0xFF previousHop=0x02 sequence=140 ackSequence=0 ttl=8 hops=0 payloadSize=13 rssi=0 snr=
[2026-09-02T18:37:24.671+00:00][B] [INFO] Heartbeat packet sent
[2026-09-02T18:37:24.705+00:00][A] [INFO] --------------------------------
[2026-09-02T18:37:24.705+00:00][A] [INFO] [HEARTBEAT TX]
[2026-09-02T18:37:24.710+00:00][A] [INFO] Node ID: 1
[2026-09-02T18:37:24.710+00:00][A] [INFO] type: 2
[2026-09-02T18:37:24.711+00:00][A] [INFO] Destination: 0xFF
[2026-09-02T18:37:24.715+00:00][A] [INFO] Sequence: 251
[2026-09-02T18:37:24.716+00:00][A] [INFO] Packet ID: 150
[2026-09-02T18:37:24.721+00:00][A] [INFO] Packet Size: 26
[2026-09-02T18:37:24.721+00:00][A] [INFO] Timestamp: 150 ms
[2026-09-02T18:37:24.726+00:00][A] [INFO] Transmission Result: success
[2026-09-02T18:37:24.727+00:00][A] [INFO] --------------------------------
[2026-09-02T18:37:24.732+00:00][A] [INFO] [Heartbeat #150]
[2026-09-02T18:37:24.732+00:00][A] [INFO] Sent
[2026-09-02T18:37:24.733+00:00][A] [INFO] Waiting ACK...
[2026-09-02T18:37:24.733+00:00][A] [INFO] [WAITING ACK]
[2026-09-02T18:37:24.746+00:00][A] [INFO] [RF TX] type=2 source=0x01 destination=0xFF previousHop=0x01 sequence=251 ackSequence=0 ttl=8 hops=0 payloadSize=13 rssi=0 snr=
[2026-09-02T18:37:24.747+00:00][A] [INFO] Heartbeat packet sent
[2026-09-02T18:37:25.546+00:00][B] [INFO] --------------------------------
[2026-09-02T18:37:25.546+00:00][B] [INFO] [HEARTBEAT TX]
[2026-09-02T18:37:25.551+00:00][B] [INFO] Node ID: 2
[2026-09-02T18:37:25.551+00:00][B] [INFO] type: 2
[2026-09-02T18:37:25.552+00:00][B] [INFO] Destination: 0xFF
[2026-09-02T18:37:25.554+00:00][A] [INFO] [RF RX] type=2 source=0x02 destination=0xFF previousHop=0x02 sequence=141 ackSequence=0 ttl=8 hops=0 payloadSize=13 rssi=-61 sn
[2026-09-02T18:37:25.556+00:00][B] [INFO] Sequence: 141
[2026-09-02T18:37:25.557+00:00][B] [INFO] Packet ID: 84
[2026-09-02T18:37:25.561+00:00][B] [INFO] Packet Size: 26
[2026-09-02T18:37:25.562+00:00][B] [INFO] Timestamp: 84 ms
[2026-09-02T18:37:25.563+00:00][B] [INFO] Transmission Result: success
[2026-09-02T18:37:25.567+00:00][B] [INFO] --------------------------------
[2026-09-02T18:37:25.568+00:00][B] [INFO] [Heartbeat #84]
[2026-09-02T18:37:25.573+00:00][B] [INFO] Sent
[2026-09-02T18:37:25.573+00:00][B] [INFO] Waiting ACK...
[2026-09-02T18:37:25.573+00:00][B] [INFO] [WAITING ACK]
[2026-09-02T18:37:25.586+00:00][B] [INFO] [RF TX] type=2 source=0x02 destination=0xFF previousHop=0x02 sequence=141 ackSequence=0 ttl=8 hops=0 payloadSize=13 rssi=0 snr=
[2026-09-02T18:37:25.587+00:00][B] [INFO] Heartbeat packet sent
[2026-09-02T18:37:25.621+00:00][A] [INFO] --------------------------------
[2026-09-02T18:37:25.621+00:00][A] [INFO] [HEARTBEAT TX]
[2026-09-02T18:37:25.626+00:00][A] [INFO] Node ID: 1
[2026-09-02T18:37:25.626+00:00][A] [INFO] type: 2
[2026-09-02T18:37:25.627+00:00][A] [INFO] Destination: 0xFF
[2026-09-02T18:37:25.631+00:00][A] [INFO] Sequence: 252
[2026-09-02T18:37:25.632+00:00][A] [INFO] Packet ID: 151
[2026-09-02T18:37:25.637+00:00][A] [INFO] Packet Size: 26
[2026-09-02T18:37:25.637+00:00][A] [INFO] Timestamp: 151 ms
[2026-09-02T18:37:25.642+00:00][A] [INFO] Transmission Result: success
[2026-09-02T18:37:25.643+00:00][A] [INFO] --------------------------------
[2026-09-02T18:37:25.648+00:00][A] [INFO] [Heartbeat #151]
[2026-09-02T18:37:25.648+00:00][A] [INFO] Sent
[2026-09-02T18:37:25.648+00:00][A] [INFO] Waiting ACK...
[2026-09-02T18:37:25.649+00:00][A] [INFO] [WAITING ACK]
[2026-09-02T18:37:25.662+00:00][A] [INFO] [RF TX] type=2 source=0x01 destination=0xFF previousHop=0x01 sequence=252 ackSequence=0 ttl=8 hops=0 payloadSize=13 rssi=0 snr=
[2026-09-02T18:37:25.663+00:00][A] [INFO] Heartbeat packet sent
[2026-09-02T18:37:26.562+00:00][B] [WARN] Retry 1
[2026-09-02T18:37:26.630+00:00][B] [INFO] --------------------------------
[2026-09-02T18:37:26.630+00:00][B] [INFO] [HEARTBEAT TX]
[2026-09-02T18:37:26.634+00:00][B] [INFO] Node ID: 2
[2026-09-02T18:37:26.635+00:00][B] [INFO] type: 2
[2026-09-02T18:37:26.635+00:00][B] [INFO] Destination: 0xFF
[2026-09-02T18:37:26.639+00:00][A] [INFO] [RF RX] type=2 source=0x02 destination=0xFF previousHop=0x02 sequence=141 ackSequence=0 ttl=8 hops=0 payloadSize=13 rssi=-61 sn
[2026-09-02T18:37:26.639+00:00][A] [WARN] Retry 1
[2026-09-02T18:37:26.640+00:00][B] [INFO] Sequence: 141
[2026-09-02T18:37:26.640+00:00][B] [INFO] Packet ID: 84
[2026-09-02T18:37:26.645+00:00][B] [INFO] Packet Size: 26
[2026-09-02T18:37:26.646+00:00][B] [INFO] Timestamp: 84 ms
[2026-09-02T18:37:26.646+00:00][B] [INFO] Transmission Result: success
[2026-09-02T18:37:26.651+00:00][B] [INFO] --------------------------------
[2026-09-02T18:37:26.652+00:00][B] [INFO] [Heartbeat #84]
[2026-09-02T18:37:26.657+00:00][B] [INFO] Sent
[2026-09-02T18:37:26.657+00:00][B] [INFO] Waiting ACK...
[2026-09-02T18:37:26.657+00:00][B] [INFO] [WAITING ACK]
[2026-09-02T18:37:26.670+00:00][B] [INFO] [RF TX] type=2 source=0x02 destination=0xFF previousHop=0x02 sequence=141 ackSequence=0 ttl=8 hops=0 payloadSize=13 rssi=0 snr=
[2026-09-02T18:37:26.671+00:00][B] [INFO] Heartbeat packet sent
[2026-09-02T18:37:26.705+00:00][A] [INFO] --------------------------------
[2026-09-02T18:37:26.705+00:00][A] [INFO] [HEARTBEAT TX]
[2026-09-02T18:37:26.710+00:00][A] [INFO] Node ID: 1
[2026-09-02T18:37:26.710+00:00][A] [INFO] type: 2
[2026-09-02T18:37:26.711+00:00][A] [INFO] Destination: 0xFF
[2026-09-02T18:37:26.716+00:00][A] [INFO] Sequence: 252
[2026-09-02T18:37:26.716+00:00][A] [INFO] Packet ID: 151
[2026-09-02T18:37:26.721+00:00][A] [INFO] Packet Size: 26
[2026-09-02T18:37:26.721+00:00][A] [INFO] Timestamp: 151 ms
[2026-09-02T18:37:26.726+00:00][A] [INFO] Transmission Result: success
[2026-09-02T18:37:26.727+00:00][A] [INFO] --------------------------------
[2026-09-02T18:37:26.732+00:00][A] [INFO] [Heartbeat #151]
[2026-09-02T18:37:26.732+00:00][A] [INFO] Sent
[2026-09-02T18:37:26.733+00:00][A] [INFO] Waiting ACK...
[2026-09-02T18:37:26.733+00:00][A] [INFO] [WAITING ACK]
[2026-09-02T18:37:26.746+00:00][A] [INFO] [RF TX] type=2 source=0x01 destination=0xFF previousHop=0x01 sequence=252 ackSequence=0 ttl=8 hops=0 payloadSize=13 rssi=0 snr=
[2026-09-02T18:37:26.747+00:00][A] [INFO] Heartbeat packet sent
[2026-09-02T18:37:27.546+00:00][B] [INFO] --------------------------------
[2026-09-02T18:37:27.546+00:00][B] [INFO] [HEARTBEAT TX]
[2026-09-02T18:37:27.550+00:00][B] [INFO] Node ID: 2
[2026-09-02T18:37:27.551+00:00][B] [INFO] type: 2
[2026-09-02T18:37:27.551+00:00][B] [INFO] Destination: 0xFF
[2026-09-02T18:37:27.553+00:00][A] [INFO] [RF RX] type=2 source=0x02 destination=0xFF previousHop=0x02 sequence=142 ackSequence=0 ttl=8 hops=0 payloadSize=13 rssi=-61 sn
[2026-09-02T18:37:27.556+00:00][B] [INFO] Sequence: 142
[2026-09-02T18:37:27.556+00:00][B] [INFO] Packet ID: 85
[2026-09-02T18:37:27.561+00:00][B] [INFO] Packet Size: 26
[2026-09-02T18:37:27.562+00:00][B] [INFO] Timestamp: 85 ms
[2026-09-02T18:37:27.563+00:00][B] [INFO] Transmission Result: success
[2026-09-02T18:37:27.567+00:00][B] [INFO] --------------------------------
[2026-09-02T18:37:27.568+00:00][B] [INFO] [Heartbeat #85]
[2026-09-02T18:37:27.573+00:00][B] [INFO] Sent
[2026-09-02T18:37:27.573+00:00][B] [INFO] Waiting ACK...
[2026-09-02T18:37:27.573+00:00][B] [INFO] [WAITING ACK]
[2026-09-02T18:37:27.586+00:00][B] [INFO] [RF TX] type=2 source=0x02 destination=0xFF previousHop=0x02 sequence=142 ackSequence=0 ttl=8 hops=0 payloadSize=13 rssi=0 snr=
[2026-09-02T18:37:27.587+00:00][B] [INFO] Heartbeat packet sent
[2026-09-02T18:37:27.621+00:00][A] [INFO] --------------------------------
[2026-09-02T18:37:27.621+00:00][A] [INFO] [HEARTBEAT TX]
[2026-09-02T18:37:27.626+00:00][A] [INFO] Node ID: 1
[2026-09-02T18:37:27.626+00:00][A] [INFO] type: 2
[2026-09-02T18:37:27.627+00:00][A] [INFO] Destination: 0xFF
[2026-09-02T18:37:27.631+00:00][A] [INFO] Sequence: 253
[2026-09-02T18:37:27.632+00:00][A] [INFO] Packet ID: 152
[2026-09-02T18:37:27.637+00:00][A] [INFO] Packet Size: 26
[2026-09-02T18:37:27.637+00:00][A] [INFO] Timestamp: 152 ms
[2026-09-02T18:37:27.642+00:00][A] [INFO] Transmission Result: success
[2026-09-02T18:37:27.643+00:00][A] [INFO] --------------------------------
[2026-09-02T18:37:27.648+00:00][A] [INFO] [Heartbeat #152]
[2026-09-02T18:37:27.648+00:00][A] [INFO] Sent
[2026-09-02T18:37:27.648+00:00][A] [INFO] Waiting ACK...
[2026-09-02T18:37:27.649+00:00][A] [INFO] [WAITING ACK]
[2026-09-02T18:37:27.662+00:00][A] [INFO] [RF TX] type=2 source=0x01 destination=0xFF previousHop=0x01 sequence=253 ackSequence=0 ttl=8 hops=0 payloadSize=13 rssi=0 snr=
[2026-09-02T18:37:27.663+00:00][A] [INFO] Heartbeat packet sent
[2026-09-02T18:37:28.562+00:00][B] [WARN] Retry 1
[2026-09-02T18:37:28.630+00:00][B] [INFO] --------------------------------
[2026-09-02T18:37:28.630+00:00][B] [INFO] [HEARTBEAT TX]
[2026-09-02T18:37:28.635+00:00][B] [INFO] Node ID: 2
[2026-09-02T18:37:28.635+00:00][B] [INFO] type: 2
[2026-09-02T18:37:28.635+00:00][B] [INFO] Destination: 0xFF
[2026-09-02T18:37:28.639+00:00][A] [INFO] [RF RX] type=2 source=0x02 destination=0xFF previousHop=0x02 sequence=142 ackSequence=0 ttl=8 hops=0 payloadSize=13 rssi=-61 sn
[2026-09-02T18:37:28.639+00:00][A] [WARN] Retry 1
[2026-09-02T18:37:28.640+00:00][B] [INFO] Sequence: 142
[2026-09-02T18:37:28.640+00:00][B] [INFO] Packet ID: 85
[2026-09-02T18:37:28.645+00:00][B] [INFO] Packet Size: 26
[2026-09-02T18:37:28.646+00:00][B] [INFO] Timestamp: 85 ms
[2026-09-02T18:37:28.646+00:00][B] [INFO] Transmission Result: success
[2026-09-02T18:37:28.651+00:00][B] [INFO] --------------------------------
[2026-09-02T18:37:28.651+00:00][B] [INFO] [Heartbeat #85]
[2026-09-02T18:37:28.656+00:00][B] [INFO] Sent
[2026-09-02T18:37:28.657+00:00][B] [INFO] Waiting ACK...
[2026-09-02T18:37:28.657+00:00][B] [INFO] [WAITING ACK]
[2026-09-02T18:37:28.670+00:00][B] [INFO] [RF TX] type=2 source=0x02 destination=0xFF previousHop=0x02 sequence=142 ackSequence=0 ttl=8 hops=0 payloadSize=13 rssi=0 snr=
[2026-09-02T18:37:28.671+00:00][B] [INFO] Heartbeat packet sent
[2026-09-02T18:37:28.705+00:00][A] [INFO] --------------------------------
[2026-09-02T18:37:28.705+00:00][A] [INFO] [HEARTBEAT TX]
[2026-09-02T18:37:28.710+00:00][A] [INFO] Node ID: 1
[2026-09-02T18:37:28.710+00:00][A] [INFO] type: 2
[2026-09-02T18:37:28.711+00:00][A] [INFO] Destination: 0xFF
[2026-09-02T18:37:28.715+00:00][A] [INFO] Sequence: 253
[2026-09-02T18:37:28.716+00:00][A] [INFO] Packet ID: 152
[2026-09-02T18:37:28.721+00:00][A] [INFO] Packet Size: 26
[2026-09-02T18:37:28.721+00:00][A] [INFO] Timestamp: 152 ms
[2026-09-02T18:37:28.726+00:00][A] [INFO] Transmission Result: success
[2026-09-02T18:37:28.727+00:00][A] [INFO] --------------------------------
[2026-09-02T18:37:28.732+00:00][A] [INFO] [Heartbeat #152]
[2026-09-02T18:37:28.732+00:00][A] [INFO] Sent
[2026-09-02T18:37:28.733+00:00][A] [INFO] Waiting ACK...
[2026-09-02T18:37:28.733+00:00][A] [INFO] [WAITING ACK]
[2026-09-02T18:37:28.746+00:00][A] [INFO] [RF TX] type=2 source=0x01 destination=0xFF previousHop=0x01 sequence=253 ackSequence=0 ttl=8 hops=0 payloadSize=13 rssi=0 snr=
[2026-09-02T18:37:28.747+00:00][A] [INFO] Heartbeat packet sent
[2026-09-02T18:37:29.546+00:00][B] [INFO] --------------------------------
[2026-09-02T18:37:29.547+00:00][B] [INFO] [HEARTBEAT TX]
[2026-09-02T18:37:29.550+00:00][B] [INFO] Node ID: 2
[2026-09-02T18:37:29.551+00:00][B] [INFO] type: 2
[2026-09-02T18:37:29.551+00:00][B] [INFO] Destination: 0xFF
[2026-09-02T18:37:29.553+00:00][A] [INFO] [RF RX] type=2 source=0x02 destination=0xFF previousHop=0x02 sequence=143 ackSequence=0 ttl=8 hops=0 payloadSize=13 rssi=-60 sn
[2026-09-02T18:37:29.556+00:00][B] [INFO] Sequence: 143
[2026-09-02T18:37:29.556+00:00][B] [INFO] Packet ID: 86
[2026-09-02T18:37:29.561+00:00][B] [INFO] Packet Size: 26
[2026-09-02T18:37:29.562+00:00][B] [INFO] Timestamp: 86 ms
[2026-09-02T18:37:29.562+00:00][B] [INFO] Transmission Result: success
[2026-09-02T18:37:29.567+00:00][B] [INFO] --------------------------------
[2026-09-02T18:37:29.568+00:00][B] [INFO] [Heartbeat #86]
[2026-09-02T18:37:29.573+00:00][B] [INFO] Sent
[2026-09-02T18:37:29.573+00:00][B] [INFO] Waiting ACK...
[2026-09-02T18:37:29.573+00:00][B] [INFO] [WAITING ACK]
[2026-09-02T18:37:29.586+00:00][B] [INFO] [RF TX] type=2 source=0x02 destination=0xFF previousHop=0x02 sequence=143 ackSequence=0 ttl=8 hops=0 payloadSize=13 rssi=0 snr=
[2026-09-02T18:37:29.587+00:00][B] [INFO] Heartbeat packet sent
[2026-09-02T18:37:29.620+00:00][A] [INFO] --------------------------------
[2026-09-02T18:37:29.621+00:00][A] [INFO] [HEARTBEAT TX]
[2026-09-02T18:37:29.626+00:00][A] [INFO] Node ID: 1
[2026-09-02T18:37:29.626+00:00][A] [INFO] type: 2
[2026-09-02T18:37:29.626+00:00][A] [INFO] Destination: 0xFF
[2026-09-02T18:37:29.631+00:00][A] [INFO] Sequence: 254
[2026-09-02T18:37:29.632+00:00][A] [INFO] Packet ID: 153
[2026-09-02T18:37:29.637+00:00][A] [INFO] Packet Size: 26
[2026-09-02T18:37:29.637+00:00][A] [INFO] Timestamp: 153 ms
[2026-09-02T18:37:29.642+00:00][A] [INFO] Transmission Result: success
[2026-09-02T18:37:29.643+00:00][A] [INFO] --------------------------------
[2026-09-02T18:37:29.648+00:00][A] [INFO] [Heartbeat #153]
[2026-09-02T18:37:29.648+00:00][A] [INFO] Sent
[2026-09-02T18:37:29.648+00:00][A] [INFO] Waiting ACK...
[2026-09-02T18:37:29.649+00:00][A] [INFO] [WAITING ACK]
[2026-09-02T18:37:29.662+00:00][A] [INFO] [RF TX] type=2 source=0x01 destination=0xFF previousHop=0x01 sequence=254 ackSequence=0 ttl=8 hops=0 payloadSize=13 rssi=0 snr=
[2026-09-02T18:37:29.663+00:00][A] [INFO] Heartbeat packet sent
[2026-09-02T18:37:30.562+00:00][B] [WARN] Retry 1
[2026-09-02T18:37:30.629+00:00][B] [INFO] --------------------------------
[2026-09-02T18:37:30.630+00:00][B] [INFO] [HEARTBEAT TX]
[2026-09-02T18:37:30.636+00:00][B] [INFO] Node ID: 2
[2026-09-02T18:37:30.637+00:00][B] [INFO] type: 2
[2026-09-02T18:37:30.638+00:00][B] [INFO] Destination: 0xFF
[2026-09-02T18:37:30.639+00:00][A] [INFO] [RF RX] type=2 source=0x02 destination=0xFF previousHop=0x02 sequence=143 ackSequence=0 ttl=8 hops=0 payloadSize=13 rssi=-60 sn
[2026-09-02T18:37:30.639+00:00][A] [WARN] Retry 1
[2026-09-02T18:37:30.640+00:00][B] [INFO] Sequence: 143
[2026-09-02T18:37:30.640+00:00][B] [INFO] Packet ID: 86
[2026-09-02T18:37:30.645+00:00][B] [INFO] Packet Size: 26
[2026-09-02T18:37:30.646+00:00][B] [INFO] Timestamp: 86 ms
[2026-09-02T18:37:30.646+00:00][B] [INFO] Transmission Result: success
[2026-09-02T18:37:30.651+00:00][B] [INFO] --------------------------------
[2026-09-02T18:37:30.652+00:00][B] [INFO] [Heartbeat #86]
[2026-09-02T18:37:30.657+00:00][B] [INFO] Sent
[2026-09-02T18:37:30.657+00:00][B] [INFO] Waiting ACK...
[2026-09-02T18:37:30.657+00:00][B] [INFO] [WAITING ACK]
[2026-09-02T18:37:30.671+00:00][B] [INFO] [RF TX] type=2 source=0x02 destination=0xFF previousHop=0x02 sequence=143 ackSequence=0 ttl=8 hops=0 payloadSize=13 rssi=0 snr=
[2026-09-02T18:37:30.671+00:00][B] [INFO] Heartbeat packet sent
[2026-09-02T18:37:30.704+00:00][A] [INFO] --------------------------------
[2026-09-02T18:37:30.705+00:00][A] [INFO] [HEARTBEAT TX]
[2026-09-02T18:37:30.710+00:00][A] [INFO] Node ID: 1
[2026-09-02T18:37:30.710+00:00][A] [INFO] type: 2
[2026-09-02T18:37:30.711+00:00][A] [INFO] Destination: 0xFF
[2026-09-02T18:37:30.715+00:00][A] [INFO] Sequence: 254
[2026-09-02T18:37:30.716+00:00][A] [INFO] Packet ID: 153
[2026-09-02T18:37:30.721+00:00][A] [INFO] Packet Size: 26
[2026-09-02T18:37:30.721+00:00][A] [INFO] Timestamp: 153 ms
[2026-09-02T18:37:30.726+00:00][A] [INFO] Transmission Result: success
[2026-09-02T18:37:30.727+00:00][A] [INFO] --------------------------------
[2026-09-02T18:37:30.732+00:00][A] [INFO] [Heartbeat #153]
[2026-09-02T18:37:30.732+00:00][A] [INFO] Sent
[2026-09-02T18:37:30.733+00:00][A] [INFO] Waiting ACK...
[2026-09-02T18:37:30.733+00:00][A] [INFO] [WAITING ACK]
[2026-09-02T18:37:30.746+00:00][A] [INFO] [RF TX] type=2 source=0x01 destination=0xFF previousHop=0x01 sequence=254 ackSequence=0 ttl=8 hops=0 payloadSize=13 rssi=0 snr=
[2026-09-02T18:37:30.747+00:00][A] [INFO] Heartbeat packet sent
[2026-09-02T18:37:31.545+00:00][B] [INFO] --------------------------------
[2026-09-02T18:37:31.546+00:00][B] [INFO] [HEARTBEAT TX]
[2026-09-02T18:37:31.550+00:00][B] [INFO] Node ID: 2
[2026-09-02T18:37:31.551+00:00][B] [INFO] type: 2
[2026-09-02T18:37:31.551+00:00][B] [INFO] Destination: 0xFF
[2026-09-02T18:37:31.553+00:00][A] [INFO] [RF RX] type=2 source=0x02 destination=0xFF previousHop=0x02 sequence=144 ackSequence=0 ttl=8 hops=0 payloadSize=13 rssi=-61 sn
[2026-09-02T18:37:31.556+00:00][B] [INFO] Sequence: 144
[2026-09-02T18:37:31.556+00:00][B] [INFO] Packet ID: 87
[2026-09-02T18:37:31.561+00:00][B] [INFO] Packet Size: 26
[2026-09-02T18:37:31.562+00:00][B] [INFO] Timestamp: 87 ms
[2026-09-02T18:37:31.563+00:00][B] [INFO] Transmission Result: success
[2026-09-02T18:37:31.567+00:00][B] [INFO] --------------------------------
[2026-09-02T18:37:31.567+00:00][B] [INFO] [Heartbeat #87]
[2026-09-02T18:37:31.572+00:00][B] [INFO] Sent
[2026-09-02T18:37:31.573+00:00][B] [INFO] Waiting ACK...
[2026-09-02T18:37:31.573+00:00][B] [INFO] [WAITING ACK]
[2026-09-02T18:37:31.586+00:00][B] [INFO] [RF TX] type=2 source=0x02 destination=0xFF previousHop=0x02 sequence=144 ackSequence=0 ttl=8 hops=0 payloadSize=13 rssi=0 snr=
[2026-09-02T18:37:31.587+00:00][B] [INFO] Heartbeat packet sent
[2026-09-02T18:37:31.620+00:00][A] [INFO] --------------------------------
[2026-09-02T18:37:31.621+00:00][A] [INFO] [HEARTBEAT TX]
[2026-09-02T18:37:31.626+00:00][A] [INFO] Node ID: 1
[2026-09-02T18:37:31.626+00:00][A] [INFO] type: 2
[2026-09-02T18:37:31.626+00:00][A] [INFO] Destination: 0xFF
[2026-09-02T18:37:31.631+00:00][A] [INFO] Sequence: 255
[2026-09-02T18:37:31.632+00:00][A] [INFO] Packet ID: 154
[2026-09-02T18:37:31.637+00:00][A] [INFO] Packet Size: 26
[2026-09-02T18:37:31.637+00:00][A] [INFO] Timestamp: 154 ms
[2026-09-02T18:37:31.642+00:00][A] [INFO] Transmission Result: success
[2026-09-02T18:37:31.643+00:00][A] [INFO] --------------------------------
[2026-09-02T18:37:31.648+00:00][A] [INFO] [Heartbeat #154]
[2026-09-02T18:37:31.648+00:00][A] [INFO] Sent
[2026-09-02T18:37:31.648+00:00][A] [INFO] Waiting ACK...
[2026-09-02T18:37:31.648+00:00][A] [INFO] [WAITING ACK]
[2026-09-02T18:37:31.662+00:00][A] [INFO] [RF TX] type=2 source=0x01 destination=0xFF previousHop=0x01 sequence=255 ackSequence=0 ttl=8 hops=0 payloadSize=13 rssi=0 snr=
[2026-09-02T18:37:31.663+00:00][A] [INFO] Heartbeat packet sent
[2026-09-02T18:37:32.562+00:00][B] [WARN] Retry 1
[2026-09-02T18:37:32.630+00:00][B] [INFO] --------------------------------
[2026-09-02T18:37:32.630+00:00][B] [INFO] [HEARTBEAT TX]
[2026-09-02T18:37:32.634+00:00][B] [INFO] Node ID: 2
[2026-09-02T18:37:32.635+00:00][B] [INFO] type: 2
[2026-09-02T18:37:32.635+00:00][B] [INFO] Destination: 0xFF
[2026-09-02T18:37:32.638+00:00][A] [INFO] [RF RX] type=2 source=0x02 destination=0xFF previousHop=0x02 sequence=144 ackSequence=0 ttl=8 hops=0 payloadSize=13 rssi=-61 sn
[2026-09-02T18:37:32.639+00:00][A] [WARN] Retry 1
[2026-09-02T18:37:32.640+00:00][B] [INFO] Sequence: 144
[2026-09-02T18:37:32.640+00:00][B] [INFO] Packet ID: 87
[2026-09-02T18:37:32.645+00:00][B] [INFO] Packet Size: 26
[2026-09-02T18:37:32.645+00:00][B] [INFO] Timestamp: 87 ms
[2026-09-02T18:37:32.646+00:00][B] [INFO] Transmission Result: success
[2026-09-02T18:37:32.651+00:00][B] [INFO] --------------------------------
[2026-09-02T18:37:32.651+00:00][B] [INFO] [Heartbeat #87]
[2026-09-02T18:37:32.656+00:00][B] [INFO] Sent
[2026-09-02T18:37:32.657+00:00][B] [INFO] Waiting ACK...
[2026-09-02T18:37:32.657+00:00][B] [INFO] [WAITING ACK]
[2026-09-02T18:37:32.670+00:00][B] [INFO] [RF TX] type=2 source=0x02 destination=0xFF previousHop=0x02 sequence=144 ackSequence=0 ttl=8 hops=0 payloadSize=13 rssi=0 snr=
[2026-09-02T18:37:32.671+00:00][B] [INFO] Heartbeat packet sent
[2026-09-02T18:37:32.704+00:00][A] [INFO] --------------------------------
[2026-09-02T18:37:32.705+00:00][A] [INFO] [HEARTBEAT TX]
[2026-09-02T18:37:32.710+00:00][A] [INFO] Node ID: 1
[2026-09-02T18:37:32.711+00:00][A] [INFO] type: 2
[2026-09-02T18:37:32.712+00:00][A] [INFO] Destination: 0xFF
[2026-09-02T18:37:32.715+00:00][A] [INFO] Sequence: 255
[2026-09-02T18:37:32.715+00:00][A] [INFO] Packet ID: 154
[2026-09-02T18:37:32.721+00:00][A] [INFO] Packet Size: 26
[2026-09-02T18:37:32.721+00:00][A] [INFO] Timestamp: 154 ms
[2026-09-02T18:37:32.726+00:00][A] [INFO] Transmission Result: success
[2026-09-02T18:37:32.727+00:00][A] [INFO] --------------------------------
[2026-09-02T18:37:32.732+00:00][A] [INFO] [Heartbeat #154]
[2026-09-02T18:37:32.732+00:00][A] [INFO] Sent
[2026-09-02T18:37:32.732+00:00][A] [INFO] Waiting ACK...
[2026-09-02T18:37:32.733+00:00][A] [INFO] [WAITING ACK]
[2026-09-02T18:37:32.746+00:00][A] [INFO] [RF TX] type=2 source=0x01 destination=0xFF previousHop=0x01 sequence=255 ackSequence=0 ttl=8 hops=0 payloadSize=13 rssi=0 snr=
[2026-09-02T18:37:32.746+00:00][A] [INFO] Heartbeat packet sent
[2026-09-02T18:37:33.545+00:00][B] [INFO] --------------------------------
[2026-09-02T18:37:33.546+00:00][B] [INFO] [HEARTBEAT TX]
[2026-09-02T18:37:33.550+00:00][B] [INFO] Node ID: 2
[2026-09-02T18:37:33.551+00:00][B] [INFO] type: 2
[2026-09-02T18:37:33.551+00:00][B] [INFO] Destination: 0xFF
[2026-09-02T18:37:33.553+00:00][A] [INFO] [RF RX] type=2 source=0x02 destination=0xFF previousHop=0x02 sequence=145 ackSequence=0 ttl=8 hops=0 payloadSize=13 rssi=-61 sn
[2026-09-02T18:37:33.556+00:00][B] [INFO] Sequence: 145
[2026-09-02T18:37:33.556+00:00][B] [INFO] Packet ID: 88
[2026-09-02T18:37:33.561+00:00][B] [INFO] Packet Size: 26
[2026-09-02T18:37:33.562+00:00][B] [INFO] Timestamp: 88 ms
[2026-09-02T18:37:33.562+00:00][B] [INFO] Transmission Result: success
[2026-09-02T18:37:33.567+00:00][B] [INFO] --------------------------------
[2026-09-02T18:37:33.568+00:00][B] [INFO] [Heartbeat #88]
[2026-09-02T18:37:33.572+00:00][B] [INFO] Sent
[2026-09-02T18:37:33.573+00:00][B] [INFO] Waiting ACK...
[2026-09-02T18:37:33.573+00:00][B] [INFO] [WAITING ACK]
[2026-09-02T18:37:33.586+00:00][B] [INFO] [RF TX] type=2 source=0x02 destination=0xFF previousHop=0x02 sequence=145 ackSequence=0 ttl=8 hops=0 payloadSize=13 rssi=0 snr=
[2026-09-02T18:37:33.587+00:00][B] [INFO] Heartbeat packet sent
[2026-09-02T18:37:33.620+00:00][A] [INFO] --------------------------------
[2026-09-02T18:37:33.621+00:00][A] [INFO] [HEARTBEAT TX]
[2026-09-02T18:37:33.626+00:00][A] [INFO] Node ID: 1
[2026-09-02T18:37:33.626+00:00][A] [INFO] type: 2
[2026-09-02T18:37:33.626+00:00][A] [INFO] Destination: 0xFF
[2026-09-02T18:37:33.631+00:00][A] [INFO] Sequence: 256
[2026-09-02T18:37:33.632+00:00][A] [INFO] Packet ID: 155
[2026-09-02T18:37:33.637+00:00][A] [INFO] Packet Size: 26
[2026-09-02T18:37:33.637+00:00][A] [INFO] Timestamp: 155 ms
[2026-09-02T18:37:33.642+00:00][A] [INFO] Transmission Result: success
[2026-09-02T18:37:33.643+00:00][A] [INFO] --------------------------------
[2026-09-02T18:37:33.648+00:00][A] [INFO] [Heartbeat #155]
[2026-09-02T18:37:33.648+00:00][A] [INFO] Sent
[2026-09-02T18:37:33.648+00:00][A] [INFO] Waiting ACK...
[2026-09-02T18:37:33.649+00:00][A] [INFO] [WAITING ACK]
[2026-09-02T18:37:33.662+00:00][A] [INFO] [RF TX] type=2 source=0x01 destination=0xFF previousHop=0x01 sequence=256 ackSequence=0 ttl=8 hops=0 payloadSize=13 rssi=0 snr=
[2026-09-02T18:37:33.663+00:00][A] [INFO] Heartbeat packet sent
[2026-09-02T18:37:34.563+00:00][B] [WARN] Retry 1
[2026-09-02T18:37:34.629+00:00][B] [INFO] --------------------------------
[2026-09-02T18:37:34.630+00:00][B] [INFO] [HEARTBEAT TX]
[2026-09-02T18:37:34.634+00:00][B] [INFO] Node ID: 2
[2026-09-02T18:37:34.635+00:00][B] [INFO] type: 2
[2026-09-02T18:37:34.635+00:00][B] [INFO] Destination: 0xFF
[2026-09-02T18:37:34.639+00:00][A] [INFO] [RF RX] type=2 source=0x02 destination=0xFF previousHop=0x02 sequence=145 ackSequence=0 ttl=8 hops=0 payloadSize=13 rssi=-61 sn
[2026-09-02T18:37:34.639+00:00][A] [WARN] Retry 1
[2026-09-02T18:37:34.640+00:00][B] [INFO] Sequence: 145
[2026-09-02T18:37:34.640+00:00][B] [INFO] Packet ID: 88
[2026-09-02T18:37:34.645+00:00][B] [INFO] Packet Size: 26
[2026-09-02T18:37:34.645+00:00][B] [INFO] Timestamp: 88 ms
[2026-09-02T18:37:34.646+00:00][B] [INFO] Transmission Result: success
[2026-09-02T18:37:34.651+00:00][B] [INFO] --------------------------------
[2026-09-02T18:37:34.652+00:00][B] [INFO] [Heartbeat #88]
[2026-09-02T18:37:34.656+00:00][B] [INFO] Sent
[2026-09-02T18:37:34.657+00:00][B] [INFO] Waiting ACK...
[2026-09-02T18:37:34.657+00:00][B] [INFO] [WAITING ACK]
[2026-09-02T18:37:34.670+00:00][B] [INFO] [RF TX] type=2 source=0x02 destination=0xFF previousHop=0x02 sequence=145 ackSequence=0 ttl=8 hops=0 payloadSize=13 rssi=0 snr=
[2026-09-02T18:37:34.671+00:00][B] [INFO] Heartbeat packet sent
[2026-09-02T18:37:34.705+00:00][A] [INFO] --------------------------------
[2026-09-02T18:37:34.705+00:00][A] [INFO] [HEARTBEAT TX]
[2026-09-02T18:37:34.710+00:00][A] [INFO] Node ID: 1
[2026-09-02T18:37:34.710+00:00][A] [INFO] type: 2
[2026-09-02T18:37:34.710+00:00][A] [INFO] Destination: 0xFF
[2026-09-02T18:37:34.715+00:00][A] [INFO] Sequence: 256
[2026-09-02T18:37:34.716+00:00][A] [INFO] Packet ID: 155
[2026-09-02T18:37:34.721+00:00][A] [INFO] Packet Size: 26
[2026-09-02T18:37:34.721+00:00][A] [INFO] Timestamp: 155 ms
[2026-09-02T18:37:34.726+00:00][A] [INFO] Transmission Result: success
[2026-09-02T18:37:34.727+00:00][A] [INFO] --------------------------------
[2026-09-02T18:37:34.732+00:00][A] [INFO] [Heartbeat #155]
[2026-09-02T18:37:34.732+00:00][A] [INFO] Sent
[2026-09-02T18:37:34.732+00:00][A] [INFO] Waiting ACK...
[2026-09-02T18:37:34.732+00:00][A] [INFO] [WAITING ACK]
[2026-09-02T18:37:34.746+00:00][A] [INFO] [RF TX] type=2 source=0x01 destination=0xFF previousHop=0x01 sequence=256 ackSequence=0 ttl=8 hops=0 payloadSize=13 rssi=0 snr=
[2026-09-02T18:37:34.747+00:00][A] [INFO] Heartbeat packet sent
[2026-09-02T18:37:35.545+00:00][B] [INFO] --------------------------------
[2026-09-02T18:37:35.546+00:00][B] [INFO] [HEARTBEAT TX]
[2026-09-02T18:37:35.550+00:00][B] [INFO] Node ID: 2
[2026-09-02T18:37:35.551+00:00][B] [INFO] type: 2
[2026-09-02T18:37:35.551+00:00][B] [INFO] Destination: 0xFF
[2026-09-02T18:37:35.553+00:00][A] [INFO] [RF RX] type=2 source=0x02 destination=0xFF previousHop=0x02 sequence=146 ackSequence=0 ttl=8 hops=0 payloadSize=13 rssi=-61 sn
[2026-09-02T18:37:35.556+00:00][B] [INFO] Sequence: 146
[2026-09-02T18:37:35.556+00:00][B] [INFO] Packet ID: 89
[2026-09-02T18:37:35.561+00:00][B] [INFO] Packet Size: 26
[2026-09-02T18:37:35.562+00:00][B] [INFO] Timestamp: 89 ms
[2026-09-02T18:37:35.562+00:00][B] [INFO] Transmission Result: success
[2026-09-02T18:37:35.567+00:00][B] [INFO] --------------------------------
[2026-09-02T18:37:35.568+00:00][B] [INFO] [Heartbeat #89]
[2026-09-02T18:37:35.572+00:00][B] [INFO] Sent
[2026-09-02T18:37:35.573+00:00][B] [INFO] Waiting ACK...
[2026-09-02T18:37:35.573+00:00][B] [INFO] [WAITING ACK]
[2026-09-02T18:37:35.586+00:00][B] [INFO] [RF TX] type=2 source=0x02 destination=0xFF previousHop=0x02 sequence=146 ackSequence=0 ttl=8 hops=0 payloadSize=13 rssi=0 snr=
[2026-09-02T18:37:35.587+00:00][B] [INFO] Heartbeat packet sent
[2026-09-02T18:37:35.620+00:00][A] [INFO] --------------------------------
[2026-09-02T18:37:35.621+00:00][A] [INFO] [HEARTBEAT TX]
[2026-09-02T18:37:35.626+00:00][A] [INFO] Node ID: 1
[2026-09-02T18:37:35.626+00:00][A] [INFO] type: 2
[2026-09-02T18:37:35.626+00:00][A] [INFO] Destination: 0xFF
[2026-09-02T18:37:35.631+00:00][A] [INFO] Sequence: 257
[2026-09-02T18:37:35.632+00:00][A] [INFO] Packet ID: 156
[2026-09-02T18:37:35.637+00:00][A] [INFO] Packet Size: 26
[2026-09-02T18:37:35.637+00:00][A] [INFO] Timestamp: 156 ms
[2026-09-02T18:37:35.642+00:00][A] [INFO] Transmission Result: success
[2026-09-02T18:37:35.642+00:00][A] [INFO] --------------------------------
[2026-09-02T18:37:35.648+00:00][A] [INFO] [Heartbeat #156]
[2026-09-02T18:37:35.648+00:00][A] [INFO] Sent
[2026-09-02T18:37:35.648+00:00][A] [INFO] Waiting ACK...
[2026-09-02T18:37:35.648+00:00][A] [INFO] [WAITING ACK]
[2026-09-02T18:37:35.662+00:00][A] [INFO] [RF TX] type=2 source=0x01 destination=0xFF previousHop=0x01 sequence=257 ackSequence=0 ttl=8 hops=0 payloadSize=13 rssi=0 snr=
[2026-09-02T18:37:35.663+00:00][A] [INFO] Heartbeat packet sent
[2026-09-02T18:37:36.562+00:00][B] [WARN] Retry 1
[2026-09-02T18:37:36.630+00:00][B] [INFO] --------------------------------
[2026-09-02T18:37:36.631+00:00][B] [INFO] [HEARTBEAT TX]
[2026-09-02T18:37:36.635+00:00][B] [INFO] Node ID: 2
[2026-09-02T18:37:36.635+00:00][B] [INFO] type: 2
[2026-09-02T18:37:36.636+00:00][B] [INFO] Destination: 0xFF
[2026-09-02T18:37:36.638+00:00][A] [INFO] [RF RX] type=2 source=0x02 destination=0xFF previousHop=0x02 sequence=146 ackSequence=0 ttl=8 hops=0 payloadSize=13 rssi=-61 sn
[2026-09-02T18:37:36.639+00:00][A] [WARN] Retry 1
[2026-09-02T18:37:36.640+00:00][B] [INFO] Sequence: 146
[2026-09-02T18:37:36.640+00:00][B] [INFO] Packet ID: 89
[2026-09-02T18:37:36.645+00:00][B] [INFO] Packet Size: 26
[2026-09-02T18:37:36.645+00:00][B] [INFO] Timestamp: 89 ms
[2026-09-02T18:37:36.646+00:00][B] [INFO] Transmission Result: success
[2026-09-02T18:37:36.651+00:00][B] [INFO] --------------------------------
[2026-09-02T18:37:36.651+00:00][B] [INFO] [Heartbeat #89]
[2026-09-02T18:37:36.656+00:00][B] [INFO] Sent
[2026-09-02T18:37:36.657+00:00][B] [INFO] Waiting ACK...
[2026-09-02T18:37:36.657+00:00][B] [INFO] [WAITING ACK]
[2026-09-02T18:37:36.670+00:00][B] [INFO] [RF TX] type=2 source=0x02 destination=0xFF previousHop=0x02 sequence=146 ackSequence=0 ttl=8 hops=0 payloadSize=13 rssi=0 snr=
[2026-09-02T18:37:36.671+00:00][B] [INFO] Heartbeat packet sent
[2026-09-02T18:37:36.704+00:00][A] [INFO] --------------------------------
[2026-09-02T18:37:36.705+00:00][A] [INFO] [HEARTBEAT TX]
[2026-09-02T18:37:36.710+00:00][A] [INFO] Node ID: 1
[2026-09-02T18:37:36.710+00:00][A] [INFO] type: 2
[2026-09-02T18:37:36.710+00:00][A] [INFO] Destination: 0xFF
[2026-09-02T18:37:36.715+00:00][A] [INFO] Sequence: 257
[2026-09-02T18:37:36.716+00:00][A] [INFO] Packet ID: 156
[2026-09-02T18:37:36.720+00:00][A] [INFO] Packet Size: 26
[2026-09-02T18:37:36.721+00:00][A] [INFO] Timestamp: 156 ms
[2026-09-02T18:37:36.726+00:00][A] [INFO] Transmission Result: success
[2026-09-02T18:37:36.727+00:00][A] [INFO] --------------------------------
[2026-09-02T18:37:36.732+00:00][A] [INFO] [Heartbeat #156]
[2026-09-02T18:37:36.732+00:00][A] [INFO] Sent
[2026-09-02T18:37:36.732+00:00][A] [INFO] Waiting ACK...
[2026-09-02T18:37:36.733+00:00][A] [INFO] [WAITING ACK]
[2026-09-02T18:37:36.746+00:00][A] [INFO] [RF TX] type=2 source=0x01 destination=0xFF previousHop=0x01 sequence=257 ackSequence=0 ttl=8 hops=0 payloadSize=13 rssi=0 snr=
[2026-09-02T18:37:36.747+00:00][A] [INFO] Heartbeat packet sent
[2026-09-02T18:37:37.546+00:00][B] [INFO] --------------------------------
[2026-09-02T18:37:37.547+00:00][B] [INFO] [HEARTBEAT TX]
[2026-09-02T18:37:37.550+00:00][B] [INFO] Node ID: 2
[2026-09-02T18:37:37.550+00:00][B] [INFO] type: 2
[2026-09-02T18:37:37.551+00:00][B] [INFO] Destination: 0xFF
[2026-09-02T18:37:37.553+00:00][A] [INFO] [RF RX] type=2 source=0x02 destination=0xFF previousHop=0x02 sequence=147 ackSequence=0 ttl=8 hops=0 payloadSize=13 rssi=-60 sn
[2026-09-02T18:37:37.556+00:00][B] [INFO] Sequence: 147
[2026-09-02T18:37:37.556+00:00][B] [INFO] Packet ID: 90
[2026-09-02T18:37:37.561+00:00][B] [INFO] Packet Size: 26
[2026-09-02T18:37:37.562+00:00][B] [INFO] Timestamp: 90 ms
[2026-09-02T18:37:37.563+00:00][B] [INFO] Transmission Result: success
[2026-09-02T18:37:37.567+00:00][B] [INFO] --------------------------------
[2026-09-02T18:37:37.568+00:00][B] [INFO] [Heartbeat #90]
[2026-09-02T18:37:37.572+00:00][B] [INFO] Sent
[2026-09-02T18:37:37.573+00:00][B] [INFO] Waiting ACK...
[2026-09-02T18:37:37.573+00:00][B] [INFO] [WAITING ACK]
[2026-09-02T18:37:37.586+00:00][B] [INFO] [RF TX] type=2 source=0x02 destination=0xFF previousHop=0x02 sequence=147 ackSequence=0 ttl=8 hops=0 payloadSize=13 rssi=0 snr=
[2026-09-02T18:37:37.587+00:00][B] [INFO] Heartbeat packet sent
[2026-09-02T18:37:37.620+00:00][A] [INFO] --------------------------------
[2026-09-02T18:37:37.621+00:00][A] [INFO] [HEARTBEAT TX]
[2026-09-02T18:37:37.626+00:00][A] [INFO] Node ID: 1
[2026-09-02T18:37:37.626+00:00][A] [INFO] type: 2
[2026-09-02T18:37:37.626+00:00][A] [INFO] Destination: 0xFF
[2026-09-02T18:37:37.631+00:00][A] [INFO] Sequence: 258
[2026-09-02T18:37:37.632+00:00][A] [INFO] Packet ID: 157
[2026-09-02T18:37:37.636+00:00][A] [INFO] Packet Size: 26
[2026-09-02T18:37:37.637+00:00][A] [INFO] Timestamp: 157 ms
[2026-09-02T18:37:37.642+00:00][A] [INFO] Transmission Result: success
[2026-09-02T18:37:37.643+00:00][A] [INFO] --------------------------------
[2026-09-02T18:37:37.648+00:00][A] [INFO] [Heartbeat #157]
[2026-09-02T18:37:37.648+00:00][A] [INFO] Sent
[2026-09-02T18:37:37.648+00:00][A] [INFO] Waiting ACK...
[2026-09-02T18:37:37.648+00:00][A] [INFO] [WAITING ACK]
[2026-09-02T18:37:37.662+00:00][A] [INFO] [RF TX] type=2 source=0x01 destination=0xFF previousHop=0x01 sequence=258 ackSequence=0 ttl=8 hops=0 payloadSize=13 rssi=0 snr=
[2026-09-02T18:37:37.662+00:00][A] [INFO] Heartbeat packet sent
