[2026-09-02T18:41:29.065+00:00][A] [INFO] TEST_DATA_QUEUED dst=0x02 seq=674 remaining=99
[2026-09-02T18:41:29.126+00:00][B] [INFO] [RF RX] type=1 source=0x01 destination=0x02 previousHop=0x01 sequence=674 ackSequence=0 ttl=8 hops=0 payloadSize=4 rssi=-61 snr
[2026-09-02T18:41:29.129+00:00][A] [INFO] [RF TX] type=1 source=0x01 destination=0x02 previousHop=0x01 sequence=674 ackSequence=0 ttl=8 hops=0 payloadSize=4 rssi=0 snr=0
[2026-09-02T18:41:29.129+00:00][A] [INFO] TEST_DATA_QUEUED dst=0x02 seq=675 remaining=98
[2026-09-02T18:41:29.184+00:00][B] [INFO] [RF TX] type=3 source=0x02 destination=0x01 previousHop=0x02 sequence=377 ackSequence=674 ttl=8 hops=0 payloadSize=2 rssi=0 snr
[2026-09-02T18:41:29.192+00:00][A] [INFO] [RF TX] type=1 source=0x01 destination=0x02 previousHop=0x01 sequence=675 ackSequence=0 ttl=8 hops=0 payloadSize=4 rssi=0 snr=0
[2026-09-02T18:41:29.192+00:00][A] [INFO] TEST_DATA_QUEUED dst=0x02 seq=676 remaining=97
[2026-09-02T18:41:29.252+00:00][B] [INFO] [RF RX] type=1 source=0x01 destination=0x02 previousHop=0x01 sequence=676 ackSequence=0 ttl=8 hops=0 payloadSize=4 rssi=-61 snr
[2026-09-02T18:41:29.255+00:00][A] [INFO] [RF TX] type=1 source=0x01 destination=0x02 previousHop=0x01 sequence=676 ackSequence=0 ttl=8 hops=0 payloadSize=4 rssi=0 snr=0
[2026-09-02T18:41:29.255+00:00][A] [INFO] TEST_DATA_QUEUED dst=0x02 seq=677 remaining=96
[2026-09-02T18:41:29.256+00:00][A] [WARN] Retry 1
[2026-09-02T18:41:29.309+00:00][B] [INFO] [RF TX] type=3 source=0x02 destination=0x01 previousHop=0x02 sequence=378 ackSequence=676 ttl=8 hops=0 payloadSize=2 rssi=0 snr
[2026-09-02T18:41:29.318+00:00][A] [INFO] [RF TX] type=1 source=0x01 destination=0x02 previousHop=0x01 sequence=677 ackSequence=0 ttl=8 hops=0 payloadSize=4 rssi=0 snr=0
[2026-09-02T18:41:29.318+00:00][A] [INFO] TEST_DATA_QUEUED dst=0x02 seq=678 remaining=95
[2026-09-02T18:41:29.380+00:00][A] [INFO] --------------------------------
[2026-09-02T18:41:29.380+00:00][A] [INFO] [HEARTBEAT TX]
[2026-09-02T18:41:29.385+00:00][A] [INFO] Node ID: 1
[2026-09-02T18:41:29.385+00:00][A] [INFO] type: 2
[2026-09-02T18:41:29.385+00:00][A] [INFO] Destination: 0xFF
[2026-09-02T18:41:29.388+00:00][B] [INFO] [RF RX] type=2 source=0x01 destination=0xFF previousHop=0x01 sequence=673 ackSequence=0 ttl=8 hops=0 payloadSize=13 rssi=-61 sn
[2026-09-02T18:41:29.391+00:00][A] [INFO] Sequence: 673
[2026-09-02T18:41:29.391+00:00][A] [INFO] Packet ID: 372
[2026-09-02T18:41:29.396+00:00][A] [INFO] Packet Size: 26
[2026-09-02T18:41:29.397+00:00][A] [INFO] Timestamp: 372 ms
[2026-09-02T18:41:29.402+00:00][A] [INFO] Transmission Result: success
[2026-09-02T18:41:29.402+00:00][A] [INFO] --------------------------------
[2026-09-02T18:41:29.407+00:00][A] [INFO] [Heartbeat #372]
[2026-09-02T18:41:29.408+00:00][A] [INFO] Sent
[2026-09-02T18:41:29.408+00:00][A] [INFO] Waiting ACK...
[2026-09-02T18:41:29.408+00:00][A] [INFO] [WAITING ACK]
[2026-09-02T18:41:29.424+00:00][A] [INFO] [RF TX] type=2 source=0x01 destination=0xFF previousHop=0x01 sequence=673 ackSequence=0 ttl=8 hops=0 payloadSize=13 rssi=0 snr=
[2026-09-02T18:41:29.424+00:00][A] [INFO] Heartbeat packet sent
[2026-09-02T18:41:29.427+00:00][A] [INFO] TEST_DATA_QUEUED dst=0x02 seq=679 remaining=94
[2026-09-02T18:41:29.483+00:00][B] [INFO] [RF RX] type=1 source=0x01 destination=0x02 previousHop=0x01 sequence=678 ackSequence=0 ttl=8 hops=0 payloadSize=4 rssi=-61 snr
[2026-09-02T18:41:29.486+00:00][A] [INFO] [RF TX] type=1 source=0x01 destination=0x02 previousHop=0x01 sequence=678 ackSequence=0 ttl=8 hops=0 payloadSize=4 rssi=0 snr=0
[2026-09-02T18:41:29.486+00:00][A] [INFO] TEST_DATA_QUEUED dst=0x02 seq=680 remaining=93
[2026-09-02T18:41:29.540+00:00][B] [INFO] [RF TX] type=3 source=0x02 destination=0x01 previousHop=0x02 sequence=379 ackSequence=678 ttl=8 hops=0 payloadSize=2 rssi=0 snr
[2026-09-02T18:41:29.549+00:00][A] [INFO] [RF TX] type=1 source=0x01 destination=0x02 previousHop=0x01 sequence=679 ackSequence=0 ttl=8 hops=0 payloadSize=4 rssi=0 snr=0
[2026-09-02T18:41:29.549+00:00][A] [INFO] TEST_DATA_QUEUED dst=0x02 seq=681 remaining=92
[2026-09-02T18:41:29.607+00:00][B] [INFO] --------------------------------
[2026-09-02T18:41:29.608+00:00][B] [INFO] [HEARTBEAT TX]
[2026-09-02T18:41:29.611+00:00][A] [INFO] [RF TX] type=1 source=0x01 destination=0x02 previousHop=0x01 sequence=680 ackSequence=0 ttl=8 hops=0 payloadSize=4 rssi=0 snr=0
[2026-09-02T18:41:29.612+00:00][A] [INFO] TEST_DATA_QUEUED dst=0x02 seq=682 remaining=91
[2026-09-02T18:41:29.613+00:00][B] [INFO] Node ID: 2
[2026-09-02T18:41:29.613+00:00][B] [INFO] type: 2
[2026-09-02T18:41:29.613+00:00][B] [INFO] Destination: 0xFF
[2026-09-02T18:41:29.618+00:00][B] [INFO] Sequence: 380
[2026-09-02T18:41:29.619+00:00][B] [INFO] Packet ID: 206
[2026-09-02T18:41:29.624+00:00][B] [INFO] Packet Size: 26
[2026-09-02T18:41:29.624+00:00][B] [INFO] Timestamp: 206 ms
[2026-09-02T18:41:29.629+00:00][B] [INFO] Transmission Result: success
[2026-09-02T18:41:29.630+00:00][B] [INFO] --------------------------------
[2026-09-02T18:41:29.635+00:00][B] [INFO] [Heartbeat #206]
[2026-09-02T18:41:29.635+00:00][B] [INFO] Sent
[2026-09-02T18:41:29.635+00:00][B] [INFO] Waiting ACK...
[2026-09-02T18:41:29.635+00:00][B] [INFO] [WAITING ACK]
[2026-09-02T18:41:29.649+00:00][B] [INFO] [RF TX] type=2 source=0x02 destination=0xFF previousHop=0x02 sequence=380 ackSequence=0 ttl=8 hops=0 payloadSize=13 rssi=0 snr=
[2026-09-02T18:41:29.649+00:00][B] [INFO] Heartbeat packet sent
[2026-09-02T18:41:29.674+00:00][A] [INFO] [RF TX] type=1 source=0x01 destination=0x02 previousHop=0x01 sequence=681 ackSequence=0 ttl=8 hops=0 payloadSize=4 rssi=0 snr=0
[2026-09-02T18:41:29.674+00:00][A] [INFO] TEST_DATA_QUEUED dst=0x02 seq=683 remaining=90
[2026-09-02T18:41:29.734+00:00][B] [INFO] [RF RX] type=1 source=0x01 destination=0x02 previousHop=0x01 sequence=682 ackSequence=0 ttl=8 hops=0 payloadSize=4 rssi=-62 snr
[2026-09-02T18:41:29.737+00:00][A] [INFO] [RF TX] type=1 source=0x01 destination=0x02 previousHop=0x01 sequence=682 ackSequence=0 ttl=8 hops=0 payloadSize=4 rssi=0 snr=0
[2026-09-02T18:41:29.737+00:00][A] [INFO] TEST_DATA_QUEUED dst=0x02 seq=684 remaining=89
[2026-09-02T18:41:29.792+00:00][B] [INFO] [RF TX] type=3 source=0x02 destination=0x01 previousHop=0x02 sequence=381 ackSequence=682 ttl=8 hops=0 payloadSize=2 rssi=0 snr
[2026-09-02T18:41:29.800+00:00][A] [INFO] [RF TX] type=1 source=0x01 destination=0x02 previousHop=0x01 sequence=683 ackSequence=0 ttl=8 hops=0 payloadSize=4 rssi=0 snr=0
[2026-09-02T18:41:29.801+00:00][A] [INFO] TEST_DATA_QUEUED dst=0x02 seq=685 remaining=88
[2026-09-02T18:41:29.861+00:00][B] [INFO] [RF RX] type=1 source=0x01 destination=0x02 previousHop=0x01 sequence=684 ackSequence=0 ttl=8 hops=0 payloadSize=4 rssi=-61 snr
[2026-09-02T18:41:29.863+00:00][A] [INFO] [RF TX] type=1 source=0x01 destination=0x02 previousHop=0x01 sequence=684 ackSequence=0 ttl=8 hops=0 payloadSize=4 rssi=0 snr=0
[2026-09-02T18:41:29.863+00:00][A] [INFO] TEST_DATA_QUEUED dst=0x02 seq=686 remaining=87
[2026-09-02T18:41:29.917+00:00][B] [INFO] [RF TX] type=3 source=0x02 destination=0x01 previousHop=0x02 sequence=382 ackSequence=684 ttl=8 hops=0 payloadSize=2 rssi=0 snr
[2026-09-02T18:41:29.926+00:00][A] [INFO] [RF TX] type=1 source=0x01 destination=0x02 previousHop=0x01 sequence=685 ackSequence=0 ttl=8 hops=0 payloadSize=4 rssi=0 snr=0
[2026-09-02T18:41:29.928+00:00][A] [INFO] TEST_DATA_QUEUED dst=0x02 seq=687 remaining=86
[2026-09-02T18:41:29.985+00:00][B] [INFO] [RF RX] type=1 source=0x01 destination=0x02 previousHop=0x01 sequence=686 ackSequence=0 ttl=8 hops=0 payloadSize=4 rssi=-61 snr
[2026-09-02T18:41:29.989+00:00][A] [INFO] [RF TX] type=1 source=0x01 destination=0x02 previousHop=0x01 sequence=686 ackSequence=0 ttl=8 hops=0 payloadSize=4 rssi=0 snr=0
[2026-09-02T18:41:29.989+00:00][A] [INFO] TEST_DATA_QUEUED dst=0x02 seq=688 remaining=85
[2026-09-02T18:41:30.047+00:00][B] [INFO] [RF TX] type=3 source=0x02 destination=0x01 previousHop=0x02 sequence=383 ackSequence=686 ttl=8 hops=0 payloadSize=2 rssi=0 snr
[2026-09-02T18:41:30.052+00:00][A] [INFO] [RF TX] type=1 source=0x01 destination=0x02 previousHop=0x01 sequence=687 ackSequence=0 ttl=8 hops=0 payloadSize=4 rssi=0 snr=0
[2026-09-02T18:41:30.053+00:00][A] [INFO] TEST_DATA_QUEUED dst=0x02 seq=689 remaining=84
[2026-09-02T18:41:30.111+00:00][B] [INFO] [RF RX] type=1 source=0x01 destination=0x02 previousHop=0x01 sequence=688 ackSequence=0 ttl=8 hops=0 payloadSize=4 rssi=-60 snr
[2026-09-02T18:41:30.114+00:00][A] [INFO] [RF TX] type=1 source=0x01 destination=0x02 previousHop=0x01 sequence=688 ackSequence=0 ttl=8 hops=0 payloadSize=4 rssi=0 snr=0
[2026-09-02T18:41:30.115+00:00][A] [INFO] TEST_DATA_QUEUED dst=0x02 seq=690 remaining=83
[2026-09-02T18:41:30.169+00:00][B] [INFO] [RF TX] type=3 source=0x02 destination=0x01 previousHop=0x02 sequence=384 ackSequence=688 ttl=8 hops=0 payloadSize=2 rssi=0 snr
[2026-09-02T18:41:30.179+00:00][A] [INFO] [RF TX] type=1 source=0x01 destination=0x02 previousHop=0x01 sequence=689 ackSequence=0 ttl=8 hops=0 payloadSize=4 rssi=0 snr=0
[2026-09-02T18:41:30.180+00:00][A] [INFO] TEST_DATA_QUEUED dst=0x02 seq=691 remaining=82
[2026-09-02T18:41:30.180+00:00][A] [WARN] TX_RETRY seq=674
[2026-09-02T18:41:30.237+00:00][B] [INFO] [RF RX] type=1 source=0x01 destination=0x02 previousHop=0x01 sequence=690 ackSequence=0 ttl=8 hops=0 payloadSize=4 rssi=-62 snr
[2026-09-02T18:41:30.240+00:00][A] [INFO] [RF TX] type=1 source=0x01 destination=0x02 previousHop=0x01 sequence=690 ackSequence=0 ttl=8 hops=0 payloadSize=4 rssi=0 snr=0
[2026-09-02T18:41:30.241+00:00][A] [INFO] TEST_DATA_QUEUED dst=0x02 seq=693 remaining=81
[2026-09-02T18:41:30.243+00:00][A] [WARN] TX_RETRY seq=675
[2026-09-02T18:41:30.295+00:00][B] [INFO] [RF TX] type=3 source=0x02 destination=0x01 previousHop=0x02 sequence=385 ackSequence=690 ttl=8 hops=0 payloadSize=2 rssi=0 snr
[2026-09-02T18:41:30.303+00:00][A] [INFO] [RF TX] type=1 source=0x01 destination=0x02 previousHop=0x01 sequence=691 ackSequence=0 ttl=8 hops=0 payloadSize=4 rssi=0 snr=0
[2026-09-02T18:41:30.304+00:00][A] [INFO] TEST_DATA_QUEUED dst=0x02 seq=694 remaining=80
[2026-09-02T18:41:30.306+00:00][A] [WARN] TX_RETRY seq=676
[2026-09-02T18:41:30.366+00:00][A] [INFO] [RF TX] type=1 source=0x01 destination=0x02 previousHop=0x01 sequence=674 ackSequence=0 ttl=8 hops=0 payloadSize=4 rssi=0 snr=0
[2026-09-02T18:41:30.367+00:00][A] [INFO] TEST_DATA_QUEUED dst=0x02 seq=695 remaining=79
[2026-09-02T18:41:30.369+00:00][A] [WARN] TX_RETRY seq=677
[2026-09-02T18:41:30.410+00:00][B] [INFO] [RF TX] type=3 source=0x02 destination=0x01 previousHop=0x02 sequence=386 ackSequence=674 ttl=8 hops=0 payloadSize=2 rssi=0 snr
[2026-09-02T18:41:30.429+00:00][A] [INFO] --------------------------------
[2026-09-02T18:41:30.429+00:00][A] [INFO] [HEARTBEAT TX]
[2026-09-02T18:41:30.434+00:00][A] [INFO] Node ID: 1
[2026-09-02T18:41:30.434+00:00][A] [INFO] type: 2
[2026-09-02T18:41:30.434+00:00][A] [INFO] Destination: 0xFF
[2026-09-02T18:41:30.439+00:00][A] [INFO] Sequence: 692
[2026-09-02T18:41:30.440+00:00][A] [INFO] Packet ID: 373
[2026-09-02T18:41:30.445+00:00][A] [INFO] Packet Size: 26
[2026-09-02T18:41:30.445+00:00][A] [INFO] Timestamp: 373 ms
[2026-09-02T18:41:30.450+00:00][A] [INFO] Transmission Result: success
[2026-09-02T18:41:30.451+00:00][A] [INFO] --------------------------------
[2026-09-02T18:41:30.456+00:00][A] [INFO] [Heartbeat #373]
[2026-09-02T18:41:30.456+00:00][A] [INFO] Sent
[2026-09-02T18:41:30.456+00:00][A] [INFO] Waiting ACK...
[2026-09-02T18:41:30.457+00:00][A] [INFO] [WAITING ACK]
[2026-09-02T18:41:30.473+00:00][A] [INFO] [RF TX] type=2 source=0x01 destination=0xFF previousHop=0x01 sequence=692 ackSequence=0 ttl=8 hops=0 payloadSize=13 rssi=0 snr=
[2026-09-02T18:41:30.473+00:00][A] [INFO] Heartbeat packet sent
[2026-09-02T18:41:30.475+00:00][A] [INFO] TEST_DATA_QUEUED dst=0x02 seq=696 remaining=78
[2026-09-02T18:41:30.531+00:00][B] [INFO] [RF RX] type=1 source=0x01 destination=0x02 previousHop=0x01 sequence=693 ackSequence=0 ttl=8 hops=0 payloadSize=4 rssi=-61 snr
[2026-09-02T18:41:30.534+00:00][A] [INFO] [RF TX] type=1 source=0x01 destination=0x02 previousHop=0x01 sequence=693 ackSequence=0 ttl=8 hops=0 payloadSize=4 rssi=0 snr=0
[2026-09-02T18:41:30.535+00:00][A] [INFO] TEST_DATA_QUEUED dst=0x02 seq=697 remaining=77
[2026-09-02T18:41:30.536+00:00][A] [WARN] TX_RETRY seq=678
[2026-09-02T18:41:30.589+00:00][B] [INFO] [RF TX] type=3 source=0x02 destination=0x01 previousHop=0x02 sequence=387 ackSequence=693 ttl=8 hops=0 payloadSize=2 rssi=0 snr
[2026-09-02T18:41:30.597+00:00][A] [INFO] [RF TX] type=1 source=0x01 destination=0x02 previousHop=0x01 sequence=675 ackSequence=0 ttl=8 hops=0 payloadSize=4 rssi=0 snr=0
[2026-09-02T18:41:30.598+00:00][A] [INFO] TEST_DATA_QUEUED dst=0x02 seq=698 remaining=76
[2026-09-02T18:41:30.599+00:00][A] [ERROR] TX_FAILED
[2026-09-02T18:41:30.624+00:00][B] [WARN] Retry 1
[2026-09-02T18:41:30.660+00:00][A] [INFO] [RF TX] type=1 source=0x01 destination=0x02 previousHop=0x01 sequence=694 ackSequence=0 ttl=8 hops=0 payloadSize=4 rssi=0 snr=0
[2026-09-02T18:41:30.661+00:00][A] [INFO] TEST_DATA_QUEUED dst=0x02 seq=699 remaining=75
[2026-09-02T18:41:30.662+00:00][A] [ERROR] TX_FAILED
[2026-09-02T18:41:30.691+00:00][B] [INFO] --------------------------------
[2026-09-02T18:41:30.691+00:00][B] [INFO] [HEARTBEAT TX]
[2026-09-02T18:41:30.696+00:00][B] [INFO] Node ID: 2
[2026-09-02T18:41:30.697+00:00][B] [INFO] type: 2
[2026-09-02T18:41:30.697+00:00][B] [INFO] Destination: 0xFF
[2026-09-02T18:41:30.702+00:00][B] [INFO] Sequence: 380
[2026-09-02T18:41:30.702+00:00][B] [INFO] Packet ID: 206
[2026-09-02T18:41:30.707+00:00][B] [INFO] Packet Size: 26
[2026-09-02T18:41:30.708+00:00][B] [INFO] Timestamp: 206 ms
[2026-09-02T18:41:30.713+00:00][B] [INFO] Transmission Result: success
[2026-09-02T18:41:30.713+00:00][B] [INFO] --------------------------------
[2026-09-02T18:41:30.718+00:00][B] [INFO] [Heartbeat #206]
[2026-09-02T18:41:30.719+00:00][B] [INFO] Sent
[2026-09-02T18:41:30.719+00:00][B] [INFO] Waiting ACK...
[2026-09-02T18:41:30.719+00:00][B] [INFO] [WAITING ACK]
[2026-09-02T18:41:30.723+00:00][A] [INFO] [RF TX] type=1 source=0x01 destination=0x02 previousHop=0x01 sequence=676 ackSequence=0 ttl=8 hops=0 payloadSize=4 rssi=0 snr=0
[2026-09-02T18:41:30.723+00:00][A] [INFO] TEST_DATA_QUEUED dst=0x02 seq=700 remaining=74
[2026-09-02T18:41:30.725+00:00][A] [ERROR] TX_FAILED
[2026-09-02T18:41:30.733+00:00][B] [INFO] [RF TX] type=2 source=0x02 destination=0xFF previousHop=0x02 sequence=380 ackSequence=0 ttl=8 hops=0 payloadSize=13 rssi=0 snr=
[2026-09-02T18:41:30.733+00:00][B] [INFO] Heartbeat packet sent
[2026-09-02T18:41:30.786+00:00][A] [INFO] [RF TX] type=1 source=0x01 destination=0x02 previousHop=0x01 sequence=695 ackSequence=0 ttl=8 hops=0 payloadSize=4 rssi=0 snr=0
[2026-09-02T18:41:30.786+00:00][A] [INFO] TEST_DATA_QUEUED dst=0x02 seq=701 remaining=73
[2026-09-02T18:41:30.846+00:00][B] [INFO] [RF RX] type=1 source=0x01 destination=0x02 previousHop=0x01 sequence=677 ackSequence=0 ttl=8 hops=0 payloadSize=4 rssi=-60 snr
[2026-09-02T18:41:30.849+00:00][A] [INFO] [RF TX] type=1 source=0x01 destination=0x02 previousHop=0x01 sequence=677 ackSequence=0 ttl=8 hops=0 payloadSize=4 rssi=0 snr=0
[2026-09-02T18:41:30.849+00:00][A] [INFO] TEST_DATA_QUEUED dst=0x02 seq=702 remaining=72
[2026-09-02T18:41:30.903+00:00][B] [INFO] [RF TX] type=3 source=0x02 destination=0x01 previousHop=0x02 sequence=388 ackSequence=677 ttl=8 hops=0 payloadSize=2 rssi=0 snr
[2026-09-02T18:41:30.912+00:00][A] [INFO] [RF TX] type=1 source=0x01 destination=0x02 previousHop=0x01 sequence=696 ackSequence=0 ttl=8 hops=0 payloadSize=4 rssi=0 snr=0
[2026-09-02T18:41:30.912+00:00][A] [INFO] TEST_DATA_QUEUED dst=0x02 seq=703 remaining=71
[2026-09-02T18:41:30.971+00:00][B] [INFO] [RF RX] type=1 source=0x01 destination=0x02 previousHop=0x01 sequence=697 ackSequence=0 ttl=8 hops=0 payloadSize=4 rssi=-61 snr
[2026-09-02T18:41:30.974+00:00][A] [INFO] [RF TX] type=1 source=0x01 destination=0x02 previousHop=0x01 sequence=697 ackSequence=0 ttl=8 hops=0 payloadSize=4 rssi=0 snr=0
[2026-09-02T18:41:30.975+00:00][A] [INFO] TEST_DATA_QUEUED dst=0x02 seq=704 remaining=70
[2026-09-02T18:41:31.029+00:00][B] [INFO] [RF TX] type=3 source=0x02 destination=0x01 previousHop=0x02 sequence=389 ackSequence=697 ttl=8 hops=0 payloadSize=2 rssi=0 snr
[2026-09-02T18:41:31.037+00:00][A] [INFO] [RF TX] type=1 source=0x01 destination=0x02 previousHop=0x01 sequence=678 ackSequence=0 ttl=8 hops=0 payloadSize=4 rssi=0 snr=0
[2026-09-02T18:41:31.038+00:00][A] [INFO] TEST_DATA_QUEUED dst=0x02 seq=705 remaining=69
[2026-09-02T18:41:31.097+00:00][B] [INFO] [RF RX] type=1 source=0x01 destination=0x02 previousHop=0x01 sequence=698 ackSequence=0 ttl=8 hops=0 payloadSize=4 rssi=-61 snr
[2026-09-02T18:41:31.100+00:00][A] [INFO] [RF TX] type=1 source=0x01 destination=0x02 previousHop=0x01 sequence=698 ackSequence=0 ttl=8 hops=0 payloadSize=4 rssi=0 snr=0
[2026-09-02T18:41:31.100+00:00][A] [INFO] TEST_DATA_QUEUED dst=0x02 seq=706 remaining=68
[2026-09-02T18:41:31.155+00:00][B] [INFO] [RF TX] type=3 source=0x02 destination=0x01 previousHop=0x02 sequence=390 ackSequence=698 ttl=8 hops=0 payloadSize=2 rssi=0 snr
[2026-09-02T18:41:31.163+00:00][A] [INFO] [RF TX] type=1 source=0x01 destination=0x02 previousHop=0x01 sequence=699 ackSequence=0 ttl=8 hops=0 payloadSize=4 rssi=0 snr=0
[2026-09-02T18:41:31.164+00:00][A] [INFO] TEST_DATA_QUEUED dst=0x02 seq=707 remaining=67
[2026-09-02T18:41:31.223+00:00][B] [INFO] [RF RX] type=1 source=0x01 destination=0x02 previousHop=0x01 sequence=700 ackSequence=0 ttl=8 hops=0 payloadSize=4 rssi=-62 snr
[2026-09-02T18:41:31.226+00:00][A] [INFO] [RF TX] type=1 source=0x01 destination=0x02 previousHop=0x01 sequence=700 ackSequence=0 ttl=8 hops=0 payloadSize=4 rssi=0 snr=0
[2026-09-02T18:41:31.227+00:00][A] [INFO] TEST_DATA_QUEUED dst=0x02 seq=708 remaining=66
[2026-09-02T18:41:31.281+00:00][B] [INFO] [RF TX] type=3 source=0x02 destination=0x01 previousHop=0x02 sequence=391 ackSequence=700 ttl=8 hops=0 payloadSize=2 rssi=0 snr
[2026-09-02T18:41:31.289+00:00][A] [INFO] [RF TX] type=1 source=0x01 destination=0x02 previousHop=0x01 sequence=701 ackSequence=0 ttl=8 hops=0 payloadSize=4 rssi=0 snr=0
[2026-09-02T18:41:31.289+00:00][A] [INFO] TEST_DATA_QUEUED dst=0x02 seq=709 remaining=65
[2026-09-02T18:41:31.348+00:00][B] [INFO] [RF RX] type=1 source=0x01 destination=0x02 previousHop=0x01 sequence=702 ackSequence=0 ttl=8 hops=0 payloadSize=4 rssi=-61 snr
[2026-09-02T18:41:31.352+00:00][A] [INFO] [RF TX] type=1 source=0x01 destination=0x02 previousHop=0x01 sequence=702 ackSequence=0 ttl=8 hops=0 payloadSize=4 rssi=0 snr=0
[2026-09-02T18:41:31.353+00:00][A] [INFO] TEST_DATA_QUEUED dst=0x02 seq=710 remaining=64
[2026-09-02T18:41:31.406+00:00][B] [INFO] [RF TX] type=3 source=0x02 destination=0x01 previousHop=0x02 sequence=392 ackSequence=702 ttl=8 hops=0 payloadSize=2 rssi=0 snr
[2026-09-02T18:41:31.414+00:00][A] [INFO] [RF TX] type=1 source=0x01 destination=0x02 previousHop=0x01 sequence=703 ackSequence=0 ttl=8 hops=0 payloadSize=4 rssi=0 snr=0
[2026-09-02T18:41:31.415+00:00][A] [INFO] TEST_DATA_QUEUED dst=0x02 seq=711 remaining=63
[2026-09-02T18:41:31.416+00:00][A] [ERROR] TX_FAILED
[2026-09-02T18:41:31.474+00:00][B] [INFO] [RF RX] type=1 source=0x01 destination=0x02 previousHop=0x01 sequence=704 ackSequence=0 ttl=8 hops=0 payloadSize=4 rssi=-62 snr
[2026-09-02T18:41:31.477+00:00][A] [INFO] [RF TX] type=1 source=0x01 destination=0x02 previousHop=0x01 sequence=704 ackSequence=0 ttl=8 hops=0 payloadSize=4 rssi=0 snr=0
[2026-09-02T18:41:31.477+00:00][A] [INFO] TEST_DATA_QUEUED dst=0x02 seq=712 remaining=62
[2026-09-02T18:41:31.479+00:00][A] [WARN] Retry 1
[2026-09-02T18:41:31.532+00:00][B] [INFO] [RF TX] type=3 source=0x02 destination=0x01 previousHop=0x02 sequence=393 ackSequence=704 ttl=8 hops=0 payloadSize=2 rssi=0 snr
[2026-09-02T18:41:31.540+00:00][A] [INFO] [RF TX] type=1 source=0x01 destination=0x02 previousHop=0x01 sequence=705 ackSequence=0 ttl=8 hops=0 payloadSize=4 rssi=0 snr=0
[2026-09-02T18:41:31.541+00:00][A] [INFO] TEST_DATA_QUEUED dst=0x02 seq=713 remaining=61
[2026-09-02T18:41:31.603+00:00][A] [INFO] [RF TX] type=1 source=0x01 destination=0x02 previousHop=0x01 sequence=706 ackSequence=0 ttl=8 hops=0 payloadSize=4 rssi=0 snr=0
[2026-09-02T18:41:31.604+00:00][A] [INFO] TEST_DATA_QUEUED dst=0x02 seq=714 remaining=60
[2026-09-02T18:41:31.605+00:00][A] [ERROR] TX_FAILED
[2026-09-02T18:41:31.607+00:00][B] [INFO] --------------------------------
[2026-09-02T18:41:31.607+00:00][B] [INFO] [HEARTBEAT TX]
[2026-09-02T18:41:31.613+00:00][B] [INFO] Node ID: 2
[2026-09-02T18:41:31.613+00:00][B] [INFO] type: 2
[2026-09-02T18:41:31.614+00:00][B] [INFO] Destination: 0xFF
[2026-09-02T18:41:31.618+00:00][B] [INFO] Sequence: 394
[2026-09-02T18:41:31.618+00:00][B] [INFO] Packet ID: 207
[2026-09-02T18:41:31.624+00:00][B] [INFO] Packet Size: 26
[2026-09-02T18:41:31.624+00:00][B] [INFO] Timestamp: 207 ms
[2026-09-02T18:41:31.629+00:00][B] [INFO] Transmission Result: success
[2026-09-02T18:41:31.630+00:00][B] [INFO] --------------------------------
[2026-09-02T18:41:31.635+00:00][B] [INFO] [Heartbeat #207]
[2026-09-02T18:41:31.635+00:00][B] [INFO] Sent
[2026-09-02T18:41:31.635+00:00][B] [INFO] Waiting ACK...
[2026-09-02T18:41:31.636+00:00][B] [INFO] [WAITING ACK]
[2026-09-02T18:41:31.649+00:00][B] [INFO] [RF TX] type=2 source=0x02 destination=0xFF previousHop=0x02 sequence=394 ackSequence=0 ttl=8 hops=0 payloadSize=13 rssi=0 snr=
[2026-09-02T18:41:31.649+00:00][B] [INFO] Heartbeat packet sent
[2026-09-02T18:41:31.666+00:00][A] [INFO] [RF TX] type=1 source=0x01 destination=0x02 previousHop=0x01 sequence=707 ackSequence=0 ttl=8 hops=0 payloadSize=4 rssi=0 snr=0
[2026-09-02T18:41:31.667+00:00][A] [INFO] TEST_DATA_QUEUED dst=0x02 seq=715 remaining=59
[2026-09-02T18:41:31.668+00:00][A] [ERROR] TX_FAILED
[2026-09-02T18:41:31.730+00:00][A] [INFO] [RF TX] type=1 source=0x01 destination=0x02 previousHop=0x01 sequence=708 ackSequence=0 ttl=8 hops=0 payloadSize=4 rssi=0 snr=0
[2026-09-02T18:41:31.732+00:00][A] [INFO] TEST_DATA_QUEUED dst=0x02 seq=716 remaining=58
[2026-09-02T18:41:31.732+00:00][B] [INFO] [RF RX] type=1 source=0x01 destination=0x02 previousHop=0x01 sequence=708 ackSequence=0 ttl=8 hops=0 payloadSize=4 rssi=-62 snr
[2026-09-02T18:41:31.732+00:00][A] [ERROR] TX_FAILED
[2026-09-02T18:41:31.783+00:00][B] [INFO] [RF TX] type=3 source=0x02 destination=0x01 previousHop=0x02 sequence=395 ackSequence=708 ttl=8 hops=0 payloadSize=2 rssi=0 snr
[2026-09-02T18:41:31.792+00:00][A] [INFO] [RF TX] type=1 source=0x01 destination=0x02 previousHop=0x01 sequence=709 ackSequence=0 ttl=8 hops=0 payloadSize=4 rssi=0 snr=0
[2026-09-02T18:41:31.792+00:00][A] [INFO] TEST_DATA_QUEUED dst=0x02 seq=717 remaining=57
[2026-09-02T18:41:31.794+00:00][A] [ERROR] TX_FAILED
[2026-09-02T18:41:31.852+00:00][B] [INFO] [RF RX] type=1 source=0x01 destination=0x02 previousHop=0x01 sequence=710 ackSequence=0 ttl=8 hops=0 payloadSize=4 rssi=-62 snr
[2026-09-02T18:41:31.855+00:00][A] [INFO] [RF TX] type=1 source=0x01 destination=0x02 previousHop=0x01 sequence=710 ackSequence=0 ttl=8 hops=0 payloadSize=4 rssi=0 snr=0
[2026-09-02T18:41:31.855+00:00][A] [INFO] TEST_DATA_QUEUED dst=0x02 seq=718 remaining=56
[2026-09-02T18:41:31.856+00:00][A] [ERROR] TX_FAILED
[2026-09-02T18:41:31.911+00:00][B] [INFO] [RF TX] type=3 source=0x02 destination=0x01 previousHop=0x02 sequence=396 ackSequence=710 ttl=8 hops=0 payloadSize=2 rssi=0 snr
[2026-09-02T18:41:31.918+00:00][A] [INFO] [RF TX] type=1 source=0x01 destination=0x02 previousHop=0x01 sequence=711 ackSequence=0 ttl=8 hops=0 payloadSize=4 rssi=0 snr=0
[2026-09-02T18:41:31.918+00:00][A] [INFO] TEST_DATA_QUEUED dst=0x02 seq=719 remaining=55
[2026-09-02T18:41:31.919+00:00][A] [ERROR] TX_FAILED
[2026-09-02T18:41:31.980+00:00][B] [INFO] [RF RX] type=1 source=0x01 destination=0x02 previousHop=0x01 sequence=712 ackSequence=0 ttl=8 hops=0 payloadSize=4 rssi=-62 snr
[2026-09-02T18:41:31.981+00:00][A] [INFO] [RF TX] type=1 source=0x01 destination=0x02 previousHop=0x01 sequence=712 ackSequence=0 ttl=8 hops=0 payloadSize=4 rssi=0 snr=0
[2026-09-02T18:41:31.981+00:00][A] [INFO] TEST_DATA_QUEUED dst=0x02 seq=720 remaining=54
[2026-09-02T18:41:32.035+00:00][B] [INFO] [RF TX] type=3 source=0x02 destination=0x01 previousHop=0x02 sequence=397 ackSequence=712 ttl=8 hops=0 payloadSize=2 rssi=0 snr
[2026-09-02T18:41:32.045+00:00][A] [INFO] [RF TX] type=1 source=0x01 destination=0x02 previousHop=0x01 sequence=713 ackSequence=0 ttl=8 hops=0 payloadSize=4 rssi=0 snr=0
[2026-09-02T18:41:32.048+00:00][A] [INFO] TEST_DATA_QUEUED dst=0x02 seq=721 remaining=53
[2026-09-02T18:41:32.048+00:00][A] [ERROR] TX_FAILED
[2026-09-02T18:41:32.103+00:00][B] [INFO] [RF RX] type=1 source=0x01 destination=0x02 previousHop=0x01 sequence=714 ackSequence=0 ttl=8 hops=0 payloadSize=4 rssi=-62 snr
[2026-09-02T18:41:32.107+00:00][A] [INFO] [RF TX] type=1 source=0x01 destination=0x02 previousHop=0x01 sequence=714 ackSequence=0 ttl=8 hops=0 payloadSize=4 rssi=0 snr=0
[2026-09-02T18:41:32.107+00:00][A] [INFO] TEST_DATA_QUEUED dst=0x02 seq=722 remaining=52
[2026-09-02T18:41:32.162+00:00][B] [INFO] [RF TX] type=3 source=0x02 destination=0x01 previousHop=0x02 sequence=398 ackSequence=714 ttl=8 hops=0 payloadSize=2 rssi=0 snr
[2026-09-02T18:41:32.169+00:00][A] [INFO] [RF TX] type=1 source=0x01 destination=0x02 previousHop=0x01 sequence=715 ackSequence=0 ttl=8 hops=0 payloadSize=4 rssi=0 snr=0
[2026-09-02T18:41:32.170+00:00][A] [INFO] TEST_DATA_QUEUED dst=0x02 seq=723 remaining=51
[2026-09-02T18:41:32.230+00:00][B] [INFO] [RF RX] type=1 source=0x01 destination=0x02 previousHop=0x01 sequence=716 ackSequence=0 ttl=8 hops=0 payloadSize=4 rssi=-61 snr
[2026-09-02T18:41:32.232+00:00][A] [INFO] [RF TX] type=1 source=0x01 destination=0x02 previousHop=0x01 sequence=716 ackSequence=0 ttl=8 hops=0 payloadSize=4 rssi=0 snr=0
[2026-09-02T18:41:32.233+00:00][A] [INFO] TEST_DATA_QUEUED dst=0x02 seq=724 remaining=50
[2026-09-02T18:41:32.287+00:00][B] [INFO] [RF TX] type=3 source=0x02 destination=0x01 previousHop=0x02 sequence=399 ackSequence=716 ttl=8 hops=0 payloadSize=2 rssi=0 snr
[2026-09-02T18:41:32.296+00:00][A] [INFO] [RF TX] type=1 source=0x01 destination=0x02 previousHop=0x01 sequence=717 ackSequence=0 ttl=8 hops=0 payloadSize=4 rssi=0 snr=0
[2026-09-02T18:41:32.297+00:00][A] [INFO] TEST_DATA_QUEUED dst=0x02 seq=726 remaining=49
[2026-09-02T18:41:32.355+00:00][B] [INFO] [RF RX] type=1 source=0x01 destination=0x02 previousHop=0x01 sequence=718 ackSequence=0 ttl=8 hops=0 payloadSize=4 rssi=-61 snr
[2026-09-02T18:41:32.358+00:00][A] [INFO] [RF TX] type=1 source=0x01 destination=0x02 previousHop=0x01 sequence=718 ackSequence=0 ttl=8 hops=0 payloadSize=4 rssi=0 snr=0
[2026-09-02T18:41:32.359+00:00][A] [INFO] TEST_DATA_QUEUED dst=0x02 seq=728 remaining=48
[2026-09-02T18:41:32.413+00:00][B] [INFO] [RF TX] type=3 source=0x02 destination=0x01 previousHop=0x02 sequence=400 ackSequence=718 ttl=8 hops=0 payloadSize=2 rssi=0 snr
[2026-09-02T18:41:32.421+00:00][A] [INFO] [RF TX] type=1 source=0x01 destination=0x02 previousHop=0x01 sequence=719 ackSequence=0 ttl=8 hops=0 payloadSize=4 rssi=0 snr=0
[2026-09-02T18:41:32.422+00:00][A] [INFO] TEST_DATA_QUEUED dst=0x02 seq=730 remaining=47
[2026-09-02T18:41:32.481+00:00][B] [INFO] [RF RX] type=1 source=0x01 destination=0x02 previousHop=0x01 sequence=720 ackSequence=0 ttl=8 hops=0 payloadSize=4 rssi=-62 snr
[2026-09-02T18:41:32.485+00:00][A] [INFO] [RF TX] type=1 source=0x01 destination=0x02 previousHop=0x01 sequence=720 ackSequence=0 ttl=8 hops=0 payloadSize=4 rssi=0 snr=0
[2026-09-02T18:41:32.486+00:00][A] [INFO] TEST_DATA_QUEUED dst=0x02 seq=732 remaining=46
[2026-09-02T18:41:32.488+00:00][A] [ERROR] TX_FAILED
[2026-09-02T18:41:32.488+00:00][A] [WARN] Retry 2
[2026-09-02T18:41:32.539+00:00][B] [INFO] [RF TX] type=3 source=0x02 destination=0x01 previousHop=0x02 sequence=401 ackSequence=720 ttl=8 hops=0 payloadSize=2 rssi=0 snr
[2026-09-02T18:41:32.548+00:00][A] [INFO] [RF TX] type=1 source=0x01 destination=0x02 previousHop=0x01 sequence=721 ackSequence=0 ttl=8 hops=0 payloadSize=4 rssi=0 snr=0
[2026-09-02T18:41:32.550+00:00][A] [INFO] TEST_DATA_QUEUED dst=0x02 seq=734 remaining=45
[2026-09-02T18:41:32.608+00:00][B] [INFO] [RF RX] type=1 source=0x01 destination=0x02 previousHop=0x01 sequence=722 ackSequence=0 ttl=8 hops=0 payloadSize=4 rssi=-61 snr
[2026-09-02T18:41:32.611+00:00][A] [INFO] [RF TX] type=1 source=0x01 destination=0x02 previousHop=0x01 sequence=722 ackSequence=0 ttl=8 hops=0 payloadSize=4 rssi=0 snr=0
[2026-09-02T18:41:32.612+00:00][A] [INFO] TEST_DATA_QUEUED dst=0x02 seq=736 remaining=44
[2026-09-02T18:41:32.667+00:00][B] [INFO] [RF TX] type=3 source=0x02 destination=0x01 previousHop=0x02 sequence=402 ackSequence=722 ttl=8 hops=0 payloadSize=2 rssi=0 snr
[2026-09-02T18:41:32.667+00:00][B] [WARN] Retry 1
[2026-09-02T18:41:32.674+00:00][A] [INFO] [RF TX] type=1 source=0x01 destination=0x02 previousHop=0x01 sequence=723 ackSequence=0 ttl=8 hops=0 payloadSize=4 rssi=0 snr=0
[2026-09-02T18:41:32.674+00:00][A] [INFO] TEST_DATA_QUEUED dst=0x02 seq=738 remaining=43
[2026-09-02T18:41:32.676+00:00][A] [ERROR] TX_FAILED
[2026-09-02T18:41:32.733+00:00][B] [INFO] --------------------------------
[2026-09-02T18:41:32.734+00:00][B] [INFO] [HEARTBEAT TX]
[2026-09-02T18:41:32.737+00:00][A] [INFO] [RF TX] type=1 source=0x01 destination=0x02 previousHop=0x01 sequence=724 ackSequence=0 ttl=8 hops=0 payloadSize=4 rssi=0 snr=0
[2026-09-02T18:41:32.738+00:00][A] [INFO] TEST_DATA_QUEUED dst=0x02 seq=740 remaining=42
[2026-09-02T18:41:32.738+00:00][B] [INFO] Node ID: 2
[2026-09-02T18:41:32.738+00:00][B] [INFO] type: 2
[2026-09-02T18:41:32.738+00:00][B] [INFO] Destination: 0xFF
[2026-09-02T18:41:32.739+00:00][A] [ERROR] TX_FAILED
[2026-09-02T18:41:32.743+00:00][B] [INFO] Sequence: 394
[2026-09-02T18:41:32.744+00:00][B] [INFO] Packet ID: 207
[2026-09-02T18:41:32.749+00:00][B] [INFO] Packet Size: 26
[2026-09-02T18:41:32.750+00:00][B] [INFO] Timestamp: 207 ms
[2026-09-02T18:41:32.754+00:00][B] [INFO] Transmission Result: success
[2026-09-02T18:41:32.755+00:00][B] [INFO] --------------------------------
[2026-09-02T18:41:32.760+00:00][B] [INFO] [Heartbeat #207]
[2026-09-02T18:41:32.760+00:00][B] [INFO] Sent
[2026-09-02T18:41:32.761+00:00][B] [INFO] Waiting ACK...
[2026-09-02T18:41:32.762+00:00][B] [INFO] [WAITING ACK]
[2026-09-02T18:41:32.774+00:00][B] [INFO] [RF TX] type=2 source=0x02 destination=0xFF previousHop=0x02 sequence=394 ackSequence=0 ttl=8 hops=0 payloadSize=13 rssi=0 snr=
[2026-09-02T18:41:32.775+00:00][B] [INFO] Heartbeat packet sent
[2026-09-02T18:41:32.800+00:00][A] [INFO] [RF TX] type=1 source=0x01 destination=0x02 previousHop=0x01 sequence=726 ackSequence=0 ttl=8 hops=0 payloadSize=4 rssi=0 snr=0
[2026-09-02T18:41:32.801+00:00][A] [INFO] TEST_DATA_QUEUED dst=0x02 seq=742 remaining=41
[2026-09-02T18:41:32.802+00:00][A] [ERROR] TX_FAILED
[2026-09-02T18:41:32.860+00:00][B] [INFO] [RF RX] type=1 source=0x01 destination=0x02 previousHop=0x01 sequence=728 ackSequence=0 ttl=8 hops=0 payloadSize=4 rssi=-62 snr
[2026-09-02T18:41:32.863+00:00][A] [INFO] [RF TX] type=1 source=0x01 destination=0x02 previousHop=0x01 sequence=728 ackSequence=0 ttl=8 hops=0 payloadSize=4 rssi=0 snr=0
[2026-09-02T18:41:32.864+00:00][A] [INFO] TEST_DATA_QUEUED dst=0x02 seq=744 remaining=40
[2026-09-02T18:41:32.865+00:00][A] [ERROR] TX_FAILED
[2026-09-02T18:41:32.918+00:00][B] [INFO] [RF TX] type=3 source=0x02 destination=0x01 previousHop=0x02 sequence=403 ackSequence=728 ttl=8 hops=0 payloadSize=2 rssi=0 snr
[2026-09-02T18:41:32.927+00:00][A] [INFO] [RF TX] type=1 source=0x01 destination=0x02 previousHop=0x01 sequence=730 ackSequence=0 ttl=8 hops=0 payloadSize=4 rssi=0 snr=0
[2026-09-02T18:41:32.928+00:00][A] [INFO] TEST_DATA_QUEUED dst=0x02 seq=746 remaining=39
[2026-09-02T18:41:32.928+00:00][A] [ERROR] TX_FAILED
[2026-09-02T18:41:32.986+00:00][B] [INFO] [RF RX] type=1 source=0x01 destination=0x02 previousHop=0x01 sequence=732 ackSequence=0 ttl=8 hops=0 payloadSize=4 rssi=-61 snr
[2026-09-02T18:41:32.990+00:00][A] [INFO] [RF TX] type=1 source=0x01 destination=0x02 previousHop=0x01 sequence=732 ackSequence=0 ttl=8 hops=0 payloadSize=4 rssi=0 snr=0
[2026-09-02T18:41:32.990+00:00][A] [INFO] TEST_DATA_QUEUED dst=0x02 seq=748 remaining=38
[2026-09-02T18:41:32.991+00:00][A] [ERROR] TX_FAILED
[2026-09-02T18:41:33.044+00:00][B] [INFO] [RF TX] type=3 source=0x02 destination=0x01 previousHop=0x02 sequence=404 ackSequence=732 ttl=8 hops=0 payloadSize=2 rssi=0 snr
[2026-09-02T18:41:33.053+00:00][A] [INFO] [RF TX] type=1 source=0x01 destination=0x02 previousHop=0x01 sequence=734 ackSequence=0 ttl=8 hops=0 payloadSize=4 rssi=0 snr=0
[2026-09-02T18:41:33.054+00:00][A] [INFO] TEST_DATA_QUEUED dst=0x02 seq=750 remaining=37
[2026-09-02T18:41:33.113+00:00][B] [INFO] [RF RX] type=1 source=0x01 destination=0x02 previousHop=0x01 sequence=736 ackSequence=0 ttl=8 hops=0 payloadSize=4 rssi=-61 snr
[2026-09-02T18:41:33.116+00:00][A] [INFO] [RF TX] type=1 source=0x01 destination=0x02 previousHop=0x01 sequence=736 ackSequence=0 ttl=8 hops=0 payloadSize=4 rssi=0 snr=0
[2026-09-02T18:41:33.117+00:00][A] [INFO] TEST_DATA_QUEUED dst=0x02 seq=752 remaining=36
[2026-09-02T18:41:33.118+00:00][A] [ERROR] TX_FAILED
[2026-09-02T18:41:33.171+00:00][B] [INFO] [RF TX] type=3 source=0x02 destination=0x01 previousHop=0x02 sequence=405 ackSequence=736 ttl=8 hops=0 payloadSize=2 rssi=0 snr
[2026-09-02T18:41:33.179+00:00][A] [INFO] [RF TX] type=1 source=0x01 destination=0x02 previousHop=0x01 sequence=738 ackSequence=0 ttl=8 hops=0 payloadSize=4 rssi=0 snr=0
[2026-09-02T18:41:33.180+00:00][A] [INFO] TEST_DATA_QUEUED dst=0x02 seq=754 remaining=35
[2026-09-02T18:41:33.239+00:00][B] [INFO] [RF RX] type=1 source=0x01 destination=0x02 previousHop=0x01 sequence=740 ackSequence=0 ttl=8 hops=0 payloadSize=4 rssi=-62 snr
[2026-09-02T18:41:33.242+00:00][A] [INFO] [RF TX] type=1 source=0x01 destination=0x02 previousHop=0x01 sequence=740 ackSequence=0 ttl=8 hops=0 payloadSize=4 rssi=0 snr=0
[2026-09-02T18:41:33.243+00:00][A] [INFO] TEST_DATA_QUEUED dst=0x02 seq=756 remaining=34
[2026-09-02T18:41:33.297+00:00][B] [INFO] [RF TX] type=3 source=0x02 destination=0x01 previousHop=0x02 sequence=406 ackSequence=740 ttl=8 hops=0 payloadSize=2 rssi=0 snr
[2026-09-02T18:41:33.305+00:00][A] [INFO] [RF TX] type=1 source=0x01 destination=0x02 previousHop=0x01 sequence=742 ackSequence=0 ttl=8 hops=0 payloadSize=4 rssi=0 snr=0
[2026-09-02T18:41:33.306+00:00][A] [INFO] TEST_DATA_QUEUED dst=0x02 seq=758 remaining=33
[2026-09-02T18:41:33.366+00:00][B] [INFO] [RF RX] type=1 source=0x01 destination=0x02 previousHop=0x01 sequence=744 ackSequence=0 ttl=8 hops=0 payloadSize=4 rssi=-62 snr
[2026-09-02T18:41:33.369+00:00][A] [INFO] [RF TX] type=1 source=0x01 destination=0x02 previousHop=0x01 sequence=744 ackSequence=0 ttl=8 hops=0 payloadSize=4 rssi=0 snr=0
[2026-09-02T18:41:33.370+00:00][A] [INFO] TEST_DATA_QUEUED dst=0x02 seq=760 remaining=32
[2026-09-02T18:41:33.423+00:00][B] [INFO] [RF TX] type=3 source=0x02 destination=0x01 previousHop=0x02 sequence=407 ackSequence=744 ttl=8 hops=0 payloadSize=2 rssi=0 snr
[2026-09-02T18:41:33.431+00:00][A] [INFO] [RF TX] type=1 source=0x01 destination=0x02 previousHop=0x01 sequence=746 ackSequence=0 ttl=8 hops=0 payloadSize=4 rssi=0 snr=0
[2026-09-02T18:41:33.432+00:00][A] [INFO] TEST_DATA_QUEUED dst=0x02 seq=762 remaining=31
[2026-09-02T18:41:33.491+00:00][B] [INFO] [RF RX] type=1 source=0x01 destination=0x02 previousHop=0x01 sequence=748 ackSequence=0 ttl=8 hops=0 payloadSize=4 rssi=-61 snr
[2026-09-02T18:41:33.495+00:00][A] [INFO] [RF TX] type=1 source=0x01 destination=0x02 previousHop=0x01 sequence=748 ackSequence=0 ttl=8 hops=0 payloadSize=4 rssi=0 snr=0
[2026-09-02T18:41:33.495+00:00][A] [INFO] TEST_DATA_QUEUED dst=0x02 seq=764 remaining=30
[2026-09-02T18:41:33.496+00:00][A] [WARN] Retry 3
[2026-09-02T18:41:33.549+00:00][B] [INFO] [RF TX] type=3 source=0x02 destination=0x01 previousHop=0x02 sequence=408 ackSequence=748 ttl=8 hops=0 payloadSize=2 rssi=0 snr
[2026-09-02T18:41:33.558+00:00][A] [INFO] [RF TX] type=1 source=0x01 destination=0x02 previousHop=0x01 sequence=750 ackSequence=0 ttl=8 hops=0 payloadSize=4 rssi=0 snr=0
[2026-09-02T18:41:33.558+00:00][A] [INFO] TEST_DATA_QUEUED dst=0x02 seq=766 remaining=29
[2026-09-02T18:41:33.559+00:00][A] [ERROR] TX_FAILED
[2026-09-02T18:41:33.616+00:00][B] [INFO] --------------------------------
[2026-09-02T18:41:33.616+00:00][B] [INFO] [HEARTBEAT TX]
[2026-09-02T18:41:33.621+00:00][A] [INFO] [RF TX] type=1 source=0x01 destination=0x02 previousHop=0x01 sequence=752 ackSequence=0 ttl=8 hops=0 payloadSize=4 rssi=0 snr=0
[2026-09-02T18:41:33.621+00:00][A] [INFO] TEST_DATA_QUEUED dst=0x02 seq=768 remaining=28
[2026-09-02T18:41:33.621+00:00][B] [INFO] Node ID: 2
[2026-09-02T18:41:33.621+00:00][B] [INFO] type: 2
[2026-09-02T18:41:33.622+00:00][B] [INFO] Destination: 0xFF
[2026-09-02T18:41:33.627+00:00][B] [INFO] Sequence: 409
[2026-09-02T18:41:33.627+00:00][B] [INFO] Packet ID: 208
[2026-09-02T18:41:33.633+00:00][B] [INFO] Packet Size: 26
[2026-09-02T18:41:33.633+00:00][B] [INFO] Timestamp: 208 ms
[2026-09-02T18:41:33.638+00:00][B] [INFO] Transmission Result: success
[2026-09-02T18:41:33.638+00:00][B] [INFO] --------------------------------
[2026-09-02T18:41:33.644+00:00][B] [INFO] [Heartbeat #208]
[2026-09-02T18:41:33.644+00:00][B] [INFO] Sent
[2026-09-02T18:41:33.644+00:00][B] [INFO] Waiting ACK...
[2026-09-02T18:41:33.644+00:00][B] [INFO] [WAITING ACK]
[2026-09-02T18:41:33.658+00:00][B] [INFO] [RF TX] type=2 source=0x02 destination=0xFF previousHop=0x02 sequence=409 ackSequence=0 ttl=8 hops=0 payloadSize=13 rssi=0 snr=
[2026-09-02T18:41:33.658+00:00][B] [INFO] Heartbeat packet sent
[2026-09-02T18:41:33.684+00:00][A] [INFO] [RF TX] type=1 source=0x01 destination=0x02 previousHop=0x01 sequence=754 ackSequence=0 ttl=8 hops=0 payloadSize=4 rssi=0 snr=0
[2026-09-02T18:41:33.684+00:00][A] [INFO] TEST_DATA_QUEUED dst=0x02 seq=770 remaining=27
[2026-09-02T18:41:33.744+00:00][B] [INFO] [RF RX] type=1 source=0x01 destination=0x02 previousHop=0x01 sequence=756 ackSequence=0 ttl=8 hops=0 payloadSize=4 rssi=-61 snr
[2026-09-02T18:41:33.747+00:00][A] [INFO] [RF TX] type=1 source=0x01 destination=0x02 previousHop=0x01 sequence=756 ackSequence=0 ttl=8 hops=0 payloadSize=4 rssi=0 snr=0
[2026-09-02T18:41:33.747+00:00][A] [INFO] TEST_DATA_QUEUED dst=0x02 seq=772 remaining=26
[2026-09-02T18:41:33.749+00:00][A] [ERROR] TX_FAILED
[2026-09-02T18:41:33.802+00:00][B] [INFO] [RF TX] type=3 source=0x02 destination=0x01 previousHop=0x02 sequence=410 ackSequence=756 ttl=8 hops=0 payloadSize=2 rssi=0 snr
[2026-09-02T18:41:33.810+00:00][A] [INFO] [RF TX] type=1 source=0x01 destination=0x02 previousHop=0x01 sequence=758 ackSequence=0 ttl=8 hops=0 payloadSize=4 rssi=0 snr=0
[2026-09-02T18:41:33.811+00:00][A] [INFO] TEST_DATA_QUEUED dst=0x02 seq=774 remaining=25
[2026-09-02T18:41:33.812+00:00][A] [ERROR] TX_FAILED
[2026-09-02T18:41:33.870+00:00][B] [INFO] [RF RX] type=1 source=0x01 destination=0x02 previousHop=0x01 sequence=760 ackSequence=0 ttl=8 hops=0 payloadSize=4 rssi=-62 snr
[2026-09-02T18:41:33.873+00:00][A] [INFO] [RF TX] type=1 source=0x01 destination=0x02 previousHop=0x01 sequence=760 ackSequence=0 ttl=8 hops=0 payloadSize=4 rssi=0 snr=0
[2026-09-02T18:41:33.874+00:00][A] [INFO] TEST_DATA_QUEUED dst=0x02 seq=776 remaining=24
[2026-09-02T18:41:33.875+00:00][A] [ERROR] TX_FAILED
[2026-09-02T18:41:33.928+00:00][B] [INFO] [RF TX] type=3 source=0x02 destination=0x01 previousHop=0x02 sequence=411 ackSequence=760 ttl=8 hops=0 payloadSize=2 rssi=0 snr
[2026-09-02T18:41:33.937+00:00][A] [INFO] [RF TX] type=1 source=0x01 destination=0x02 previousHop=0x01 sequence=762 ackSequence=0 ttl=8 hops=0 payloadSize=4 rssi=0 snr=0
[2026-09-02T18:41:33.937+00:00][A] [INFO] TEST_DATA_QUEUED dst=0x02 seq=778 remaining=23
[2026-09-02T18:41:33.938+00:00][A] [ERROR] TX_FAILED
[2026-09-02T18:41:33.997+00:00][B] [INFO] [RF RX] type=1 source=0x01 destination=0x02 previousHop=0x01 sequence=764 ackSequence=0 ttl=8 hops=0 payloadSize=4 rssi=-61 snr
[2026-09-02T18:41:34.000+00:00][A] [INFO] [RF TX] type=1 source=0x01 destination=0x02 previousHop=0x01 sequence=764 ackSequence=0 ttl=8 hops=0 payloadSize=4 rssi=0 snr=0
[2026-09-02T18:41:34.001+00:00][A] [INFO] TEST_DATA_QUEUED dst=0x02 seq=780 remaining=22
[2026-09-02T18:41:34.002+00:00][A] [ERROR] TX_FAILED
[2026-09-02T18:41:34.054+00:00][B] [INFO] [RF TX] type=3 source=0x02 destination=0x01 previousHop=0x02 sequence=412 ackSequence=764 ttl=8 hops=0 payloadSize=2 rssi=0 snr
[2026-09-02T18:41:34.063+00:00][A] [INFO] [RF TX] type=1 source=0x01 destination=0x02 previousHop=0x01 sequence=766 ackSequence=0 ttl=8 hops=0 payloadSize=4 rssi=0 snr=0
[2026-09-02T18:41:34.064+00:00][A] [INFO] TEST_DATA_QUEUED dst=0x02 seq=782 remaining=21
[2026-09-02T18:41:34.065+00:00][A] [ERROR] TX_FAILED
[2026-09-02T18:41:34.123+00:00][B] [INFO] [RF RX] type=1 source=0x01 destination=0x02 previousHop=0x01 sequence=768 ackSequence=0 ttl=8 hops=0 payloadSize=4 rssi=-61 snr
[2026-09-02T18:41:34.126+00:00][A] [INFO] [RF TX] type=1 source=0x01 destination=0x02 previousHop=0x01 sequence=768 ackSequence=0 ttl=8 hops=0 payloadSize=4 rssi=0 snr=0
[2026-09-02T18:41:34.127+00:00][A] [INFO] TEST_DATA_QUEUED dst=0x02 seq=784 remaining=20
[2026-09-02T18:41:34.181+00:00][B] [INFO] [RF TX] type=3 source=0x02 destination=0x01 previousHop=0x02 sequence=413 ackSequence=768 ttl=8 hops=0 payloadSize=2 rssi=0 snr
[2026-09-02T18:41:34.189+00:00][A] [INFO] [RF TX] type=1 source=0x01 destination=0x02 previousHop=0x01 sequence=770 ackSequence=0 ttl=8 hops=0 payloadSize=4 rssi=0 snr=0
[2026-09-02T18:41:34.190+00:00][A] [INFO] TEST_DATA_QUEUED dst=0x02 seq=786 remaining=19
[2026-09-02T18:41:34.191+00:00][A] [ERROR] TX_FAILED
[2026-09-02T18:41:34.249+00:00][B] [INFO] [RF RX] type=1 source=0x01 destination=0x02 previousHop=0x01 sequence=772 ackSequence=0 ttl=8 hops=0 payloadSize=4 rssi=-61 snr
[2026-09-02T18:41:34.252+00:00][A] [INFO] [RF TX] type=1 source=0x01 destination=0x02 previousHop=0x01 sequence=772 ackSequence=0 ttl=8 hops=0 payloadSize=4 rssi=0 snr=0
[2026-09-02T18:41:34.253+00:00][A] [INFO] TEST_DATA_QUEUED dst=0x02 seq=788 remaining=18
[2026-09-02T18:41:34.307+00:00][B] [INFO] [RF TX] type=3 source=0x02 destination=0x01 previousHop=0x02 sequence=414 ackSequence=772 ttl=8 hops=0 payloadSize=2 rssi=0 snr
[2026-09-02T18:41:34.315+00:00][A] [INFO] [RF TX] type=1 source=0x01 destination=0x02 previousHop=0x01 sequence=774 ackSequence=0 ttl=8 hops=0 payloadSize=4 rssi=0 snr=0
[2026-09-02T18:41:34.316+00:00][A] [INFO] TEST_DATA_QUEUED dst=0x02 seq=790 remaining=17
[2026-09-02T18:41:34.376+00:00][B] [INFO] [RF RX] type=1 source=0x01 destination=0x02 previousHop=0x01 sequence=776 ackSequence=0 ttl=8 hops=0 payloadSize=4 rssi=-63 snr
[2026-09-02T18:41:34.378+00:00][A] [INFO] [RF TX] type=1 source=0x01 destination=0x02 previousHop=0x01 sequence=776 ackSequence=0 ttl=8 hops=0 payloadSize=4 rssi=0 snr=0
[2026-09-02T18:41:34.379+00:00][A] [INFO] TEST_DATA_QUEUED dst=0x02 seq=792 remaining=16
[2026-09-02T18:41:34.433+00:00][B] [INFO] [RF TX] type=3 source=0x02 destination=0x01 previousHop=0x02 sequence=415 ackSequence=776 ttl=8 hops=0 payloadSize=2 rssi=0 snr
[2026-09-02T18:41:34.442+00:00][A] [INFO] [RF TX] type=1 source=0x01 destination=0x02 previousHop=0x01 sequence=778 ackSequence=0 ttl=8 hops=0 payloadSize=4 rssi=0 snr=0
[2026-09-02T18:41:34.442+00:00][A] [INFO] TEST_DATA_QUEUED dst=0x02 seq=794 remaining=15
[2026-09-02T18:41:34.501+00:00][B] [INFO] [RF RX] type=1 source=0x01 destination=0x02 previousHop=0x01 sequence=780 ackSequence=0 ttl=8 hops=0 payloadSize=4 rssi=-63 snr
[2026-09-02T18:41:34.505+00:00][A] [INFO] [RF TX] type=1 source=0x01 destination=0x02 previousHop=0x01 sequence=780 ackSequence=0 ttl=8 hops=0 payloadSize=4 rssi=0 snr=0
[2026-09-02T18:41:34.505+00:00][A] [INFO] TEST_DATA_QUEUED dst=0x02 seq=796 remaining=14
[2026-09-02T18:41:34.510+00:00][A] [ERROR] FAILED (No ACK after 3 retries)
[2026-09-02T18:41:34.515+00:00][A] [INFO] Stats: Sent=436 | ACK=0 | Retries=230 | Timeouts=4 | Success=0.0%
[2026-09-02T18:41:34.559+00:00][B] [INFO] [RF TX] type=3 source=0x02 destination=0x01 previousHop=0x02 sequence=416 ackSequence=780 ttl=8 hops=0 payloadSize=2 rssi=0 snr
[2026-09-02T18:41:34.578+00:00][A] [INFO] [RF TX] type=1 source=0x01 destination=0x02 previousHop=0x01 sequence=782 ackSequence=0 ttl=8 hops=0 payloadSize=4 rssi=0 snr=0
[2026-09-02T18:41:34.579+00:00][A] [INFO] TEST_DATA_QUEUED dst=0x02 seq=798 remaining=13
[2026-09-02T18:41:34.639+00:00][B] [INFO] [RF RX] type=1 source=0x01 destination=0x02 previousHop=0x01 sequence=784 ackSequence=0 ttl=8 hops=0 payloadSize=4 rssi=-62 snr
[2026-09-02T18:41:34.640+00:00][B] [WARN] Retry 1
[2026-09-02T18:41:34.641+00:00][A] [INFO] [RF TX] type=1 source=0x01 destination=0x02 previousHop=0x01 sequence=784 ackSequence=0 ttl=8 hops=0 payloadSize=4 rssi=0 snr=0
[2026-09-02T18:41:34.642+00:00][A] [INFO] TEST_DATA_QUEUED dst=0x02 seq=800 remaining=12
[2026-09-02T18:41:34.643+00:00][A] [ERROR] TX_FAILED
[2026-09-02T18:41:34.696+00:00][B] [INFO] [RF TX] type=3 source=0x02 destination=0x01 previousHop=0x02 sequence=417 ackSequence=784 ttl=8 hops=0 payloadSize=2 rssi=0 snr
[2026-09-02T18:41:34.705+00:00][A] [INFO] [RF TX] type=1 source=0x01 destination=0x02 previousHop=0x01 sequence=786 ackSequence=0 ttl=8 hops=0 payloadSize=4 rssi=0 snr=0
[2026-09-02T18:41:34.705+00:00][A] [INFO] TEST_DATA_QUEUED dst=0x02 seq=802 remaining=11
[2026-09-02T18:41:34.764+00:00][B] [INFO] --------------------------------
[2026-09-02T18:41:34.764+00:00][B] [INFO] [HEARTBEAT TX]
[2026-09-02T18:41:34.767+00:00][A] [INFO] [RF TX] type=1 source=0x01 destination=0x02 previousHop=0x01 sequence=788 ackSequence=0 ttl=8 hops=0 payloadSize=4 rssi=0 snr=0
[2026-09-02T18:41:34.768+00:00][B] [INFO] Node ID: 2
[2026-09-02T18:41:34.769+00:00][B] [INFO] type: 2
[2026-09-02T18:41:34.770+00:00][B] [INFO] Destination: 0xFF
[2026-09-02T18:41:34.770+00:00][A] [INFO] TEST_DATA_QUEUED dst=0x02 seq=804 remaining=10
[2026-09-02T18:41:34.774+00:00][B] [INFO] Sequence: 409
[2026-09-02T18:41:34.774+00:00][B] [INFO] Packet ID: 208
[2026-09-02T18:41:34.779+00:00][B] [INFO] Packet Size: 26
[2026-09-02T18:41:34.780+00:00][B] [INFO] Timestamp: 208 ms
[2026-09-02T18:41:34.785+00:00][B] [INFO] Transmission Result: success
[2026-09-02T18:41:34.785+00:00][B] [INFO] --------------------------------
[2026-09-02T18:41:34.790+00:00][B] [INFO] [Heartbeat #208]
[2026-09-02T18:41:34.791+00:00][B] [INFO] Sent
[2026-09-02T18:41:34.791+00:00][B] [INFO] Waiting ACK...
[2026-09-02T18:41:34.791+00:00][B] [INFO] [WAITING ACK]
[2026-09-02T18:41:34.805+00:00][B] [INFO] [RF TX] type=2 source=0x02 destination=0xFF previousHop=0x02 sequence=409 ackSequence=0 ttl=8 hops=0 payloadSize=13 rssi=0 snr=
[2026-09-02T18:41:34.806+00:00][B] [INFO] Heartbeat packet sent
[2026-09-02T18:41:34.830+00:00][A] [INFO] [RF TX] type=1 source=0x01 destination=0x02 previousHop=0x01 sequence=790 ackSequence=0 ttl=8 hops=0 payloadSize=4 rssi=0 snr=0
[2026-09-02T18:41:34.831+00:00][A] [INFO] TEST_DATA_QUEUED dst=0x02 seq=806 remaining=9
[2026-09-02T18:41:34.832+00:00][A] [ERROR] TX_FAILED
[2026-09-02T18:41:34.890+00:00][B] [INFO] [RF RX] type=1 source=0x01 destination=0x02 previousHop=0x01 sequence=792 ackSequence=0 ttl=8 hops=0 payloadSize=4 rssi=-62 snr
[2026-09-02T18:41:34.894+00:00][A] [INFO] [RF TX] type=1 source=0x01 destination=0x02 previousHop=0x01 sequence=792 ackSequence=0 ttl=8 hops=0 payloadSize=4 rssi=0 snr=0
[2026-09-02T18:41:34.894+00:00][A] [INFO] TEST_DATA_QUEUED dst=0x02 seq=808 remaining=8
[2026-09-02T18:41:34.895+00:00][A] [ERROR] TX_FAILED
[2026-09-02T18:41:34.948+00:00][B] [INFO] [RF TX] type=3 source=0x02 destination=0x01 previousHop=0x02 sequence=418 ackSequence=792 ttl=8 hops=0 payloadSize=2 rssi=0 snr
[2026-09-02T18:41:34.957+00:00][A] [INFO] [RF TX] type=1 source=0x01 destination=0x02 previousHop=0x01 sequence=794 ackSequence=0 ttl=8 hops=0 payloadSize=4 rssi=0 snr=0
[2026-09-02T18:41:34.958+00:00][A] [INFO] TEST_DATA_QUEUED dst=0x02 seq=810 remaining=7
[2026-09-02T18:41:34.958+00:00][A] [ERROR] TX_FAILED
[2026-09-02T18:41:35.017+00:00][B] [INFO] [RF RX] type=1 source=0x01 destination=0x02 previousHop=0x01 sequence=796 ackSequence=0 ttl=8 hops=0 payloadSize=4 rssi=-61 snr
[2026-09-02T18:41:35.020+00:00][A] [INFO] [RF TX] type=1 source=0x01 destination=0x02 previousHop=0x01 sequence=796 ackSequence=0 ttl=8 hops=0 payloadSize=4 rssi=0 snr=0
[2026-09-02T18:41:35.021+00:00][A] [INFO] TEST_DATA_QUEUED dst=0x02 seq=812 remaining=6
[2026-09-02T18:41:35.022+00:00][A] [ERROR] TX_FAILED
[2026-09-02T18:41:35.074+00:00][B] [INFO] [RF TX] type=3 source=0x02 destination=0x01 previousHop=0x02 sequence=419 ackSequence=796 ttl=8 hops=0 payloadSize=2 rssi=0 snr
[2026-09-02T18:41:35.083+00:00][A] [INFO] [RF TX] type=1 source=0x01 destination=0x02 previousHop=0x01 sequence=798 ackSequence=0 ttl=8 hops=0 payloadSize=4 rssi=0 snr=0
[2026-09-02T18:41:35.084+00:00][A] [INFO] TEST_DATA_QUEUED dst=0x02 seq=814 remaining=5
[2026-09-02T18:41:35.085+00:00][A] [ERROR] TX_FAILED
[2026-09-02T18:41:35.143+00:00][B] [INFO] [RF RX] type=1 source=0x01 destination=0x02 previousHop=0x01 sequence=800 ackSequence=0 ttl=8 hops=0 payloadSize=4 rssi=-61 snr
[2026-09-02T18:41:35.146+00:00][A] [INFO] [RF TX] type=1 source=0x01 destination=0x02 previousHop=0x01 sequence=800 ackSequence=0 ttl=8 hops=0 payloadSize=4 rssi=0 snr=0
[2026-09-02T18:41:35.147+00:00][A] [INFO] TEST_DATA_QUEUED dst=0x02 seq=816 remaining=4
[2026-09-02T18:41:35.148+00:00][A] [ERROR] TX_FAILED
[2026-09-02T18:41:35.201+00:00][B] [INFO] [RF TX] type=3 source=0x02 destination=0x01 previousHop=0x02 sequence=420 ackSequence=800 ttl=8 hops=0 payloadSize=2 rssi=0 snr
[2026-09-02T18:41:35.209+00:00][A] [INFO] [RF TX] type=1 source=0x01 destination=0x02 previousHop=0x01 sequence=802 ackSequence=0 ttl=8 hops=0 payloadSize=4 rssi=0 snr=0
[2026-09-02T18:41:35.210+00:00][A] [INFO] TEST_DATA_QUEUED dst=0x02 seq=818 remaining=3
[2026-09-02T18:41:35.269+00:00][B] [INFO] [RF RX] type=1 source=0x01 destination=0x02 previousHop=0x01 sequence=804 ackSequence=0 ttl=8 hops=0 payloadSize=4 rssi=-62 snr
[2026-09-02T18:41:35.273+00:00][A] [INFO] [RF TX] type=1 source=0x01 destination=0x02 previousHop=0x01 sequence=804 ackSequence=0 ttl=8 hops=0 payloadSize=4 rssi=0 snr=0
[2026-09-02T18:41:35.273+00:00][A] [INFO] TEST_DATA_QUEUED dst=0x02 seq=820 remaining=2
[2026-09-02T18:41:35.274+00:00][A] [ERROR] TX_FAILED
[2026-09-02T18:41:35.327+00:00][B] [INFO] [RF TX] type=3 source=0x02 destination=0x01 previousHop=0x02 sequence=421 ackSequence=804 ttl=8 hops=0 payloadSize=2 rssi=0 snr
[2026-09-02T18:41:35.336+00:00][A] [INFO] [RF TX] type=1 source=0x01 destination=0x02 previousHop=0x01 sequence=806 ackSequence=0 ttl=8 hops=0 payloadSize=4 rssi=0 snr=0
[2026-09-02T18:41:35.337+00:00][A] [INFO] TEST_DATA_QUEUED dst=0x02 seq=822 remaining=1
[2026-09-02T18:41:35.395+00:00][B] [INFO] [RF RX] type=1 source=0x01 destination=0x02 previousHop=0x01 sequence=808 ackSequence=0 ttl=8 hops=0 payloadSize=4 rssi=-61 snr
[2026-09-02T18:41:35.399+00:00][A] [INFO] [RF TX] type=1 source=0x01 destination=0x02 previousHop=0x01 sequence=808 ackSequence=0 ttl=8 hops=0 payloadSize=4 rssi=0 snr=0
[2026-09-02T18:41:35.399+00:00][A] [INFO] TEST_DATA_QUEUED dst=0x02 seq=824 remaining=0
[2026-09-02T18:41:35.453+00:00][B] [INFO] [RF TX] type=3 source=0x02 destination=0x01 previousHop=0x02 sequence=422 ackSequence=808 ttl=8 hops=0 payloadSize=2 rssi=0 snr
[2026-09-02T18:41:35.457+00:00][A] [INFO] [RF TX] type=1 source=0x01 destination=0x02 previousHop=0x01 sequence=810 ackSequence=0 ttl=8 hops=0 payloadSize=4 rssi=0 snr=0
[2026-09-02T18:41:35.520+00:00][A] [INFO] [RF TX] type=1 source=0x01 destination=0x02 previousHop=0x01 sequence=812 ackSequence=0 ttl=8 hops=0 payloadSize=4 rssi=0 snr=0
[2026-09-02T18:41:35.522+00:00][B] [INFO] [RF RX] type=1 source=0x01 destination=0x02 previousHop=0x01 sequence=812 ackSequence=0 ttl=8 hops=0 payloadSize=4 rssi=-62 snr
[2026-09-02T18:41:35.580+00:00][B] [INFO] [RF TX] type=3 source=0x02 destination=0x01 previousHop=0x02 sequence=423 ackSequence=812 ttl=8 hops=0 payloadSize=2 rssi=0 snr
[2026-09-02T18:41:35.583+00:00][A] [INFO] [RF TX] type=1 source=0x01 destination=0x02 previousHop=0x01 sequence=814 ackSequence=0 ttl=8 hops=0 payloadSize=4 rssi=0 snr=0
[2026-09-02T18:41:35.646+00:00][A] [INFO] [RF TX] type=1 source=0x01 destination=0x02 previousHop=0x01 sequence=816 ackSequence=0 ttl=8 hops=0 payloadSize=4 rssi=0 snr=0
[2026-09-02T18:41:35.647+00:00][B] [INFO] --------------------------------
[2026-09-02T18:41:35.647+00:00][B] [INFO] [HEARTBEAT TX]
[2026-09-02T18:41:35.652+00:00][B] [INFO] Node ID: 2
[2026-09-02T18:41:35.652+00:00][B] [INFO] type: 2
[2026-09-02T18:41:35.652+00:00][B] [INFO] Destination: 0xFF
[2026-09-02T18:41:35.658+00:00][B] [INFO] Sequence: 424
[2026-09-02T18:41:35.658+00:00][B] [INFO] Packet ID: 209
[2026-09-02T18:41:35.663+00:00][B] [INFO] Packet Size: 26
[2026-09-02T18:41:35.663+00:00][B] [INFO] Timestamp: 209 ms
[2026-09-02T18:41:35.668+00:00][B] [INFO] Transmission Result: success
[2026-09-02T18:41:35.669+00:00][B] [INFO] --------------------------------
[2026-09-02T18:41:35.674+00:00][B] [INFO] [Heartbeat #209]
[2026-09-02T18:41:35.674+00:00][B] [INFO] Sent
[2026-09-02T18:41:35.675+00:00][B] [INFO] Waiting ACK...
[2026-09-02T18:41:35.675+00:00][B] [INFO] [WAITING ACK]
[2026-09-02T18:41:35.688+00:00][B] [INFO] [RF TX] type=2 source=0x02 destination=0xFF previousHop=0x02 sequence=424 ackSequence=0 ttl=8 hops=0 payloadSize=13 rssi=0 snr=
[2026-09-02T18:41:35.689+00:00][B] [INFO] Heartbeat packet sent
[2026-09-02T18:41:35.711+00:00][A] [INFO] [RF TX] type=1 source=0x01 destination=0x02 previousHop=0x01 sequence=818 ackSequence=0 ttl=8 hops=0 payloadSize=4 rssi=0 snr=0
[2026-09-02T18:41:35.711+00:00][A] [WARN] TX_RETRY seq=786
[2026-09-02T18:41:35.771+00:00][A] [INFO] [RF TX] type=1 source=0x01 destination=0x02 previousHop=0x01 sequence=820 ackSequence=0 ttl=8 hops=0 payloadSize=4 rssi=0 snr=0
[2026-09-02T18:41:35.773+00:00][B] [INFO] [RF RX] type=1 source=0x01 destination=0x02 previousHop=0x01 sequence=820 ackSequence=0 ttl=8 hops=0 payloadSize=4 rssi=-62 snr
[2026-09-02T18:41:35.831+00:00][B] [INFO] [RF TX] type=3 source=0x02 destination=0x01 previousHop=0x02 sequence=425 ackSequence=820 ttl=8 hops=0 payloadSize=2 rssi=0 snr
[2026-09-02T18:41:35.834+00:00][A] [INFO] [RF TX] type=1 source=0x01 destination=0x02 previousHop=0x01 sequence=822 ackSequence=0 ttl=8 hops=0 payloadSize=4 rssi=0 snr=0
[2026-09-02T18:41:35.899+00:00][B] [INFO] [RF RX] type=1 source=0x01 destination=0x02 previousHop=0x01 sequence=824 ackSequence=0 ttl=8 hops=0 payloadSize=4 rssi=-62 snr
[2026-09-02T18:41:35.899+00:00][A] [INFO] [RF TX] type=1 source=0x01 destination=0x02 previousHop=0x01 sequence=824 ackSequence=0 ttl=8 hops=0 payloadSize=4 rssi=0 snr=0
[2026-09-02T18:41:35.899+00:00][A] [WARN] TX_RETRY seq=792
[2026-09-02T18:41:35.956+00:00][B] [INFO] [RF TX] type=3 source=0x02 destination=0x01 previousHop=0x02 sequence=426 ackSequence=824 ttl=8 hops=0 payloadSize=2 rssi=0 snr
[2026-09-02T18:41:35.964+00:00][A] [INFO] --------------------------------
[2026-09-02T18:41:35.965+00:00][A] [INFO] [HEARTBEAT TX]
[2026-09-02T18:41:35.969+00:00][A] [INFO] Node ID: 1
[2026-09-02T18:41:35.970+00:00][A] [INFO] type: 2
[2026-09-02T18:41:35.971+00:00][A] [INFO] Destination: 0xFF
[2026-09-02T18:41:35.975+00:00][A] [INFO] Sequence: 826
[2026-09-02T18:41:35.975+00:00][A] [INFO] Packet ID: 425
[2026-09-02T18:41:35.980+00:00][A] [INFO] Packet Size: 26
[2026-09-02T18:41:35.981+00:00][A] [INFO] Timestamp: 425 ms
[2026-09-02T18:41:35.986+00:00][A] [INFO] Transmission Result: success
[2026-09-02T18:41:35.986+00:00][A] [INFO] --------------------------------
[2026-09-02T18:41:35.991+00:00][A] [INFO] [Heartbeat #425]
[2026-09-02T18:41:35.992+00:00][A] [INFO] Sent
[2026-09-02T18:41:35.992+00:00][A] [INFO] Waiting ACK...
[2026-09-02T18:41:35.992+00:00][A] [INFO] [WAITING ACK]
[2026-09-02T18:41:36.008+00:00][A] [INFO] [RF TX] type=2 source=0x01 destination=0xFF previousHop=0x01 sequence=826 ackSequence=0 ttl=8 hops=0 payloadSize=13 rssi=0 snr=
[2026-09-02T18:41:36.008+00:00][A] [INFO] Heartbeat packet sent
[2026-09-02T18:41:36.009+00:00][A] [WARN] TX_RETRY seq=794
[2026-09-02T18:41:36.066+00:00][B] [INFO] [RF RX] type=1 source=0x01 destination=0x02 previousHop=0x01 sequence=786 ackSequence=0 ttl=8 hops=0 payloadSize=4 rssi=-61 snr
[2026-09-02T18:41:36.067+00:00][A] [INFO] [RF TX] type=1 source=0x01 destination=0x02 previousHop=0x01 sequence=786 ackSequence=0 ttl=8 hops=0 payloadSize=4 rssi=0 snr=0
[2026-09-02T18:41:36.067+00:00][A] [WARN] TX_RETRY seq=796
[2026-09-02T18:41:36.124+00:00][B] [INFO] [RF TX] type=3 source=0x02 destination=0x01 previousHop=0x02 sequence=427 ackSequence=786 ttl=8 hops=0 payloadSize=2 rssi=0 snr
[2026-09-02T18:41:36.130+00:00][A] [INFO] [RF TX] type=1 source=0x01 destination=0x02 previousHop=0x01 sequence=792 ackSequence=0 ttl=8 hops=0 payloadSize=4 rssi=0 snr=0
[2026-09-02T18:41:36.131+00:00][A] [WARN] TX_RETRY seq=798
[2026-09-02T18:41:36.192+00:00][B] [INFO] [RF RX] type=1 source=0x01 destination=0x02 previousHop=0x01 sequence=794 ackSequence=0 ttl=8 hops=0 payloadSize=4 rssi=-61 snr
[2026-09-02T18:41:36.193+00:00][A] [INFO] [RF TX] type=1 source=0x01 destination=0x02 previousHop=0x01 sequence=794 ackSequence=0 ttl=8 hops=0 payloadSize=4 rssi=0 snr=0
[2026-09-02T18:41:36.193+00:00][A] [WARN] TX_RETRY seq=800
[2026-09-02T18:41:36.250+00:00][B] [INFO] [RF TX] type=3 source=0x02 destination=0x01 previousHop=0x02 sequence=428 ackSequence=794 ttl=8 hops=0 payloadSize=2 rssi=0 snr
[2026-09-02T18:41:36.255+00:00][A] [INFO] [RF TX] type=1 source=0x01 destination=0x02 previousHop=0x01 sequence=796 ackSequence=0 ttl=8 hops=0 payloadSize=4 rssi=0 snr=0
[2026-09-02T18:41:36.256+00:00][A] [WARN] TX_RETRY seq=802
[2026-09-02T18:41:36.316+00:00][A] [INFO] [RF TX] type=1 source=0x01 destination=0x02 previousHop=0x01 sequence=798 ackSequence=0 ttl=8 hops=0 payloadSize=4 rssi=0 snr=0
[2026-09-02T18:41:36.318+00:00][B] [INFO] [RF RX] type=1 source=0x01 destination=0x02 previousHop=0x01 sequence=798 ackSequence=0 ttl=8 hops=0 payloadSize=4 rssi=-61 snr
[2026-09-02T18:41:36.376+00:00][B] [INFO] [RF TX] type=3 source=0x02 destination=0x01 previousHop=0x02 sequence=429 ackSequence=798 ttl=8 hops=0 payloadSize=2 rssi=0 snr
[2026-09-02T18:41:36.381+00:00][A] [INFO] [RF TX] type=1 source=0x01 destination=0x02 previousHop=0x01 sequence=800 ackSequence=0 ttl=8 hops=0 payloadSize=4 rssi=0 snr=0
[2026-09-02T18:41:36.381+00:00][A] [WARN] TX_RETRY seq=806
[2026-09-02T18:41:36.442+00:00][A] [INFO] [RF TX] type=1 source=0x01 destination=0x02 previousHop=0x01 sequence=802 ackSequence=0 ttl=8 hops=0 payloadSize=4 rssi=0 snr=0
[2026-09-02T18:41:36.444+00:00][B] [INFO] [RF RX] type=1 source=0x01 destination=0x02 previousHop=0x01 sequence=802 ackSequence=0 ttl=8 hops=0 payloadSize=4 rssi=-62 snr
[2026-09-02T18:41:36.501+00:00][B] [INFO] [RF TX] type=3 source=0x02 destination=0x01 previousHop=0x02 sequence=430 ackSequence=802 ttl=8 hops=0 payloadSize=2 rssi=0 snr
[2026-09-02T18:41:36.505+00:00][A] [INFO] [RF TX] type=1 source=0x01 destination=0x02 previousHop=0x01 sequence=806 ackSequence=0 ttl=8 hops=0 payloadSize=4 rssi=0 snr=0
[2026-09-02T18:41:36.664+00:00][B] [WARN] Retry 1
[2026-09-02T18:41:36.730+00:00][B] [INFO] --------------------------------
[2026-09-02T18:41:36.731+00:00][B] [INFO] [HEARTBEAT TX]
[2026-09-02T18:41:36.735+00:00][B] [INFO] Node ID: 2
[2026-09-02T18:41:36.736+00:00][B] [INFO] type: 2
[2026-09-02T18:41:36.736+00:00][B] [INFO] Destination: 0xFF
[2026-09-02T18:41:36.738+00:00][A] [INFO] [RF RX] type=2 source=0x02 destination=0xFF previousHop=0x02 sequence=424 ackSequence=0 ttl=8 hops=0 payloadSize=13 rssi=-60 sn
[2026-09-02T18:41:36.741+00:00][B] [INFO] Sequence: 424
[2026-09-02T18:41:36.741+00:00][B] [INFO] Packet ID: 209
[2026-09-02T18:41:36.747+00:00][B] [INFO] Packet Size: 26
[2026-09-02T18:41:36.747+00:00][B] [INFO] Timestamp: 209 ms
[2026-09-02T18:41:36.752+00:00][B] [INFO] Transmission Result: success
[2026-09-02T18:41:36.753+00:00][B] [INFO] --------------------------------
[2026-09-02T18:41:36.757+00:00][B] [INFO] [Heartbeat #209]
[2026-09-02T18:41:36.758+00:00][B] [INFO] Sent
[2026-09-02T18:41:36.758+00:00][B] [INFO] Waiting ACK...
[2026-09-02T18:41:36.758+00:00][B] [INFO] [WAITING ACK]
[2026-09-02T18:41:36.772+00:00][B] [INFO] [RF TX] type=2 source=0x02 destination=0xFF previousHop=0x02 sequence=424 ackSequence=0 ttl=8 hops=0 payloadSize=13 rssi=0 snr=
[2026-09-02T18:41:36.772+00:00][B] [INFO] Heartbeat packet sent
[2026-09-02T18:41:36.980+00:00][A] [WARN] Retry 1
[2026-09-02T18:41:37.047+00:00][A] [INFO] --------------------------------
[2026-09-02T18:41:37.048+00:00][A] [INFO] [HEARTBEAT TX]
[2026-09-02T18:41:37.053+00:00][A] [INFO] Node ID: 1
[2026-09-02T18:41:37.053+00:00][A] [INFO] type: 2
[2026-09-02T18:41:37.054+00:00][A] [INFO] Destination: 0xFF
[2026-09-02T18:41:37.055+00:00][B] [INFO] [RF RX] type=2 source=0x01 destination=0xFF previousHop=0x01 sequence=826 ackSequence=0 ttl=8 hops=0 payloadSize=13 rssi=-61 sn
[2026-09-02T18:41:37.058+00:00][A] [INFO] Sequence: 826
[2026-09-02T18:41:37.058+00:00][A] [INFO] Packet ID: 425
[2026-09-02T18:41:37.063+00:00][A] [INFO] Packet Size: 26
[2026-09-02T18:41:37.064+00:00][A] [INFO] Timestamp: 425 ms
[2026-09-02T18:41:37.069+00:00][A] [INFO] Transmission Result: success
[2026-09-02T18:41:37.070+00:00][A] [INFO] --------------------------------
[2026-09-02T18:41:37.075+00:00][A] [INFO] [Heartbeat #425]
[2026-09-02T18:41:37.075+00:00][A] [INFO] Sent
[2026-09-02T18:41:37.075+00:00][A] [INFO] Waiting ACK...
[2026-09-02T18:41:37.076+00:00][A] [INFO] [WAITING ACK]
[2026-09-02T18:41:37.091+00:00][A] [INFO] [RF TX] type=2 source=0x01 destination=0xFF previousHop=0x01 sequence=826 ackSequence=0 ttl=8 hops=0 payloadSize=13 rssi=0 snr=
[2026-09-02T18:41:37.092+00:00][A] [INFO] Heartbeat packet sent
[2026-09-02T18:41:37.092+00:00][A] [WARN] TX_RETRY seq=786
[2026-09-02T18:41:37.150+00:00][A] [INFO] [RF TX] type=1 source=0x01 destination=0x02 previousHop=0x01 sequence=786 ackSequence=0 ttl=8 hops=0 payloadSize=4 rssi=0 snr=0
[2026-09-02T18:41:37.151+00:00][A] [WARN] TX_RETRY seq=792
[2026-09-02T18:41:37.198+00:00][B] [INFO] [RF TX] type=3 source=0x02 destination=0x01 previousHop=0x02 sequence=431 ackSequence=786 ttl=8 hops=0 payloadSize=2 rssi=0 snr
[2026-09-02T18:41:37.213+00:00][A] [INFO] [RF TX] type=1 source=0x01 destination=0x02 previousHop=0x01 sequence=792 ackSequence=0 ttl=8 hops=0 payloadSize=4 rssi=0 snr=0
[2026-09-02T18:41:37.214+00:00][A] [WARN] TX_RETRY seq=794
[2026-09-02T18:41:37.276+00:00][A] [INFO] [RF TX] type=1 source=0x01 destination=0x02 previousHop=0x01 sequence=794 ackSequence=0 ttl=8 hops=0 payloadSize=4 rssi=0 snr=0
[2026-09-02T18:41:37.276+00:00][A] [WARN] TX_RETRY seq=796
[2026-09-02T18:41:37.322+00:00][B] [INFO] [RF TX] type=3 source=0x02 destination=0x01 previousHop=0x02 sequence=432 ackSequence=794 ttl=8 hops=0 payloadSize=2 rssi=0 snr
[2026-09-02T18:41:37.339+00:00][A] [INFO] [RF TX] type=1 source=0x01 destination=0x02 previousHop=0x01 sequence=796 ackSequence=0 ttl=8 hops=0 payloadSize=4 rssi=0 snr=0
[2026-09-02T18:41:37.339+00:00][A] [WARN] TX_RETRY seq=798
[2026-09-02T18:41:37.402+00:00][A] [INFO] [RF TX] type=1 source=0x01 destination=0x02 previousHop=0x01 sequence=798 ackSequence=0 ttl=8 hops=0 payloadSize=4 rssi=0 snr=0
[2026-09-02T18:41:37.402+00:00][A] [WARN] TX_RETRY seq=800
[2026-09-02T18:41:37.448+00:00][B] [INFO] [RF TX] type=3 source=0x02 destination=0x01 previousHop=0x02 sequence=433 ackSequence=798 ttl=8 hops=0 payloadSize=2 rssi=0 snr
[2026-09-02T18:41:37.464+00:00][A] [INFO] [RF TX] type=1 source=0x01 destination=0x02 previousHop=0x01 sequence=800 ackSequence=0 ttl=8 hops=0 payloadSize=4 rssi=0 snr=0
[2026-09-02T18:41:37.465+00:00][A] [WARN] TX_RETRY seq=802
[2026-09-02T18:41:37.527+00:00][A] [INFO] [RF TX] type=1 source=0x01 destination=0x02 previousHop=0x01 sequence=802 ackSequence=0 ttl=8 hops=0 payloadSize=4 rssi=0 snr=0
[2026-09-02T18:41:37.528+00:00][A] [WARN] TX_RETRY seq=806
[2026-09-02T18:41:37.574+00:00][B] [INFO] [RF TX] type=3 source=0x02 destination=0x01 previousHop=0x02 sequence=434 ackSequence=802 ttl=8 hops=0 payloadSize=2 rssi=0 snr
[2026-09-02T18:41:37.593+00:00][A] [INFO] --------------------------------
[2026-09-02T18:41:37.593+00:00][A] [INFO] [HEARTBEAT TX]
[2026-09-02T18:41:37.598+00:00][A] [INFO] Node ID: 1
[2026-09-02T18:41:37.598+00:00][A] [INFO] type: 2
[2026-09-02T18:41:37.599+00:00][A] [INFO] Destination: 0xFF
[2026-09-02T18:41:37.603+00:00][A] [INFO] Sequence: 827
[2026-09-02T18:41:37.604+00:00][A] [INFO] Packet ID: 426
[2026-09-02T18:41:37.609+00:00][A] [INFO] Packet Size: 26
[2026-09-02T18:41:37.609+00:00][A] [INFO] Timestamp: 426 ms
[2026-09-02T18:41:37.614+00:00][A] [INFO] Transmission Result: success
[2026-09-02T18:41:37.615+00:00][A] [INFO] --------------------------------
[2026-09-02T18:41:37.621+00:00][A] [INFO] [Heartbeat #426]
[2026-09-02T18:41:37.621+00:00][A] [INFO] Sent
[2026-09-02T18:41:37.622+00:00][A] [INFO] Waiting ACK...
[2026-09-02T18:41:37.622+00:00][A] [INFO] [WAITING ACK]
[2026-09-02T18:41:37.634+00:00][A] [INFO] [RF TX] type=2 source=0x01 destination=0xFF previousHop=0x01 sequence=827 ackSequence=0 ttl=8 hops=0 payloadSize=13 rssi=0 snr=
[2026-09-02T18:41:37.635+00:00][A] [INFO] Heartbeat packet sent
[2026-09-02T18:41:37.646+00:00][B] [INFO] --------------------------------
[2026-09-02T18:41:37.646+00:00][B] [INFO] [HEARTBEAT TX]
[2026-09-02T18:41:37.651+00:00][B] [INFO] Node ID: 2
[2026-09-02T18:41:37.651+00:00][B] [INFO] type: 2
[2026-09-02T18:41:37.652+00:00][B] [INFO] Destination: 0xFF
[2026-09-02T18:41:37.657+00:00][B] [INFO] Sequence: 435
[2026-09-02T18:41:37.657+00:00][B] [INFO] Packet ID: 210
[2026-09-02T18:41:37.662+00:00][B] [INFO] Packet Size: 26
[2026-09-02T18:41:37.663+00:00][B] [INFO] Timestamp: 210 ms
[2026-09-02T18:41:37.668+00:00][B] [INFO] Transmission Result: success
[2026-09-02T18:41:37.668+00:00][B] [INFO] --------------------------------
[2026-09-02T18:41:37.673+00:00][B] [INFO] [Heartbeat #210]
[2026-09-02T18:41:37.674+00:00][B] [INFO] Sent
[2026-09-02T18:41:37.674+00:00][B] [INFO] Waiting ACK...
[2026-09-02T18:41:37.674+00:00][B] [INFO] [WAITING ACK]
[2026-09-02T18:41:37.688+00:00][B] [INFO] [RF TX] type=2 source=0x02 destination=0xFF previousHop=0x02 sequence=435 ackSequence=0 ttl=8 hops=0 payloadSize=13 rssi=0 snr=
[2026-09-02T18:41:37.688+00:00][B] [INFO] Heartbeat packet sent
[2026-09-02T18:41:37.695+00:00][A] [INFO] [RF TX] type=1 source=0x01 destination=0x02 previousHop=0x01 sequence=806 ackSequence=0 ttl=8 hops=0 payloadSize=4 rssi=0 snr=0
[2026-09-02T18:41:38.148+00:00][A] [WARN] TX_RETRY seq=786
[2026-09-02T18:41:38.212+00:00][A] [INFO] [RF TX] type=1 source=0x01 destination=0x02 previousHop=0x01 sequence=786 ackSequence=0 ttl=8 hops=0 payloadSize=4 rssi=0 snr=0
[2026-09-02T18:41:38.212+00:00][A] [WARN] TX_RETRY seq=792
[2026-09-02T18:41:38.259+00:00][B] [INFO] [RF TX] type=3 source=0x02 destination=0x01 previousHop=0x02 sequence=436 ackSequence=786 ttl=8 hops=0 payloadSize=2 rssi=0 snr
[2026-09-02T18:41:38.275+00:00][A] [INFO] [RF TX] type=1 source=0x01 destination=0x02 previousHop=0x01 sequence=792 ackSequence=0 ttl=8 hops=0 payloadSize=4 rssi=0 snr=0
[2026-09-02T18:41:38.276+00:00][A] [WARN] TX_RETRY seq=794
[2026-09-02T18:41:38.338+00:00][A] [INFO] [RF TX] type=1 source=0x01 destination=0x02 previousHop=0x01 sequence=794 ackSequence=0 ttl=8 hops=0 payloadSize=4 rssi=0 snr=0
[2026-09-02T18:41:38.338+00:00][A] [WARN] TX_RETRY seq=796
[2026-09-02T18:41:38.385+00:00][B] [INFO] [RF TX] type=3 source=0x02 destination=0x01 previousHop=0x02 sequence=437 ackSequence=794 ttl=8 hops=0 payloadSize=2 rssi=0 snr
[2026-09-02T18:41:38.401+00:00][A] [INFO] [RF TX] type=1 source=0x01 destination=0x02 previousHop=0x01 sequence=796 ackSequence=0 ttl=8 hops=0 payloadSize=4 rssi=0 snr=0
[2026-09-02T18:41:38.402+00:00][A] [WARN] TX_RETRY seq=798
[2026-09-02T18:41:38.464+00:00][A] [INFO] [RF TX] type=1 source=0x01 destination=0x02 previousHop=0x01 sequence=798 ackSequence=0 ttl=8 hops=0 payloadSize=4 rssi=0 snr=0
[2026-09-02T18:41:38.464+00:00][A] [WARN] TX_RETRY seq=800
[2026-09-02T18:41:38.510+00:00][B] [INFO] [RF TX] type=3 source=0x02 destination=0x01 previousHop=0x02 sequence=438 ackSequence=798 ttl=8 hops=0 payloadSize=2 rssi=0 snr
[2026-09-02T18:41:38.527+00:00][A] [INFO] [RF TX] type=1 source=0x01 destination=0x02 previousHop=0x01 sequence=800 ackSequence=0 ttl=8 hops=0 payloadSize=4 rssi=0 snr=0
[2026-09-02T18:41:38.527+00:00][A] [WARN] TX_RETRY seq=802
[2026-09-02T18:41:38.588+00:00][A] [INFO] [RF TX] type=1 source=0x01 destination=0x02 previousHop=0x01 sequence=802 ackSequence=0 ttl=8 hops=0 payloadSize=4 rssi=0 snr=0
[2026-09-02T18:41:38.609+00:00][A] [WARN] Retry 1
[2026-09-02T18:41:38.637+00:00][B] [INFO] [RF TX] type=3 source=0x02 destination=0x01 previousHop=0x02 sequence=439 ackSequence=802 ttl=8 hops=0 payloadSize=2 rssi=0 snr
[2026-09-02T18:41:38.663+00:00][B] [WARN] Retry 1
[2026-09-02T18:41:38.676+00:00][A] [INFO] --------------------------------
[2026-09-02T18:41:38.677+00:00][A] [INFO] [HEARTBEAT TX]
[2026-09-02T18:41:38.681+00:00][A] [INFO] Node ID: 1
[2026-09-02T18:41:38.682+00:00][A] [INFO] type: 2
[2026-09-02T18:41:38.682+00:00][A] [INFO] Destination: 0xFF
[2026-09-02T18:41:38.688+00:00][A] [INFO] Sequence: 827
[2026-09-02T18:41:38.688+00:00][A] [INFO] Packet ID: 426
[2026-09-02T18:41:38.692+00:00][A] [INFO] Packet Size: 26
[2026-09-02T18:41:38.693+00:00][A] [INFO] Timestamp: 426 ms
[2026-09-02T18:41:38.698+00:00][A] [INFO] Transmission Result: success
[2026-09-02T18:41:38.698+00:00][A] [INFO] --------------------------------
[2026-09-02T18:41:38.703+00:00][A] [INFO] [Heartbeat #426]
[2026-09-02T18:41:38.704+00:00][A] [INFO] Sent
[2026-09-02T18:41:38.704+00:00][A] [INFO] Waiting ACK...
[2026-09-02T18:41:38.705+00:00][A] [INFO] [WAITING ACK]
[2026-09-02T18:41:38.720+00:00][A] [INFO] [RF TX] type=2 source=0x01 destination=0xFF previousHop=0x01 sequence=827 ackSequence=0 ttl=8 hops=0 payloadSize=13 rssi=0 snr=
[2026-09-02T18:41:38.720+00:00][A] [INFO] Heartbeat packet sent
[2026-09-02T18:41:38.721+00:00][A] [WARN] TX_RETRY seq=806
[2026-09-02T18:41:38.730+00:00][B] [INFO] --------------------------------
[2026-09-02T18:41:38.730+00:00][B] [INFO] [HEARTBEAT TX]
[2026-09-02T18:41:38.735+00:00][B] [INFO] Node ID: 2
[2026-09-02T18:41:38.736+00:00][B] [INFO] type: 2
[2026-09-02T18:41:38.736+00:00][B] [INFO] Destination: 0xFF
[2026-09-02T18:41:38.741+00:00][B] [INFO] Sequence: 435
[2026-09-02T18:41:38.741+00:00][B] [INFO] Packet ID: 210
[2026-09-02T18:41:38.746+00:00][B] [INFO] Packet Size: 26
[2026-09-02T18:41:38.747+00:00][B] [INFO] Timestamp: 210 ms
[2026-09-02T18:41:38.752+00:00][B] [INFO] Transmission Result: success
[2026-09-02T18:41:38.753+00:00][B] [INFO] --------------------------------
[2026-09-02T18:41:38.757+00:00][B] [INFO] [Heartbeat #210]
[2026-09-02T18:41:38.758+00:00][B] [INFO] Sent
[2026-09-02T18:41:38.758+00:00][B] [INFO] Waiting ACK...
[2026-09-02T18:41:38.758+00:00][B] [INFO] [WAITING ACK]
[2026-09-02T18:41:38.772+00:00][B] [INFO] [RF TX] type=2 source=0x02 destination=0xFF previousHop=0x02 sequence=435 ackSequence=0 ttl=8 hops=0 payloadSize=13 rssi=0 snr=
[2026-09-02T18:41:38.772+00:00][B] [INFO] Heartbeat packet sent
[2026-09-02T18:41:38.777+00:00][A] [INFO] [RF TX] type=1 source=0x01 destination=0x02 previousHop=0x01 sequence=806 ackSequence=0 ttl=8 hops=0 payloadSize=4 rssi=0 snr=0
[2026-09-02T18:41:39.212+00:00][A] [ERROR] TX_FAILED
[2026-09-02T18:41:39.212+00:00][A] [WARN] ACK_FAILED seq=786
[2026-09-02T18:41:39.275+00:00][A] [ERROR] TX_FAILED
[2026-09-02T18:41:39.275+00:00][A] [WARN] ACK_FAILED seq=792
[2026-09-02T18:41:39.338+00:00][A] [ERROR] TX_FAILED
[2026-09-02T18:41:39.338+00:00][A] [WARN] ACK_FAILED seq=794
[2026-09-02T18:41:39.401+00:00][A] [ERROR] TX_FAILED
[2026-09-02T18:41:39.402+00:00][A] [WARN] ACK_FAILED seq=796
[2026-09-02T18:41:39.464+00:00][A] [ERROR] TX_FAILED
[2026-09-02T18:41:39.464+00:00][A] [WARN] ACK_FAILED seq=798
[2026-09-02T18:41:39.529+00:00][A] [INFO] --------------------------------
[2026-09-02T18:41:39.529+00:00][A] [INFO] [HEARTBEAT TX]
[2026-09-02T18:41:39.534+00:00][A] [INFO] Node ID: 1
[2026-09-02T18:41:39.534+00:00][A] [INFO] type: 2
[2026-09-02T18:41:39.535+00:00][A] [INFO] Destination: 0xFF
[2026-09-02T18:41:39.537+00:00][B] [INFO] [RF RX] type=2 source=0x01 destination=0xFF previousHop=0x01 sequence=828 ackSequence=0 ttl=8 hops=0 payloadSize=13 rssi=-62 sn
[2026-09-02T18:41:39.540+00:00][A] [INFO] Sequence: 828
[2026-09-02T18:41:39.540+00:00][A] [INFO] Packet ID: 427
[2026-09-02T18:41:39.545+00:00][A] [INFO] Packet Size: 26
[2026-09-02T18:41:39.546+00:00][A] [INFO] Timestamp: 427 ms
[2026-09-02T18:41:39.551+00:00][A] [INFO] Transmission Result: success
[2026-09-02T18:41:39.551+00:00][A] [INFO] --------------------------------
[2026-09-02T18:41:39.556+00:00][A] [INFO] [Heartbeat #427]
[2026-09-02T18:41:39.557+00:00][A] [INFO] Sent
[2026-09-02T18:41:39.557+00:00][A] [INFO] Waiting ACK...
[2026-09-02T18:41:39.557+00:00][A] [INFO] [WAITING ACK]
[2026-09-02T18:41:39.573+00:00][A] [INFO] [RF TX] type=2 source=0x01 destination=0xFF previousHop=0x01 sequence=828 ackSequence=0 ttl=8 hops=0 payloadSize=13 rssi=0 snr=
[2026-09-02T18:41:39.574+00:00][A] [INFO] Heartbeat packet sent
[2026-09-02T18:41:39.574+00:00][A] [ERROR] TX_FAILED
[2026-09-02T18:41:39.575+00:00][A] [WARN] ACK_FAILED seq=800
[2026-09-02T18:41:39.590+00:00][A] [ERROR] TX_FAILED
[2026-09-02T18:41:39.590+00:00][A] [WARN] ACK_FAILED seq=802
[2026-09-02T18:41:39.646+00:00][B] [INFO] --------------------------------
[2026-09-02T18:41:39.646+00:00][B] [INFO] [HEARTBEAT TX]
[2026-09-02T18:41:39.651+00:00][B] [INFO] Node ID: 2
[2026-09-02T18:41:39.652+00:00][B] [INFO] type: 2
[2026-09-02T18:41:39.652+00:00][B] [INFO] Destination: 0xFF
[2026-09-02T18:41:39.654+00:00][A] [INFO] [RF RX] type=2 source=0x02 destination=0xFF previousHop=0x02 sequence=440 ackSequence=0 ttl=8 hops=0 payloadSize=13 rssi=-59 sn
[2026-09-02T18:41:39.657+00:00][B] [INFO] Sequence: 440
[2026-09-02T18:41:39.657+00:00][B] [INFO] Packet ID: 211
[2026-09-02T18:41:39.662+00:00][B] [INFO] Packet Size: 26
[2026-09-02T18:41:39.663+00:00][B] [INFO] Timestamp: 211 ms
[2026-09-02T18:41:39.668+00:00][B] [INFO] Transmission Result: success
[2026-09-02T18:41:39.669+00:00][B] [INFO] --------------------------------
[2026-09-02T18:41:39.673+00:00][B] [INFO] [Heartbeat #211]
[2026-09-02T18:41:39.674+00:00][B] [INFO] Sent
[2026-09-02T18:41:39.674+00:00][B] [INFO] Waiting ACK...
[2026-09-02T18:41:39.674+00:00][B] [INFO] [WAITING ACK]
[2026-09-02T18:41:39.688+00:00][B] [INFO] [RF TX] type=2 source=0x02 destination=0xFF previousHop=0x02 sequence=440 ackSequence=0 ttl=8 hops=0 payloadSize=13 rssi=0 snr=
[2026-09-02T18:41:39.688+00:00][B] [INFO] Heartbeat packet sent
[2026-09-02T18:41:39.779+00:00][A] [ERROR] TX_FAILED
[2026-09-02T18:41:39.780+00:00][A] [WARN] ACK_FAILED seq=806
[2026-09-02T18:41:40.545+00:00][A] [WARN] Retry 1
[2026-09-02T18:41:40.615+00:00][A] [INFO] --------------------------------
[2026-09-02T18:41:40.616+00:00][A] [INFO] [HEARTBEAT TX]
[2026-09-02T18:41:40.621+00:00][A] [INFO] Node ID: 1
[2026-09-02T18:41:40.622+00:00][A] [INFO] type: 2
[2026-09-02T18:41:40.623+00:00][A] [INFO] Destination: 0xFF
[2026-09-02T18:41:40.623+00:00][B] [INFO] [RF RX] type=2 source=0x01 destination=0xFF previousHop=0x01 sequence=828 ackSequence=0 ttl=8 hops=0 payloadSize=13 rssi=-62 sn
[2026-09-02T18:41:40.623+00:00][A] [INFO] Sequence: 828
[2026-09-02T18:41:40.624+00:00][A] [INFO] Packet ID: 427
[2026-09-02T18:41:40.628+00:00][A] [INFO] Packet Size: 26
[2026-09-02T18:41:40.629+00:00][A] [INFO] Timestamp: 427 ms
[2026-09-02T18:41:40.634+00:00][A] [INFO] Transmission Result: success
[2026-09-02T18:41:40.635+00:00][A] [INFO] --------------------------------
[2026-09-02T18:41:40.639+00:00][A] [INFO] [Heartbeat #427]
[2026-09-02T18:41:40.640+00:00][A] [INFO] Sent
[2026-09-02T18:41:40.640+00:00][A] [INFO] Waiting ACK...
[2026-09-02T18:41:40.640+00:00][A] [INFO] [WAITING ACK]
[2026-09-02T18:41:40.654+00:00][A] [INFO] [RF TX] type=2 source=0x01 destination=0xFF previousHop=0x01 sequence=828 ackSequence=0 ttl=8 hops=0 payloadSize=13 rssi=0 snr=
[2026-09-02T18:41:40.654+00:00][A] [INFO] Heartbeat packet sent
[2026-09-02T18:41:40.663+00:00][B] [WARN] Retry 1
[2026-09-02T18:41:40.730+00:00][B] [INFO] --------------------------------
[2026-09-02T18:41:40.730+00:00][B] [INFO] [HEARTBEAT TX]
[2026-09-02T18:41:40.735+00:00][B] [INFO] Node ID: 2
[2026-09-02T18:41:40.735+00:00][B] [INFO] type: 2
[2026-09-02T18:41:40.735+00:00][B] [INFO] Destination: 0xFF
[2026-09-02T18:41:40.738+00:00][A] [INFO] [RF RX] type=2 source=0x02 destination=0xFF previousHop=0x02 sequence=440 ackSequence=0 ttl=8 hops=0 payloadSize=13 rssi=-60 sn
[2026-09-02T18:41:40.741+00:00][B] [INFO] Sequence: 440
[2026-09-02T18:41:40.741+00:00][B] [INFO] Packet ID: 211
[2026-09-02T18:41:40.746+00:00][B] [INFO] Packet Size: 26
[2026-09-02T18:41:40.746+00:00][B] [INFO] Timestamp: 211 ms
[2026-09-02T18:41:40.752+00:00][B] [INFO] Transmission Result: success
[2026-09-02T18:41:40.752+00:00][B] [INFO] --------------------------------
[2026-09-02T18:41:40.757+00:00][B] [INFO] [Heartbeat #211]
[2026-09-02T18:41:40.758+00:00][B] [INFO] Sent
[2026-09-02T18:41:40.758+00:00][B] [INFO] Waiting ACK...
[2026-09-02T18:41:40.758+00:00][B] [INFO] [WAITING ACK]
[2026-09-02T18:41:40.772+00:00][B] [INFO] [RF TX] type=2 source=0x02 destination=0xFF previousHop=0x02 sequence=440 ackSequence=0 ttl=8 hops=0 payloadSize=13 rssi=0 snr=
[2026-09-02T18:41:40.772+00:00][B] [INFO] Heartbeat packet sent
[2026-09-02T18:41:41.530+00:00][A] [INFO] --------------------------------
[2026-09-02T18:41:41.530+00:00][A] [INFO] [HEARTBEAT TX]
[2026-09-02T18:41:41.534+00:00][A] [INFO] Node ID: 1
[2026-09-02T18:41:41.535+00:00][A] [INFO] type: 2
[2026-09-02T18:41:41.535+00:00][A] [INFO] Destination: 0xFF
[2026-09-02T18:41:41.537+00:00][B] [INFO] [RF RX] type=2 source=0x01 destination=0xFF previousHop=0x01 sequence=829 ackSequence=0 ttl=8 hops=0 payloadSize=13 rssi=-61 sn
[2026-09-02T18:41:41.540+00:00][A] [INFO] Sequence: 829
[2026-09-02T18:41:41.540+00:00][A] [INFO] Packet ID: 428
[2026-09-02T18:41:41.545+00:00][A] [INFO] Packet Size: 26
[2026-09-02T18:41:41.546+00:00][A] [INFO] Timestamp: 428 ms
[2026-09-02T18:41:41.551+00:00][A] [INFO] Transmission Result: success
[2026-09-02T18:41:41.551+00:00][A] [INFO] --------------------------------
[2026-09-02T18:41:41.556+00:00][A] [INFO] [Heartbeat #428]
[2026-09-02T18:41:41.557+00:00][A] [INFO] Sent
[2026-09-02T18:41:41.557+00:00][A] [INFO] Waiting ACK...
[2026-09-02T18:41:41.557+00:00][A] [INFO] [WAITING ACK]
[2026-09-02T18:41:41.571+00:00][A] [INFO] [RF TX] type=2 source=0x01 destination=0xFF previousHop=0x01 sequence=829 ackSequence=0 ttl=8 hops=0 payloadSize=13 rssi=0 snr=
[2026-09-02T18:41:41.571+00:00][A] [INFO] Heartbeat packet sent
[2026-09-02T18:41:41.646+00:00][B] [INFO] --------------------------------
[2026-09-02T18:41:41.646+00:00][B] [INFO] [HEARTBEAT TX]
[2026-09-02T18:41:41.651+00:00][B] [INFO] Node ID: 2
[2026-09-02T18:41:41.652+00:00][B] [INFO] type: 2
[2026-09-02T18:41:41.652+00:00][B] [INFO] Destination: 0xFF
[2026-09-02T18:41:41.654+00:00][A] [INFO] [RF RX] type=2 source=0x02 destination=0xFF previousHop=0x02 sequence=441 ackSequence=0 ttl=8 hops=0 payloadSize=13 rssi=-60 sn
[2026-09-02T18:41:41.657+00:00][B] [INFO] Sequence: 441
[2026-09-02T18:41:41.657+00:00][B] [INFO] Packet ID: 212
[2026-09-02T18:41:41.662+00:00][B] [INFO] Packet Size: 26
[2026-09-02T18:41:41.662+00:00][B] [INFO] Timestamp: 212 ms
[2026-09-02T18:41:41.668+00:00][B] [INFO] Transmission Result: success
[2026-09-02T18:41:41.668+00:00][B] [INFO] --------------------------------
[2026-09-02T18:41:41.673+00:00][B] [INFO] [Heartbeat #212]
[2026-09-02T18:41:41.674+00:00][B] [INFO] Sent
[2026-09-02T18:41:41.674+00:00][B] [INFO] Waiting ACK...
[2026-09-02T18:41:41.674+00:00][B] [INFO] [WAITING ACK]
[2026-09-02T18:41:41.688+00:00][B] [INFO] [RF TX] type=2 source=0x02 destination=0xFF previousHop=0x02 sequence=441 ackSequence=0 ttl=8 hops=0 payloadSize=13 rssi=0 snr=
[2026-09-02T18:41:41.688+00:00][B] [INFO] Heartbeat packet sent
[2026-09-02T18:41:42.546+00:00][A] [WARN] Retry 1
[2026-09-02T18:41:42.613+00:00][A] [INFO] --------------------------------
[2026-09-02T18:41:42.613+00:00][A] [INFO] [HEARTBEAT TX]
[2026-09-02T18:41:42.618+00:00][A] [INFO] Node ID: 1
[2026-09-02T18:41:42.619+00:00][A] [INFO] type: 2
[2026-09-02T18:41:42.619+00:00][A] [INFO] Destination: 0xFF
[2026-09-02T18:41:42.621+00:00][B] [INFO] [RF RX] type=2 source=0x01 destination=0xFF previousHop=0x01 sequence=829 ackSequence=0 ttl=8 hops=0 payloadSize=13 rssi=-62 sn
[2026-09-02T18:41:42.624+00:00][A] [INFO] Sequence: 829
[2026-09-02T18:41:42.624+00:00][A] [INFO] Packet ID: 428
[2026-09-02T18:41:42.629+00:00][A] [INFO] Packet Size: 26
[2026-09-02T18:41:42.630+00:00][A] [INFO] Timestamp: 428 ms
[2026-09-02T18:41:42.635+00:00][A] [INFO] Transmission Result: success
[2026-09-02T18:41:42.636+00:00][A] [INFO] --------------------------------
[2026-09-02T18:41:42.640+00:00][A] [INFO] [Heartbeat #428]
[2026-09-02T18:41:42.641+00:00][A] [INFO] Sent
[2026-09-02T18:41:42.641+00:00][A] [INFO] Waiting ACK...
[2026-09-02T18:41:42.641+00:00][A] [INFO] [WAITING ACK]
[2026-09-02T18:41:42.655+00:00][A] [INFO] [RF TX] type=2 source=0x01 destination=0xFF previousHop=0x01 sequence=829 ackSequence=0 ttl=8 hops=0 payloadSize=13 rssi=0 snr=
[2026-09-02T18:41:42.655+00:00][A] [INFO] Heartbeat packet sent
[2026-09-02T18:41:42.663+00:00][B] [WARN] Retry 1
[2026-09-02T18:41:42.730+00:00][B] [INFO] --------------------------------
[2026-09-02T18:41:42.731+00:00][B] [INFO] [HEARTBEAT TX]
[2026-09-02T18:41:42.735+00:00][B] [INFO] Node ID: 2
[2026-09-02T18:41:42.736+00:00][B] [INFO] type: 2
[2026-09-02T18:41:42.736+00:00][B] [INFO] Destination: 0xFF
[2026-09-02T18:41:42.738+00:00][A] [INFO] [RF RX] type=2 source=0x02 destination=0xFF previousHop=0x02 sequence=441 ackSequence=0 ttl=8 hops=0 payloadSize=13 rssi=-60 sn
[2026-09-02T18:41:42.741+00:00][B] [INFO] Sequence: 441
[2026-09-02T18:41:42.741+00:00][B] [INFO] Packet ID: 212
[2026-09-02T18:41:42.746+00:00][B] [INFO] Packet Size: 26
[2026-09-02T18:41:42.746+00:00][B] [INFO] Timestamp: 212 ms
[2026-09-02T18:41:42.752+00:00][B] [INFO] Transmission Result: success
[2026-09-02T18:41:42.752+00:00][B] [INFO] --------------------------------
[2026-09-02T18:41:42.757+00:00][B] [INFO] [Heartbeat #212]
[2026-09-02T18:41:42.757+00:00][B] [INFO] Sent
[2026-09-02T18:41:42.758+00:00][B] [INFO] Waiting ACK...
[2026-09-02T18:41:42.758+00:00][B] [INFO] [WAITING ACK]
[2026-09-02T18:41:42.771+00:00][B] [INFO] [RF TX] type=2 source=0x02 destination=0xFF previousHop=0x02 sequence=441 ackSequence=0 ttl=8 hops=0 payloadSize=13 rssi=0 snr=
[2026-09-02T18:41:42.772+00:00][B] [INFO] Heartbeat packet sent
[2026-09-02T18:41:43.529+00:00][A] [INFO] --------------------------------
[2026-09-02T18:41:43.529+00:00][A] [INFO] [HEARTBEAT TX]
[2026-09-02T18:41:43.534+00:00][A] [INFO] Node ID: 1
[2026-09-02T18:41:43.535+00:00][A] [INFO] type: 2
[2026-09-02T18:41:43.535+00:00][A] [INFO] Destination: 0xFF
[2026-09-02T18:41:43.537+00:00][B] [INFO] [RF RX] type=2 source=0x01 destination=0xFF previousHop=0x01 sequence=830 ackSequence=0 ttl=8 hops=0 payloadSize=13 rssi=-61 sn
[2026-09-02T18:41:43.540+00:00][A] [INFO] Sequence: 830
[2026-09-02T18:41:43.540+00:00][A] [INFO] Packet ID: 429
[2026-09-02T18:41:43.545+00:00][A] [INFO] Packet Size: 26
[2026-09-02T18:41:43.545+00:00][A] [INFO] Timestamp: 429 ms
[2026-09-02T18:41:43.551+00:00][A] [INFO] Transmission Result: success
[2026-09-02T18:41:43.551+00:00][A] [INFO] --------------------------------
[2026-09-02T18:41:43.556+00:00][A] [INFO] [Heartbeat #429]
[2026-09-02T18:41:43.557+00:00][A] [INFO] Sent
[2026-09-02T18:41:43.557+00:00][A] [INFO] Waiting ACK...
[2026-09-02T18:41:43.557+00:00][A] [INFO] [WAITING ACK]
[2026-09-02T18:41:43.571+00:00][A] [INFO] [RF TX] type=2 source=0x01 destination=0xFF previousHop=0x01 sequence=830 ackSequence=0 ttl=8 hops=0 payloadSize=13 rssi=0 snr=
[2026-09-02T18:41:43.571+00:00][A] [INFO] Heartbeat packet sent
[2026-09-02T18:41:43.646+00:00][B] [INFO] --------------------------------
[2026-09-02T18:41:43.647+00:00][B] [INFO] [HEARTBEAT TX]
[2026-09-02T18:41:43.651+00:00][B] [INFO] Node ID: 2
[2026-09-02T18:41:43.651+00:00][B] [INFO] type: 2
[2026-09-02T18:41:43.652+00:00][B] [INFO] Destination: 0xFF
[2026-09-02T18:41:43.654+00:00][A] [INFO] [RF RX] type=2 source=0x02 destination=0xFF previousHop=0x02 sequence=442 ackSequence=0 ttl=8 hops=0 payloadSize=13 rssi=-61 sn
[2026-09-02T18:41:43.657+00:00][B] [INFO] Sequence: 442
[2026-09-02T18:41:43.657+00:00][B] [INFO] Packet ID: 213
[2026-09-02T18:41:43.662+00:00][B] [INFO] Packet Size: 26
[2026-09-02T18:41:43.663+00:00][B] [INFO] Timestamp: 213 ms
[2026-09-02T18:41:43.668+00:00][B] [INFO] Transmission Result: success
[2026-09-02T18:41:43.668+00:00][B] [INFO] --------------------------------
[2026-09-02T18:41:43.673+00:00][B] [INFO] [Heartbeat #213]
[2026-09-02T18:41:43.674+00:00][B] [INFO] Sent
[2026-09-02T18:41:43.674+00:00][B] [INFO] Waiting ACK...
[2026-09-02T18:41:43.674+00:00][B] [INFO] [WAITING ACK]
[2026-09-02T18:41:43.687+00:00][B] [INFO] [RF TX] type=2 source=0x02 destination=0xFF previousHop=0x02 sequence=442 ackSequence=0 ttl=8 hops=0 payloadSize=13 rssi=0 snr=
[2026-09-02T18:41:43.688+00:00][B] [INFO] Heartbeat packet sent
[2026-09-02T18:41:44.546+00:00][A] [WARN] Retry 1
[2026-09-02T18:41:44.614+00:00][A] [INFO] --------------------------------
[2026-09-02T18:41:44.614+00:00][A] [INFO] [HEARTBEAT TX]
[2026-09-02T18:41:44.618+00:00][A] [INFO] Node ID: 1
[2026-09-02T18:41:44.619+00:00][A] [INFO] type: 2
[2026-09-02T18:41:44.619+00:00][A] [INFO] Destination: 0xFF
[2026-09-02T18:41:44.621+00:00][B] [INFO] [RF RX] type=2 source=0x01 destination=0xFF previousHop=0x01 sequence=830 ackSequence=0 ttl=8 hops=0 payloadSize=13 rssi=-62 sn
[2026-09-02T18:41:44.624+00:00][A] [INFO] Sequence: 830
[2026-09-02T18:41:44.624+00:00][A] [INFO] Packet ID: 429
[2026-09-02T18:41:44.629+00:00][A] [INFO] Packet Size: 26
[2026-09-02T18:41:44.630+00:00][A] [INFO] Timestamp: 429 ms
[2026-09-02T18:41:44.635+00:00][A] [INFO] Transmission Result: success
[2026-09-02T18:41:44.635+00:00][A] [INFO] --------------------------------
[2026-09-02T18:41:44.640+00:00][A] [INFO] [Heartbeat #429]
[2026-09-02T18:41:44.641+00:00][A] [INFO] Sent
[2026-09-02T18:41:44.641+00:00][A] [INFO] Waiting ACK...
[2026-09-02T18:41:44.641+00:00][A] [INFO] [WAITING ACK]
[2026-09-02T18:41:44.655+00:00][A] [INFO] [RF TX] type=2 source=0x01 destination=0xFF previousHop=0x01 sequence=830 ackSequence=0 ttl=8 hops=0 payloadSize=13 rssi=0 snr=
[2026-09-02T18:41:44.655+00:00][A] [INFO] Heartbeat packet sent
[2026-09-02T18:41:44.663+00:00][B] [WARN] Retry 1
[2026-09-02T18:41:44.730+00:00][B] [INFO] --------------------------------
[2026-09-02T18:41:44.731+00:00][B] [INFO] [HEARTBEAT TX]
[2026-09-02T18:41:44.735+00:00][B] [INFO] Node ID: 2
[2026-09-02T18:41:44.736+00:00][B] [INFO] type: 2
[2026-09-02T18:41:44.736+00:00][B] [INFO] Destination: 0xFF
[2026-09-02T18:41:44.738+00:00][A] [INFO] [RF RX] type=2 source=0x02 destination=0xFF previousHop=0x02 sequence=442 ackSequence=0 ttl=8 hops=0 payloadSize=13 rssi=-61 sn
[2026-09-02T18:41:44.741+00:00][B] [INFO] Sequence: 442
[2026-09-02T18:41:44.741+00:00][B] [INFO] Packet ID: 213
[2026-09-02T18:41:44.746+00:00][B] [INFO] Packet Size: 26
[2026-09-02T18:41:44.747+00:00][B] [INFO] Timestamp: 213 ms
[2026-09-02T18:41:44.752+00:00][B] [INFO] Transmission Result: success
[2026-09-02T18:41:44.752+00:00][B] [INFO] --------------------------------
[2026-09-02T18:41:44.757+00:00][B] [INFO] [Heartbeat #213]
[2026-09-02T18:41:44.757+00:00][B] [INFO] Sent
[2026-09-02T18:41:44.758+00:00][B] [INFO] Waiting ACK...
[2026-09-02T18:41:44.758+00:00][B] [INFO] [WAITING ACK]
[2026-09-02T18:41:44.771+00:00][B] [INFO] [RF TX] type=2 source=0x02 destination=0xFF previousHop=0x02 sequence=442 ackSequence=0 ttl=8 hops=0 payloadSize=13 rssi=0 snr=
[2026-09-02T18:41:44.772+00:00][B] [INFO] Heartbeat packet sent
[2026-09-02T18:41:45.529+00:00][A] [INFO] --------------------------------
[2026-09-02T18:41:45.530+00:00][A] [INFO] [HEARTBEAT TX]
[2026-09-02T18:41:45.534+00:00][A] [INFO] Node ID: 1
[2026-09-02T18:41:45.535+00:00][A] [INFO] type: 2
[2026-09-02T18:41:45.535+00:00][A] [INFO] Destination: 0xFF
[2026-09-02T18:41:45.537+00:00][B] [INFO] [RF RX] type=2 source=0x01 destination=0xFF previousHop=0x01 sequence=831 ackSequence=0 ttl=8 hops=0 payloadSize=13 rssi=-61 sn
[2026-09-02T18:41:45.540+00:00][A] [INFO] Sequence: 831
[2026-09-02T18:41:45.540+00:00][A] [INFO] Packet ID: 430
[2026-09-02T18:41:45.545+00:00][A] [INFO] Packet Size: 26
[2026-09-02T18:41:45.546+00:00][A] [INFO] Timestamp: 430 ms
[2026-09-02T18:41:45.551+00:00][A] [INFO] Transmission Result: success
[2026-09-02T18:41:45.551+00:00][A] [INFO] --------------------------------
[2026-09-02T18:41:45.556+00:00][A] [INFO] [Heartbeat #430]
[2026-09-02T18:41:45.557+00:00][A] [INFO] Sent
[2026-09-02T18:41:45.557+00:00][A] [INFO] Waiting ACK...
[2026-09-02T18:41:45.557+00:00][A] [INFO] [WAITING ACK]
[2026-09-02T18:41:45.571+00:00][A] [INFO] [RF TX] type=2 source=0x01 destination=0xFF previousHop=0x01 sequence=831 ackSequence=0 ttl=8 hops=0 payloadSize=13 rssi=0 snr=
[2026-09-02T18:41:45.571+00:00][A] [INFO] Heartbeat packet sent
[2026-09-02T18:41:45.646+00:00][B] [INFO] --------------------------------
[2026-09-02T18:41:45.646+00:00][B] [INFO] [HEARTBEAT TX]
[2026-09-02T18:41:45.651+00:00][B] [INFO] Node ID: 2
[2026-09-02T18:41:45.651+00:00][B] [INFO] type: 2
[2026-09-02T18:41:45.651+00:00][B] [INFO] Destination: 0xFF
[2026-09-02T18:41:45.654+00:00][A] [INFO] [RF RX] type=2 source=0x02 destination=0xFF previousHop=0x02 sequence=443 ackSequence=0 ttl=8 hops=0 payloadSize=13 rssi=-60 sn
[2026-09-02T18:41:45.656+00:00][B] [INFO] Sequence: 443
[2026-09-02T18:41:45.657+00:00][B] [INFO] Packet ID: 214
[2026-09-02T18:41:45.662+00:00][B] [INFO] Packet Size: 26
[2026-09-02T18:41:45.662+00:00][B] [INFO] Timestamp: 214 ms
[2026-09-02T18:41:45.668+00:00][B] [INFO] Transmission Result: success
[2026-09-02T18:41:45.668+00:00][B] [INFO] --------------------------------
[2026-09-02T18:41:45.673+00:00][B] [INFO] [Heartbeat #214]
[2026-09-02T18:41:45.673+00:00][B] [INFO] Sent
[2026-09-02T18:41:45.673+00:00][B] [INFO] Waiting ACK...
[2026-09-02T18:41:45.673+00:00][B] [INFO] [WAITING ACK]
[2026-09-02T18:41:45.687+00:00][B] [INFO] [RF TX] type=2 source=0x02 destination=0xFF previousHop=0x02 sequence=443 ackSequence=0 ttl=8 hops=0 payloadSize=13 rssi=0 snr=
[2026-09-02T18:41:45.687+00:00][B] [INFO] Heartbeat packet sent
[2026-09-02T18:41:46.546+00:00][A] [WARN] Retry 1
[2026-09-02T18:41:46.613+00:00][A] [INFO] --------------------------------
[2026-09-02T18:41:46.614+00:00][A] [INFO] [HEARTBEAT TX]
[2026-09-02T18:41:46.618+00:00][A] [INFO] Node ID: 1
[2026-09-02T18:41:46.619+00:00][A] [INFO] type: 2
[2026-09-02T18:41:46.619+00:00][A] [INFO] Destination: 0xFF
[2026-09-02T18:41:46.621+00:00][B] [INFO] [RF RX] type=2 source=0x01 destination=0xFF previousHop=0x01 sequence=831 ackSequence=0 ttl=8 hops=0 payloadSize=13 rssi=-62 sn
[2026-09-02T18:41:46.624+00:00][A] [INFO] Sequence: 831
[2026-09-02T18:41:46.624+00:00][A] [INFO] Packet ID: 430
[2026-09-02T18:41:46.629+00:00][A] [INFO] Packet Size: 26
[2026-09-02T18:41:46.629+00:00][A] [INFO] Timestamp: 430 ms
[2026-09-02T18:41:46.635+00:00][A] [INFO] Transmission Result: success
[2026-09-02T18:41:46.635+00:00][A] [INFO] --------------------------------
[2026-09-02T18:41:46.640+00:00][A] [INFO] [Heartbeat #430]
[2026-09-02T18:41:46.641+00:00][A] [INFO] Sent
[2026-09-02T18:41:46.641+00:00][A] [INFO] Waiting ACK...
[2026-09-02T18:41:46.641+00:00][A] [INFO] [WAITING ACK]
[2026-09-02T18:41:46.655+00:00][A] [INFO] [RF TX] type=2 source=0x01 destination=0xFF previousHop=0x01 sequence=831 ackSequence=0 ttl=8 hops=0 payloadSize=13 rssi=0 snr=
[2026-09-02T18:41:46.655+00:00][A] [INFO] Heartbeat packet sent
[2026-09-02T18:41:46.663+00:00][B] [WARN] Retry 1
[2026-09-02T18:41:46.730+00:00][B] [INFO] --------------------------------
[2026-09-02T18:41:46.731+00:00][B] [INFO] [HEARTBEAT TX]
[2026-09-02T18:41:46.735+00:00][B] [INFO] Node ID: 2
[2026-09-02T18:41:46.736+00:00][B] [INFO] type: 2
[2026-09-02T18:41:46.736+00:00][B] [INFO] Destination: 0xFF
[2026-09-02T18:41:46.738+00:00][A] [INFO] [RF RX] type=2 source=0x02 destination=0xFF previousHop=0x02 sequence=443 ackSequence=0 ttl=8 hops=0 payloadSize=13 rssi=-60 sn
[2026-09-02T18:41:46.741+00:00][B] [INFO] Sequence: 443
[2026-09-02T18:41:46.741+00:00][B] [INFO] Packet ID: 214
[2026-09-02T18:41:46.746+00:00][B] [INFO] Packet Size: 26
[2026-09-02T18:41:46.747+00:00][B] [INFO] Timestamp: 214 ms
[2026-09-02T18:41:46.752+00:00][B] [INFO] Transmission Result: success
[2026-09-02T18:41:46.753+00:00][B] [INFO] --------------------------------
[2026-09-02T18:41:46.757+00:00][B] [INFO] [Heartbeat #214]
[2026-09-02T18:41:46.757+00:00][B] [INFO] Sent
[2026-09-02T18:41:46.758+00:00][B] [INFO] Waiting ACK...
[2026-09-02T18:41:46.758+00:00][B] [INFO] [WAITING ACK]
[2026-09-02T18:41:46.771+00:00][B] [INFO] [RF TX] type=2 source=0x02 destination=0xFF previousHop=0x02 sequence=443 ackSequence=0 ttl=8 hops=0 payloadSize=13 rssi=0 snr=
[2026-09-02T18:41:46.772+00:00][B] [INFO] Heartbeat packet sent
[2026-09-02T18:41:47.529+00:00][A] [INFO] --------------------------------
[2026-09-02T18:41:47.529+00:00][A] [INFO] [HEARTBEAT TX]
[2026-09-02T18:41:47.534+00:00][A] [INFO] Node ID: 1
[2026-09-02T18:41:47.534+00:00][A] [INFO] type: 2
[2026-09-02T18:41:47.535+00:00][A] [INFO] Destination: 0xFF
[2026-09-02T18:41:47.537+00:00][B] [INFO] [RF RX] type=2 source=0x01 destination=0xFF previousHop=0x01 sequence=832 ackSequence=0 ttl=8 hops=0 payloadSize=13 rssi=-61 sn
[2026-09-02T18:41:47.540+00:00][A] [INFO] Sequence: 832
[2026-09-02T18:41:47.540+00:00][A] [INFO] Packet ID: 431
[2026-09-02T18:41:47.545+00:00][A] [INFO] Packet Size: 26
[2026-09-02T18:41:47.545+00:00][A] [INFO] Timestamp: 431 ms
[2026-09-02T18:41:47.551+00:00][A] [INFO] Transmission Result: success
[2026-09-02T18:41:47.551+00:00][A] [INFO] --------------------------------
[2026-09-02T18:41:47.556+00:00][A] [INFO] [Heartbeat #431]
[2026-09-02T18:41:47.557+00:00][A] [INFO] Sent
[2026-09-02T18:41:47.557+00:00][A] [INFO] Waiting ACK...
[2026-09-02T18:41:47.557+00:00][A] [INFO] [WAITING ACK]
[2026-09-02T18:41:47.571+00:00][A] [INFO] [RF TX] type=2 source=0x01 destination=0xFF previousHop=0x01 sequence=832 ackSequence=0 ttl=8 hops=0 payloadSize=13 rssi=0 snr=
[2026-09-02T18:41:47.571+00:00][A] [INFO] Heartbeat packet sent
[2026-09-02T18:41:47.646+00:00][B] [INFO] --------------------------------
[2026-09-02T18:41:47.646+00:00][B] [INFO] [HEARTBEAT TX]
[2026-09-02T18:41:47.651+00:00][B] [INFO] Node ID: 2
[2026-09-02T18:41:47.651+00:00][B] [INFO] type: 2
[2026-09-02T18:41:47.651+00:00][B] [INFO] Destination: 0xFF
[2026-09-02T18:41:47.654+00:00][A] [INFO] [RF RX] type=2 source=0x02 destination=0xFF previousHop=0x02 sequence=444 ackSequence=0 ttl=8 hops=0 payloadSize=13 rssi=-60 sn
[2026-09-02T18:41:47.656+00:00][B] [INFO] Sequence: 444
[2026-09-02T18:41:47.657+00:00][B] [INFO] Packet ID: 215
[2026-09-02T18:41:47.662+00:00][B] [INFO] Packet Size: 26
[2026-09-02T18:41:47.662+00:00][B] [INFO] Timestamp: 215 ms
[2026-09-02T18:41:47.667+00:00][B] [INFO] Transmission Result: success
[2026-09-02T18:41:47.668+00:00][B] [INFO] --------------------------------
[2026-09-02T18:41:47.673+00:00][B] [INFO] [Heartbeat #215]
[2026-09-02T18:41:47.673+00:00][B] [INFO] Sent
[2026-09-02T18:41:47.673+00:00][B] [INFO] Waiting ACK...
[2026-09-02T18:41:47.673+00:00][B] [INFO] [WAITING ACK]
[2026-09-02T18:41:47.687+00:00][B] [INFO] [RF TX] type=2 source=0x02 destination=0xFF previousHop=0x02 sequence=444 ackSequence=0 ttl=8 hops=0 payloadSize=13 rssi=0 snr=
[2026-09-02T18:41:47.688+00:00][B] [INFO] Heartbeat packet sent
[2026-09-02T18:41:48.546+00:00][A] [WARN] Retry 1
[2026-09-02T18:41:48.613+00:00][A] [INFO] --------------------------------
[2026-09-02T18:41:48.613+00:00][A] [INFO] [HEARTBEAT TX]
[2026-09-02T18:41:48.618+00:00][A] [INFO] Node ID: 1
[2026-09-02T18:41:48.618+00:00][A] [INFO] type: 2
[2026-09-02T18:41:48.618+00:00][A] [INFO] Destination: 0xFF
[2026-09-02T18:41:48.621+00:00][B] [INFO] [RF RX] type=2 source=0x01 destination=0xFF previousHop=0x01 sequence=832 ackSequence=0 ttl=8 hops=0 payloadSize=13 rssi=-61 sn
[2026-09-02T18:41:48.624+00:00][A] [INFO] Sequence: 832
[2026-09-02T18:41:48.624+00:00][A] [INFO] Packet ID: 431
[2026-09-02T18:41:48.629+00:00][A] [INFO] Packet Size: 26
[2026-09-02T18:41:48.629+00:00][A] [INFO] Timestamp: 431 ms
[2026-09-02T18:41:48.635+00:00][A] [INFO] Transmission Result: success
[2026-09-02T18:41:48.635+00:00][A] [INFO] --------------------------------
[2026-09-02T18:41:48.640+00:00][A] [INFO] [Heartbeat #431]
[2026-09-02T18:41:48.640+00:00][A] [INFO] Sent
[2026-09-02T18:41:48.641+00:00][A] [INFO] Waiting ACK...
[2026-09-02T18:41:48.641+00:00][A] [INFO] [WAITING ACK]
[2026-09-02T18:41:48.655+00:00][A] [INFO] [RF TX] type=2 source=0x01 destination=0xFF previousHop=0x01 sequence=832 ackSequence=0 ttl=8 hops=0 payloadSize=13 rssi=0 snr=
[2026-09-02T18:41:48.655+00:00][A] [INFO] Heartbeat packet sent
[2026-09-02T18:41:48.663+00:00][B] [WARN] Retry 1
[2026-09-02T18:41:48.730+00:00][B] [INFO] --------------------------------
[2026-09-02T18:41:48.730+00:00][B] [INFO] [HEARTBEAT TX]
[2026-09-02T18:41:48.735+00:00][B] [INFO] Node ID: 2
[2026-09-02T18:41:48.735+00:00][B] [INFO] type: 2
[2026-09-02T18:41:48.736+00:00][B] [INFO] Destination: 0xFF
[2026-09-02T18:41:48.738+00:00][A] [INFO] [RF RX] type=2 source=0x02 destination=0xFF previousHop=0x02 sequence=444 ackSequence=0 ttl=8 hops=0 payloadSize=13 rssi=-61 sn
[2026-09-02T18:41:48.740+00:00][B] [INFO] Sequence: 444
[2026-09-02T18:41:48.741+00:00][B] [INFO] Packet ID: 215
[2026-09-02T18:41:48.746+00:00][B] [INFO] Packet Size: 26
[2026-09-02T18:41:48.746+00:00][B] [INFO] Timestamp: 215 ms
[2026-09-02T18:41:48.751+00:00][B] [INFO] Transmission Result: success
[2026-09-02T18:41:48.752+00:00][B] [INFO] --------------------------------
[2026-09-02T18:41:48.757+00:00][B] [INFO] [Heartbeat #215]
[2026-09-02T18:41:48.757+00:00][B] [INFO] Sent
[2026-09-02T18:41:48.757+00:00][B] [INFO] Waiting ACK...
[2026-09-02T18:41:48.758+00:00][B] [INFO] [WAITING ACK]
[2026-09-02T18:41:48.771+00:00][B] [INFO] [RF TX] type=2 source=0x02 destination=0xFF previousHop=0x02 sequence=444 ackSequence=0 ttl=8 hops=0 payloadSize=13 rssi=0 snr=
[2026-09-02T18:41:48.772+00:00][B] [INFO] Heartbeat packet sent
[2026-09-02T18:41:49.529+00:00][A] [INFO] --------------------------------
[2026-09-02T18:41:49.530+00:00][A] [INFO] [HEARTBEAT TX]
[2026-09-02T18:41:49.534+00:00][A] [INFO] Node ID: 1
[2026-09-02T18:41:49.535+00:00][A] [INFO] type: 2
[2026-09-02T18:41:49.535+00:00][A] [INFO] Destination: 0xFF
[2026-09-02T18:41:49.537+00:00][B] [INFO] [RF RX] type=2 source=0x01 destination=0xFF previousHop=0x01 sequence=833 ackSequence=0 ttl=8 hops=0 payloadSize=13 rssi=-62 sn
[2026-09-02T18:41:49.540+00:00][A] [INFO] Sequence: 833
[2026-09-02T18:41:49.540+00:00][A] [INFO] Packet ID: 432
[2026-09-02T18:41:49.545+00:00][A] [INFO] Packet Size: 26
[2026-09-02T18:41:49.546+00:00][A] [INFO] Timestamp: 432 ms
[2026-09-02T18:41:49.551+00:00][A] [INFO] Transmission Result: success
[2026-09-02T18:41:49.552+00:00][A] [INFO] --------------------------------
[2026-09-02T18:41:49.556+00:00][A] [INFO] [Heartbeat #432]
[2026-09-02T18:41:49.557+00:00][A] [INFO] Sent
[2026-09-02T18:41:49.557+00:00][A] [INFO] Waiting ACK...
[2026-09-02T18:41:49.557+00:00][A] [INFO] [WAITING ACK]
[2026-09-02T18:41:49.571+00:00][A] [INFO] [RF TX] type=2 source=0x01 destination=0xFF previousHop=0x01 sequence=833 ackSequence=0 ttl=8 hops=0 payloadSize=13 rssi=0 snr=
[2026-09-02T18:41:49.571+00:00][A] [INFO] Heartbeat packet sent
[2026-09-02T18:41:49.646+00:00][B] [INFO] --------------------------------
[2026-09-02T18:41:49.646+00:00][B] [INFO] [HEARTBEAT TX]
[2026-09-02T18:41:49.651+00:00][B] [INFO] Node ID: 2
[2026-09-02T18:41:49.652+00:00][B] [INFO] type: 2
[2026-09-02T18:41:49.652+00:00][B] [INFO] Destination: 0xFF
[2026-09-02T18:41:49.654+00:00][A] [INFO] [RF RX] type=2 source=0x02 destination=0xFF previousHop=0x02 sequence=445 ackSequence=0 ttl=8 hops=0 payloadSize=13 rssi=-61 sn
[2026-09-02T18:41:49.656+00:00][B] [INFO] Sequence: 445
[2026-09-02T18:41:49.657+00:00][B] [INFO] Packet ID: 216
[2026-09-02T18:41:49.662+00:00][B] [INFO] Packet Size: 26
[2026-09-02T18:41:49.663+00:00][B] [INFO] Timestamp: 216 ms
[2026-09-02T18:41:49.667+00:00][B] [INFO] Transmission Result: success
[2026-09-02T18:41:49.668+00:00][B] [INFO] --------------------------------
[2026-09-02T18:41:49.673+00:00][B] [INFO] [Heartbeat #216]
[2026-09-02T18:41:49.673+00:00][B] [INFO] Sent
[2026-09-02T18:41:49.674+00:00][B] [INFO] Waiting ACK...
[2026-09-02T18:41:49.674+00:00][B] [INFO] [WAITING ACK]
[2026-09-02T18:41:49.687+00:00][B] [INFO] [RF TX] type=2 source=0x02 destination=0xFF previousHop=0x02 sequence=445 ackSequence=0 ttl=8 hops=0 payloadSize=13 rssi=0 snr=
[2026-09-02T18:41:49.688+00:00][B] [INFO] Heartbeat packet sent
[2026-09-02T18:41:50.546+00:00][A] [WARN] Retry 1
[2026-09-02T18:41:50.613+00:00][A] [INFO] --------------------------------
[2026-09-02T18:41:50.614+00:00][A] [INFO] [HEARTBEAT TX]
[2026-09-02T18:41:50.618+00:00][A] [INFO] Node ID: 1
[2026-09-02T18:41:50.619+00:00][A] [INFO] type: 2
[2026-09-02T18:41:50.622+00:00][A] [INFO] Destination: 0xFF
[2026-09-02T18:41:50.622+00:00][B] [INFO] [RF RX] type=2 source=0x01 destination=0xFF previousHop=0x01 sequence=833 ackSequence=0 ttl=8 hops=0 payloadSize=13 rssi=-62 sn
[2026-09-02T18:41:50.624+00:00][A] [INFO] Sequence: 833
[2026-09-02T18:41:50.624+00:00][A] [INFO] Packet ID: 432
[2026-09-02T18:41:50.629+00:00][A] [INFO] Packet Size: 26
[2026-09-02T18:41:50.630+00:00][A] [INFO] Timestamp: 432 ms
[2026-09-02T18:41:50.635+00:00][A] [INFO] Transmission Result: success
[2026-09-02T18:41:50.635+00:00][A] [INFO] --------------------------------
[2026-09-02T18:41:50.640+00:00][A] [INFO] [Heartbeat #432]
[2026-09-02T18:41:50.641+00:00][A] [INFO] Sent
[2026-09-02T18:41:50.641+00:00][A] [INFO] Waiting ACK...
[2026-09-02T18:41:50.641+00:00][A] [INFO] [WAITING ACK]
[2026-09-02T18:41:50.655+00:00][A] [INFO] [RF TX] type=2 source=0x01 destination=0xFF previousHop=0x01 sequence=833 ackSequence=0 ttl=8 hops=0 payloadSize=13 rssi=0 snr=
[2026-09-02T18:41:50.655+00:00][A] [INFO] Heartbeat packet sent
[2026-09-02T18:41:50.663+00:00][B] [WARN] Retry 1
[2026-09-02T18:41:50.730+00:00][B] [INFO] --------------------------------
[2026-09-02T18:41:50.730+00:00][B] [INFO] [HEARTBEAT TX]
[2026-09-02T18:41:50.735+00:00][B] [INFO] Node ID: 2
[2026-09-02T18:41:50.735+00:00][B] [INFO] type: 2
[2026-09-02T18:41:50.735+00:00][B] [INFO] Destination: 0xFF
[2026-09-02T18:41:50.738+00:00][A] [INFO] [RF RX] type=2 source=0x02 destination=0xFF previousHop=0x02 sequence=445 ackSequence=0 ttl=8 hops=0 payloadSize=13 rssi=-60 sn
[2026-09-02T18:41:50.740+00:00][B] [INFO] Sequence: 445
[2026-09-02T18:41:50.741+00:00][B] [INFO] Packet ID: 216
[2026-09-02T18:41:50.746+00:00][B] [INFO] Packet Size: 26
[2026-09-02T18:41:50.746+00:00][B] [INFO] Timestamp: 216 ms
[2026-09-02T18:41:50.751+00:00][B] [INFO] Transmission Result: success
[2026-09-02T18:41:50.752+00:00][B] [INFO] --------------------------------
[2026-09-02T18:41:50.757+00:00][B] [INFO] [Heartbeat #216]
[2026-09-02T18:41:50.757+00:00][B] [INFO] Sent
[2026-09-02T18:41:50.757+00:00][B] [INFO] Waiting ACK...
[2026-09-02T18:41:50.757+00:00][B] [INFO] [WAITING ACK]
[2026-09-02T18:41:50.771+00:00][B] [INFO] [RF TX] type=2 source=0x02 destination=0xFF previousHop=0x02 sequence=445 ackSequence=0 ttl=8 hops=0 payloadSize=13 rssi=0 snr=
[2026-09-02T18:41:50.771+00:00][B] [INFO] Heartbeat packet sent
[2026-09-02T18:41:51.529+00:00][A] [INFO] --------------------------------
[2026-09-02T18:41:51.530+00:00][A] [INFO] [HEARTBEAT TX]
[2026-09-02T18:41:51.534+00:00][A] [INFO] Node ID: 1
[2026-09-02T18:41:51.535+00:00][A] [INFO] type: 2
[2026-09-02T18:41:51.535+00:00][A] [INFO] Destination: 0xFF
[2026-09-02T18:41:51.538+00:00][B] [INFO] [RF RX] type=2 source=0x01 destination=0xFF previousHop=0x01 sequence=834 ackSequence=0 ttl=8 hops=0 payloadSize=13 rssi=-61 sn
[2026-09-02T18:41:51.540+00:00][A] [INFO] Sequence: 834
[2026-09-02T18:41:51.540+00:00][A] [INFO] Packet ID: 433
[2026-09-02T18:41:51.545+00:00][A] [INFO] Packet Size: 26
[2026-09-02T18:41:51.546+00:00][A] [INFO] Timestamp: 433 ms
[2026-09-02T18:41:51.551+00:00][A] [INFO] Transmission Result: success
[2026-09-02T18:41:51.551+00:00][A] [INFO] --------------------------------
[2026-09-02T18:41:51.556+00:00][A] [INFO] [Heartbeat #433]
[2026-09-02T18:41:51.556+00:00][A] [INFO] Sent
[2026-09-02T18:41:51.557+00:00][A] [INFO] Waiting ACK...
[2026-09-02T18:41:51.557+00:00][A] [INFO] [WAITING ACK]
[2026-09-02T18:41:51.570+00:00][A] [INFO] [RF TX] type=2 source=0x01 destination=0xFF previousHop=0x01 sequence=834 ackSequence=0 ttl=8 hops=0 payloadSize=13 rssi=0 snr=
[2026-09-02T18:41:51.571+00:00][A] [INFO] Heartbeat packet sent
[2026-09-02T18:41:51.646+00:00][B] [INFO] --------------------------------
[2026-09-02T18:41:51.646+00:00][B] [INFO] [HEARTBEAT TX]
[2026-09-02T18:41:51.651+00:00][B] [INFO] Node ID: 2
[2026-09-02T18:41:51.651+00:00][B] [INFO] type: 2
[2026-09-02T18:41:51.652+00:00][B] [INFO] Destination: 0xFF
[2026-09-02T18:41:51.654+00:00][A] [INFO] [RF RX] type=2 source=0x02 destination=0xFF previousHop=0x02 sequence=446 ackSequence=0 ttl=8 hops=0 payloadSize=13 rssi=-60 sn
[2026-09-02T18:41:51.657+00:00][B] [INFO] Sequence: 446
[2026-09-02T18:41:51.657+00:00][B] [INFO] Packet ID: 217
[2026-09-02T18:41:51.662+00:00][B] [INFO] Packet Size: 26
[2026-09-02T18:41:51.663+00:00][B] [INFO] Timestamp: 217 ms
[2026-09-02T18:41:51.667+00:00][B] [INFO] Transmission Result: success
[2026-09-02T18:41:51.668+00:00][B] [INFO] --------------------------------
[2026-09-02T18:41:51.673+00:00][B] [INFO] [Heartbeat #217]
[2026-09-02T18:41:51.673+00:00][B] [INFO] Sent
[2026-09-02T18:41:51.674+00:00][B] [INFO] Waiting ACK...
[2026-09-02T18:41:51.674+00:00][B] [INFO] [WAITING ACK]
[2026-09-02T18:41:51.687+00:00][B] [INFO] [RF TX] type=2 source=0x02 destination=0xFF previousHop=0x02 sequence=446 ackSequence=0 ttl=8 hops=0 payloadSize=13 rssi=0 snr=
[2026-09-02T18:41:51.688+00:00][B] [INFO] Heartbeat packet sent
[2026-09-02T18:41:52.546+00:00][A] [WARN] Retry 1
[2026-09-02T18:41:52.613+00:00][A] [INFO] --------------------------------
[2026-09-02T18:41:52.614+00:00][A] [INFO] [HEARTBEAT TX]
[2026-09-02T18:41:52.618+00:00][A] [INFO] Node ID: 1
[2026-09-02T18:41:52.620+00:00][A] [INFO] type: 2
[2026-09-02T18:41:52.621+00:00][A] [INFO] Destination: 0xFF
[2026-09-02T18:41:52.622+00:00][B] [INFO] [RF RX] type=2 source=0x01 destination=0xFF previousHop=0x01 sequence=834 ackSequence=0 ttl=8 hops=0 payloadSize=13 rssi=-61 sn
[2026-09-02T18:41:52.624+00:00][A] [INFO] Sequence: 834
[2026-09-02T18:41:52.624+00:00][A] [INFO] Packet ID: 433
[2026-09-02T18:41:52.629+00:00][A] [INFO] Packet Size: 26
[2026-09-02T18:41:52.630+00:00][A] [INFO] Timestamp: 433 ms
[2026-09-02T18:41:52.635+00:00][A] [INFO] Transmission Result: success
[2026-09-02T18:41:52.635+00:00][A] [INFO] --------------------------------
[2026-09-02T18:41:52.640+00:00][A] [INFO] [Heartbeat #433]
[2026-09-02T18:41:52.640+00:00][A] [INFO] Sent
[2026-09-02T18:41:52.641+00:00][A] [INFO] Waiting ACK...
[2026-09-02T18:41:52.641+00:00][A] [INFO] [WAITING ACK]
[2026-09-02T18:41:52.655+00:00][A] [INFO] [RF TX] type=2 source=0x01 destination=0xFF previousHop=0x01 sequence=834 ackSequence=0 ttl=8 hops=0 payloadSize=13 rssi=0 snr=
[2026-09-02T18:41:52.655+00:00][A] [INFO] Heartbeat packet sent
[2026-09-02T18:41:52.663+00:00][B] [WARN] Retry 1
[2026-09-02T18:41:52.730+00:00][B] [INFO] --------------------------------
[2026-09-02T18:41:52.731+00:00][B] [INFO] [HEARTBEAT TX]
[2026-09-02T18:41:52.735+00:00][B] [INFO] Node ID: 2
[2026-09-02T18:41:52.735+00:00][B] [INFO] type: 2
[2026-09-02T18:41:52.736+00:00][B] [INFO] Destination: 0xFF
[2026-09-02T18:41:52.738+00:00][A] [INFO] [RF RX] type=2 source=0x02 destination=0xFF previousHop=0x02 sequence=446 ackSequence=0 ttl=8 hops=0 payloadSize=13 rssi=-60 sn
[2026-09-02T18:41:52.740+00:00][B] [INFO] Sequence: 446
[2026-09-02T18:41:52.741+00:00][B] [INFO] Packet ID: 217
[2026-09-02T18:41:52.746+00:00][B] [INFO] Packet Size: 26
[2026-09-02T18:41:52.747+00:00][B] [INFO] Timestamp: 217 ms
[2026-09-02T18:41:52.751+00:00][B] [INFO] Transmission Result: success
[2026-09-02T18:41:52.752+00:00][B] [INFO] --------------------------------
[2026-09-02T18:41:52.757+00:00][B] [INFO] [Heartbeat #217]
[2026-09-02T18:41:52.757+00:00][B] [INFO] Sent
[2026-09-02T18:41:52.758+00:00][B] [INFO] Waiting ACK...
[2026-09-02T18:41:52.758+00:00][B] [INFO] [WAITING ACK]
[2026-09-02T18:41:52.771+00:00][B] [INFO] [RF TX] type=2 source=0x02 destination=0xFF previousHop=0x02 sequence=446 ackSequence=0 ttl=8 hops=0 payloadSize=13 rssi=0 snr=
[2026-09-02T18:41:52.772+00:00][B] [INFO] Heartbeat packet sent
[2026-09-02T18:41:53.529+00:00][A] [INFO] --------------------------------
[2026-09-02T18:41:53.530+00:00][A] [INFO] [HEARTBEAT TX]
[2026-09-02T18:41:53.534+00:00][A] [INFO] Node ID: 1
[2026-09-02T18:41:53.535+00:00][A] [INFO] type: 2
[2026-09-02T18:41:53.535+00:00][A] [INFO] Destination: 0xFF
[2026-09-02T18:41:53.538+00:00][B] [INFO] [RF RX] type=2 source=0x01 destination=0xFF previousHop=0x01 sequence=835 ackSequence=0 ttl=8 hops=0 payloadSize=13 rssi=-62 sn
[2026-09-02T18:41:53.540+00:00][A] [INFO] Sequence: 835
[2026-09-02T18:41:53.540+00:00][A] [INFO] Packet ID: 434
[2026-09-02T18:41:53.545+00:00][A] [INFO] Packet Size: 26
[2026-09-02T18:41:53.546+00:00][A] [INFO] Timestamp: 434 ms
[2026-09-02T18:41:53.551+00:00][A] [INFO] Transmission Result: success
[2026-09-02T18:41:53.551+00:00][A] [INFO] --------------------------------
[2026-09-02T18:41:53.556+00:00][A] [INFO] [Heartbeat #434]
[2026-09-02T18:41:53.556+00:00][A] [INFO] Sent
[2026-09-02T18:41:53.557+00:00][A] [INFO] Waiting ACK...
[2026-09-02T18:41:53.557+00:00][A] [INFO] [WAITING ACK]
[2026-09-02T18:41:53.571+00:00][A] [INFO] [RF TX] type=2 source=0x01 destination=0xFF previousHop=0x01 sequence=835 ackSequence=0 ttl=8 hops=0 payloadSize=13 rssi=0 snr=
[2026-09-02T18:41:53.571+00:00][A] [INFO] Heartbeat packet sent
[2026-09-02T18:41:53.646+00:00][B] [INFO] --------------------------------
[2026-09-02T18:41:53.646+00:00][B] [INFO] [HEARTBEAT TX]
[2026-09-02T18:41:53.651+00:00][B] [INFO] Node ID: 2
[2026-09-02T18:41:53.651+00:00][B] [INFO] type: 2
[2026-09-02T18:41:53.651+00:00][B] [INFO] Destination: 0xFF
[2026-09-02T18:41:53.654+00:00][A] [INFO] [RF RX] type=2 source=0x02 destination=0xFF previousHop=0x02 sequence=447 ackSequence=0 ttl=8 hops=0 payloadSize=13 rssi=-61 sn
[2026-09-02T18:41:53.656+00:00][B] [INFO] Sequence: 447
[2026-09-02T18:41:53.656+00:00][B] [INFO] Packet ID: 218
[2026-09-02T18:41:53.662+00:00][B] [INFO] Packet Size: 26
[2026-09-02T18:41:53.662+00:00][B] [INFO] Timestamp: 218 ms
[2026-09-02T18:41:53.667+00:00][B] [INFO] Transmission Result: success
[2026-09-02T18:41:53.668+00:00][B] [INFO] --------------------------------
[2026-09-02T18:41:53.673+00:00][B] [INFO] [Heartbeat #218]
[2026-09-02T18:41:53.673+00:00][B] [INFO] Sent
[2026-09-02T18:41:53.673+00:00][B] [INFO] Waiting ACK...
[2026-09-02T18:41:53.673+00:00][B] [INFO] [WAITING ACK]
[2026-09-02T18:41:53.687+00:00][B] [INFO] [RF TX] type=2 source=0x02 destination=0xFF previousHop=0x02 sequence=447 ackSequence=0 ttl=8 hops=0 payloadSize=13 rssi=0 snr=
[2026-09-02T18:41:53.688+00:00][B] [INFO] Heartbeat packet sent
[2026-09-02T18:41:54.546+00:00][A] [WARN] Retry 1
[2026-09-02T18:41:54.613+00:00][A] [INFO] --------------------------------
[2026-09-02T18:41:54.614+00:00][A] [INFO] [HEARTBEAT TX]
[2026-09-02T18:41:54.618+00:00][A] [INFO] Node ID: 1
[2026-09-02T18:41:54.619+00:00][A] [INFO] type: 2
[2026-09-02T18:41:54.619+00:00][A] [INFO] Destination: 0xFF
[2026-09-02T18:41:54.621+00:00][B] [INFO] [RF RX] type=2 source=0x01 destination=0xFF previousHop=0x01 sequence=835 ackSequence=0 ttl=8 hops=0 payloadSize=13 rssi=-62 sn
[2026-09-02T18:41:54.624+00:00][A] [INFO] Sequence: 835
[2026-09-02T18:41:54.624+00:00][A] [INFO] Packet ID: 434
[2026-09-02T18:41:54.629+00:00][A] [INFO] Packet Size: 26
[2026-09-02T18:41:54.630+00:00][A] [INFO] Timestamp: 434 ms
[2026-09-02T18:41:54.635+00:00][A] [INFO] Transmission Result: success
[2026-09-02T18:41:54.635+00:00][A] [INFO] --------------------------------
[2026-09-02T18:41:54.640+00:00][A] [INFO] [Heartbeat #434]
[2026-09-02T18:41:54.640+00:00][A] [INFO] Sent
[2026-09-02T18:41:54.641+00:00][A] [INFO] Waiting ACK...
[2026-09-02T18:41:54.641+00:00][A] [INFO] [WAITING ACK]
[2026-09-02T18:41:54.654+00:00][A] [INFO] [RF TX] type=2 source=0x01 destination=0xFF previousHop=0x01 sequence=835 ackSequence=0 ttl=8 hops=0 payloadSize=13 rssi=0 snr=
[2026-09-02T18:41:54.655+00:00][A] [INFO] Heartbeat packet sent
[2026-09-02T18:41:54.663+00:00][B] [WARN] Retry 1
[2026-09-02T18:41:54.732+00:00][B] [INFO] --------------------------------
[2026-09-02T18:41:54.733+00:00][B] [INFO] [HEARTBEAT TX]
[2026-09-02T18:41:54.735+00:00][B] [INFO] Node ID: 2
[2026-09-02T18:41:54.735+00:00][B] [INFO] type: 2
[2026-09-02T18:41:54.735+00:00][B] [INFO] Destination: 0xFF
[2026-09-02T18:41:54.738+00:00][A] [INFO] [RF RX] type=2 source=0x02 destination=0xFF previousHop=0x02 sequence=447 ackSequence=0 ttl=8 hops=0 payloadSize=13 rssi=-61 sn
[2026-09-02T18:41:54.740+00:00][B] [INFO] Sequence: 447
[2026-09-02T18:41:54.741+00:00][B] [INFO] Packet ID: 218
[2026-09-02T18:41:54.746+00:00][B] [INFO] Packet Size: 26
[2026-09-02T18:41:54.746+00:00][B] [INFO] Timestamp: 218 ms
[2026-09-02T18:41:54.751+00:00][B] [INFO] Transmission Result: success
[2026-09-02T18:41:54.752+00:00][B] [INFO] --------------------------------
[2026-09-02T18:41:54.757+00:00][B] [INFO] [Heartbeat #218]
[2026-09-02T18:41:54.757+00:00][B] [INFO] Sent
[2026-09-02T18:41:54.757+00:00][B] [INFO] Waiting ACK...
[2026-09-02T18:41:54.758+00:00][B] [INFO] [WAITING ACK]
[2026-09-02T18:41:54.771+00:00][B] [INFO] [RF TX] type=2 source=0x02 destination=0xFF previousHop=0x02 sequence=447 ackSequence=0 ttl=8 hops=0 payloadSize=13 rssi=0 snr=
[2026-09-02T18:41:54.772+00:00][B] [INFO] Heartbeat packet sent
[2026-09-02T18:41:55.529+00:00][A] [INFO] --------------------------------
[2026-09-02T18:41:55.530+00:00][A] [INFO] [HEARTBEAT TX]
[2026-09-02T18:41:55.534+00:00][A] [INFO] Node ID: 1
[2026-09-02T18:41:55.534+00:00][A] [INFO] type: 2
[2026-09-02T18:41:55.535+00:00][A] [INFO] Destination: 0xFF
[2026-09-02T18:41:55.537+00:00][B] [INFO] [RF RX] type=2 source=0x01 destination=0xFF previousHop=0x01 sequence=836 ackSequence=0 ttl=8 hops=0 payloadSize=13 rssi=-63 sn
[2026-09-02T18:41:55.540+00:00][A] [INFO] Sequence: 836
[2026-09-02T18:41:55.540+00:00][A] [INFO] Packet ID: 435
[2026-09-02T18:41:55.545+00:00][A] [INFO] Packet Size: 26
[2026-09-02T18:41:55.545+00:00][A] [INFO] Timestamp: 435 ms
[2026-09-02T18:41:55.550+00:00][A] [INFO] Transmission Result: success
[2026-09-02T18:41:55.551+00:00][A] [INFO] --------------------------------
[2026-09-02T18:41:55.556+00:00][A] [INFO] [Heartbeat #435]
[2026-09-02T18:41:55.556+00:00][A] [INFO] Sent
[2026-09-02T18:41:55.557+00:00][A] [INFO] Waiting ACK...
[2026-09-02T18:41:55.557+00:00][A] [INFO] [WAITING ACK]
[2026-09-02T18:41:55.570+00:00][A] [INFO] [RF TX] type=2 source=0x01 destination=0xFF previousHop=0x01 sequence=836 ackSequence=0 ttl=8 hops=0 payloadSize=13 rssi=0 snr=
[2026-09-02T18:41:55.571+00:00][A] [INFO] Heartbeat packet sent
[2026-09-02T18:41:55.645+00:00][B] [INFO] --------------------------------
[2026-09-02T18:41:55.646+00:00][B] [INFO] [HEARTBEAT TX]
[2026-09-02T18:41:55.651+00:00][B] [INFO] Node ID: 2
[2026-09-02T18:41:55.651+00:00][B] [INFO] type: 2
[2026-09-02T18:41:55.651+00:00][B] [INFO] Destination: 0xFF
[2026-09-02T18:41:55.654+00:00][A] [INFO] [RF RX] type=2 source=0x02 destination=0xFF previousHop=0x02 sequence=448 ackSequence=0 ttl=8 hops=0 payloadSize=13 rssi=-60 sn
[2026-09-02T18:41:55.656+00:00][B] [INFO] Sequence: 448
[2026-09-02T18:41:55.657+00:00][B] [INFO] Packet ID: 219
[2026-09-02T18:41:55.662+00:00][B] [INFO] Packet Size: 26
[2026-09-02T18:41:55.662+00:00][B] [INFO] Timestamp: 219 ms
[2026-09-02T18:41:55.667+00:00][B] [INFO] Transmission Result: success
[2026-09-02T18:41:55.668+00:00][B] [INFO] --------------------------------
[2026-09-02T18:41:55.673+00:00][B] [INFO] [Heartbeat #219]
[2026-09-02T18:41:55.673+00:00][B] [INFO] Sent
[2026-09-02T18:41:55.673+00:00][B] [INFO] Waiting ACK...
[2026-09-02T18:41:55.674+00:00][B] [INFO] [WAITING ACK]
[2026-09-02T18:41:55.687+00:00][B] [INFO] [RF TX] type=2 source=0x02 destination=0xFF previousHop=0x02 sequence=448 ackSequence=0 ttl=8 hops=0 payloadSize=13 rssi=0 snr=
[2026-09-02T18:41:55.688+00:00][B] [INFO] Heartbeat packet sent
[2026-09-02T18:41:56.546+00:00][A] [WARN] Retry 1
[2026-09-02T18:41:56.613+00:00][A] [INFO] --------------------------------
[2026-09-02T18:41:56.614+00:00][A] [INFO] [HEARTBEAT TX]
[2026-09-02T18:41:56.618+00:00][A] [INFO] Node ID: 1
[2026-09-02T18:41:56.619+00:00][A] [INFO] type: 2
[2026-09-02T18:41:56.619+00:00][A] [INFO] Destination: 0xFF
[2026-09-02T18:41:56.621+00:00][B] [INFO] [RF RX] type=2 source=0x01 destination=0xFF previousHop=0x01 sequence=836 ackSequence=0 ttl=8 hops=0 payloadSize=13 rssi=-61 sn
[2026-09-02T18:41:56.624+00:00][A] [INFO] Sequence: 836
[2026-09-02T18:41:56.624+00:00][A] [INFO] Packet ID: 435
[2026-09-02T18:41:56.629+00:00][A] [INFO] Packet Size: 26
[2026-09-02T18:41:56.630+00:00][A] [INFO] Timestamp: 435 ms
[2026-09-02T18:41:56.635+00:00][A] [INFO] Transmission Result: success
[2026-09-02T18:41:56.635+00:00][A] [INFO] --------------------------------
[2026-09-02T18:41:56.640+00:00][A] [INFO] [Heartbeat #435]
[2026-09-02T18:41:56.640+00:00][A] [INFO] Sent
[2026-09-02T18:41:56.641+00:00][A] [INFO] Waiting ACK...
[2026-09-02T18:41:56.641+00:00][A] [INFO] [WAITING ACK]
[2026-09-02T18:41:56.654+00:00][A] [INFO] [RF TX] type=2 source=0x01 destination=0xFF previousHop=0x01 sequence=836 ackSequence=0 ttl=8 hops=0 payloadSize=13 rssi=0 snr=
[2026-09-02T18:41:56.655+00:00][A] [INFO] Heartbeat packet sent
[2026-09-02T18:41:56.663+00:00][B] [WARN] Retry 1
[2026-09-02T18:41:56.730+00:00][B] [INFO] --------------------------------
[2026-09-02T18:41:56.730+00:00][B] [INFO] [HEARTBEAT TX]
[2026-09-02T18:41:56.735+00:00][B] [INFO] Node ID: 2
[2026-09-02T18:41:56.735+00:00][B] [INFO] type: 2
[2026-09-02T18:41:56.736+00:00][B] [INFO] Destination: 0xFF
[2026-09-02T18:41:56.738+00:00][A] [INFO] [RF RX] type=2 source=0x02 destination=0xFF previousHop=0x02 sequence=448 ackSequence=0 ttl=8 hops=0 payloadSize=13 rssi=-60 sn
[2026-09-02T18:41:56.740+00:00][B] [INFO] Sequence: 448
[2026-09-02T18:41:56.741+00:00][B] [INFO] Packet ID: 219
[2026-09-02T18:41:56.746+00:00][B] [INFO] Packet Size: 26
[2026-09-02T18:41:56.747+00:00][B] [INFO] Timestamp: 219 ms
[2026-09-02T18:41:56.751+00:00][B] [INFO] Transmission Result: success
[2026-09-02T18:41:56.752+00:00][B] [INFO] --------------------------------
[2026-09-02T18:41:56.757+00:00][B] [INFO] [Heartbeat #219]
[2026-09-02T18:41:56.757+00:00][B] [INFO] Sent
[2026-09-02T18:41:56.757+00:00][B] [INFO] Waiting ACK...
[2026-09-02T18:41:56.758+00:00][B] [INFO] [WAITING ACK]
[2026-09-02T18:41:56.771+00:00][B] [INFO] [RF TX] type=2 source=0x02 destination=0xFF previousHop=0x02 sequence=448 ackSequence=0 ttl=8 hops=0 payloadSize=13 rssi=0 snr=
[2026-09-02T18:41:56.772+00:00][B] [INFO] Heartbeat packet sent
[2026-09-02T18:41:57.529+00:00][A] [INFO] --------------------------------
[2026-09-02T18:41:57.530+00:00][A] [INFO] [HEARTBEAT TX]
[2026-09-02T18:41:57.534+00:00][A] [INFO] Node ID: 1
[2026-09-02T18:41:57.534+00:00][A] [INFO] type: 2
[2026-09-02T18:41:57.535+00:00][A] [INFO] Destination: 0xFF
[2026-09-02T18:41:57.537+00:00][B] [INFO] [RF RX] type=2 source=0x01 destination=0xFF previousHop=0x01 sequence=837 ackSequence=0 ttl=8 hops=0 payloadSize=13 rssi=-63 sn
[2026-09-02T18:41:57.540+00:00][A] [INFO] Sequence: 837
[2026-09-02T18:41:57.540+00:00][A] [INFO] Packet ID: 436
[2026-09-02T18:41:57.545+00:00][A] [INFO] Packet Size: 26
[2026-09-02T18:41:57.546+00:00][A] [INFO] Timestamp: 436 ms
[2026-09-02T18:41:57.551+00:00][A] [INFO] Transmission Result: success
[2026-09-02T18:41:57.551+00:00][A] [INFO] --------------------------------
[2026-09-02T18:41:57.556+00:00][A] [INFO] [Heartbeat #436]
[2026-09-02T18:41:57.556+00:00][A] [INFO] Sent
[2026-09-02T18:41:57.557+00:00][A] [INFO] Waiting ACK...
[2026-09-02T18:41:57.557+00:00][A] [INFO] [WAITING ACK]
[2026-09-02T18:41:57.570+00:00][A] [INFO] [RF TX] type=2 source=0x01 destination=0xFF previousHop=0x01 sequence=837 ackSequence=0 ttl=8 hops=0 payloadSize=13 rssi=0 snr=
[2026-09-02T18:41:57.571+00:00][A] [INFO] Heartbeat packet sent
[2026-09-02T18:41:57.646+00:00][B] [INFO] --------------------------------
[2026-09-02T18:41:57.646+00:00][B] [INFO] [HEARTBEAT TX]
[2026-09-02T18:41:57.651+00:00][B] [INFO] Node ID: 2
[2026-09-02T18:41:57.651+00:00][B] [INFO] type: 2
[2026-09-02T18:41:57.652+00:00][B] [INFO] Destination: 0xFF
[2026-09-02T18:41:57.654+00:00][A] [INFO] [RF RX] type=2 source=0x02 destination=0xFF previousHop=0x02 sequence=449 ackSequence=0 ttl=8 hops=0 payloadSize=13 rssi=-60 sn
[2026-09-02T18:41:57.656+00:00][B] [INFO] Sequence: 449
[2026-09-02T18:41:57.657+00:00][B] [INFO] Packet ID: 220
[2026-09-02T18:41:57.662+00:00][B] [INFO] Packet Size: 26
[2026-09-02T18:41:57.663+00:00][B] [INFO] Timestamp: 220 ms
[2026-09-02T18:41:57.667+00:00][B] [INFO] Transmission Result: success
[2026-09-02T18:41:57.668+00:00][B] [INFO] --------------------------------
[2026-09-02T18:41:57.673+00:00][B] [INFO] [Heartbeat #220]
[2026-09-02T18:41:57.673+00:00][B] [INFO] Sent
[2026-09-02T18:41:57.674+00:00][B] [INFO] Waiting ACK...
[2026-09-02T18:41:57.674+00:00][B] [INFO] [WAITING ACK]
[2026-09-02T18:41:57.687+00:00][B] [INFO] [RF TX] type=2 source=0x02 destination=0xFF previousHop=0x02 sequence=449 ackSequence=0 ttl=8 hops=0 payloadSize=13 rssi=0 snr=
[2026-09-02T18:41:57.688+00:00][B] [INFO] Heartbeat packet sent
[2026-09-02T18:41:58.546+00:00][A] [WARN] Retry 1
[2026-09-02T18:41:58.613+00:00][A] [INFO] --------------------------------
[2026-09-02T18:41:58.614+00:00][A] [INFO] [HEARTBEAT TX]
[2026-09-02T18:41:58.618+00:00][A] [INFO] Node ID: 1
[2026-09-02T18:41:58.618+00:00][A] [INFO] type: 2
[2026-09-02T18:41:58.619+00:00][A] [INFO] Destination: 0xFF
[2026-09-02T18:41:58.621+00:00][B] [INFO] [RF RX] type=2 source=0x01 destination=0xFF previousHop=0x01 sequence=837 ackSequence=0 ttl=8 hops=0 payloadSize=13 rssi=-62 sn
[2026-09-02T18:41:58.623+00:00][A] [INFO] Sequence: 837
[2026-09-02T18:41:58.624+00:00][A] [INFO] Packet ID: 436
[2026-09-02T18:41:58.629+00:00][A] [INFO] Packet Size: 26
[2026-09-02T18:41:58.629+00:00][A] [INFO] Timestamp: 436 ms
[2026-09-02T18:41:58.634+00:00][A] [INFO] Transmission Result: success
[2026-09-02T18:41:58.635+00:00][A] [INFO] --------------------------------
[2026-09-02T18:41:58.640+00:00][A] [INFO] [Heartbeat #436]
[2026-09-02T18:41:58.640+00:00][A] [INFO] Sent
[2026-09-02T18:41:58.641+00:00][A] [INFO] Waiting ACK...
[2026-09-02T18:41:58.641+00:00][A] [INFO] [WAITING ACK]
[2026-09-02T18:41:58.655+00:00][A] [INFO] [RF TX] type=2 source=0x01 destination=0xFF previousHop=0x01 sequence=837 ackSequence=0 ttl=8 hops=0 payloadSize=13 rssi=0 snr=
[2026-09-02T18:41:58.656+00:00][A] [INFO] Heartbeat packet sent
[2026-09-02T18:41:58.663+00:00][B] [WARN] Retry 1
[2026-09-02T18:41:58.730+00:00][B] [INFO] --------------------------------
[2026-09-02T18:41:58.731+00:00][B] [INFO] [HEARTBEAT TX]
[2026-09-02T18:41:58.735+00:00][B] [INFO] Node ID: 2
[2026-09-02T18:41:58.735+00:00][B] [INFO] type: 2
[2026-09-02T18:41:58.735+00:00][B] [INFO] Destination: 0xFF
[2026-09-02T18:41:58.738+00:00][A] [INFO] [RF RX] type=2 source=0x02 destination=0xFF previousHop=0x02 sequence=449 ackSequence=0 ttl=8 hops=0 payloadSize=13 rssi=-60 sn
[2026-09-02T18:41:58.740+00:00][B] [INFO] Sequence: 449
[2026-09-02T18:41:58.741+00:00][B] [INFO] Packet ID: 220
[2026-09-02T18:41:58.746+00:00][B] [INFO] Packet Size: 26
[2026-09-02T18:41:58.746+00:00][B] [INFO] Timestamp: 220 ms
[2026-09-02T18:41:58.751+00:00][B] [INFO] Transmission Result: success
[2026-09-02T18:41:58.752+00:00][B] [INFO] --------------------------------
[2026-09-02T18:41:58.757+00:00][B] [INFO] [Heartbeat #220]
[2026-09-02T18:41:58.757+00:00][B] [INFO] Sent
[2026-09-02T18:41:58.757+00:00][B] [INFO] Waiting ACK...
[2026-09-02T18:41:58.757+00:00][B] [INFO] [WAITING ACK]
[2026-09-02T18:41:58.771+00:00][B] [INFO] [RF TX] type=2 source=0x02 destination=0xFF previousHop=0x02 sequence=449 ackSequence=0 ttl=8 hops=0 payloadSize=13 rssi=0 snr=
[2026-09-02T18:41:58.771+00:00][B] [INFO] Heartbeat packet sent
[2026-09-02T18:41:59.529+00:00][A] [INFO] --------------------------------
[2026-09-02T18:41:59.530+00:00][A] [INFO] [HEARTBEAT TX]
[2026-09-02T18:41:59.534+00:00][A] [INFO] Node ID: 1
[2026-09-02T18:41:59.534+00:00][A] [INFO] type: 2
[2026-09-02T18:41:59.535+00:00][A] [INFO] Destination: 0xFF
[2026-09-02T18:41:59.537+00:00][B] [INFO] [RF RX] type=2 source=0x01 destination=0xFF previousHop=0x01 sequence=838 ackSequence=0 ttl=8 hops=0 payloadSize=13 rssi=-62 sn
[2026-09-02T18:41:59.540+00:00][A] [INFO] Sequence: 838
[2026-09-02T18:41:59.540+00:00][A] [INFO] Packet ID: 437
[2026-09-02T18:41:59.545+00:00][A] [INFO] Packet Size: 26
[2026-09-02T18:41:59.545+00:00][A] [INFO] Timestamp: 437 ms
[2026-09-02T18:41:59.550+00:00][A] [INFO] Transmission Result: success
[2026-09-02T18:41:59.551+00:00][A] [INFO] --------------------------------
[2026-09-02T18:41:59.556+00:00][A] [INFO] [Heartbeat #437]
[2026-09-02T18:41:59.556+00:00][A] [INFO] Sent
[2026-09-02T18:41:59.556+00:00][A] [INFO] Waiting ACK...
[2026-09-02T18:41:59.557+00:00][A] [INFO] [WAITING ACK]
[2026-09-02T18:41:59.570+00:00][A] [INFO] [RF TX] type=2 source=0x01 destination=0xFF previousHop=0x01 sequence=838 ackSequence=0 ttl=8 hops=0 payloadSize=13 rssi=0 snr=
[2026-09-02T18:41:59.571+00:00][A] [INFO] Heartbeat packet sent
[2026-09-02T18:41:59.645+00:00][B] [INFO] --------------------------------
[2026-09-02T18:41:59.646+00:00][B] [INFO] [HEARTBEAT TX]
[2026-09-02T18:41:59.651+00:00][B] [INFO] Node ID: 2
[2026-09-02T18:41:59.651+00:00][B] [INFO] type: 2
[2026-09-02T18:41:59.651+00:00][B] [INFO] Destination: 0xFF
[2026-09-02T18:41:59.654+00:00][A] [INFO] [RF RX] type=2 source=0x02 destination=0xFF previousHop=0x02 sequence=450 ackSequence=0 ttl=8 hops=0 payloadSize=13 rssi=-61 sn
[2026-09-02T18:41:59.656+00:00][B] [INFO] Sequence: 450
[2026-09-02T18:41:59.657+00:00][B] [INFO] Packet ID: 221
[2026-09-02T18:41:59.662+00:00][B] [INFO] Packet Size: 26
[2026-09-02T18:41:59.662+00:00][B] [INFO] Timestamp: 221 ms
[2026-09-02T18:41:59.667+00:00][B] [INFO] Transmission Result: success
[2026-09-02T18:41:59.668+00:00][B] [INFO] --------------------------------
[2026-09-02T18:41:59.673+00:00][B] [INFO] [Heartbeat #221]
[2026-09-02T18:41:59.673+00:00][B] [INFO] Sent
[2026-09-02T18:41:59.673+00:00][B] [INFO] Waiting ACK...
[2026-09-02T18:41:59.674+00:00][B] [INFO] [WAITING ACK]
[2026-09-02T18:41:59.687+00:00][B] [INFO] [RF TX] type=2 source=0x02 destination=0xFF previousHop=0x02 sequence=450 ackSequence=0 ttl=8 hops=0 payloadSize=13 rssi=0 snr=
[2026-09-02T18:41:59.688+00:00][B] [INFO] Heartbeat packet sent
[2026-09-02T18:42:00.546+00:00][A] [WARN] Retry 1
[2026-09-02T18:42:00.614+00:00][A] [INFO] --------------------------------
[2026-09-02T18:42:00.614+00:00][A] [INFO] [HEARTBEAT TX]
[2026-09-02T18:42:00.618+00:00][A] [INFO] Node ID: 1
[2026-09-02T18:42:00.618+00:00][A] [INFO] type: 2
[2026-09-02T18:42:00.619+00:00][A] [INFO] Destination: 0xFF
[2026-09-02T18:42:00.621+00:00][B] [INFO] [RF RX] type=2 source=0x01 destination=0xFF previousHop=0x01 sequence=838 ackSequence=0 ttl=8 hops=0 payloadSize=13 rssi=-63 sn
[2026-09-02T18:42:00.624+00:00][A] [INFO] Sequence: 838
[2026-09-02T18:42:00.624+00:00][A] [INFO] Packet ID: 437
[2026-09-02T18:42:00.629+00:00][A] [INFO] Packet Size: 26
[2026-09-02T18:42:00.629+00:00][A] [INFO] Timestamp: 437 ms
[2026-09-02T18:42:00.634+00:00][A] [INFO] Transmission Result: success
[2026-09-02T18:42:00.635+00:00][A] [INFO] --------------------------------
[2026-09-02T18:42:00.640+00:00][A] [INFO] [Heartbeat #437]
[2026-09-02T18:42:00.640+00:00][A] [INFO] Sent
[2026-09-02T18:42:00.640+00:00][A] [INFO] Waiting ACK...
[2026-09-02T18:42:00.641+00:00][A] [INFO] [WAITING ACK]
[2026-09-02T18:42:00.654+00:00][A] [INFO] [RF TX] type=2 source=0x01 destination=0xFF previousHop=0x01 sequence=838 ackSequence=0 ttl=8 hops=0 payloadSize=13 rssi=0 snr=
[2026-09-02T18:42:00.655+00:00][A] [INFO] Heartbeat packet sent
[2026-09-02T18:42:00.662+00:00][B] [WARN] Retry 1
[2026-09-02T18:42:00.730+00:00][B] [INFO] --------------------------------
[2026-09-02T18:42:00.730+00:00][B] [INFO] [HEARTBEAT TX]
[2026-09-02T18:42:00.735+00:00][B] [INFO] Node ID: 2
[2026-09-02T18:42:00.735+00:00][B] [INFO] type: 2
[2026-09-02T18:42:00.736+00:00][B] [INFO] Destination: 0xFF
[2026-09-02T18:42:00.738+00:00][A] [INFO] [RF RX] type=2 source=0x02 destination=0xFF previousHop=0x02 sequence=450 ackSequence=0 ttl=8 hops=0 payloadSize=13 rssi=-60 sn
[2026-09-02T18:42:00.740+00:00][B] [INFO] Sequence: 450
[2026-09-02T18:42:00.741+00:00][B] [INFO] Packet ID: 221
[2026-09-02T18:42:00.746+00:00][B] [INFO] Packet Size: 26
[2026-09-02T18:42:00.746+00:00][B] [INFO] Timestamp: 221 ms
[2026-09-02T18:42:00.751+00:00][B] [INFO] Transmission Result: success
[2026-09-02T18:42:00.752+00:00][B] [INFO] --------------------------------
[2026-09-02T18:42:00.757+00:00][B] [INFO] [Heartbeat #221]
[2026-09-02T18:42:00.757+00:00][B] [INFO] Sent
[2026-09-02T18:42:00.758+00:00][B] [INFO] Waiting ACK...
[2026-09-02T18:42:00.758+00:00][B] [INFO] [WAITING ACK]
[2026-09-02T18:42:00.771+00:00][B] [INFO] [RF TX] type=2 source=0x02 destination=0xFF previousHop=0x02 sequence=450 ackSequence=0 ttl=8 hops=0 payloadSize=13 rssi=0 snr=
[2026-09-02T18:42:00.771+00:00][B] [INFO] Heartbeat packet sent
[2026-09-02T18:42:01.529+00:00][A] [INFO] --------------------------------
[2026-09-02T18:42:01.530+00:00][A] [INFO] [HEARTBEAT TX]
[2026-09-02T18:42:01.534+00:00][A] [INFO] Node ID: 1
[2026-09-02T18:42:01.535+00:00][A] [INFO] type: 2
[2026-09-02T18:42:01.535+00:00][A] [INFO] Destination: 0xFF
[2026-09-02T18:42:01.537+00:00][B] [INFO] [RF RX] type=2 source=0x01 destination=0xFF previousHop=0x01 sequence=839 ackSequence=0 ttl=8 hops=0 payloadSize=13 rssi=-61 sn
[2026-09-02T18:42:01.539+00:00][A] [INFO] Sequence: 839
[2026-09-02T18:42:01.540+00:00][A] [INFO] Packet ID: 438
[2026-09-02T18:42:01.545+00:00][A] [INFO] Packet Size: 26
[2026-09-02T18:42:01.545+00:00][A] [INFO] Timestamp: 438 ms
[2026-09-02T18:42:01.550+00:00][A] [INFO] Transmission Result: success
[2026-09-02T18:42:01.551+00:00][A] [INFO] --------------------------------
[2026-09-02T18:42:01.556+00:00][A] [INFO] [Heartbeat #438]
[2026-09-02T18:42:01.556+00:00][A] [INFO] Sent
[2026-09-02T18:42:01.557+00:00][A] [INFO] Waiting ACK...
[2026-09-02T18:42:01.557+00:00][A] [INFO] [WAITING ACK]
[2026-09-02T18:42:01.570+00:00][A] [INFO] [RF TX] type=2 source=0x01 destination=0xFF previousHop=0x01 sequence=839 ackSequence=0 ttl=8 hops=0 payloadSize=13 rssi=0 snr=
[2026-09-02T18:42:01.571+00:00][A] [INFO] Heartbeat packet sent
[2026-09-02T18:42:01.645+00:00][B] [INFO] --------------------------------
[2026-09-02T18:42:01.646+00:00][B] [INFO] [HEARTBEAT TX]
[2026-09-02T18:42:01.651+00:00][B] [INFO] Node ID: 2
[2026-09-02T18:42:01.651+00:00][B] [INFO] type: 2
[2026-09-02T18:42:01.651+00:00][B] [INFO] Destination: 0xFF
[2026-09-02T18:42:01.654+00:00][A] [INFO] [RF RX] type=2 source=0x02 destination=0xFF previousHop=0x02 sequence=451 ackSequence=0 ttl=8 hops=0 payloadSize=13 rssi=-60 sn
[2026-09-02T18:42:01.656+00:00][B] [INFO] Sequence: 451
[2026-09-02T18:42:01.656+00:00][B] [INFO] Packet ID: 222
[2026-09-02T18:42:01.662+00:00][B] [INFO] Packet Size: 26
[2026-09-02T18:42:01.662+00:00][B] [INFO] Timestamp: 222 ms
[2026-09-02T18:42:01.667+00:00][B] [INFO] Transmission Result: success
[2026-09-02T18:42:01.668+00:00][B] [INFO] --------------------------------
[2026-09-02T18:42:01.673+00:00][B] [INFO] [Heartbeat #222]
[2026-09-02T18:42:01.673+00:00][B] [INFO] Sent
[2026-09-02T18:42:01.673+00:00][B] [INFO] Waiting ACK...
[2026-09-02T18:42:01.674+00:00][B] [INFO] [WAITING ACK]
[2026-09-02T18:42:01.687+00:00][B] [INFO] [RF TX] type=2 source=0x02 destination=0xFF previousHop=0x02 sequence=451 ackSequence=0 ttl=8 hops=0 payloadSize=13 rssi=0 snr=
[2026-09-02T18:42:01.687+00:00][B] [INFO] Heartbeat packet sent
[2026-09-02T18:42:02.546+00:00][A] [WARN] Retry 1
[2026-09-02T18:42:02.613+00:00][A] [INFO] --------------------------------
[2026-09-02T18:42:02.614+00:00][A] [INFO] [HEARTBEAT TX]
[2026-09-02T18:42:02.618+00:00][A] [INFO] Node ID: 1
[2026-09-02T18:42:02.618+00:00][A] [INFO] type: 2
[2026-09-02T18:42:02.619+00:00][A] [INFO] Destination: 0xFF
[2026-09-02T18:42:02.622+00:00][B] [INFO] [RF RX] type=2 source=0x01 destination=0xFF previousHop=0x01 sequence=839 ackSequence=0 ttl=8 hops=0 payloadSize=13 rssi=-61 sn
[2026-09-02T18:42:02.624+00:00][A] [INFO] Sequence: 839
[2026-09-02T18:42:02.624+00:00][A] [INFO] Packet ID: 438
[2026-09-02T18:42:02.629+00:00][A] [INFO] Packet Size: 26
[2026-09-02T18:42:02.629+00:00][A] [INFO] Timestamp: 438 ms
[2026-09-02T18:42:02.634+00:00][A] [INFO] Transmission Result: success
[2026-09-02T18:42:02.635+00:00][A] [INFO] --------------------------------
[2026-09-02T18:42:02.640+00:00][A] [INFO] [Heartbeat #438]
[2026-09-02T18:42:02.640+00:00][A] [INFO] Sent
[2026-09-02T18:42:02.640+00:00][A] [INFO] Waiting ACK...
[2026-09-02T18:42:02.641+00:00][A] [INFO] [WAITING ACK]
[2026-09-02T18:42:02.654+00:00][A] [INFO] [RF TX] type=2 source=0x01 destination=0xFF previousHop=0x01 sequence=839 ackSequence=0 ttl=8 hops=0 payloadSize=13 rssi=0 snr=
[2026-09-02T18:42:02.654+00:00][A] [INFO] Heartbeat packet sent
[2026-09-02T18:42:02.662+00:00][B] [WARN] Retry 1
[2026-09-02T18:42:02.730+00:00][B] [INFO] --------------------------------
[2026-09-02T18:42:02.730+00:00][B] [INFO] [HEARTBEAT TX]
[2026-09-02T18:42:02.735+00:00][B] [INFO] Node ID: 2
[2026-09-02T18:42:02.735+00:00][B] [INFO] type: 2
[2026-09-02T18:42:02.735+00:00][B] [INFO] Destination: 0xFF
[2026-09-02T18:42:02.738+00:00][A] [INFO] [RF RX] type=2 source=0x02 destination=0xFF previousHop=0x02 sequence=451 ackSequence=0 ttl=8 hops=0 payloadSize=13 rssi=-60 sn
[2026-09-02T18:42:02.740+00:00][B] [INFO] Sequence: 451
[2026-09-02T18:42:02.741+00:00][B] [INFO] Packet ID: 222
[2026-09-02T18:42:02.746+00:00][B] [INFO] Packet Size: 26
[2026-09-02T18:42:02.746+00:00][B] [INFO] Timestamp: 222 ms
[2026-09-02T18:42:02.751+00:00][B] [INFO] Transmission Result: success
[2026-09-02T18:42:02.752+00:00][B] [INFO] --------------------------------
[2026-09-02T18:42:02.757+00:00][B] [INFO] [Heartbeat #222]
[2026-09-02T18:42:02.757+00:00][B] [INFO] Sent
[2026-09-02T18:42:02.757+00:00][B] [INFO] Waiting ACK...
[2026-09-02T18:42:02.758+00:00][B] [INFO] [WAITING ACK]
[2026-09-02T18:42:02.771+00:00][B] [INFO] [RF TX] type=2 source=0x02 destination=0xFF previousHop=0x02 sequence=451 ackSequence=0 ttl=8 hops=0 payloadSize=13 rssi=0 snr=
[2026-09-02T18:42:02.771+00:00][B] [INFO] Heartbeat packet sent
[2026-09-02T18:42:03.528+00:00][A] [INFO] --------------------------------
[2026-09-02T18:42:03.529+00:00][A] [INFO] [HEARTBEAT TX]
[2026-09-02T18:42:03.534+00:00][A] [INFO] Node ID: 1
[2026-09-02T18:42:03.534+00:00][A] [INFO] type: 2
[2026-09-02T18:42:03.534+00:00][A] [INFO] Destination: 0xFF
[2026-09-02T18:42:03.537+00:00][B] [INFO] [RF RX] type=2 source=0x01 destination=0xFF previousHop=0x01 sequence=840 ackSequence=0 ttl=8 hops=0 payloadSize=13 rssi=-61 sn
[2026-09-02T18:42:03.539+00:00][A] [INFO] Sequence: 840
[2026-09-02T18:42:03.539+00:00][A] [INFO] Packet ID: 439
[2026-09-02T18:42:03.545+00:00][A] [INFO] Packet Size: 26
[2026-09-02T18:42:03.545+00:00][A] [INFO] Timestamp: 439 ms
[2026-09-02T18:42:03.550+00:00][A] [INFO] Transmission Result: success
[2026-09-02T18:42:03.551+00:00][A] [INFO] --------------------------------
[2026-09-02T18:42:03.556+00:00][A] [INFO] [Heartbeat #439]
[2026-09-02T18:42:03.556+00:00][A] [INFO] Sent
[2026-09-02T18:42:03.556+00:00][A] [INFO] Waiting ACK...
[2026-09-02T18:42:03.556+00:00][A] [INFO] [WAITING ACK]
[2026-09-02T18:42:03.570+00:00][A] [INFO] [RF TX] type=2 source=0x01 destination=0xFF previousHop=0x01 sequence=840 ackSequence=0 ttl=8 hops=0 payloadSize=13 rssi=0 snr=
[2026-09-02T18:42:03.570+00:00][A] [INFO] Heartbeat packet sent
[2026-09-02T18:42:03.646+00:00][B] [INFO] --------------------------------
[2026-09-02T18:42:03.646+00:00][B] [INFO] [HEARTBEAT TX]
[2026-09-02T18:42:03.651+00:00][B] [INFO] Node ID: 2
[2026-09-02T18:42:03.651+00:00][B] [INFO] type: 2
[2026-09-02T18:42:03.651+00:00][B] [INFO] Destination: 0xFF
[2026-09-02T18:42:03.654+00:00][A] [INFO] [RF RX] type=2 source=0x02 destination=0xFF previousHop=0x02 sequence=452 ackSequence=0 ttl=8 hops=0 payloadSize=13 rssi=-61 sn
[2026-09-02T18:42:03.656+00:00][B] [INFO] Sequence: 452
[2026-09-02T18:42:03.656+00:00][B] [INFO] Packet ID: 223
[2026-09-02T18:42:03.662+00:00][B] [INFO] Packet Size: 26
[2026-09-02T18:42:03.662+00:00][B] [INFO] Timestamp: 223 ms
[2026-09-02T18:42:03.667+00:00][B] [INFO] Transmission Result: success
[2026-09-02T18:42:03.668+00:00][B] [INFO] --------------------------------
[2026-09-02T18:42:03.673+00:00][B] [INFO] [Heartbeat #223]
[2026-09-02T18:42:03.673+00:00][B] [INFO] Sent
[2026-09-02T18:42:03.673+00:00][B] [INFO] Waiting ACK...
[2026-09-02T18:42:03.674+00:00][B] [INFO] [WAITING ACK]
[2026-09-02T18:42:03.687+00:00][B] [INFO] [RF TX] type=2 source=0x02 destination=0xFF previousHop=0x02 sequence=452 ackSequence=0 ttl=8 hops=0 payloadSize=13 rssi=0 snr=
[2026-09-02T18:42:03.687+00:00][B] [INFO] Heartbeat packet sent
[2026-09-02T18:42:04.546+00:00][A] [WARN] Retry 1
[2026-09-02T18:42:04.613+00:00][A] [INFO] --------------------------------
[2026-09-02T18:42:04.614+00:00][A] [INFO] [HEARTBEAT TX]
[2026-09-02T18:42:04.618+00:00][A] [INFO] Node ID: 1
[2026-09-02T18:42:04.618+00:00][A] [INFO] type: 2
[2026-09-02T18:42:04.619+00:00][A] [INFO] Destination: 0xFF
[2026-09-02T18:42:04.621+00:00][B] [INFO] [RF RX] type=2 source=0x01 destination=0xFF previousHop=0x01 sequence=840 ackSequence=0 ttl=8 hops=0 payloadSize=13 rssi=-61 sn
[2026-09-02T18:42:04.623+00:00][A] [INFO] Sequence: 840
[2026-09-02T18:42:04.624+00:00][A] [INFO] Packet ID: 439
[2026-09-02T18:42:04.629+00:00][A] [INFO] Packet Size: 26
[2026-09-02T18:42:04.629+00:00][A] [INFO] Timestamp: 439 ms
[2026-09-02T18:42:04.634+00:00][A] [INFO] Transmission Result: success
[2026-09-02T18:42:04.635+00:00][A] [INFO] --------------------------------
[2026-09-02T18:42:04.640+00:00][A] [INFO] [Heartbeat #439]
[2026-09-02T18:42:04.640+00:00][A] [INFO] Sent
[2026-09-02T18:42:04.640+00:00][A] [INFO] Waiting ACK...
[2026-09-02T18:42:04.641+00:00][A] [INFO] [WAITING ACK]
[2026-09-02T18:42:04.654+00:00][A] [INFO] [RF TX] type=2 source=0x01 destination=0xFF previousHop=0x01 sequence=840 ackSequence=0 ttl=8 hops=0 payloadSize=13 rssi=0 snr=
[2026-09-02T18:42:04.655+00:00][A] [INFO] Heartbeat packet sent
[2026-09-02T18:42:04.662+00:00][B] [WARN] Retry 1
[2026-09-02T18:42:04.730+00:00][B] [INFO] --------------------------------
[2026-09-02T18:42:04.730+00:00][B] [INFO] [HEARTBEAT TX]
[2026-09-02T18:42:04.735+00:00][B] [INFO] Node ID: 2
[2026-09-02T18:42:04.735+00:00][B] [INFO] type: 2
[2026-09-02T18:42:04.735+00:00][B] [INFO] Destination: 0xFF
[2026-09-02T18:42:04.738+00:00][A] [INFO] [RF RX] type=2 source=0x02 destination=0xFF previousHop=0x02 sequence=452 ackSequence=0 ttl=8 hops=0 payloadSize=13 rssi=-60 sn
[2026-09-02T18:42:04.740+00:00][B] [INFO] Sequence: 452
[2026-09-02T18:42:04.740+00:00][B] [INFO] Packet ID: 223
[2026-09-02T18:42:04.746+00:00][B] [INFO] Packet Size: 26
[2026-09-02T18:42:04.746+00:00][B] [INFO] Timestamp: 223 ms
[2026-09-02T18:42:04.751+00:00][B] [INFO] Transmission Result: success
[2026-09-02T18:42:04.752+00:00][B] [INFO] --------------------------------
[2026-09-02T18:42:04.757+00:00][B] [INFO] [Heartbeat #223]
[2026-09-02T18:42:04.757+00:00][B] [INFO] Sent
[2026-09-02T18:42:04.757+00:00][B] [INFO] Waiting ACK...
[2026-09-02T18:42:04.757+00:00][B] [INFO] [WAITING ACK]
[2026-09-02T18:42:04.771+00:00][B] [INFO] [RF TX] type=2 source=0x02 destination=0xFF previousHop=0x02 sequence=452 ackSequence=0 ttl=8 hops=0 payloadSize=13 rssi=0 snr=
[2026-09-02T18:42:04.771+00:00][B] [INFO] Heartbeat packet sent
[2026-09-02T18:42:05.529+00:00][A] [INFO] --------------------------------
[2026-09-02T18:42:05.529+00:00][A] [INFO] [HEARTBEAT TX]
[2026-09-02T18:42:05.534+00:00][A] [INFO] Node ID: 1
[2026-09-02T18:42:05.534+00:00][A] [INFO] type: 2
[2026-09-02T18:42:05.535+00:00][A] [INFO] Destination: 0xFF
[2026-09-02T18:42:05.537+00:00][B] [INFO] [RF RX] type=2 source=0x01 destination=0xFF previousHop=0x01 sequence=841 ackSequence=0 ttl=8 hops=0 payloadSize=13 rssi=-61 sn
[2026-09-02T18:42:05.539+00:00][A] [INFO] Sequence: 841
[2026-09-02T18:42:05.540+00:00][A] [INFO] Packet ID: 440
[2026-09-02T18:42:05.545+00:00][A] [INFO] Packet Size: 26
[2026-09-02T18:42:05.545+00:00][A] [INFO] Timestamp: 440 ms
[2026-09-02T18:42:05.550+00:00][A] [INFO] Transmission Result: success
[2026-09-02T18:42:05.551+00:00][A] [INFO] --------------------------------
[2026-09-02T18:42:05.556+00:00][A] [INFO] [Heartbeat #440]
[2026-09-02T18:42:05.556+00:00][A] [INFO] Sent
[2026-09-02T18:42:05.556+00:00][A] [INFO] Waiting ACK...
[2026-09-02T18:42:05.556+00:00][A] [INFO] [WAITING ACK]
[2026-09-02T18:42:05.570+00:00][A] [INFO] [RF TX] type=2 source=0x01 destination=0xFF previousHop=0x01 sequence=841 ackSequence=0 ttl=8 hops=0 payloadSize=13 rssi=0 snr=
[2026-09-02T18:42:05.571+00:00][A] [INFO] Heartbeat packet sent
[2026-09-02T18:42:05.645+00:00][B] [INFO] --------------------------------
[2026-09-02T18:42:05.645+00:00][B] [INFO] [HEARTBEAT TX]
[2026-09-02T18:42:05.650+00:00][B] [INFO] Node ID: 2
[2026-09-02T18:42:05.651+00:00][B] [INFO] type: 2
[2026-09-02T18:42:05.651+00:00][B] [INFO] Destination: 0xFF
[2026-09-02T18:42:05.653+00:00][A] [INFO] [RF RX] type=2 source=0x02 destination=0xFF previousHop=0x02 sequence=453 ackSequence=0 ttl=8 hops=0 payloadSize=13 rssi=-61 sn
[2026-09-02T18:42:05.656+00:00][B] [INFO] Sequence: 453
[2026-09-02T18:42:05.656+00:00][B] [INFO] Packet ID: 224
[2026-09-02T18:42:05.662+00:00][B] [INFO] Packet Size: 26
[2026-09-02T18:42:05.662+00:00][B] [INFO] Timestamp: 224 ms
[2026-09-02T18:42:05.667+00:00][B] [INFO] Transmission Result: success
[2026-09-02T18:42:05.667+00:00][B] [INFO] --------------------------------
[2026-09-02T18:42:05.673+00:00][B] [INFO] [Heartbeat #224]
[2026-09-02T18:42:05.673+00:00][B] [INFO] Sent
[2026-09-02T18:42:05.673+00:00][B] [INFO] Waiting ACK...
[2026-09-02T18:42:05.673+00:00][B] [INFO] [WAITING ACK]
[2026-09-02T18:42:05.687+00:00][B] [INFO] [RF TX] type=2 source=0x02 destination=0xFF previousHop=0x02 sequence=453 ackSequence=0 ttl=8 hops=0 payloadSize=13 rssi=0 snr=
[2026-09-02T18:42:05.687+00:00][B] [INFO] Heartbeat packet sent
[2026-09-02T18:42:06.545+00:00][A] [WARN] Retry 1
[2026-09-02T18:42:06.612+00:00][A] [INFO] --------------------------------
[2026-09-02T18:42:06.612+00:00][A] [INFO] [HEARTBEAT TX]
[2026-09-02T18:42:06.618+00:00][A] [INFO] Node ID: 1
[2026-09-02T18:42:06.618+00:00][A] [INFO] type: 2
[2026-09-02T18:42:06.618+00:00][A] [INFO] Destination: 0xFF
[2026-09-02T18:42:06.621+00:00][B] [INFO] [RF RX] type=2 source=0x01 destination=0xFF previousHop=0x01 sequence=841 ackSequence=0 ttl=8 hops=0 payloadSize=13 rssi=-62 sn
[2026-09-02T18:42:06.623+00:00][A] [INFO] Sequence: 841
[2026-09-02T18:42:06.623+00:00][A] [INFO] Packet ID: 440
[2026-09-02T18:42:06.629+00:00][A] [INFO] Packet Size: 26
[2026-09-02T18:42:06.629+00:00][A] [INFO] Timestamp: 440 ms
[2026-09-02T18:42:06.634+00:00][A] [INFO] Transmission Result: success
[2026-09-02T18:42:06.634+00:00][A] [INFO] --------------------------------
[2026-09-02T18:42:06.640+00:00][A] [INFO] [Heartbeat #440]
[2026-09-02T18:42:06.640+00:00][A] [INFO] Sent
[2026-09-02T18:42:06.640+00:00][A] [INFO] Waiting ACK...
[2026-09-02T18:42:06.640+00:00][A] [INFO] [WAITING ACK]
[2026-09-02T18:42:06.654+00:00][A] [INFO] [RF TX] type=2 source=0x01 destination=0xFF previousHop=0x01 sequence=841 ackSequence=0 ttl=8 hops=0 payloadSize=13 rssi=0 snr=
[2026-09-02T18:42:06.654+00:00][A] [INFO] Heartbeat packet sent
[2026-09-02T18:42:06.662+00:00][B] [WARN] Retry 1
[2026-09-02T18:42:06.729+00:00][B] [INFO] --------------------------------
[2026-09-02T18:42:06.729+00:00][B] [INFO] [HEARTBEAT TX]
[2026-09-02T18:42:06.734+00:00][B] [INFO] Node ID: 2
[2026-09-02T18:42:06.735+00:00][B] [INFO] type: 2
[2026-09-02T18:42:06.735+00:00][B] [INFO] Destination: 0xFF
[2026-09-02T18:42:06.737+00:00][A] [INFO] [RF RX] type=2 source=0x02 destination=0xFF previousHop=0x02 sequence=453 ackSequence=0 ttl=8 hops=0 payloadSize=13 rssi=-60 sn
[2026-09-02T18:42:06.740+00:00][B] [INFO] Sequence: 453
[2026-09-02T18:42:06.740+00:00][B] [INFO] Packet ID: 224
[2026-09-02T18:42:06.746+00:00][B] [INFO] Packet Size: 26
[2026-09-02T18:42:06.746+00:00][B] [INFO] Timestamp: 224 ms
[2026-09-02T18:42:06.751+00:00][B] [INFO] Transmission Result: success
[2026-09-02T18:42:06.752+00:00][B] [INFO] --------------------------------
[2026-09-02T18:42:06.757+00:00][B] [INFO] [Heartbeat #224]
[2026-09-02T18:42:06.757+00:00][B] [INFO] Sent
[2026-09-02T18:42:06.757+00:00][B] [INFO] Waiting ACK...
[2026-09-02T18:42:06.757+00:00][B] [INFO] [WAITING ACK]
[2026-09-02T18:42:06.771+00:00][B] [INFO] [RF TX] type=2 source=0x02 destination=0xFF previousHop=0x02 sequence=453 ackSequence=0 ttl=8 hops=0 payloadSize=13 rssi=0 snr=
[2026-09-02T18:42:06.771+00:00][B] [INFO] Heartbeat packet sent
[2026-09-02T18:42:07.529+00:00][A] [INFO] --------------------------------
[2026-09-02T18:42:07.529+00:00][A] [INFO] [HEARTBEAT TX]
[2026-09-02T18:42:07.534+00:00][A] [INFO] Node ID: 1
[2026-09-02T18:42:07.534+00:00][A] [INFO] type: 2
[2026-09-02T18:42:07.535+00:00][A] [INFO] Destination: 0xFF
[2026-09-02T18:42:07.537+00:00][B] [INFO] [RF RX] type=2 source=0x01 destination=0xFF previousHop=0x01 sequence=842 ackSequence=0 ttl=8 hops=0 payloadSize=13 rssi=-62 sn
[2026-09-02T18:42:07.539+00:00][A] [INFO] Sequence: 842
[2026-09-02T18:42:07.540+00:00][A] [INFO] Packet ID: 441
[2026-09-02T18:42:07.545+00:00][A] [INFO] Packet Size: 26
[2026-09-02T18:42:07.545+00:00][A] [INFO] Timestamp: 441 ms
[2026-09-02T18:42:07.550+00:00][A] [INFO] Transmission Result: success
[2026-09-02T18:42:07.551+00:00][A] [INFO] --------------------------------
[2026-09-02T18:42:07.556+00:00][A] [INFO] [Heartbeat #441]
[2026-09-02T18:42:07.556+00:00][A] [INFO] Sent
[2026-09-02T18:42:07.556+00:00][A] [INFO] Waiting ACK...
[2026-09-02T18:42:07.557+00:00][A] [INFO] [WAITING ACK]
[2026-09-02T18:42:07.570+00:00][A] [INFO] [RF TX] type=2 source=0x01 destination=0xFF previousHop=0x01 sequence=842 ackSequence=0 ttl=8 hops=0 payloadSize=13 rssi=0 snr=
[2026-09-02T18:42:07.571+00:00][A] [INFO] Heartbeat packet sent
[2026-09-02T18:42:07.645+00:00][B] [INFO] --------------------------------
[2026-09-02T18:42:07.646+00:00][B] [INFO] [HEARTBEAT TX]
[2026-09-02T18:42:07.651+00:00][B] [INFO] Node ID: 2
[2026-09-02T18:42:07.651+00:00][B] [INFO] type: 2
[2026-09-02T18:42:07.651+00:00][B] [INFO] Destination: 0xFF
[2026-09-02T18:42:07.653+00:00][A] [INFO] [RF RX] type=2 source=0x02 destination=0xFF previousHop=0x02 sequence=454 ackSequence=0 ttl=8 hops=0 payloadSize=13 rssi=-60 sn
[2026-09-02T18:42:07.656+00:00][B] [INFO] Sequence: 454
[2026-09-02T18:42:07.656+00:00][B] [INFO] Packet ID: 225
[2026-09-02T18:42:07.662+00:00][B] [INFO] Packet Size: 26
[2026-09-02T18:42:07.662+00:00][B] [INFO] Timestamp: 225 ms
[2026-09-02T18:42:07.667+00:00][B] [INFO] Transmission Result: success
[2026-09-02T18:42:07.668+00:00][B] [INFO] --------------------------------
[2026-09-02T18:42:07.673+00:00][B] [INFO] [Heartbeat #225]
[2026-09-02T18:42:07.673+00:00][B] [INFO] Sent
[2026-09-02T18:42:07.673+00:00][B] [INFO] Waiting ACK...
[2026-09-02T18:42:07.673+00:00][B] [INFO] [WAITING ACK]
[2026-09-02T18:42:07.687+00:00][B] [INFO] [RF TX] type=2 source=0x02 destination=0xFF previousHop=0x02 sequence=454 ackSequence=0 ttl=8 hops=0 payloadSize=13 rssi=0 snr=
[2026-09-02T18:42:07.687+00:00][B] [INFO] Heartbeat packet sent
[2026-09-02T18:42:08.546+00:00][A] [WARN] Retry 1
[2026-09-02T18:42:08.613+00:00][A] [INFO] --------------------------------
[2026-09-02T18:42:08.614+00:00][A] [INFO] [HEARTBEAT TX]
[2026-09-02T18:42:08.618+00:00][A] [INFO] Node ID: 1
[2026-09-02T18:42:08.618+00:00][A] [INFO] type: 2
[2026-09-02T18:42:08.619+00:00][A] [INFO] Destination: 0xFF
[2026-09-02T18:42:08.621+00:00][B] [INFO] [RF RX] type=2 source=0x01 destination=0xFF previousHop=0x01 sequence=842 ackSequence=0 ttl=8 hops=0 payloadSize=13 rssi=-62 sn
[2026-09-02T18:42:08.623+00:00][A] [INFO] Sequence: 842
[2026-09-02T18:42:08.624+00:00][A] [INFO] Packet ID: 441
[2026-09-02T18:42:08.629+00:00][A] [INFO] Packet Size: 26
[2026-09-02T18:42:08.629+00:00][A] [INFO] Timestamp: 441 ms
[2026-09-02T18:42:08.634+00:00][A] [INFO] Transmission Result: success
[2026-09-02T18:42:08.635+00:00][A] [INFO] --------------------------------
[2026-09-02T18:42:08.640+00:00][A] [INFO] [Heartbeat #441]
[2026-09-02T18:42:08.640+00:00][A] [INFO] Sent
[2026-09-02T18:42:08.640+00:00][A] [INFO] Waiting ACK...
[2026-09-02T18:42:08.641+00:00][A] [INFO] [WAITING ACK]
[2026-09-02T18:42:08.654+00:00][A] [INFO] [RF TX] type=2 source=0x01 destination=0xFF previousHop=0x01 sequence=842 ackSequence=0 ttl=8 hops=0 payloadSize=13 rssi=0 snr=
[2026-09-02T18:42:08.655+00:00][A] [INFO] Heartbeat packet sent
[2026-09-02T18:42:08.662+00:00][B] [WARN] Retry 1
[2026-09-02T18:42:08.730+00:00][B] [INFO] --------------------------------
[2026-09-02T18:42:08.730+00:00][B] [INFO] [HEARTBEAT TX]
[2026-09-02T18:42:08.735+00:00][B] [INFO] Node ID: 2
[2026-09-02T18:42:08.735+00:00][B] [INFO] type: 2
[2026-09-02T18:42:08.735+00:00][B] [INFO] Destination: 0xFF
[2026-09-02T18:42:08.738+00:00][A] [INFO] [RF RX] type=2 source=0x02 destination=0xFF previousHop=0x02 sequence=454 ackSequence=0 ttl=8 hops=0 payloadSize=13 rssi=-61 sn
[2026-09-02T18:42:08.740+00:00][B] [INFO] Sequence: 454
[2026-09-02T18:42:08.741+00:00][B] [INFO] Packet ID: 225
[2026-09-02T18:42:08.745+00:00][B] [INFO] Packet Size: 26
[2026-09-02T18:42:08.746+00:00][B] [INFO] Timestamp: 225 ms
[2026-09-02T18:42:08.751+00:00][B] [INFO] Transmission Result: success
[2026-09-02T18:42:08.752+00:00][B] [INFO] --------------------------------
[2026-09-02T18:42:08.757+00:00][B] [INFO] [Heartbeat #225]
[2026-09-02T18:42:08.757+00:00][B] [INFO] Sent
[2026-09-02T18:42:08.757+00:00][B] [INFO] Waiting ACK...
[2026-09-02T18:42:08.758+00:00][B] [INFO] [WAITING ACK]
[2026-09-02T18:42:08.771+00:00][B] [INFO] [RF TX] type=2 source=0x02 destination=0xFF previousHop=0x02 sequence=454 ackSequence=0 ttl=8 hops=0 payloadSize=13 rssi=0 snr=
[2026-09-02T18:42:08.771+00:00][B] [INFO] Heartbeat packet sent
[2026-09-02T18:42:09.529+00:00][A] [INFO] --------------------------------
[2026-09-02T18:42:09.529+00:00][A] [INFO] [HEARTBEAT TX]
[2026-09-02T18:42:09.534+00:00][A] [INFO] Node ID: 1
[2026-09-02T18:42:09.534+00:00][A] [INFO] type: 2
[2026-09-02T18:42:09.535+00:00][A] [INFO] Destination: 0xFF
[2026-09-02T18:42:09.537+00:00][B] [INFO] [RF RX] type=2 source=0x01 destination=0xFF previousHop=0x01 sequence=843 ackSequence=0 ttl=8 hops=0 payloadSize=13 rssi=-62 sn
[2026-09-02T18:42:09.539+00:00][A] [INFO] Sequence: 843
[2026-09-02T18:42:09.540+00:00][A] [INFO] Packet ID: 442
[2026-09-02T18:42:09.545+00:00][A] [INFO] Packet Size: 26
[2026-09-02T18:42:09.545+00:00][A] [INFO] Timestamp: 442 ms
[2026-09-02T18:42:09.550+00:00][A] [INFO] Transmission Result: success
[2026-09-02T18:42:09.551+00:00][A] [INFO] --------------------------------
[2026-09-02T18:42:09.556+00:00][A] [INFO] [Heartbeat #442]
[2026-09-02T18:42:09.556+00:00][A] [INFO] Sent
[2026-09-02T18:42:09.556+00:00][A] [INFO] Waiting ACK...
[2026-09-02T18:42:09.557+00:00][A] [INFO] [WAITING ACK]
[2026-09-02T18:42:09.570+00:00][A] [INFO] [RF TX] type=2 source=0x01 destination=0xFF previousHop=0x01 sequence=843 ackSequence=0 ttl=8 hops=0 payloadSize=13 rssi=0 snr=
[2026-09-02T18:42:09.571+00:00][A] [INFO] Heartbeat packet sent
[2026-09-02T18:42:09.645+00:00][B] [INFO] --------------------------------
[2026-09-02T18:42:09.646+00:00][B] [INFO] [HEARTBEAT TX]
[2026-09-02T18:42:09.651+00:00][B] [INFO] Node ID: 2
[2026-09-02T18:42:09.651+00:00][B] [INFO] type: 2
[2026-09-02T18:42:09.651+00:00][B] [INFO] Destination: 0xFF
[2026-09-02T18:42:09.654+00:00][A] [INFO] [RF RX] type=2 source=0x02 destination=0xFF previousHop=0x02 sequence=455 ackSequence=0 ttl=8 hops=0 payloadSize=13 rssi=-60 sn
[2026-09-02T18:42:09.656+00:00][B] [INFO] Sequence: 455
[2026-09-02T18:42:09.656+00:00][B] [INFO] Packet ID: 226
[2026-09-02T18:42:09.662+00:00][B] [INFO] Packet Size: 26
[2026-09-02T18:42:09.662+00:00][B] [INFO] Timestamp: 226 ms
[2026-09-02T18:42:09.667+00:00][B] [INFO] Transmission Result: success
[2026-09-02T18:42:09.668+00:00][B] [INFO] --------------------------------
[2026-09-02T18:42:09.673+00:00][B] [INFO] [Heartbeat #226]
[2026-09-02T18:42:09.673+00:00][B] [INFO] Sent
[2026-09-02T18:42:09.673+00:00][B] [INFO] Waiting ACK...
[2026-09-02T18:42:09.674+00:00][B] [INFO] [WAITING ACK]
[2026-09-02T18:42:09.687+00:00][B] [INFO] [RF TX] type=2 source=0x02 destination=0xFF previousHop=0x02 sequence=455 ackSequence=0 ttl=8 hops=0 payloadSize=13 rssi=0 snr=
[2026-09-02T18:42:09.687+00:00][B] [INFO] Heartbeat packet sent
[2026-09-02T18:42:10.545+00:00][A] [WARN] Retry 1
[2026-09-02T18:42:10.613+00:00][A] [INFO] --------------------------------
[2026-09-02T18:42:10.613+00:00][A] [INFO] [HEARTBEAT TX]
[2026-09-02T18:42:10.618+00:00][A] [INFO] Node ID: 1
[2026-09-02T18:42:10.618+00:00][A] [INFO] type: 2
[2026-09-02T18:42:10.619+00:00][A] [INFO] Destination: 0xFF
[2026-09-02T18:42:10.622+00:00][B] [INFO] [RF RX] type=2 source=0x01 destination=0xFF previousHop=0x01 sequence=843 ackSequence=0 ttl=8 hops=0 payloadSize=13 rssi=-61 sn
[2026-09-02T18:42:10.623+00:00][A] [INFO] Sequence: 843
[2026-09-02T18:42:10.624+00:00][A] [INFO] Packet ID: 442
[2026-09-02T18:42:10.629+00:00][A] [INFO] Packet Size: 26
[2026-09-02T18:42:10.629+00:00][A] [INFO] Timestamp: 442 ms
[2026-09-02T18:42:10.634+00:00][A] [INFO] Transmission Result: success
[2026-09-02T18:42:10.635+00:00][A] [INFO] --------------------------------
[2026-09-02T18:42:10.640+00:00][A] [INFO] [Heartbeat #442]
[2026-09-02T18:42:10.640+00:00][A] [INFO] Sent
[2026-09-02T18:42:10.641+00:00][A] [INFO] Waiting ACK...
[2026-09-02T18:42:10.641+00:00][A] [INFO] [WAITING ACK]
[2026-09-02T18:42:10.654+00:00][A] [INFO] [RF TX] type=2 source=0x01 destination=0xFF previousHop=0x01 sequence=843 ackSequence=0 ttl=8 hops=0 payloadSize=13 rssi=0 snr=
[2026-09-02T18:42:10.654+00:00][A] [INFO] Heartbeat packet sent
[2026-09-02T18:42:10.662+00:00][B] [WARN] Retry 1
[2026-09-02T18:42:10.730+00:00][B] [INFO] --------------------------------
[2026-09-02T18:42:10.730+00:00][B] [INFO] [HEARTBEAT TX]
[2026-09-02T18:42:10.735+00:00][B] [INFO] Node ID: 2
[2026-09-02T18:42:10.735+00:00][B] [INFO] type: 2
[2026-09-02T18:42:10.735+00:00][B] [INFO] Destination: 0xFF
[2026-09-02T18:42:10.738+00:00][A] [INFO] [RF RX] type=2 source=0x02 destination=0xFF previousHop=0x02 sequence=455 ackSequence=0 ttl=8 hops=0 payloadSize=13 rssi=-60 sn
[2026-09-02T18:42:10.740+00:00][B] [INFO] Sequence: 455
[2026-09-02T18:42:10.740+00:00][B] [INFO] Packet ID: 226
[2026-09-02T18:42:10.746+00:00][B] [INFO] Packet Size: 26
[2026-09-02T18:42:10.747+00:00][B] [INFO] Timestamp: 226 ms
[2026-09-02T18:42:10.751+00:00][B] [INFO] Transmission Result: success
[2026-09-02T18:42:10.752+00:00][B] [INFO] --------------------------------
[2026-09-02T18:42:10.757+00:00][B] [INFO] [Heartbeat #226]
[2026-09-02T18:42:10.757+00:00][B] [INFO] Sent
[2026-09-02T18:42:10.757+00:00][B] [INFO] Waiting ACK...
[2026-09-02T18:42:10.757+00:00][B] [INFO] [WAITING ACK]
[2026-09-02T18:42:10.771+00:00][B] [INFO] [RF TX] type=2 source=0x02 destination=0xFF previousHop=0x02 sequence=455 ackSequence=0 ttl=8 hops=0 payloadSize=13 rssi=0 snr=
[2026-09-02T18:42:10.771+00:00][B] [INFO] Heartbeat packet sent
[2026-09-02T18:42:11.529+00:00][A] [INFO] --------------------------------
[2026-09-02T18:42:11.529+00:00][A] [INFO] [HEARTBEAT TX]
[2026-09-02T18:42:11.534+00:00][A] [INFO] Node ID: 1
[2026-09-02T18:42:11.534+00:00][A] [INFO] type: 2
[2026-09-02T18:42:11.535+00:00][A] [INFO] Destination: 0xFF
[2026-09-02T18:42:11.537+00:00][B] [INFO] [RF RX] type=2 source=0x01 destination=0xFF previousHop=0x01 sequence=844 ackSequence=0 ttl=8 hops=0 payloadSize=13 rssi=-61 sn
[2026-09-02T18:42:11.539+00:00][A] [INFO] Sequence: 844
[2026-09-02T18:42:11.540+00:00][A] [INFO] Packet ID: 443
[2026-09-02T18:42:11.545+00:00][A] [INFO] Packet Size: 26
[2026-09-02T18:42:11.545+00:00][A] [INFO] Timestamp: 443 ms
[2026-09-02T18:42:11.550+00:00][A] [INFO] Transmission Result: success
[2026-09-02T18:42:11.551+00:00][A] [INFO] --------------------------------
[2026-09-02T18:42:11.556+00:00][A] [INFO] [Heartbeat #443]
[2026-09-02T18:42:11.556+00:00][A] [INFO] Sent
[2026-09-02T18:42:11.556+00:00][A] [INFO] Waiting ACK...
[2026-09-02T18:42:11.556+00:00][A] [INFO] [WAITING ACK]
[2026-09-02T18:42:11.570+00:00][A] [INFO] [RF TX] type=2 source=0x01 destination=0xFF previousHop=0x01 sequence=844 ackSequence=0 ttl=8 hops=0 payloadSize=13 rssi=0 snr=
[2026-09-02T18:42:11.570+00:00][A] [INFO] Heartbeat packet sent
[2026-09-02T18:42:11.645+00:00][B] [INFO] --------------------------------
[2026-09-02T18:42:11.645+00:00][B] [INFO] [HEARTBEAT TX]
[2026-09-02T18:42:11.650+00:00][B] [INFO] Node ID: 2
[2026-09-02T18:42:11.651+00:00][B] [INFO] type: 2
[2026-09-02T18:42:11.651+00:00][B] [INFO] Destination: 0xFF
[2026-09-02T18:42:11.653+00:00][A] [INFO] [RF RX] type=2 source=0x02 destination=0xFF previousHop=0x02 sequence=456 ackSequence=0 ttl=8 hops=0 payloadSize=13 rssi=-60 sn
[2026-09-02T18:42:11.656+00:00][B] [INFO] Sequence: 456
[2026-09-02T18:42:11.656+00:00][B] [INFO] Packet ID: 227
[2026-09-02T18:42:11.661+00:00][B] [INFO] Packet Size: 26
[2026-09-02T18:42:11.662+00:00][B] [INFO] Timestamp: 227 ms
[2026-09-02T18:42:11.667+00:00][B] [INFO] Transmission Result: success
[2026-09-02T18:42:11.667+00:00][B] [INFO] --------------------------------
[2026-09-02T18:42:11.673+00:00][B] [INFO] [Heartbeat #227]
[2026-09-02T18:42:11.673+00:00][B] [INFO] Sent
[2026-09-02T18:42:11.673+00:00][B] [INFO] Waiting ACK...
[2026-09-02T18:42:11.673+00:00][B] [INFO] [WAITING ACK]
[2026-09-02T18:42:11.687+00:00][B] [INFO] [RF TX] type=2 source=0x02 destination=0xFF previousHop=0x02 sequence=456 ackSequence=0 ttl=8 hops=0 payloadSize=13 rssi=0 snr=
[2026-09-02T18:42:11.687+00:00][B] [INFO] Heartbeat packet sent
[2026-09-02T18:42:12.545+00:00][A] [WARN] Retry 1
[2026-09-02T18:42:12.612+00:00][A] [INFO] --------------------------------
[2026-09-02T18:42:12.613+00:00][A] [INFO] [HEARTBEAT TX]
[2026-09-02T18:42:12.618+00:00][A] [INFO] Node ID: 1
[2026-09-02T18:42:12.618+00:00][A] [INFO] type: 2
[2026-09-02T18:42:12.618+00:00][A] [INFO] Destination: 0xFF
[2026-09-02T18:42:12.620+00:00][B] [INFO] [RF RX] type=2 source=0x01 destination=0xFF previousHop=0x01 sequence=844 ackSequence=0 ttl=8 hops=0 payloadSize=13 rssi=-62 sn
[2026-09-02T18:42:12.623+00:00][A] [INFO] Sequence: 844
[2026-09-02T18:42:12.623+00:00][A] [INFO] Packet ID: 443
[2026-09-02T18:42:12.629+00:00][A] [INFO] Packet Size: 26
[2026-09-02T18:42:12.629+00:00][A] [INFO] Timestamp: 443 ms
[2026-09-02T18:42:12.634+00:00][A] [INFO] Transmission Result: success
[2026-09-02T18:42:12.635+00:00][A] [INFO] --------------------------------
[2026-09-02T18:42:12.640+00:00][A] [INFO] [Heartbeat #443]
[2026-09-02T18:42:12.640+00:00][A] [INFO] Sent
[2026-09-02T18:42:12.640+00:00][A] [INFO] Waiting ACK...
[2026-09-02T18:42:12.640+00:00][A] [INFO] [WAITING ACK]
[2026-09-02T18:42:12.654+00:00][A] [INFO] [RF TX] type=2 source=0x01 destination=0xFF previousHop=0x01 sequence=844 ackSequence=0 ttl=8 hops=0 payloadSize=13 rssi=0 snr=
[2026-09-02T18:42:12.654+00:00][A] [INFO] Heartbeat packet sent
[2026-09-02T18:42:12.662+00:00][B] [WARN] Retry 1
[2026-09-02T18:42:12.729+00:00][B] [INFO] --------------------------------
[2026-09-02T18:42:12.730+00:00][B] [INFO] [HEARTBEAT TX]
[2026-09-02T18:42:12.735+00:00][B] [INFO] Node ID: 2
[2026-09-02T18:42:12.735+00:00][B] [INFO] type: 2
[2026-09-02T18:42:12.735+00:00][B] [INFO] Destination: 0xFF
[2026-09-02T18:42:12.737+00:00][A] [INFO] [RF RX] type=2 source=0x02 destination=0xFF previousHop=0x02 sequence=456 ackSequence=0 ttl=8 hops=0 payloadSize=13 rssi=-61 sn
[2026-09-02T18:42:12.740+00:00][B] [INFO] Sequence: 456
[2026-09-02T18:42:12.740+00:00][B] [INFO] Packet ID: 227
[2026-09-02T18:42:12.745+00:00][B] [INFO] Packet Size: 26
[2026-09-02T18:42:12.746+00:00][B] [INFO] Timestamp: 227 ms
[2026-09-02T18:42:12.751+00:00][B] [INFO] Transmission Result: success
[2026-09-02T18:42:12.752+00:00][B] [INFO] --------------------------------
[2026-09-02T18:42:12.756+00:00][B] [INFO] [Heartbeat #227]
[2026-09-02T18:42:12.757+00:00][B] [INFO] Sent
[2026-09-02T18:42:12.757+00:00][B] [INFO] Waiting ACK...
[2026-09-02T18:42:12.757+00:00][B] [INFO] [WAITING ACK]
[2026-09-02T18:42:12.771+00:00][B] [INFO] [RF TX] type=2 source=0x02 destination=0xFF previousHop=0x02 sequence=456 ackSequence=0 ttl=8 hops=0 payloadSize=13 rssi=0 snr=
[2026-09-02T18:42:12.771+00:00][B] [INFO] Heartbeat packet sent
[2026-09-02T18:42:13.529+00:00][A] [INFO] --------------------------------
[2026-09-02T18:42:13.529+00:00][A] [INFO] [HEARTBEAT TX]
[2026-09-02T18:42:13.534+00:00][A] [INFO] Node ID: 1
[2026-09-02T18:42:13.534+00:00][A] [INFO] type: 2
[2026-09-02T18:42:13.535+00:00][A] [INFO] Destination: 0xFF
[2026-09-02T18:42:13.537+00:00][B] [INFO] [RF RX] type=2 source=0x01 destination=0xFF previousHop=0x01 sequence=845 ackSequence=0 ttl=8 hops=0 payloadSize=13 rssi=-61 sn
[2026-09-02T18:42:13.539+00:00][A] [INFO] Sequence: 845
[2026-09-02T18:42:13.539+00:00][A] [INFO] Packet ID: 444
[2026-09-02T18:42:13.545+00:00][A] [INFO] Packet Size: 26
[2026-09-02T18:42:13.545+00:00][A] [INFO] Timestamp: 444 ms
[2026-09-02T18:42:13.550+00:00][A] [INFO] Transmission Result: success
[2026-09-02T18:42:13.551+00:00][A] [INFO] --------------------------------
[2026-09-02T18:42:13.556+00:00][A] [INFO] [Heartbeat #444]
[2026-09-02T18:42:13.556+00:00][A] [INFO] Sent
[2026-09-02T18:42:13.556+00:00][A] [INFO] Waiting ACK...
[2026-09-02T18:42:13.557+00:00][A] [INFO] [WAITING ACK]
[2026-09-02T18:42:13.570+00:00][A] [INFO] [RF TX] type=2 source=0x01 destination=0xFF previousHop=0x01 sequence=845 ackSequence=0 ttl=8 hops=0 payloadSize=13 rssi=0 snr=
[2026-09-02T18:42:13.570+00:00][A] [INFO] Heartbeat packet sent
[2026-09-02T18:42:13.645+00:00][B] [INFO] --------------------------------
[2026-09-02T18:42:13.645+00:00][B] [INFO] [HEARTBEAT TX]
[2026-09-02T18:42:13.650+00:00][B] [INFO] Node ID: 2
[2026-09-02T18:42:13.651+00:00][B] [INFO] type: 2
[2026-09-02T18:42:13.651+00:00][B] [INFO] Destination: 0xFF
[2026-09-02T18:42:13.653+00:00][A] [INFO] [RF RX] type=2 source=0x02 destination=0xFF previousHop=0x02 sequence=457 ackSequence=0 ttl=8 hops=0 payloadSize=13 rssi=-60 sn
[2026-09-02T18:42:13.656+00:00][B] [INFO] Sequence: 457
[2026-09-02T18:42:13.656+00:00][B] [INFO] Packet ID: 228
[2026-09-02T18:42:13.661+00:00][B] [INFO] Packet Size: 26
[2026-09-02T18:42:13.662+00:00][B] [INFO] Timestamp: 228 ms
[2026-09-02T18:42:13.667+00:00][B] [INFO] Transmission Result: success
[2026-09-02T18:42:13.667+00:00][B] [INFO] --------------------------------
[2026-09-02T18:42:13.673+00:00][B] [INFO] [Heartbeat #228]
[2026-09-02T18:42:13.673+00:00][B] [INFO] Sent
[2026-09-02T18:42:13.673+00:00][B] [INFO] Waiting ACK...
[2026-09-02T18:42:13.673+00:00][B] [INFO] [WAITING ACK]
[2026-09-02T18:42:13.687+00:00][B] [INFO] [RF TX] type=2 source=0x02 destination=0xFF previousHop=0x02 sequence=457 ackSequence=0 ttl=8 hops=0 payloadSize=13 rssi=0 snr=
[2026-09-02T18:42:13.687+00:00][B] [INFO] Heartbeat packet sent
[2026-09-02T18:42:14.546+00:00][A] [WARN] Retry 1
[2026-09-02T18:42:14.613+00:00][A] [INFO] --------------------------------
[2026-09-02T18:42:14.613+00:00][A] [INFO] [HEARTBEAT TX]
[2026-09-02T18:42:14.618+00:00][A] [INFO] Node ID: 1
[2026-09-02T18:42:14.618+00:00][A] [INFO] type: 2
[2026-09-02T18:42:14.619+00:00][A] [INFO] Destination: 0xFF
[2026-09-02T18:42:14.622+00:00][B] [INFO] [RF RX] type=2 source=0x01 destination=0xFF previousHop=0x01 sequence=845 ackSequence=0 ttl=8 hops=0 payloadSize=13 rssi=-62 sn
[2026-09-02T18:42:14.623+00:00][A] [INFO] Sequence: 845
[2026-09-02T18:42:14.623+00:00][A] [INFO] Packet ID: 444
[2026-09-02T18:42:14.629+00:00][A] [INFO] Packet Size: 26
[2026-09-02T18:42:14.630+00:00][A] [INFO] Timestamp: 444 ms
[2026-09-02T18:42:14.634+00:00][A] [INFO] Transmission Result: success
[2026-09-02T18:42:14.635+00:00][A] [INFO] --------------------------------
[2026-09-02T18:42:14.640+00:00][A] [INFO] [Heartbeat #444]
[2026-09-02T18:42:14.640+00:00][A] [INFO] Sent
[2026-09-02T18:42:14.640+00:00][A] [INFO] Waiting ACK...
[2026-09-02T18:42:14.641+00:00][A] [INFO] [WAITING ACK]
[2026-09-02T18:42:14.654+00:00][A] [INFO] [RF TX] type=2 source=0x01 destination=0xFF previousHop=0x01 sequence=845 ackSequence=0 ttl=8 hops=0 payloadSize=13 rssi=0 snr=
[2026-09-02T18:42:14.654+00:00][A] [INFO] Heartbeat packet sent
[2026-09-02T18:42:14.662+00:00][B] [WARN] Retry 1
[2026-09-02T18:42:14.729+00:00][B] [INFO] --------------------------------
[2026-09-02T18:42:14.730+00:00][B] [INFO] [HEARTBEAT TX]
[2026-09-02T18:42:14.735+00:00][B] [INFO] Node ID: 2
[2026-09-02T18:42:14.735+00:00][B] [INFO] type: 2
[2026-09-02T18:42:14.736+00:00][B] [INFO] Destination: 0xFF
[2026-09-02T18:42:14.739+00:00][A] [INFO] [RF RX] type=2 source=0x02 destination=0xFF previousHop=0x02 sequence=457 ackSequence=0 ttl=8 hops=0 payloadSize=13 rssi=-60 sn
[2026-09-02T18:42:14.740+00:00][B] [INFO] Sequence: 457
[2026-09-02T18:42:14.740+00:00][B] [INFO] Packet ID: 228
[2026-09-02T18:42:14.745+00:00][B] [INFO] Packet Size: 26
[2026-09-02T18:42:14.746+00:00][B] [INFO] Timestamp: 228 ms
[2026-09-02T18:42:14.751+00:00][B] [INFO] Transmission Result: success
[2026-09-02T18:42:14.752+00:00][B] [INFO] --------------------------------
[2026-09-02T18:42:14.756+00:00][B] [INFO] [Heartbeat #228]
[2026-09-02T18:42:14.757+00:00][B] [INFO] Sent
[2026-09-02T18:42:14.757+00:00][B] [INFO] Waiting ACK...
[2026-09-02T18:42:14.758+00:00][B] [INFO] [WAITING ACK]
[2026-09-02T18:42:14.771+00:00][B] [INFO] [RF TX] type=2 source=0x02 destination=0xFF previousHop=0x02 sequence=457 ackSequence=0 ttl=8 hops=0 payloadSize=13 rssi=0 snr=
[2026-09-02T18:42:14.771+00:00][B] [INFO] Heartbeat packet sent
[2026-09-02T18:42:15.529+00:00][A] [INFO] --------------------------------
[2026-09-02T18:42:15.529+00:00][A] [INFO] [HEARTBEAT TX]
[2026-09-02T18:42:15.534+00:00][A] [INFO] Node ID: 1
[2026-09-02T18:42:15.534+00:00][A] [INFO] type: 2
[2026-09-02T18:42:15.535+00:00][A] [INFO] Destination: 0xFF
[2026-09-02T18:42:15.537+00:00][B] [INFO] [RF RX] type=2 source=0x01 destination=0xFF previousHop=0x01 sequence=846 ackSequence=0 ttl=8 hops=0 payloadSize=13 rssi=-61 sn
[2026-09-02T18:42:15.539+00:00][A] [INFO] Sequence: 846
[2026-09-02T18:42:15.540+00:00][A] [INFO] Packet ID: 445
[2026-09-02T18:42:15.545+00:00][A] [INFO] Packet Size: 26
[2026-09-02T18:42:15.545+00:00][A] [INFO] Timestamp: 445 ms
[2026-09-02T18:42:15.550+00:00][A] [INFO] Transmission Result: success
[2026-09-02T18:42:15.551+00:00][A] [INFO] --------------------------------
[2026-09-02T18:42:15.556+00:00][A] [INFO] [Heartbeat #445]
[2026-09-02T18:42:15.556+00:00][A] [INFO] Sent
[2026-09-02T18:42:15.556+00:00][A] [INFO] Waiting ACK...
[2026-09-02T18:42:15.557+00:00][A] [INFO] [WAITING ACK]
[2026-09-02T18:42:15.570+00:00][A] [INFO] [RF TX] type=2 source=0x01 destination=0xFF previousHop=0x01 sequence=846 ackSequence=0 ttl=8 hops=0 payloadSize=13 rssi=0 snr=
[2026-09-02T18:42:15.571+00:00][A] [INFO] Heartbeat packet sent
[2026-09-02T18:42:15.645+00:00][B] [INFO] --------------------------------
[2026-09-02T18:42:15.645+00:00][B] [INFO] [HEARTBEAT TX]
[2026-09-02T18:42:15.650+00:00][B] [INFO] Node ID: 2
[2026-09-02T18:42:15.651+00:00][B] [INFO] type: 2
[2026-09-02T18:42:15.651+00:00][B] [INFO] Destination: 0xFF
[2026-09-02T18:42:15.653+00:00][A] [INFO] [RF RX] type=2 source=0x02 destination=0xFF previousHop=0x02 sequence=458 ackSequence=0 ttl=8 hops=0 payloadSize=13 rssi=-61 sn
[2026-09-02T18:42:15.656+00:00][B] [INFO] Sequence: 458
[2026-09-02T18:42:15.656+00:00][B] [INFO] Packet ID: 229
[2026-09-02T18:42:15.661+00:00][B] [INFO] Packet Size: 26
[2026-09-02T18:42:15.662+00:00][B] [INFO] Timestamp: 229 ms
[2026-09-02T18:42:15.667+00:00][B] [INFO] Transmission Result: success
[2026-09-02T18:42:15.668+00:00][B] [INFO] --------------------------------
[2026-09-02T18:42:15.672+00:00][B] [INFO] [Heartbeat #229]
[2026-09-02T18:42:15.673+00:00][B] [INFO] Sent
[2026-09-02T18:42:15.673+00:00][B] [INFO] Waiting ACK...
[2026-09-02T18:42:15.673+00:00][B] [INFO] [WAITING ACK]
[2026-09-02T18:42:15.687+00:00][B] [INFO] [RF TX] type=2 source=0x02 destination=0xFF previousHop=0x02 sequence=458 ackSequence=0 ttl=8 hops=0 payloadSize=13 rssi=0 snr=
[2026-09-02T18:42:15.687+00:00][B] [INFO] Heartbeat packet sent
[2026-09-02T18:42:16.545+00:00][A] [WARN] Retry 1
[2026-09-02T18:42:16.613+00:00][A] [INFO] --------------------------------
[2026-09-02T18:42:16.613+00:00][A] [INFO] [HEARTBEAT TX]
[2026-09-02T18:42:16.618+00:00][A] [INFO] Node ID: 1
[2026-09-02T18:42:16.618+00:00][A] [INFO] type: 2
[2026-09-02T18:42:16.618+00:00][A] [INFO] Destination: 0xFF
[2026-09-02T18:42:16.621+00:00][B] [INFO] [RF RX] type=2 source=0x01 destination=0xFF previousHop=0x01 sequence=846 ackSequence=0 ttl=8 hops=0 payloadSize=13 rssi=-62 sn
[2026-09-02T18:42:16.623+00:00][A] [INFO] Sequence: 846
[2026-09-02T18:42:16.623+00:00][A] [INFO] Packet ID: 445
[2026-09-02T18:42:16.629+00:00][A] [INFO] Packet Size: 26
[2026-09-02T18:42:16.629+00:00][A] [INFO] Timestamp: 445 ms
[2026-09-02T18:42:16.634+00:00][A] [INFO] Transmission Result: success
[2026-09-02T18:42:16.635+00:00][A] [INFO] --------------------------------
[2026-09-02T18:42:16.640+00:00][A] [INFO] [Heartbeat #445]
[2026-09-02T18:42:16.640+00:00][A] [INFO] Sent
[2026-09-02T18:42:16.640+00:00][A] [INFO] Waiting ACK...
[2026-09-02T18:42:16.640+00:00][A] [INFO] [WAITING ACK]
[2026-09-02T18:42:16.654+00:00][A] [INFO] [RF TX] type=2 source=0x01 destination=0xFF previousHop=0x01 sequence=846 ackSequence=0 ttl=8 hops=0 payloadSize=13 rssi=0 snr=
[2026-09-02T18:42:16.654+00:00][A] [INFO] Heartbeat packet sent
[2026-09-02T18:42:16.662+00:00][B] [WARN] Retry 1
[2026-09-02T18:42:16.729+00:00][B] [INFO] --------------------------------
[2026-09-02T18:42:16.730+00:00][B] [INFO] [HEARTBEAT TX]
[2026-09-02T18:42:16.734+00:00][B] [INFO] Node ID: 2
[2026-09-02T18:42:16.735+00:00][B] [INFO] type: 2
[2026-09-02T18:42:16.735+00:00][B] [INFO] Destination: 0xFF
[2026-09-02T18:42:16.737+00:00][A] [INFO] [RF RX] type=2 source=0x02 destination=0xFF previousHop=0x02 sequence=458 ackSequence=0 ttl=8 hops=0 payloadSize=13 rssi=-60 sn
[2026-09-02T18:42:16.740+00:00][B] [INFO] Sequence: 458
[2026-09-02T18:42:16.740+00:00][B] [INFO] Packet ID: 229
[2026-09-02T18:42:16.745+00:00][B] [INFO] Packet Size: 26
[2026-09-02T18:42:16.746+00:00][B] [INFO] Timestamp: 229 ms
[2026-09-02T18:42:16.751+00:00][B] [INFO] Transmission Result: success
[2026-09-02T18:42:16.752+00:00][B] [INFO] --------------------------------
[2026-09-02T18:42:16.756+00:00][B] [INFO] [Heartbeat #229]
[2026-09-02T18:42:16.757+00:00][B] [INFO] Sent
[2026-09-02T18:42:16.757+00:00][B] [INFO] Waiting ACK...
[2026-09-02T18:42:16.757+00:00][B] [INFO] [WAITING ACK]
[2026-09-02T18:42:16.771+00:00][B] [INFO] [RF TX] type=2 source=0x02 destination=0xFF previousHop=0x02 sequence=458 ackSequence=0 ttl=8 hops=0 payloadSize=13 rssi=0 snr=
[2026-09-02T18:42:16.771+00:00][B] [INFO] Heartbeat packet sent
[2026-09-02T18:42:17.529+00:00][A] [INFO] --------------------------------
[2026-09-02T18:42:17.529+00:00][A] [INFO] [HEARTBEAT TX]
[2026-09-02T18:42:17.534+00:00][A] [INFO] Node ID: 1
[2026-09-02T18:42:17.534+00:00][A] [INFO] type: 2
[2026-09-02T18:42:17.535+00:00][A] [INFO] Destination: 0xFF
[2026-09-02T18:42:17.536+00:00][B] [INFO] [RF RX] type=2 source=0x01 destination=0xFF previousHop=0x01 sequence=847 ackSequence=0 ttl=8 hops=0 payloadSize=13 rssi=-62 sn
[2026-09-02T18:42:17.539+00:00][A] [INFO] Sequence: 847
[2026-09-02T18:42:17.539+00:00][A] [INFO] Packet ID: 446
[2026-09-02T18:42:17.545+00:00][A] [INFO] Packet Size: 26
[2026-09-02T18:42:17.545+00:00][A] [INFO] Timestamp: 446 ms
[2026-09-02T18:42:17.550+00:00][A] [INFO] Transmission Result: success
[2026-09-02T18:42:17.551+00:00][A] [INFO] --------------------------------
[2026-09-02T18:42:17.556+00:00][A] [INFO] [Heartbeat #446]
[2026-09-02T18:42:17.556+00:00][A] [INFO] Sent
[2026-09-02T18:42:17.556+00:00][A] [INFO] Waiting ACK...
[2026-09-02T18:42:17.556+00:00][A] [INFO] [WAITING ACK]
[2026-09-02T18:42:17.570+00:00][A] [INFO] [RF TX] type=2 source=0x01 destination=0xFF previousHop=0x01 sequence=847 ackSequence=0 ttl=8 hops=0 payloadSize=13 rssi=0 snr=
[2026-09-02T18:42:17.570+00:00][A] [INFO] Heartbeat packet sent
[2026-09-02T18:42:17.645+00:00][B] [INFO] --------------------------------
[2026-09-02T18:42:17.645+00:00][B] [INFO] [HEARTBEAT TX]
[2026-09-02T18:42:17.650+00:00][B] [INFO] Node ID: 2
[2026-09-02T18:42:17.650+00:00][B] [INFO] type: 2
[2026-09-02T18:42:17.650+00:00][B] [INFO] Destination: 0xFF
[2026-09-02T18:42:17.653+00:00][A] [INFO] [RF RX] type=2 source=0x02 destination=0xFF previousHop=0x02 sequence=459 ackSequence=0 ttl=8 hops=0 payloadSize=13 rssi=-60 sn
[2026-09-02T18:42:17.656+00:00][B] [INFO] Sequence: 459
[2026-09-02T18:42:17.656+00:00][B] [INFO] Packet ID: 230
[2026-09-02T18:42:17.661+00:00][B] [INFO] Packet Size: 26
[2026-09-02T18:42:17.661+00:00][B] [INFO] Timestamp: 230 ms
[2026-09-02T18:42:17.667+00:00][B] [INFO] Transmission Result: success
[2026-09-02T18:42:17.667+00:00][B] [INFO] --------------------------------
[2026-09-02T18:42:17.672+00:00][B] [INFO] [Heartbeat #230]
[2026-09-02T18:42:17.673+00:00][B] [INFO] Sent
[2026-09-02T18:42:17.673+00:00][B] [INFO] Waiting ACK...
[2026-09-02T18:42:17.673+00:00][B] [INFO] [WAITING ACK]
[2026-09-02T18:42:17.687+00:00][B] [INFO] [RF TX] type=2 source=0x02 destination=0xFF previousHop=0x02 sequence=459 ackSequence=0 ttl=8 hops=0 payloadSize=13 rssi=0 snr=
[2026-09-02T18:42:17.687+00:00][B] [INFO] Heartbeat packet sent
[2026-09-02T18:42:18.545+00:00][A] [WARN] Retry 1
[2026-09-02T18:42:18.613+00:00][A] [INFO] --------------------------------
[2026-09-02T18:42:18.613+00:00][A] [INFO] [HEARTBEAT TX]
[2026-09-02T18:42:18.618+00:00][A] [INFO] Node ID: 1
[2026-09-02T18:42:18.618+00:00][A] [INFO] type: 2
[2026-09-02T18:42:18.619+00:00][A] [INFO] Destination: 0xFF
[2026-09-02T18:42:18.621+00:00][B] [INFO] [RF RX] type=2 source=0x01 destination=0xFF previousHop=0x01 sequence=847 ackSequence=0 ttl=8 hops=0 payloadSize=13 rssi=-62 sn
[2026-09-02T18:42:18.623+00:00][A] [INFO] Sequence: 847
[2026-09-02T18:42:18.623+00:00][A] [INFO] Packet ID: 446
[2026-09-02T18:42:18.629+00:00][A] [INFO] Packet Size: 26
[2026-09-02T18:42:18.629+00:00][A] [INFO] Timestamp: 446 ms
[2026-09-02T18:42:18.634+00:00][A] [INFO] Transmission Result: success
[2026-09-02T18:42:18.636+00:00][A] [INFO] --------------------------------
[2026-09-02T18:42:18.640+00:00][A] [INFO] [Heartbeat #446]
[2026-09-02T18:42:18.640+00:00][A] [INFO] Sent
[2026-09-02T18:42:18.640+00:00][A] [INFO] Waiting ACK...
[2026-09-02T18:42:18.641+00:00][A] [INFO] [WAITING ACK]
[2026-09-02T18:42:18.654+00:00][A] [INFO] [RF TX] type=2 source=0x01 destination=0xFF previousHop=0x01 sequence=847 ackSequence=0 ttl=8 hops=0 payloadSize=13 rssi=0 snr=
[2026-09-02T18:42:18.654+00:00][A] [INFO] Heartbeat packet sent
[2026-09-02T18:42:18.662+00:00][B] [WARN] Retry 1
[2026-09-02T18:42:18.730+00:00][B] [INFO] --------------------------------
[2026-09-02T18:42:18.731+00:00][B] [INFO] [HEARTBEAT TX]
[2026-09-02T18:42:18.734+00:00][B] [INFO] Node ID: 2
[2026-09-02T18:42:18.735+00:00][B] [INFO] type: 2
[2026-09-02T18:42:18.735+00:00][B] [INFO] Destination: 0xFF
[2026-09-02T18:42:18.737+00:00][A] [INFO] [RF RX] type=2 source=0x02 destination=0xFF previousHop=0x02 sequence=459 ackSequence=0 ttl=8 hops=0 payloadSize=13 rssi=-60 sn
[2026-09-02T18:42:18.740+00:00][B] [INFO] Sequence: 459
[2026-09-02T18:42:18.740+00:00][B] [INFO] Packet ID: 230
[2026-09-02T18:42:18.745+00:00][B] [INFO] Packet Size: 26
[2026-09-02T18:42:18.746+00:00][B] [INFO] Timestamp: 230 ms
[2026-09-02T18:42:18.751+00:00][B] [INFO] Transmission Result: success
[2026-09-02T18:42:18.752+00:00][B] [INFO] --------------------------------
[2026-09-02T18:42:18.756+00:00][B] [INFO] [Heartbeat #230]
[2026-09-02T18:42:18.757+00:00][B] [INFO] Sent
[2026-09-02T18:42:18.757+00:00][B] [INFO] Waiting ACK...
[2026-09-02T18:42:18.757+00:00][B] [INFO] [WAITING ACK]
[2026-09-02T18:42:18.771+00:00][B] [INFO] [RF TX] type=2 source=0x02 destination=0xFF previousHop=0x02 sequence=459 ackSequence=0 ttl=8 hops=0 payloadSize=13 rssi=0 snr=
[2026-09-02T18:42:18.771+00:00][B] [INFO] Heartbeat packet sent
[2026-09-02T18:42:19.529+00:00][A] [INFO] --------------------------------
[2026-09-02T18:42:19.529+00:00][A] [INFO] [HEARTBEAT TX]
[2026-09-02T18:42:19.534+00:00][A] [INFO] Node ID: 1
[2026-09-02T18:42:19.534+00:00][A] [INFO] type: 2
[2026-09-02T18:42:19.535+00:00][A] [INFO] Destination: 0xFF
[2026-09-02T18:42:19.537+00:00][B] [INFO] [RF RX] type=2 source=0x01 destination=0xFF previousHop=0x01 sequence=848 ackSequence=0 ttl=8 hops=0 payloadSize=13 rssi=-61 sn
[2026-09-02T18:42:19.539+00:00][A] [INFO] Sequence: 848
[2026-09-02T18:42:19.540+00:00][A] [INFO] Packet ID: 447
[2026-09-02T18:42:19.544+00:00][A] [INFO] Packet Size: 26
[2026-09-02T18:42:19.545+00:00][A] [INFO] Timestamp: 447 ms
[2026-09-02T18:42:19.550+00:00][A] [INFO] Transmission Result: success
[2026-09-02T18:42:19.551+00:00][A] [INFO] --------------------------------
[2026-09-02T18:42:19.556+00:00][A] [INFO] [Heartbeat #447]
[2026-09-02T18:42:19.556+00:00][A] [INFO] Sent
[2026-09-02T18:42:19.556+00:00][A] [INFO] Waiting ACK...
[2026-09-02T18:42:19.556+00:00][A] [INFO] [WAITING ACK]
[2026-09-02T18:42:19.570+00:00][A] [INFO] [RF TX] type=2 source=0x01 destination=0xFF previousHop=0x01 sequence=848 ackSequence=0 ttl=8 hops=0 payloadSize=13 rssi=0 snr=
[2026-09-02T18:42:19.571+00:00][A] [INFO] Heartbeat packet sent
[2026-09-02T18:42:19.645+00:00][B] [INFO] --------------------------------
[2026-09-02T18:42:19.645+00:00][B] [INFO] [HEARTBEAT TX]
[2026-09-02T18:42:19.650+00:00][B] [INFO] Node ID: 2
[2026-09-02T18:42:19.650+00:00][B] [INFO] type: 2
[2026-09-02T18:42:19.651+00:00][B] [INFO] Destination: 0xFF
[2026-09-02T18:42:19.653+00:00][A] [INFO] [RF RX] type=2 source=0x02 destination=0xFF previousHop=0x02 sequence=460 ackSequence=0 ttl=8 hops=0 payloadSize=13 rssi=-61 sn
[2026-09-02T18:42:19.656+00:00][B] [INFO] Sequence: 460
[2026-09-02T18:42:19.656+00:00][B] [INFO] Packet ID: 231
[2026-09-02T18:42:19.661+00:00][B] [INFO] Packet Size: 26
[2026-09-02T18:42:19.661+00:00][B] [INFO] Timestamp: 231 ms
[2026-09-02T18:42:19.667+00:00][B] [INFO] Transmission Result: success
[2026-09-02T18:42:19.667+00:00][B] [INFO] --------------------------------
[2026-09-02T18:42:19.672+00:00][B] [INFO] [Heartbeat #231]
[2026-09-02T18:42:19.672+00:00][B] [INFO] Sent
[2026-09-02T18:42:19.672+00:00][B] [INFO] Waiting ACK...
[2026-09-02T18:42:19.673+00:00][B] [INFO] [WAITING ACK]
[2026-09-02T18:42:19.686+00:00][B] [INFO] [RF TX] type=2 source=0x02 destination=0xFF previousHop=0x02 sequence=460 ackSequence=0 ttl=8 hops=0 payloadSize=13 rssi=0 snr=
[2026-09-02T18:42:19.687+00:00][B] [INFO] Heartbeat packet sent
[2026-09-02T18:42:20.550+00:00][A] [WARN] Retry 1
[2026-09-02T18:42:20.612+00:00][A] [INFO] --------------------------------
[2026-09-02T18:42:20.612+00:00][A] [INFO] [HEARTBEAT TX]
[2026-09-02T18:42:20.617+00:00][A] [INFO] Node ID: 1
[2026-09-02T18:42:20.617+00:00][A] [INFO] type: 2
[2026-09-02T18:42:20.617+00:00][A] [INFO] Destination: 0xFF
[2026-09-02T18:42:20.620+00:00][B] [INFO] [RF RX] type=2 source=0x01 destination=0xFF previousHop=0x01 sequence=848 ackSequence=0 ttl=8 hops=0 payloadSize=13 rssi=-62 sn
[2026-09-02T18:42:20.623+00:00][A] [INFO] Sequence: 848
[2026-09-02T18:42:20.623+00:00][A] [INFO] Packet ID: 447
[2026-09-02T18:42:20.628+00:00][A] [INFO] Packet Size: 26
[2026-09-02T18:42:20.629+00:00][A] [INFO] Timestamp: 447 ms
[2026-09-02T18:42:20.634+00:00][A] [INFO] Transmission Result: success
[2026-09-02T18:42:20.634+00:00][A] [INFO] --------------------------------
[2026-09-02T18:42:20.640+00:00][A] [INFO] [Heartbeat #447]
[2026-09-02T18:42:20.640+00:00][A] [INFO] Sent
[2026-09-02T18:42:20.640+00:00][A] [INFO] Waiting ACK...
[2026-09-02T18:42:20.640+00:00][A] [INFO] [WAITING ACK]
[2026-09-02T18:42:20.654+00:00][A] [INFO] [RF TX] type=2 source=0x01 destination=0xFF previousHop=0x01 sequence=848 ackSequence=0 ttl=8 hops=0 payloadSize=13 rssi=0 snr=
[2026-09-02T18:42:20.654+00:00][A] [INFO] Heartbeat packet sent
[2026-09-02T18:42:20.662+00:00][B] [WARN] Retry 1
[2026-09-02T18:42:20.729+00:00][B] [INFO] --------------------------------
[2026-09-02T18:42:20.729+00:00][B] [INFO] [HEARTBEAT TX]
[2026-09-02T18:42:20.734+00:00][B] [INFO] Node ID: 2
[2026-09-02T18:42:20.734+00:00][B] [INFO] type: 2
[2026-09-02T18:42:20.734+00:00][B] [INFO] Destination: 0xFF
[2026-09-02T18:42:20.737+00:00][A] [INFO] [RF RX] type=2 source=0x02 destination=0xFF previousHop=0x02 sequence=460 ackSequence=0 ttl=8 hops=0 payloadSize=13 rssi=-60 sn
[2026-09-02T18:42:20.740+00:00][B] [INFO] Sequence: 460
[2026-09-02T18:42:20.740+00:00][B] [INFO] Packet ID: 231
[2026-09-02T18:42:20.745+00:00][B] [INFO] Packet Size: 26
[2026-09-02T18:42:20.745+00:00][B] [INFO] Timestamp: 231 ms
[2026-09-02T18:42:20.751+00:00][B] [INFO] Transmission Result: success
[2026-09-02T18:42:20.751+00:00][B] [INFO] --------------------------------
[2026-09-02T18:42:20.756+00:00][B] [INFO] [Heartbeat #231]
[2026-09-02T18:42:20.756+00:00][B] [INFO] Sent
[2026-09-02T18:42:20.757+00:00][B] [INFO] Waiting ACK...
[2026-09-02T18:42:20.757+00:00][B] [INFO] [WAITING ACK]
[2026-09-02T18:42:20.771+00:00][B] [INFO] [RF TX] type=2 source=0x02 destination=0xFF previousHop=0x02 sequence=460 ackSequence=0 ttl=8 hops=0 payloadSize=13 rssi=0 snr=
[2026-09-02T18:42:20.771+00:00][B] [INFO] Heartbeat packet sent
[2026-09-02T18:42:21.528+00:00][A] [INFO] --------------------------------
[2026-09-02T18:42:21.529+00:00][A] [INFO] [HEARTBEAT TX]
[2026-09-02T18:42:21.534+00:00][A] [INFO] Node ID: 1
[2026-09-02T18:42:21.534+00:00][A] [INFO] type: 2
[2026-09-02T18:42:21.535+00:00][A] [INFO] Destination: 0xFF
[2026-09-02T18:42:21.537+00:00][B] [INFO] [RF RX] type=2 source=0x01 destination=0xFF previousHop=0x01 sequence=849 ackSequence=0 ttl=8 hops=0 payloadSize=13 rssi=-62 sn
[2026-09-02T18:42:21.539+00:00][A] [INFO] Sequence: 849
[2026-09-02T18:42:21.539+00:00][A] [INFO] Packet ID: 448
[2026-09-02T18:42:21.545+00:00][A] [INFO] Packet Size: 26
[2026-09-02T18:42:21.545+00:00][A] [INFO] Timestamp: 448 ms
[2026-09-02T18:42:21.550+00:00][A] [INFO] Transmission Result: success
[2026-09-02T18:42:21.551+00:00][A] [INFO] --------------------------------
[2026-09-02T18:42:21.556+00:00][A] [INFO] [Heartbeat #448]
[2026-09-02T18:42:21.556+00:00][A] [INFO] Sent
[2026-09-02T18:42:21.556+00:00][A] [INFO] Waiting ACK...
[2026-09-02T18:42:21.556+00:00][A] [INFO] [WAITING ACK]
[2026-09-02T18:42:21.570+00:00][A] [INFO] [RF TX] type=2 source=0x01 destination=0xFF previousHop=0x01 sequence=849 ackSequence=0 ttl=8 hops=0 payloadSize=13 rssi=0 snr=
[2026-09-02T18:42:21.570+00:00][A] [INFO] Heartbeat packet sent
[2026-09-02T18:42:21.645+00:00][B] [INFO] --------------------------------
[2026-09-02T18:42:21.645+00:00][B] [INFO] [HEARTBEAT TX]
[2026-09-02T18:42:21.650+00:00][B] [INFO] Node ID: 2
[2026-09-02T18:42:21.650+00:00][B] [INFO] type: 2
[2026-09-02T18:42:21.651+00:00][B] [INFO] Destination: 0xFF
[2026-09-02T18:42:21.653+00:00][A] [INFO] [RF RX] type=2 source=0x02 destination=0xFF previousHop=0x02 sequence=461 ackSequence=0 ttl=8 hops=0 payloadSize=13 rssi=-60 sn
[2026-09-02T18:42:21.656+00:00][B] [INFO] Sequence: 461
[2026-09-02T18:42:21.656+00:00][B] [INFO] Packet ID: 232
[2026-09-02T18:42:21.661+00:00][B] [INFO] Packet Size: 26
[2026-09-02T18:42:21.662+00:00][B] [INFO] Timestamp: 232 ms
[2026-09-02T18:42:21.667+00:00][B] [INFO] Transmission Result: success
[2026-09-02T18:42:21.667+00:00][B] [INFO] --------------------------------
[2026-09-02T18:42:21.672+00:00][B] [INFO] [Heartbeat #232]
[2026-09-02T18:42:21.673+00:00][B] [INFO] Sent
[2026-09-02T18:42:21.673+00:00][B] [INFO] Waiting ACK...
[2026-09-02T18:42:21.673+00:00][B] [INFO] [WAITING ACK]
[2026-09-02T18:42:21.687+00:00][B] [INFO] [RF TX] type=2 source=0x02 destination=0xFF previousHop=0x02 sequence=461 ackSequence=0 ttl=8 hops=0 payloadSize=13 rssi=0 snr=
[2026-09-02T18:42:21.687+00:00][B] [INFO] Heartbeat packet sent
[2026-09-02T18:42:22.545+00:00][A] [WARN] Retry 1
[2026-09-02T18:42:22.612+00:00][A] [INFO] --------------------------------
[2026-09-02T18:42:22.613+00:00][A] [INFO] [HEARTBEAT TX]
[2026-09-02T18:42:22.618+00:00][A] [INFO] Node ID: 1
[2026-09-02T18:42:22.618+00:00][A] [INFO] type: 2
[2026-09-02T18:42:22.620+00:00][A] [INFO] Destination: 0xFF
[2026-09-02T18:42:22.621+00:00][B] [INFO] [RF RX] type=2 source=0x01 destination=0xFF previousHop=0x01 sequence=849 ackSequence=0 ttl=8 hops=0 payloadSize=13 rssi=-62 sn
[2026-09-02T18:42:22.623+00:00][A] [INFO] Sequence: 849
[2026-09-02T18:42:22.623+00:00][A] [INFO] Packet ID: 448
[2026-09-02T18:42:22.628+00:00][A] [INFO] Packet Size: 26
[2026-09-02T18:42:22.629+00:00][A] [INFO] Timestamp: 448 ms
[2026-09-02T18:42:22.634+00:00][A] [INFO] Transmission Result: success
[2026-09-02T18:42:22.635+00:00][A] [INFO] --------------------------------
[2026-09-02T18:42:22.640+00:00][A] [INFO] [Heartbeat #448]
[2026-09-02T18:42:22.640+00:00][A] [INFO] Sent
[2026-09-02T18:42:22.640+00:00][A] [INFO] Waiting ACK...
[2026-09-02T18:42:22.642+00:00][A] [INFO] [WAITING ACK]
[2026-09-02T18:42:22.654+00:00][A] [INFO] [RF TX] type=2 source=0x01 destination=0xFF previousHop=0x01 sequence=849 ackSequence=0 ttl=8 hops=0 payloadSize=13 rssi=0 snr=
[2026-09-02T18:42:22.654+00:00][A] [INFO] Heartbeat packet sent
[2026-09-02T18:42:22.662+00:00][B] [WARN] Retry 1
[2026-09-02T18:42:22.729+00:00][B] [INFO] --------------------------------
[2026-09-02T18:42:22.729+00:00][B] [INFO] [HEARTBEAT TX]
[2026-09-02T18:42:22.734+00:00][B] [INFO] Node ID: 2
[2026-09-02T18:42:22.734+00:00][B] [INFO] type: 2
[2026-09-02T18:42:22.734+00:00][B] [INFO] Destination: 0xFF
[2026-09-02T18:42:22.737+00:00][A] [INFO] [RF RX] type=2 source=0x02 destination=0xFF previousHop=0x02 sequence=461 ackSequence=0 ttl=8 hops=0 payloadSize=13 rssi=-60 sn
[2026-09-02T18:42:22.740+00:00][B] [INFO] Sequence: 461
[2026-09-02T18:42:22.740+00:00][B] [INFO] Packet ID: 232
[2026-09-02T18:42:22.745+00:00][B] [INFO] Packet Size: 26
[2026-09-02T18:42:22.745+00:00][B] [INFO] Timestamp: 232 ms
[2026-09-02T18:42:22.751+00:00][B] [INFO] Transmission Result: success
[2026-09-02T18:42:22.751+00:00][B] [INFO] --------------------------------
[2026-09-02T18:42:22.756+00:00][B] [INFO] [Heartbeat #232]
[2026-09-02T18:42:22.756+00:00][B] [INFO] Sent
[2026-09-02T18:42:22.756+00:00][B] [INFO] Waiting ACK...
[2026-09-02T18:42:22.756+00:00][B] [INFO] [WAITING ACK]
[2026-09-02T18:42:22.770+00:00][B] [INFO] [RF TX] type=2 source=0x02 destination=0xFF previousHop=0x02 sequence=461 ackSequence=0 ttl=8 hops=0 payloadSize=13 rssi=0 snr=
[2026-09-02T18:42:22.771+00:00][B] [INFO] Heartbeat packet sent
[2026-09-02T18:42:23.528+00:00][A] [INFO] --------------------------------
[2026-09-02T18:42:23.529+00:00][A] [INFO] [HEARTBEAT TX]
[2026-09-02T18:42:23.533+00:00][A] [INFO] Node ID: 1
[2026-09-02T18:42:23.534+00:00][A] [INFO] type: 2
[2026-09-02T18:42:23.534+00:00][A] [INFO] Destination: 0xFF
[2026-09-02T18:42:23.536+00:00][B] [INFO] [RF RX] type=2 source=0x01 destination=0xFF previousHop=0x01 sequence=850 ackSequence=0 ttl=8 hops=0 payloadSize=13 rssi=-62 sn
[2026-09-02T18:42:23.539+00:00][A] [INFO] Sequence: 850
[2026-09-02T18:42:23.539+00:00][A] [INFO] Packet ID: 449
[2026-09-02T18:42:23.545+00:00][A] [INFO] Packet Size: 26
[2026-09-02T18:42:23.545+00:00][A] [INFO] Timestamp: 449 ms
[2026-09-02T18:42:23.550+00:00][A] [INFO] Transmission Result: success
[2026-09-02T18:42:23.550+00:00][A] [INFO] --------------------------------
[2026-09-02T18:42:23.556+00:00][A] [INFO] [Heartbeat #449]
[2026-09-02T18:42:23.556+00:00][A] [INFO] Sent
[2026-09-02T18:42:23.556+00:00][A] [INFO] Waiting ACK...
[2026-09-02T18:42:23.556+00:00][A] [INFO] [WAITING ACK]
[2026-09-02T18:42:23.570+00:00][A] [INFO] [RF TX] type=2 source=0x01 destination=0xFF previousHop=0x01 sequence=850 ackSequence=0 ttl=8 hops=0 payloadSize=13 rssi=0 snr=
[2026-09-02T18:42:23.570+00:00][A] [INFO] Heartbeat packet sent
[2026-09-02T18:42:23.645+00:00][B] [INFO] --------------------------------
[2026-09-02T18:42:23.645+00:00][B] [INFO] [HEARTBEAT TX]
[2026-09-02T18:42:23.650+00:00][B] [INFO] Node ID: 2
[2026-09-02T18:42:23.650+00:00][B] [INFO] type: 2
[2026-09-02T18:42:23.651+00:00][B] [INFO] Destination: 0xFF
[2026-09-02T18:42:23.653+00:00][A] [INFO] [RF RX] type=2 source=0x02 destination=0xFF previousHop=0x02 sequence=462 ackSequence=0 ttl=8 hops=0 payloadSize=13 rssi=-59 sn
[2026-09-02T18:42:23.656+00:00][B] [INFO] Sequence: 462
[2026-09-02T18:42:23.656+00:00][B] [INFO] Packet ID: 233
[2026-09-02T18:42:23.661+00:00][B] [INFO] Packet Size: 26
[2026-09-02T18:42:23.661+00:00][B] [INFO] Timestamp: 233 ms
[2026-09-02T18:42:23.667+00:00][B] [INFO] Transmission Result: success
[2026-09-02T18:42:23.667+00:00][B] [INFO] --------------------------------
[2026-09-02T18:42:23.672+00:00][B] [INFO] [Heartbeat #233]
[2026-09-02T18:42:23.672+00:00][B] [INFO] Sent
[2026-09-02T18:42:23.673+00:00][B] [INFO] Waiting ACK...
[2026-09-02T18:42:23.673+00:00][B] [INFO] [WAITING ACK]
[2026-09-02T18:42:23.687+00:00][B] [INFO] [RF TX] type=2 source=0x02 destination=0xFF previousHop=0x02 sequence=462 ackSequence=0 ttl=8 hops=0 payloadSize=13 rssi=0 snr=
[2026-09-02T18:42:23.687+00:00][B] [INFO] Heartbeat packet sent
[2026-09-02T18:42:24.545+00:00][A] [WARN] Retry 1
[2026-09-02T18:42:24.612+00:00][A] [INFO] --------------------------------
[2026-09-02T18:42:24.613+00:00][A] [INFO] [HEARTBEAT TX]
[2026-09-02T18:42:24.618+00:00][A] [INFO] Node ID: 1
[2026-09-02T18:42:24.618+00:00][A] [INFO] type: 2
[2026-09-02T18:42:24.618+00:00][A] [INFO] Destination: 0xFF
[2026-09-02T18:42:24.621+00:00][B] [INFO] [RF RX] type=2 source=0x01 destination=0xFF previousHop=0x01 sequence=850 ackSequence=0 ttl=8 hops=0 payloadSize=13 rssi=-61 sn
[2026-09-02T18:42:24.623+00:00][A] [INFO] Sequence: 850
[2026-09-02T18:42:24.623+00:00][A] [INFO] Packet ID: 449
[2026-09-02T18:42:24.628+00:00][A] [INFO] Packet Size: 26
[2026-09-02T18:42:24.629+00:00][A] [INFO] Timestamp: 449 ms
[2026-09-02T18:42:24.634+00:00][A] [INFO] Transmission Result: success
[2026-09-02T18:42:24.635+00:00][A] [INFO] --------------------------------
[2026-09-02T18:42:24.640+00:00][A] [INFO] [Heartbeat #449]
[2026-09-02T18:42:24.640+00:00][A] [INFO] Sent
[2026-09-02T18:42:24.640+00:00][A] [INFO] Waiting ACK...
[2026-09-02T18:42:24.640+00:00][A] [INFO] [WAITING ACK]
[2026-09-02T18:42:24.654+00:00][A] [INFO] [RF TX] type=2 source=0x01 destination=0xFF previousHop=0x01 sequence=850 ackSequence=0 ttl=8 hops=0 payloadSize=13 rssi=0 snr=
[2026-09-02T18:42:24.654+00:00][A] [INFO] Heartbeat packet sent
[2026-09-02T18:42:24.662+00:00][B] [WARN] Retry 1
[2026-09-02T18:42:24.729+00:00][B] [INFO] --------------------------------
[2026-09-02T18:42:24.729+00:00][B] [INFO] [HEARTBEAT TX]
[2026-09-02T18:42:24.734+00:00][B] [INFO] Node ID: 2
[2026-09-02T18:42:24.734+00:00][B] [INFO] type: 2
[2026-09-02T18:42:24.734+00:00][B] [INFO] Destination: 0xFF
[2026-09-02T18:42:24.737+00:00][A] [INFO] [RF RX] type=2 source=0x02 destination=0xFF previousHop=0x02 sequence=462 ackSequence=0 ttl=8 hops=0 payloadSize=13 rssi=-59 sn
[2026-09-02T18:42:24.740+00:00][B] [INFO] Sequence: 462
[2026-09-02T18:42:24.740+00:00][B] [INFO] Packet ID: 233
[2026-09-02T18:42:24.745+00:00][B] [INFO] Packet Size: 26
[2026-09-02T18:42:24.745+00:00][B] [INFO] Timestamp: 233 ms
[2026-09-02T18:42:24.751+00:00][B] [INFO] Transmission Result: success
[2026-09-02T18:42:24.751+00:00][B] [INFO] --------------------------------
[2026-09-02T18:42:24.756+00:00][B] [INFO] [Heartbeat #233]
[2026-09-02T18:42:24.756+00:00][B] [INFO] Sent
[2026-09-02T18:42:24.757+00:00][B] [INFO] Waiting ACK...
[2026-09-02T18:42:24.757+00:00][B] [INFO] [WAITING ACK]
[2026-09-02T18:42:24.770+00:00][B] [INFO] [RF TX] type=2 source=0x02 destination=0xFF previousHop=0x02 sequence=462 ackSequence=0 ttl=8 hops=0 payloadSize=13 rssi=0 snr=
[2026-09-02T18:42:24.771+00:00][B] [INFO] Heartbeat packet sent
[2026-09-02T18:42:25.528+00:00][A] [INFO] --------------------------------
[2026-09-02T18:42:25.529+00:00][A] [INFO] [HEARTBEAT TX]
[2026-09-02T18:42:25.533+00:00][A] [INFO] Node ID: 1
[2026-09-02T18:42:25.534+00:00][A] [INFO] type: 2
[2026-09-02T18:42:25.534+00:00][A] [INFO] Destination: 0xFF
[2026-09-02T18:42:25.536+00:00][B] [INFO] [RF RX] type=2 source=0x01 destination=0xFF previousHop=0x01 sequence=851 ackSequence=0 ttl=8 hops=0 payloadSize=13 rssi=-62 sn
[2026-09-02T18:42:25.539+00:00][A] [INFO] Sequence: 851
[2026-09-02T18:42:25.539+00:00][A] [INFO] Packet ID: 450
[2026-09-02T18:42:25.544+00:00][A] [INFO] Packet Size: 26
[2026-09-02T18:42:25.545+00:00][A] [INFO] Timestamp: 450 ms
[2026-09-02T18:42:25.550+00:00][A] [INFO] Transmission Result: success
[2026-09-02T18:42:25.551+00:00][A] [INFO] --------------------------------
[2026-09-02T18:42:25.556+00:00][A] [INFO] [Heartbeat #450]
[2026-09-02T18:42:25.556+00:00][A] [INFO] Sent
[2026-09-02T18:42:25.556+00:00][A] [INFO] Waiting ACK...
[2026-09-02T18:42:25.556+00:00][A] [INFO] [WAITING ACK]
[2026-09-02T18:42:25.570+00:00][A] [INFO] [RF TX] type=2 source=0x01 destination=0xFF previousHop=0x01 sequence=851 ackSequence=0 ttl=8 hops=0 payloadSize=13 rssi=0 snr=
[2026-09-02T18:42:25.570+00:00][A] [INFO] Heartbeat packet sent
[2026-09-02T18:42:25.645+00:00][B] [INFO] --------------------------------
[2026-09-02T18:42:25.645+00:00][B] [INFO] [HEARTBEAT TX]
[2026-09-02T18:42:25.650+00:00][B] [INFO] Node ID: 2
[2026-09-02T18:42:25.650+00:00][B] [INFO] type: 2
[2026-09-02T18:42:25.650+00:00][B] [INFO] Destination: 0xFF
[2026-09-02T18:42:25.653+00:00][A] [INFO] [RF RX] type=2 source=0x02 destination=0xFF previousHop=0x02 sequence=463 ackSequence=0 ttl=8 hops=0 payloadSize=13 rssi=-59 sn
[2026-09-02T18:42:25.656+00:00][B] [INFO] Sequence: 463
[2026-09-02T18:42:25.656+00:00][B] [INFO] Packet ID: 234
[2026-09-02T18:42:25.661+00:00][B] [INFO] Packet Size: 26
[2026-09-02T18:42:25.661+00:00][B] [INFO] Timestamp: 234 ms
[2026-09-02T18:42:25.667+00:00][B] [INFO] Transmission Result: success
[2026-09-02T18:42:25.667+00:00][B] [INFO] --------------------------------
[2026-09-02T18:42:25.672+00:00][B] [INFO] [Heartbeat #234]
[2026-09-02T18:42:25.672+00:00][B] [INFO] Sent
[2026-09-02T18:42:25.673+00:00][B] [INFO] Waiting ACK...
[2026-09-02T18:42:25.673+00:00][B] [INFO] [WAITING ACK]
[2026-09-02T18:42:25.686+00:00][B] [INFO] [RF TX] type=2 source=0x02 destination=0xFF previousHop=0x02 sequence=463 ackSequence=0 ttl=8 hops=0 payloadSize=13 rssi=0 snr=
[2026-09-02T18:42:25.687+00:00][B] [INFO] Heartbeat packet sent
[2026-09-02T18:42:26.545+00:00][A] [WARN] Retry 1
[2026-09-02T18:42:26.612+00:00][A] [INFO] --------------------------------
[2026-09-02T18:42:26.613+00:00][A] [INFO] [HEARTBEAT TX]
[2026-09-02T18:42:26.617+00:00][A] [INFO] Node ID: 1
[2026-09-02T18:42:26.618+00:00][A] [INFO] type: 2
[2026-09-02T18:42:26.619+00:00][A] [INFO] Destination: 0xFF
[2026-09-02T18:42:26.621+00:00][B] [INFO] [RF RX] type=2 source=0x01 destination=0xFF previousHop=0x01 sequence=851 ackSequence=0 ttl=8 hops=0 payloadSize=13 rssi=-62 sn
[2026-09-02T18:42:26.623+00:00][A] [INFO] Sequence: 851
[2026-09-02T18:42:26.623+00:00][A] [INFO] Packet ID: 450
[2026-09-02T18:42:26.628+00:00][A] [INFO] Packet Size: 26
[2026-09-02T18:42:26.629+00:00][A] [INFO] Timestamp: 450 ms
[2026-09-02T18:42:26.634+00:00][A] [INFO] Transmission Result: success
[2026-09-02T18:42:26.634+00:00][A] [INFO] --------------------------------
[2026-09-02T18:42:26.639+00:00][A] [INFO] [Heartbeat #450]
[2026-09-02T18:42:26.640+00:00][A] [INFO] Sent
[2026-09-02T18:42:26.640+00:00][A] [INFO] Waiting ACK...
[2026-09-02T18:42:26.640+00:00][A] [INFO] [WAITING ACK]
[2026-09-02T18:42:26.654+00:00][A] [INFO] [RF TX] type=2 source=0x01 destination=0xFF previousHop=0x01 sequence=851 ackSequence=0 ttl=8 hops=0 payloadSize=13 rssi=0 snr=
[2026-09-02T18:42:26.654+00:00][A] [INFO] Heartbeat packet sent
[2026-09-02T18:42:26.662+00:00][B] [WARN] Retry 1
[2026-09-02T18:42:26.729+00:00][B] [INFO] --------------------------------
[2026-09-02T18:42:26.729+00:00][B] [INFO] [HEARTBEAT TX]
[2026-09-02T18:42:26.734+00:00][B] [INFO] Node ID: 2
[2026-09-02T18:42:26.735+00:00][B] [INFO] type: 2
[2026-09-02T18:42:26.735+00:00][B] [INFO] Destination: 0xFF
[2026-09-02T18:42:26.737+00:00][A] [INFO] [RF RX] type=2 source=0x02 destination=0xFF previousHop=0x02 sequence=463 ackSequence=0 ttl=8 hops=0 payloadSize=13 rssi=-59 sn
[2026-09-02T18:42:26.740+00:00][B] [INFO] Sequence: 463
[2026-09-02T18:42:26.740+00:00][B] [INFO] Packet ID: 234
[2026-09-02T18:42:26.745+00:00][B] [INFO] Packet Size: 26
[2026-09-02T18:42:26.745+00:00][B] [INFO] Timestamp: 234 ms
[2026-09-02T18:42:26.751+00:00][B] [INFO] Transmission Result: success
[2026-09-02T18:42:26.751+00:00][B] [INFO] --------------------------------
[2026-09-02T18:42:26.756+00:00][B] [INFO] [Heartbeat #234]
[2026-09-02T18:42:26.756+00:00][B] [INFO] Sent
[2026-09-02T18:42:26.757+00:00][B] [INFO] Waiting ACK...
[2026-09-02T18:42:26.757+00:00][B] [INFO] [WAITING ACK]
[2026-09-02T18:42:26.771+00:00][B] [INFO] [RF TX] type=2 source=0x02 destination=0xFF previousHop=0x02 sequence=463 ackSequence=0 ttl=8 hops=0 payloadSize=13 rssi=0 snr=
[2026-09-02T18:42:26.771+00:00][B] [INFO] Heartbeat packet sent
[2026-09-02T18:42:27.528+00:00][A] [INFO] --------------------------------
[2026-09-02T18:42:27.528+00:00][A] [INFO] [HEARTBEAT TX]
[2026-09-02T18:42:27.533+00:00][A] [INFO] Node ID: 1
[2026-09-02T18:42:27.534+00:00][A] [INFO] type: 2
[2026-09-02T18:42:27.534+00:00][A] [INFO] Destination: 0xFF
[2026-09-02T18:42:27.536+00:00][B] [INFO] [RF RX] type=2 source=0x01 destination=0xFF previousHop=0x01 sequence=852 ackSequence=0 ttl=8 hops=0 payloadSize=13 rssi=-61 sn
[2026-09-02T18:42:27.539+00:00][A] [INFO] Sequence: 852
[2026-09-02T18:42:27.539+00:00][A] [INFO] Packet ID: 451
[2026-09-02T18:42:27.544+00:00][A] [INFO] Packet Size: 26
[2026-09-02T18:42:27.545+00:00][A] [INFO] Timestamp: 451 ms
[2026-09-02T18:42:27.550+00:00][A] [INFO] Transmission Result: success
[2026-09-02T18:42:27.550+00:00][A] [INFO] --------------------------------
[2026-09-02T18:42:27.556+00:00][A] [INFO] [Heartbeat #451]
[2026-09-02T18:42:27.556+00:00][A] [INFO] Sent
[2026-09-02T18:42:27.556+00:00][A] [INFO] Waiting ACK...
[2026-09-02T18:42:27.556+00:00][A] [INFO] [WAITING ACK]
[2026-09-02T18:42:27.570+00:00][A] [INFO] [RF TX] type=2 source=0x01 destination=0xFF previousHop=0x01 sequence=852 ackSequence=0 ttl=8 hops=0 payloadSize=13 rssi=0 snr=
[2026-09-02T18:42:27.570+00:00][A] [INFO] Heartbeat packet sent
[2026-09-02T18:42:27.645+00:00][B] [INFO] --------------------------------
[2026-09-02T18:42:27.645+00:00][B] [INFO] [HEARTBEAT TX]
[2026-09-02T18:42:27.650+00:00][B] [INFO] Node ID: 2
[2026-09-02T18:42:27.650+00:00][B] [INFO] type: 2
[2026-09-02T18:42:27.650+00:00][B] [INFO] Destination: 0xFF
[2026-09-02T18:42:27.653+00:00][A] [INFO] [RF RX] type=2 source=0x02 destination=0xFF previousHop=0x02 sequence=464 ackSequence=0 ttl=8 hops=0 payloadSize=13 rssi=-59 sn
[2026-09-02T18:42:27.655+00:00][B] [INFO] Sequence: 464
[2026-09-02T18:42:27.656+00:00][B] [INFO] Packet ID: 235
[2026-09-02T18:42:27.661+00:00][B] [INFO] Packet Size: 26
[2026-09-02T18:42:27.661+00:00][B] [INFO] Timestamp: 235 ms
[2026-09-02T18:42:27.667+00:00][B] [INFO] Transmission Result: success
[2026-09-02T18:42:27.667+00:00][B] [INFO] --------------------------------
[2026-09-02T18:42:27.672+00:00][B] [INFO] [Heartbeat #235]
[2026-09-02T18:42:27.672+00:00][B] [INFO] Sent
[2026-09-02T18:42:27.673+00:00][B] [INFO] Waiting ACK...
[2026-09-02T18:42:27.673+00:00][B] [INFO] [WAITING ACK]
[2026-09-02T18:42:27.686+00:00][B] [INFO] [RF TX] type=2 source=0x02 destination=0xFF previousHop=0x02 sequence=464 ackSequence=0 ttl=8 hops=0 payloadSize=13 rssi=0 snr=
[2026-09-02T18:42:27.687+00:00][B] [INFO] Heartbeat packet sent
[2026-09-02T18:42:28.545+00:00][A] [WARN] Retry 1
[2026-09-02T18:42:28.612+00:00][A] [INFO] --------------------------------
[2026-09-02T18:42:28.613+00:00][A] [INFO] [HEARTBEAT TX]
[2026-09-02T18:42:28.617+00:00][A] [INFO] Node ID: 1
[2026-09-02T18:42:28.618+00:00][A] [INFO] type: 2
[2026-09-02T18:42:28.618+00:00][A] [INFO] Destination: 0xFF
[2026-09-02T18:42:28.621+00:00][B] [INFO] [RF RX] type=2 source=0x01 destination=0xFF previousHop=0x01 sequence=852 ackSequence=0 ttl=8 hops=0 payloadSize=13 rssi=-62 sn
[2026-09-02T18:42:28.623+00:00][A] [INFO] Sequence: 852
[2026-09-02T18:42:28.623+00:00][A] [INFO] Packet ID: 451
[2026-09-02T18:42:28.628+00:00][A] [INFO] Packet Size: 26
[2026-09-02T18:42:28.629+00:00][A] [INFO] Timestamp: 451 ms
[2026-09-02T18:42:28.634+00:00][A] [INFO] Transmission Result: success
[2026-09-02T18:42:28.635+00:00][A] [INFO] --------------------------------
[2026-09-02T18:42:28.639+00:00][A] [INFO] [Heartbeat #451]
[2026-09-02T18:42:28.640+00:00][A] [INFO] Sent
[2026-09-02T18:42:28.640+00:00][A] [INFO] Waiting ACK...
[2026-09-02T18:42:28.640+00:00][A] [INFO] [WAITING ACK]
[2026-09-02T18:42:28.654+00:00][A] [INFO] [RF TX] type=2 source=0x01 destination=0xFF previousHop=0x01 sequence=852 ackSequence=0 ttl=8 hops=0 payloadSize=13 rssi=0 snr=
[2026-09-02T18:42:28.654+00:00][A] [INFO] Heartbeat packet sent
[2026-09-02T18:42:28.662+00:00][B] [WARN] Retry 1
[2026-09-02T18:42:28.729+00:00][B] [INFO] --------------------------------
[2026-09-02T18:42:28.730+00:00][B] [INFO] [HEARTBEAT TX]
[2026-09-02T18:42:28.734+00:00][B] [INFO] Node ID: 2
[2026-09-02T18:42:28.734+00:00][B] [INFO] type: 2
[2026-09-02T18:42:28.735+00:00][B] [INFO] Destination: 0xFF
[2026-09-02T18:42:28.737+00:00][A] [INFO] [RF RX] type=2 source=0x02 destination=0xFF previousHop=0x02 sequence=464 ackSequence=0 ttl=8 hops=0 payloadSize=13 rssi=-59 sn
[2026-09-02T18:42:28.740+00:00][B] [INFO] Sequence: 464
[2026-09-02T18:42:28.740+00:00][B] [INFO] Packet ID: 235
[2026-09-02T18:42:28.745+00:00][B] [INFO] Packet Size: 26
[2026-09-02T18:42:28.745+00:00][B] [INFO] Timestamp: 235 ms
[2026-09-02T18:42:28.750+00:00][B] [INFO] Transmission Result: success
[2026-09-02T18:42:28.751+00:00][B] [INFO] --------------------------------
[2026-09-02T18:42:28.756+00:00][B] [INFO] [Heartbeat #235]
[2026-09-02T18:42:28.756+00:00][B] [INFO] Sent
[2026-09-02T18:42:28.757+00:00][B] [INFO] Waiting ACK...
[2026-09-02T18:42:28.757+00:00][B] [INFO] [WAITING ACK]
[2026-09-02T18:42:28.770+00:00][B] [INFO] [RF TX] type=2 source=0x02 destination=0xFF previousHop=0x02 sequence=464 ackSequence=0 ttl=8 hops=0 payloadSize=13 rssi=0 snr=
[2026-09-02T18:42:28.771+00:00][B] [INFO] Heartbeat packet sent
[2026-09-02T18:42:29.528+00:00][A] [INFO] --------------------------------
[2026-09-02T18:42:29.529+00:00][A] [INFO] [HEARTBEAT TX]
[2026-09-02T18:42:29.533+00:00][A] [INFO] Node ID: 1
[2026-09-02T18:42:29.534+00:00][A] [INFO] type: 2
[2026-09-02T18:42:29.534+00:00][A] [INFO] Destination: 0xFF
[2026-09-02T18:42:29.536+00:00][B] [INFO] [RF RX] type=2 source=0x01 destination=0xFF previousHop=0x01 sequence=853 ackSequence=0 ttl=8 hops=0 payloadSize=13 rssi=-61 sn
[2026-09-02T18:42:29.539+00:00][A] [INFO] Sequence: 853
[2026-09-02T18:42:29.539+00:00][A] [INFO] Packet ID: 452
[2026-09-02T18:42:29.544+00:00][A] [INFO] Packet Size: 26
[2026-09-02T18:42:29.545+00:00][A] [INFO] Timestamp: 452 ms
[2026-09-02T18:42:29.550+00:00][A] [INFO] Transmission Result: success
[2026-09-02T18:42:29.550+00:00][A] [INFO] --------------------------------
[2026-09-02T18:42:29.555+00:00][A] [INFO] [Heartbeat #452]
[2026-09-02T18:42:29.556+00:00][A] [INFO] Sent
[2026-09-02T18:42:29.556+00:00][A] [INFO] Waiting ACK...
[2026-09-02T18:42:29.556+00:00][A] [INFO] [WAITING ACK]
[2026-09-02T18:42:29.570+00:00][A] [INFO] [RF TX] type=2 source=0x01 destination=0xFF previousHop=0x01 sequence=853 ackSequence=0 ttl=8 hops=0 payloadSize=13 rssi=0 snr=
[2026-09-02T18:42:29.570+00:00][A] [INFO] Heartbeat packet sent
[2026-09-02T18:42:29.645+00:00][B] [INFO] --------------------------------
[2026-09-02T18:42:29.645+00:00][B] [INFO] [HEARTBEAT TX]
[2026-09-02T18:42:29.650+00:00][B] [INFO] Node ID: 2
[2026-09-02T18:42:29.650+00:00][B] [INFO] type: 2
[2026-09-02T18:42:29.650+00:00][B] [INFO] Destination: 0xFF
[2026-09-02T18:42:29.653+00:00][A] [INFO] [RF RX] type=2 source=0x02 destination=0xFF previousHop=0x02 sequence=465 ackSequence=0 ttl=8 hops=0 payloadSize=13 rssi=-60 sn
[2026-09-02T18:42:29.656+00:00][B] [INFO] Sequence: 465
[2026-09-02T18:42:29.656+00:00][B] [INFO] Packet ID: 236
[2026-09-02T18:42:29.661+00:00][B] [INFO] Packet Size: 26
[2026-09-02T18:42:29.661+00:00][B] [INFO] Timestamp: 236 ms
[2026-09-02T18:42:29.667+00:00][B] [INFO] Transmission Result: success
[2026-09-02T18:42:29.667+00:00][B] [INFO] --------------------------------
[2026-09-02T18:42:29.672+00:00][B] [INFO] [Heartbeat #236]
[2026-09-02T18:42:29.672+00:00][B] [INFO] Sent
[2026-09-02T18:42:29.673+00:00][B] [INFO] Waiting ACK...
[2026-09-02T18:42:29.673+00:00][B] [INFO] [WAITING ACK]
[2026-09-02T18:42:29.686+00:00][B] [INFO] [RF TX] type=2 source=0x02 destination=0xFF previousHop=0x02 sequence=465 ackSequence=0 ttl=8 hops=0 payloadSize=13 rssi=0 snr=
[2026-09-02T18:42:29.687+00:00][B] [INFO] Heartbeat packet sent
[2026-09-02T18:42:30.545+00:00][A] [WARN] Retry 1
[2026-09-02T18:42:30.612+00:00][A] [INFO] --------------------------------
[2026-09-02T18:42:30.613+00:00][A] [INFO] [HEARTBEAT TX]
[2026-09-02T18:42:30.617+00:00][A] [INFO] Node ID: 1
[2026-09-02T18:42:30.618+00:00][A] [INFO] type: 2
[2026-09-02T18:42:30.618+00:00][A] [INFO] Destination: 0xFF
[2026-09-02T18:42:30.621+00:00][B] [INFO] [RF RX] type=2 source=0x01 destination=0xFF previousHop=0x01 sequence=853 ackSequence=0 ttl=8 hops=0 payloadSize=13 rssi=-61 sn
[2026-09-02T18:42:30.623+00:00][A] [INFO] Sequence: 853
[2026-09-02T18:42:30.623+00:00][A] [INFO] Packet ID: 452
[2026-09-02T18:42:30.628+00:00][A] [INFO] Packet Size: 26
[2026-09-02T18:42:30.629+00:00][A] [INFO] Timestamp: 452 ms
[2026-09-02T18:42:30.634+00:00][A] [INFO] Transmission Result: success
[2026-09-02T18:42:30.635+00:00][A] [INFO] --------------------------------
[2026-09-02T18:42:30.639+00:00][A] [INFO] [Heartbeat #452]
[2026-09-02T18:42:30.640+00:00][A] [INFO] Sent
[2026-09-02T18:42:30.640+00:00][A] [INFO] Waiting ACK...
[2026-09-02T18:42:30.640+00:00][A] [INFO] [WAITING ACK]
[2026-09-02T18:42:30.654+00:00][A] [INFO] [RF TX] type=2 source=0x01 destination=0xFF previousHop=0x01 sequence=853 ackSequence=0 ttl=8 hops=0 payloadSize=13 rssi=0 snr=
[2026-09-02T18:42:30.654+00:00][A] [INFO] Heartbeat packet sent
[2026-09-02T18:42:30.662+00:00][B] [WARN] Retry 1
[2026-09-02T18:42:30.729+00:00][B] [INFO] --------------------------------
[2026-09-02T18:42:30.729+00:00][B] [INFO] [HEARTBEAT TX]
[2026-09-02T18:42:30.734+00:00][B] [INFO] Node ID: 2
[2026-09-02T18:42:30.734+00:00][B] [INFO] type: 2
[2026-09-02T18:42:30.735+00:00][B] [INFO] Destination: 0xFF
[2026-09-02T18:42:30.737+00:00][A] [INFO] [RF RX] type=2 source=0x02 destination=0xFF previousHop=0x02 sequence=465 ackSequence=0 ttl=8 hops=0 payloadSize=13 rssi=-60 sn
[2026-09-02T18:42:30.740+00:00][B] [INFO] Sequence: 465
[2026-09-02T18:42:30.740+00:00][B] [INFO] Packet ID: 236
[2026-09-02T18:42:30.745+00:00][B] [INFO] Packet Size: 26
[2026-09-02T18:42:30.745+00:00][B] [INFO] Timestamp: 236 ms
[2026-09-02T18:42:30.750+00:00][B] [INFO] Transmission Result: success
[2026-09-02T18:42:30.751+00:00][B] [INFO] --------------------------------
[2026-09-02T18:42:30.756+00:00][B] [INFO] [Heartbeat #236]
[2026-09-02T18:42:30.756+00:00][B] [INFO] Sent
[2026-09-02T18:42:30.757+00:00][B] [INFO] Waiting ACK...
[2026-09-02T18:42:30.757+00:00][B] [INFO] [WAITING ACK]
[2026-09-02T18:42:30.771+00:00][B] [INFO] [RF TX] type=2 source=0x02 destination=0xFF previousHop=0x02 sequence=465 ackSequence=0 ttl=8 hops=0 payloadSize=13 rssi=0 snr=
[2026-09-02T18:42:30.771+00:00][B] [INFO] Heartbeat packet sent
[2026-09-02T18:42:31.528+00:00][A] [INFO] --------------------------------
[2026-09-02T18:42:31.529+00:00][A] [INFO] [HEARTBEAT TX]
[2026-09-02T18:42:31.533+00:00][A] [INFO] Node ID: 1
[2026-09-02T18:42:31.534+00:00][A] [INFO] type: 2
[2026-09-02T18:42:31.534+00:00][A] [INFO] Destination: 0xFF
[2026-09-02T18:42:31.536+00:00][B] [INFO] [RF RX] type=2 source=0x01 destination=0xFF previousHop=0x01 sequence=854 ackSequence=0 ttl=8 hops=0 payloadSize=13 rssi=-62 sn
[2026-09-02T18:42:31.539+00:00][A] [INFO] Sequence: 854
[2026-09-02T18:42:31.539+00:00][A] [INFO] Packet ID: 453
[2026-09-02T18:42:31.544+00:00][A] [INFO] Packet Size: 26
[2026-09-02T18:42:31.545+00:00][A] [INFO] Timestamp: 453 ms
[2026-09-02T18:42:31.550+00:00][A] [INFO] Transmission Result: success
[2026-09-02T18:42:31.551+00:00][A] [INFO] --------------------------------
[2026-09-02T18:42:31.555+00:00][A] [INFO] [Heartbeat #453]
[2026-09-02T18:42:31.556+00:00][A] [INFO] Sent
[2026-09-02T18:42:31.556+00:00][A] [INFO] Waiting ACK...
[2026-09-02T18:42:31.556+00:00][A] [INFO] [WAITING ACK]
[2026-09-02T18:42:31.570+00:00][A] [INFO] [RF TX] type=2 source=0x01 destination=0xFF previousHop=0x01 sequence=854 ackSequence=0 ttl=8 hops=0 payloadSize=13 rssi=0 snr=
[2026-09-02T18:42:31.570+00:00][A] [INFO] Heartbeat packet sent
[2026-09-02T18:42:31.645+00:00][B] [INFO] --------------------------------
[2026-09-02T18:42:31.645+00:00][B] [INFO] [HEARTBEAT TX]
[2026-09-02T18:42:31.650+00:00][B] [INFO] Node ID: 2
[2026-09-02T18:42:31.650+00:00][B] [INFO] type: 2
[2026-09-02T18:42:31.650+00:00][B] [INFO] Destination: 0xFF
[2026-09-02T18:42:31.653+00:00][A] [INFO] [RF RX] type=2 source=0x02 destination=0xFF previousHop=0x02 sequence=466 ackSequence=0 ttl=8 hops=0 payloadSize=13 rssi=-59 sn
[2026-09-02T18:42:31.656+00:00][B] [INFO] Sequence: 466
[2026-09-02T18:42:31.656+00:00][B] [INFO] Packet ID: 237
[2026-09-02T18:42:31.661+00:00][B] [INFO] Packet Size: 26
[2026-09-02T18:42:31.661+00:00][B] [INFO] Timestamp: 237 ms
[2026-09-02T18:42:31.667+00:00][B] [INFO] Transmission Result: success
[2026-09-02T18:42:31.667+00:00][B] [INFO] --------------------------------
[2026-09-02T18:42:31.672+00:00][B] [INFO] [Heartbeat #237]
[2026-09-02T18:42:31.672+00:00][B] [INFO] Sent
[2026-09-02T18:42:31.672+00:00][B] [INFO] Waiting ACK...
[2026-09-02T18:42:31.673+00:00][B] [INFO] [WAITING ACK]
[2026-09-02T18:42:31.686+00:00][B] [INFO] [RF TX] type=2 source=0x02 destination=0xFF previousHop=0x02 sequence=466 ackSequence=0 ttl=8 hops=0 payloadSize=13 rssi=0 snr=
[2026-09-02T18:42:31.687+00:00][B] [INFO] Heartbeat packet sent
[2026-09-02T18:42:32.545+00:00][A] [WARN] Retry 1
[2026-09-02T18:42:32.612+00:00][A] [INFO] --------------------------------
[2026-09-02T18:42:32.613+00:00][A] [INFO] [HEARTBEAT TX]
[2026-09-02T18:42:32.617+00:00][A] [INFO] Node ID: 1
[2026-09-02T18:42:32.618+00:00][A] [INFO] type: 2
[2026-09-02T18:42:32.618+00:00][A] [INFO] Destination: 0xFF
[2026-09-02T18:42:32.621+00:00][B] [INFO] [RF RX] type=2 source=0x01 destination=0xFF previousHop=0x01 sequence=854 ackSequence=0 ttl=8 hops=0 payloadSize=13 rssi=-62 sn
[2026-09-02T18:42:32.623+00:00][A] [INFO] Sequence: 854
[2026-09-02T18:42:32.623+00:00][A] [INFO] Packet ID: 453
[2026-09-02T18:42:32.628+00:00][A] [INFO] Packet Size: 26
[2026-09-02T18:42:32.629+00:00][A] [INFO] Timestamp: 453 ms
[2026-09-02T18:42:32.634+00:00][A] [INFO] Transmission Result: success
[2026-09-02T18:42:32.635+00:00][A] [INFO] --------------------------------
[2026-09-02T18:42:32.639+00:00][A] [INFO] [Heartbeat #453]
[2026-09-02T18:42:32.640+00:00][A] [INFO] Sent
[2026-09-02T18:42:32.640+00:00][A] [INFO] Waiting ACK...
[2026-09-02T18:42:32.640+00:00][A] [INFO] [WAITING ACK]
[2026-09-02T18:42:32.654+00:00][A] [INFO] [RF TX] type=2 source=0x01 destination=0xFF previousHop=0x01 sequence=854 ackSequence=0 ttl=8 hops=0 payloadSize=13 rssi=0 snr=
[2026-09-02T18:42:32.654+00:00][A] [INFO] Heartbeat packet sent
[2026-09-02T18:42:32.662+00:00][B] [WARN] Retry 1
[2026-09-02T18:42:32.729+00:00][B] [INFO] --------------------------------
[2026-09-02T18:42:32.729+00:00][B] [INFO] [HEARTBEAT TX]
[2026-09-02T18:42:32.734+00:00][B] [INFO] Node ID: 2
[2026-09-02T18:42:32.734+00:00][B] [INFO] type: 2
[2026-09-02T18:42:32.735+00:00][B] [INFO] Destination: 0xFF
[2026-09-02T18:42:32.737+00:00][A] [INFO] [RF RX] type=2 source=0x02 destination=0xFF previousHop=0x02 sequence=466 ackSequence=0 ttl=8 hops=0 payloadSize=13 rssi=-59 sn
[2026-09-02T18:42:32.740+00:00][B] [INFO] Sequence: 466
[2026-09-02T18:42:32.740+00:00][B] [INFO] Packet ID: 237
[2026-09-02T18:42:32.745+00:00][B] [INFO] Packet Size: 26
[2026-09-02T18:42:32.745+00:00][B] [INFO] Timestamp: 237 ms
[2026-09-02T18:42:32.750+00:00][B] [INFO] Transmission Result: success
[2026-09-02T18:42:32.751+00:00][B] [INFO] --------------------------------
[2026-09-02T18:42:32.756+00:00][B] [INFO] [Heartbeat #237]
[2026-09-02T18:42:32.756+00:00][B] [INFO] Sent
[2026-09-02T18:42:32.757+00:00][B] [INFO] Waiting ACK...
[2026-09-02T18:42:32.757+00:00][B] [INFO] [WAITING ACK]
[2026-09-02T18:42:32.770+00:00][B] [INFO] [RF TX] type=2 source=0x02 destination=0xFF previousHop=0x02 sequence=466 ackSequence=0 ttl=8 hops=0 payloadSize=13 rssi=0 snr=
[2026-09-02T18:42:32.771+00:00][B] [INFO] Heartbeat packet sent
[2026-09-02T18:42:33.528+00:00][A] [INFO] --------------------------------
[2026-09-02T18:42:33.530+00:00][A] [INFO] [HEARTBEAT TX]
[2026-09-02T18:42:33.533+00:00][A] [INFO] Node ID: 1
[2026-09-02T18:42:33.534+00:00][A] [INFO] type: 2
[2026-09-02T18:42:33.534+00:00][A] [INFO] Destination: 0xFF
[2026-09-02T18:42:33.536+00:00][B] [INFO] [RF RX] type=2 source=0x01 destination=0xFF previousHop=0x01 sequence=855 ackSequence=0 ttl=8 hops=0 payloadSize=13 rssi=-62 sn
[2026-09-02T18:42:33.539+00:00][A] [INFO] Sequence: 855
[2026-09-02T18:42:33.539+00:00][A] [INFO] Packet ID: 454
[2026-09-02T18:42:33.544+00:00][A] [INFO] Packet Size: 26
[2026-09-02T18:42:33.545+00:00][A] [INFO] Timestamp: 454 ms
[2026-09-02T18:42:33.550+00:00][A] [INFO] Transmission Result: success
[2026-09-02T18:42:33.550+00:00][A] [INFO] --------------------------------
[2026-09-02T18:42:33.555+00:00][A] [INFO] [Heartbeat #454]
[2026-09-02T18:42:33.556+00:00][A] [INFO] Sent
[2026-09-02T18:42:33.556+00:00][A] [INFO] Waiting ACK...
[2026-09-02T18:42:33.556+00:00][A] [INFO] [WAITING ACK]
[2026-09-02T18:42:33.570+00:00][A] [INFO] [RF TX] type=2 source=0x01 destination=0xFF previousHop=0x01 sequence=855 ackSequence=0 ttl=8 hops=0 payloadSize=13 rssi=0 snr=
[2026-09-02T18:42:33.570+00:00][A] [INFO] Heartbeat packet sent
[2026-09-02T18:42:33.645+00:00][B] [INFO] --------------------------------
[2026-09-02T18:42:33.645+00:00][B] [INFO] [HEARTBEAT TX]
[2026-09-02T18:42:33.650+00:00][B] [INFO] Node ID: 2
[2026-09-02T18:42:33.650+00:00][B] [INFO] type: 2
[2026-09-02T18:42:33.650+00:00][B] [INFO] Destination: 0xFF
[2026-09-02T18:42:33.653+00:00][A] [INFO] [RF RX] type=2 source=0x02 destination=0xFF previousHop=0x02 sequence=467 ackSequence=0 ttl=8 hops=0 payloadSize=13 rssi=-59 sn
[2026-09-02T18:42:33.655+00:00][B] [INFO] Sequence: 467
[2026-09-02T18:42:33.656+00:00][B] [INFO] Packet ID: 238
[2026-09-02T18:42:33.661+00:00][B] [INFO] Packet Size: 26
[2026-09-02T18:42:33.661+00:00][B] [INFO] Timestamp: 238 ms
[2026-09-02T18:42:33.666+00:00][B] [INFO] Transmission Result: success
[2026-09-02T18:42:33.667+00:00][B] [INFO] --------------------------------
[2026-09-02T18:42:33.672+00:00][B] [INFO] [Heartbeat #238]
[2026-09-02T18:42:33.672+00:00][B] [INFO] Sent
[2026-09-02T18:42:33.672+00:00][B] [INFO] Waiting ACK...
[2026-09-02T18:42:33.673+00:00][B] [INFO] [WAITING ACK]
[2026-09-02T18:42:33.686+00:00][B] [INFO] [RF TX] type=2 source=0x02 destination=0xFF previousHop=0x02 sequence=467 ackSequence=0 ttl=8 hops=0 payloadSize=13 rssi=0 snr=
[2026-09-02T18:42:33.687+00:00][B] [INFO] Heartbeat packet sent
[2026-09-02T18:42:34.545+00:00][A] [WARN] Retry 1
[2026-09-02T18:42:34.612+00:00][A] [INFO] --------------------------------
[2026-09-02T18:42:34.613+00:00][A] [INFO] [HEARTBEAT TX]
[2026-09-02T18:42:34.617+00:00][A] [INFO] Node ID: 1
[2026-09-02T18:42:34.618+00:00][A] [INFO] type: 2
[2026-09-02T18:42:34.618+00:00][A] [INFO] Destination: 0xFF
[2026-09-02T18:42:34.621+00:00][B] [INFO] [RF RX] type=2 source=0x01 destination=0xFF previousHop=0x01 sequence=855 ackSequence=0 ttl=8 hops=0 payloadSize=13 rssi=-62 sn
[2026-09-02T18:42:34.623+00:00][A] [INFO] Sequence: 855
[2026-09-02T18:42:34.623+00:00][A] [INFO] Packet ID: 454
[2026-09-02T18:42:34.628+00:00][A] [INFO] Packet Size: 26
[2026-09-02T18:42:34.629+00:00][A] [INFO] Timestamp: 454 ms
[2026-09-02T18:42:34.634+00:00][A] [INFO] Transmission Result: success
[2026-09-02T18:42:34.634+00:00][A] [INFO] --------------------------------
[2026-09-02T18:42:34.639+00:00][A] [INFO] [Heartbeat #454]
[2026-09-02T18:42:34.640+00:00][A] [INFO] Sent
[2026-09-02T18:42:34.640+00:00][A] [INFO] Waiting ACK...
[2026-09-02T18:42:34.640+00:00][A] [INFO] [WAITING ACK]
[2026-09-02T18:42:34.654+00:00][A] [INFO] [RF TX] type=2 source=0x01 destination=0xFF previousHop=0x01 sequence=855 ackSequence=0 ttl=8 hops=0 payloadSize=13 rssi=0 snr=
[2026-09-02T18:42:34.654+00:00][A] [INFO] Heartbeat packet sent
[2026-09-02T18:42:34.662+00:00][B] [WARN] Retry 1
[2026-09-02T18:42:34.729+00:00][B] [INFO] --------------------------------
[2026-09-02T18:42:34.729+00:00][B] [INFO] [HEARTBEAT TX]
[2026-09-02T18:42:34.735+00:00][B] [INFO] Node ID: 2
[2026-09-02T18:42:34.736+00:00][B] [INFO] type: 2
[2026-09-02T18:42:34.738+00:00][B] [INFO] Destination: 0xFF
[2026-09-02T18:42:34.738+00:00][A] [INFO] [RF RX] type=2 source=0x02 destination=0xFF previousHop=0x02 sequence=467 ackSequence=0 ttl=8 hops=0 payloadSize=13 rssi=-59 sn
[2026-09-02T18:42:34.739+00:00][B] [INFO] Sequence: 467
[2026-09-02T18:42:34.740+00:00][B] [INFO] Packet ID: 238
[2026-09-02T18:42:34.745+00:00][B] [INFO] Packet Size: 26
[2026-09-02T18:42:34.745+00:00][B] [INFO] Timestamp: 238 ms
[2026-09-02T18:42:34.750+00:00][B] [INFO] Transmission Result: success
[2026-09-02T18:42:34.751+00:00][B] [INFO] --------------------------------
[2026-09-02T18:42:34.756+00:00][B] [INFO] [Heartbeat #238]
[2026-09-02T18:42:34.756+00:00][B] [INFO] Sent
[2026-09-02T18:42:34.756+00:00][B] [INFO] Waiting ACK...
[2026-09-02T18:42:34.757+00:00][B] [INFO] [WAITING ACK]
[2026-09-02T18:42:34.770+00:00][B] [INFO] [RF TX] type=2 source=0x02 destination=0xFF previousHop=0x02 sequence=467 ackSequence=0 ttl=8 hops=0 payloadSize=13 rssi=0 snr=
[2026-09-02T18:42:34.771+00:00][B] [INFO] Heartbeat packet sent
[2026-09-02T18:42:35.529+00:00][A] [INFO] --------------------------------
[2026-09-02T18:42:35.530+00:00][A] [INFO] [HEARTBEAT TX]
[2026-09-02T18:42:35.533+00:00][A] [INFO] Node ID: 1
[2026-09-02T18:42:35.533+00:00][A] [INFO] type: 2
[2026-09-02T18:42:35.534+00:00][A] [INFO] Destination: 0xFF
[2026-09-02T18:42:35.536+00:00][B] [INFO] [RF RX] type=2 source=0x01 destination=0xFF previousHop=0x01 sequence=856 ackSequence=0 ttl=8 hops=0 payloadSize=13 rssi=-60 sn
[2026-09-02T18:42:35.539+00:00][A] [INFO] Sequence: 856
[2026-09-02T18:42:35.539+00:00][A] [INFO] Packet ID: 455
[2026-09-02T18:42:35.544+00:00][A] [INFO] Packet Size: 26
[2026-09-02T18:42:35.544+00:00][A] [INFO] Timestamp: 455 ms
[2026-09-02T18:42:35.550+00:00][A] [INFO] Transmission Result: success
[2026-09-02T18:42:35.550+00:00][A] [INFO] --------------------------------
[2026-09-02T18:42:35.555+00:00][A] [INFO] [Heartbeat #455]
[2026-09-02T18:42:35.555+00:00][A] [INFO] Sent
[2026-09-02T18:42:35.555+00:00][A] [INFO] Waiting ACK...
[2026-09-02T18:42:35.555+00:00][A] [INFO] [WAITING ACK]
[2026-09-02T18:42:35.569+00:00][A] [INFO] [RF TX] type=2 source=0x01 destination=0xFF previousHop=0x01 sequence=856 ackSequence=0 ttl=8 hops=0 payloadSize=13 rssi=0 snr=
[2026-09-02T18:42:35.570+00:00][A] [INFO] Heartbeat packet sent
[2026-09-02T18:42:35.645+00:00][B] [INFO] --------------------------------
[2026-09-02T18:42:35.645+00:00][B] [INFO] [HEARTBEAT TX]
[2026-09-02T18:42:35.650+00:00][B] [INFO] Node ID: 2
[2026-09-02T18:42:35.650+00:00][B] [INFO] type: 2
[2026-09-02T18:42:35.650+00:00][B] [INFO] Destination: 0xFF
[2026-09-02T18:42:35.653+00:00][A] [INFO] [RF RX] type=2 source=0x02 destination=0xFF previousHop=0x02 sequence=468 ackSequence=0 ttl=8 hops=0 payloadSize=13 rssi=-59 sn
[2026-09-02T18:42:35.655+00:00][B] [INFO] Sequence: 468
[2026-09-02T18:42:35.656+00:00][B] [INFO] Packet ID: 239
[2026-09-02T18:42:35.661+00:00][B] [INFO] Packet Size: 26
[2026-09-02T18:42:35.661+00:00][B] [INFO] Timestamp: 239 ms
[2026-09-02T18:42:35.666+00:00][B] [INFO] Transmission Result: success
[2026-09-02T18:42:35.667+00:00][B] [INFO] --------------------------------
[2026-09-02T18:42:35.672+00:00][B] [INFO] [Heartbeat #239]
[2026-09-02T18:42:35.672+00:00][B] [INFO] Sent
[2026-09-02T18:42:35.672+00:00][B] [INFO] Waiting ACK...
[2026-09-02T18:42:35.673+00:00][B] [INFO] [WAITING ACK]
[2026-09-02T18:42:35.686+00:00][B] [INFO] [RF TX] type=2 source=0x02 destination=0xFF previousHop=0x02 sequence=468 ackSequence=0 ttl=8 hops=0 payloadSize=13 rssi=0 snr=
[2026-09-02T18:42:35.687+00:00][B] [INFO] Heartbeat packet sent
[2026-09-02T18:42:36.545+00:00][A] [WARN] Retry 1
[2026-09-02T18:42:36.612+00:00][A] [INFO] --------------------------------
[2026-09-02T18:42:36.613+00:00][A] [INFO] [HEARTBEAT TX]
[2026-09-02T18:42:36.617+00:00][A] [INFO] Node ID: 1
[2026-09-02T18:42:36.618+00:00][A] [INFO] type: 2
[2026-09-02T18:42:36.618+00:00][A] [INFO] Destination: 0xFF
[2026-09-02T18:42:36.621+00:00][B] [INFO] [RF RX] type=2 source=0x01 destination=0xFF previousHop=0x01 sequence=856 ackSequence=0 ttl=8 hops=0 payloadSize=13 rssi=-61 sn
[2026-09-02T18:42:36.623+00:00][A] [INFO] Sequence: 856
[2026-09-02T18:42:36.623+00:00][A] [INFO] Packet ID: 455
[2026-09-02T18:42:36.628+00:00][A] [INFO] Packet Size: 26
[2026-09-02T18:42:36.629+00:00][A] [INFO] Timestamp: 455 ms
[2026-09-02T18:42:36.634+00:00][A] [INFO] Transmission Result: success
[2026-09-02T18:42:36.634+00:00][A] [INFO] --------------------------------
[2026-09-02T18:42:36.639+00:00][A] [INFO] [Heartbeat #455]
[2026-09-02T18:42:36.640+00:00][A] [INFO] Sent
[2026-09-02T18:42:36.640+00:00][A] [INFO] Waiting ACK...
[2026-09-02T18:42:36.640+00:00][A] [INFO] [WAITING ACK]
[2026-09-02T18:42:36.654+00:00][A] [INFO] [RF TX] type=2 source=0x01 destination=0xFF previousHop=0x01 sequence=856 ackSequence=0 ttl=8 hops=0 payloadSize=13 rssi=0 snr=
[2026-09-02T18:42:36.654+00:00][A] [INFO] Heartbeat packet sent
[2026-09-02T18:42:36.662+00:00][B] [WARN] Retry 1
[2026-09-02T18:42:36.729+00:00][B] [INFO] --------------------------------
[2026-09-02T18:42:36.730+00:00][B] [INFO] [HEARTBEAT TX]
[2026-09-02T18:42:36.734+00:00][B] [INFO] Node ID: 2
[2026-09-02T18:42:36.734+00:00][B] [INFO] type: 2
[2026-09-02T18:42:36.735+00:00][B] [INFO] Destination: 0xFF
[2026-09-02T18:42:36.737+00:00][A] [INFO] [RF RX] type=2 source=0x02 destination=0xFF previousHop=0x02 sequence=468 ackSequence=0 ttl=8 hops=0 payloadSize=13 rssi=-59 sn
[2026-09-02T18:42:36.739+00:00][B] [INFO] Sequence: 468
[2026-09-02T18:42:36.740+00:00][B] [INFO] Packet ID: 239
[2026-09-02T18:42:36.745+00:00][B] [INFO] Packet Size: 26
[2026-09-02T18:42:36.745+00:00][B] [INFO] Timestamp: 239 ms
[2026-09-02T18:42:36.750+00:00][B] [INFO] Transmission Result: success
[2026-09-02T18:42:36.751+00:00][B] [INFO] --------------------------------
[2026-09-02T18:42:36.756+00:00][B] [INFO] [Heartbeat #239]
[2026-09-02T18:42:36.756+00:00][B] [INFO] Sent
[2026-09-02T18:42:36.756+00:00][B] [INFO] Waiting ACK...
[2026-09-02T18:42:36.757+00:00][B] [INFO] [WAITING ACK]
[2026-09-02T18:42:36.770+00:00][B] [INFO] [RF TX] type=2 source=0x02 destination=0xFF previousHop=0x02 sequence=468 ackSequence=0 ttl=8 hops=0 payloadSize=13 rssi=0 snr=
[2026-09-02T18:42:36.771+00:00][B] [INFO] Heartbeat packet sent
[2026-09-02T18:42:37.528+00:00][A] [INFO] --------------------------------
[2026-09-02T18:42:37.529+00:00][A] [INFO] [HEARTBEAT TX]
[2026-09-02T18:42:37.533+00:00][A] [INFO] Node ID: 1
[2026-09-02T18:42:37.534+00:00][A] [INFO] type: 2
[2026-09-02T18:42:37.534+00:00][A] [INFO] Destination: 0xFF
[2026-09-02T18:42:37.536+00:00][B] [INFO] [RF RX] type=2 source=0x01 destination=0xFF previousHop=0x01 sequence=857 ackSequence=0 ttl=8 hops=0 payloadSize=13 rssi=-61 sn
[2026-09-02T18:42:37.539+00:00][A] [INFO] Sequence: 857
[2026-09-02T18:42:37.539+00:00][A] [INFO] Packet ID: 456
[2026-09-02T18:42:37.544+00:00][A] [INFO] Packet Size: 26
[2026-09-02T18:42:37.545+00:00][A] [INFO] Timestamp: 456 ms
[2026-09-02T18:42:37.550+00:00][A] [INFO] Transmission Result: success
[2026-09-02T18:42:37.550+00:00][A] [INFO] --------------------------------
[2026-09-02T18:42:37.555+00:00][A] [INFO] [Heartbeat #456]
[2026-09-02T18:42:37.555+00:00][A] [INFO] Sent
[2026-09-02T18:42:37.556+00:00][A] [INFO] Waiting ACK...
[2026-09-02T18:42:37.556+00:00][A] [INFO] [WAITING ACK]
[2026-09-02T18:42:37.570+00:00][A] [INFO] [RF TX] type=2 source=0x01 destination=0xFF previousHop=0x01 sequence=857 ackSequence=0 ttl=8 hops=0 payloadSize=13 rssi=0 snr=
[2026-09-02T18:42:37.570+00:00][A] [INFO] Heartbeat packet sent
[2026-09-02T18:42:37.645+00:00][B] [INFO] --------------------------------
[2026-09-02T18:42:37.645+00:00][B] [INFO] [HEARTBEAT TX]
[2026-09-02T18:42:37.650+00:00][B] [INFO] Node ID: 2
[2026-09-02T18:42:37.650+00:00][B] [INFO] type: 2
[2026-09-02T18:42:37.650+00:00][B] [INFO] Destination: 0xFF
[2026-09-02T18:42:37.653+00:00][A] [INFO] [RF RX] type=2 source=0x02 destination=0xFF previousHop=0x02 sequence=469 ackSequence=0 ttl=8 hops=0 payloadSize=13 rssi=-59 sn
[2026-09-02T18:42:37.655+00:00][B] [INFO] Sequence: 469
[2026-09-02T18:42:37.656+00:00][B] [INFO] Packet ID: 240
[2026-09-02T18:42:37.661+00:00][B] [INFO] Packet Size: 26
[2026-09-02T18:42:37.661+00:00][B] [INFO] Timestamp: 240 ms
[2026-09-02T18:42:37.666+00:00][B] [INFO] Transmission Result: success
[2026-09-02T18:42:37.667+00:00][B] [INFO] --------------------------------
[2026-09-02T18:42:37.672+00:00][B] [INFO] [Heartbeat #240]
[2026-09-02T18:42:37.672+00:00][B] [INFO] Sent
[2026-09-02T18:42:37.672+00:00][B] [INFO] Waiting ACK...
[2026-09-02T18:42:37.672+00:00][B] [INFO] [WAITING ACK]
[2026-09-02T18:42:37.686+00:00][B] [INFO] [RF TX] type=2 source=0x02 destination=0xFF previousHop=0x02 sequence=469 ackSequence=0 ttl=8 hops=0 payloadSize=13 rssi=0 snr=
[2026-09-02T18:42:37.686+00:00][B] [INFO] Heartbeat packet sent
[2026-09-02T18:42:38.545+00:00][A] [WARN] Retry 1
[2026-09-02T18:42:38.612+00:00][A] [INFO] --------------------------------
[2026-09-02T18:42:38.613+00:00][A] [INFO] [HEARTBEAT TX]
[2026-09-02T18:42:38.617+00:00][A] [INFO] Node ID: 1
[2026-09-02T18:42:38.618+00:00][A] [INFO] type: 2
[2026-09-02T18:42:38.618+00:00][A] [INFO] Destination: 0xFF
[2026-09-02T18:42:38.621+00:00][B] [INFO] [RF RX] type=2 source=0x01 destination=0xFF previousHop=0x01 sequence=857 ackSequence=0 ttl=8 hops=0 payloadSize=13 rssi=-61 sn
[2026-09-02T18:42:38.623+00:00][A] [INFO] Sequence: 857
[2026-09-02T18:42:38.623+00:00][A] [INFO] Packet ID: 456
[2026-09-02T18:42:38.628+00:00][A] [INFO] Packet Size: 26
[2026-09-02T18:42:38.629+00:00][A] [INFO] Timestamp: 456 ms
[2026-09-02T18:42:38.634+00:00][A] [INFO] Transmission Result: success
[2026-09-02T18:42:38.634+00:00][A] [INFO] --------------------------------
[2026-09-02T18:42:38.639+00:00][A] [INFO] [Heartbeat #456]
[2026-09-02T18:42:38.640+00:00][A] [INFO] Sent
[2026-09-02T18:42:38.640+00:00][A] [INFO] Waiting ACK...
[2026-09-02T18:42:38.640+00:00][A] [INFO] [WAITING ACK]
[2026-09-02T18:42:38.654+00:00][A] [INFO] [RF TX] type=2 source=0x01 destination=0xFF previousHop=0x01 sequence=857 ackSequence=0 ttl=8 hops=0 payloadSize=13 rssi=0 snr=
[2026-09-02T18:42:38.654+00:00][A] [INFO] Heartbeat packet sent
[2026-09-02T18:42:38.661+00:00][B] [WARN] Retry 1
[2026-09-02T18:42:38.729+00:00][B] [INFO] --------------------------------
[2026-09-02T18:42:38.730+00:00][B] [INFO] [HEARTBEAT TX]
[2026-09-02T18:42:38.734+00:00][B] [INFO] Node ID: 2
[2026-09-02T18:42:38.734+00:00][B] [INFO] type: 2
[2026-09-02T18:42:38.735+00:00][B] [INFO] Destination: 0xFF
[2026-09-02T18:42:38.737+00:00][A] [INFO] [RF RX] type=2 source=0x02 destination=0xFF previousHop=0x02 sequence=469 ackSequence=0 ttl=8 hops=0 payloadSize=13 rssi=-59 sn
[2026-09-02T18:42:38.739+00:00][B] [INFO] Sequence: 469
[2026-09-02T18:42:38.740+00:00][B] [INFO] Packet ID: 240
[2026-09-02T18:42:38.745+00:00][B] [INFO] Packet Size: 26
[2026-09-02T18:42:38.745+00:00][B] [INFO] Timestamp: 240 ms
[2026-09-02T18:42:38.750+00:00][B] [INFO] Transmission Result: success
[2026-09-02T18:42:38.751+00:00][B] [INFO] --------------------------------
[2026-09-02T18:42:38.756+00:00][B] [INFO] [Heartbeat #240]
[2026-09-02T18:42:38.756+00:00][B] [INFO] Sent
[2026-09-02T18:42:38.756+00:00][B] [INFO] Waiting ACK...
[2026-09-02T18:42:38.757+00:00][B] [INFO] [WAITING ACK]
[2026-09-02T18:42:38.770+00:00][B] [INFO] [RF TX] type=2 source=0x02 destination=0xFF previousHop=0x02 sequence=469 ackSequence=0 ttl=8 hops=0 payloadSize=13 rssi=0 snr=
[2026-09-02T18:42:38.771+00:00][B] [INFO] Heartbeat packet sent
[2026-09-02T18:42:39.528+00:00][A] [INFO] --------------------------------
[2026-09-02T18:42:39.528+00:00][A] [INFO] [HEARTBEAT TX]
[2026-09-02T18:42:39.533+00:00][A] [INFO] Node ID: 1
[2026-09-02T18:42:39.533+00:00][A] [INFO] type: 2
[2026-09-02T18:42:39.534+00:00][A] [INFO] Destination: 0xFF
[2026-09-02T18:42:39.536+00:00][B] [INFO] [RF RX] type=2 source=0x01 destination=0xFF previousHop=0x01 sequence=858 ackSequence=0 ttl=8 hops=0 payloadSize=13 rssi=-61 sn
[2026-09-02T18:42:39.539+00:00][A] [INFO] Sequence: 858
[2026-09-02T18:42:39.539+00:00][A] [INFO] Packet ID: 457
[2026-09-02T18:42:39.544+00:00][A] [INFO] Packet Size: 26
[2026-09-02T18:42:39.544+00:00][A] [INFO] Timestamp: 457 ms
[2026-09-02T18:42:39.550+00:00][A] [INFO] Transmission Result: success
[2026-09-02T18:42:39.550+00:00][A] [INFO] --------------------------------
[2026-09-02T18:42:39.555+00:00][A] [INFO] [Heartbeat #457]
[2026-09-02T18:42:39.555+00:00][A] [INFO] Sent
[2026-09-02T18:42:39.556+00:00][A] [INFO] Waiting ACK...
[2026-09-02T18:42:39.556+00:00][A] [INFO] [WAITING ACK]
[2026-09-02T18:42:39.569+00:00][A] [INFO] [RF TX] type=2 source=0x01 destination=0xFF previousHop=0x01 sequence=858 ackSequence=0 ttl=8 hops=0 payloadSize=13 rssi=0 snr=
[2026-09-02T18:42:39.570+00:00][A] [INFO] Heartbeat packet sent
[2026-09-02T18:42:39.644+00:00][B] [INFO] --------------------------------
[2026-09-02T18:42:39.645+00:00][B] [INFO] [HEARTBEAT TX]
[2026-09-02T18:42:39.650+00:00][B] [INFO] Node ID: 2
[2026-09-02T18:42:39.650+00:00][B] [INFO] type: 2
[2026-09-02T18:42:39.650+00:00][B] [INFO] Destination: 0xFF
[2026-09-02T18:42:39.653+00:00][A] [INFO] [RF RX] type=2 source=0x02 destination=0xFF previousHop=0x02 sequence=470 ackSequence=0 ttl=8 hops=0 payloadSize=13 rssi=-59 sn
[2026-09-02T18:42:39.655+00:00][B] [INFO] Sequence: 470
[2026-09-02T18:42:39.655+00:00][B] [INFO] Packet ID: 241
[2026-09-02T18:42:39.661+00:00][B] [INFO] Packet Size: 26
[2026-09-02T18:42:39.661+00:00][B] [INFO] Timestamp: 241 ms
[2026-09-02T18:42:39.666+00:00][B] [INFO] Transmission Result: success
[2026-09-02T18:42:39.667+00:00][B] [INFO] --------------------------------
[2026-09-02T18:42:39.672+00:00][B] [INFO] [Heartbeat #241]
[2026-09-02T18:42:39.672+00:00][B] [INFO] Sent
[2026-09-02T18:42:39.672+00:00][B] [INFO] Waiting ACK...
[2026-09-02T18:42:39.673+00:00][B] [INFO] [WAITING ACK]
[2026-09-02T18:42:39.686+00:00][B] [INFO] [RF TX] type=2 source=0x02 destination=0xFF previousHop=0x02 sequence=470 ackSequence=0 ttl=8 hops=0 payloadSize=13 rssi=0 snr=
[2026-09-02T18:42:39.686+00:00][B] [INFO] Heartbeat packet sent
[2026-09-02T18:42:40.545+00:00][A] [WARN] Retry 1
[2026-09-02T18:42:40.612+00:00][A] [INFO] --------------------------------
[2026-09-02T18:42:40.613+00:00][A] [INFO] [HEARTBEAT TX]
[2026-09-02T18:42:40.617+00:00][A] [INFO] Node ID: 1
[2026-09-02T18:42:40.617+00:00][A] [INFO] type: 2
[2026-09-02T18:42:40.618+00:00][A] [INFO] Destination: 0xFF
[2026-09-02T18:42:40.620+00:00][B] [INFO] [RF RX] type=2 source=0x01 destination=0xFF previousHop=0x01 sequence=858 ackSequence=0 ttl=8 hops=0 payloadSize=13 rssi=-62 sn
[2026-09-02T18:42:40.623+00:00][A] [INFO] Sequence: 858
[2026-09-02T18:42:40.623+00:00][A] [INFO] Packet ID: 457
[2026-09-02T18:42:40.628+00:00][A] [INFO] Packet Size: 26
[2026-09-02T18:42:40.628+00:00][A] [INFO] Timestamp: 457 ms
[2026-09-02T18:42:40.634+00:00][A] [INFO] Transmission Result: success
[2026-09-02T18:42:40.634+00:00][A] [INFO] --------------------------------
[2026-09-02T18:42:40.639+00:00][A] [INFO] [Heartbeat #457]
[2026-09-02T18:42:40.639+00:00][A] [INFO] Sent
[2026-09-02T18:42:40.639+00:00][A] [INFO] Waiting ACK...
[2026-09-02T18:42:40.640+00:00][A] [INFO] [WAITING ACK]
[2026-09-02T18:42:40.653+00:00][A] [INFO] [RF TX] type=2 source=0x01 destination=0xFF previousHop=0x01 sequence=858 ackSequence=0 ttl=8 hops=0 payloadSize=13 rssi=0 snr=
[2026-09-02T18:42:40.654+00:00][A] [INFO] Heartbeat packet sent
[2026-09-02T18:42:40.661+00:00][B] [WARN] Retry 1
[2026-09-02T18:42:40.729+00:00][B] [INFO] --------------------------------
[2026-09-02T18:42:40.730+00:00][B] [INFO] [HEARTBEAT TX]
[2026-09-02T18:42:40.734+00:00][B] [INFO] Node ID: 2
[2026-09-02T18:42:40.734+00:00][B] [INFO] type: 2
[2026-09-02T18:42:40.734+00:00][B] [INFO] Destination: 0xFF
[2026-09-02T18:42:40.737+00:00][A] [INFO] [RF RX] type=2 source=0x02 destination=0xFF previousHop=0x02 sequence=470 ackSequence=0 ttl=8 hops=0 payloadSize=13 rssi=-59 sn
[2026-09-02T18:42:40.739+00:00][B] [INFO] Sequence: 470
[2026-09-02T18:42:40.740+00:00][B] [INFO] Packet ID: 241
[2026-09-02T18:42:40.745+00:00][B] [INFO] Packet Size: 26
[2026-09-02T18:42:40.745+00:00][B] [INFO] Timestamp: 241 ms
[2026-09-02T18:42:40.750+00:00][B] [INFO] Transmission Result: success
[2026-09-02T18:42:40.751+00:00][B] [INFO] --------------------------------
[2026-09-02T18:42:40.756+00:00][B] [INFO] [Heartbeat #241]
[2026-09-02T18:42:40.756+00:00][B] [INFO] Sent
[2026-09-02T18:42:40.756+00:00][B] [INFO] Waiting ACK...
[2026-09-02T18:42:40.757+00:00][B] [INFO] [WAITING ACK]
[2026-09-02T18:42:40.770+00:00][B] [INFO] [RF TX] type=2 source=0x02 destination=0xFF previousHop=0x02 sequence=470 ackSequence=0 ttl=8 hops=0 payloadSize=13 rssi=0 snr=
[2026-09-02T18:42:40.770+00:00][B] [INFO] Heartbeat packet sent
[2026-09-02T18:42:41.528+00:00][A] [INFO] --------------------------------
[2026-09-02T18:42:41.529+00:00][A] [INFO] [HEARTBEAT TX]
[2026-09-02T18:42:41.533+00:00][A] [INFO] Node ID: 1
[2026-09-02T18:42:41.533+00:00][A] [INFO] type: 2
[2026-09-02T18:42:41.534+00:00][A] [INFO] Destination: 0xFF
[2026-09-02T18:42:41.536+00:00][B] [INFO] [RF RX] type=2 source=0x01 destination=0xFF previousHop=0x01 sequence=859 ackSequence=0 ttl=8 hops=0 payloadSize=13 rssi=-62 sn
[2026-09-02T18:42:41.539+00:00][A] [INFO] Sequence: 859
[2026-09-02T18:42:41.539+00:00][A] [INFO] Packet ID: 458
[2026-09-02T18:42:41.544+00:00][A] [INFO] Packet Size: 26
[2026-09-02T18:42:41.545+00:00][A] [INFO] Timestamp: 458 ms
[2026-09-02T18:42:41.550+00:00][A] [INFO] Transmission Result: success
[2026-09-02T18:42:41.550+00:00][A] [INFO] --------------------------------
[2026-09-02T18:42:41.555+00:00][A] [INFO] [Heartbeat #458]
[2026-09-02T18:42:41.555+00:00][A] [INFO] Sent
[2026-09-02T18:42:41.556+00:00][A] [INFO] Waiting ACK...
[2026-09-02T18:42:41.556+00:00][A] [INFO] [WAITING ACK]
[2026-09-02T18:42:41.569+00:00][A] [INFO] [RF TX] type=2 source=0x01 destination=0xFF previousHop=0x01 sequence=859 ackSequence=0 ttl=8 hops=0 payloadSize=13 rssi=0 snr=
[2026-09-02T18:42:41.570+00:00][A] [INFO] Heartbeat packet sent
[2026-09-02T18:42:41.644+00:00][B] [INFO] --------------------------------
[2026-09-02T18:42:41.645+00:00][B] [INFO] [HEARTBEAT TX]
[2026-09-02T18:42:41.650+00:00][B] [INFO] Node ID: 2
[2026-09-02T18:42:41.650+00:00][B] [INFO] type: 2
[2026-09-02T18:42:41.650+00:00][B] [INFO] Destination: 0xFF
[2026-09-02T18:42:41.652+00:00][A] [INFO] [RF RX] type=2 source=0x02 destination=0xFF previousHop=0x02 sequence=471 ackSequence=0 ttl=8 hops=0 payloadSize=13 rssi=-60 sn
[2026-09-02T18:42:41.655+00:00][B] [INFO] Sequence: 471
[2026-09-02T18:42:41.656+00:00][B] [INFO] Packet ID: 242
[2026-09-02T18:42:41.661+00:00][B] [INFO] Packet Size: 26
[2026-09-02T18:42:41.661+00:00][B] [INFO] Timestamp: 242 ms
[2026-09-02T18:42:41.666+00:00][B] [INFO] Transmission Result: success
[2026-09-02T18:42:41.667+00:00][B] [INFO] --------------------------------
[2026-09-02T18:42:41.672+00:00][B] [INFO] [Heartbeat #242]
[2026-09-02T18:42:41.672+00:00][B] [INFO] Sent
[2026-09-02T18:42:41.672+00:00][B] [INFO] Waiting ACK...
[2026-09-02T18:42:41.672+00:00][B] [INFO] [WAITING ACK]
[2026-09-02T18:42:41.686+00:00][B] [INFO] [RF TX] type=2 source=0x02 destination=0xFF previousHop=0x02 sequence=471 ackSequence=0 ttl=8 hops=0 payloadSize=13 rssi=0 snr=
[2026-09-02T18:42:41.687+00:00][B] [INFO] Heartbeat packet sent
[2026-09-02T18:42:42.545+00:00][A] [WARN] Retry 1
[2026-09-02T18:42:42.612+00:00][A] [INFO] --------------------------------
[2026-09-02T18:42:42.613+00:00][A] [INFO] [HEARTBEAT TX]
[2026-09-02T18:42:42.617+00:00][A] [INFO] Node ID: 1
[2026-09-02T18:42:42.618+00:00][A] [INFO] type: 2
[2026-09-02T18:42:42.618+00:00][A] [INFO] Destination: 0xFF
[2026-09-02T18:42:42.621+00:00][B] [INFO] [RF RX] type=2 source=0x01 destination=0xFF previousHop=0x01 sequence=859 ackSequence=0 ttl=8 hops=0 payloadSize=13 rssi=-61 sn
[2026-09-02T18:42:42.623+00:00][A] [INFO] Sequence: 859
[2026-09-02T18:42:42.623+00:00][A] [INFO] Packet ID: 458
[2026-09-02T18:42:42.628+00:00][A] [INFO] Packet Size: 26
[2026-09-02T18:42:42.629+00:00][A] [INFO] Timestamp: 458 ms
[2026-09-02T18:42:42.634+00:00][A] [INFO] Transmission Result: success
[2026-09-02T18:42:42.634+00:00][A] [INFO] --------------------------------
[2026-09-02T18:42:42.639+00:00][A] [INFO] [Heartbeat #458]
[2026-09-02T18:42:42.639+00:00][A] [INFO] Sent
[2026-09-02T18:42:42.640+00:00][A] [INFO] Waiting ACK...
[2026-09-02T18:42:42.640+00:00][A] [INFO] [WAITING ACK]
[2026-09-02T18:42:42.654+00:00][A] [INFO] [RF TX] type=2 source=0x01 destination=0xFF previousHop=0x01 sequence=859 ackSequence=0 ttl=8 hops=0 payloadSize=13 rssi=0 snr=
[2026-09-02T18:42:42.654+00:00][A] [INFO] Heartbeat packet sent
[2026-09-02T18:42:42.661+00:00][B] [WARN] Retry 1
[2026-09-02T18:42:42.729+00:00][B] [INFO] --------------------------------
[2026-09-02T18:42:42.729+00:00][B] [INFO] [HEARTBEAT TX]
[2026-09-02T18:42:42.734+00:00][B] [INFO] Node ID: 2
[2026-09-02T18:42:42.734+00:00][B] [INFO] type: 2
[2026-09-02T18:42:42.735+00:00][B] [INFO] Destination: 0xFF
[2026-09-02T18:42:42.737+00:00][A] [INFO] [RF RX] type=2 source=0x02 destination=0xFF previousHop=0x02 sequence=471 ackSequence=0 ttl=8 hops=0 payloadSize=13 rssi=-60 sn
[2026-09-02T18:42:42.739+00:00][B] [INFO] Sequence: 471
[2026-09-02T18:42:42.739+00:00][B] [INFO] Packet ID: 242
[2026-09-02T18:42:42.745+00:00][B] [INFO] Packet Size: 26
[2026-09-02T18:42:42.745+00:00][B] [INFO] Timestamp: 242 ms
[2026-09-02T18:42:42.750+00:00][B] [INFO] Transmission Result: success
[2026-09-02T18:42:42.751+00:00][B] [INFO] --------------------------------
[2026-09-02T18:42:42.756+00:00][B] [INFO] [Heartbeat #242]
[2026-09-02T18:42:42.756+00:00][B] [INFO] Sent
[2026-09-02T18:42:42.756+00:00][B] [INFO] Waiting ACK...
[2026-09-02T18:42:42.756+00:00][B] [INFO] [WAITING ACK]
[2026-09-02T18:42:42.770+00:00][B] [INFO] [RF TX] type=2 source=0x02 destination=0xFF previousHop=0x02 sequence=471 ackSequence=0 ttl=8 hops=0 payloadSize=13 rssi=0 snr=
[2026-09-02T18:42:42.771+00:00][B] [INFO] Heartbeat packet sent
[2026-09-02T18:42:43.528+00:00][A] [INFO] --------------------------------
[2026-09-02T18:42:43.529+00:00][A] [INFO] [HEARTBEAT TX]
[2026-09-02T18:42:43.533+00:00][A] [INFO] Node ID: 1
[2026-09-02T18:42:43.534+00:00][A] [INFO] type: 2
[2026-09-02T18:42:43.534+00:00][A] [INFO] Destination: 0xFF
[2026-09-02T18:42:43.536+00:00][B] [INFO] [RF RX] type=2 source=0x01 destination=0xFF previousHop=0x01 sequence=860 ackSequence=0 ttl=8 hops=0 payloadSize=13 rssi=-61 sn
[2026-09-02T18:42:43.539+00:00][A] [INFO] Sequence: 860
[2026-09-02T18:42:43.539+00:00][A] [INFO] Packet ID: 459
[2026-09-02T18:42:43.544+00:00][A] [INFO] Packet Size: 26
[2026-09-02T18:42:43.544+00:00][A] [INFO] Timestamp: 459 ms
[2026-09-02T18:42:43.550+00:00][A] [INFO] Transmission Result: success
[2026-09-02T18:42:43.550+00:00][A] [INFO] --------------------------------
[2026-09-02T18:42:43.555+00:00][A] [INFO] [Heartbeat #459]
[2026-09-02T18:42:43.555+00:00][A] [INFO] Sent
[2026-09-02T18:42:43.556+00:00][A] [INFO] Waiting ACK...
[2026-09-02T18:42:43.556+00:00][A] [INFO] [WAITING ACK]
[2026-09-02T18:42:43.569+00:00][A] [INFO] [RF TX] type=2 source=0x01 destination=0xFF previousHop=0x01 sequence=860 ackSequence=0 ttl=8 hops=0 payloadSize=13 rssi=0 snr=
[2026-09-02T18:42:43.570+00:00][A] [INFO] Heartbeat packet sent
[2026-09-02T18:42:43.644+00:00][B] [INFO] --------------------------------
[2026-09-02T18:42:43.645+00:00][B] [INFO] [HEARTBEAT TX]
[2026-09-02T18:42:43.650+00:00][B] [INFO] Node ID: 2
[2026-09-02T18:42:43.650+00:00][B] [INFO] type: 2
[2026-09-02T18:42:43.650+00:00][B] [INFO] Destination: 0xFF
[2026-09-02T18:42:43.653+00:00][A] [INFO] [RF RX] type=2 source=0x02 destination=0xFF previousHop=0x02 sequence=472 ackSequence=0 ttl=8 hops=0 payloadSize=13 rssi=-59 sn
[2026-09-02T18:42:43.655+00:00][B] [INFO] Sequence: 472
[2026-09-02T18:42:43.655+00:00][B] [INFO] Packet ID: 243
[2026-09-02T18:42:43.661+00:00][B] [INFO] Packet Size: 26
[2026-09-02T18:42:43.661+00:00][B] [INFO] Timestamp: 243 ms
[2026-09-02T18:42:43.666+00:00][B] [INFO] Transmission Result: success
[2026-09-02T18:42:43.667+00:00][B] [INFO] --------------------------------
[2026-09-02T18:42:43.672+00:00][B] [INFO] [Heartbeat #243]
[2026-09-02T18:42:43.672+00:00][B] [INFO] Sent
[2026-09-02T18:42:43.672+00:00][B] [INFO] Waiting ACK...
[2026-09-02T18:42:43.672+00:00][B] [INFO] [WAITING ACK]
[2026-09-02T18:42:43.686+00:00][B] [INFO] [RF TX] type=2 source=0x02 destination=0xFF previousHop=0x02 sequence=472 ackSequence=0 ttl=8 hops=0 payloadSize=13 rssi=0 snr=
[2026-09-02T18:42:43.687+00:00][B] [INFO] Heartbeat packet sent
[2026-09-02T18:42:44.545+00:00][A] [WARN] Retry 1
[2026-09-02T18:42:44.612+00:00][A] [INFO] --------------------------------
[2026-09-02T18:42:44.613+00:00][A] [INFO] [HEARTBEAT TX]
[2026-09-02T18:42:44.617+00:00][A] [INFO] Node ID: 1
[2026-09-02T18:42:44.617+00:00][A] [INFO] type: 2
[2026-09-02T18:42:44.618+00:00][A] [INFO] Destination: 0xFF
[2026-09-02T18:42:44.620+00:00][B] [INFO] [RF RX] type=2 source=0x01 destination=0xFF previousHop=0x01 sequence=860 ackSequence=0 ttl=8 hops=0 payloadSize=13 rssi=-61 sn
[2026-09-02T18:42:44.623+00:00][A] [INFO] Sequence: 860
[2026-09-02T18:42:44.623+00:00][A] [INFO] Packet ID: 459
[2026-09-02T18:42:44.628+00:00][A] [INFO] Packet Size: 26
[2026-09-02T18:42:44.628+00:00][A] [INFO] Timestamp: 459 ms
[2026-09-02T18:42:44.634+00:00][A] [INFO] Transmission Result: success
[2026-09-02T18:42:44.635+00:00][A] [INFO] --------------------------------
[2026-09-02T18:42:44.639+00:00][A] [INFO] [Heartbeat #459]
[2026-09-02T18:42:44.639+00:00][A] [INFO] Sent
[2026-09-02T18:42:44.640+00:00][A] [INFO] Waiting ACK...
[2026-09-02T18:42:44.640+00:00][A] [INFO] [WAITING ACK]
[2026-09-02T18:42:44.653+00:00][A] [INFO] [RF TX] type=2 source=0x01 destination=0xFF previousHop=0x01 sequence=860 ackSequence=0 ttl=8 hops=0 payloadSize=13 rssi=0 snr=
[2026-09-02T18:42:44.654+00:00][A] [INFO] Heartbeat packet sent
[2026-09-02T18:42:44.661+00:00][B] [WARN] Retry 1
[2026-09-02T18:42:44.729+00:00][B] [INFO] --------------------------------
[2026-09-02T18:42:44.730+00:00][B] [INFO] [HEARTBEAT TX]
[2026-09-02T18:42:44.734+00:00][B] [INFO] Node ID: 2
[2026-09-02T18:42:44.734+00:00][B] [INFO] type: 2
[2026-09-02T18:42:44.735+00:00][B] [INFO] Destination: 0xFF
[2026-09-02T18:42:44.737+00:00][A] [INFO] [RF RX] type=2 source=0x02 destination=0xFF previousHop=0x02 sequence=472 ackSequence=0 ttl=8 hops=0 payloadSize=13 rssi=-59 sn
[2026-09-02T18:42:44.739+00:00][B] [INFO] Sequence: 472
[2026-09-02T18:42:44.740+00:00][B] [INFO] Packet ID: 243
[2026-09-02T18:42:44.745+00:00][B] [INFO] Packet Size: 26
[2026-09-02T18:42:44.745+00:00][B] [INFO] Timestamp: 243 ms
[2026-09-02T18:42:44.750+00:00][B] [INFO] Transmission Result: success
[2026-09-02T18:42:44.751+00:00][B] [INFO] --------------------------------
[2026-09-02T18:42:44.756+00:00][B] [INFO] [Heartbeat #243]
[2026-09-02T18:42:44.756+00:00][B] [INFO] Sent
[2026-09-02T18:42:44.756+00:00][B] [INFO] Waiting ACK...
[2026-09-02T18:42:44.756+00:00][B] [INFO] [WAITING ACK]
[2026-09-02T18:42:44.770+00:00][B] [INFO] [RF TX] type=2 source=0x02 destination=0xFF previousHop=0x02 sequence=472 ackSequence=0 ttl=8 hops=0 payloadSize=13 rssi=0 snr=
[2026-09-02T18:42:44.771+00:00][B] [INFO] Heartbeat packet sent
[2026-09-02T18:42:45.528+00:00][A] [INFO] --------------------------------
[2026-09-02T18:42:45.529+00:00][A] [INFO] [HEARTBEAT TX]
[2026-09-02T18:42:45.533+00:00][A] [INFO] Node ID: 1
[2026-09-02T18:42:45.534+00:00][A] [INFO] type: 2
[2026-09-02T18:42:45.534+00:00][A] [INFO] Destination: 0xFF
[2026-09-02T18:42:45.536+00:00][B] [INFO] [RF RX] type=2 source=0x01 destination=0xFF previousHop=0x01 sequence=861 ackSequence=0 ttl=8 hops=0 payloadSize=13 rssi=-61 sn
[2026-09-02T18:42:45.539+00:00][A] [INFO] Sequence: 861
[2026-09-02T18:42:45.539+00:00][A] [INFO] Packet ID: 460
[2026-09-02T18:42:45.544+00:00][A] [INFO] Packet Size: 26
[2026-09-02T18:42:45.544+00:00][A] [INFO] Timestamp: 460 ms
[2026-09-02T18:42:45.549+00:00][A] [INFO] Transmission Result: success
[2026-09-02T18:42:45.550+00:00][A] [INFO] --------------------------------
[2026-09-02T18:42:45.555+00:00][A] [INFO] [Heartbeat #460]
[2026-09-02T18:42:45.555+00:00][A] [INFO] Sent
[2026-09-02T18:42:45.556+00:00][A] [INFO] Waiting ACK...
[2026-09-02T18:42:45.556+00:00][A] [INFO] [WAITING ACK]
[2026-09-02T18:42:45.569+00:00][A] [INFO] [RF TX] type=2 source=0x01 destination=0xFF previousHop=0x01 sequence=861 ackSequence=0 ttl=8 hops=0 payloadSize=13 rssi=0 snr=
[2026-09-02T18:42:45.570+00:00][A] [INFO] Heartbeat packet sent
[2026-09-02T18:42:45.644+00:00][B] [INFO] --------------------------------
[2026-09-02T18:42:45.644+00:00][B] [INFO] [HEARTBEAT TX]
[2026-09-02T18:42:45.650+00:00][B] [INFO] Node ID: 2
[2026-09-02T18:42:45.650+00:00][B] [INFO] type: 2
[2026-09-02T18:42:45.650+00:00][B] [INFO] Destination: 0xFF
[2026-09-02T18:42:45.652+00:00][A] [INFO] [RF RX] type=2 source=0x02 destination=0xFF previousHop=0x02 sequence=473 ackSequence=0 ttl=8 hops=0 payloadSize=13 rssi=-59 sn
[2026-09-02T18:42:45.655+00:00][B] [INFO] Sequence: 473
[2026-09-02T18:42:45.655+00:00][B] [INFO] Packet ID: 244
[2026-09-02T18:42:45.661+00:00][B] [INFO] Packet Size: 26
[2026-09-02T18:42:45.661+00:00][B] [INFO] Timestamp: 244 ms
[2026-09-02T18:42:45.666+00:00][B] [INFO] Transmission Result: success
[2026-09-02T18:42:45.666+00:00][B] [INFO] --------------------------------
[2026-09-02T18:42:45.672+00:00][B] [INFO] [Heartbeat #244]
[2026-09-02T18:42:45.672+00:00][B] [INFO] Sent
[2026-09-02T18:42:45.672+00:00][B] [INFO] Waiting ACK...
[2026-09-02T18:42:45.672+00:00][B] [INFO] [WAITING ACK]
[2026-09-02T18:42:45.686+00:00][B] [INFO] [RF TX] type=2 source=0x02 destination=0xFF previousHop=0x02 sequence=473 ackSequence=0 ttl=8 hops=0 payloadSize=13 rssi=0 snr=
[2026-09-02T18:42:45.686+00:00][B] [INFO] Heartbeat packet sent
[2026-09-02T18:42:46.545+00:00][A] [WARN] Retry 1
[2026-09-02T18:42:46.612+00:00][A] [INFO] --------------------------------
[2026-09-02T18:42:46.613+00:00][A] [INFO] [HEARTBEAT TX]
[2026-09-02T18:42:46.617+00:00][A] [INFO] Node ID: 1
[2026-09-02T18:42:46.618+00:00][A] [INFO] type: 2
[2026-09-02T18:42:46.618+00:00][A] [INFO] Destination: 0xFF
[2026-09-02T18:42:46.621+00:00][B] [INFO] [RF RX] type=2 source=0x01 destination=0xFF previousHop=0x01 sequence=861 ackSequence=0 ttl=8 hops=0 payloadSize=13 rssi=-62 sn
[2026-09-02T18:42:46.622+00:00][A] [INFO] Sequence: 861
[2026-09-02T18:42:46.623+00:00][A] [INFO] Packet ID: 460
[2026-09-02T18:42:46.628+00:00][A] [INFO] Packet Size: 26
[2026-09-02T18:42:46.628+00:00][A] [INFO] Timestamp: 460 ms
[2026-09-02T18:42:46.633+00:00][A] [INFO] Transmission Result: success
[2026-09-02T18:42:46.634+00:00][A] [INFO] --------------------------------
[2026-09-02T18:42:46.639+00:00][A] [INFO] [Heartbeat #460]
[2026-09-02T18:42:46.639+00:00][A] [INFO] Sent
[2026-09-02T18:42:46.640+00:00][A] [INFO] Waiting ACK...
[2026-09-02T18:42:46.640+00:00][A] [INFO] [WAITING ACK]
[2026-09-02T18:42:46.653+00:00][A] [INFO] [RF TX] type=2 source=0x01 destination=0xFF previousHop=0x01 sequence=861 ackSequence=0 ttl=8 hops=0 payloadSize=13 rssi=0 snr=
[2026-09-02T18:42:46.654+00:00][A] [INFO] Heartbeat packet sent
[2026-09-02T18:42:46.661+00:00][B] [WARN] Retry 1
[2026-09-02T18:42:46.729+00:00][B] [INFO] --------------------------------
[2026-09-02T18:42:46.729+00:00][B] [INFO] [HEARTBEAT TX]
[2026-09-02T18:42:46.734+00:00][B] [INFO] Node ID: 2
[2026-09-02T18:42:46.734+00:00][B] [INFO] type: 2
[2026-09-02T18:42:46.735+00:00][B] [INFO] Destination: 0xFF
[2026-09-02T18:42:46.737+00:00][A] [INFO] [RF RX] type=2 source=0x02 destination=0xFF previousHop=0x02 sequence=473 ackSequence=0 ttl=8 hops=0 payloadSize=13 rssi=-59 sn
[2026-09-02T18:42:46.739+00:00][B] [INFO] Sequence: 473
[2026-09-02T18:42:46.739+00:00][B] [INFO] Packet ID: 244
[2026-09-02T18:42:46.745+00:00][B] [INFO] Packet Size: 26
[2026-09-02T18:42:46.745+00:00][B] [INFO] Timestamp: 244 ms
[2026-09-02T18:42:46.750+00:00][B] [INFO] Transmission Result: success
[2026-09-02T18:42:46.751+00:00][B] [INFO] --------------------------------
[2026-09-02T18:42:46.756+00:00][B] [INFO] [Heartbeat #244]
[2026-09-02T18:42:46.756+00:00][B] [INFO] Sent
[2026-09-02T18:42:46.756+00:00][B] [INFO] Waiting ACK...
[2026-09-02T18:42:46.756+00:00][B] [INFO] [WAITING ACK]
[2026-09-02T18:42:46.770+00:00][B] [INFO] [RF TX] type=2 source=0x02 destination=0xFF previousHop=0x02 sequence=473 ackSequence=0 ttl=8 hops=0 payloadSize=13 rssi=0 snr=
[2026-09-02T18:42:46.770+00:00][B] [INFO] Heartbeat packet sent
[2026-09-02T18:42:47.528+00:00][A] [INFO] --------------------------------
[2026-09-02T18:42:47.528+00:00][A] [INFO] [HEARTBEAT TX]
[2026-09-02T18:42:47.533+00:00][A] [INFO] Node ID: 1
[2026-09-02T18:42:47.533+00:00][A] [INFO] type: 2
[2026-09-02T18:42:47.533+00:00][A] [INFO] Destination: 0xFF
[2026-09-02T18:42:47.536+00:00][B] [INFO] [RF RX] type=2 source=0x01 destination=0xFF previousHop=0x01 sequence=862 ackSequence=0 ttl=8 hops=0 payloadSize=13 rssi=-61 sn
[2026-09-02T18:42:47.538+00:00][A] [INFO] Sequence: 862
[2026-09-02T18:42:47.539+00:00][A] [INFO] Packet ID: 461
[2026-09-02T18:42:47.544+00:00][A] [INFO] Packet Size: 26
[2026-09-02T18:42:47.544+00:00][A] [INFO] Timestamp: 461 ms
[2026-09-02T18:42:47.549+00:00][A] [INFO] Transmission Result: success
[2026-09-02T18:42:47.550+00:00][A] [INFO] --------------------------------
[2026-09-02T18:42:47.555+00:00][A] [INFO] [Heartbeat #461]
[2026-09-02T18:42:47.555+00:00][A] [INFO] Sent
[2026-09-02T18:42:47.555+00:00][A] [INFO] Waiting ACK...
[2026-09-02T18:42:47.556+00:00][A] [INFO] [WAITING ACK]
[2026-09-02T18:42:47.569+00:00][A] [INFO] [RF TX] type=2 source=0x01 destination=0xFF previousHop=0x01 sequence=862 ackSequence=0 ttl=8 hops=0 payloadSize=13 rssi=0 snr=
[2026-09-02T18:42:47.570+00:00][A] [INFO] Heartbeat packet sent
[2026-09-02T18:42:47.644+00:00][B] [INFO] --------------------------------
[2026-09-02T18:42:47.645+00:00][B] [INFO] [HEARTBEAT TX]
[2026-09-02T18:42:47.649+00:00][B] [INFO] Node ID: 2
[2026-09-02T18:42:47.650+00:00][B] [INFO] type: 2
[2026-09-02T18:42:47.650+00:00][B] [INFO] Destination: 0xFF
[2026-09-02T18:42:47.652+00:00][A] [INFO] [RF RX] type=2 source=0x02 destination=0xFF previousHop=0x02 sequence=474 ackSequence=0 ttl=8 hops=0 payloadSize=13 rssi=-59 sn
[2026-09-02T18:42:47.655+00:00][B] [INFO] Sequence: 474
[2026-09-02T18:42:47.655+00:00][B] [INFO] Packet ID: 245
[2026-09-02T18:42:47.661+00:00][B] [INFO] Packet Size: 26
[2026-09-02T18:42:47.661+00:00][B] [INFO] Timestamp: 245 ms
[2026-09-02T18:42:47.666+00:00][B] [INFO] Transmission Result: success
[2026-09-02T18:42:47.667+00:00][B] [INFO] --------------------------------
[2026-09-02T18:42:47.672+00:00][B] [INFO] [Heartbeat #245]
[2026-09-02T18:42:47.672+00:00][B] [INFO] Sent
[2026-09-02T18:42:47.672+00:00][B] [INFO] Waiting ACK...
[2026-09-02T18:42:47.673+00:00][B] [INFO] [WAITING ACK]
[2026-09-02T18:42:47.686+00:00][B] [INFO] [RF TX] type=2 source=0x02 destination=0xFF previousHop=0x02 sequence=474 ackSequence=0 ttl=8 hops=0 payloadSize=13 rssi=0 snr=
[2026-09-02T18:42:47.686+00:00][B] [INFO] Heartbeat packet sent
[2026-09-02T18:42:48.545+00:00][A] [WARN] Retry 1
[2026-09-02T18:42:48.612+00:00][A] [INFO] --------------------------------
[2026-09-02T18:42:48.613+00:00][A] [INFO] [HEARTBEAT TX]
[2026-09-02T18:42:48.617+00:00][A] [INFO] Node ID: 1
[2026-09-02T18:42:48.618+00:00][A] [INFO] type: 2
[2026-09-02T18:42:48.618+00:00][A] [INFO] Destination: 0xFF
[2026-09-02T18:42:48.621+00:00][B] [INFO] [RF RX] type=2 source=0x01 destination=0xFF previousHop=0x01 sequence=862 ackSequence=0 ttl=8 hops=0 payloadSize=13 rssi=-62 sn
[2026-09-02T18:42:48.623+00:00][A] [INFO] Sequence: 862
[2026-09-02T18:42:48.623+00:00][A] [INFO] Packet ID: 461
[2026-09-02T18:42:48.628+00:00][A] [INFO] Packet Size: 26
[2026-09-02T18:42:48.629+00:00][A] [INFO] Timestamp: 461 ms
[2026-09-02T18:42:48.634+00:00][A] [INFO] Transmission Result: success
[2026-09-02T18:42:48.634+00:00][A] [INFO] --------------------------------
[2026-09-02T18:42:48.639+00:00][A] [INFO] [Heartbeat #461]
[2026-09-02T18:42:48.639+00:00][A] [INFO] Sent
[2026-09-02T18:42:48.640+00:00][A] [INFO] Waiting ACK...
[2026-09-02T18:42:48.640+00:00][A] [INFO] [WAITING ACK]
[2026-09-02T18:42:48.653+00:00][A] [INFO] [RF TX] type=2 source=0x01 destination=0xFF previousHop=0x01 sequence=862 ackSequence=0 ttl=8 hops=0 payloadSize=13 rssi=0 snr=
[2026-09-02T18:42:48.654+00:00][A] [INFO] Heartbeat packet sent
[2026-09-02T18:42:48.661+00:00][B] [WARN] Retry 1
[2026-09-02T18:42:48.728+00:00][B] [INFO] --------------------------------
[2026-09-02T18:42:48.729+00:00][B] [INFO] [HEARTBEAT TX]
[2026-09-02T18:42:48.734+00:00][B] [INFO] Node ID: 2
[2026-09-02T18:42:48.734+00:00][B] [INFO] type: 2
[2026-09-02T18:42:48.735+00:00][B] [INFO] Destination: 0xFF
[2026-09-02T18:42:48.736+00:00][A] [INFO] [RF RX] type=2 source=0x02 destination=0xFF previousHop=0x02 sequence=474 ackSequence=0 ttl=8 hops=0 payloadSize=13 rssi=-59 sn
[2026-09-02T18:42:48.739+00:00][B] [INFO] Sequence: 474
[2026-09-02T18:42:48.739+00:00][B] [INFO] Packet ID: 245
[2026-09-02T18:42:48.745+00:00][B] [INFO] Packet Size: 26
[2026-09-02T18:42:48.745+00:00][B] [INFO] Timestamp: 245 ms
[2026-09-02T18:42:48.750+00:00][B] [INFO] Transmission Result: success
[2026-09-02T18:42:48.751+00:00][B] [INFO] --------------------------------
[2026-09-02T18:42:48.756+00:00][B] [INFO] [Heartbeat #245]
[2026-09-02T18:42:48.756+00:00][B] [INFO] Sent
[2026-09-02T18:42:48.756+00:00][B] [INFO] Waiting ACK...
[2026-09-02T18:42:48.756+00:00][B] [INFO] [WAITING ACK]
[2026-09-02T18:42:48.770+00:00][B] [INFO] [RF TX] type=2 source=0x02 destination=0xFF previousHop=0x02 sequence=474 ackSequence=0 ttl=8 hops=0 payloadSize=13 rssi=0 snr=
[2026-09-02T18:42:48.770+00:00][B] [INFO] Heartbeat packet sent
[2026-09-02T18:42:49.528+00:00][A] [INFO] --------------------------------
[2026-09-02T18:42:49.529+00:00][A] [INFO] [HEARTBEAT TX]
[2026-09-02T18:42:49.533+00:00][A] [INFO] Node ID: 1
[2026-09-02T18:42:49.533+00:00][A] [INFO] type: 2
[2026-09-02T18:42:49.534+00:00][A] [INFO] Destination: 0xFF
[2026-09-02T18:42:49.536+00:00][B] [INFO] [RF RX] type=2 source=0x01 destination=0xFF previousHop=0x01 sequence=863 ackSequence=0 ttl=8 hops=0 payloadSize=13 rssi=-62 sn
[2026-09-02T18:42:49.538+00:00][A] [INFO] Sequence: 863
[2026-09-02T18:42:49.539+00:00][A] [INFO] Packet ID: 462
[2026-09-02T18:42:49.544+00:00][A] [INFO] Packet Size: 26
[2026-09-02T18:42:49.544+00:00][A] [INFO] Timestamp: 462 ms
[2026-09-02T18:42:49.549+00:00][A] [INFO] Transmission Result: success
[2026-09-02T18:42:49.550+00:00][A] [INFO] --------------------------------
[2026-09-02T18:42:49.555+00:00][A] [INFO] [Heartbeat #462]
[2026-09-02T18:42:49.555+00:00][A] [INFO] Sent
[2026-09-02T18:42:49.555+00:00][A] [INFO] Waiting ACK...
[2026-09-02T18:42:49.556+00:00][A] [INFO] [WAITING ACK]
[2026-09-02T18:42:49.569+00:00][A] [INFO] [RF TX] type=2 source=0x01 destination=0xFF previousHop=0x01 sequence=863 ackSequence=0 ttl=8 hops=0 payloadSize=13 rssi=0 snr=
[2026-09-02T18:42:49.570+00:00][A] [INFO] Heartbeat packet sent
[2026-09-02T18:42:49.644+00:00][B] [INFO] --------------------------------
[2026-09-02T18:42:49.644+00:00][B] [INFO] [HEARTBEAT TX]
[2026-09-02T18:42:49.650+00:00][B] [INFO] Node ID: 2
[2026-09-02T18:42:49.650+00:00][B] [INFO] type: 2
[2026-09-02T18:42:49.650+00:00][B] [INFO] Destination: 0xFF
[2026-09-02T18:42:49.652+00:00][A] [INFO] [RF RX] type=2 source=0x02 destination=0xFF previousHop=0x02 sequence=475 ackSequence=0 ttl=8 hops=0 payloadSize=13 rssi=-59 sn
[2026-09-02T18:42:49.655+00:00][B] [INFO] Sequence: 475
[2026-09-02T18:42:49.655+00:00][B] [INFO] Packet ID: 246
[2026-09-02T18:42:49.661+00:00][B] [INFO] Packet Size: 26
[2026-09-02T18:42:49.661+00:00][B] [INFO] Timestamp: 246 ms
[2026-09-02T18:42:49.666+00:00][B] [INFO] Transmission Result: success
[2026-09-02T18:42:49.666+00:00][B] [INFO] --------------------------------
[2026-09-02T18:42:49.672+00:00][B] [INFO] [Heartbeat #246]
[2026-09-02T18:42:49.672+00:00][B] [INFO] Sent
[2026-09-02T18:42:49.672+00:00][B] [INFO] Waiting ACK...
[2026-09-02T18:42:49.672+00:00][B] [INFO] [WAITING ACK]
[2026-09-02T18:42:49.686+00:00][B] [INFO] [RF TX] type=2 source=0x02 destination=0xFF previousHop=0x02 sequence=475 ackSequence=0 ttl=8 hops=0 payloadSize=13 rssi=0 snr=
[2026-09-02T18:42:49.686+00:00][B] [INFO] Heartbeat packet sent
[2026-09-02T18:42:50.545+00:00][A] [WARN] Retry 1
[2026-09-02T18:42:50.612+00:00][A] [INFO] --------------------------------
[2026-09-02T18:42:50.612+00:00][A] [INFO] [HEARTBEAT TX]
[2026-09-02T18:42:50.617+00:00][A] [INFO] Node ID: 1
[2026-09-02T18:42:50.617+00:00][A] [INFO] type: 2
[2026-09-02T18:42:50.618+00:00][A] [INFO] Destination: 0xFF
[2026-09-02T18:42:50.620+00:00][B] [INFO] [RF RX] type=2 source=0x01 destination=0xFF previousHop=0x01 sequence=863 ackSequence=0 ttl=8 hops=0 payloadSize=13 rssi=-61 sn
[2026-09-02T18:42:50.622+00:00][A] [INFO] Sequence: 863
[2026-09-02T18:42:50.623+00:00][A] [INFO] Packet ID: 462
[2026-09-02T18:42:50.628+00:00][A] [INFO] Packet Size: 26
[2026-09-02T18:42:50.628+00:00][A] [INFO] Timestamp: 462 ms
[2026-09-02T18:42:50.633+00:00][A] [INFO] Transmission Result: success
[2026-09-02T18:42:50.634+00:00][A] [INFO] --------------------------------
[2026-09-02T18:42:50.639+00:00][A] [INFO] [Heartbeat #462]
[2026-09-02T18:42:50.639+00:00][A] [INFO] Sent
[2026-09-02T18:42:50.639+00:00][A] [INFO] Waiting ACK...
[2026-09-02T18:42:50.640+00:00][A] [INFO] [WAITING ACK]
[2026-09-02T18:42:50.653+00:00][A] [INFO] [RF TX] type=2 source=0x01 destination=0xFF previousHop=0x01 sequence=863 ackSequence=0 ttl=8 hops=0 payloadSize=13 rssi=0 snr=
[2026-09-02T18:42:50.653+00:00][A] [INFO] Heartbeat packet sent
[2026-09-02T18:42:50.661+00:00][B] [WARN] Retry 1
[2026-09-02T18:42:50.728+00:00][B] [INFO] --------------------------------
[2026-09-02T18:42:50.729+00:00][B] [INFO] [HEARTBEAT TX]
[2026-09-02T18:42:50.734+00:00][B] [INFO] Node ID: 2
[2026-09-02T18:42:50.734+00:00][B] [INFO] type: 2
[2026-09-02T18:42:50.734+00:00][B] [INFO] Destination: 0xFF
[2026-09-02T18:42:50.737+00:00][A] [INFO] [RF RX] type=2 source=0x02 destination=0xFF previousHop=0x02 sequence=475 ackSequence=0 ttl=8 hops=0 payloadSize=13 rssi=-59 sn
[2026-09-02T18:42:50.739+00:00][B] [INFO] Sequence: 475
[2026-09-02T18:42:50.739+00:00][B] [INFO] Packet ID: 246
[2026-09-02T18:42:50.745+00:00][B] [INFO] Packet Size: 26
[2026-09-02T18:42:50.745+00:00][B] [INFO] Timestamp: 246 ms
[2026-09-02T18:42:50.750+00:00][B] [INFO] Transmission Result: success
[2026-09-02T18:42:50.751+00:00][B] [INFO] --------------------------------
[2026-09-02T18:42:50.756+00:00][B] [INFO] [Heartbeat #246]
[2026-09-02T18:42:50.756+00:00][B] [INFO] Sent
[2026-09-02T18:42:50.756+00:00][B] [INFO] Waiting ACK...
[2026-09-02T18:42:50.756+00:00][B] [INFO] [WAITING ACK]
[2026-09-02T18:42:50.770+00:00][B] [INFO] [RF TX] type=2 source=0x02 destination=0xFF previousHop=0x02 sequence=475 ackSequence=0 ttl=8 hops=0 payloadSize=13 rssi=0 snr=
[2026-09-02T18:42:50.770+00:00][B] [INFO] Heartbeat packet sent
[2026-09-02T18:42:51.527+00:00][A] [INFO] --------------------------------
[2026-09-02T18:42:51.528+00:00][A] [INFO] [HEARTBEAT TX]
[2026-09-02T18:42:51.533+00:00][A] [INFO] Node ID: 1
[2026-09-02T18:42:51.533+00:00][A] [INFO] type: 2
[2026-09-02T18:42:51.533+00:00][A] [INFO] Destination: 0xFF
[2026-09-02T18:42:51.536+00:00][B] [INFO] [RF RX] type=2 source=0x01 destination=0xFF previousHop=0x01 sequence=864 ackSequence=0 ttl=8 hops=0 payloadSize=13 rssi=-61 sn
[2026-09-02T18:42:51.538+00:00][A] [INFO] Sequence: 864
[2026-09-02T18:42:51.538+00:00][A] [INFO] Packet ID: 463
[2026-09-02T18:42:51.544+00:00][A] [INFO] Packet Size: 26
[2026-09-02T18:42:51.544+00:00][A] [INFO] Timestamp: 463 ms
[2026-09-02T18:42:51.549+00:00][A] [INFO] Transmission Result: success
[2026-09-02T18:42:51.550+00:00][A] [INFO] --------------------------------
[2026-09-02T18:42:51.555+00:00][A] [INFO] [Heartbeat #463]
[2026-09-02T18:42:51.555+00:00][A] [INFO] Sent
[2026-09-02T18:42:51.555+00:00][A] [INFO] Waiting ACK...
[2026-09-02T18:42:51.555+00:00][A] [INFO] [WAITING ACK]
[2026-09-02T18:42:51.569+00:00][A] [INFO] [RF TX] type=2 source=0x01 destination=0xFF previousHop=0x01 sequence=864 ackSequence=0 ttl=8 hops=0 payloadSize=13 rssi=0 snr=
[2026-09-02T18:42:51.569+00:00][A] [INFO] Heartbeat packet sent
[2026-09-02T18:42:51.644+00:00][B] [INFO] --------------------------------
[2026-09-02T18:42:51.644+00:00][B] [INFO] [HEARTBEAT TX]
[2026-09-02T18:42:51.649+00:00][B] [INFO] Node ID: 2
[2026-09-02T18:42:51.650+00:00][B] [INFO] type: 2
[2026-09-02T18:42:51.650+00:00][B] [INFO] Destination: 0xFF
[2026-09-02T18:42:51.652+00:00][A] [INFO] [RF RX] type=2 source=0x02 destination=0xFF previousHop=0x02 sequence=476 ackSequence=0 ttl=8 hops=0 payloadSize=13 rssi=-60 sn
[2026-09-02T18:42:51.655+00:00][B] [INFO] Sequence: 476
[2026-09-02T18:42:51.655+00:00][B] [INFO] Packet ID: 247
[2026-09-02T18:42:51.660+00:00][B] [INFO] Packet Size: 26
[2026-09-02T18:42:51.661+00:00][B] [INFO] Timestamp: 247 ms
[2026-09-02T18:42:51.666+00:00][B] [INFO] Transmission Result: success
[2026-09-02T18:42:51.667+00:00][B] [INFO] --------------------------------
[2026-09-02T18:42:51.672+00:00][B] [INFO] [Heartbeat #247]
[2026-09-02T18:42:51.672+00:00][B] [INFO] Sent
[2026-09-02T18:42:51.672+00:00][B] [INFO] Waiting ACK...
[2026-09-02T18:42:51.673+00:00][B] [INFO] [WAITING ACK]
[2026-09-02T18:42:51.686+00:00][B] [INFO] [RF TX] type=2 source=0x02 destination=0xFF previousHop=0x02 sequence=476 ackSequence=0 ttl=8 hops=0 payloadSize=13 rssi=0 snr=
[2026-09-02T18:42:51.686+00:00][B] [INFO] Heartbeat packet sent
[2026-09-02T18:42:52.545+00:00][A] [WARN] Retry 1
[2026-09-02T18:42:52.612+00:00][A] [INFO] --------------------------------
[2026-09-02T18:42:52.612+00:00][A] [INFO] [HEARTBEAT TX]
[2026-09-02T18:42:52.617+00:00][A] [INFO] Node ID: 1
[2026-09-02T18:42:52.617+00:00][A] [INFO] type: 2
[2026-09-02T18:42:52.618+00:00][A] [INFO] Destination: 0xFF
[2026-09-02T18:42:52.621+00:00][B] [INFO] [RF RX] type=2 source=0x01 destination=0xFF previousHop=0x01 sequence=864 ackSequence=0 ttl=8 hops=0 payloadSize=13 rssi=-61 sn
[2026-09-02T18:42:52.623+00:00][A] [INFO] Sequence: 864
[2026-09-02T18:42:52.623+00:00][A] [INFO] Packet ID: 463
[2026-09-02T18:42:52.628+00:00][A] [INFO] Packet Size: 26
[2026-09-02T18:42:52.628+00:00][A] [INFO] Timestamp: 463 ms
[2026-09-02T18:42:52.633+00:00][A] [INFO] Transmission Result: success
[2026-09-02T18:42:52.634+00:00][A] [INFO] --------------------------------
[2026-09-02T18:42:52.639+00:00][A] [INFO] [Heartbeat #463]
[2026-09-02T18:42:52.639+00:00][A] [INFO] Sent
[2026-09-02T18:42:52.639+00:00][A] [INFO] Waiting ACK...
[2026-09-02T18:42:52.639+00:00][A] [INFO] [WAITING ACK]
[2026-09-02T18:42:52.653+00:00][A] [INFO] [RF TX] type=2 source=0x01 destination=0xFF previousHop=0x01 sequence=864 ackSequence=0 ttl=8 hops=0 payloadSize=13 rssi=0 snr=
[2026-09-02T18:42:52.653+00:00][A] [INFO] Heartbeat packet sent
[2026-09-02T18:42:52.661+00:00][B] [WARN] Retry 1
[2026-09-02T18:42:52.728+00:00][B] [INFO] --------------------------------
[2026-09-02T18:42:52.728+00:00][B] [INFO] [HEARTBEAT TX]
[2026-09-02T18:42:52.733+00:00][B] [INFO] Node ID: 2
[2026-09-02T18:42:52.734+00:00][B] [INFO] type: 2
[2026-09-02T18:42:52.734+00:00][B] [INFO] Destination: 0xFF
[2026-09-02T18:42:52.736+00:00][A] [INFO] [RF RX] type=2 source=0x02 destination=0xFF previousHop=0x02 sequence=476 ackSequence=0 ttl=8 hops=0 payloadSize=13 rssi=-60 sn
[2026-09-02T18:42:52.739+00:00][B] [INFO] Sequence: 476
[2026-09-02T18:42:52.739+00:00][B] [INFO] Packet ID: 247
[2026-09-02T18:42:52.744+00:00][B] [INFO] Packet Size: 26
[2026-09-02T18:42:52.745+00:00][B] [INFO] Timestamp: 247 ms
[2026-09-02T18:42:52.750+00:00][B] [INFO] Transmission Result: success
[2026-09-02T18:42:52.750+00:00][B] [INFO] --------------------------------
[2026-09-02T18:42:52.756+00:00][B] [INFO] [Heartbeat #247]
[2026-09-02T18:42:52.756+00:00][B] [INFO] Sent
[2026-09-02T18:42:52.756+00:00][B] [INFO] Waiting ACK...
[2026-09-02T18:42:52.756+00:00][B] [INFO] [WAITING ACK]
[2026-09-02T18:42:52.770+00:00][B] [INFO] [RF TX] type=2 source=0x02 destination=0xFF previousHop=0x02 sequence=476 ackSequence=0 ttl=8 hops=0 payloadSize=13 rssi=0 snr=
[2026-09-02T18:42:52.770+00:00][B] [INFO] Heartbeat packet sent
[2026-09-02T18:42:53.528+00:00][A] [INFO] --------------------------------
[2026-09-02T18:42:53.528+00:00][A] [INFO] [HEARTBEAT TX]
[2026-09-02T18:42:53.533+00:00][A] [INFO] Node ID: 1
[2026-09-02T18:42:53.533+00:00][A] [INFO] type: 2
[2026-09-02T18:42:53.534+00:00][A] [INFO] Destination: 0xFF
[2026-09-02T18:42:53.536+00:00][B] [INFO] [RF RX] type=2 source=0x01 destination=0xFF previousHop=0x01 sequence=865 ackSequence=0 ttl=8 hops=0 payloadSize=13 rssi=-62 sn
[2026-09-02T18:42:53.538+00:00][A] [INFO] Sequence: 865
[2026-09-02T18:42:53.539+00:00][A] [INFO] Packet ID: 464
[2026-09-02T18:42:53.544+00:00][A] [INFO] Packet Size: 26
[2026-09-02T18:42:53.544+00:00][A] [INFO] Timestamp: 464 ms
[2026-09-02T18:42:53.549+00:00][A] [INFO] Transmission Result: success
[2026-09-02T18:42:53.550+00:00][A] [INFO] --------------------------------
[2026-09-02T18:42:53.555+00:00][A] [INFO] [Heartbeat #464]
[2026-09-02T18:42:53.555+00:00][A] [INFO] Sent
[2026-09-02T18:42:53.555+00:00][A] [INFO] Waiting ACK...
[2026-09-02T18:42:53.556+00:00][A] [INFO] [WAITING ACK]
[2026-09-02T18:42:53.569+00:00][A] [INFO] [RF TX] type=2 source=0x01 destination=0xFF previousHop=0x01 sequence=865 ackSequence=0 ttl=8 hops=0 payloadSize=13 rssi=0 snr=
[2026-09-02T18:42:53.570+00:00][A] [INFO] Heartbeat packet sent
[2026-09-02T18:42:53.644+00:00][B] [INFO] --------------------------------
[2026-09-02T18:42:53.645+00:00][B] [INFO] [HEARTBEAT TX]
[2026-09-02T18:42:53.649+00:00][B] [INFO] Node ID: 2
[2026-09-02T18:42:53.650+00:00][B] [INFO] type: 2
[2026-09-02T18:42:53.650+00:00][B] [INFO] Destination: 0xFF
[2026-09-02T18:42:53.652+00:00][A] [INFO] [RF RX] type=2 source=0x02 destination=0xFF previousHop=0x02 sequence=477 ackSequence=0 ttl=8 hops=0 payloadSize=13 rssi=-59 sn
[2026-09-02T18:42:53.655+00:00][B] [INFO] Sequence: 477
[2026-09-02T18:42:53.655+00:00][B] [INFO] Packet ID: 248
[2026-09-02T18:42:53.660+00:00][B] [INFO] Packet Size: 26
[2026-09-02T18:42:53.661+00:00][B] [INFO] Timestamp: 248 ms
[2026-09-02T18:42:53.666+00:00][B] [INFO] Transmission Result: success
[2026-09-02T18:42:53.667+00:00][B] [INFO] --------------------------------
[2026-09-02T18:42:53.672+00:00][B] [INFO] [Heartbeat #248]
[2026-09-02T18:42:53.672+00:00][B] [INFO] Sent
[2026-09-02T18:42:53.672+00:00][B] [INFO] Waiting ACK...
[2026-09-02T18:42:53.672+00:00][B] [INFO] [WAITING ACK]
[2026-09-02T18:42:53.686+00:00][B] [INFO] [RF TX] type=2 source=0x02 destination=0xFF previousHop=0x02 sequence=477 ackSequence=0 ttl=8 hops=0 payloadSize=13 rssi=0 snr=
[2026-09-02T18:42:53.687+00:00][B] [INFO] Heartbeat packet sent
[2026-09-02T18:42:54.545+00:00][A] [WARN] Retry 1
[2026-09-02T18:42:54.612+00:00][A] [INFO] --------------------------------
[2026-09-02T18:42:54.612+00:00][A] [INFO] [HEARTBEAT TX]
[2026-09-02T18:42:54.617+00:00][A] [INFO] Node ID: 1
[2026-09-02T18:42:54.617+00:00][A] [INFO] type: 2
[2026-09-02T18:42:54.618+00:00][A] [INFO] Destination: 0xFF
[2026-09-02T18:42:54.620+00:00][B] [INFO] [RF RX] type=2 source=0x01 destination=0xFF previousHop=0x01 sequence=865 ackSequence=0 ttl=8 hops=0 payloadSize=13 rssi=-61 sn
[2026-09-02T18:42:54.622+00:00][A] [INFO] Sequence: 865
[2026-09-02T18:42:54.623+00:00][A] [INFO] Packet ID: 464
[2026-09-02T18:42:54.628+00:00][A] [INFO] Packet Size: 26
[2026-09-02T18:42:54.628+00:00][A] [INFO] Timestamp: 464 ms
[2026-09-02T18:42:54.633+00:00][A] [INFO] Transmission Result: success
[2026-09-02T18:42:54.634+00:00][A] [INFO] --------------------------------
[2026-09-02T18:42:54.639+00:00][A] [INFO] [Heartbeat #464]
[2026-09-02T18:42:54.639+00:00][A] [INFO] Sent
[2026-09-02T18:42:54.639+00:00][A] [INFO] Waiting ACK...
[2026-09-02T18:42:54.640+00:00][A] [INFO] [WAITING ACK]
[2026-09-02T18:42:54.653+00:00][A] [INFO] [RF TX] type=2 source=0x01 destination=0xFF previousHop=0x01 sequence=865 ackSequence=0 ttl=8 hops=0 payloadSize=13 rssi=0 snr=
[2026-09-02T18:42:54.653+00:00][A] [INFO] Heartbeat packet sent
[2026-09-02T18:42:54.661+00:00][B] [WARN] Retry 1
[2026-09-02T18:42:54.728+00:00][B] [INFO] --------------------------------
[2026-09-02T18:42:54.729+00:00][B] [INFO] [HEARTBEAT TX]
[2026-09-02T18:42:54.733+00:00][B] [INFO] Node ID: 2
[2026-09-02T18:42:54.734+00:00][B] [INFO] type: 2
[2026-09-02T18:42:54.734+00:00][B] [INFO] Destination: 0xFF
[2026-09-02T18:42:54.736+00:00][A] [INFO] [RF RX] type=2 source=0x02 destination=0xFF previousHop=0x02 sequence=477 ackSequence=0 ttl=8 hops=0 payloadSize=13 rssi=-59 sn
[2026-09-02T18:42:54.739+00:00][B] [INFO] Sequence: 477
[2026-09-02T18:42:54.739+00:00][B] [INFO] Packet ID: 248
[2026-09-02T18:42:54.744+00:00][B] [INFO] Packet Size: 26
[2026-09-02T18:42:54.745+00:00][B] [INFO] Timestamp: 248 ms
[2026-09-02T18:42:54.750+00:00][B] [INFO] Transmission Result: success
[2026-09-02T18:42:54.751+00:00][B] [INFO] --------------------------------
[2026-09-02T18:42:54.756+00:00][B] [INFO] [Heartbeat #248]
[2026-09-02T18:42:54.756+00:00][B] [INFO] Sent
[2026-09-02T18:42:54.756+00:00][B] [INFO] Waiting ACK...
[2026-09-02T18:42:54.756+00:00][B] [INFO] [WAITING ACK]
[2026-09-02T18:42:54.770+00:00][B] [INFO] [RF TX] type=2 source=0x02 destination=0xFF previousHop=0x02 sequence=477 ackSequence=0 ttl=8 hops=0 payloadSize=13 rssi=0 snr=
[2026-09-02T18:42:54.770+00:00][B] [INFO] Heartbeat packet sent
[2026-09-02T18:42:55.528+00:00][A] [INFO] --------------------------------
[2026-09-02T18:42:55.530+00:00][A] [INFO] [HEARTBEAT TX]
[2026-09-02T18:42:55.533+00:00][A] [INFO] Node ID: 1
[2026-09-02T18:42:55.533+00:00][A] [INFO] type: 2
[2026-09-02T18:42:55.533+00:00][A] [INFO] Destination: 0xFF
[2026-09-02T18:42:55.536+00:00][B] [INFO] [RF RX] type=2 source=0x01 destination=0xFF previousHop=0x01 sequence=866 ackSequence=0 ttl=8 hops=0 payloadSize=13 rssi=-62 sn
[2026-09-02T18:42:55.538+00:00][A] [INFO] Sequence: 866
[2026-09-02T18:42:55.539+00:00][A] [INFO] Packet ID: 465
[2026-09-02T18:42:55.544+00:00][A] [INFO] Packet Size: 26
[2026-09-02T18:42:55.544+00:00][A] [INFO] Timestamp: 465 ms
[2026-09-02T18:42:55.549+00:00][A] [INFO] Transmission Result: success
[2026-09-02T18:42:55.550+00:00][A] [INFO] --------------------------------
[2026-09-02T18:42:55.555+00:00][A] [INFO] [Heartbeat #465]
[2026-09-02T18:42:55.555+00:00][A] [INFO] Sent
[2026-09-02T18:42:55.556+00:00][A] [INFO] Waiting ACK...
[2026-09-02T18:42:55.556+00:00][A] [INFO] [WAITING ACK]
[2026-09-02T18:42:55.569+00:00][A] [INFO] [RF TX] type=2 source=0x01 destination=0xFF previousHop=0x01 sequence=866 ackSequence=0 ttl=8 hops=0 payloadSize=13 rssi=0 snr=
[2026-09-02T18:42:55.570+00:00][A] [INFO] Heartbeat packet sent
[2026-09-02T18:42:55.644+00:00][B] [INFO] --------------------------------
[2026-09-02T18:42:55.644+00:00][B] [INFO] [HEARTBEAT TX]
[2026-09-02T18:42:55.649+00:00][B] [INFO] Node ID: 2
[2026-09-02T18:42:55.650+00:00][B] [INFO] type: 2
[2026-09-02T18:42:55.650+00:00][B] [INFO] Destination: 0xFF
[2026-09-02T18:42:55.652+00:00][A] [INFO] [RF RX] type=2 source=0x02 destination=0xFF previousHop=0x02 sequence=478 ackSequence=0 ttl=8 hops=0 payloadSize=13 rssi=-59 sn
[2026-09-02T18:42:55.655+00:00][B] [INFO] Sequence: 478
[2026-09-02T18:42:55.655+00:00][B] [INFO] Packet ID: 249
[2026-09-02T18:42:55.660+00:00][B] [INFO] Packet Size: 26
[2026-09-02T18:42:55.661+00:00][B] [INFO] Timestamp: 249 ms
[2026-09-02T18:42:55.666+00:00][B] [INFO] Transmission Result: success
[2026-09-02T18:42:55.666+00:00][B] [INFO] --------------------------------
[2026-09-02T18:42:55.671+00:00][B] [INFO] [Heartbeat #249]
[2026-09-02T18:42:55.672+00:00][B] [INFO] Sent
[2026-09-02T18:42:55.672+00:00][B] [INFO] Waiting ACK...
[2026-09-02T18:42:55.672+00:00][B] [INFO] [WAITING ACK]
[2026-09-02T18:42:55.686+00:00][B] [INFO] [RF TX] type=2 source=0x02 destination=0xFF previousHop=0x02 sequence=478 ackSequence=0 ttl=8 hops=0 payloadSize=13 rssi=0 snr=
[2026-09-02T18:42:55.686+00:00][B] [INFO] Heartbeat packet sent
[2026-09-02T18:42:56.545+00:00][A] [WARN] Retry 1
[2026-09-02T18:42:56.612+00:00][A] [INFO] --------------------------------
[2026-09-02T18:42:56.613+00:00][A] [INFO] [HEARTBEAT TX]
[2026-09-02T18:42:56.617+00:00][A] [INFO] Node ID: 1
[2026-09-02T18:42:56.617+00:00][A] [INFO] type: 2
[2026-09-02T18:42:56.618+00:00][A] [INFO] Destination: 0xFF
[2026-09-02T18:42:56.621+00:00][B] [INFO] [RF RX] type=2 source=0x01 destination=0xFF previousHop=0x01 sequence=866 ackSequence=0 ttl=8 hops=0 payloadSize=13 rssi=-62 sn
[2026-09-02T18:42:56.622+00:00][A] [INFO] Sequence: 866
[2026-09-02T18:42:56.623+00:00][A] [INFO] Packet ID: 465
[2026-09-02T18:42:56.628+00:00][A] [INFO] Packet Size: 26
[2026-09-02T18:42:56.628+00:00][A] [INFO] Timestamp: 465 ms
[2026-09-02T18:42:56.633+00:00][A] [INFO] Transmission Result: success
[2026-09-02T18:42:56.634+00:00][A] [INFO] --------------------------------
[2026-09-02T18:42:56.639+00:00][A] [INFO] [Heartbeat #465]
[2026-09-02T18:42:56.639+00:00][A] [INFO] Sent
[2026-09-02T18:42:56.639+00:00][A] [INFO] Waiting ACK...
[2026-09-02T18:42:56.640+00:00][A] [INFO] [WAITING ACK]
[2026-09-02T18:42:56.653+00:00][A] [INFO] [RF TX] type=2 source=0x01 destination=0xFF previousHop=0x01 sequence=866 ackSequence=0 ttl=8 hops=0 payloadSize=13 rssi=0 snr=
[2026-09-02T18:42:56.654+00:00][A] [INFO] Heartbeat packet sent
[2026-09-02T18:42:56.661+00:00][B] [WARN] Retry 1
[2026-09-02T18:42:56.729+00:00][B] [INFO] --------------------------------
[2026-09-02T18:42:56.729+00:00][B] [INFO] [HEARTBEAT TX]
[2026-09-02T18:42:56.733+00:00][B] [INFO] Node ID: 2
[2026-09-02T18:42:56.734+00:00][B] [INFO] type: 2
[2026-09-02T18:42:56.734+00:00][B] [INFO] Destination: 0xFF
[2026-09-02T18:42:56.737+00:00][A] [INFO] [RF RX] type=2 source=0x02 destination=0xFF previousHop=0x02 sequence=478 ackSequence=0 ttl=8 hops=0 payloadSize=13 rssi=-60 sn
[2026-09-02T18:42:56.739+00:00][B] [INFO] Sequence: 478
[2026-09-02T18:42:56.739+00:00][B] [INFO] Packet ID: 249
[2026-09-02T18:42:56.744+00:00][B] [INFO] Packet Size: 26
[2026-09-02T18:42:56.745+00:00][B] [INFO] Timestamp: 249 ms
[2026-09-02T18:42:56.750+00:00][B] [INFO] Transmission Result: success
[2026-09-02T18:42:56.750+00:00][B] [INFO] --------------------------------
[2026-09-02T18:42:56.755+00:00][B] [INFO] [Heartbeat #249]
[2026-09-02T18:42:56.756+00:00][B] [INFO] Sent
[2026-09-02T18:42:56.756+00:00][B] [INFO] Waiting ACK...
[2026-09-02T18:42:56.756+00:00][B] [INFO] [WAITING ACK]
[2026-09-02T18:42:56.770+00:00][B] [INFO] [RF TX] type=2 source=0x02 destination=0xFF previousHop=0x02 sequence=478 ackSequence=0 ttl=8 hops=0 payloadSize=13 rssi=0 snr=
[2026-09-02T18:42:56.770+00:00][B] [INFO] Heartbeat packet sent
[2026-09-02T18:42:57.528+00:00][A] [INFO] --------------------------------
[2026-09-02T18:42:57.528+00:00][A] [INFO] [HEARTBEAT TX]
[2026-09-02T18:42:57.533+00:00][A] [INFO] Node ID: 1
[2026-09-02T18:42:57.533+00:00][A] [INFO] type: 2
[2026-09-02T18:42:57.534+00:00][A] [INFO] Destination: 0xFF
[2026-09-02T18:42:57.536+00:00][B] [INFO] [RF RX] type=2 source=0x01 destination=0xFF previousHop=0x01 sequence=867 ackSequence=0 ttl=8 hops=0 payloadSize=13 rssi=-61 sn
[2026-09-02T18:42:57.538+00:00][A] [INFO] Sequence: 867
[2026-09-02T18:42:57.539+00:00][A] [INFO] Packet ID: 466
[2026-09-02T18:42:57.544+00:00][A] [INFO] Packet Size: 26
[2026-09-02T18:42:57.544+00:00][A] [INFO] Timestamp: 466 ms
[2026-09-02T18:42:57.549+00:00][A] [INFO] Transmission Result: success
[2026-09-02T18:42:57.550+00:00][A] [INFO] --------------------------------
[2026-09-02T18:42:57.555+00:00][A] [INFO] [Heartbeat #466]
[2026-09-02T18:42:57.555+00:00][A] [INFO] Sent
[2026-09-02T18:42:57.555+00:00][A] [INFO] Waiting ACK...
[2026-09-02T18:42:57.556+00:00][A] [INFO] [WAITING ACK]
[2026-09-02T18:42:57.569+00:00][A] [INFO] [RF TX] type=2 source=0x01 destination=0xFF previousHop=0x01 sequence=867 ackSequence=0 ttl=8 hops=0 payloadSize=13 rssi=0 snr=
[2026-09-02T18:42:57.570+00:00][A] [INFO] Heartbeat packet sent
[2026-09-02T18:42:57.644+00:00][B] [INFO] --------------------------------
[2026-09-02T18:42:57.644+00:00][B] [INFO] [HEARTBEAT TX]
[2026-09-02T18:42:57.649+00:00][B] [INFO] Node ID: 2
[2026-09-02T18:42:57.650+00:00][B] [INFO] type: 2
[2026-09-02T18:42:57.650+00:00][B] [INFO] Destination: 0xFF
[2026-09-02T18:42:57.652+00:00][A] [INFO] [RF RX] type=2 source=0x02 destination=0xFF previousHop=0x02 sequence=479 ackSequence=0 ttl=8 hops=0 payloadSize=13 rssi=-59 sn
[2026-09-02T18:42:57.655+00:00][B] [INFO] Sequence: 479
[2026-09-02T18:42:57.655+00:00][B] [INFO] Packet ID: 250
[2026-09-02T18:42:57.660+00:00][B] [INFO] Packet Size: 26
[2026-09-02T18:42:57.661+00:00][B] [INFO] Timestamp: 250 ms
[2026-09-02T18:42:57.666+00:00][B] [INFO] Transmission Result: success
[2026-09-02T18:42:57.666+00:00][B] [INFO] --------------------------------
[2026-09-02T18:42:57.671+00:00][B] [INFO] [Heartbeat #250]
[2026-09-02T18:42:57.672+00:00][B] [INFO] Sent
[2026-09-02T18:42:57.672+00:00][B] [INFO] Waiting ACK...
[2026-09-02T18:42:57.672+00:00][B] [INFO] [WAITING ACK]
[2026-09-02T18:42:57.686+00:00][B] [INFO] [RF TX] type=2 source=0x02 destination=0xFF previousHop=0x02 sequence=479 ackSequence=0 ttl=8 hops=0 payloadSize=13 rssi=0 snr=
[2026-09-02T18:42:57.686+00:00][B] [INFO] Heartbeat packet sent
[2026-09-02T18:42:58.545+00:00][A] [WARN] Retry 1
[2026-09-02T18:42:58.612+00:00][A] [INFO] --------------------------------
[2026-09-02T18:42:58.612+00:00][A] [INFO] [HEARTBEAT TX]
[2026-09-02T18:42:58.617+00:00][A] [INFO] Node ID: 1
[2026-09-02T18:42:58.618+00:00][A] [INFO] type: 2
[2026-09-02T18:42:58.618+00:00][A] [INFO] Destination: 0xFF
[2026-09-02T18:42:58.621+00:00][B] [INFO] [RF RX] type=2 source=0x01 destination=0xFF previousHop=0x01 sequence=867 ackSequence=0 ttl=8 hops=0 payloadSize=13 rssi=-61 sn
[2026-09-02T18:42:58.623+00:00][A] [INFO] Sequence: 867
[2026-09-02T18:42:58.623+00:00][A] [INFO] Packet ID: 466
[2026-09-02T18:42:58.628+00:00][A] [INFO] Packet Size: 26
[2026-09-02T18:42:58.628+00:00][A] [INFO] Timestamp: 466 ms
[2026-09-02T18:42:58.633+00:00][A] [INFO] Transmission Result: success
[2026-09-02T18:42:58.634+00:00][A] [INFO] --------------------------------
[2026-09-02T18:42:58.639+00:00][A] [INFO] [Heartbeat #466]
[2026-09-02T18:42:58.639+00:00][A] [INFO] Sent
[2026-09-02T18:42:58.640+00:00][A] [INFO] Waiting ACK...
[2026-09-02T18:42:58.640+00:00][A] [INFO] [WAITING ACK]
[2026-09-02T18:42:58.653+00:00][A] [INFO] [RF TX] type=2 source=0x01 destination=0xFF previousHop=0x01 sequence=867 ackSequence=0 ttl=8 hops=0 payloadSize=13 rssi=0 snr=
[2026-09-02T18:42:58.654+00:00][A] [INFO] Heartbeat packet sent
[2026-09-02T18:42:58.661+00:00][B] [WARN] Retry 1
[2026-09-02T18:42:58.728+00:00][B] [INFO] --------------------------------
[2026-09-02T18:42:58.729+00:00][B] [INFO] [HEARTBEAT TX]
[2026-09-02T18:42:58.733+00:00][B] [INFO] Node ID: 2
[2026-09-02T18:42:58.734+00:00][B] [INFO] type: 2
[2026-09-02T18:42:58.734+00:00][B] [INFO] Destination: 0xFF
[2026-09-02T18:42:58.736+00:00][A] [INFO] [RF RX] type=2 source=0x02 destination=0xFF previousHop=0x02 sequence=479 ackSequence=0 ttl=8 hops=0 payloadSize=13 rssi=-59 sn
[2026-09-02T18:42:58.739+00:00][B] [INFO] Sequence: 479
[2026-09-02T18:42:58.739+00:00][B] [INFO] Packet ID: 250
[2026-09-02T18:42:58.744+00:00][B] [INFO] Packet Size: 26
[2026-09-02T18:42:58.745+00:00][B] [INFO] Timestamp: 250 ms
[2026-09-02T18:42:58.750+00:00][B] [INFO] Transmission Result: success
[2026-09-02T18:42:58.751+00:00][B] [INFO] --------------------------------
[2026-09-02T18:42:58.755+00:00][B] [INFO] [Heartbeat #250]
[2026-09-02T18:42:58.756+00:00][B] [INFO] Sent
[2026-09-02T18:42:58.756+00:00][B] [INFO] Waiting ACK...
[2026-09-02T18:42:58.756+00:00][B] [INFO] [WAITING ACK]
[2026-09-02T18:42:58.770+00:00][B] [INFO] [RF TX] type=2 source=0x02 destination=0xFF previousHop=0x02 sequence=479 ackSequence=0 ttl=8 hops=0 payloadSize=13 rssi=0 snr=
[2026-09-02T18:42:58.771+00:00][B] [INFO] Heartbeat packet sent
[2026-09-02T18:42:59.527+00:00][A] [INFO] --------------------------------
[2026-09-02T18:42:59.528+00:00][A] [INFO] [HEARTBEAT TX]
[2026-09-02T18:42:59.533+00:00][A] [INFO] Node ID: 1
[2026-09-02T18:42:59.533+00:00][A] [INFO] type: 2
[2026-09-02T18:42:59.533+00:00][A] [INFO] Destination: 0xFF
[2026-09-02T18:42:59.536+00:00][B] [INFO] [RF RX] type=2 source=0x01 destination=0xFF previousHop=0x01 sequence=868 ackSequence=0 ttl=8 hops=0 payloadSize=13 rssi=-61 sn
[2026-09-02T18:42:59.538+00:00][A] [INFO] Sequence: 868
[2026-09-02T18:42:59.539+00:00][A] [INFO] Packet ID: 467
[2026-09-02T18:42:59.544+00:00][A] [INFO] Packet Size: 26
[2026-09-02T18:42:59.544+00:00][A] [INFO] Timestamp: 467 ms
[2026-09-02T18:42:59.549+00:00][A] [INFO] Transmission Result: success
[2026-09-02T18:42:59.550+00:00][A] [INFO] --------------------------------
[2026-09-02T18:42:59.555+00:00][A] [INFO] [Heartbeat #467]
[2026-09-02T18:42:59.555+00:00][A] [INFO] Sent
[2026-09-02T18:42:59.555+00:00][A] [INFO] Waiting ACK...
[2026-09-02T18:42:59.555+00:00][A] [INFO] [WAITING ACK]
[2026-09-02T18:42:59.569+00:00][A] [INFO] [RF TX] type=2 source=0x01 destination=0xFF previousHop=0x01 sequence=868 ackSequence=0 ttl=8 hops=0 payloadSize=13 rssi=0 snr=
[2026-09-02T18:42:59.569+00:00][A] [INFO] Heartbeat packet sent
[2026-09-02T18:42:59.644+00:00][B] [INFO] --------------------------------
[2026-09-02T18:42:59.644+00:00][B] [INFO] [HEARTBEAT TX]
[2026-09-02T18:42:59.649+00:00][B] [INFO] Node ID: 2
[2026-09-02T18:42:59.650+00:00][B] [INFO] type: 2
[2026-09-02T18:42:59.650+00:00][B] [INFO] Destination: 0xFF
[2026-09-02T18:42:59.652+00:00][A] [INFO] [RF RX] type=2 source=0x02 destination=0xFF previousHop=0x02 sequence=480 ackSequence=0 ttl=8 hops=0 payloadSize=13 rssi=-59 sn
[2026-09-02T18:42:59.655+00:00][B] [INFO] Sequence: 480
[2026-09-02T18:42:59.655+00:00][B] [INFO] Packet ID: 251
[2026-09-02T18:42:59.660+00:00][B] [INFO] Packet Size: 26
[2026-09-02T18:42:59.661+00:00][B] [INFO] Timestamp: 251 ms
[2026-09-02T18:42:59.666+00:00][B] [INFO] Transmission Result: success
[2026-09-02T18:42:59.666+00:00][B] [INFO] --------------------------------
[2026-09-02T18:42:59.671+00:00][B] [INFO] [Heartbeat #251]
[2026-09-02T18:42:59.672+00:00][B] [INFO] Sent
[2026-09-02T18:42:59.672+00:00][B] [INFO] Waiting ACK...
[2026-09-02T18:42:59.672+00:00][B] [INFO] [WAITING ACK]
[2026-09-02T18:42:59.686+00:00][B] [INFO] [RF TX] type=2 source=0x02 destination=0xFF previousHop=0x02 sequence=480 ackSequence=0 ttl=8 hops=0 payloadSize=13 rssi=0 snr=
[2026-09-02T18:42:59.686+00:00][B] [INFO] Heartbeat packet sent
[2026-09-02T18:43:00.545+00:00][A] [WARN] Retry 1
[2026-09-02T18:43:00.612+00:00][A] [INFO] --------------------------------
[2026-09-02T18:43:00.613+00:00][A] [INFO] [HEARTBEAT TX]
[2026-09-02T18:43:00.617+00:00][A] [INFO] Node ID: 1
[2026-09-02T18:43:00.617+00:00][A] [INFO] type: 2
[2026-09-02T18:43:00.618+00:00][A] [INFO] Destination: 0xFF
[2026-09-02T18:43:00.620+00:00][B] [INFO] [RF RX] type=2 source=0x01 destination=0xFF previousHop=0x01 sequence=868 ackSequence=0 ttl=8 hops=0 payloadSize=13 rssi=-62 sn
[2026-09-02T18:43:00.622+00:00][A] [INFO] Sequence: 868
[2026-09-02T18:43:00.623+00:00][A] [INFO] Packet ID: 467
[2026-09-02T18:43:00.628+00:00][A] [INFO] Packet Size: 26
[2026-09-02T18:43:00.628+00:00][A] [INFO] Timestamp: 467 ms
[2026-09-02T18:43:00.633+00:00][A] [INFO] Transmission Result: success
[2026-09-02T18:43:00.634+00:00][A] [INFO] --------------------------------
[2026-09-02T18:43:00.639+00:00][A] [INFO] [Heartbeat #467]
[2026-09-02T18:43:00.639+00:00][A] [INFO] Sent
[2026-09-02T18:43:00.639+00:00][A] [INFO] Waiting ACK...
[2026-09-02T18:43:00.639+00:00][A] [INFO] [WAITING ACK]
[2026-09-02T18:43:00.653+00:00][A] [INFO] [RF TX] type=2 source=0x01 destination=0xFF previousHop=0x01 sequence=868 ackSequence=0 ttl=8 hops=0 payloadSize=13 rssi=0 snr=
[2026-09-02T18:43:00.653+00:00][A] [INFO] Heartbeat packet sent
[2026-09-02T18:43:00.661+00:00][B] [WARN] Retry 1
[2026-09-02T18:43:00.728+00:00][B] [INFO] --------------------------------
[2026-09-02T18:43:00.729+00:00][B] [INFO] [HEARTBEAT TX]
[2026-09-02T18:43:00.733+00:00][B] [INFO] Node ID: 2
[2026-09-02T18:43:00.734+00:00][B] [INFO] type: 2
[2026-09-02T18:43:00.734+00:00][B] [INFO] Destination: 0xFF
[2026-09-02T18:43:00.737+00:00][A] [INFO] [RF RX] type=2 source=0x02 destination=0xFF previousHop=0x02 sequence=480 ackSequence=0 ttl=8 hops=0 payloadSize=13 rssi=-60 sn
[2026-09-02T18:43:00.739+00:00][B] [INFO] Sequence: 480
[2026-09-02T18:43:00.739+00:00][B] [INFO] Packet ID: 251
[2026-09-02T18:43:00.744+00:00][B] [INFO] Packet Size: 26
[2026-09-02T18:43:00.745+00:00][B] [INFO] Timestamp: 251 ms
[2026-09-02T18:43:00.750+00:00][B] [INFO] Transmission Result: success
[2026-09-02T18:43:00.750+00:00][B] [INFO] --------------------------------
[2026-09-02T18:43:00.755+00:00][B] [INFO] [Heartbeat #251]
[2026-09-02T18:43:00.756+00:00][B] [INFO] Sent
[2026-09-02T18:43:00.756+00:00][B] [INFO] Waiting ACK...
[2026-09-02T18:43:00.756+00:00][B] [INFO] [WAITING ACK]
[2026-09-02T18:43:00.770+00:00][B] [INFO] [RF TX] type=2 source=0x02 destination=0xFF previousHop=0x02 sequence=480 ackSequence=0 ttl=8 hops=0 payloadSize=13 rssi=0 snr=
[2026-09-02T18:43:00.770+00:00][B] [INFO] Heartbeat packet sent
[2026-09-02T18:43:01.528+00:00][A] [INFO] --------------------------------
[2026-09-02T18:43:01.528+00:00][A] [INFO] [HEARTBEAT TX]
[2026-09-02T18:43:01.533+00:00][A] [INFO] Node ID: 1
[2026-09-02T18:43:01.533+00:00][A] [INFO] type: 2
[2026-09-02T18:43:01.534+00:00][A] [INFO] Destination: 0xFF
[2026-09-02T18:43:01.536+00:00][B] [INFO] [RF RX] type=2 source=0x01 destination=0xFF previousHop=0x01 sequence=869 ackSequence=0 ttl=8 hops=0 payloadSize=13 rssi=-61 sn
[2026-09-02T18:43:01.538+00:00][A] [INFO] Sequence: 869
[2026-09-02T18:43:01.538+00:00][A] [INFO] Packet ID: 468
[2026-09-02T18:43:01.544+00:00][A] [INFO] Packet Size: 26
[2026-09-02T18:43:01.544+00:00][A] [INFO] Timestamp: 468 ms
[2026-09-02T18:43:01.549+00:00][A] [INFO] Transmission Result: success
[2026-09-02T18:43:01.550+00:00][A] [INFO] --------------------------------
[2026-09-02T18:43:01.555+00:00][A] [INFO] [Heartbeat #468]
[2026-09-02T18:43:01.555+00:00][A] [INFO] Sent
[2026-09-02T18:43:01.555+00:00][A] [INFO] Waiting ACK...
[2026-09-02T18:43:01.556+00:00][A] [INFO] [WAITING ACK]
[2026-09-02T18:43:01.569+00:00][A] [INFO] [RF TX] type=2 source=0x01 destination=0xFF previousHop=0x01 sequence=869 ackSequence=0 ttl=8 hops=0 payloadSize=13 rssi=0 snr=
[2026-09-02T18:43:01.570+00:00][A] [INFO] Heartbeat packet sent
[2026-09-02T18:43:01.644+00:00][B] [INFO] --------------------------------
[2026-09-02T18:43:01.644+00:00][B] [INFO] [HEARTBEAT TX]
[2026-09-02T18:43:01.649+00:00][B] [INFO] Node ID: 2
[2026-09-02T18:43:01.649+00:00][B] [INFO] type: 2
[2026-09-02T18:43:01.650+00:00][B] [INFO] Destination: 0xFF
[2026-09-02T18:43:01.653+00:00][A] [INFO] [RF RX] type=2 source=0x02 destination=0xFF previousHop=0x02 sequence=481 ackSequence=0 ttl=8 hops=0 payloadSize=13 rssi=-60 sn
[2026-09-02T18:43:01.655+00:00][B] [INFO] Sequence: 481
[2026-09-02T18:43:01.655+00:00][B] [INFO] Packet ID: 252
[2026-09-02T18:43:01.660+00:00][B] [INFO] Packet Size: 26
[2026-09-02T18:43:01.661+00:00][B] [INFO] Timestamp: 252 ms
[2026-09-02T18:43:01.666+00:00][B] [INFO] Transmission Result: success
[2026-09-02T18:43:01.666+00:00][B] [INFO] --------------------------------
[2026-09-02T18:43:01.671+00:00][B] [INFO] [Heartbeat #252]
[2026-09-02T18:43:01.672+00:00][B] [INFO] Sent
[2026-09-02T18:43:01.672+00:00][B] [INFO] Waiting ACK...
[2026-09-02T18:43:01.672+00:00][B] [INFO] [WAITING ACK]
[2026-09-02T18:43:01.686+00:00][B] [INFO] [RF TX] type=2 source=0x02 destination=0xFF previousHop=0x02 sequence=481 ackSequence=0 ttl=8 hops=0 payloadSize=13 rssi=0 snr=
[2026-09-02T18:43:01.686+00:00][B] [INFO] Heartbeat packet sent
[2026-09-02T18:43:02.544+00:00][A] [WARN] Retry 1
[2026-09-02T18:43:02.612+00:00][A] [INFO] --------------------------------
[2026-09-02T18:43:02.612+00:00][A] [INFO] [HEARTBEAT TX]
[2026-09-02T18:43:02.617+00:00][A] [INFO] Node ID: 1
[2026-09-02T18:43:02.617+00:00][A] [INFO] type: 2
[2026-09-02T18:43:02.618+00:00][A] [INFO] Destination: 0xFF
[2026-09-02T18:43:02.620+00:00][B] [INFO] [RF RX] type=2 source=0x01 destination=0xFF previousHop=0x01 sequence=869 ackSequence=0 ttl=8 hops=0 payloadSize=13 rssi=-62 sn
[2026-09-02T18:43:02.622+00:00][A] [INFO] Sequence: 869
[2026-09-02T18:43:02.622+00:00][A] [INFO] Packet ID: 468
[2026-09-02T18:43:02.628+00:00][A] [INFO] Packet Size: 26
[2026-09-02T18:43:02.628+00:00][A] [INFO] Timestamp: 468 ms
[2026-09-02T18:43:02.633+00:00][A] [INFO] Transmission Result: success
[2026-09-02T18:43:02.634+00:00][A] [INFO] --------------------------------
[2026-09-02T18:43:02.639+00:00][A] [INFO] [Heartbeat #468]
[2026-09-02T18:43:02.639+00:00][A] [INFO] Sent
[2026-09-02T18:43:02.639+00:00][A] [INFO] Waiting ACK...
[2026-09-02T18:43:02.639+00:00][A] [INFO] [WAITING ACK]
[2026-09-02T18:43:02.653+00:00][A] [INFO] [RF TX] type=2 source=0x01 destination=0xFF previousHop=0x01 sequence=869 ackSequence=0 ttl=8 hops=0 payloadSize=13 rssi=0 snr=
[2026-09-02T18:43:02.654+00:00][A] [INFO] Heartbeat packet sent
[2026-09-02T18:43:02.661+00:00][B] [WARN] Retry 1
[2026-09-02T18:43:02.728+00:00][B] [INFO] --------------------------------
[2026-09-02T18:43:02.729+00:00][B] [INFO] [HEARTBEAT TX]
[2026-09-02T18:43:02.733+00:00][B] [INFO] Node ID: 2
[2026-09-02T18:43:02.734+00:00][B] [INFO] type: 2
[2026-09-02T18:43:02.734+00:00][B] [INFO] Destination: 0xFF
[2026-09-02T18:43:02.736+00:00][A] [INFO] [RF RX] type=2 source=0x02 destination=0xFF previousHop=0x02 sequence=481 ackSequence=0 ttl=8 hops=0 payloadSize=13 rssi=-61 sn
[2026-09-02T18:43:02.739+00:00][B] [INFO] Sequence: 481
[2026-09-02T18:43:02.739+00:00][B] [INFO] Packet ID: 252
[2026-09-02T18:43:02.744+00:00][B] [INFO] Packet Size: 26
[2026-09-02T18:43:02.745+00:00][B] [INFO] Timestamp: 252 ms
[2026-09-02T18:43:02.750+00:00][B] [INFO] Transmission Result: success
[2026-09-02T18:43:02.750+00:00][B] [INFO] --------------------------------
[2026-09-02T18:43:02.755+00:00][B] [INFO] [Heartbeat #252]
[2026-09-02T18:43:02.756+00:00][B] [INFO] Sent
[2026-09-02T18:43:02.756+00:00][B] [INFO] Waiting ACK...
[2026-09-02T18:43:02.756+00:00][B] [INFO] [WAITING ACK]
[2026-09-02T18:43:02.770+00:00][B] [INFO] [RF TX] type=2 source=0x02 destination=0xFF previousHop=0x02 sequence=481 ackSequence=0 ttl=8 hops=0 payloadSize=13 rssi=0 snr=
[2026-09-02T18:43:02.770+00:00][B] [INFO] Heartbeat packet sent
[2026-09-02T18:43:03.528+00:00][A] [INFO] --------------------------------
[2026-09-02T18:43:03.528+00:00][A] [INFO] [HEARTBEAT TX]
[2026-09-02T18:43:03.533+00:00][A] [INFO] Node ID: 1
[2026-09-02T18:43:03.533+00:00][A] [INFO] type: 2
[2026-09-02T18:43:03.534+00:00][A] [INFO] Destination: 0xFF
[2026-09-02T18:43:03.536+00:00][B] [INFO] [RF RX] type=2 source=0x01 destination=0xFF previousHop=0x01 sequence=870 ackSequence=0 ttl=8 hops=0 payloadSize=13 rssi=-62 sn
[2026-09-02T18:43:03.538+00:00][A] [INFO] Sequence: 870
[2026-09-02T18:43:03.539+00:00][A] [INFO] Packet ID: 469
[2026-09-02T18:43:03.544+00:00][A] [INFO] Packet Size: 26
[2026-09-02T18:43:03.544+00:00][A] [INFO] Timestamp: 469 ms
[2026-09-02T18:43:03.549+00:00][A] [INFO] Transmission Result: success
[2026-09-02T18:43:03.550+00:00][A] [INFO] --------------------------------
[2026-09-02T18:43:03.555+00:00][A] [INFO] [Heartbeat #469]
[2026-09-02T18:43:03.555+00:00][A] [INFO] Sent
[2026-09-02T18:43:03.555+00:00][A] [INFO] Waiting ACK...
[2026-09-02T18:43:03.556+00:00][A] [INFO] [WAITING ACK]
[2026-09-02T18:43:03.569+00:00][A] [INFO] [RF TX] type=2 source=0x01 destination=0xFF previousHop=0x01 sequence=870 ackSequence=0 ttl=8 hops=0 payloadSize=13 rssi=0 snr=
[2026-09-02T18:43:03.570+00:00][A] [INFO] Heartbeat packet sent
[2026-09-02T18:43:03.644+00:00][B] [INFO] --------------------------------
[2026-09-02T18:43:03.644+00:00][B] [INFO] [HEARTBEAT TX]
[2026-09-02T18:43:03.649+00:00][B] [INFO] Node ID: 2
[2026-09-02T18:43:03.649+00:00][B] [INFO] type: 2
[2026-09-02T18:43:03.650+00:00][B] [INFO] Destination: 0xFF
[2026-09-02T18:43:03.652+00:00][A] [INFO] [RF RX] type=2 source=0x02 destination=0xFF previousHop=0x02 sequence=482 ackSequence=0 ttl=8 hops=0 payloadSize=13 rssi=-61 sn
[2026-09-02T18:43:03.655+00:00][B] [INFO] Sequence: 482
[2026-09-02T18:43:03.655+00:00][B] [INFO] Packet ID: 253
[2026-09-02T18:43:03.660+00:00][B] [INFO] Packet Size: 26
[2026-09-02T18:43:03.660+00:00][B] [INFO] Timestamp: 253 ms
[2026-09-02T18:43:03.666+00:00][B] [INFO] Transmission Result: success
[2026-09-02T18:43:03.666+00:00][B] [INFO] --------------------------------
[2026-09-02T18:43:03.671+00:00][B] [INFO] [Heartbeat #253]
[2026-09-02T18:43:03.671+00:00][B] [INFO] Sent
[2026-09-02T18:43:03.672+00:00][B] [INFO] Waiting ACK...
[2026-09-02T18:43:03.672+00:00][B] [INFO] [WAITING ACK]
[2026-09-02T18:43:03.686+00:00][B] [INFO] [RF TX] type=2 source=0x02 destination=0xFF previousHop=0x02 sequence=482 ackSequence=0 ttl=8 hops=0 payloadSize=13 rssi=0 snr=
[2026-09-02T18:43:03.686+00:00][B] [INFO] Heartbeat packet sent
[2026-09-02T18:43:04.545+00:00][A] [WARN] Retry 1
[2026-09-02T18:43:04.612+00:00][A] [INFO] --------------------------------
[2026-09-02T18:43:04.612+00:00][A] [INFO] [HEARTBEAT TX]
[2026-09-02T18:43:04.617+00:00][A] [INFO] Node ID: 1
[2026-09-02T18:43:04.617+00:00][A] [INFO] type: 2
[2026-09-02T18:43:04.617+00:00][A] [INFO] Destination: 0xFF
[2026-09-02T18:43:04.620+00:00][B] [INFO] [RF RX] type=2 source=0x01 destination=0xFF previousHop=0x01 sequence=870 ackSequence=0 ttl=8 hops=0 payloadSize=13 rssi=-62 sn
[2026-09-02T18:43:04.622+00:00][A] [INFO] Sequence: 870
[2026-09-02T18:43:04.623+00:00][A] [INFO] Packet ID: 469
[2026-09-02T18:43:04.628+00:00][A] [INFO] Packet Size: 26
[2026-09-02T18:43:04.628+00:00][A] [INFO] Timestamp: 469 ms
[2026-09-02T18:43:04.633+00:00][A] [INFO] Transmission Result: success
[2026-09-02T18:43:04.634+00:00][A] [INFO] --------------------------------
[2026-09-02T18:43:04.639+00:00][A] [INFO] [Heartbeat #469]
[2026-09-02T18:43:04.639+00:00][A] [INFO] Sent
[2026-09-02T18:43:04.639+00:00][A] [INFO] Waiting ACK...
[2026-09-02T18:43:04.639+00:00][A] [INFO] [WAITING ACK]
[2026-09-02T18:43:04.653+00:00][A] [INFO] [RF TX] type=2 source=0x01 destination=0xFF previousHop=0x01 sequence=870 ackSequence=0 ttl=8 hops=0 payloadSize=13 rssi=0 snr=
[2026-09-02T18:43:04.653+00:00][A] [INFO] Heartbeat packet sent
[2026-09-02T18:43:04.661+00:00][B] [WARN] Retry 1
[2026-09-02T18:43:04.728+00:00][B] [INFO] --------------------------------
[2026-09-02T18:43:04.729+00:00][B] [INFO] [HEARTBEAT TX]
[2026-09-02T18:43:04.733+00:00][B] [INFO] Node ID: 2
[2026-09-02T18:43:04.734+00:00][B] [INFO] type: 2
[2026-09-02T18:43:04.734+00:00][B] [INFO] Destination: 0xFF
[2026-09-02T18:43:04.736+00:00][A] [INFO] [RF RX] type=2 source=0x02 destination=0xFF previousHop=0x02 sequence=482 ackSequence=0 ttl=8 hops=0 payloadSize=13 rssi=-60 sn
[2026-09-02T18:43:04.739+00:00][B] [INFO] Sequence: 482
[2026-09-02T18:43:04.739+00:00][B] [INFO] Packet ID: 253
[2026-09-02T18:43:04.744+00:00][B] [INFO] Packet Size: 26
[2026-09-02T18:43:04.745+00:00][B] [INFO] Timestamp: 253 ms
[2026-09-02T18:43:04.750+00:00][B] [INFO] Transmission Result: success
[2026-09-02T18:43:04.750+00:00][B] [INFO] --------------------------------
[2026-09-02T18:43:04.755+00:00][B] [INFO] [Heartbeat #253]
[2026-09-02T18:43:04.755+00:00][B] [INFO] Sent
[2026-09-02T18:43:04.756+00:00][B] [INFO] Waiting ACK...
[2026-09-02T18:43:04.756+00:00][B] [INFO] [WAITING ACK]
[2026-09-02T18:43:04.770+00:00][B] [INFO] [RF TX] type=2 source=0x02 destination=0xFF previousHop=0x02 sequence=482 ackSequence=0 ttl=8 hops=0 payloadSize=13 rssi=0 snr=
[2026-09-02T18:43:04.770+00:00][B] [INFO] Heartbeat packet sent
[2026-09-02T18:43:05.527+00:00][A] [INFO] --------------------------------
[2026-09-02T18:43:05.528+00:00][A] [INFO] [HEARTBEAT TX]
[2026-09-02T18:43:05.532+00:00][A] [INFO] Node ID: 1
[2026-09-02T18:43:05.533+00:00][A] [INFO] type: 2
[2026-09-02T18:43:05.533+00:00][A] [INFO] Destination: 0xFF
[2026-09-02T18:43:05.535+00:00][B] [INFO] [RF RX] type=2 source=0x01 destination=0xFF previousHop=0x01 sequence=871 ackSequence=0 ttl=8 hops=0 payloadSize=13 rssi=-61 sn
[2026-09-02T18:43:05.538+00:00][A] [INFO] Sequence: 871
[2026-09-02T18:43:05.538+00:00][A] [INFO] Packet ID: 470
[2026-09-02T18:43:05.543+00:00][A] [INFO] Packet Size: 26
[2026-09-02T18:43:05.544+00:00][A] [INFO] Timestamp: 470 ms
[2026-09-02T18:43:05.549+00:00][A] [INFO] Transmission Result: success
[2026-09-02T18:43:05.549+00:00][A] [INFO] --------------------------------
[2026-09-02T18:43:05.555+00:00][A] [INFO] [Heartbeat #470]
[2026-09-02T18:43:05.555+00:00][A] [INFO] Sent
[2026-09-02T18:43:05.555+00:00][A] [INFO] Waiting ACK...
[2026-09-02T18:43:05.555+00:00][A] [INFO] [WAITING ACK]
[2026-09-02T18:43:05.569+00:00][A] [INFO] [RF TX] type=2 source=0x01 destination=0xFF previousHop=0x01 sequence=871 ackSequence=0 ttl=8 hops=0 payloadSize=13 rssi=0 snr=
[2026-09-02T18:43:05.569+00:00][A] [INFO] Heartbeat packet sent
[2026-09-02T18:43:05.644+00:00][B] [INFO] --------------------------------
[2026-09-02T18:43:05.644+00:00][B] [INFO] [HEARTBEAT TX]
[2026-09-02T18:43:05.649+00:00][B] [INFO] Node ID: 2
[2026-09-02T18:43:05.649+00:00][B] [INFO] type: 2
[2026-09-02T18:43:05.649+00:00][B] [INFO] Destination: 0xFF
[2026-09-02T18:43:05.653+00:00][A] [INFO] [RF RX] type=2 source=0x02 destination=0xFF previousHop=0x02 sequence=483 ackSequence=0 ttl=8 hops=0 payloadSize=13 rssi=-60 sn
[2026-09-02T18:43:05.655+00:00][B] [INFO] Sequence: 483
[2026-09-02T18:43:05.655+00:00][B] [INFO] Packet ID: 254
[2026-09-02T18:43:05.660+00:00][B] [INFO] Packet Size: 26
[2026-09-02T18:43:05.660+00:00][B] [INFO] Timestamp: 254 ms
[2026-09-02T18:43:05.666+00:00][B] [INFO] Transmission Result: success
[2026-09-02T18:43:05.666+00:00][B] [INFO] --------------------------------
[2026-09-02T18:43:05.671+00:00][B] [INFO] [Heartbeat #254]
[2026-09-02T18:43:05.671+00:00][B] [INFO] Sent
[2026-09-02T18:43:05.672+00:00][B] [INFO] Waiting ACK...
[2026-09-02T18:43:05.672+00:00][B] [INFO] [WAITING ACK]
[2026-09-02T18:43:05.685+00:00][B] [INFO] [RF TX] type=2 source=0x02 destination=0xFF previousHop=0x02 sequence=483 ackSequence=0 ttl=8 hops=0 payloadSize=13 rssi=0 snr=
[2026-09-02T18:43:05.686+00:00][B] [INFO] Heartbeat packet sent
[2026-09-02T18:43:06.544+00:00][A] [WARN] Retry 1
[2026-09-02T18:43:06.611+00:00][A] [INFO] --------------------------------
[2026-09-02T18:43:06.611+00:00][A] [INFO] [HEARTBEAT TX]
[2026-09-02T18:43:06.616+00:00][A] [INFO] Node ID: 1
[2026-09-02T18:43:06.616+00:00][A] [INFO] type: 2
[2026-09-02T18:43:06.616+00:00][A] [INFO] Destination: 0xFF
[2026-09-02T18:43:06.619+00:00][B] [INFO] [RF RX] type=2 source=0x01 destination=0xFF previousHop=0x01 sequence=871 ackSequence=0 ttl=8 hops=0 payloadSize=13 rssi=-62 sn
[2026-09-02T18:43:06.622+00:00][A] [INFO] Sequence: 871
[2026-09-02T18:43:06.622+00:00][A] [INFO] Packet ID: 470
[2026-09-02T18:43:06.627+00:00][A] [INFO] Packet Size: 26
[2026-09-02T18:43:06.627+00:00][A] [INFO] Timestamp: 470 ms
[2026-09-02T18:43:06.633+00:00][A] [INFO] Transmission Result: success
[2026-09-02T18:43:06.633+00:00][A] [INFO] --------------------------------
[2026-09-02T18:43:06.639+00:00][A] [INFO] [Heartbeat #470]
[2026-09-02T18:43:06.639+00:00][A] [INFO] Sent
[2026-09-02T18:43:06.639+00:00][A] [INFO] Waiting ACK...
[2026-09-02T18:43:06.639+00:00][A] [INFO] [WAITING ACK]
[2026-09-02T18:43:06.653+00:00][A] [INFO] [RF TX] type=2 source=0x01 destination=0xFF previousHop=0x01 sequence=871 ackSequence=0 ttl=8 hops=0 payloadSize=13 rssi=0 snr=
[2026-09-02T18:43:06.653+00:00][A] [INFO] Heartbeat packet sent
[2026-09-02T18:43:06.661+00:00][B] [WARN] Retry 1
[2026-09-02T18:43:06.727+00:00][B] [INFO] --------------------------------
[2026-09-02T18:43:06.728+00:00][B] [INFO] [HEARTBEAT TX]
[2026-09-02T18:43:06.733+00:00][B] [INFO] Node ID: 2
[2026-09-02T18:43:06.733+00:00][B] [INFO] type: 2
[2026-09-02T18:43:06.733+00:00][B] [INFO] Destination: 0xFF
[2026-09-02T18:43:06.736+00:00][A] [INFO] [RF RX] type=2 source=0x02 destination=0xFF previousHop=0x02 sequence=483 ackSequence=0 ttl=8 hops=0 payloadSize=13 rssi=-60 sn
[2026-09-02T18:43:06.739+00:00][B] [INFO] Sequence: 483
[2026-09-02T18:43:06.739+00:00][B] [INFO] Packet ID: 254
[2026-09-02T18:43:06.744+00:00][B] [INFO] Packet Size: 26
[2026-09-02T18:43:06.744+00:00][B] [INFO] Timestamp: 254 ms
[2026-09-02T18:43:06.750+00:00][B] [INFO] Transmission Result: success
[2026-09-02T18:43:06.750+00:00][B] [INFO] --------------------------------
[2026-09-02T18:43:06.755+00:00][B] [INFO] [Heartbeat #254]
[2026-09-02T18:43:06.755+00:00][B] [INFO] Sent
[2026-09-02T18:43:06.755+00:00][B] [INFO] Waiting ACK...
[2026-09-02T18:43:06.755+00:00][B] [INFO] [WAITING ACK]
[2026-09-02T18:43:06.769+00:00][B] [INFO] [RF TX] type=2 source=0x02 destination=0xFF previousHop=0x02 sequence=483 ackSequence=0 ttl=8 hops=0 payloadSize=13 rssi=0 snr=
[2026-09-02T18:43:06.769+00:00][B] [INFO] Heartbeat packet sent
[2026-09-02T18:43:07.528+00:00][A] [INFO] --------------------------------
[2026-09-02T18:43:07.529+00:00][A] [INFO] [HEARTBEAT TX]
[2026-09-02T18:43:07.533+00:00][A] [INFO] Node ID: 1
[2026-09-02T18:43:07.533+00:00][A] [INFO] type: 2
[2026-09-02T18:43:07.533+00:00][A] [INFO] Destination: 0xFF
[2026-09-02T18:43:07.535+00:00][B] [INFO] [RF RX] type=2 source=0x01 destination=0xFF previousHop=0x01 sequence=872 ackSequence=0 ttl=8 hops=0 payloadSize=13 rssi=-62 sn
[2026-09-02T18:43:07.538+00:00][A] [INFO] Sequence: 872
[2026-09-02T18:43:07.539+00:00][A] [INFO] Packet ID: 471
[2026-09-02T18:43:07.544+00:00][A] [INFO] Packet Size: 26
[2026-09-02T18:43:07.545+00:00][A] [INFO] Timestamp: 471 ms
[2026-09-02T18:43:07.549+00:00][A] [INFO] Transmission Result: success
[2026-09-02T18:43:07.550+00:00][A] [INFO] --------------------------------
[2026-09-02T18:43:07.555+00:00][A] [INFO] [Heartbeat #471]
[2026-09-02T18:43:07.555+00:00][A] [INFO] Sent
[2026-09-02T18:43:07.555+00:00][A] [INFO] Waiting ACK...
[2026-09-02T18:43:07.555+00:00][A] [INFO] [WAITING ACK]
[2026-09-02T18:43:07.569+00:00][A] [INFO] [RF TX] type=2 source=0x01 destination=0xFF previousHop=0x01 sequence=872 ackSequence=0 ttl=8 hops=0 payloadSize=13 rssi=0 snr=
[2026-09-02T18:43:07.570+00:00][A] [INFO] Heartbeat packet sent
[2026-09-02T18:43:07.644+00:00][B] [INFO] --------------------------------
[2026-09-02T18:43:07.644+00:00][B] [INFO] [HEARTBEAT TX]
[2026-09-02T18:43:07.649+00:00][B] [INFO] Node ID: 2
[2026-09-02T18:43:07.649+00:00][B] [INFO] type: 2
[2026-09-02T18:43:07.649+00:00][B] [INFO] Destination: 0xFF
[2026-09-02T18:43:07.652+00:00][A] [INFO] [RF RX] type=2 source=0x02 destination=0xFF previousHop=0x02 sequence=484 ackSequence=0 ttl=8 hops=0 payloadSize=13 rssi=-60 sn
[2026-09-02T18:43:07.655+00:00][B] [INFO] Sequence: 484
[2026-09-02T18:43:07.655+00:00][B] [INFO] Packet ID: 255
[2026-09-02T18:43:07.660+00:00][B] [INFO] Packet Size: 26
[2026-09-02T18:43:07.660+00:00][B] [INFO] Timestamp: 255 ms
[2026-09-02T18:43:07.666+00:00][B] [INFO] Transmission Result: success
[2026-09-02T18:43:07.666+00:00][B] [INFO] --------------------------------
[2026-09-02T18:43:07.671+00:00][B] [INFO] [Heartbeat #255]
[2026-09-02T18:43:07.671+00:00][B] [INFO] Sent
[2026-09-02T18:43:07.672+00:00][B] [INFO] Waiting ACK...
[2026-09-02T18:43:07.672+00:00][B] [INFO] [WAITING ACK]
[2026-09-02T18:43:07.685+00:00][B] [INFO] [RF TX] type=2 source=0x02 destination=0xFF previousHop=0x02 sequence=484 ackSequence=0 ttl=8 hops=0 payloadSize=13 rssi=0 snr=
[2026-09-02T18:43:07.686+00:00][B] [INFO] Heartbeat packet sent
[2026-09-02T18:43:08.544+00:00][A] [WARN] Retry 1
[2026-09-02T18:43:08.612+00:00][A] [INFO] --------------------------------
[2026-09-02T18:43:08.612+00:00][A] [INFO] [HEARTBEAT TX]
[2026-09-02T18:43:08.617+00:00][A] [INFO] Node ID: 1
[2026-09-02T18:43:08.617+00:00][A] [INFO] type: 2
[2026-09-02T18:43:08.618+00:00][A] [INFO] Destination: 0xFF
[2026-09-02T18:43:08.620+00:00][B] [INFO] [RF RX] type=2 source=0x01 destination=0xFF previousHop=0x01 sequence=872 ackSequence=0 ttl=8 hops=0 payloadSize=13 rssi=-62 sn
[2026-09-02T18:43:08.622+00:00][A] [INFO] Sequence: 872
[2026-09-02T18:43:08.622+00:00][A] [INFO] Packet ID: 471
[2026-09-02T18:43:08.628+00:00][A] [INFO] Packet Size: 26
[2026-09-02T18:43:08.628+00:00][A] [INFO] Timestamp: 471 ms
[2026-09-02T18:43:08.633+00:00][A] [INFO] Transmission Result: success
[2026-09-02T18:43:08.634+00:00][A] [INFO] --------------------------------
[2026-09-02T18:43:08.639+00:00][A] [INFO] [Heartbeat #471]
[2026-09-02T18:43:08.639+00:00][A] [INFO] Sent
[2026-09-02T18:43:08.639+00:00][A] [INFO] Waiting ACK...
[2026-09-02T18:43:08.639+00:00][A] [INFO] [WAITING ACK]
[2026-09-02T18:43:08.653+00:00][A] [INFO] [RF TX] type=2 source=0x01 destination=0xFF previousHop=0x01 sequence=872 ackSequence=0 ttl=8 hops=0 payloadSize=13 rssi=0 snr=
[2026-09-02T18:43:08.653+00:00][A] [INFO] Heartbeat packet sent
[2026-09-02T18:43:08.661+00:00][B] [WARN] Retry 1
[2026-09-02T18:43:08.728+00:00][B] [INFO] --------------------------------
[2026-09-02T18:43:08.728+00:00][B] [INFO] [HEARTBEAT TX]
[2026-09-02T18:43:08.733+00:00][B] [INFO] Node ID: 2
[2026-09-02T18:43:08.734+00:00][B] [INFO] type: 2
[2026-09-02T18:43:08.735+00:00][B] [INFO] Destination: 0xFF
[2026-09-02T18:43:08.736+00:00][A] [INFO] [RF RX] type=2 source=0x02 destination=0xFF previousHop=0x02 sequence=484 ackSequence=0 ttl=8 hops=0 payloadSize=13 rssi=-60 sn
[2026-09-02T18:43:08.739+00:00][B] [INFO] Sequence: 484
[2026-09-02T18:43:08.739+00:00][B] [INFO] Packet ID: 255
[2026-09-02T18:43:08.744+00:00][B] [INFO] Packet Size: 26
[2026-09-02T18:43:08.745+00:00][B] [INFO] Timestamp: 255 ms
[2026-09-02T18:43:08.750+00:00][B] [INFO] Transmission Result: success
[2026-09-02T18:43:08.750+00:00][B] [INFO] --------------------------------
[2026-09-02T18:43:08.755+00:00][B] [INFO] [Heartbeat #255]
[2026-09-02T18:43:08.755+00:00][B] [INFO] Sent
[2026-09-02T18:43:08.756+00:00][B] [INFO] Waiting ACK...
[2026-09-02T18:43:08.756+00:00][B] [INFO] [WAITING ACK]
[2026-09-02T18:43:08.769+00:00][B] [INFO] [RF TX] type=2 source=0x02 destination=0xFF previousHop=0x02 sequence=484 ackSequence=0 ttl=8 hops=0 payloadSize=13 rssi=0 snr=
[2026-09-02T18:43:08.770+00:00][B] [INFO] Heartbeat packet sent
[2026-09-02T18:43:09.528+00:00][A] [INFO] --------------------------------
[2026-09-02T18:43:09.528+00:00][A] [INFO] [HEARTBEAT TX]
[2026-09-02T18:43:09.533+00:00][A] [INFO] Node ID: 1
[2026-09-02T18:43:09.533+00:00][A] [INFO] type: 2
[2026-09-02T18:43:09.533+00:00][A] [INFO] Destination: 0xFF
[2026-09-02T18:43:09.536+00:00][B] [INFO] [RF RX] type=2 source=0x01 destination=0xFF previousHop=0x01 sequence=873 ackSequence=0 ttl=8 hops=0 payloadSize=13 rssi=-62 sn
[2026-09-02T18:43:09.538+00:00][A] [INFO] Sequence: 873
[2026-09-02T18:43:09.539+00:00][A] [INFO] Packet ID: 472
[2026-09-02T18:43:09.544+00:00][A] [INFO] Packet Size: 26
[2026-09-02T18:43:09.544+00:00][A] [INFO] Timestamp: 472 ms
[2026-09-02T18:43:09.549+00:00][A] [INFO] Transmission Result: success
[2026-09-02T18:43:09.550+00:00][A] [INFO] --------------------------------
[2026-09-02T18:43:09.555+00:00][A] [INFO] [Heartbeat #472]
[2026-09-02T18:43:09.555+00:00][A] [INFO] Sent
[2026-09-02T18:43:09.555+00:00][A] [INFO] Waiting ACK...
[2026-09-02T18:43:09.555+00:00][A] [INFO] [WAITING ACK]
[2026-09-02T18:43:09.569+00:00][A] [INFO] [RF TX] type=2 source=0x01 destination=0xFF previousHop=0x01 sequence=873 ackSequence=0 ttl=8 hops=0 payloadSize=13 rssi=0 snr=
[2026-09-02T18:43:09.569+00:00][A] [INFO] Heartbeat packet sent
[2026-09-02T18:43:09.644+00:00][B] [INFO] --------------------------------
[2026-09-02T18:43:09.644+00:00][B] [INFO] [HEARTBEAT TX]
[2026-09-02T18:43:09.649+00:00][B] [INFO] Node ID: 2
[2026-09-02T18:43:09.649+00:00][B] [INFO] type: 2
[2026-09-02T18:43:09.649+00:00][B] [INFO] Destination: 0xFF
[2026-09-02T18:43:09.652+00:00][A] [INFO] [RF RX] type=2 source=0x02 destination=0xFF previousHop=0x02 sequence=485 ackSequence=0 ttl=8 hops=0 payloadSize=13 rssi=-60 sn
[2026-09-02T18:43:09.655+00:00][B] [INFO] Sequence: 485
[2026-09-02T18:43:09.655+00:00][B] [INFO] Packet ID: 256
[2026-09-02T18:43:09.660+00:00][B] [INFO] Packet Size: 26
[2026-09-02T18:43:09.660+00:00][B] [INFO] Timestamp: 256 ms
[2026-09-02T18:43:09.666+00:00][B] [INFO] Transmission Result: success
[2026-09-02T18:43:09.666+00:00][B] [INFO] --------------------------------
[2026-09-02T18:43:09.671+00:00][B] [INFO] [Heartbeat #256]
[2026-09-02T18:43:09.671+00:00][B] [INFO] Sent
[2026-09-02T18:43:09.672+00:00][B] [INFO] Waiting ACK...
[2026-09-02T18:43:09.672+00:00][B] [INFO] [WAITING ACK]
[2026-09-02T18:43:09.685+00:00][B] [INFO] [RF TX] type=2 source=0x02 destination=0xFF previousHop=0x02 sequence=485 ackSequence=0 ttl=8 hops=0 payloadSize=13 rssi=0 snr=
[2026-09-02T18:43:09.686+00:00][B] [INFO] Heartbeat packet sent
[2026-09-02T18:43:10.545+00:00][A] [WARN] Retry 1
[2026-09-02T18:43:10.611+00:00][A] [INFO] --------------------------------
[2026-09-02T18:43:10.612+00:00][A] [INFO] [HEARTBEAT TX]
[2026-09-02T18:43:10.617+00:00][A] [INFO] Node ID: 1
[2026-09-02T18:43:10.617+00:00][A] [INFO] type: 2
[2026-09-02T18:43:10.617+00:00][A] [INFO] Destination: 0xFF
[2026-09-02T18:43:10.619+00:00][B] [INFO] [RF RX] type=2 source=0x01 destination=0xFF previousHop=0x01 sequence=873 ackSequence=0 ttl=8 hops=0 payloadSize=13 rssi=-61 sn
[2026-09-02T18:43:10.622+00:00][A] [INFO] Sequence: 873
[2026-09-02T18:43:10.622+00:00][A] [INFO] Packet ID: 472
[2026-09-02T18:43:10.627+00:00][A] [INFO] Packet Size: 26
[2026-09-02T18:43:10.628+00:00][A] [INFO] Timestamp: 472 ms
[2026-09-02T18:43:10.633+00:00][A] [INFO] Transmission Result: success
[2026-09-02T18:43:10.633+00:00][A] [INFO] --------------------------------
[2026-09-02T18:43:10.639+00:00][A] [INFO] [Heartbeat #472]
[2026-09-02T18:43:10.639+00:00][A] [INFO] Sent
[2026-09-02T18:43:10.639+00:00][A] [INFO] Waiting ACK...
[2026-09-02T18:43:10.639+00:00][A] [INFO] [WAITING ACK]
[2026-09-02T18:43:10.653+00:00][A] [INFO] [RF TX] type=2 source=0x01 destination=0xFF previousHop=0x01 sequence=873 ackSequence=0 ttl=8 hops=0 payloadSize=13 rssi=0 snr=
[2026-09-02T18:43:10.654+00:00][A] [INFO] Heartbeat packet sent
[2026-09-02T18:43:10.661+00:00][B] [WARN] Retry 1
[2026-09-02T18:43:10.728+00:00][B] [INFO] --------------------------------
[2026-09-02T18:43:10.729+00:00][B] [INFO] [HEARTBEAT TX]
[2026-09-02T18:43:10.733+00:00][B] [INFO] Node ID: 2
[2026-09-02T18:43:10.734+00:00][B] [INFO] type: 2
[2026-09-02T18:43:10.734+00:00][B] [INFO] Destination: 0xFF
[2026-09-02T18:43:10.736+00:00][A] [INFO] [RF RX] type=2 source=0x02 destination=0xFF previousHop=0x02 sequence=485 ackSequence=0 ttl=8 hops=0 payloadSize=13 rssi=-60 sn
[2026-09-02T18:43:10.739+00:00][B] [INFO] Sequence: 485
[2026-09-02T18:43:10.739+00:00][B] [INFO] Packet ID: 256
[2026-09-02T18:43:10.744+00:00][B] [INFO] Packet Size: 26
[2026-09-02T18:43:10.745+00:00][B] [INFO] Timestamp: 256 ms
[2026-09-02T18:43:10.750+00:00][B] [INFO] Transmission Result: success
[2026-09-02T18:43:10.751+00:00][B] [INFO] --------------------------------
[2026-09-02T18:43:10.755+00:00][B] [INFO] [Heartbeat #256]
[2026-09-02T18:43:10.755+00:00][B] [INFO] Sent
[2026-09-02T18:43:10.756+00:00][B] [INFO] Waiting ACK...
[2026-09-02T18:43:10.756+00:00][B] [INFO] [WAITING ACK]
[2026-09-02T18:43:10.769+00:00][B] [INFO] [RF TX] type=2 source=0x02 destination=0xFF previousHop=0x02 sequence=485 ackSequence=0 ttl=8 hops=0 payloadSize=13 rssi=0 snr=
[2026-09-02T18:43:10.770+00:00][B] [INFO] Heartbeat packet sent
[2026-09-02T18:43:11.527+00:00][A] [INFO] --------------------------------
[2026-09-02T18:43:11.528+00:00][A] [INFO] [HEARTBEAT TX]
[2026-09-02T18:43:11.533+00:00][A] [INFO] Node ID: 1
[2026-09-02T18:43:11.533+00:00][A] [INFO] type: 2
[2026-09-02T18:43:11.533+00:00][A] [INFO] Destination: 0xFF
[2026-09-02T18:43:11.536+00:00][B] [INFO] [RF RX] type=2 source=0x01 destination=0xFF previousHop=0x01 sequence=874 ackSequence=0 ttl=8 hops=0 payloadSize=13 rssi=-61 sn
[2026-09-02T18:43:11.538+00:00][A] [INFO] Sequence: 874
[2026-09-02T18:43:11.538+00:00][A] [INFO] Packet ID: 473
[2026-09-02T18:43:11.543+00:00][A] [INFO] Packet Size: 26
[2026-09-02T18:43:11.544+00:00][A] [INFO] Timestamp: 473 ms
[2026-09-02T18:43:11.549+00:00][A] [INFO] Transmission Result: success
[2026-09-02T18:43:11.550+00:00][A] [INFO] --------------------------------
[2026-09-02T18:43:11.555+00:00][A] [INFO] [Heartbeat #473]
[2026-09-02T18:43:11.555+00:00][A] [INFO] Sent
[2026-09-02T18:43:11.555+00:00][A] [INFO] Waiting ACK...
[2026-09-02T18:43:11.555+00:00][A] [INFO] [WAITING ACK]
[2026-09-02T18:43:11.569+00:00][A] [INFO] [RF TX] type=2 source=0x01 destination=0xFF previousHop=0x01 sequence=874 ackSequence=0 ttl=8 hops=0 payloadSize=13 rssi=0 snr=
[2026-09-02T18:43:11.570+00:00][A] [INFO] Heartbeat packet sent
[2026-09-02T18:43:11.644+00:00][B] [INFO] --------------------------------
[2026-09-02T18:43:11.644+00:00][B] [INFO] [HEARTBEAT TX]
[2026-09-02T18:43:11.649+00:00][B] [INFO] Node ID: 2
[2026-09-02T18:43:11.649+00:00][B] [INFO] type: 2
[2026-09-02T18:43:11.649+00:00][B] [INFO] Destination: 0xFF
[2026-09-02T18:43:11.652+00:00][A] [INFO] [RF RX] type=2 source=0x02 destination=0xFF previousHop=0x02 sequence=486 ackSequence=0 ttl=8 hops=0 payloadSize=13 rssi=-60 sn
[2026-09-02T18:43:11.655+00:00][B] [INFO] Sequence: 486
[2026-09-02T18:43:11.655+00:00][B] [INFO] Packet ID: 257
[2026-09-02T18:43:11.660+00:00][B] [INFO] Packet Size: 26
[2026-09-02T18:43:11.660+00:00][B] [INFO] Timestamp: 257 ms
[2026-09-02T18:43:11.666+00:00][B] [INFO] Transmission Result: success
[2026-09-02T18:43:11.666+00:00][B] [INFO] --------------------------------
[2026-09-02T18:43:11.671+00:00][B] [INFO] [Heartbeat #257]
[2026-09-02T18:43:11.671+00:00][B] [INFO] Sent
[2026-09-02T18:43:11.672+00:00][B] [INFO] Waiting ACK...
[2026-09-02T18:43:11.672+00:00][B] [INFO] [WAITING ACK]
[2026-09-02T18:43:11.685+00:00][B] [INFO] [RF TX] type=2 source=0x02 destination=0xFF previousHop=0x02 sequence=486 ackSequence=0 ttl=8 hops=0 payloadSize=13 rssi=0 snr=
[2026-09-02T18:43:11.686+00:00][B] [INFO] Heartbeat packet sent
[2026-09-02T18:43:12.544+00:00][A] [WARN] Retry 1
[2026-09-02T18:43:12.611+00:00][A] [INFO] --------------------------------
[2026-09-02T18:43:12.612+00:00][A] [INFO] [HEARTBEAT TX]
[2026-09-02T18:43:12.617+00:00][A] [INFO] Node ID: 1
[2026-09-02T18:43:12.617+00:00][A] [INFO] type: 2
[2026-09-02T18:43:12.617+00:00][A] [INFO] Destination: 0xFF
[2026-09-02T18:43:12.619+00:00][B] [INFO] [RF RX] type=2 source=0x01 destination=0xFF previousHop=0x01 sequence=874 ackSequence=0 ttl=8 hops=0 payloadSize=13 rssi=-62 sn
[2026-09-02T18:43:12.622+00:00][A] [INFO] Sequence: 874
[2026-09-02T18:43:12.622+00:00][A] [INFO] Packet ID: 473
[2026-09-02T18:43:12.627+00:00][A] [INFO] Packet Size: 26
[2026-09-02T18:43:12.628+00:00][A] [INFO] Timestamp: 473 ms
[2026-09-02T18:43:12.633+00:00][A] [INFO] Transmission Result: success
[2026-09-02T18:43:12.634+00:00][A] [INFO] --------------------------------
[2026-09-02T18:43:12.639+00:00][A] [INFO] [Heartbeat #473]
[2026-09-02T18:43:12.639+00:00][A] [INFO] Sent
[2026-09-02T18:43:12.639+00:00][A] [INFO] Waiting ACK...
[2026-09-02T18:43:12.639+00:00][A] [INFO] [WAITING ACK]
[2026-09-02T18:43:12.653+00:00][A] [INFO] [RF TX] type=2 source=0x01 destination=0xFF previousHop=0x01 sequence=874 ackSequence=0 ttl=8 hops=0 payloadSize=13 rssi=0 snr=
[2026-09-02T18:43:12.653+00:00][A] [INFO] Heartbeat packet sent
[2026-09-02T18:43:12.661+00:00][B] [WARN] Retry 1
[2026-09-02T18:43:12.728+00:00][B] [INFO] --------------------------------
[2026-09-02T18:43:12.728+00:00][B] [INFO] [HEARTBEAT TX]
[2026-09-02T18:43:12.733+00:00][B] [INFO] Node ID: 2
[2026-09-02T18:43:12.733+00:00][B] [INFO] type: 2
[2026-09-02T18:43:12.734+00:00][B] [INFO] Destination: 0xFF
[2026-09-02T18:43:12.736+00:00][A] [INFO] [RF RX] type=2 source=0x02 destination=0xFF previousHop=0x02 sequence=486 ackSequence=0 ttl=8 hops=0 payloadSize=13 rssi=-60 sn
[2026-09-02T18:43:12.738+00:00][B] [INFO] Sequence: 486
[2026-09-02T18:43:12.739+00:00][B] [INFO] Packet ID: 257
[2026-09-02T18:43:12.744+00:00][B] [INFO] Packet Size: 26
[2026-09-02T18:43:12.744+00:00][B] [INFO] Timestamp: 257 ms
[2026-09-02T18:43:12.749+00:00][B] [INFO] Transmission Result: success
[2026-09-02T18:43:12.750+00:00][B] [INFO] --------------------------------
[2026-09-02T18:43:12.755+00:00][B] [INFO] [Heartbeat #257]
[2026-09-02T18:43:12.755+00:00][B] [INFO] Sent
[2026-09-02T18:43:12.756+00:00][B] [INFO] Waiting ACK...
[2026-09-02T18:43:12.756+00:00][B] [INFO] [WAITING ACK]
[2026-09-02T18:43:12.769+00:00][B] [INFO] [RF TX] type=2 source=0x02 destination=0xFF previousHop=0x02 sequence=486 ackSequence=0 ttl=8 hops=0 payloadSize=13 rssi=0 snr=
[2026-09-02T18:43:12.770+00:00][B] [INFO] Heartbeat packet sent
[2026-09-02T18:43:13.527+00:00][A] [INFO] --------------------------------
[2026-09-02T18:43:13.528+00:00][A] [INFO] [HEARTBEAT TX]
[2026-09-02T18:43:13.533+00:00][A] [INFO] Node ID: 1
[2026-09-02T18:43:13.533+00:00][A] [INFO] type: 2
[2026-09-02T18:43:13.533+00:00][A] [INFO] Destination: 0xFF
[2026-09-02T18:43:13.536+00:00][B] [INFO] [RF RX] type=2 source=0x01 destination=0xFF previousHop=0x01 sequence=875 ackSequence=0 ttl=8 hops=0 payloadSize=13 rssi=-62 sn
[2026-09-02T18:43:13.538+00:00][A] [INFO] Sequence: 875
[2026-09-02T18:43:13.538+00:00][A] [INFO] Packet ID: 474
[2026-09-02T18:43:13.543+00:00][A] [INFO] Packet Size: 26
[2026-09-02T18:43:13.544+00:00][A] [INFO] Timestamp: 474 ms
[2026-09-02T18:43:13.549+00:00][A] [INFO] Transmission Result: success
[2026-09-02T18:43:13.550+00:00][A] [INFO] --------------------------------
[2026-09-02T18:43:13.555+00:00][A] [INFO] [Heartbeat #474]
[2026-09-02T18:43:13.555+00:00][A] [INFO] Sent
[2026-09-02T18:43:13.555+00:00][A] [INFO] Waiting ACK...
[2026-09-02T18:43:13.555+00:00][A] [INFO] [WAITING ACK]
[2026-09-02T18:43:13.569+00:00][A] [INFO] [RF TX] type=2 source=0x01 destination=0xFF previousHop=0x01 sequence=875 ackSequence=0 ttl=8 hops=0 payloadSize=13 rssi=0 snr=
[2026-09-02T18:43:13.569+00:00][A] [INFO] Heartbeat packet sent
[2026-09-02T18:43:13.644+00:00][B] [INFO] --------------------------------
[2026-09-02T18:43:13.644+00:00][B] [INFO] [HEARTBEAT TX]
[2026-09-02T18:43:13.649+00:00][B] [INFO] Node ID: 2
[2026-09-02T18:43:13.649+00:00][B] [INFO] type: 2
[2026-09-02T18:43:13.649+00:00][B] [INFO] Destination: 0xFF
[2026-09-02T18:43:13.652+00:00][A] [INFO] [RF RX] type=2 source=0x02 destination=0xFF previousHop=0x02 sequence=487 ackSequence=0 ttl=8 hops=0 payloadSize=13 rssi=-60 sn
[2026-09-02T18:43:13.655+00:00][B] [INFO] Sequence: 487
[2026-09-02T18:43:13.655+00:00][B] [INFO] Packet ID: 258
[2026-09-02T18:43:13.660+00:00][B] [INFO] Packet Size: 26
[2026-09-02T18:43:13.660+00:00][B] [INFO] Timestamp: 258 ms
[2026-09-02T18:43:13.665+00:00][B] [INFO] Transmission Result: success
[2026-09-02T18:43:13.666+00:00][B] [INFO] --------------------------------
[2026-09-02T18:43:13.671+00:00][B] [INFO] [Heartbeat #258]
[2026-09-02T18:43:13.671+00:00][B] [INFO] Sent
[2026-09-02T18:43:13.671+00:00][B] [INFO] Waiting ACK...
[2026-09-02T18:43:13.672+00:00][B] [INFO] [WAITING ACK]
[2026-09-02T18:43:13.685+00:00][B] [INFO] [RF TX] type=2 source=0x02 destination=0xFF previousHop=0x02 sequence=487 ackSequence=0 ttl=8 hops=0 payloadSize=13 rssi=0 snr=
[2026-09-02T18:43:13.686+00:00][B] [INFO] Heartbeat packet sent
[2026-09-02T18:43:14.544+00:00][A] [WARN] Retry 1
[2026-09-02T18:43:14.611+00:00][A] [INFO] --------------------------------
[2026-09-02T18:43:14.612+00:00][A] [INFO] [HEARTBEAT TX]
[2026-09-02T18:43:14.616+00:00][A] [INFO] Node ID: 1
[2026-09-02T18:43:14.617+00:00][A] [INFO] type: 2
[2026-09-02T18:43:14.617+00:00][A] [INFO] Destination: 0xFF
[2026-09-02T18:43:14.620+00:00][B] [INFO] [RF RX] type=2 source=0x01 destination=0xFF previousHop=0x01 sequence=875 ackSequence=0 ttl=8 hops=0 payloadSize=13 rssi=-62 sn
[2026-09-02T18:43:14.622+00:00][A] [INFO] Sequence: 875
[2026-09-02T18:43:14.622+00:00][A] [INFO] Packet ID: 474
[2026-09-02T18:43:14.627+00:00][A] [INFO] Packet Size: 26
[2026-09-02T18:43:14.628+00:00][A] [INFO] Timestamp: 474 ms
[2026-09-02T18:43:14.633+00:00][A] [INFO] Transmission Result: success
[2026-09-02T18:43:14.634+00:00][A] [INFO] --------------------------------
[2026-09-02T18:43:14.639+00:00][A] [INFO] [Heartbeat #474]
[2026-09-02T18:43:14.639+00:00][A] [INFO] Sent
[2026-09-02T18:43:14.639+00:00][A] [INFO] Waiting ACK...
[2026-09-02T18:43:14.639+00:00][A] [INFO] [WAITING ACK]
[2026-09-02T18:43:14.653+00:00][A] [INFO] [RF TX] type=2 source=0x01 destination=0xFF previousHop=0x01 sequence=875 ackSequence=0 ttl=8 hops=0 payloadSize=13 rssi=0 snr=
[2026-09-02T18:43:14.653+00:00][A] [INFO] Heartbeat packet sent
[2026-09-02T18:43:14.661+00:00][B] [WARN] Retry 1
[2026-09-02T18:43:14.728+00:00][B] [INFO] --------------------------------
[2026-09-02T18:43:14.728+00:00][B] [INFO] [HEARTBEAT TX]
[2026-09-02T18:43:14.733+00:00][B] [INFO] Node ID: 2
[2026-09-02T18:43:14.733+00:00][B] [INFO] type: 2
[2026-09-02T18:43:14.734+00:00][B] [INFO] Destination: 0xFF
[2026-09-02T18:43:14.736+00:00][A] [INFO] [RF RX] type=2 source=0x02 destination=0xFF previousHop=0x02 sequence=487 ackSequence=0 ttl=8 hops=0 payloadSize=13 rssi=-60 sn
[2026-09-02T18:43:14.738+00:00][B] [INFO] Sequence: 487
[2026-09-02T18:43:14.739+00:00][B] [INFO] Packet ID: 258
[2026-09-02T18:43:14.744+00:00][B] [INFO] Packet Size: 26
[2026-09-02T18:43:14.744+00:00][B] [INFO] Timestamp: 258 ms
[2026-09-02T18:43:14.750+00:00][B] [INFO] Transmission Result: success
[2026-09-02T18:43:14.750+00:00][B] [INFO] --------------------------------
[2026-09-02T18:43:14.755+00:00][B] [INFO] [Heartbeat #258]
[2026-09-02T18:43:14.755+00:00][B] [INFO] Sent
[2026-09-02T18:43:14.756+00:00][B] [INFO] Waiting ACK...
[2026-09-02T18:43:14.756+00:00][B] [INFO] [WAITING ACK]
[2026-09-02T18:43:14.769+00:00][B] [INFO] [RF TX] type=2 source=0x02 destination=0xFF previousHop=0x02 sequence=487 ackSequence=0 ttl=8 hops=0 payloadSize=13 rssi=0 snr=
[2026-09-02T18:43:14.770+00:00][B] [INFO] Heartbeat packet sent
[2026-09-02T18:43:15.527+00:00][A] [INFO] --------------------------------
[2026-09-02T18:43:15.528+00:00][A] [INFO] [HEARTBEAT TX]
[2026-09-02T18:43:15.532+00:00][A] [INFO] Node ID: 1
[2026-09-02T18:43:15.533+00:00][A] [INFO] type: 2
[2026-09-02T18:43:15.533+00:00][A] [INFO] Destination: 0xFF
[2026-09-02T18:43:15.535+00:00][B] [INFO] [RF RX] type=2 source=0x01 destination=0xFF previousHop=0x01 sequence=876 ackSequence=0 ttl=8 hops=0 payloadSize=13 rssi=-61 sn
[2026-09-02T18:43:15.538+00:00][A] [INFO] Sequence: 876
[2026-09-02T18:43:15.538+00:00][A] [INFO] Packet ID: 475
[2026-09-02T18:43:15.543+00:00][A] [INFO] Packet Size: 26
[2026-09-02T18:43:15.544+00:00][A] [INFO] Timestamp: 475 ms
[2026-09-02T18:43:15.549+00:00][A] [INFO] Transmission Result: success
[2026-09-02T18:43:15.550+00:00][A] [INFO] --------------------------------
[2026-09-02T18:43:15.554+00:00][A] [INFO] [Heartbeat #475]
[2026-09-02T18:43:15.555+00:00][A] [INFO] Sent
[2026-09-02T18:43:15.555+00:00][A] [INFO] Waiting ACK...
[2026-09-02T18:43:15.555+00:00][A] [INFO] [WAITING ACK]
[2026-09-02T18:43:15.569+00:00][A] [INFO] [RF TX] type=2 source=0x01 destination=0xFF previousHop=0x01 sequence=876 ackSequence=0 ttl=8 hops=0 payloadSize=13 rssi=0 snr=
[2026-09-02T18:43:15.570+00:00][A] [INFO] Heartbeat packet sent
[2026-09-02T18:43:15.644+00:00][B] [INFO] --------------------------------
[2026-09-02T18:43:15.644+00:00][B] [INFO] [HEARTBEAT TX]
[2026-09-02T18:43:15.649+00:00][B] [INFO] Node ID: 2
[2026-09-02T18:43:15.649+00:00][B] [INFO] type: 2
[2026-09-02T18:43:15.649+00:00][B] [INFO] Destination: 0xFF
[2026-09-02T18:43:15.652+00:00][A] [INFO] [RF RX] type=2 source=0x02 destination=0xFF previousHop=0x02 sequence=488 ackSequence=0 ttl=8 hops=0 payloadSize=13 rssi=-61 sn
[2026-09-02T18:43:15.654+00:00][B] [INFO] Sequence: 488
[2026-09-02T18:43:15.655+00:00][B] [INFO] Packet ID: 259
[2026-09-02T18:43:15.660+00:00][B] [INFO] Packet Size: 26
[2026-09-02T18:43:15.660+00:00][B] [INFO] Timestamp: 259 ms
[2026-09-02T18:43:15.665+00:00][B] [INFO] Transmission Result: success
[2026-09-02T18:43:15.666+00:00][B] [INFO] --------------------------------
[2026-09-02T18:43:15.671+00:00][B] [INFO] [Heartbeat #259]
[2026-09-02T18:43:15.671+00:00][B] [INFO] Sent
[2026-09-02T18:43:15.671+00:00][B] [INFO] Waiting ACK...
[2026-09-02T18:43:15.672+00:00][B] [INFO] [WAITING ACK]
[2026-09-02T18:43:15.685+00:00][B] [INFO] [RF TX] type=2 source=0x02 destination=0xFF previousHop=0x02 sequence=488 ackSequence=0 ttl=8 hops=0 payloadSize=13 rssi=0 snr=
[2026-09-02T18:43:15.686+00:00][B] [INFO] Heartbeat packet sent
[2026-09-02T18:43:16.544+00:00][A] [WARN] Retry 1
[2026-09-02T18:43:16.611+00:00][A] [INFO] --------------------------------
[2026-09-02T18:43:16.612+00:00][A] [INFO] [HEARTBEAT TX]
[2026-09-02T18:43:16.616+00:00][A] [INFO] Node ID: 1
[2026-09-02T18:43:16.617+00:00][A] [INFO] type: 2
[2026-09-02T18:43:16.617+00:00][A] [INFO] Destination: 0xFF
[2026-09-02T18:43:16.619+00:00][B] [INFO] [RF RX] type=2 source=0x01 destination=0xFF previousHop=0x01 sequence=876 ackSequence=0 ttl=8 hops=0 payloadSize=13 rssi=-62 sn
[2026-09-02T18:43:16.622+00:00][A] [INFO] Sequence: 876
[2026-09-02T18:43:16.622+00:00][A] [INFO] Packet ID: 475
[2026-09-02T18:43:16.627+00:00][A] [INFO] Packet Size: 26
[2026-09-02T18:43:16.628+00:00][A] [INFO] Timestamp: 475 ms
[2026-09-02T18:43:16.633+00:00][A] [INFO] Transmission Result: success
[2026-09-02T18:43:16.634+00:00][A] [INFO] --------------------------------
[2026-09-02T18:43:16.638+00:00][A] [INFO] [Heartbeat #475]
[2026-09-02T18:43:16.639+00:00][A] [INFO] Sent
[2026-09-02T18:43:16.639+00:00][A] [INFO] Waiting ACK...
[2026-09-02T18:43:16.639+00:00][A] [INFO] [WAITING ACK]
[2026-09-02T18:43:16.653+00:00][A] [INFO] [RF TX] type=2 source=0x01 destination=0xFF previousHop=0x01 sequence=876 ackSequence=0 ttl=8 hops=0 payloadSize=13 rssi=0 snr=
[2026-09-02T18:43:16.653+00:00][A] [INFO] Heartbeat packet sent
[2026-09-02T18:43:16.661+00:00][B] [WARN] Retry 1
[2026-09-02T18:43:16.728+00:00][B] [INFO] --------------------------------
[2026-09-02T18:43:16.728+00:00][B] [INFO] [HEARTBEAT TX]
[2026-09-02T18:43:16.733+00:00][B] [INFO] Node ID: 2
[2026-09-02T18:43:16.733+00:00][B] [INFO] type: 2
[2026-09-02T18:43:16.734+00:00][B] [INFO] Destination: 0xFF
[2026-09-02T18:43:16.736+00:00][A] [INFO] [RF RX] type=2 source=0x02 destination=0xFF previousHop=0x02 sequence=488 ackSequence=0 ttl=8 hops=0 payloadSize=13 rssi=-60 sn
[2026-09-02T18:43:16.738+00:00][B] [INFO] Sequence: 488
[2026-09-02T18:43:16.739+00:00][B] [INFO] Packet ID: 259
[2026-09-02T18:43:16.744+00:00][B] [INFO] Packet Size: 26
[2026-09-02T18:43:16.744+00:00][B] [INFO] Timestamp: 259 ms
[2026-09-02T18:43:16.749+00:00][B] [INFO] Transmission Result: success
[2026-09-02T18:43:16.750+00:00][B] [INFO] --------------------------------
[2026-09-02T18:43:16.755+00:00][B] [INFO] [Heartbeat #259]
[2026-09-02T18:43:16.755+00:00][B] [INFO] Sent
[2026-09-02T18:43:16.756+00:00][B] [INFO] Waiting ACK...
[2026-09-02T18:43:16.756+00:00][B] [INFO] [WAITING ACK]
[2026-09-02T18:43:16.769+00:00][B] [INFO] [RF TX] type=2 source=0x02 destination=0xFF previousHop=0x02 sequence=488 ackSequence=0 ttl=8 hops=0 payloadSize=13 rssi=0 snr=
[2026-09-02T18:43:16.770+00:00][B] [INFO] Heartbeat packet sent
[2026-09-02T18:43:17.527+00:00][A] [INFO] --------------------------------
[2026-09-02T18:43:17.528+00:00][A] [INFO] [HEARTBEAT TX]
[2026-09-02T18:43:17.532+00:00][A] [INFO] Node ID: 1
[2026-09-02T18:43:17.533+00:00][A] [INFO] type: 2
[2026-09-02T18:43:17.533+00:00][A] [INFO] Destination: 0xFF
[2026-09-02T18:43:17.535+00:00][B] [INFO] [RF RX] type=2 source=0x01 destination=0xFF previousHop=0x01 sequence=877 ackSequence=0 ttl=8 hops=0 payloadSize=13 rssi=-61 sn
[2026-09-02T18:43:17.538+00:00][A] [INFO] Sequence: 877
[2026-09-02T18:43:17.538+00:00][A] [INFO] Packet ID: 476
[2026-09-02T18:43:17.543+00:00][A] [INFO] Packet Size: 26
[2026-09-02T18:43:17.544+00:00][A] [INFO] Timestamp: 476 ms
[2026-09-02T18:43:17.549+00:00][A] [INFO] Transmission Result: success
[2026-09-02T18:43:17.550+00:00][A] [INFO] --------------------------------
[2026-09-02T18:43:17.554+00:00][A] [INFO] [Heartbeat #476]
[2026-09-02T18:43:17.555+00:00][A] [INFO] Sent
[2026-09-02T18:43:17.555+00:00][A] [INFO] Waiting ACK...
[2026-09-02T18:43:17.555+00:00][A] [INFO] [WAITING ACK]
[2026-09-02T18:43:17.569+00:00][A] [INFO] [RF TX] type=2 source=0x01 destination=0xFF previousHop=0x01 sequence=877 ackSequence=0 ttl=8 hops=0 payloadSize=13 rssi=0 snr=
[2026-09-02T18:43:17.569+00:00][A] [INFO] Heartbeat packet sent
[2026-09-02T18:43:17.643+00:00][B] [INFO] --------------------------------
[2026-09-02T18:43:17.644+00:00][B] [INFO] [HEARTBEAT TX]
[2026-09-02T18:43:17.649+00:00][B] [INFO] Node ID: 2
[2026-09-02T18:43:17.649+00:00][B] [INFO] type: 2
[2026-09-02T18:43:17.649+00:00][B] [INFO] Destination: 0xFF
[2026-09-02T18:43:17.652+00:00][A] [INFO] [RF RX] type=2 source=0x02 destination=0xFF previousHop=0x02 sequence=489 ackSequence=0 ttl=8 hops=0 payloadSize=13 rssi=-60 sn
[2026-09-02T18:43:17.654+00:00][B] [INFO] Sequence: 489
[2026-09-02T18:43:17.655+00:00][B] [INFO] Packet ID: 260
[2026-09-02T18:43:17.660+00:00][B] [INFO] Packet Size: 26
[2026-09-02T18:43:17.660+00:00][B] [INFO] Timestamp: 260 ms
[2026-09-02T18:43:17.665+00:00][B] [INFO] Transmission Result: success
[2026-09-02T18:43:17.666+00:00][B] [INFO] --------------------------------
[2026-09-02T18:43:17.671+00:00][B] [INFO] [Heartbeat #260]
[2026-09-02T18:43:17.671+00:00][B] [INFO] Sent
[2026-09-02T18:43:17.671+00:00][B] [INFO] Waiting ACK...
[2026-09-02T18:43:17.671+00:00][B] [INFO] [WAITING ACK]
[2026-09-02T18:43:17.685+00:00][B] [INFO] [RF TX] type=2 source=0x02 destination=0xFF previousHop=0x02 sequence=489 ackSequence=0 ttl=8 hops=0 payloadSize=13 rssi=0 snr=
[2026-09-02T18:43:17.686+00:00][B] [INFO] Heartbeat packet sent
[2026-09-02T18:43:18.544+00:00][A] [WARN] Retry 1
[2026-09-02T18:43:18.611+00:00][A] [INFO] --------------------------------
[2026-09-02T18:43:18.612+00:00][A] [INFO] [HEARTBEAT TX]
[2026-09-02T18:43:18.616+00:00][A] [INFO] Node ID: 1
[2026-09-02T18:43:18.617+00:00][A] [INFO] type: 2
[2026-09-02T18:43:18.617+00:00][A] [INFO] Destination: 0xFF
[2026-09-02T18:43:18.619+00:00][B] [INFO] [RF RX] type=2 source=0x01 destination=0xFF previousHop=0x01 sequence=877 ackSequence=0 ttl=8 hops=0 payloadSize=13 rssi=-61 sn
[2026-09-02T18:43:18.622+00:00][A] [INFO] Sequence: 877
[2026-09-02T18:43:18.622+00:00][A] [INFO] Packet ID: 476
[2026-09-02T18:43:18.627+00:00][A] [INFO] Packet Size: 26
[2026-09-02T18:43:18.628+00:00][A] [INFO] Timestamp: 476 ms
[2026-09-02T18:43:18.633+00:00][A] [INFO] Transmission Result: success
[2026-09-02T18:43:18.633+00:00][A] [INFO] --------------------------------
[2026-09-02T18:43:18.638+00:00][A] [INFO] [Heartbeat #476]
[2026-09-02T18:43:18.639+00:00][A] [INFO] Sent
[2026-09-02T18:43:18.639+00:00][A] [INFO] Waiting ACK...
[2026-09-02T18:43:18.639+00:00][A] [INFO] [WAITING ACK]
[2026-09-02T18:43:18.653+00:00][A] [INFO] [RF TX] type=2 source=0x01 destination=0xFF previousHop=0x01 sequence=877 ackSequence=0 ttl=8 hops=0 payloadSize=13 rssi=0 snr=
[2026-09-02T18:43:18.653+00:00][A] [INFO] Heartbeat packet sent
[2026-09-02T18:43:18.661+00:00][B] [WARN] Retry 1
[2026-09-02T18:43:18.728+00:00][B] [INFO] --------------------------------
[2026-09-02T18:43:18.728+00:00][B] [INFO] [HEARTBEAT TX]
[2026-09-02T18:43:18.733+00:00][B] [INFO] Node ID: 2
[2026-09-02T18:43:18.733+00:00][B] [INFO] type: 2
[2026-09-02T18:43:18.734+00:00][B] [INFO] Destination: 0xFF
[2026-09-02T18:43:18.736+00:00][A] [INFO] [RF RX] type=2 source=0x02 destination=0xFF previousHop=0x02 sequence=489 ackSequence=0 ttl=8 hops=0 payloadSize=13 rssi=-60 sn
[2026-09-02T18:43:18.738+00:00][B] [INFO] Sequence: 489
[2026-09-02T18:43:18.739+00:00][B] [INFO] Packet ID: 260
[2026-09-02T18:43:18.744+00:00][B] [INFO] Packet Size: 26
[2026-09-02T18:43:18.744+00:00][B] [INFO] Timestamp: 260 ms
[2026-09-02T18:43:18.749+00:00][B] [INFO] Transmission Result: success
[2026-09-02T18:43:18.750+00:00][B] [INFO] --------------------------------
[2026-09-02T18:43:18.755+00:00][B] [INFO] [Heartbeat #260]
[2026-09-02T18:43:18.755+00:00][B] [INFO] Sent
[2026-09-02T18:43:18.755+00:00][B] [INFO] Waiting ACK...
[2026-09-02T18:43:18.755+00:00][B] [INFO] [WAITING ACK]
[2026-09-02T18:43:18.769+00:00][B] [INFO] [RF TX] type=2 source=0x02 destination=0xFF previousHop=0x02 sequence=489 ackSequence=0 ttl=8 hops=0 payloadSize=13 rssi=0 snr=
[2026-09-02T18:43:18.770+00:00][B] [INFO] Heartbeat packet sent
[2026-09-02T18:43:19.527+00:00][A] [INFO] --------------------------------
[2026-09-02T18:43:19.528+00:00][A] [INFO] [HEARTBEAT TX]
[2026-09-02T18:43:19.532+00:00][A] [INFO] Node ID: 1
[2026-09-02T18:43:19.533+00:00][A] [INFO] type: 2
[2026-09-02T18:43:19.533+00:00][A] [INFO] Destination: 0xFF
[2026-09-02T18:43:19.535+00:00][B] [INFO] [RF RX] type=2 source=0x01 destination=0xFF previousHop=0x01 sequence=878 ackSequence=0 ttl=8 hops=0 payloadSize=13 rssi=-62 sn
[2026-09-02T18:43:19.538+00:00][A] [INFO] Sequence: 878
[2026-09-02T18:43:19.538+00:00][A] [INFO] Packet ID: 477
[2026-09-02T18:43:19.543+00:00][A] [INFO] Packet Size: 26
[2026-09-02T18:43:19.544+00:00][A] [INFO] Timestamp: 477 ms
[2026-09-02T18:43:19.549+00:00][A] [INFO] Transmission Result: success
[2026-09-02T18:43:19.549+00:00][A] [INFO] --------------------------------
[2026-09-02T18:43:19.554+00:00][A] [INFO] [Heartbeat #477]
[2026-09-02T18:43:19.555+00:00][A] [INFO] Sent
[2026-09-02T18:43:19.555+00:00][A] [INFO] Waiting ACK...
[2026-09-02T18:43:19.555+00:00][A] [INFO] [WAITING ACK]
[2026-09-02T18:43:19.569+00:00][A] [INFO] [RF TX] type=2 source=0x01 destination=0xFF previousHop=0x01 sequence=878 ackSequence=0 ttl=8 hops=0 payloadSize=13 rssi=0 snr=
[2026-09-02T18:43:19.569+00:00][A] [INFO] Heartbeat packet sent
[2026-09-02T18:43:19.643+00:00][B] [INFO] --------------------------------
[2026-09-02T18:43:19.644+00:00][B] [INFO] [HEARTBEAT TX]
[2026-09-02T18:43:19.649+00:00][B] [INFO] Node ID: 2
[2026-09-02T18:43:19.649+00:00][B] [INFO] type: 2
[2026-09-02T18:43:19.649+00:00][B] [INFO] Destination: 0xFF
[2026-09-02T18:43:19.652+00:00][A] [INFO] [RF RX] type=2 source=0x02 destination=0xFF previousHop=0x02 sequence=490 ackSequence=0 ttl=8 hops=0 payloadSize=13 rssi=-61 sn
[2026-09-02T18:43:19.654+00:00][B] [INFO] Sequence: 490
[2026-09-02T18:43:19.655+00:00][B] [INFO] Packet ID: 261
[2026-09-02T18:43:19.660+00:00][B] [INFO] Packet Size: 26
[2026-09-02T18:43:19.660+00:00][B] [INFO] Timestamp: 261 ms
[2026-09-02T18:43:19.665+00:00][B] [INFO] Transmission Result: success
[2026-09-02T18:43:19.666+00:00][B] [INFO] --------------------------------
[2026-09-02T18:43:19.671+00:00][B] [INFO] [Heartbeat #261]
[2026-09-02T18:43:19.672+00:00][B] [INFO] Sent
[2026-09-02T18:43:19.672+00:00][B] [INFO] Waiting ACK...
[2026-09-02T18:43:19.672+00:00][B] [INFO] [WAITING ACK]
[2026-09-02T18:43:19.685+00:00][B] [INFO] [RF TX] type=2 source=0x02 destination=0xFF previousHop=0x02 sequence=490 ackSequence=0 ttl=8 hops=0 payloadSize=13 rssi=0 snr=
[2026-09-02T18:43:19.685+00:00][B] [INFO] Heartbeat packet sent
[2026-09-02T18:43:20.544+00:00][A] [WARN] Retry 1
[2026-09-02T18:43:20.611+00:00][A] [INFO] --------------------------------
[2026-09-02T18:43:20.612+00:00][A] [INFO] [HEARTBEAT TX]
[2026-09-02T18:43:20.616+00:00][A] [INFO] Node ID: 1
[2026-09-02T18:43:20.617+00:00][A] [INFO] type: 2
[2026-09-02T18:43:20.617+00:00][A] [INFO] Destination: 0xFF
[2026-09-02T18:43:20.620+00:00][B] [INFO] [RF RX] type=2 source=0x01 destination=0xFF previousHop=0x01 sequence=878 ackSequence=0 ttl=8 hops=0 payloadSize=13 rssi=-61 sn
[2026-09-02T18:43:20.622+00:00][A] [INFO] Sequence: 878
[2026-09-02T18:43:20.622+00:00][A] [INFO] Packet ID: 477
[2026-09-02T18:43:20.627+00:00][A] [INFO] Packet Size: 26
[2026-09-02T18:43:20.628+00:00][A] [INFO] Timestamp: 477 ms
[2026-09-02T18:43:20.633+00:00][A] [INFO] Transmission Result: success
[2026-09-02T18:43:20.634+00:00][A] [INFO] --------------------------------
[2026-09-02T18:43:20.638+00:00][A] [INFO] [Heartbeat #477]
[2026-09-02T18:43:20.639+00:00][A] [INFO] Sent
[2026-09-02T18:43:20.639+00:00][A] [INFO] Waiting ACK...
[2026-09-02T18:43:20.640+00:00][A] [INFO] [WAITING ACK]
[2026-09-02T18:43:20.653+00:00][A] [INFO] [RF TX] type=2 source=0x01 destination=0xFF previousHop=0x01 sequence=878 ackSequence=0 ttl=8 hops=0 payloadSize=13 rssi=0 snr=
[2026-09-02T18:43:20.653+00:00][A] [INFO] Heartbeat packet sent
[2026-09-02T18:43:20.660+00:00][B] [WARN] Retry 1
[2026-09-02T18:43:20.728+00:00][B] [INFO] --------------------------------
[2026-09-02T18:43:20.728+00:00][B] [INFO] [HEARTBEAT TX]
[2026-09-02T18:43:20.733+00:00][B] [INFO] Node ID: 2
[2026-09-02T18:43:20.733+00:00][B] [INFO] type: 2
[2026-09-02T18:43:20.734+00:00][B] [INFO] Destination: 0xFF
[2026-09-02T18:43:20.738+00:00][B] [INFO] Sequence: 490
[2026-09-02T18:43:20.739+00:00][B] [INFO] Packet ID: 261
[2026-09-02T18:43:20.744+00:00][B] [INFO] Packet Size: 26
[2026-09-02T18:43:20.744+00:00][B] [INFO] Timestamp: 261 ms
[2026-09-02T18:43:20.749+00:00][B] [INFO] Transmission Result: success
[2026-09-02T18:43:20.750+00:00][B] [INFO] --------------------------------
[2026-09-02T18:43:20.755+00:00][B] [INFO] [Heartbeat #261]
[2026-09-02T18:43:20.755+00:00][B] [INFO] Sent
[2026-09-02T18:43:20.756+00:00][B] [INFO] Waiting ACK...
[2026-09-02T18:43:20.756+00:00][B] [INFO] [WAITING ACK]
[2026-09-02T18:43:20.769+00:00][B] [INFO] [RF TX] type=2 source=0x02 destination=0xFF previousHop=0x02 sequence=490 ackSequence=0 ttl=8 hops=0 payloadSize=13 rssi=0 snr=
[2026-09-02T18:43:20.770+00:00][B] [INFO] Heartbeat packet sent
[2026-09-02T18:43:21.527+00:00][A] [INFO] --------------------------------
[2026-09-02T18:43:21.528+00:00][A] [INFO] [HEARTBEAT TX]
[2026-09-02T18:43:21.532+00:00][A] [INFO] Node ID: 1
[2026-09-02T18:43:21.533+00:00][A] [INFO] type: 2
[2026-09-02T18:43:21.533+00:00][A] [INFO] Destination: 0xFF
[2026-09-02T18:43:21.535+00:00][B] [INFO] [RF RX] type=2 source=0x01 destination=0xFF previousHop=0x01 sequence=879 ackSequence=0 ttl=8 hops=0 payloadSize=13 rssi=-60 sn
[2026-09-02T18:43:21.538+00:00][A] [INFO] Sequence: 879
[2026-09-02T18:43:21.538+00:00][A] [INFO] Packet ID: 478
[2026-09-02T18:43:21.543+00:00][A] [INFO] Packet Size: 26
[2026-09-02T18:43:21.544+00:00][A] [INFO] Timestamp: 478 ms
[2026-09-02T18:43:21.549+00:00][A] [INFO] Transmission Result: success
[2026-09-02T18:43:21.549+00:00][A] [INFO] --------------------------------
[2026-09-02T18:43:21.554+00:00][A] [INFO] [Heartbeat #478]
[2026-09-02T18:43:21.554+00:00][A] [INFO] Sent
[2026-09-02T18:43:21.555+00:00][A] [INFO] Waiting ACK...
[2026-09-02T18:43:21.555+00:00][A] [INFO] [WAITING ACK]
[2026-09-02T18:43:21.569+00:00][A] [INFO] [RF TX] type=2 source=0x01 destination=0xFF previousHop=0x01 sequence=879 ackSequence=0 ttl=8 hops=0 payloadSize=13 rssi=0 snr=
[2026-09-02T18:43:21.569+00:00][A] [INFO] Heartbeat packet sent
[2026-09-02T18:43:21.643+00:00][B] [INFO] --------------------------------
[2026-09-02T18:43:21.644+00:00][B] [INFO] [HEARTBEAT TX]
[2026-09-02T18:43:21.649+00:00][B] [INFO] Node ID: 2
[2026-09-02T18:43:21.649+00:00][B] [INFO] type: 2
[2026-09-02T18:43:21.649+00:00][B] [INFO] Destination: 0xFF
[2026-09-02T18:43:21.652+00:00][A] [INFO] [RF RX] type=2 source=0x02 destination=0xFF previousHop=0x02 sequence=491 ackSequence=0 ttl=8 hops=0 payloadSize=13 rssi=-60 sn
[2026-09-02T18:43:21.654+00:00][B] [INFO] Sequence: 491
[2026-09-02T18:43:21.655+00:00][B] [INFO] Packet ID: 262
[2026-09-02T18:43:21.660+00:00][B] [INFO] Packet Size: 26
[2026-09-02T18:43:21.660+00:00][B] [INFO] Timestamp: 262 ms
[2026-09-02T18:43:21.665+00:00][B] [INFO] Transmission Result: success
[2026-09-02T18:43:21.666+00:00][B] [INFO] --------------------------------
[2026-09-02T18:43:21.671+00:00][B] [INFO] [Heartbeat #262]
[2026-09-02T18:43:21.671+00:00][B] [INFO] Sent
[2026-09-02T18:43:21.671+00:00][B] [INFO] Waiting ACK...
[2026-09-02T18:43:21.671+00:00][B] [INFO] [WAITING ACK]
[2026-09-02T18:43:21.685+00:00][B] [INFO] [RF TX] type=2 source=0x02 destination=0xFF previousHop=0x02 sequence=491 ackSequence=0 ttl=8 hops=0 payloadSize=13 rssi=0 snr=
[2026-09-02T18:43:21.686+00:00][B] [INFO] Heartbeat packet sent
[2026-09-02T18:43:22.544+00:00][A] [WARN] Retry 1
[2026-09-02T18:43:22.611+00:00][A] [INFO] --------------------------------
[2026-09-02T18:43:22.611+00:00][A] [INFO] [HEARTBEAT TX]
[2026-09-02T18:43:22.616+00:00][A] [INFO] Node ID: 1
[2026-09-02T18:43:22.616+00:00][A] [INFO] type: 2
[2026-09-02T18:43:22.617+00:00][A] [INFO] Destination: 0xFF
[2026-09-02T18:43:22.619+00:00][B] [INFO] [RF RX] type=2 source=0x01 destination=0xFF previousHop=0x01 sequence=879 ackSequence=0 ttl=8 hops=0 payloadSize=13 rssi=-62 sn
[2026-09-02T18:43:22.622+00:00][A] [INFO] Sequence: 879
[2026-09-02T18:43:22.622+00:00][A] [INFO] Packet ID: 478
[2026-09-02T18:43:22.627+00:00][A] [INFO] Packet Size: 26
[2026-09-02T18:43:22.627+00:00][A] [INFO] Timestamp: 478 ms
[2026-09-02T18:43:22.633+00:00][A] [INFO] Transmission Result: success
[2026-09-02T18:43:22.633+00:00][A] [INFO] --------------------------------
[2026-09-02T18:43:22.638+00:00][A] [INFO] [Heartbeat #478]
[2026-09-02T18:43:22.638+00:00][A] [INFO] Sent
[2026-09-02T18:43:22.639+00:00][A] [INFO] Waiting ACK...
[2026-09-02T18:43:22.639+00:00][A] [INFO] [WAITING ACK]
[2026-09-02T18:43:22.653+00:00][A] [INFO] [RF TX] type=2 source=0x01 destination=0xFF previousHop=0x01 sequence=879 ackSequence=0 ttl=8 hops=0 payloadSize=13 rssi=0 snr=
[2026-09-02T18:43:22.653+00:00][A] [INFO] Heartbeat packet sent
[2026-09-02T18:43:22.660+00:00][B] [WARN] Retry 1
[2026-09-02T18:43:22.728+00:00][B] [INFO] --------------------------------
[2026-09-02T18:43:22.728+00:00][B] [INFO] [HEARTBEAT TX]
[2026-09-02T18:43:22.733+00:00][B] [INFO] Node ID: 2
[2026-09-02T18:43:22.733+00:00][B] [INFO] type: 2
[2026-09-02T18:43:22.734+00:00][B] [INFO] Destination: 0xFF
[2026-09-02T18:43:22.736+00:00][A] [INFO] [RF RX] type=2 source=0x02 destination=0xFF previousHop=0x02 sequence=491 ackSequence=0 ttl=8 hops=0 payloadSize=13 rssi=-60 sn
[2026-09-02T18:43:22.738+00:00][B] [INFO] Sequence: 491
[2026-09-02T18:43:22.739+00:00][B] [INFO] Packet ID: 262
[2026-09-02T18:43:22.744+00:00][B] [INFO] Packet Size: 26
[2026-09-02T18:43:22.744+00:00][B] [INFO] Timestamp: 262 ms
[2026-09-02T18:43:22.749+00:00][B] [INFO] Transmission Result: success
[2026-09-02T18:43:22.750+00:00][B] [INFO] --------------------------------
[2026-09-02T18:43:22.755+00:00][B] [INFO] [Heartbeat #262]
[2026-09-02T18:43:22.755+00:00][B] [INFO] Sent
[2026-09-02T18:43:22.755+00:00][B] [INFO] Waiting ACK...
[2026-09-02T18:43:22.755+00:00][B] [INFO] [WAITING ACK]
[2026-09-02T18:43:22.769+00:00][B] [INFO] [RF TX] type=2 source=0x02 destination=0xFF previousHop=0x02 sequence=491 ackSequence=0 ttl=8 hops=0 payloadSize=13 rssi=0 snr=
[2026-09-02T18:43:22.770+00:00][B] [INFO] Heartbeat packet sent
[2026-09-02T18:43:23.527+00:00][A] [INFO] --------------------------------
[2026-09-02T18:43:23.527+00:00][A] [INFO] [HEARTBEAT TX]
[2026-09-02T18:43:23.532+00:00][A] [INFO] Node ID: 1
[2026-09-02T18:43:23.533+00:00][A] [INFO] type: 2
[2026-09-02T18:43:23.533+00:00][A] [INFO] Destination: 0xFF
[2026-09-02T18:43:23.535+00:00][B] [INFO] [RF RX] type=2 source=0x01 destination=0xFF previousHop=0x01 sequence=880 ackSequence=0 ttl=8 hops=0 payloadSize=13 rssi=-61 sn
[2026-09-02T18:43:23.538+00:00][A] [INFO] Sequence: 880
[2026-09-02T18:43:23.538+00:00][A] [INFO] Packet ID: 479
[2026-09-02T18:43:23.543+00:00][A] [INFO] Packet Size: 26
[2026-09-02T18:43:23.544+00:00][A] [INFO] Timestamp: 479 ms
[2026-09-02T18:43:23.549+00:00][A] [INFO] Transmission Result: success
[2026-09-02T18:43:23.550+00:00][A] [INFO] --------------------------------
[2026-09-02T18:43:23.554+00:00][A] [INFO] [Heartbeat #479]
[2026-09-02T18:43:23.555+00:00][A] [INFO] Sent
[2026-09-02T18:43:23.555+00:00][A] [INFO] Waiting ACK...
[2026-09-02T18:43:23.555+00:00][A] [INFO] [WAITING ACK]
[2026-09-02T18:43:23.569+00:00][A] [INFO] [RF TX] type=2 source=0x01 destination=0xFF previousHop=0x01 sequence=880 ackSequence=0 ttl=8 hops=0 payloadSize=13 rssi=0 snr=
[2026-09-02T18:43:23.569+00:00][A] [INFO] Heartbeat packet sent
[2026-09-02T18:43:23.643+00:00][B] [INFO] --------------------------------
[2026-09-02T18:43:23.644+00:00][B] [INFO] [HEARTBEAT TX]
[2026-09-02T18:43:23.649+00:00][B] [INFO] Node ID: 2
[2026-09-02T18:43:23.649+00:00][B] [INFO] type: 2
[2026-09-02T18:43:23.649+00:00][B] [INFO] Destination: 0xFF
[2026-09-02T18:43:23.652+00:00][A] [INFO] [RF RX] type=2 source=0x02 destination=0xFF previousHop=0x02 sequence=492 ackSequence=0 ttl=8 hops=0 payloadSize=13 rssi=-61 sn
[2026-09-02T18:43:23.654+00:00][B] [INFO] Sequence: 492
[2026-09-02T18:43:23.655+00:00][B] [INFO] Packet ID: 263
[2026-09-02T18:43:23.660+00:00][B] [INFO] Packet Size: 26
[2026-09-02T18:43:23.660+00:00][B] [INFO] Timestamp: 263 ms
[2026-09-02T18:43:23.665+00:00][B] [INFO] Transmission Result: success
[2026-09-02T18:43:23.666+00:00][B] [INFO] --------------------------------
[2026-09-02T18:43:23.671+00:00][B] [INFO] [Heartbeat #263]
[2026-09-02T18:43:23.671+00:00][B] [INFO] Sent
[2026-09-02T18:43:23.671+00:00][B] [INFO] Waiting ACK...
[2026-09-02T18:43:23.672+00:00][B] [INFO] [WAITING ACK]
[2026-09-02T18:43:23.685+00:00][B] [INFO] [RF TX] type=2 source=0x02 destination=0xFF previousHop=0x02 sequence=492 ackSequence=0 ttl=8 hops=0 payloadSize=13 rssi=0 snr=
[2026-09-02T18:43:23.686+00:00][B] [INFO] Heartbeat packet sent
