[2026-09-02T18:41:29.065+00:00][A] [INFO] TEST_DATA_QUEUED dst=0x02 seq=674 remaining=99
[2026-09-02T18:41:29.129+00:00][A] [INFO] [RF TX] type=1 source=0x01 destination=0x02 previousHop=0x01 sequence=674 ackSequence=0 ttl=8 hops=0 payloadSize=4 rssi=0 snr=0
[2026-09-02T18:41:29.129+00:00][A] [INFO] TEST_DATA_QUEUED dst=0x02 seq=675 remaining=98
[2026-09-02T18:41:29.192+00:00][A] [INFO] [RF TX] type=1 source=0x01 destination=0x02 previousHop=0x01 sequence=675 ackSequence=0 ttl=8 hops=0 payloadSize=4 rssi=0 snr=0
[2026-09-02T18:41:29.192+00:00][A] [INFO] TEST_DATA_QUEUED dst=0x02 seq=676 remaining=97
[2026-09-02T18:41:29.255+00:00][A] [INFO] [RF TX] type=1 source=0x01 destination=0x02 previousHop=0x01 sequence=676 ackSequence=0 ttl=8 hops=0 payloadSize=4 rssi=0 snr=0
[2026-09-02T18:41:29.255+00:00][A] [INFO] TEST_DATA_QUEUED dst=0x02 seq=677 remaining=96
[2026-09-02T18:41:29.256+00:00][A] [WARN] Retry 1
[2026-09-02T18:41:29.318+00:00][A] [INFO] [RF TX] type=1 source=0x01 destination=0x02 previousHop=0x01 sequence=677 ackSequence=0 ttl=8 hops=0 payloadSize=4 rssi=0 snr=0
[2026-09-02T18:41:29.318+00:00][A] [INFO] TEST_DATA_QUEUED dst=0x02 seq=678 remaining=95
[2026-09-02T18:41:29.380+00:00][A] [INFO] --------------------------------
[2026-09-02T18:41:29.380+00:00][A] [INFO] [HEARTBEAT TX]
[2026-09-02T18:41:29.385+00:00][A] [INFO] Node ID: 1
[2026-09-02T18:41:29.385+00:00][A] [INFO] type: 2
[2026-09-02T18:41:29.385+00:00][A] [INFO] Destination: 0xFF
[2026-09-02T18:41:29.391+00:00][A] [INFO] Sequence: 673
[2026-09-02T18:41:29.391+00:00][A] [INFO] Packet ID: 372
[2026-09-02T18:41:29.396+00:00][A] [INFO] Packet Size: 26
[2026-09-02T18:41:29.397+00:00][A] [INFO] Timestamp: 372 ms
[2026-09-02T18:41:29.402+00:00][A] [INFO] Transmission Result: success
[2026-09-02T18:41:29.402+00:00][A] [INFO] --------------------------------
[2026-09-02T18:41:29.407+00:00][A] [INFO] [Heartbeat #372]
[2026-09-02T18:41:29.408+00:00][A] [INFO] Sent
[2026-09-02T18:41:29.408+00:00][A] [INFO] Waiting ACK...
[2026-09-02T18:41:29.408+00:00][A] [INFO] [WAITING ACK]
[2026-09-02T18:41:29.424+00:00][A] [INFO] [RF TX] type=2 source=0x01 destination=0xFF previousHop=0x01 sequence=673 ackSequence=0 ttl=8 hops=0 payloadSize=13 rssi=0 snr=
[2026-09-02T18:41:29.424+00:00][A] [INFO] Heartbeat packet sent
[2026-09-02T18:41:29.427+00:00][A] [INFO] TEST_DATA_QUEUED dst=0x02 seq=679 remaining=94
[2026-09-02T18:41:29.486+00:00][A] [INFO] [RF TX] type=1 source=0x01 destination=0x02 previousHop=0x01 sequence=678 ackSequence=0 ttl=8 hops=0 payloadSize=4 rssi=0 snr=0
[2026-09-02T18:41:29.486+00:00][A] [INFO] TEST_DATA_QUEUED dst=0x02 seq=680 remaining=93
[2026-09-02T18:41:29.549+00:00][A] [INFO] [RF TX] type=1 source=0x01 destination=0x02 previousHop=0x01 sequence=679 ackSequence=0 ttl=8 hops=0 payloadSize=4 rssi=0 snr=0
[2026-09-02T18:41:29.549+00:00][A] [INFO] TEST_DATA_QUEUED dst=0x02 seq=681 remaining=92
[2026-09-02T18:41:29.611+00:00][A] [INFO] [RF TX] type=1 source=0x01 destination=0x02 previousHop=0x01 sequence=680 ackSequence=0 ttl=8 hops=0 payloadSize=4 rssi=0 snr=0
[2026-09-02T18:41:29.612+00:00][A] [INFO] TEST_DATA_QUEUED dst=0x02 seq=682 remaining=91
[2026-09-02T18:41:29.674+00:00][A] [INFO] [RF TX] type=1 source=0x01 destination=0x02 previousHop=0x01 sequence=681 ackSequence=0 ttl=8 hops=0 payloadSize=4 rssi=0 snr=0
[2026-09-02T18:41:29.674+00:00][A] [INFO] TEST_DATA_QUEUED dst=0x02 seq=683 remaining=90
[2026-09-02T18:41:29.737+00:00][A] [INFO] [RF TX] type=1 source=0x01 destination=0x02 previousHop=0x01 sequence=682 ackSequence=0 ttl=8 hops=0 payloadSize=4 rssi=0 snr=0
[2026-09-02T18:41:29.737+00:00][A] [INFO] TEST_DATA_QUEUED dst=0x02 seq=684 remaining=89
[2026-09-02T18:41:29.800+00:00][A] [INFO] [RF TX] type=1 source=0x01 destination=0x02 previousHop=0x01 sequence=683 ackSequence=0 ttl=8 hops=0 payloadSize=4 rssi=0 snr=0
[2026-09-02T18:41:29.801+00:00][A] [INFO] TEST_DATA_QUEUED dst=0x02 seq=685 remaining=88
[2026-09-02T18:41:29.863+00:00][A] [INFO] [RF TX] type=1 source=0x01 destination=0x02 previousHop=0x01 sequence=684 ackSequence=0 ttl=8 hops=0 payloadSize=4 rssi=0 snr=0
[2026-09-02T18:41:29.863+00:00][A] [INFO] TEST_DATA_QUEUED dst=0x02 seq=686 remaining=87
[2026-09-02T18:41:29.926+00:00][A] [INFO] [RF TX] type=1 source=0x01 destination=0x02 previousHop=0x01 sequence=685 ackSequence=0 ttl=8 hops=0 payloadSize=4 rssi=0 snr=0
[2026-09-02T18:41:29.928+00:00][A] [INFO] TEST_DATA_QUEUED dst=0x02 seq=687 remaining=86
[2026-09-02T18:41:29.989+00:00][A] [INFO] [RF TX] type=1 source=0x01 destination=0x02 previousHop=0x01 sequence=686 ackSequence=0 ttl=8 hops=0 payloadSize=4 rssi=0 snr=0
[2026-09-02T18:41:29.989+00:00][A] [INFO] TEST_DATA_QUEUED dst=0x02 seq=688 remaining=85
[2026-09-02T18:41:30.052+00:00][A] [INFO] [RF TX] type=1 source=0x01 destination=0x02 previousHop=0x01 sequence=687 ackSequence=0 ttl=8 hops=0 payloadSize=4 rssi=0 snr=0
[2026-09-02T18:41:30.053+00:00][A] [INFO] TEST_DATA_QUEUED dst=0x02 seq=689 remaining=84
[2026-09-02T18:41:30.114+00:00][A] [INFO] [RF TX] type=1 source=0x01 destination=0x02 previousHop=0x01 sequence=688 ackSequence=0 ttl=8 hops=0 payloadSize=4 rssi=0 snr=0
[2026-09-02T18:41:30.115+00:00][A] [INFO] TEST_DATA_QUEUED dst=0x02 seq=690 remaining=83
[2026-09-02T18:41:30.179+00:00][A] [INFO] [RF TX] type=1 source=0x01 destination=0x02 previousHop=0x01 sequence=689 ackSequence=0 ttl=8 hops=0 payloadSize=4 rssi=0 snr=0
[2026-09-02T18:41:30.180+00:00][A] [INFO] TEST_DATA_QUEUED dst=0x02 seq=691 remaining=82
[2026-09-02T18:41:30.180+00:00][A] [WARN] TX_RETRY seq=674
[2026-09-02T18:41:30.240+00:00][A] [INFO] [RF TX] type=1 source=0x01 destination=0x02 previousHop=0x01 sequence=690 ackSequence=0 ttl=8 hops=0 payloadSize=4 rssi=0 snr=0
[2026-09-02T18:41:30.241+00:00][A] [INFO] TEST_DATA_QUEUED dst=0x02 seq=693 remaining=81
[2026-09-02T18:41:30.243+00:00][A] [WARN] TX_RETRY seq=675
[2026-09-02T18:41:30.303+00:00][A] [INFO] [RF TX] type=1 source=0x01 destination=0x02 previousHop=0x01 sequence=691 ackSequence=0 ttl=8 hops=0 payloadSize=4 rssi=0 snr=0
[2026-09-02T18:41:30.304+00:00][A] [INFO] TEST_DATA_QUEUED dst=0x02 seq=694 remaining=80
[2026-09-02T18:41:30.306+00:00][A] [WARN] TX_RETRY seq=676
[2026-09-02T18:41:30.366+00:00][A] [INFO] [RF TX] type=1 source=0x01 destination=0x02 previousHop=0x01 sequence=674 ackSequence=0 ttl=8 hops=0 payloadSize=4 rssi=0 snr=0
[2026-09-02T18:41:30.367+00:00][A] [INFO] TEST_DATA_QUEUED dst=0x02 seq=695 remaining=79
[2026-09-02T18:41:30.369+00:00][A] [WARN] TX_RETRY seq=677
[2026-09-02T18:41:30.429+00:00][A] [INFO] --------------------------------
[2026-09-02T18:41:30.429+00:00][A] [INFO] [HEARTBEAT TX]
[2026-09-02T18:41:30.434+00:00][A] [INFO] Node ID: 1
[2026-09-02T18:41:30.434+00:00][A] [INFO] type: 2
[2026-09-02T18:41:30.434+00:00][A] [INFO] Destination: 0xFF
[2026-09-02T18:41:30.439+00:00][A] [INFO] Sequence: 692
[2026-09-02T18:41:30.440+00:00][A] [INFO] Packet ID: 373
[2026-09-02T18:41:30.445+00:00][A] [INFO] Packet Size: 26
[2026-09-02T18:41:30.445+00:00][A] [INFO] Timestamp: 373 ms
[2026-09-02T18:41:30.450+00:00][A] [INFO] Transmission Result: success
[2026-09-02T18:41:30.451+00:00][A] [INFO] --------------------------------
[2026-09-02T18:41:30.456+00:00][A] [INFO] [Heartbeat #373]
[2026-09-02T18:41:30.456+00:00][A] [INFO] Sent
[2026-09-02T18:41:30.456+00:00][A] [INFO] Waiting ACK...
[2026-09-02T18:41:30.457+00:00][A] [INFO] [WAITING ACK]
[2026-09-02T18:41:30.473+00:00][A] [INFO] [RF TX] type=2 source=0x01 destination=0xFF previousHop=0x01 sequence=692 ackSequence=0 ttl=8 hops=0 payloadSize=13 rssi=0 snr=
[2026-09-02T18:41:30.473+00:00][A] [INFO] Heartbeat packet sent
[2026-09-02T18:41:30.475+00:00][A] [INFO] TEST_DATA_QUEUED dst=0x02 seq=696 remaining=78
[2026-09-02T18:41:30.534+00:00][A] [INFO] [RF TX] type=1 source=0x01 destination=0x02 previousHop=0x01 sequence=693 ackSequence=0 ttl=8 hops=0 payloadSize=4 rssi=0 snr=0
[2026-09-02T18:41:30.535+00:00][A] [INFO] TEST_DATA_QUEUED dst=0x02 seq=697 remaining=77
[2026-09-02T18:41:30.536+00:00][A] [WARN] TX_RETRY seq=678
[2026-09-02T18:41:30.597+00:00][A] [INFO] [RF TX] type=1 source=0x01 destination=0x02 previousHop=0x01 sequence=675 ackSequence=0 ttl=8 hops=0 payloadSize=4 rssi=0 snr=0
[2026-09-02T18:41:30.598+00:00][A] [INFO] TEST_DATA_QUEUED dst=0x02 seq=698 remaining=76
[2026-09-02T18:41:30.599+00:00][A] [ERROR] TX_FAILED
[2026-09-02T18:41:30.660+00:00][A] [INFO] [RF TX] type=1 source=0x01 destination=0x02 previousHop=0x01 sequence=694 ackSequence=0 ttl=8 hops=0 payloadSize=4 rssi=0 snr=0
[2026-09-02T18:41:30.661+00:00][A] [INFO] TEST_DATA_QUEUED dst=0x02 seq=699 remaining=75
[2026-09-02T18:41:30.662+00:00][A] [ERROR] TX_FAILED
[2026-09-02T18:41:30.723+00:00][A] [INFO] [RF TX] type=1 source=0x01 destination=0x02 previousHop=0x01 sequence=676 ackSequence=0 ttl=8 hops=0 payloadSize=4 rssi=0 snr=0
[2026-09-02T18:41:30.723+00:00][A] [INFO] TEST_DATA_QUEUED dst=0x02 seq=700 remaining=74
[2026-09-02T18:41:30.725+00:00][A] [ERROR] TX_FAILED
[2026-09-02T18:41:30.786+00:00][A] [INFO] [RF TX] type=1 source=0x01 destination=0x02 previousHop=0x01 sequence=695 ackSequence=0 ttl=8 hops=0 payloadSize=4 rssi=0 snr=0
[2026-09-02T18:41:30.786+00:00][A] [INFO] TEST_DATA_QUEUED dst=0x02 seq=701 remaining=73
[2026-09-02T18:41:30.849+00:00][A] [INFO] [RF TX] type=1 source=0x01 destination=0x02 previousHop=0x01 sequence=677 ackSequence=0 ttl=8 hops=0 payloadSize=4 rssi=0 snr=0
[2026-09-02T18:41:30.849+00:00][A] [INFO] TEST_DATA_QUEUED dst=0x02 seq=702 remaining=72
[2026-09-02T18:41:30.912+00:00][A] [INFO] [RF TX] type=1 source=0x01 destination=0x02 previousHop=0x01 sequence=696 ackSequence=0 ttl=8 hops=0 payloadSize=4 rssi=0 snr=0
[2026-09-02T18:41:30.912+00:00][A] [INFO] TEST_DATA_QUEUED dst=0x02 seq=703 remaining=71
[2026-09-02T18:41:30.974+00:00][A] [INFO] [RF TX] type=1 source=0x01 destination=0x02 previousHop=0x01 sequence=697 ackSequence=0 ttl=8 hops=0 payloadSize=4 rssi=0 snr=0
[2026-09-02T18:41:30.975+00:00][A] [INFO] TEST_DATA_QUEUED dst=0x02 seq=704 remaining=70
[2026-09-02T18:41:31.037+00:00][A] [INFO] [RF TX] type=1 source=0x01 destination=0x02 previousHop=0x01 sequence=678 ackSequence=0 ttl=8 hops=0 payloadSize=4 rssi=0 snr=0
[2026-09-02T18:41:31.038+00:00][A] [INFO] TEST_DATA_QUEUED dst=0x02 seq=705 remaining=69
[2026-09-02T18:41:31.100+00:00][A] [INFO] [RF TX] type=1 source=0x01 destination=0x02 previousHop=0x01 sequence=698 ackSequence=0 ttl=8 hops=0 payloadSize=4 rssi=0 snr=0
[2026-09-02T18:41:31.100+00:00][A] [INFO] TEST_DATA_QUEUED dst=0x02 seq=706 remaining=68
[2026-09-02T18:41:31.163+00:00][A] [INFO] [RF TX] type=1 source=0x01 destination=0x02 previousHop=0x01 sequence=699 ackSequence=0 ttl=8 hops=0 payloadSize=4 rssi=0 snr=0
[2026-09-02T18:41:31.164+00:00][A] [INFO] TEST_DATA_QUEUED dst=0x02 seq=707 remaining=67
[2026-09-02T18:41:31.226+00:00][A] [INFO] [RF TX] type=1 source=0x01 destination=0x02 previousHop=0x01 sequence=700 ackSequence=0 ttl=8 hops=0 payloadSize=4 rssi=0 snr=0
[2026-09-02T18:41:31.227+00:00][A] [INFO] TEST_DATA_QUEUED dst=0x02 seq=708 remaining=66
[2026-09-02T18:41:31.289+00:00][A] [INFO] [RF TX] type=1 source=0x01 destination=0x02 previousHop=0x01 sequence=701 ackSequence=0 ttl=8 hops=0 payloadSize=4 rssi=0 snr=0
[2026-09-02T18:41:31.289+00:00][A] [INFO] TEST_DATA_QUEUED dst=0x02 seq=709 remaining=65
[2026-09-02T18:41:31.352+00:00][A] [INFO] [RF TX] type=1 source=0x01 destination=0x02 previousHop=0x01 sequence=702 ackSequence=0 ttl=8 hops=0 payloadSize=4 rssi=0 snr=0
[2026-09-02T18:41:31.353+00:00][A] [INFO] TEST_DATA_QUEUED dst=0x02 seq=710 remaining=64
[2026-09-02T18:41:31.414+00:00][A] [INFO] [RF TX] type=1 source=0x01 destination=0x02 previousHop=0x01 sequence=703 ackSequence=0 ttl=8 hops=0 payloadSize=4 rssi=0 snr=0
[2026-09-02T18:41:31.415+00:00][A] [INFO] TEST_DATA_QUEUED dst=0x02 seq=711 remaining=63
[2026-09-02T18:41:31.416+00:00][A] [ERROR] TX_FAILED
[2026-09-02T18:41:31.477+00:00][A] [INFO] [RF TX] type=1 source=0x01 destination=0x02 previousHop=0x01 sequence=704 ackSequence=0 ttl=8 hops=0 payloadSize=4 rssi=0 snr=0
[2026-09-02T18:41:31.477+00:00][A] [INFO] TEST_DATA_QUEUED dst=0x02 seq=712 remaining=62
[2026-09-02T18:41:31.479+00:00][A] [WARN] Retry 1
[2026-09-02T18:41:31.540+00:00][A] [INFO] [RF TX] type=1 source=0x01 destination=0x02 previousHop=0x01 sequence=705 ackSequence=0 ttl=8 hops=0 payloadSize=4 rssi=0 snr=0
[2026-09-02T18:41:31.541+00:00][A] [INFO] TEST_DATA_QUEUED dst=0x02 seq=713 remaining=61
[2026-09-02T18:41:31.603+00:00][A] [INFO] [RF TX] type=1 source=0x01 destination=0x02 previousHop=0x01 sequence=706 ackSequence=0 ttl=8 hops=0 payloadSize=4 rssi=0 snr=0
[2026-09-02T18:41:31.604+00:00][A] [INFO] TEST_DATA_QUEUED dst=0x02 seq=714 remaining=60
[2026-09-02T18:41:31.605+00:00][A] [ERROR] TX_FAILED
[2026-09-02T18:41:31.666+00:00][A] [INFO] [RF TX] type=1 source=0x01 destination=0x02 previousHop=0x01 sequence=707 ackSequence=0 ttl=8 hops=0 payloadSize=4 rssi=0 snr=0
[2026-09-02T18:41:31.667+00:00][A] [INFO] TEST_DATA_QUEUED dst=0x02 seq=715 remaining=59
[2026-09-02T18:41:31.668+00:00][A] [ERROR] TX_FAILED
[2026-09-02T18:41:31.730+00:00][A] [INFO] [RF TX] type=1 source=0x01 destination=0x02 previousHop=0x01 sequence=708 ackSequence=0 ttl=8 hops=0 payloadSize=4 rssi=0 snr=0
[2026-09-02T18:41:31.732+00:00][A] [INFO] TEST_DATA_QUEUED dst=0x02 seq=716 remaining=58
[2026-09-02T18:41:31.732+00:00][A] [ERROR] TX_FAILED
[2026-09-02T18:41:31.792+00:00][A] [INFO] [RF TX] type=1 source=0x01 destination=0x02 previousHop=0x01 sequence=709 ackSequence=0 ttl=8 hops=0 payloadSize=4 rssi=0 snr=0
[2026-09-02T18:41:31.792+00:00][A] [INFO] TEST_DATA_QUEUED dst=0x02 seq=717 remaining=57
[2026-09-02T18:41:31.794+00:00][A] [ERROR] TX_FAILED
[2026-09-02T18:41:31.855+00:00][A] [INFO] [RF TX] type=1 source=0x01 destination=0x02 previousHop=0x01 sequence=710 ackSequence=0 ttl=8 hops=0 payloadSize=4 rssi=0 snr=0
[2026-09-02T18:41:31.855+00:00][A] [INFO] TEST_DATA_QUEUED dst=0x02 seq=718 remaining=56
[2026-09-02T18:41:31.856+00:00][A] [ERROR] TX_FAILED
[2026-09-02T18:41:31.918+00:00][A] [INFO] [RF TX] type=1 source=0x01 destination=0x02 previousHop=0x01 sequence=711 ackSequence=0 ttl=8 hops=0 payloadSize=4 rssi=0 snr=0
[2026-09-02T18:41:31.918+00:00][A] [INFO] TEST_DATA_QUEUED dst=0x02 seq=719 remaining=55
[2026-09-02T18:41:31.919+00:00][A] [ERROR] TX_FAILED
[2026-09-02T18:41:31.981+00:00][A] [INFO] [RF TX] type=1 source=0x01 destination=0x02 previousHop=0x01 sequence=712 ackSequence=0 ttl=8 hops=0 payloadSize=4 rssi=0 snr=0
[2026-09-02T18:41:31.981+00:00][A] [INFO] TEST_DATA_QUEUED dst=0x02 seq=720 remaining=54
[2026-09-02T18:41:32.045+00:00][A] [INFO] [RF TX] type=1 source=0x01 destination=0x02 previousHop=0x01 sequence=713 ackSequence=0 ttl=8 hops=0 payloadSize=4 rssi=0 snr=0
[2026-09-02T18:41:32.048+00:00][A] [INFO] TEST_DATA_QUEUED dst=0x02 seq=721 remaining=53
[2026-09-02T18:41:32.048+00:00][A] [ERROR] TX_FAILED
[2026-09-02T18:41:32.107+00:00][A] [INFO] [RF TX] type=1 source=0x01 destination=0x02 previousHop=0x01 sequence=714 ackSequence=0 ttl=8 hops=0 payloadSize=4 rssi=0 snr=0
[2026-09-02T18:41:32.107+00:00][A] [INFO] TEST_DATA_QUEUED dst=0x02 seq=722 remaining=52
[2026-09-02T18:41:32.169+00:00][A] [INFO] [RF TX] type=1 source=0x01 destination=0x02 previousHop=0x01 sequence=715 ackSequence=0 ttl=8 hops=0 payloadSize=4 rssi=0 snr=0
[2026-09-02T18:41:32.170+00:00][A] [INFO] TEST_DATA_QUEUED dst=0x02 seq=723 remaining=51
[2026-09-02T18:41:32.232+00:00][A] [INFO] [RF TX] type=1 source=0x01 destination=0x02 previousHop=0x01 sequence=716 ackSequence=0 ttl=8 hops=0 payloadSize=4 rssi=0 snr=0
[2026-09-02T18:41:32.233+00:00][A] [INFO] TEST_DATA_QUEUED dst=0x02 seq=724 remaining=50
[2026-09-02T18:41:32.296+00:00][A] [INFO] [RF TX] type=1 source=0x01 destination=0x02 previousHop=0x01 sequence=717 ackSequence=0 ttl=8 hops=0 payloadSize=4 rssi=0 snr=0
[2026-09-02T18:41:32.297+00:00][A] [INFO] TEST_DATA_QUEUED dst=0x02 seq=726 remaining=49
[2026-09-02T18:41:32.358+00:00][A] [INFO] [RF TX] type=1 source=0x01 destination=0x02 previousHop=0x01 sequence=718 ackSequence=0 ttl=8 hops=0 payloadSize=4 rssi=0 snr=0
[2026-09-02T18:41:32.359+00:00][A] [INFO] TEST_DATA_QUEUED dst=0x02 seq=728 remaining=48
[2026-09-02T18:41:32.421+00:00][A] [INFO] [RF TX] type=1 source=0x01 destination=0x02 previousHop=0x01 sequence=719 ackSequence=0 ttl=8 hops=0 payloadSize=4 rssi=0 snr=0
[2026-09-02T18:41:32.422+00:00][A] [INFO] TEST_DATA_QUEUED dst=0x02 seq=730 remaining=47
[2026-09-02T18:41:32.485+00:00][A] [INFO] [RF TX] type=1 source=0x01 destination=0x02 previousHop=0x01 sequence=720 ackSequence=0 ttl=8 hops=0 payloadSize=4 rssi=0 snr=0
[2026-09-02T18:41:32.486+00:00][A] [INFO] TEST_DATA_QUEUED dst=0x02 seq=732 remaining=46
[2026-09-02T18:41:32.488+00:00][A] [ERROR] TX_FAILED
[2026-09-02T18:41:32.488+00:00][A] [WARN] Retry 2
[2026-09-02T18:41:32.548+00:00][A] [INFO] [RF TX] type=1 source=0x01 destination=0x02 previousHop=0x01 sequence=721 ackSequence=0 ttl=8 hops=0 payloadSize=4 rssi=0 snr=0
[2026-09-02T18:41:32.550+00:00][A] [INFO] TEST_DATA_QUEUED dst=0x02 seq=734 remaining=45
[2026-09-02T18:41:32.611+00:00][A] [INFO] [RF TX] type=1 source=0x01 destination=0x02 previousHop=0x01 sequence=722 ackSequence=0 ttl=8 hops=0 payloadSize=4 rssi=0 snr=0
[2026-09-02T18:41:32.612+00:00][A] [INFO] TEST_DATA_QUEUED dst=0x02 seq=736 remaining=44
[2026-09-02T18:41:32.674+00:00][A] [INFO] [RF TX] type=1 source=0x01 destination=0x02 previousHop=0x01 sequence=723 ackSequence=0 ttl=8 hops=0 payloadSize=4 rssi=0 snr=0
[2026-09-02T18:41:32.674+00:00][A] [INFO] TEST_DATA_QUEUED dst=0x02 seq=738 remaining=43
[2026-09-02T18:41:32.676+00:00][A] [ERROR] TX_FAILED
[2026-09-02T18:41:32.737+00:00][A] [INFO] [RF TX] type=1 source=0x01 destination=0x02 previousHop=0x01 sequence=724 ackSequence=0 ttl=8 hops=0 payloadSize=4 rssi=0 snr=0
[2026-09-02T18:41:32.738+00:00][A] [INFO] TEST_DATA_QUEUED dst=0x02 seq=740 remaining=42
[2026-09-02T18:41:32.739+00:00][A] [ERROR] TX_FAILED
[2026-09-02T18:41:32.800+00:00][A] [INFO] [RF TX] type=1 source=0x01 destination=0x02 previousHop=0x01 sequence=726 ackSequence=0 ttl=8 hops=0 payloadSize=4 rssi=0 snr=0
[2026-09-02T18:41:32.801+00:00][A] [INFO] TEST_DATA_QUEUED dst=0x02 seq=742 remaining=41
[2026-09-02T18:41:32.802+00:00][A] [ERROR] TX_FAILED
[2026-09-02T18:41:32.863+00:00][A] [INFO] [RF TX] type=1 source=0x01 destination=0x02 previousHop=0x01 sequence=728 ackSequence=0 ttl=8 hops=0 payloadSize=4 rssi=0 snr=0
[2026-09-02T18:41:32.864+00:00][A] [INFO] TEST_DATA_QUEUED dst=0x02 seq=744 remaining=40
[2026-09-02T18:41:32.865+00:00][A] [ERROR] TX_FAILED
[2026-09-02T18:41:32.927+00:00][A] [INFO] [RF TX] type=1 source=0x01 destination=0x02 previousHop=0x01 sequence=730 ackSequence=0 ttl=8 hops=0 payloadSize=4 rssi=0 snr=0
[2026-09-02T18:41:32.928+00:00][A] [INFO] TEST_DATA_QUEUED dst=0x02 seq=746 remaining=39
[2026-09-02T18:41:32.928+00:00][A] [ERROR] TX_FAILED
[2026-09-02T18:41:32.990+00:00][A] [INFO] [RF TX] type=1 source=0x01 destination=0x02 previousHop=0x01 sequence=732 ackSequence=0 ttl=8 hops=0 payloadSize=4 rssi=0 snr=0
[2026-09-02T18:41:32.990+00:00][A] [INFO] TEST_DATA_QUEUED dst=0x02 seq=748 remaining=38
[2026-09-02T18:41:32.991+00:00][A] [ERROR] TX_FAILED
[2026-09-02T18:41:33.053+00:00][A] [INFO] [RF TX] type=1 source=0x01 destination=0x02 previousHop=0x01 sequence=734 ackSequence=0 ttl=8 hops=0 payloadSize=4 rssi=0 snr=0
[2026-09-02T18:41:33.054+00:00][A] [INFO] TEST_DATA_QUEUED dst=0x02 seq=750 remaining=37
[2026-09-02T18:41:33.116+00:00][A] [INFO] [RF TX] type=1 source=0x01 destination=0x02 previousHop=0x01 sequence=736 ackSequence=0 ttl=8 hops=0 payloadSize=4 rssi=0 snr=0
[2026-09-02T18:41:33.117+00:00][A] [INFO] TEST_DATA_QUEUED dst=0x02 seq=752 remaining=36
[2026-09-02T18:41:33.118+00:00][A] [ERROR] TX_FAILED
[2026-09-02T18:41:33.179+00:00][A] [INFO] [RF TX] type=1 source=0x01 destination=0x02 previousHop=0x01 sequence=738 ackSequence=0 ttl=8 hops=0 payloadSize=4 rssi=0 snr=0
[2026-09-02T18:41:33.180+00:00][A] [INFO] TEST_DATA_QUEUED dst=0x02 seq=754 remaining=35
[2026-09-02T18:41:33.242+00:00][A] [INFO] [RF TX] type=1 source=0x01 destination=0x02 previousHop=0x01 sequence=740 ackSequence=0 ttl=8 hops=0 payloadSize=4 rssi=0 snr=0
[2026-09-02T18:41:33.243+00:00][A] [INFO] TEST_DATA_QUEUED dst=0x02 seq=756 remaining=34
[2026-09-02T18:41:33.305+00:00][A] [INFO] [RF TX] type=1 source=0x01 destination=0x02 previousHop=0x01 sequence=742 ackSequence=0 ttl=8 hops=0 payloadSize=4 rssi=0 snr=0
[2026-09-02T18:41:33.306+00:00][A] [INFO] TEST_DATA_QUEUED dst=0x02 seq=758 remaining=33
[2026-09-02T18:41:33.369+00:00][A] [INFO] [RF TX] type=1 source=0x01 destination=0x02 previousHop=0x01 sequence=744 ackSequence=0 ttl=8 hops=0 payloadSize=4 rssi=0 snr=0
[2026-09-02T18:41:33.370+00:00][A] [INFO] TEST_DATA_QUEUED dst=0x02 seq=760 remaining=32
[2026-09-02T18:41:33.431+00:00][A] [INFO] [RF TX] type=1 source=0x01 destination=0x02 previousHop=0x01 sequence=746 ackSequence=0 ttl=8 hops=0 payloadSize=4 rssi=0 snr=0
[2026-09-02T18:41:33.432+00:00][A] [INFO] TEST_DATA_QUEUED dst=0x02 seq=762 remaining=31
[2026-09-02T18:41:33.495+00:00][A] [INFO] [RF TX] type=1 source=0x01 destination=0x02 previousHop=0x01 sequence=748 ackSequence=0 ttl=8 hops=0 payloadSize=4 rssi=0 snr=0
[2026-09-02T18:41:33.495+00:00][A] [INFO] TEST_DATA_QUEUED dst=0x02 seq=764 remaining=30
[2026-09-02T18:41:33.496+00:00][A] [WARN] Retry 3
[2026-09-02T18:41:33.558+00:00][A] [INFO] [RF TX] type=1 source=0x01 destination=0x02 previousHop=0x01 sequence=750 ackSequence=0 ttl=8 hops=0 payloadSize=4 rssi=0 snr=0
[2026-09-02T18:41:33.558+00:00][A] [INFO] TEST_DATA_QUEUED dst=0x02 seq=766 remaining=29
[2026-09-02T18:41:33.559+00:00][A] [ERROR] TX_FAILED
[2026-09-02T18:41:33.621+00:00][A] [INFO] [RF TX] type=1 source=0x01 destination=0x02 previousHop=0x01 sequence=752 ackSequence=0 ttl=8 hops=0 payloadSize=4 rssi=0 snr=0
[2026-09-02T18:41:33.621+00:00][A] [INFO] TEST_DATA_QUEUED dst=0x02 seq=768 remaining=28
[2026-09-02T18:41:33.684+00:00][A] [INFO] [RF TX] type=1 source=0x01 destination=0x02 previousHop=0x01 sequence=754 ackSequence=0 ttl=8 hops=0 payloadSize=4 rssi=0 snr=0
[2026-09-02T18:41:33.684+00:00][A] [INFO] TEST_DATA_QUEUED dst=0x02 seq=770 remaining=27
[2026-09-02T18:41:33.747+00:00][A] [INFO] [RF TX] type=1 source=0x01 destination=0x02 previousHop=0x01 sequence=756 ackSequence=0 ttl=8 hops=0 payloadSize=4 rssi=0 snr=0
[2026-09-02T18:41:33.747+00:00][A] [INFO] TEST_DATA_QUEUED dst=0x02 seq=772 remaining=26
[2026-09-02T18:41:33.749+00:00][A] [ERROR] TX_FAILED
[2026-09-02T18:41:33.810+00:00][A] [INFO] [RF TX] type=1 source=0x01 destination=0x02 previousHop=0x01 sequence=758 ackSequence=0 ttl=8 hops=0 payloadSize=4 rssi=0 snr=0
[2026-09-02T18:41:33.811+00:00][A] [INFO] TEST_DATA_QUEUED dst=0x02 seq=774 remaining=25
[2026-09-02T18:41:33.812+00:00][A] [ERROR] TX_FAILED
[2026-09-02T18:41:33.873+00:00][A] [INFO] [RF TX] type=1 source=0x01 destination=0x02 previousHop=0x01 sequence=760 ackSequence=0 ttl=8 hops=0 payloadSize=4 rssi=0 snr=0
[2026-09-02T18:41:33.874+00:00][A] [INFO] TEST_DATA_QUEUED dst=0x02 seq=776 remaining=24
[2026-09-02T18:41:33.875+00:00][A] [ERROR] TX_FAILED
[2026-09-02T18:41:33.937+00:00][A] [INFO] [RF TX] type=1 source=0x01 destination=0x02 previousHop=0x01 sequence=762 ackSequence=0 ttl=8 hops=0 payloadSize=4 rssi=0 snr=0
[2026-09-02T18:41:33.937+00:00][A] [INFO] TEST_DATA_QUEUED dst=0x02 seq=778 remaining=23
[2026-09-02T18:41:33.938+00:00][A] [ERROR] TX_FAILED
[2026-09-02T18:41:34.000+00:00][A] [INFO] [RF TX] type=1 source=0x01 destination=0x02 previousHop=0x01 sequence=764 ackSequence=0 ttl=8 hops=0 payloadSize=4 rssi=0 snr=0
[2026-09-02T18:41:34.001+00:00][A] [INFO] TEST_DATA_QUEUED dst=0x02 seq=780 remaining=22
[2026-09-02T18:41:34.002+00:00][A] [ERROR] TX_FAILED
[2026-09-02T18:41:34.063+00:00][A] [INFO] [RF TX] type=1 source=0x01 destination=0x02 previousHop=0x01 sequence=766 ackSequence=0 ttl=8 hops=0 payloadSize=4 rssi=0 snr=0
[2026-09-02T18:41:34.064+00:00][A] [INFO] TEST_DATA_QUEUED dst=0x02 seq=782 remaining=21
[2026-09-02T18:41:34.065+00:00][A] [ERROR] TX_FAILED
[2026-09-02T18:41:34.126+00:00][A] [INFO] [RF TX] type=1 source=0x01 destination=0x02 previousHop=0x01 sequence=768 ackSequence=0 ttl=8 hops=0 payloadSize=4 rssi=0 snr=0
[2026-09-02T18:41:34.127+00:00][A] [INFO] TEST_DATA_QUEUED dst=0x02 seq=784 remaining=20
[2026-09-02T18:41:34.189+00:00][A] [INFO] [RF TX] type=1 source=0x01 destination=0x02 previousHop=0x01 sequence=770 ackSequence=0 ttl=8 hops=0 payloadSize=4 rssi=0 snr=0
[2026-09-02T18:41:34.190+00:00][A] [INFO] TEST_DATA_QUEUED dst=0x02 seq=786 remaining=19
[2026-09-02T18:41:34.191+00:00][A] [ERROR] TX_FAILED
[2026-09-02T18:41:34.252+00:00][A] [INFO] [RF TX] type=1 source=0x01 destination=0x02 previousHop=0x01 sequence=772 ackSequence=0 ttl=8 hops=0 payloadSize=4 rssi=0 snr=0
[2026-09-02T18:41:34.253+00:00][A] [INFO] TEST_DATA_QUEUED dst=0x02 seq=788 remaining=18
[2026-09-02T18:41:34.315+00:00][A] [INFO] [RF TX] type=1 source=0x01 destination=0x02 previousHop=0x01 sequence=774 ackSequence=0 ttl=8 hops=0 payloadSize=4 rssi=0 snr=0
[2026-09-02T18:41:34.316+00:00][A] [INFO] TEST_DATA_QUEUED dst=0x02 seq=790 remaining=17
[2026-09-02T18:41:34.378+00:00][A] [INFO] [RF TX] type=1 source=0x01 destination=0x02 previousHop=0x01 sequence=776 ackSequence=0 ttl=8 hops=0 payloadSize=4 rssi=0 snr=0
[2026-09-02T18:41:34.379+00:00][A] [INFO] TEST_DATA_QUEUED dst=0x02 seq=792 remaining=16
[2026-09-02T18:41:34.442+00:00][A] [INFO] [RF TX] type=1 source=0x01 destination=0x02 previousHop=0x01 sequence=778 ackSequence=0 ttl=8 hops=0 payloadSize=4 rssi=0 snr=0
[2026-09-02T18:41:34.442+00:00][A] [INFO] TEST_DATA_QUEUED dst=0x02 seq=794 remaining=15
[2026-09-02T18:41:34.505+00:00][A] [INFO] [RF TX] type=1 source=0x01 destination=0x02 previousHop=0x01 sequence=780 ackSequence=0 ttl=8 hops=0 payloadSize=4 rssi=0 snr=0
[2026-09-02T18:41:34.505+00:00][A] [INFO] TEST_DATA_QUEUED dst=0x02 seq=796 remaining=14
[2026-09-02T18:41:34.510+00:00][A] [ERROR] FAILED (No ACK after 3 retries)
[2026-09-02T18:41:34.515+00:00][A] [INFO] Stats: Sent=436 | ACK=0 | Retries=230 | Timeouts=4 | Success=0.0%
[2026-09-02T18:41:34.578+00:00][A] [INFO] [RF TX] type=1 source=0x01 destination=0x02 previousHop=0x01 sequence=782 ackSequence=0 ttl=8 hops=0 payloadSize=4 rssi=0 snr=0
[2026-09-02T18:41:34.579+00:00][A] [INFO] TEST_DATA_QUEUED dst=0x02 seq=798 remaining=13
[2026-09-02T18:41:34.641+00:00][A] [INFO] [RF TX] type=1 source=0x01 destination=0x02 previousHop=0x01 sequence=784 ackSequence=0 ttl=8 hops=0 payloadSize=4 rssi=0 snr=0
[2026-09-02T18:41:34.642+00:00][A] [INFO] TEST_DATA_QUEUED dst=0x02 seq=800 remaining=12
[2026-09-02T18:41:34.643+00:00][A] [ERROR] TX_FAILED
[2026-09-02T18:41:34.705+00:00][A] [INFO] [RF TX] type=1 source=0x01 destination=0x02 previousHop=0x01 sequence=786 ackSequence=0 ttl=8 hops=0 payloadSize=4 rssi=0 snr=0
[2026-09-02T18:41:34.705+00:00][A] [INFO] TEST_DATA_QUEUED dst=0x02 seq=802 remaining=11
[2026-09-02T18:41:34.767+00:00][A] [INFO] [RF TX] type=1 source=0x01 destination=0x02 previousHop=0x01 sequence=788 ackSequence=0 ttl=8 hops=0 payloadSize=4 rssi=0 snr=0
[2026-09-02T18:41:34.770+00:00][A] [INFO] TEST_DATA_QUEUED dst=0x02 seq=804 remaining=10
[2026-09-02T18:41:34.830+00:00][A] [INFO] [RF TX] type=1 source=0x01 destination=0x02 previousHop=0x01 sequence=790 ackSequence=0 ttl=8 hops=0 payloadSize=4 rssi=0 snr=0
[2026-09-02T18:41:34.831+00:00][A] [INFO] TEST_DATA_QUEUED dst=0x02 seq=806 remaining=9
[2026-09-02T18:41:34.832+00:00][A] [ERROR] TX_FAILED
[2026-09-02T18:41:34.894+00:00][A] [INFO] [RF TX] type=1 source=0x01 destination=0x02 previousHop=0x01 sequence=792 ackSequence=0 ttl=8 hops=0 payloadSize=4 rssi=0 snr=0
[2026-09-02T18:41:34.894+00:00][A] [INFO] TEST_DATA_QUEUED dst=0x02 seq=808 remaining=8
[2026-09-02T18:41:34.895+00:00][A] [ERROR] TX_FAILED
[2026-09-02T18:41:34.957+00:00][A] [INFO] [RF TX] type=1 source=0x01 destination=0x02 previousHop=0x01 sequence=794 ackSequence=0 ttl=8 hops=0 payloadSize=4 rssi=0 snr=0
[2026-09-02T18:41:34.958+00:00][A] [INFO] TEST_DATA_QUEUED dst=0x02 seq=810 remaining=7
[2026-09-02T18:41:34.958+00:00][A] [ERROR] TX_FAILED
[2026-09-02T18:41:35.020+00:00][A] [INFO] [RF TX] type=1 source=0x01 destination=0x02 previousHop=0x01 sequence=796 ackSequence=0 ttl=8 hops=0 payloadSize=4 rssi=0 snr=0
[2026-09-02T18:41:35.021+00:00][A] [INFO] TEST_DATA_QUEUED dst=0x02 seq=812 remaining=6
[2026-09-02T18:41:35.022+00:00][A] [ERROR] TX_FAILED
[2026-09-02T18:41:35.083+00:00][A] [INFO] [RF TX] type=1 source=0x01 destination=0x02 previousHop=0x01 sequence=798 ackSequence=0 ttl=8 hops=0 payloadSize=4 rssi=0 snr=0
[2026-09-02T18:41:35.084+00:00][A] [INFO] TEST_DATA_QUEUED dst=0x02 seq=814 remaining=5
[2026-09-02T18:41:35.085+00:00][A] [ERROR] TX_FAILED
[2026-09-02T18:41:35.146+00:00][A] [INFO] [RF TX] type=1 source=0x01 destination=0x02 previousHop=0x01 sequence=800 ackSequence=0 ttl=8 hops=0 payloadSize=4 rssi=0 snr=0
[2026-09-02T18:41:35.147+00:00][A] [INFO] TEST_DATA_QUEUED dst=0x02 seq=816 remaining=4
[2026-09-02T18:41:35.148+00:00][A] [ERROR] TX_FAILED
[2026-09-02T18:41:35.209+00:00][A] [INFO] [RF TX] type=1 source=0x01 destination=0x02 previousHop=0x01 sequence=802 ackSequence=0 ttl=8 hops=0 payloadSize=4 rssi=0 snr=0
[2026-09-02T18:41:35.210+00:00][A] [INFO] TEST_DATA_QUEUED dst=0x02 seq=818 remaining=3
[2026-09-02T18:41:35.273+00:00][A] [INFO] [RF TX] type=1 source=0x01 destination=0x02 previousHop=0x01 sequence=804 ackSequence=0 ttl=8 hops=0 payloadSize=4 rssi=0 snr=0
[2026-09-02T18:41:35.273+00:00][A] [INFO] TEST_DATA_QUEUED dst=0x02 seq=820 remaining=2
[2026-09-02T18:41:35.274+00:00][A] [ERROR] TX_FAILED
[2026-09-02T18:41:35.336+00:00][A] [INFO] [RF TX] type=1 source=0x01 destination=0x02 previousHop=0x01 sequence=806 ackSequence=0 ttl=8 hops=0 payloadSize=4 rssi=0 snr=0
[2026-09-02T18:41:35.337+00:00][A] [INFO] TEST_DATA_QUEUED dst=0x02 seq=822 remaining=1
[2026-09-02T18:41:35.399+00:00][A] [INFO] [RF TX] type=1 source=0x01 destination=0x02 previousHop=0x01 sequence=808 ackSequence=0 ttl=8 hops=0 payloadSize=4 rssi=0 snr=0
[2026-09-02T18:41:35.399+00:00][A] [INFO] TEST_DATA_QUEUED dst=0x02 seq=824 remaining=0
[2026-09-02T18:41:35.457+00:00][A] [INFO] [RF TX] type=1 source=0x01 destination=0x02 previousHop=0x01 sequence=810 ackSequence=0 ttl=8 hops=0 payloadSize=4 rssi=0 snr=0
[2026-09-02T18:41:35.520+00:00][A] [INFO] [RF TX] type=1 source=0x01 destination=0x02 previousHop=0x01 sequence=812 ackSequence=0 ttl=8 hops=0 payloadSize=4 rssi=0 snr=0
[2026-09-02T18:41:35.583+00:00][A] [INFO] [RF TX] type=1 source=0x01 destination=0x02 previousHop=0x01 sequence=814 ackSequence=0 ttl=8 hops=0 payloadSize=4 rssi=0 snr=0
[2026-09-02T18:41:35.646+00:00][A] [INFO] [RF TX] type=1 source=0x01 destination=0x02 previousHop=0x01 sequence=816 ackSequence=0 ttl=8 hops=0 payloadSize=4 rssi=0 snr=0
[2026-09-02T18:41:35.711+00:00][A] [INFO] [RF TX] type=1 source=0x01 destination=0x02 previousHop=0x01 sequence=818 ackSequence=0 ttl=8 hops=0 payloadSize=4 rssi=0 snr=0
[2026-09-02T18:41:35.711+00:00][A] [WARN] TX_RETRY seq=786
[2026-09-02T18:41:35.771+00:00][A] [INFO] [RF TX] type=1 source=0x01 destination=0x02 previousHop=0x01 sequence=820 ackSequence=0 ttl=8 hops=0 payloadSize=4 rssi=0 snr=0
[2026-09-02T18:41:35.834+00:00][A] [INFO] [RF TX] type=1 source=0x01 destination=0x02 previousHop=0x01 sequence=822 ackSequence=0 ttl=8 hops=0 payloadSize=4 rssi=0 snr=0
[2026-09-02T18:41:35.899+00:00][A] [INFO] [RF TX] type=1 source=0x01 destination=0x02 previousHop=0x01 sequence=824 ackSequence=0 ttl=8 hops=0 payloadSize=4 rssi=0 snr=0
[2026-09-02T18:41:35.899+00:00][A] [WARN] TX_RETRY seq=792
[2026-09-02T18:41:35.964+00:00][A] [INFO] --------------------------------
[2026-09-02T18:41:35.965+00:00][A] [INFO] [HEARTBEAT TX]
[2026-09-02T18:41:35.969+00:00][A] [INFO] Node ID: 1
[2026-09-02T18:41:35.970+00:00][A] [INFO] type: 2
[2026-09-02T18:41:35.971+00:00][A] [INFO] Destination: 0xFF
[2026-09-02T18:41:35.975+00:00][A] [INFO] Sequence: 826
[2026-09-02T18:41:35.975+00:00][A] [INFO] Packet ID: 425
[2026-09-02T18:41:35.980+00:00][A] [INFO] Packet Size: 26
[2026-09-02T18:41:35.981+00:00][A] [INFO] Timestamp: 425 ms
[2026-09-02T18:41:35.986+00:00][A] [INFO] Transmission Result: success
[2026-09-02T18:41:35.986+00:00][A] [INFO] --------------------------------
[2026-09-02T18:41:35.991+00:00][A] [INFO] [Heartbeat #425]
[2026-09-02T18:41:35.992+00:00][A] [INFO] Sent
[2026-09-02T18:41:35.992+00:00][A] [INFO] Waiting ACK...
[2026-09-02T18:41:35.992+00:00][A] [INFO] [WAITING ACK]
[2026-09-02T18:41:36.008+00:00][A] [INFO] [RF TX] type=2 source=0x01 destination=0xFF previousHop=0x01 sequence=826 ackSequence=0 ttl=8 hops=0 payloadSize=13 rssi=0 snr=
[2026-09-02T18:41:36.008+00:00][A] [INFO] Heartbeat packet sent
[2026-09-02T18:41:36.009+00:00][A] [WARN] TX_RETRY seq=794
[2026-09-02T18:41:36.067+00:00][A] [INFO] [RF TX] type=1 source=0x01 destination=0x02 previousHop=0x01 sequence=786 ackSequence=0 ttl=8 hops=0 payloadSize=4 rssi=0 snr=0
[2026-09-02T18:41:36.067+00:00][A] [WARN] TX_RETRY seq=796
[2026-09-02T18:41:36.130+00:00][A] [INFO] [RF TX] type=1 source=0x01 destination=0x02 previousHop=0x01 sequence=792 ackSequence=0 ttl=8 hops=0 payloadSize=4 rssi=0 snr=0
[2026-09-02T18:41:36.131+00:00][A] [WARN] TX_RETRY seq=798
[2026-09-02T18:41:36.193+00:00][A] [INFO] [RF TX] type=1 source=0x01 destination=0x02 previousHop=0x01 sequence=794 ackSequence=0 ttl=8 hops=0 payloadSize=4 rssi=0 snr=0
[2026-09-02T18:41:36.193+00:00][A] [WARN] TX_RETRY seq=800
[2026-09-02T18:41:36.255+00:00][A] [INFO] [RF TX] type=1 source=0x01 destination=0x02 previousHop=0x01 sequence=796 ackSequence=0 ttl=8 hops=0 payloadSize=4 rssi=0 snr=0
[2026-09-02T18:41:36.256+00:00][A] [WARN] TX_RETRY seq=802
[2026-09-02T18:41:36.316+00:00][A] [INFO] [RF TX] type=1 source=0x01 destination=0x02 previousHop=0x01 sequence=798 ackSequence=0 ttl=8 hops=0 payloadSize=4 rssi=0 snr=0
[2026-09-02T18:41:36.381+00:00][A] [INFO] [RF TX] type=1 source=0x01 destination=0x02 previousHop=0x01 sequence=800 ackSequence=0 ttl=8 hops=0 payloadSize=4 rssi=0 snr=0
[2026-09-02T18:41:36.381+00:00][A] [WARN] TX_RETRY seq=806
[2026-09-02T18:41:36.442+00:00][A] [INFO] [RF TX] type=1 source=0x01 destination=0x02 previousHop=0x01 sequence=802 ackSequence=0 ttl=8 hops=0 payloadSize=4 rssi=0 snr=0
[2026-09-02T18:41:36.505+00:00][A] [INFO] [RF TX] type=1 source=0x01 destination=0x02 previousHop=0x01 sequence=806 ackSequence=0 ttl=8 hops=0 payloadSize=4 rssi=0 snr=0
[2026-09-02T18:41:36.738+00:00][A] [INFO] [RF RX] type=2 source=0x02 destination=0xFF previousHop=0x02 sequence=424 ackSequence=0 ttl=8 hops=0 payloadSize=13 rssi=-60 sn
[2026-09-02T18:41:36.980+00:00][A] [WARN] Retry 1
[2026-09-02T18:41:37.047+00:00][A] [INFO] --------------------------------
[2026-09-02T18:41:37.048+00:00][A] [INFO] [HEARTBEAT TX]
[2026-09-02T18:41:37.053+00:00][A] [INFO] Node ID: 1
[2026-09-02T18:41:37.053+00:00][A] [INFO] type: 2
[2026-09-02T18:41:37.054+00:00][A] [INFO] Destination: 0xFF
[2026-09-02T18:41:37.058+00:00][A] [INFO] Sequence: 826
[2026-09-02T18:41:37.058+00:00][A] [INFO] Packet ID: 425
[2026-09-02T18:41:37.063+00:00][A] [INFO] Packet Size: 26
[2026-09-02T18:41:37.064+00:00][A] [INFO] Timestamp: 425 ms
[2026-09-02T18:41:37.069+00:00][A] [INFO] Transmission Result: success
[2026-09-02T18:41:37.070+00:00][A] [INFO] --------------------------------
[2026-09-02T18:41:37.075+00:00][A] [INFO] [Heartbeat #425]
[2026-09-02T18:41:37.075+00:00][A] [INFO] Sent
[2026-09-02T18:41:37.075+00:00][A] [INFO] Waiting ACK...
[2026-09-02T18:41:37.076+00:00][A] [INFO] [WAITING ACK]
[2026-09-02T18:41:37.091+00:00][A] [INFO] [RF TX] type=2 source=0x01 destination=0xFF previousHop=0x01 sequence=826 ackSequence=0 ttl=8 hops=0 payloadSize=13 rssi=0 snr=
[2026-09-02T18:41:37.092+00:00][A] [INFO] Heartbeat packet sent
[2026-09-02T18:41:37.092+00:00][A] [WARN] TX_RETRY seq=786
[2026-09-02T18:41:37.150+00:00][A] [INFO] [RF TX] type=1 source=0x01 destination=0x02 previousHop=0x01 sequence=786 ackSequence=0 ttl=8 hops=0 payloadSize=4 rssi=0 snr=0
[2026-09-02T18:41:37.151+00:00][A] [WARN] TX_RETRY seq=792
[2026-09-02T18:41:37.213+00:00][A] [INFO] [RF TX] type=1 source=0x01 destination=0x02 previousHop=0x01 sequence=792 ackSequence=0 ttl=8 hops=0 payloadSize=4 rssi=0 snr=0
[2026-09-02T18:41:37.214+00:00][A] [WARN] TX_RETRY seq=794
[2026-09-02T18:41:37.276+00:00][A] [INFO] [RF TX] type=1 source=0x01 destination=0x02 previousHop=0x01 sequence=794 ackSequence=0 ttl=8 hops=0 payloadSize=4 rssi=0 snr=0
[2026-09-02T18:41:37.276+00:00][A] [WARN] TX_RETRY seq=796
[2026-09-02T18:41:37.339+00:00][A] [INFO] [RF TX] type=1 source=0x01 destination=0x02 previousHop=0x01 sequence=796 ackSequence=0 ttl=8 hops=0 payloadSize=4 rssi=0 snr=0
[2026-09-02T18:41:37.339+00:00][A] [WARN] TX_RETRY seq=798
[2026-09-02T18:41:37.402+00:00][A] [INFO] [RF TX] type=1 source=0x01 destination=0x02 previousHop=0x01 sequence=798 ackSequence=0 ttl=8 hops=0 payloadSize=4 rssi=0 snr=0
[2026-09-02T18:41:37.402+00:00][A] [WARN] TX_RETRY seq=800
[2026-09-02T18:41:37.464+00:00][A] [INFO] [RF TX] type=1 source=0x01 destination=0x02 previousHop=0x01 sequence=800 ackSequence=0 ttl=8 hops=0 payloadSize=4 rssi=0 snr=0
[2026-09-02T18:41:37.465+00:00][A] [WARN] TX_RETRY seq=802
[2026-09-02T18:41:37.527+00:00][A] [INFO] [RF TX] type=1 source=0x01 destination=0x02 previousHop=0x01 sequence=802 ackSequence=0 ttl=8 hops=0 payloadSize=4 rssi=0 snr=0
[2026-09-02T18:41:37.528+00:00][A] [WARN] TX_RETRY seq=806
[2026-09-02T18:41:37.593+00:00][A] [INFO] --------------------------------
[2026-09-02T18:41:37.593+00:00][A] [INFO] [HEARTBEAT TX]
[2026-09-02T18:41:37.598+00:00][A] [INFO] Node ID: 1
[2026-09-02T18:41:37.598+00:00][A] [INFO] type: 2
[2026-09-02T18:41:37.599+00:00][A] [INFO] Destination: 0xFF
[2026-09-02T18:41:37.603+00:00][A] [INFO] Sequence: 827
[2026-09-02T18:41:37.604+00:00][A] [INFO] Packet ID: 426
[2026-09-02T18:41:37.609+00:00][A] [INFO] Packet Size: 26
[2026-09-02T18:41:37.609+00:00][A] [INFO] Timestamp: 426 ms
[2026-09-02T18:41:37.614+00:00][A] [INFO] Transmission Result: success
[2026-09-02T18:41:37.615+00:00][A] [INFO] --------------------------------
[2026-09-02T18:41:37.621+00:00][A] [INFO] [Heartbeat #426]
[2026-09-02T18:41:37.621+00:00][A] [INFO] Sent
[2026-09-02T18:41:37.622+00:00][A] [INFO] Waiting ACK...
[2026-09-02T18:41:37.622+00:00][A] [INFO] [WAITING ACK]
[2026-09-02T18:41:37.634+00:00][A] [INFO] [RF TX] type=2 source=0x01 destination=0xFF previousHop=0x01 sequence=827 ackSequence=0 ttl=8 hops=0 payloadSize=13 rssi=0 snr=
[2026-09-02T18:41:37.635+00:00][A] [INFO] Heartbeat packet sent
[2026-09-02T18:41:37.695+00:00][A] [INFO] [RF TX] type=1 source=0x01 destination=0x02 previousHop=0x01 sequence=806 ackSequence=0 ttl=8 hops=0 payloadSize=4 rssi=0 snr=0
[2026-09-02T18:41:38.148+00:00][A] [WARN] TX_RETRY seq=786
[2026-09-02T18:41:38.212+00:00][A] [INFO] [RF TX] type=1 source=0x01 destination=0x02 previousHop=0x01 sequence=786 ackSequence=0 ttl=8 hops=0 payloadSize=4 rssi=0 snr=0
[2026-09-02T18:41:38.212+00:00][A] [WARN] TX_RETRY seq=792
[2026-09-02T18:41:38.275+00:00][A] [INFO] [RF TX] type=1 source=0x01 destination=0x02 previousHop=0x01 sequence=792 ackSequence=0 ttl=8 hops=0 payloadSize=4 rssi=0 snr=0
[2026-09-02T18:41:38.276+00:00][A] [WARN] TX_RETRY seq=794
[2026-09-02T18:41:38.338+00:00][A] [INFO] [RF TX] type=1 source=0x01 destination=0x02 previousHop=0x01 sequence=794 ackSequence=0 ttl=8 hops=0 payloadSize=4 rssi=0 snr=0
[2026-09-02T18:41:38.338+00:00][A] [WARN] TX_RETRY seq=796
[2026-09-02T18:41:38.401+00:00][A] [INFO] [RF TX] type=1 source=0x01 destination=0x02 previousHop=0x01 sequence=796 ackSequence=0 ttl=8 hops=0 payloadSize=4 rssi=0 snr=0
[2026-09-02T18:41:38.402+00:00][A] [WARN] TX_RETRY seq=798
[2026-09-02T18:41:38.464+00:00][A] [INFO] [RF TX] type=1 source=0x01 destination=0x02 previousHop=0x01 sequence=798 ackSequence=0 ttl=8 hops=0 payloadSize=4 rssi=0 snr=0
[2026-09-02T18:41:38.464+00:00][A] [WARN] TX_RETRY seq=800
[2026-09-02T18:41:38.527+00:00][A] [INFO] [RF TX] type=1 source=0x01 destination=0x02 previousHop=0x01 sequence=800 ackSequence=0 ttl=8 hops=0 payloadSize=4 rssi=0 snr=0
[2026-09-02T18:41:38.527+00:00][A] [WARN] TX_RETRY seq=802
[2026-09-02T18:41:38.588+00:00][A] [INFO] [RF TX] type=1 source=0x01 destination=0x02 previousHop=0x01 sequence=802 ackSequence=0 ttl=8 hops=0 payloadSize=4 rssi=0 snr=0
[2026-09-02T18:41:38.609+00:00][A] [WARN] Retry 1
[2026-09-02T18:41:38.676+00:00][A] [INFO] --------------------------------
[2026-09-02T18:41:38.677+00:00][A] [INFO] [HEARTBEAT TX]
[2026-09-02T18:41:38.681+00:00][A] [INFO] Node ID: 1
[2026-09-02T18:41:38.682+00:00][A] [INFO] type: 2
[2026-09-02T18:41:38.682+00:00][A] [INFO] Destination: 0xFF
[2026-09-02T18:41:38.688+00:00][A] [INFO] Sequence: 827
[2026-09-02T18:41:38.688+00:00][A] [INFO] Packet ID: 426
[2026-09-02T18:41:38.692+00:00][A] [INFO] Packet Size: 26
[2026-09-02T18:41:38.693+00:00][A] [INFO] Timestamp: 426 ms
[2026-09-02T18:41:38.698+00:00][A] [INFO] Transmission Result: success
[2026-09-02T18:41:38.698+00:00][A] [INFO] --------------------------------
[2026-09-02T18:41:38.703+00:00][A] [INFO] [Heartbeat #426]
[2026-09-02T18:41:38.704+00:00][A] [INFO] Sent
[2026-09-02T18:41:38.704+00:00][A] [INFO] Waiting ACK...
[2026-09-02T18:41:38.705+00:00][A] [INFO] [WAITING ACK]
[2026-09-02T18:41:38.720+00:00][A] [INFO] [RF TX] type=2 source=0x01 destination=0xFF previousHop=0x01 sequence=827 ackSequence=0 ttl=8 hops=0 payloadSize=13 rssi=0 snr=
[2026-09-02T18:41:38.720+00:00][A] [INFO] Heartbeat packet sent
[2026-09-02T18:41:38.721+00:00][A] [WARN] TX_RETRY seq=806
[2026-09-02T18:41:38.777+00:00][A] [INFO] [RF TX] type=1 source=0x01 destination=0x02 previousHop=0x01 sequence=806 ackSequence=0 ttl=8 hops=0 payloadSize=4 rssi=0 snr=0
[2026-09-02T18:41:39.212+00:00][A] [ERROR] TX_FAILED
[2026-09-02T18:41:39.212+00:00][A] [WARN] ACK_FAILED seq=786
[2026-09-02T18:41:39.275+00:00][A] [ERROR] TX_FAILED
[2026-09-02T18:41:39.275+00:00][A] [WARN] ACK_FAILED seq=792
[2026-09-02T18:41:39.338+00:00][A] [ERROR] TX_FAILED
[2026-09-02T18:41:39.338+00:00][A] [WARN] ACK_FAILED seq=794
[2026-09-02T18:41:39.401+00:00][A] [ERROR] TX_FAILED
[2026-09-02T18:41:39.402+00:00][A] [WARN] ACK_FAILED seq=796
[2026-09-02T18:41:39.464+00:00][A] [ERROR] TX_FAILED
[2026-09-02T18:41:39.464+00:00][A] [WARN] ACK_FAILED seq=798
[2026-09-02T18:41:39.529+00:00][A] [INFO] --------------------------------
[2026-09-02T18:41:39.529+00:00][A] [INFO] [HEARTBEAT TX]
[2026-09-02T18:41:39.534+00:00][A] [INFO] Node ID: 1
[2026-09-02T18:41:39.534+00:00][A] [INFO] type: 2
[2026-09-02T18:41:39.535+00:00][A] [INFO] Destination: 0xFF
[2026-09-02T18:41:39.540+00:00][A] [INFO] Sequence: 828
[2026-09-02T18:41:39.540+00:00][A] [INFO] Packet ID: 427
[2026-09-02T18:41:39.545+00:00][A] [INFO] Packet Size: 26
[2026-09-02T18:41:39.546+00:00][A] [INFO] Timestamp: 427 ms
[2026-09-02T18:41:39.551+00:00][A] [INFO] Transmission Result: success
[2026-09-02T18:41:39.551+00:00][A] [INFO] --------------------------------
[2026-09-02T18:41:39.556+00:00][A] [INFO] [Heartbeat #427]
[2026-09-02T18:41:39.557+00:00][A] [INFO] Sent
[2026-09-02T18:41:39.557+00:00][A] [INFO] Waiting ACK...
[2026-09-02T18:41:39.557+00:00][A] [INFO] [WAITING ACK]
[2026-09-02T18:41:39.573+00:00][A] [INFO] [RF TX] type=2 source=0x01 destination=0xFF previousHop=0x01 sequence=828 ackSequence=0 ttl=8 hops=0 payloadSize=13 rssi=0 snr=
[2026-09-02T18:41:39.574+00:00][A] [INFO] Heartbeat packet sent
[2026-09-02T18:41:39.574+00:00][A] [ERROR] TX_FAILED
[2026-09-02T18:41:39.575+00:00][A] [WARN] ACK_FAILED seq=800
[2026-09-02T18:41:39.590+00:00][A] [ERROR] TX_FAILED
[2026-09-02T18:41:39.590+00:00][A] [WARN] ACK_FAILED seq=802
[2026-09-02T18:41:39.654+00:00][A] [INFO] [RF RX] type=2 source=0x02 destination=0xFF previousHop=0x02 sequence=440 ackSequence=0 ttl=8 hops=0 payloadSize=13 rssi=-59 sn
[2026-09-02T18:41:39.779+00:00][A] [ERROR] TX_FAILED
[2026-09-02T18:41:39.780+00:00][A] [WARN] ACK_FAILED seq=806
[2026-09-02T18:41:40.545+00:00][A] [WARN] Retry 1
[2026-09-02T18:41:40.615+00:00][A] [INFO] --------------------------------
[2026-09-02T18:41:40.616+00:00][A] [INFO] [HEARTBEAT TX]
[2026-09-02T18:41:40.621+00:00][A] [INFO] Node ID: 1
[2026-09-02T18:41:40.622+00:00][A] [INFO] type: 2
[2026-09-02T18:41:40.623+00:00][A] [INFO] Destination: 0xFF
[2026-09-02T18:41:40.623+00:00][A] [INFO] Sequence: 828
[2026-09-02T18:41:40.624+00:00][A] [INFO] Packet ID: 427
[2026-09-02T18:41:40.628+00:00][A] [INFO] Packet Size: 26
[2026-09-02T18:41:40.629+00:00][A] [INFO] Timestamp: 427 ms
[2026-09-02T18:41:40.634+00:00][A] [INFO] Transmission Result: success
[2026-09-02T18:41:40.635+00:00][A] [INFO] --------------------------------
[2026-09-02T18:41:40.639+00:00][A] [INFO] [Heartbeat #427]
[2026-09-02T18:41:40.640+00:00][A] [INFO] Sent
[2026-09-02T18:41:40.640+00:00][A] [INFO] Waiting ACK...
[2026-09-02T18:41:40.640+00:00][A] [INFO] [WAITING ACK]
[2026-09-02T18:41:40.654+00:00][A] [INFO] [RF TX] type=2 source=0x01 destination=0xFF previousHop=0x01 sequence=828 ackSequence=0 ttl=8 hops=0 payloadSize=13 rssi=0 snr=
[2026-09-02T18:41:40.654+00:00][A] [INFO] Heartbeat packet sent
[2026-09-02T18:41:40.738+00:00][A] [INFO] [RF RX] type=2 source=0x02 destination=0xFF previousHop=0x02 sequence=440 ackSequence=0 ttl=8 hops=0 payloadSize=13 rssi=-60 sn
[2026-09-02T18:41:41.530+00:00][A] [INFO] --------------------------------
[2026-09-02T18:41:41.530+00:00][A] [INFO] [HEARTBEAT TX]
[2026-09-02T18:41:41.534+00:00][A] [INFO] Node ID: 1
[2026-09-02T18:41:41.535+00:00][A] [INFO] type: 2
[2026-09-02T18:41:41.535+00:00][A] [INFO] Destination: 0xFF
[2026-09-02T18:41:41.540+00:00][A] [INFO] Sequence: 829
[2026-09-02T18:41:41.540+00:00][A] [INFO] Packet ID: 428
[2026-09-02T18:41:41.545+00:00][A] [INFO] Packet Size: 26
[2026-09-02T18:41:41.546+00:00][A] [INFO] Timestamp: 428 ms
[2026-09-02T18:41:41.551+00:00][A] [INFO] Transmission Result: success
[2026-09-02T18:41:41.551+00:00][A] [INFO] --------------------------------
[2026-09-02T18:41:41.556+00:00][A] [INFO] [Heartbeat #428]
[2026-09-02T18:41:41.557+00:00][A] [INFO] Sent
[2026-09-02T18:41:41.557+00:00][A] [INFO] Waiting ACK...
[2026-09-02T18:41:41.557+00:00][A] [INFO] [WAITING ACK]
[2026-09-02T18:41:41.571+00:00][A] [INFO] [RF TX] type=2 source=0x01 destination=0xFF previousHop=0x01 sequence=829 ackSequence=0 ttl=8 hops=0 payloadSize=13 rssi=0 snr=
[2026-09-02T18:41:41.571+00:00][A] [INFO] Heartbeat packet sent
[2026-09-02T18:41:41.654+00:00][A] [INFO] [RF RX] type=2 source=0x02 destination=0xFF previousHop=0x02 sequence=441 ackSequence=0 ttl=8 hops=0 payloadSize=13 rssi=-60 sn
[2026-09-02T18:41:42.546+00:00][A] [WARN] Retry 1
[2026-09-02T18:41:42.613+00:00][A] [INFO] --------------------------------
[2026-09-02T18:41:42.613+00:00][A] [INFO] [HEARTBEAT TX]
[2026-09-02T18:41:42.618+00:00][A] [INFO] Node ID: 1
[2026-09-02T18:41:42.619+00:00][A] [INFO] type: 2
[2026-09-02T18:41:42.619+00:00][A] [INFO] Destination: 0xFF
[2026-09-02T18:41:42.624+00:00][A] [INFO] Sequence: 829
[2026-09-02T18:41:42.624+00:00][A] [INFO] Packet ID: 428
[2026-09-02T18:41:42.629+00:00][A] [INFO] Packet Size: 26
[2026-09-02T18:41:42.630+00:00][A] [INFO] Timestamp: 428 ms
[2026-09-02T18:41:42.635+00:00][A] [INFO] Transmission Result: success
[2026-09-02T18:41:42.636+00:00][A] [INFO] --------------------------------
[2026-09-02T18:41:42.640+00:00][A] [INFO] [Heartbeat #428]
[2026-09-02T18:41:42.641+00:00][A] [INFO] Sent
[2026-09-02T18:41:42.641+00:00][A] [INFO] Waiting ACK...
[2026-09-02T18:41:42.641+00:00][A] [INFO] [WAITING ACK]
[2026-09-02T18:41:42.655+00:00][A] [INFO] [RF TX] type=2 source=0x01 destination=0xFF previousHop=0x01 sequence=829 ackSequence=0 ttl=8 hops=0 payloadSize=13 rssi=0 snr=
[2026-09-02T18:41:42.655+00:00][A] [INFO] Heartbeat packet sent
[2026-09-02T18:41:42.738+00:00][A] [INFO] [RF RX] type=2 source=0x02 destination=0xFF previousHop=0x02 sequence=441 ackSequence=0 ttl=8 hops=0 payloadSize=13 rssi=-60 sn
[2026-09-02T18:41:43.529+00:00][A] [INFO] --------------------------------
[2026-09-02T18:41:43.529+00:00][A] [INFO] [HEARTBEAT TX]
[2026-09-02T18:41:43.534+00:00][A] [INFO] Node ID: 1
[2026-09-02T18:41:43.535+00:00][A] [INFO] type: 2
[2026-09-02T18:41:43.535+00:00][A] [INFO] Destination: 0xFF
[2026-09-02T18:41:43.540+00:00][A] [INFO] Sequence: 830
[2026-09-02T18:41:43.540+00:00][A] [INFO] Packet ID: 429
[2026-09-02T18:41:43.545+00:00][A] [INFO] Packet Size: 26
[2026-09-02T18:41:43.545+00:00][A] [INFO] Timestamp: 429 ms
[2026-09-02T18:41:43.551+00:00][A] [INFO] Transmission Result: success
[2026-09-02T18:41:43.551+00:00][A] [INFO] --------------------------------
[2026-09-02T18:41:43.556+00:00][A] [INFO] [Heartbeat #429]
[2026-09-02T18:41:43.557+00:00][A] [INFO] Sent
[2026-09-02T18:41:43.557+00:00][A] [INFO] Waiting ACK...
[2026-09-02T18:41:43.557+00:00][A] [INFO] [WAITING ACK]
[2026-09-02T18:41:43.571+00:00][A] [INFO] [RF TX] type=2 source=0x01 destination=0xFF previousHop=0x01 sequence=830 ackSequence=0 ttl=8 hops=0 payloadSize=13 rssi=0 snr=
[2026-09-02T18:41:43.571+00:00][A] [INFO] Heartbeat packet sent
[2026-09-02T18:41:43.654+00:00][A] [INFO] [RF RX] type=2 source=0x02 destination=0xFF previousHop=0x02 sequence=442 ackSequence=0 ttl=8 hops=0 payloadSize=13 rssi=-61 sn
[2026-09-02T18:41:44.546+00:00][A] [WARN] Retry 1
[2026-09-02T18:41:44.614+00:00][A] [INFO] --------------------------------
[2026-09-02T18:41:44.614+00:00][A] [INFO] [HEARTBEAT TX]
[2026-09-02T18:41:44.618+00:00][A] [INFO] Node ID: 1
[2026-09-02T18:41:44.619+00:00][A] [INFO] type: 2
[2026-09-02T18:41:44.619+00:00][A] [INFO] Destination: 0xFF
[2026-09-02T18:41:44.624+00:00][A] [INFO] Sequence: 830
[2026-09-02T18:41:44.624+00:00][A] [INFO] Packet ID: 429
[2026-09-02T18:41:44.629+00:00][A] [INFO] Packet Size: 26
[2026-09-02T18:41:44.630+00:00][A] [INFO] Timestamp: 429 ms
[2026-09-02T18:41:44.635+00:00][A] [INFO] Transmission Result: success
[2026-09-02T18:41:44.635+00:00][A] [INFO] --------------------------------
[2026-09-02T18:41:44.640+00:00][A] [INFO] [Heartbeat #429]
[2026-09-02T18:41:44.641+00:00][A] [INFO] Sent
[2026-09-02T18:41:44.641+00:00][A] [INFO] Waiting ACK...
[2026-09-02T18:41:44.641+00:00][A] [INFO] [WAITING ACK]
[2026-09-02T18:41:44.655+00:00][A] [INFO] [RF TX] type=2 source=0x01 destination=0xFF previousHop=0x01 sequence=830 ackSequence=0 ttl=8 hops=0 payloadSize=13 rssi=0 snr=
[2026-09-02T18:41:44.655+00:00][A] [INFO] Heartbeat packet sent
[2026-09-02T18:41:44.738+00:00][A] [INFO] [RF RX] type=2 source=0x02 destination=0xFF previousHop=0x02 sequence=442 ackSequence=0 ttl=8 hops=0 payloadSize=13 rssi=-61 sn
[2026-09-02T18:41:45.529+00:00][A] [INFO] --------------------------------
[2026-09-02T18:41:45.530+00:00][A] [INFO] [HEARTBEAT TX]
[2026-09-02T18:41:45.534+00:00][A] [INFO] Node ID: 1
[2026-09-02T18:41:45.535+00:00][A] [INFO] type: 2
[2026-09-02T18:41:45.535+00:00][A] [INFO] Destination: 0xFF
[2026-09-02T18:41:45.540+00:00][A] [INFO] Sequence: 831
[2026-09-02T18:41:45.540+00:00][A] [INFO] Packet ID: 430
[2026-09-02T18:41:45.545+00:00][A] [INFO] Packet Size: 26
[2026-09-02T18:41:45.546+00:00][A] [INFO] Timestamp: 430 ms
[2026-09-02T18:41:45.551+00:00][A] [INFO] Transmission Result: success
[2026-09-02T18:41:45.551+00:00][A] [INFO] --------------------------------
[2026-09-02T18:41:45.556+00:00][A] [INFO] [Heartbeat #430]
[2026-09-02T18:41:45.557+00:00][A] [INFO] Sent
[2026-09-02T18:41:45.557+00:00][A] [INFO] Waiting ACK...
[2026-09-02T18:41:45.557+00:00][A] [INFO] [WAITING ACK]
[2026-09-02T18:41:45.571+00:00][A] [INFO] [RF TX] type=2 source=0x01 destination=0xFF previousHop=0x01 sequence=831 ackSequence=0 ttl=8 hops=0 payloadSize=13 rssi=0 snr=
[2026-09-02T18:41:45.571+00:00][A] [INFO] Heartbeat packet sent
[2026-09-02T18:41:45.654+00:00][A] [INFO] [RF RX] type=2 source=0x02 destination=0xFF previousHop=0x02 sequence=443 ackSequence=0 ttl=8 hops=0 payloadSize=13 rssi=-60 sn
[2026-09-02T18:41:46.546+00:00][A] [WARN] Retry 1
[2026-09-02T18:41:46.613+00:00][A] [INFO] --------------------------------
[2026-09-02T18:41:46.614+00:00][A] [INFO] [HEARTBEAT TX]
[2026-09-02T18:41:46.618+00:00][A] [INFO] Node ID: 1
[2026-09-02T18:41:46.619+00:00][A] [INFO] type: 2
[2026-09-02T18:41:46.619+00:00][A] [INFO] Destination: 0xFF
[2026-09-02T18:41:46.624+00:00][A] [INFO] Sequence: 831
[2026-09-02T18:41:46.624+00:00][A] [INFO] Packet ID: 430
[2026-09-02T18:41:46.629+00:00][A] [INFO] Packet Size: 26
[2026-09-02T18:41:46.629+00:00][A] [INFO] Timestamp: 430 ms
[2026-09-02T18:41:46.635+00:00][A] [INFO] Transmission Result: success
[2026-09-02T18:41:46.635+00:00][A] [INFO] --------------------------------
[2026-09-02T18:41:46.640+00:00][A] [INFO] [Heartbeat #430]
[2026-09-02T18:41:46.641+00:00][A] [INFO] Sent
[2026-09-02T18:41:46.641+00:00][A] [INFO] Waiting ACK...
[2026-09-02T18:41:46.641+00:00][A] [INFO] [WAITING ACK]
[2026-09-02T18:41:46.655+00:00][A] [INFO] [RF TX] type=2 source=0x01 destination=0xFF previousHop=0x01 sequence=831 ackSequence=0 ttl=8 hops=0 payloadSize=13 rssi=0 snr=
[2026-09-02T18:41:46.655+00:00][A] [INFO] Heartbeat packet sent
[2026-09-02T18:41:46.738+00:00][A] [INFO] [RF RX] type=2 source=0x02 destination=0xFF previousHop=0x02 sequence=443 ackSequence=0 ttl=8 hops=0 payloadSize=13 rssi=-60 sn
[2026-09-02T18:41:47.529+00:00][A] [INFO] --------------------------------
[2026-09-02T18:41:47.529+00:00][A] [INFO] [HEARTBEAT TX]
[2026-09-02T18:41:47.534+00:00][A] [INFO] Node ID: 1
[2026-09-02T18:41:47.534+00:00][A] [INFO] type: 2
[2026-09-02T18:41:47.535+00:00][A] [INFO] Destination: 0xFF
[2026-09-02T18:41:47.540+00:00][A] [INFO] Sequence: 832
[2026-09-02T18:41:47.540+00:00][A] [INFO] Packet ID: 431
[2026-09-02T18:41:47.545+00:00][A] [INFO] Packet Size: 26
[2026-09-02T18:41:47.545+00:00][A] [INFO] Timestamp: 431 ms
[2026-09-02T18:41:47.551+00:00][A] [INFO] Transmission Result: success
[2026-09-02T18:41:47.551+00:00][A] [INFO] --------------------------------
[2026-09-02T18:41:47.556+00:00][A] [INFO] [Heartbeat #431]
[2026-09-02T18:41:47.557+00:00][A] [INFO] Sent
[2026-09-02T18:41:47.557+00:00][A] [INFO] Waiting ACK...
[2026-09-02T18:41:47.557+00:00][A] [INFO] [WAITING ACK]
[2026-09-02T18:41:47.571+00:00][A] [INFO] [RF TX] type=2 source=0x01 destination=0xFF previousHop=0x01 sequence=832 ackSequence=0 ttl=8 hops=0 payloadSize=13 rssi=0 snr=
[2026-09-02T18:41:47.571+00:00][A] [INFO] Heartbeat packet sent
[2026-09-02T18:41:47.654+00:00][A] [INFO] [RF RX] type=2 source=0x02 destination=0xFF previousHop=0x02 sequence=444 ackSequence=0 ttl=8 hops=0 payloadSize=13 rssi=-60 sn
[2026-09-02T18:41:48.546+00:00][A] [WARN] Retry 1
[2026-09-02T18:41:48.613+00:00][A] [INFO] --------------------------------
[2026-09-02T18:41:48.613+00:00][A] [INFO] [HEARTBEAT TX]
[2026-09-02T18:41:48.618+00:00][A] [INFO] Node ID: 1
[2026-09-02T18:41:48.618+00:00][A] [INFO] type: 2
[2026-09-02T18:41:48.618+00:00][A] [INFO] Destination: 0xFF
[2026-09-02T18:41:48.624+00:00][A] [INFO] Sequence: 832
[2026-09-02T18:41:48.624+00:00][A] [INFO] Packet ID: 431
[2026-09-02T18:41:48.629+00:00][A] [INFO] Packet Size: 26
[2026-09-02T18:41:48.629+00:00][A] [INFO] Timestamp: 431 ms
[2026-09-02T18:41:48.635+00:00][A] [INFO] Transmission Result: success
[2026-09-02T18:41:48.635+00:00][A] [INFO] --------------------------------
[2026-09-02T18:41:48.640+00:00][A] [INFO] [Heartbeat #431]
[2026-09-02T18:41:48.640+00:00][A] [INFO] Sent
[2026-09-02T18:41:48.641+00:00][A] [INFO] Waiting ACK...
[2026-09-02T18:41:48.641+00:00][A] [INFO] [WAITING ACK]
[2026-09-02T18:41:48.655+00:00][A] [INFO] [RF TX] type=2 source=0x01 destination=0xFF previousHop=0x01 sequence=832 ackSequence=0 ttl=8 hops=0 payloadSize=13 rssi=0 snr=
[2026-09-02T18:41:48.655+00:00][A] [INFO] Heartbeat packet sent
[2026-09-02T18:41:48.738+00:00][A] [INFO] [RF RX] type=2 source=0x02 destination=0xFF previousHop=0x02 sequence=444 ackSequence=0 ttl=8 hops=0 payloadSize=13 rssi=-61 sn
[2026-09-02T18:41:49.529+00:00][A] [INFO] --------------------------------
[2026-09-02T18:41:49.530+00:00][A] [INFO] [HEARTBEAT TX]
[2026-09-02T18:41:49.534+00:00][A] [INFO] Node ID: 1
[2026-09-02T18:41:49.535+00:00][A] [INFO] type: 2
[2026-09-02T18:41:49.535+00:00][A] [INFO] Destination: 0xFF
[2026-09-02T18:41:49.540+00:00][A] [INFO] Sequence: 833
[2026-09-02T18:41:49.540+00:00][A] [INFO] Packet ID: 432
[2026-09-02T18:41:49.545+00:00][A] [INFO] Packet Size: 26
[2026-09-02T18:41:49.546+00:00][A] [INFO] Timestamp: 432 ms
[2026-09-02T18:41:49.551+00:00][A] [INFO] Transmission Result: success
[2026-09-02T18:41:49.552+00:00][A] [INFO] --------------------------------
[2026-09-02T18:41:49.556+00:00][A] [INFO] [Heartbeat #432]
[2026-09-02T18:41:49.557+00:00][A] [INFO] Sent
[2026-09-02T18:41:49.557+00:00][A] [INFO] Waiting ACK...
[2026-09-02T18:41:49.557+00:00][A] [INFO] [WAITING ACK]
[2026-09-02T18:41:49.571+00:00][A] [INFO] [RF TX] type=2 source=0x01 destination=0xFF previousHop=0x01 sequence=833 ackSequence=0 ttl=8 hops=0 payloadSize=13 rssi=0 snr=
[2026-09-02T18:41:49.571+00:00][A] [INFO] Heartbeat packet sent
[2026-09-02T18:41:49.654+00:00][A] [INFO] [RF RX] type=2 source=0x02 destination=0xFF previousHop=0x02 sequence=445 ackSequence=0 ttl=8 hops=0 payloadSize=13 rssi=-61 sn
[2026-09-02T18:41:50.546+00:00][A] [WARN] Retry 1
[2026-09-02T18:41:50.613+00:00][A] [INFO] --------------------------------
[2026-09-02T18:41:50.614+00:00][A] [INFO] [HEARTBEAT TX]
[2026-09-02T18:41:50.618+00:00][A] [INFO] Node ID: 1
[2026-09-02T18:41:50.619+00:00][A] [INFO] type: 2
[2026-09-02T18:41:50.622+00:00][A] [INFO] Destination: 0xFF
[2026-09-02T18:41:50.624+00:00][A] [INFO] Sequence: 833
[2026-09-02T18:41:50.624+00:00][A] [INFO] Packet ID: 432
[2026-09-02T18:41:50.629+00:00][A] [INFO] Packet Size: 26
[2026-09-02T18:41:50.630+00:00][A] [INFO] Timestamp: 432 ms
[2026-09-02T18:41:50.635+00:00][A] [INFO] Transmission Result: success
[2026-09-02T18:41:50.635+00:00][A] [INFO] --------------------------------
[2026-09-02T18:41:50.640+00:00][A] [INFO] [Heartbeat #432]
[2026-09-02T18:41:50.641+00:00][A] [INFO] Sent
[2026-09-02T18:41:50.641+00:00][A] [INFO] Waiting ACK...
[2026-09-02T18:41:50.641+00:00][A] [INFO] [WAITING ACK]
[2026-09-02T18:41:50.655+00:00][A] [INFO] [RF TX] type=2 source=0x01 destination=0xFF previousHop=0x01 sequence=833 ackSequence=0 ttl=8 hops=0 payloadSize=13 rssi=0 snr=
[2026-09-02T18:41:50.655+00:00][A] [INFO] Heartbeat packet sent
[2026-09-02T18:41:50.738+00:00][A] [INFO] [RF RX] type=2 source=0x02 destination=0xFF previousHop=0x02 sequence=445 ackSequence=0 ttl=8 hops=0 payloadSize=13 rssi=-60 sn
[2026-09-02T18:41:51.529+00:00][A] [INFO] --------------------------------
[2026-09-02T18:41:51.530+00:00][A] [INFO] [HEARTBEAT TX]
[2026-09-02T18:41:51.534+00:00][A] [INFO] Node ID: 1
[2026-09-02T18:41:51.535+00:00][A] [INFO] type: 2
[2026-09-02T18:41:51.535+00:00][A] [INFO] Destination: 0xFF
[2026-09-02T18:41:51.540+00:00][A] [INFO] Sequence: 834
[2026-09-02T18:41:51.540+00:00][A] [INFO] Packet ID: 433
[2026-09-02T18:41:51.545+00:00][A] [INFO] Packet Size: 26
[2026-09-02T18:41:51.546+00:00][A] [INFO] Timestamp: 433 ms
[2026-09-02T18:41:51.551+00:00][A] [INFO] Transmission Result: success
[2026-09-02T18:41:51.551+00:00][A] [INFO] --------------------------------
[2026-09-02T18:41:51.556+00:00][A] [INFO] [Heartbeat #433]
[2026-09-02T18:41:51.556+00:00][A] [INFO] Sent
[2026-09-02T18:41:51.557+00:00][A] [INFO] Waiting ACK...
[2026-09-02T18:41:51.557+00:00][A] [INFO] [WAITING ACK]
[2026-09-02T18:41:51.570+00:00][A] [INFO] [RF TX] type=2 source=0x01 destination=0xFF previousHop=0x01 sequence=834 ackSequence=0 ttl=8 hops=0 payloadSize=13 rssi=0 snr=
[2026-09-02T18:41:51.571+00:00][A] [INFO] Heartbeat packet sent
[2026-09-02T18:41:51.654+00:00][A] [INFO] [RF RX] type=2 source=0x02 destination=0xFF previousHop=0x02 sequence=446 ackSequence=0 ttl=8 hops=0 payloadSize=13 rssi=-60 sn
[2026-09-02T18:41:52.546+00:00][A] [WARN] Retry 1
[2026-09-02T18:41:52.613+00:00][A] [INFO] --------------------------------
[2026-09-02T18:41:52.614+00:00][A] [INFO] [HEARTBEAT TX]
[2026-09-02T18:41:52.618+00:00][A] [INFO] Node ID: 1
[2026-09-02T18:41:52.620+00:00][A] [INFO] type: 2
[2026-09-02T18:41:52.621+00:00][A] [INFO] Destination: 0xFF
[2026-09-02T18:41:52.624+00:00][A] [INFO] Sequence: 834
[2026-09-02T18:41:52.624+00:00][A] [INFO] Packet ID: 433
[2026-09-02T18:41:52.629+00:00][A] [INFO] Packet Size: 26
[2026-09-02T18:41:52.630+00:00][A] [INFO] Timestamp: 433 ms
[2026-09-02T18:41:52.635+00:00][A] [INFO] Transmission Result: success
[2026-09-02T18:41:52.635+00:00][A] [INFO] --------------------------------
[2026-09-02T18:41:52.640+00:00][A] [INFO] [Heartbeat #433]
[2026-09-02T18:41:52.640+00:00][A] [INFO] Sent
[2026-09-02T18:41:52.641+00:00][A] [INFO] Waiting ACK...
[2026-09-02T18:41:52.641+00:00][A] [INFO] [WAITING ACK]
[2026-09-02T18:41:52.655+00:00][A] [INFO] [RF TX] type=2 source=0x01 destination=0xFF previousHop=0x01 sequence=834 ackSequence=0 ttl=8 hops=0 payloadSize=13 rssi=0 snr=
[2026-09-02T18:41:52.655+00:00][A] [INFO] Heartbeat packet sent
[2026-09-02T18:41:52.738+00:00][A] [INFO] [RF RX] type=2 source=0x02 destination=0xFF previousHop=0x02 sequence=446 ackSequence=0 ttl=8 hops=0 payloadSize=13 rssi=-60 sn
[2026-09-02T18:41:53.529+00:00][A] [INFO] --------------------------------
[2026-09-02T18:41:53.530+00:00][A] [INFO] [HEARTBEAT TX]
[2026-09-02T18:41:53.534+00:00][A] [INFO] Node ID: 1
[2026-09-02T18:41:53.535+00:00][A] [INFO] type: 2
[2026-09-02T18:41:53.535+00:00][A] [INFO] Destination: 0xFF
[2026-09-02T18:41:53.540+00:00][A] [INFO] Sequence: 835
[2026-09-02T18:41:53.540+00:00][A] [INFO] Packet ID: 434
[2026-09-02T18:41:53.545+00:00][A] [INFO] Packet Size: 26
[2026-09-02T18:41:53.546+00:00][A] [INFO] Timestamp: 434 ms
[2026-09-02T18:41:53.551+00:00][A] [INFO] Transmission Result: success
[2026-09-02T18:41:53.551+00:00][A] [INFO] --------------------------------
[2026-09-02T18:41:53.556+00:00][A] [INFO] [Heartbeat #434]
[2026-09-02T18:41:53.556+00:00][A] [INFO] Sent
[2026-09-02T18:41:53.557+00:00][A] [INFO] Waiting ACK...
[2026-09-02T18:41:53.557+00:00][A] [INFO] [WAITING ACK]
[2026-09-02T18:41:53.571+00:00][A] [INFO] [RF TX] type=2 source=0x01 destination=0xFF previousHop=0x01 sequence=835 ackSequence=0 ttl=8 hops=0 payloadSize=13 rssi=0 snr=
[2026-09-02T18:41:53.571+00:00][A] [INFO] Heartbeat packet sent
[2026-09-02T18:41:53.654+00:00][A] [INFO] [RF RX] type=2 source=0x02 destination=0xFF previousHop=0x02 sequence=447 ackSequence=0 ttl=8 hops=0 payloadSize=13 rssi=-61 sn
[2026-09-02T18:41:54.546+00:00][A] [WARN] Retry 1
[2026-09-02T18:41:54.613+00:00][A] [INFO] --------------------------------
[2026-09-02T18:41:54.614+00:00][A] [INFO] [HEARTBEAT TX]
[2026-09-02T18:41:54.618+00:00][A] [INFO] Node ID: 1
[2026-09-02T18:41:54.619+00:00][A] [INFO] type: 2
[2026-09-02T18:41:54.619+00:00][A] [INFO] Destination: 0xFF
[2026-09-02T18:41:54.624+00:00][A] [INFO] Sequence: 835
[2026-09-02T18:41:54.624+00:00][A] [INFO] Packet ID: 434
[2026-09-02T18:41:54.629+00:00][A] [INFO] Packet Size: 26
[2026-09-02T18:41:54.630+00:00][A] [INFO] Timestamp: 434 ms
[2026-09-02T18:41:54.635+00:00][A] [INFO] Transmission Result: success
[2026-09-02T18:41:54.635+00:00][A] [INFO] --------------------------------
[2026-09-02T18:41:54.640+00:00][A] [INFO] [Heartbeat #434]
[2026-09-02T18:41:54.640+00:00][A] [INFO] Sent
[2026-09-02T18:41:54.641+00:00][A] [INFO] Waiting ACK...
[2026-09-02T18:41:54.641+00:00][A] [INFO] [WAITING ACK]
[2026-09-02T18:41:54.654+00:00][A] [INFO] [RF TX] type=2 source=0x01 destination=0xFF previousHop=0x01 sequence=835 ackSequence=0 ttl=8 hops=0 payloadSize=13 rssi=0 snr=
[2026-09-02T18:41:54.655+00:00][A] [INFO] Heartbeat packet sent
[2026-09-02T18:41:54.738+00:00][A] [INFO] [RF RX] type=2 source=0x02 destination=0xFF previousHop=0x02 sequence=447 ackSequence=0 ttl=8 hops=0 payloadSize=13 rssi=-61 sn
[2026-09-02T18:41:55.529+00:00][A] [INFO] --------------------------------
[2026-09-02T18:41:55.530+00:00][A] [INFO] [HEARTBEAT TX]
[2026-09-02T18:41:55.534+00:00][A] [INFO] Node ID: 1
[2026-09-02T18:41:55.534+00:00][A] [INFO] type: 2
[2026-09-02T18:41:55.535+00:00][A] [INFO] Destination: 0xFF
[2026-09-02T18:41:55.540+00:00][A] [INFO] Sequence: 836
[2026-09-02T18:41:55.540+00:00][A] [INFO] Packet ID: 435
[2026-09-02T18:41:55.545+00:00][A] [INFO] Packet Size: 26
[2026-09-02T18:41:55.545+00:00][A] [INFO] Timestamp: 435 ms
[2026-09-02T18:41:55.550+00:00][A] [INFO] Transmission Result: success
[2026-09-02T18:41:55.551+00:00][A] [INFO] --------------------------------
[2026-09-02T18:41:55.556+00:00][A] [INFO] [Heartbeat #435]
[2026-09-02T18:41:55.556+00:00][A] [INFO] Sent
[2026-09-02T18:41:55.557+00:00][A] [INFO] Waiting ACK...
[2026-09-02T18:41:55.557+00:00][A] [INFO] [WAITING ACK]
[2026-09-02T18:41:55.570+00:00][A] [INFO] [RF TX] type=2 source=0x01 destination=0xFF previousHop=0x01 sequence=836 ackSequence=0 ttl=8 hops=0 payloadSize=13 rssi=0 snr=
[2026-09-02T18:41:55.571+00:00][A] [INFO] Heartbeat packet sent
[2026-09-02T18:41:55.654+00:00][A] [INFO] [RF RX] type=2 source=0x02 destination=0xFF previousHop=0x02 sequence=448 ackSequence=0 ttl=8 hops=0 payloadSize=13 rssi=-60 sn
[2026-09-02T18:41:56.546+00:00][A] [WARN] Retry 1
[2026-09-02T18:41:56.613+00:00][A] [INFO] --------------------------------
[2026-09-02T18:41:56.614+00:00][A] [INFO] [HEARTBEAT TX]
[2026-09-02T18:41:56.618+00:00][A] [INFO] Node ID: 1
[2026-09-02T18:41:56.619+00:00][A] [INFO] type: 2
[2026-09-02T18:41:56.619+00:00][A] [INFO] Destination: 0xFF
[2026-09-02T18:41:56.624+00:00][A] [INFO] Sequence: 836
[2026-09-02T18:41:56.624+00:00][A] [INFO] Packet ID: 435
[2026-09-02T18:41:56.629+00:00][A] [INFO] Packet Size: 26
[2026-09-02T18:41:56.630+00:00][A] [INFO] Timestamp: 435 ms
[2026-09-02T18:41:56.635+00:00][A] [INFO] Transmission Result: success
[2026-09-02T18:41:56.635+00:00][A] [INFO] --------------------------------
[2026-09-02T18:41:56.640+00:00][A] [INFO] [Heartbeat #435]
[2026-09-02T18:41:56.640+00:00][A] [INFO] Sent
[2026-09-02T18:41:56.641+00:00][A] [INFO] Waiting ACK...
[2026-09-02T18:41:56.641+00:00][A] [INFO] [WAITING ACK]
[2026-09-02T18:41:56.654+00:00][A] [INFO] [RF TX] type=2 source=0x01 destination=0xFF previousHop=0x01 sequence=836 ackSequence=0 ttl=8 hops=0 payloadSize=13 rssi=0 snr=
[2026-09-02T18:41:56.655+00:00][A] [INFO] Heartbeat packet sent
[2026-09-02T18:41:56.738+00:00][A] [INFO] [RF RX] type=2 source=0x02 destination=0xFF previousHop=0x02 sequence=448 ackSequence=0 ttl=8 hops=0 payloadSize=13 rssi=-60 sn
[2026-09-02T18:41:57.529+00:00][A] [INFO] --------------------------------
[2026-09-02T18:41:57.530+00:00][A] [INFO] [HEARTBEAT TX]
[2026-09-02T18:41:57.534+00:00][A] [INFO] Node ID: 1
[2026-09-02T18:41:57.534+00:00][A] [INFO] type: 2
[2026-09-02T18:41:57.535+00:00][A] [INFO] Destination: 0xFF
[2026-09-02T18:41:57.540+00:00][A] [INFO] Sequence: 837
[2026-09-02T18:41:57.540+00:00][A] [INFO] Packet ID: 436
[2026-09-02T18:41:57.545+00:00][A] [INFO] Packet Size: 26
[2026-09-02T18:41:57.546+00:00][A] [INFO] Timestamp: 436 ms
[2026-09-02T18:41:57.551+00:00][A] [INFO] Transmission Result: success
[2026-09-02T18:41:57.551+00:00][A] [INFO] --------------------------------
[2026-09-02T18:41:57.556+00:00][A] [INFO] [Heartbeat #436]
[2026-09-02T18:41:57.556+00:00][A] [INFO] Sent
[2026-09-02T18:41:57.557+00:00][A] [INFO] Waiting ACK...
[2026-09-02T18:41:57.557+00:00][A] [INFO] [WAITING ACK]
[2026-09-02T18:41:57.570+00:00][A] [INFO] [RF TX] type=2 source=0x01 destination=0xFF previousHop=0x01 sequence=837 ackSequence=0 ttl=8 hops=0 payloadSize=13 rssi=0 snr=
[2026-09-02T18:41:57.571+00:00][A] [INFO] Heartbeat packet sent
[2026-09-02T18:41:57.654+00:00][A] [INFO] [RF RX] type=2 source=0x02 destination=0xFF previousHop=0x02 sequence=449 ackSequence=0 ttl=8 hops=0 payloadSize=13 rssi=-60 sn
[2026-09-02T18:41:58.546+00:00][A] [WARN] Retry 1
[2026-09-02T18:41:58.613+00:00][A] [INFO] --------------------------------
[2026-09-02T18:41:58.614+00:00][A] [INFO] [HEARTBEAT TX]
[2026-09-02T18:41:58.618+00:00][A] [INFO] Node ID: 1
[2026-09-02T18:41:58.618+00:00][A] [INFO] type: 2
[2026-09-02T18:41:58.619+00:00][A] [INFO] Destination: 0xFF
[2026-09-02T18:41:58.623+00:00][A] [INFO] Sequence: 837
[2026-09-02T18:41:58.624+00:00][A] [INFO] Packet ID: 436
[2026-09-02T18:41:58.629+00:00][A] [INFO] Packet Size: 26
[2026-09-02T18:41:58.629+00:00][A] [INFO] Timestamp: 436 ms
[2026-09-02T18:41:58.634+00:00][A] [INFO] Transmission Result: success
[2026-09-02T18:41:58.635+00:00][A] [INFO] --------------------------------
[2026-09-02T18:41:58.640+00:00][A] [INFO] [Heartbeat #436]
[2026-09-02T18:41:58.640+00:00][A] [INFO] Sent
[2026-09-02T18:41:58.641+00:00][A] [INFO] Waiting ACK...
[2026-09-02T18:41:58.641+00:00][A] [INFO] [WAITING ACK]
[2026-09-02T18:41:58.655+00:00][A] [INFO] [RF TX] type=2 source=0x01 destination=0xFF previousHop=0x01 sequence=837 ackSequence=0 ttl=8 hops=0 payloadSize=13 rssi=0 snr=
[2026-09-02T18:41:58.656+00:00][A] [INFO] Heartbeat packet sent
[2026-09-02T18:41:58.738+00:00][A] [INFO] [RF RX] type=2 source=0x02 destination=0xFF previousHop=0x02 sequence=449 ackSequence=0 ttl=8 hops=0 payloadSize=13 rssi=-60 sn
[2026-09-02T18:41:59.529+00:00][A] [INFO] --------------------------------
[2026-09-02T18:41:59.530+00:00][A] [INFO] [HEARTBEAT TX]
[2026-09-02T18:41:59.534+00:00][A] [INFO] Node ID: 1
[2026-09-02T18:41:59.534+00:00][A] [INFO] type: 2
[2026-09-02T18:41:59.535+00:00][A] [INFO] Destination: 0xFF
[2026-09-02T18:41:59.540+00:00][A] [INFO] Sequence: 838
[2026-09-02T18:41:59.540+00:00][A] [INFO] Packet ID: 437
[2026-09-02T18:41:59.545+00:00][A] [INFO] Packet Size: 26
[2026-09-02T18:41:59.545+00:00][A] [INFO] Timestamp: 437 ms
[2026-09-02T18:41:59.550+00:00][A] [INFO] Transmission Result: success
[2026-09-02T18:41:59.551+00:00][A] [INFO] --------------------------------
[2026-09-02T18:41:59.556+00:00][A] [INFO] [Heartbeat #437]
[2026-09-02T18:41:59.556+00:00][A] [INFO] Sent
[2026-09-02T18:41:59.556+00:00][A] [INFO] Waiting ACK...
[2026-09-02T18:41:59.557+00:00][A] [INFO] [WAITING ACK]
[2026-09-02T18:41:59.570+00:00][A] [INFO] [RF TX] type=2 source=0x01 destination=0xFF previousHop=0x01 sequence=838 ackSequence=0 ttl=8 hops=0 payloadSize=13 rssi=0 snr=
[2026-09-02T18:41:59.571+00:00][A] [INFO] Heartbeat packet sent
[2026-09-02T18:41:59.654+00:00][A] [INFO] [RF RX] type=2 source=0x02 destination=0xFF previousHop=0x02 sequence=450 ackSequence=0 ttl=8 hops=0 payloadSize=13 rssi=-61 sn
[2026-09-02T18:42:00.546+00:00][A] [WARN] Retry 1
[2026-09-02T18:42:00.614+00:00][A] [INFO] --------------------------------
[2026-09-02T18:42:00.614+00:00][A] [INFO] [HEARTBEAT TX]
[2026-09-02T18:42:00.618+00:00][A] [INFO] Node ID: 1
[2026-09-02T18:42:00.618+00:00][A] [INFO] type: 2
[2026-09-02T18:42:00.619+00:00][A] [INFO] Destination: 0xFF
[2026-09-02T18:42:00.624+00:00][A] [INFO] Sequence: 838
[2026-09-02T18:42:00.624+00:00][A] [INFO] Packet ID: 437
[2026-09-02T18:42:00.629+00:00][A] [INFO] Packet Size: 26
[2026-09-02T18:42:00.629+00:00][A] [INFO] Timestamp: 437 ms
[2026-09-02T18:42:00.634+00:00][A] [INFO] Transmission Result: success
[2026-09-02T18:42:00.635+00:00][A] [INFO] --------------------------------
[2026-09-02T18:42:00.640+00:00][A] [INFO] [Heartbeat #437]
[2026-09-02T18:42:00.640+00:00][A] [INFO] Sent
[2026-09-02T18:42:00.640+00:00][A] [INFO] Waiting ACK...
[2026-09-02T18:42:00.641+00:00][A] [INFO] [WAITING ACK]
[2026-09-02T18:42:00.654+00:00][A] [INFO] [RF TX] type=2 source=0x01 destination=0xFF previousHop=0x01 sequence=838 ackSequence=0 ttl=8 hops=0 payloadSize=13 rssi=0 snr=
[2026-09-02T18:42:00.655+00:00][A] [INFO] Heartbeat packet sent
[2026-09-02T18:42:00.738+00:00][A] [INFO] [RF RX] type=2 source=0x02 destination=0xFF previousHop=0x02 sequence=450 ackSequence=0 ttl=8 hops=0 payloadSize=13 rssi=-60 sn
[2026-09-02T18:42:01.529+00:00][A] [INFO] --------------------------------
[2026-09-02T18:42:01.530+00:00][A] [INFO] [HEARTBEAT TX]
[2026-09-02T18:42:01.534+00:00][A] [INFO] Node ID: 1
[2026-09-02T18:42:01.535+00:00][A] [INFO] type: 2
[2026-09-02T18:42:01.535+00:00][A] [INFO] Destination: 0xFF
[2026-09-02T18:42:01.539+00:00][A] [INFO] Sequence: 839
[2026-09-02T18:42:01.540+00:00][A] [INFO] Packet ID: 438
[2026-09-02T18:42:01.545+00:00][A] [INFO] Packet Size: 26
[2026-09-02T18:42:01.545+00:00][A] [INFO] Timestamp: 438 ms
[2026-09-02T18:42:01.550+00:00][A] [INFO] Transmission Result: success
[2026-09-02T18:42:01.551+00:00][A] [INFO] --------------------------------
[2026-09-02T18:42:01.556+00:00][A] [INFO] [Heartbeat #438]
[2026-09-02T18:42:01.556+00:00][A] [INFO] Sent
[2026-09-02T18:42:01.557+00:00][A] [INFO] Waiting ACK...
[2026-09-02T18:42:01.557+00:00][A] [INFO] [WAITING ACK]
[2026-09-02T18:42:01.570+00:00][A] [INFO] [RF TX] type=2 source=0x01 destination=0xFF previousHop=0x01 sequence=839 ackSequence=0 ttl=8 hops=0 payloadSize=13 rssi=0 snr=
[2026-09-02T18:42:01.571+00:00][A] [INFO] Heartbeat packet sent
[2026-09-02T18:42:01.654+00:00][A] [INFO] [RF RX] type=2 source=0x02 destination=0xFF previousHop=0x02 sequence=451 ackSequence=0 ttl=8 hops=0 payloadSize=13 rssi=-60 sn
[2026-09-02T18:42:02.546+00:00][A] [WARN] Retry 1
[2026-09-02T18:42:02.613+00:00][A] [INFO] --------------------------------
[2026-09-02T18:42:02.614+00:00][A] [INFO] [HEARTBEAT TX]
[2026-09-02T18:42:02.618+00:00][A] [INFO] Node ID: 1
[2026-09-02T18:42:02.618+00:00][A] [INFO] type: 2
[2026-09-02T18:42:02.619+00:00][A] [INFO] Destination: 0xFF
[2026-09-02T18:42:02.624+00:00][A] [INFO] Sequence: 839
[2026-09-02T18:42:02.624+00:00][A] [INFO] Packet ID: 438
[2026-09-02T18:42:02.629+00:00][A] [INFO] Packet Size: 26
[2026-09-02T18:42:02.629+00:00][A] [INFO] Timestamp: 438 ms
[2026-09-02T18:42:02.634+00:00][A] [INFO] Transmission Result: success
[2026-09-02T18:42:02.635+00:00][A] [INFO] --------------------------------
[2026-09-02T18:42:02.640+00:00][A] [INFO] [Heartbeat #438]
[2026-09-02T18:42:02.640+00:00][A] [INFO] Sent
[2026-09-02T18:42:02.640+00:00][A] [INFO] Waiting ACK...
[2026-09-02T18:42:02.641+00:00][A] [INFO] [WAITING ACK]
[2026-09-02T18:42:02.654+00:00][A] [INFO] [RF TX] type=2 source=0x01 destination=0xFF previousHop=0x01 sequence=839 ackSequence=0 ttl=8 hops=0 payloadSize=13 rssi=0 snr=
[2026-09-02T18:42:02.654+00:00][A] [INFO] Heartbeat packet sent
[2026-09-02T18:42:02.738+00:00][A] [INFO] [RF RX] type=2 source=0x02 destination=0xFF previousHop=0x02 sequence=451 ackSequence=0 ttl=8 hops=0 payloadSize=13 rssi=-60 sn
[2026-09-02T18:42:03.528+00:00][A] [INFO] --------------------------------
[2026-09-02T18:42:03.529+00:00][A] [INFO] [HEARTBEAT TX]
[2026-09-02T18:42:03.534+00:00][A] [INFO] Node ID: 1
[2026-09-02T18:42:03.534+00:00][A] [INFO] type: 2
[2026-09-02T18:42:03.534+00:00][A] [INFO] Destination: 0xFF
[2026-09-02T18:42:03.539+00:00][A] [INFO] Sequence: 840
[2026-09-02T18:42:03.539+00:00][A] [INFO] Packet ID: 439
[2026-09-02T18:42:03.545+00:00][A] [INFO] Packet Size: 26
[2026-09-02T18:42:03.545+00:00][A] [INFO] Timestamp: 439 ms
[2026-09-02T18:42:03.550+00:00][A] [INFO] Transmission Result: success
[2026-09-02T18:42:03.551+00:00][A] [INFO] --------------------------------
[2026-09-02T18:42:03.556+00:00][A] [INFO] [Heartbeat #439]
[2026-09-02T18:42:03.556+00:00][A] [INFO] Sent
[2026-09-02T18:42:03.556+00:00][A] [INFO] Waiting ACK...
[2026-09-02T18:42:03.556+00:00][A] [INFO] [WAITING ACK]
[2026-09-02T18:42:03.570+00:00][A] [INFO] [RF TX] type=2 source=0x01 destination=0xFF previousHop=0x01 sequence=840 ackSequence=0 ttl=8 hops=0 payloadSize=13 rssi=0 snr=
[2026-09-02T18:42:03.570+00:00][A] [INFO] Heartbeat packet sent
[2026-09-02T18:42:03.654+00:00][A] [INFO] [RF RX] type=2 source=0x02 destination=0xFF previousHop=0x02 sequence=452 ackSequence=0 ttl=8 hops=0 payloadSize=13 rssi=-61 sn
[2026-09-02T18:42:04.546+00:00][A] [WARN] Retry 1
[2026-09-02T18:42:04.613+00:00][A] [INFO] --------------------------------
[2026-09-02T18:42:04.614+00:00][A] [INFO] [HEARTBEAT TX]
[2026-09-02T18:42:04.618+00:00][A] [INFO] Node ID: 1
[2026-09-02T18:42:04.618+00:00][A] [INFO] type: 2
[2026-09-02T18:42:04.619+00:00][A] [INFO] Destination: 0xFF
[2026-09-02T18:42:04.623+00:00][A] [INFO] Sequence: 840
[2026-09-02T18:42:04.624+00:00][A] [INFO] Packet ID: 439
[2026-09-02T18:42:04.629+00:00][A] [INFO] Packet Size: 26
[2026-09-02T18:42:04.629+00:00][A] [INFO] Timestamp: 439 ms
[2026-09-02T18:42:04.634+00:00][A] [INFO] Transmission Result: success
[2026-09-02T18:42:04.635+00:00][A] [INFO] --------------------------------
[2026-09-02T18:42:04.640+00:00][A] [INFO] [Heartbeat #439]
[2026-09-02T18:42:04.640+00:00][A] [INFO] Sent
[2026-09-02T18:42:04.640+00:00][A] [INFO] Waiting ACK...
[2026-09-02T18:42:04.641+00:00][A] [INFO] [WAITING ACK]
[2026-09-02T18:42:04.654+00:00][A] [INFO] [RF TX] type=2 source=0x01 destination=0xFF previousHop=0x01 sequence=840 ackSequence=0 ttl=8 hops=0 payloadSize=13 rssi=0 snr=
[2026-09-02T18:42:04.655+00:00][A] [INFO] Heartbeat packet sent
[2026-09-02T18:42:04.738+00:00][A] [INFO] [RF RX] type=2 source=0x02 destination=0xFF previousHop=0x02 sequence=452 ackSequence=0 ttl=8 hops=0 payloadSize=13 rssi=-60 sn
[2026-09-02T18:42:05.529+00:00][A] [INFO] --------------------------------
[2026-09-02T18:42:05.529+00:00][A] [INFO] [HEARTBEAT TX]
[2026-09-02T18:42:05.534+00:00][A] [INFO] Node ID: 1
[2026-09-02T18:42:05.534+00:00][A] [INFO] type: 2
[2026-09-02T18:42:05.535+00:00][A] [INFO] Destination: 0xFF
[2026-09-02T18:42:05.539+00:00][A] [INFO] Sequence: 841
[2026-09-02T18:42:05.540+00:00][A] [INFO] Packet ID: 440
[2026-09-02T18:42:05.545+00:00][A] [INFO] Packet Size: 26
[2026-09-02T18:42:05.545+00:00][A] [INFO] Timestamp: 440 ms
[2026-09-02T18:42:05.550+00:00][A] [INFO] Transmission Result: success
[2026-09-02T18:42:05.551+00:00][A] [INFO] --------------------------------
[2026-09-02T18:42:05.556+00:00][A] [INFO] [Heartbeat #440]
[2026-09-02T18:42:05.556+00:00][A] [INFO] Sent
[2026-09-02T18:42:05.556+00:00][A] [INFO] Waiting ACK...
[2026-09-02T18:42:05.556+00:00][A] [INFO] [WAITING ACK]
[2026-09-02T18:42:05.570+00:00][A] [INFO] [RF TX] type=2 source=0x01 destination=0xFF previousHop=0x01 sequence=841 ackSequence=0 ttl=8 hops=0 payloadSize=13 rssi=0 snr=
[2026-09-02T18:42:05.571+00:00][A] [INFO] Heartbeat packet sent
[2026-09-02T18:42:05.653+00:00][A] [INFO] [RF RX] type=2 source=0x02 destination=0xFF previousHop=0x02 sequence=453 ackSequence=0 ttl=8 hops=0 payloadSize=13 rssi=-61 sn
[2026-09-02T18:42:06.545+00:00][A] [WARN] Retry 1
[2026-09-02T18:42:06.612+00:00][A] [INFO] --------------------------------
[2026-09-02T18:42:06.612+00:00][A] [INFO] [HEARTBEAT TX]
[2026-09-02T18:42:06.618+00:00][A] [INFO] Node ID: 1
[2026-09-02T18:42:06.618+00:00][A] [INFO] type: 2
[2026-09-02T18:42:06.618+00:00][A] [INFO] Destination: 0xFF
[2026-09-02T18:42:06.623+00:00][A] [INFO] Sequence: 841
[2026-09-02T18:42:06.623+00:00][A] [INFO] Packet ID: 440
[2026-09-02T18:42:06.629+00:00][A] [INFO] Packet Size: 26
[2026-09-02T18:42:06.629+00:00][A] [INFO] Timestamp: 440 ms
[2026-09-02T18:42:06.634+00:00][A] [INFO] Transmission Result: success
[2026-09-02T18:42:06.634+00:00][A] [INFO] --------------------------------
[2026-09-02T18:42:06.640+00:00][A] [INFO] [Heartbeat #440]
[2026-09-02T18:42:06.640+00:00][A] [INFO] Sent
[2026-09-02T18:42:06.640+00:00][A] [INFO] Waiting ACK...
[2026-09-02T18:42:06.640+00:00][A] [INFO] [WAITING ACK]
[2026-09-02T18:42:06.654+00:00][A] [INFO] [RF TX] type=2 source=0x01 destination=0xFF previousHop=0x01 sequence=841 ackSequence=0 ttl=8 hops=0 payloadSize=13 rssi=0 snr=
[2026-09-02T18:42:06.654+00:00][A] [INFO] Heartbeat packet sent
[2026-09-02T18:42:06.737+00:00][A] [INFO] [RF RX] type=2 source=0x02 destination=0xFF previousHop=0x02 sequence=453 ackSequence=0 ttl=8 hops=0 payloadSize=13 rssi=-60 sn
[2026-09-02T18:42:07.529+00:00][A] [INFO] --------------------------------
[2026-09-02T18:42:07.529+00:00][A] [INFO] [HEARTBEAT TX]
[2026-09-02T18:42:07.534+00:00][A] [INFO] Node ID: 1
[2026-09-02T18:42:07.534+00:00][A] [INFO] type: 2
[2026-09-02T18:42:07.535+00:00][A] [INFO] Destination: 0xFF
[2026-09-02T18:42:07.539+00:00][A] [INFO] Sequence: 842
[2026-09-02T18:42:07.540+00:00][A] [INFO] Packet ID: 441
[2026-09-02T18:42:07.545+00:00][A] [INFO] Packet Size: 26
[2026-09-02T18:42:07.545+00:00][A] [INFO] Timestamp: 441 ms
[2026-09-02T18:42:07.550+00:00][A] [INFO] Transmission Result: success
[2026-09-02T18:42:07.551+00:00][A] [INFO] --------------------------------
[2026-09-02T18:42:07.556+00:00][A] [INFO] [Heartbeat #441]
[2026-09-02T18:42:07.556+00:00][A] [INFO] Sent
[2026-09-02T18:42:07.556+00:00][A] [INFO] Waiting ACK...
[2026-09-02T18:42:07.557+00:00][A] [INFO] [WAITING ACK]
[2026-09-02T18:42:07.570+00:00][A] [INFO] [RF TX] type=2 source=0x01 destination=0xFF previousHop=0x01 sequence=842 ackSequence=0 ttl=8 hops=0 payloadSize=13 rssi=0 snr=
[2026-09-02T18:42:07.571+00:00][A] [INFO] Heartbeat packet sent
[2026-09-02T18:42:07.653+00:00][A] [INFO] [RF RX] type=2 source=0x02 destination=0xFF previousHop=0x02 sequence=454 ackSequence=0 ttl=8 hops=0 payloadSize=13 rssi=-60 sn
[2026-09-02T18:42:08.546+00:00][A] [WARN] Retry 1
[2026-09-02T18:42:08.613+00:00][A] [INFO] --------------------------------
[2026-09-02T18:42:08.614+00:00][A] [INFO] [HEARTBEAT TX]
[2026-09-02T18:42:08.618+00:00][A] [INFO] Node ID: 1
[2026-09-02T18:42:08.618+00:00][A] [INFO] type: 2
[2026-09-02T18:42:08.619+00:00][A] [INFO] Destination: 0xFF
[2026-09-02T18:42:08.623+00:00][A] [INFO] Sequence: 842
[2026-09-02T18:42:08.624+00:00][A] [INFO] Packet ID: 441
[2026-09-02T18:42:08.629+00:00][A] [INFO] Packet Size: 26
[2026-09-02T18:42:08.629+00:00][A] [INFO] Timestamp: 441 ms
[2026-09-02T18:42:08.634+00:00][A] [INFO] Transmission Result: success
[2026-09-02T18:42:08.635+00:00][A] [INFO] --------------------------------
[2026-09-02T18:42:08.640+00:00][A] [INFO] [Heartbeat #441]
[2026-09-02T18:42:08.640+00:00][A] [INFO] Sent
[2026-09-02T18:42:08.640+00:00][A] [INFO] Waiting ACK...
[2026-09-02T18:42:08.641+00:00][A] [INFO] [WAITING ACK]
[2026-09-02T18:42:08.654+00:00][A] [INFO] [RF TX] type=2 source=0x01 destination=0xFF previousHop=0x01 sequence=842 ackSequence=0 ttl=8 hops=0 payloadSize=13 rssi=0 snr=
[2026-09-02T18:42:08.655+00:00][A] [INFO] Heartbeat packet sent
[2026-09-02T18:42:08.738+00:00][A] [INFO] [RF RX] type=2 source=0x02 destination=0xFF previousHop=0x02 sequence=454 ackSequence=0 ttl=8 hops=0 payloadSize=13 rssi=-61 sn
[2026-09-02T18:42:09.529+00:00][A] [INFO] --------------------------------
[2026-09-02T18:42:09.529+00:00][A] [INFO] [HEARTBEAT TX]
[2026-09-02T18:42:09.534+00:00][A] [INFO] Node ID: 1
[2026-09-02T18:42:09.534+00:00][A] [INFO] type: 2
[2026-09-02T18:42:09.535+00:00][A] [INFO] Destination: 0xFF
[2026-09-02T18:42:09.539+00:00][A] [INFO] Sequence: 843
[2026-09-02T18:42:09.540+00:00][A] [INFO] Packet ID: 442
[2026-09-02T18:42:09.545+00:00][A] [INFO] Packet Size: 26
[2026-09-02T18:42:09.545+00:00][A] [INFO] Timestamp: 442 ms
[2026-09-02T18:42:09.550+00:00][A] [INFO] Transmission Result: success
[2026-09-02T18:42:09.551+00:00][A] [INFO] --------------------------------
[2026-09-02T18:42:09.556+00:00][A] [INFO] [Heartbeat #442]
[2026-09-02T18:42:09.556+00:00][A] [INFO] Sent
[2026-09-02T18:42:09.556+00:00][A] [INFO] Waiting ACK...
[2026-09-02T18:42:09.557+00:00][A] [INFO] [WAITING ACK]
[2026-09-02T18:42:09.570+00:00][A] [INFO] [RF TX] type=2 source=0x01 destination=0xFF previousHop=0x01 sequence=843 ackSequence=0 ttl=8 hops=0 payloadSize=13 rssi=0 snr=
[2026-09-02T18:42:09.571+00:00][A] [INFO] Heartbeat packet sent
[2026-09-02T18:42:09.654+00:00][A] [INFO] [RF RX] type=2 source=0x02 destination=0xFF previousHop=0x02 sequence=455 ackSequence=0 ttl=8 hops=0 payloadSize=13 rssi=-60 sn
[2026-09-02T18:42:10.545+00:00][A] [WARN] Retry 1
[2026-09-02T18:42:10.613+00:00][A] [INFO] --------------------------------
[2026-09-02T18:42:10.613+00:00][A] [INFO] [HEARTBEAT TX]
[2026-09-02T18:42:10.618+00:00][A] [INFO] Node ID: 1
[2026-09-02T18:42:10.618+00:00][A] [INFO] type: 2
[2026-09-02T18:42:10.619+00:00][A] [INFO] Destination: 0xFF
[2026-09-02T18:42:10.623+00:00][A] [INFO] Sequence: 843
[2026-09-02T18:42:10.624+00:00][A] [INFO] Packet ID: 442
[2026-09-02T18:42:10.629+00:00][A] [INFO] Packet Size: 26
[2026-09-02T18:42:10.629+00:00][A] [INFO] Timestamp: 442 ms
[2026-09-02T18:42:10.634+00:00][A] [INFO] Transmission Result: success
[2026-09-02T18:42:10.635+00:00][A] [INFO] --------------------------------
[2026-09-02T18:42:10.640+00:00][A] [INFO] [Heartbeat #442]
[2026-09-02T18:42:10.640+00:00][A] [INFO] Sent
[2026-09-02T18:42:10.641+00:00][A] [INFO] Waiting ACK...
[2026-09-02T18:42:10.641+00:00][A] [INFO] [WAITING ACK]
[2026-09-02T18:42:10.654+00:00][A] [INFO] [RF TX] type=2 source=0x01 destination=0xFF previousHop=0x01 sequence=843 ackSequence=0 ttl=8 hops=0 payloadSize=13 rssi=0 snr=
[2026-09-02T18:42:10.654+00:00][A] [INFO] Heartbeat packet sent
[2026-09-02T18:42:10.738+00:00][A] [INFO] [RF RX] type=2 source=0x02 destination=0xFF previousHop=0x02 sequence=455 ackSequence=0 ttl=8 hops=0 payloadSize=13 rssi=-60 sn
[2026-09-02T18:42:11.529+00:00][A] [INFO] --------------------------------
[2026-09-02T18:42:11.529+00:00][A] [INFO] [HEARTBEAT TX]
[2026-09-02T18:42:11.534+00:00][A] [INFO] Node ID: 1
[2026-09-02T18:42:11.534+00:00][A] [INFO] type: 2
[2026-09-02T18:42:11.535+00:00][A] [INFO] Destination: 0xFF
[2026-09-02T18:42:11.539+00:00][A] [INFO] Sequence: 844
[2026-09-02T18:42:11.540+00:00][A] [INFO] Packet ID: 443
[2026-09-02T18:42:11.545+00:00][A] [INFO] Packet Size: 26
[2026-09-02T18:42:11.545+00:00][A] [INFO] Timestamp: 443 ms
[2026-09-02T18:42:11.550+00:00][A] [INFO] Transmission Result: success
[2026-09-02T18:42:11.551+00:00][A] [INFO] --------------------------------
[2026-09-02T18:42:11.556+00:00][A] [INFO] [Heartbeat #443]
[2026-09-02T18:42:11.556+00:00][A] [INFO] Sent
[2026-09-02T18:42:11.556+00:00][A] [INFO] Waiting ACK...
[2026-09-02T18:42:11.556+00:00][A] [INFO] [WAITING ACK]
[2026-09-02T18:42:11.570+00:00][A] [INFO] [RF TX] type=2 source=0x01 destination=0xFF previousHop=0x01 sequence=844 ackSequence=0 ttl=8 hops=0 payloadSize=13 rssi=0 snr=
[2026-09-02T18:42:11.570+00:00][A] [INFO] Heartbeat packet sent
[2026-09-02T18:42:11.653+00:00][A] [INFO] [RF RX] type=2 source=0x02 destination=0xFF previousHop=0x02 sequence=456 ackSequence=0 ttl=8 hops=0 payloadSize=13 rssi=-60 sn
[2026-09-02T18:42:12.545+00:00][A] [WARN] Retry 1
[2026-09-02T18:42:12.612+00:00][A] [INFO] --------------------------------
[2026-09-02T18:42:12.613+00:00][A] [INFO] [HEARTBEAT TX]
[2026-09-02T18:42:12.618+00:00][A] [INFO] Node ID: 1
[2026-09-02T18:42:12.618+00:00][A] [INFO] type: 2
[2026-09-02T18:42:12.618+00:00][A] [INFO] Destination: 0xFF
[2026-09-02T18:42:12.623+00:00][A] [INFO] Sequence: 844
[2026-09-02T18:42:12.623+00:00][A] [INFO] Packet ID: 443
[2026-09-02T18:42:12.629+00:00][A] [INFO] Packet Size: 26
[2026-09-02T18:42:12.629+00:00][A] [INFO] Timestamp: 443 ms
[2026-09-02T18:42:12.634+00:00][A] [INFO] Transmission Result: success
[2026-09-02T18:42:12.635+00:00][A] [INFO] --------------------------------
[2026-09-02T18:42:12.640+00:00][A] [INFO] [Heartbeat #443]
[2026-09-02T18:42:12.640+00:00][A] [INFO] Sent
[2026-09-02T18:42:12.640+00:00][A] [INFO] Waiting ACK...
[2026-09-02T18:42:12.640+00:00][A] [INFO] [WAITING ACK]
[2026-09-02T18:42:12.654+00:00][A] [INFO] [RF TX] type=2 source=0x01 destination=0xFF previousHop=0x01 sequence=844 ackSequence=0 ttl=8 hops=0 payloadSize=13 rssi=0 snr=
[2026-09-02T18:42:12.654+00:00][A] [INFO] Heartbeat packet sent
[2026-09-02T18:42:12.737+00:00][A] [INFO] [RF RX] type=2 source=0x02 destination=0xFF previousHop=0x02 sequence=456 ackSequence=0 ttl=8 hops=0 payloadSize=13 rssi=-61 sn
[2026-09-02T18:42:13.529+00:00][A] [INFO] --------------------------------
[2026-09-02T18:42:13.529+00:00][A] [INFO] [HEARTBEAT TX]
[2026-09-02T18:42:13.534+00:00][A] [INFO] Node ID: 1
[2026-09-02T18:42:13.534+00:00][A] [INFO] type: 2
[2026-09-02T18:42:13.535+00:00][A] [INFO] Destination: 0xFF
[2026-09-02T18:42:13.539+00:00][A] [INFO] Sequence: 845
[2026-09-02T18:42:13.539+00:00][A] [INFO] Packet ID: 444
[2026-09-02T18:42:13.545+00:00][A] [INFO] Packet Size: 26
[2026-09-02T18:42:13.545+00:00][A] [INFO] Timestamp: 444 ms
[2026-09-02T18:42:13.550+00:00][A] [INFO] Transmission Result: success
[2026-09-02T18:42:13.551+00:00][A] [INFO] --------------------------------
[2026-09-02T18:42:13.556+00:00][A] [INFO] [Heartbeat #444]
[2026-09-02T18:42:13.556+00:00][A] [INFO] Sent
[2026-09-02T18:42:13.556+00:00][A] [INFO] Waiting ACK...
[2026-09-02T18:42:13.557+00:00][A] [INFO] [WAITING ACK]
[2026-09-02T18:42:13.570+00:00][A] [INFO] [RF TX] type=2 source=0x01 destination=0xFF previousHop=0x01 sequence=845 ackSequence=0 ttl=8 hops=0 payloadSize=13 rssi=0 snr=
[2026-09-02T18:42:13.570+00:00][A] [INFO] Heartbeat packet sent
[2026-09-02T18:42:13.653+00:00][A] [INFO] [RF RX] type=2 source=0x02 destination=0xFF previousHop=0x02 sequence=457 ackSequence=0 ttl=8 hops=0 payloadSize=13 rssi=-60 sn
[2026-09-02T18:42:14.546+00:00][A] [WARN] Retry 1
[2026-09-02T18:42:14.613+00:00][A] [INFO] --------------------------------
[2026-09-02T18:42:14.613+00:00][A] [INFO] [HEARTBEAT TX]
[2026-09-02T18:42:14.618+00:00][A] [INFO] Node ID: 1
[2026-09-02T18:42:14.618+00:00][A] [INFO] type: 2
[2026-09-02T18:42:14.619+00:00][A] [INFO] Destination: 0xFF
[2026-09-02T18:42:14.623+00:00][A] [INFO] Sequence: 845
[2026-09-02T18:42:14.623+00:00][A] [INFO] Packet ID: 444
[2026-09-02T18:42:14.629+00:00][A] [INFO] Packet Size: 26
[2026-09-02T18:42:14.630+00:00][A] [INFO] Timestamp: 444 ms
[2026-09-02T18:42:14.634+00:00][A] [INFO] Transmission Result: success
[2026-09-02T18:42:14.635+00:00][A] [INFO] --------------------------------
[2026-09-02T18:42:14.640+00:00][A] [INFO] [Heartbeat #444]
[2026-09-02T18:42:14.640+00:00][A] [INFO] Sent
[2026-09-02T18:42:14.640+00:00][A] [INFO] Waiting ACK...
[2026-09-02T18:42:14.641+00:00][A] [INFO] [WAITING ACK]
[2026-09-02T18:42:14.654+00:00][A] [INFO] [RF TX] type=2 source=0x01 destination=0xFF previousHop=0x01 sequence=845 ackSequence=0 ttl=8 hops=0 payloadSize=13 rssi=0 snr=
[2026-09-02T18:42:14.654+00:00][A] [INFO] Heartbeat packet sent
[2026-09-02T18:42:14.739+00:00][A] [INFO] [RF RX] type=2 source=0x02 destination=0xFF previousHop=0x02 sequence=457 ackSequence=0 ttl=8 hops=0 payloadSize=13 rssi=-60 sn
[2026-09-02T18:42:15.529+00:00][A] [INFO] --------------------------------
[2026-09-02T18:42:15.529+00:00][A] [INFO] [HEARTBEAT TX]
[2026-09-02T18:42:15.534+00:00][A] [INFO] Node ID: 1
[2026-09-02T18:42:15.534+00:00][A] [INFO] type: 2
[2026-09-02T18:42:15.535+00:00][A] [INFO] Destination: 0xFF
[2026-09-02T18:42:15.539+00:00][A] [INFO] Sequence: 846
[2026-09-02T18:42:15.540+00:00][A] [INFO] Packet ID: 445
[2026-09-02T18:42:15.545+00:00][A] [INFO] Packet Size: 26
[2026-09-02T18:42:15.545+00:00][A] [INFO] Timestamp: 445 ms
[2026-09-02T18:42:15.550+00:00][A] [INFO] Transmission Result: success
[2026-09-02T18:42:15.551+00:00][A] [INFO] --------------------------------
[2026-09-02T18:42:15.556+00:00][A] [INFO] [Heartbeat #445]
[2026-09-02T18:42:15.556+00:00][A] [INFO] Sent
[2026-09-02T18:42:15.556+00:00][A] [INFO] Waiting ACK...
[2026-09-02T18:42:15.557+00:00][A] [INFO] [WAITING ACK]
[2026-09-02T18:42:15.570+00:00][A] [INFO] [RF TX] type=2 source=0x01 destination=0xFF previousHop=0x01 sequence=846 ackSequence=0 ttl=8 hops=0 payloadSize=13 rssi=0 snr=
[2026-09-02T18:42:15.571+00:00][A] [INFO] Heartbeat packet sent
[2026-09-02T18:42:15.653+00:00][A] [INFO] [RF RX] type=2 source=0x02 destination=0xFF previousHop=0x02 sequence=458 ackSequence=0 ttl=8 hops=0 payloadSize=13 rssi=-61 sn
[2026-09-02T18:42:16.545+00:00][A] [WARN] Retry 1
[2026-09-02T18:42:16.613+00:00][A] [INFO] --------------------------------
[2026-09-02T18:42:16.613+00:00][A] [INFO] [HEARTBEAT TX]
[2026-09-02T18:42:16.618+00:00][A] [INFO] Node ID: 1
[2026-09-02T18:42:16.618+00:00][A] [INFO] type: 2
[2026-09-02T18:42:16.618+00:00][A] [INFO] Destination: 0xFF
[2026-09-02T18:42:16.623+00:00][A] [INFO] Sequence: 846
[2026-09-02T18:42:16.623+00:00][A] [INFO] Packet ID: 445
[2026-09-02T18:42:16.629+00:00][A] [INFO] Packet Size: 26
[2026-09-02T18:42:16.629+00:00][A] [INFO] Timestamp: 445 ms
[2026-09-02T18:42:16.634+00:00][A] [INFO] Transmission Result: success
[2026-09-02T18:42:16.635+00:00][A] [INFO] --------------------------------
[2026-09-02T18:42:16.640+00:00][A] [INFO] [Heartbeat #445]
[2026-09-02T18:42:16.640+00:00][A] [INFO] Sent
[2026-09-02T18:42:16.640+00:00][A] [INFO] Waiting ACK...
[2026-09-02T18:42:16.640+00:00][A] [INFO] [WAITING ACK]
[2026-09-02T18:42:16.654+00:00][A] [INFO] [RF TX] type=2 source=0x01 destination=0xFF previousHop=0x01 sequence=846 ackSequence=0 ttl=8 hops=0 payloadSize=13 rssi=0 snr=
[2026-09-02T18:42:16.654+00:00][A] [INFO] Heartbeat packet sent
[2026-09-02T18:42:16.737+00:00][A] [INFO] [RF RX] type=2 source=0x02 destination=0xFF previousHop=0x02 sequence=458 ackSequence=0 ttl=8 hops=0 payloadSize=13 rssi=-60 sn
[2026-09-02T18:42:17.529+00:00][A] [INFO] --------------------------------
[2026-09-02T18:42:17.529+00:00][A] [INFO] [HEARTBEAT TX]
[2026-09-02T18:42:17.534+00:00][A] [INFO] Node ID: 1
[2026-09-02T18:42:17.534+00:00][A] [INFO] type: 2
[2026-09-02T18:42:17.535+00:00][A] [INFO] Destination: 0xFF
[2026-09-02T18:42:17.539+00:00][A] [INFO] Sequence: 847
[2026-09-02T18:42:17.539+00:00][A] [INFO] Packet ID: 446
[2026-09-02T18:42:17.545+00:00][A] [INFO] Packet Size: 26
[2026-09-02T18:42:17.545+00:00][A] [INFO] Timestamp: 446 ms
[2026-09-02T18:42:17.550+00:00][A] [INFO] Transmission Result: success
[2026-09-02T18:42:17.551+00:00][A] [INFO] --------------------------------
[2026-09-02T18:42:17.556+00:00][A] [INFO] [Heartbeat #446]
[2026-09-02T18:42:17.556+00:00][A] [INFO] Sent
[2026-09-02T18:42:17.556+00:00][A] [INFO] Waiting ACK...
[2026-09-02T18:42:17.556+00:00][A] [INFO] [WAITING ACK]
[2026-09-02T18:42:17.570+00:00][A] [INFO] [RF TX] type=2 source=0x01 destination=0xFF previousHop=0x01 sequence=847 ackSequence=0 ttl=8 hops=0 payloadSize=13 rssi=0 snr=
[2026-09-02T18:42:17.570+00:00][A] [INFO] Heartbeat packet sent
[2026-09-02T18:42:17.653+00:00][A] [INFO] [RF RX] type=2 source=0x02 destination=0xFF previousHop=0x02 sequence=459 ackSequence=0 ttl=8 hops=0 payloadSize=13 rssi=-60 sn
[2026-09-02T18:42:18.545+00:00][A] [WARN] Retry 1
[2026-09-02T18:42:18.613+00:00][A] [INFO] --------------------------------
[2026-09-02T18:42:18.613+00:00][A] [INFO] [HEARTBEAT TX]
[2026-09-02T18:42:18.618+00:00][A] [INFO] Node ID: 1
[2026-09-02T18:42:18.618+00:00][A] [INFO] type: 2
[2026-09-02T18:42:18.619+00:00][A] [INFO] Destination: 0xFF
[2026-09-02T18:42:18.623+00:00][A] [INFO] Sequence: 847
[2026-09-02T18:42:18.623+00:00][A] [INFO] Packet ID: 446
[2026-09-02T18:42:18.629+00:00][A] [INFO] Packet Size: 26
[2026-09-02T18:42:18.629+00:00][A] [INFO] Timestamp: 446 ms
[2026-09-02T18:42:18.634+00:00][A] [INFO] Transmission Result: success
[2026-09-02T18:42:18.636+00:00][A] [INFO] --------------------------------
[2026-09-02T18:42:18.640+00:00][A] [INFO] [Heartbeat #446]
[2026-09-02T18:42:18.640+00:00][A] [INFO] Sent
[2026-09-02T18:42:18.640+00:00][A] [INFO] Waiting ACK...
[2026-09-02T18:42:18.641+00:00][A] [INFO] [WAITING ACK]
[2026-09-02T18:42:18.654+00:00][A] [INFO] [RF TX] type=2 source=0x01 destination=0xFF previousHop=0x01 sequence=847 ackSequence=0 ttl=8 hops=0 payloadSize=13 rssi=0 snr=
[2026-09-02T18:42:18.654+00:00][A] [INFO] Heartbeat packet sent
[2026-09-02T18:42:18.737+00:00][A] [INFO] [RF RX] type=2 source=0x02 destination=0xFF previousHop=0x02 sequence=459 ackSequence=0 ttl=8 hops=0 payloadSize=13 rssi=-60 sn
[2026-09-02T18:42:19.529+00:00][A] [INFO] --------------------------------
[2026-09-02T18:42:19.529+00:00][A] [INFO] [HEARTBEAT TX]
[2026-09-02T18:42:19.534+00:00][A] [INFO] Node ID: 1
[2026-09-02T18:42:19.534+00:00][A] [INFO] type: 2
[2026-09-02T18:42:19.535+00:00][A] [INFO] Destination: 0xFF
[2026-09-02T18:42:19.539+00:00][A] [INFO] Sequence: 848
[2026-09-02T18:42:19.540+00:00][A] [INFO] Packet ID: 447
[2026-09-02T18:42:19.544+00:00][A] [INFO] Packet Size: 26
[2026-09-02T18:42:19.545+00:00][A] [INFO] Timestamp: 447 ms
[2026-09-02T18:42:19.550+00:00][A] [INFO] Transmission Result: success
[2026-09-02T18:42:19.551+00:00][A] [INFO] --------------------------------
[2026-09-02T18:42:19.556+00:00][A] [INFO] [Heartbeat #447]
[2026-09-02T18:42:19.556+00:00][A] [INFO] Sent
[2026-09-02T18:42:19.556+00:00][A] [INFO] Waiting ACK...
[2026-09-02T18:42:19.556+00:00][A] [INFO] [WAITING ACK]
[2026-09-02T18:42:19.570+00:00][A] [INFO] [RF TX] type=2 source=0x01 destination=0xFF previousHop=0x01 sequence=848 ackSequence=0 ttl=8 hops=0 payloadSize=13 rssi=0 snr=
[2026-09-02T18:42:19.571+00:00][A] [INFO] Heartbeat packet sent
[2026-09-02T18:42:19.653+00:00][A] [INFO] [RF RX] type=2 source=0x02 destination=0xFF previousHop=0x02 sequence=460 ackSequence=0 ttl=8 hops=0 payloadSize=13 rssi=-61 sn
[2026-09-02T18:42:20.550+00:00][A] [WARN] Retry 1
[2026-09-02T18:42:20.612+00:00][A] [INFO] --------------------------------
[2026-09-02T18:42:20.612+00:00][A] [INFO] [HEARTBEAT TX]
[2026-09-02T18:42:20.617+00:00][A] [INFO] Node ID: 1
[2026-09-02T18:42:20.617+00:00][A] [INFO] type: 2
[2026-09-02T18:42:20.617+00:00][A] [INFO] Destination: 0xFF
[2026-09-02T18:42:20.623+00:00][A] [INFO] Sequence: 848
[2026-09-02T18:42:20.623+00:00][A] [INFO] Packet ID: 447
[2026-09-02T18:42:20.628+00:00][A] [INFO] Packet Size: 26
[2026-09-02T18:42:20.629+00:00][A] [INFO] Timestamp: 447 ms
[2026-09-02T18:42:20.634+00:00][A] [INFO] Transmission Result: success
[2026-09-02T18:42:20.634+00:00][A] [INFO] --------------------------------
[2026-09-02T18:42:20.640+00:00][A] [INFO] [Heartbeat #447]
[2026-09-02T18:42:20.640+00:00][A] [INFO] Sent
[2026-09-02T18:42:20.640+00:00][A] [INFO] Waiting ACK...
[2026-09-02T18:42:20.640+00:00][A] [INFO] [WAITING ACK]
[2026-09-02T18:42:20.654+00:00][A] [INFO] [RF TX] type=2 source=0x01 destination=0xFF previousHop=0x01 sequence=848 ackSequence=0 ttl=8 hops=0 payloadSize=13 rssi=0 snr=
[2026-09-02T18:42:20.654+00:00][A] [INFO] Heartbeat packet sent
[2026-09-02T18:42:20.737+00:00][A] [INFO] [RF RX] type=2 source=0x02 destination=0xFF previousHop=0x02 sequence=460 ackSequence=0 ttl=8 hops=0 payloadSize=13 rssi=-60 sn
[2026-09-02T18:42:21.528+00:00][A] [INFO] --------------------------------
[2026-09-02T18:42:21.529+00:00][A] [INFO] [HEARTBEAT TX]
[2026-09-02T18:42:21.534+00:00][A] [INFO] Node ID: 1
[2026-09-02T18:42:21.534+00:00][A] [INFO] type: 2
[2026-09-02T18:42:21.535+00:00][A] [INFO] Destination: 0xFF
[2026-09-02T18:42:21.539+00:00][A] [INFO] Sequence: 849
[2026-09-02T18:42:21.539+00:00][A] [INFO] Packet ID: 448
[2026-09-02T18:42:21.545+00:00][A] [INFO] Packet Size: 26
[2026-09-02T18:42:21.545+00:00][A] [INFO] Timestamp: 448 ms
[2026-09-02T18:42:21.550+00:00][A] [INFO] Transmission Result: success
[2026-09-02T18:42:21.551+00:00][A] [INFO] --------------------------------
[2026-09-02T18:42:21.556+00:00][A] [INFO] [Heartbeat #448]
[2026-09-02T18:42:21.556+00:00][A] [INFO] Sent
[2026-09-02T18:42:21.556+00:00][A] [INFO] Waiting ACK...
[2026-09-02T18:42:21.556+00:00][A] [INFO] [WAITING ACK]
[2026-09-02T18:42:21.570+00:00][A] [INFO] [RF TX] type=2 source=0x01 destination=0xFF previousHop=0x01 sequence=849 ackSequence=0 ttl=8 hops=0 payloadSize=13 rssi=0 snr=
[2026-09-02T18:42:21.570+00:00][A] [INFO] Heartbeat packet sent
[2026-09-02T18:42:21.653+00:00][A] [INFO] [RF RX] type=2 source=0x02 destination=0xFF previousHop=0x02 sequence=461 ackSequence=0 ttl=8 hops=0 payloadSize=13 rssi=-60 sn
[2026-09-02T18:42:22.545+00:00][A] [WARN] Retry 1
[2026-09-02T18:42:22.612+00:00][A] [INFO] --------------------------------
[2026-09-02T18:42:22.613+00:00][A] [INFO] [HEARTBEAT TX]
[2026-09-02T18:42:22.618+00:00][A] [INFO] Node ID: 1
[2026-09-02T18:42:22.618+00:00][A] [INFO] type: 2
[2026-09-02T18:42:22.620+00:00][A] [INFO] Destination: 0xFF
[2026-09-02T18:42:22.623+00:00][A] [INFO] Sequence: 849
[2026-09-02T18:42:22.623+00:00][A] [INFO] Packet ID: 448
[2026-09-02T18:42:22.628+00:00][A] [INFO] Packet Size: 26
[2026-09-02T18:42:22.629+00:00][A] [INFO] Timestamp: 448 ms
[2026-09-02T18:42:22.634+00:00][A] [INFO] Transmission Result: success
[2026-09-02T18:42:22.635+00:00][A] [INFO] --------------------------------
[2026-09-02T18:42:22.640+00:00][A] [INFO] [Heartbeat #448]
[2026-09-02T18:42:22.640+00:00][A] [INFO] Sent
[2026-09-02T18:42:22.640+00:00][A] [INFO] Waiting ACK...
[2026-09-02T18:42:22.642+00:00][A] [INFO] [WAITING ACK]
[2026-09-02T18:42:22.654+00:00][A] [INFO] [RF TX] type=2 source=0x01 destination=0xFF previousHop=0x01 sequence=849 ackSequence=0 ttl=8 hops=0 payloadSize=13 rssi=0 snr=
[2026-09-02T18:42:22.654+00:00][A] [INFO] Heartbeat packet sent
[2026-09-02T18:42:22.737+00:00][A] [INFO] [RF RX] type=2 source=0x02 destination=0xFF previousHop=0x02 sequence=461 ackSequence=0 ttl=8 hops=0 payloadSize=13 rssi=-60 sn
[2026-09-02T18:42:23.528+00:00][A] [INFO] --------------------------------
[2026-09-02T18:42:23.529+00:00][A] [INFO] [HEARTBEAT TX]
[2026-09-02T18:42:23.533+00:00][A] [INFO] Node ID: 1
[2026-09-02T18:42:23.534+00:00][A] [INFO] type: 2
[2026-09-02T18:42:23.534+00:00][A] [INFO] Destination: 0xFF
[2026-09-02T18:42:23.539+00:00][A] [INFO] Sequence: 850
[2026-09-02T18:42:23.539+00:00][A] [INFO] Packet ID: 449
[2026-09-02T18:42:23.545+00:00][A] [INFO] Packet Size: 26
[2026-09-02T18:42:23.545+00:00][A] [INFO] Timestamp: 449 ms
[2026-09-02T18:42:23.550+00:00][A] [INFO] Transmission Result: success
[2026-09-02T18:42:23.550+00:00][A] [INFO] --------------------------------
[2026-09-02T18:42:23.556+00:00][A] [INFO] [Heartbeat #449]
[2026-09-02T18:42:23.556+00:00][A] [INFO] Sent
[2026-09-02T18:42:23.556+00:00][A] [INFO] Waiting ACK...
[2026-09-02T18:42:23.556+00:00][A] [INFO] [WAITING ACK]
[2026-09-02T18:42:23.570+00:00][A] [INFO] [RF TX] type=2 source=0x01 destination=0xFF previousHop=0x01 sequence=850 ackSequence=0 ttl=8 hops=0 payloadSize=13 rssi=0 snr=
[2026-09-02T18:42:23.570+00:00][A] [INFO] Heartbeat packet sent
[2026-09-02T18:42:23.653+00:00][A] [INFO] [RF RX] type=2 source=0x02 destination=0xFF previousHop=0x02 sequence=462 ackSequence=0 ttl=8 hops=0 payloadSize=13 rssi=-59 sn
[2026-09-02T18:42:24.545+00:00][A] [WARN] Retry 1
[2026-09-02T18:42:24.612+00:00][A] [INFO] --------------------------------
[2026-09-02T18:42:24.613+00:00][A] [INFO] [HEARTBEAT TX]
[2026-09-02T18:42:24.618+00:00][A] [INFO] Node ID: 1
[2026-09-02T18:42:24.618+00:00][A] [INFO] type: 2
[2026-09-02T18:42:24.618+00:00][A] [INFO] Destination: 0xFF
[2026-09-02T18:42:24.623+00:00][A] [INFO] Sequence: 850
[2026-09-02T18:42:24.623+00:00][A] [INFO] Packet ID: 449
[2026-09-02T18:42:24.628+00:00][A] [INFO] Packet Size: 26
[2026-09-02T18:42:24.629+00:00][A] [INFO] Timestamp: 449 ms
[2026-09-02T18:42:24.634+00:00][A] [INFO] Transmission Result: success
[2026-09-02T18:42:24.635+00:00][A] [INFO] --------------------------------
[2026-09-02T18:42:24.640+00:00][A] [INFO] [Heartbeat #449]
[2026-09-02T18:42:24.640+00:00][A] [INFO] Sent
[2026-09-02T18:42:24.640+00:00][A] [INFO] Waiting ACK...
[2026-09-02T18:42:24.640+00:00][A] [INFO] [WAITING ACK]
[2026-09-02T18:42:24.654+00:00][A] [INFO] [RF TX] type=2 source=0x01 destination=0xFF previousHop=0x01 sequence=850 ackSequence=0 ttl=8 hops=0 payloadSize=13 rssi=0 snr=
[2026-09-02T18:42:24.654+00:00][A] [INFO] Heartbeat packet sent
[2026-09-02T18:42:24.737+00:00][A] [INFO] [RF RX] type=2 source=0x02 destination=0xFF previousHop=0x02 sequence=462 ackSequence=0 ttl=8 hops=0 payloadSize=13 rssi=-59 sn
[2026-09-02T18:42:25.528+00:00][A] [INFO] --------------------------------
[2026-09-02T18:42:25.529+00:00][A] [INFO] [HEARTBEAT TX]
[2026-09-02T18:42:25.533+00:00][A] [INFO] Node ID: 1
[2026-09-02T18:42:25.534+00:00][A] [INFO] type: 2
[2026-09-02T18:42:25.534+00:00][A] [INFO] Destination: 0xFF
[2026-09-02T18:42:25.539+00:00][A] [INFO] Sequence: 851
[2026-09-02T18:42:25.539+00:00][A] [INFO] Packet ID: 450
[2026-09-02T18:42:25.544+00:00][A] [INFO] Packet Size: 26
[2026-09-02T18:42:25.545+00:00][A] [INFO] Timestamp: 450 ms
[2026-09-02T18:42:25.550+00:00][A] [INFO] Transmission Result: success
[2026-09-02T18:42:25.551+00:00][A] [INFO] --------------------------------
[2026-09-02T18:42:25.556+00:00][A] [INFO] [Heartbeat #450]
[2026-09-02T18:42:25.556+00:00][A] [INFO] Sent
[2026-09-02T18:42:25.556+00:00][A] [INFO] Waiting ACK...
[2026-09-02T18:42:25.556+00:00][A] [INFO] [WAITING ACK]
[2026-09-02T18:42:25.570+00:00][A] [INFO] [RF TX] type=2 source=0x01 destination=0xFF previousHop=0x01 sequence=851 ackSequence=0 ttl=8 hops=0 payloadSize=13 rssi=0 snr=
[2026-09-02T18:42:25.570+00:00][A] [INFO] Heartbeat packet sent
[2026-09-02T18:42:25.653+00:00][A] [INFO] [RF RX] type=2 source=0x02 destination=0xFF previousHop=0x02 sequence=463 ackSequence=0 ttl=8 hops=0 payloadSize=13 rssi=-59 sn
[2026-09-02T18:42:26.545+00:00][A] [WARN] Retry 1
[2026-09-02T18:42:26.612+00:00][A] [INFO] --------------------------------
[2026-09-02T18:42:26.613+00:00][A] [INFO] [HEARTBEAT TX]
[2026-09-02T18:42:26.617+00:00][A] [INFO] Node ID: 1
[2026-09-02T18:42:26.618+00:00][A] [INFO] type: 2
[2026-09-02T18:42:26.619+00:00][A] [INFO] Destination: 0xFF
[2026-09-02T18:42:26.623+00:00][A] [INFO] Sequence: 851
[2026-09-02T18:42:26.623+00:00][A] [INFO] Packet ID: 450
[2026-09-02T18:42:26.628+00:00][A] [INFO] Packet Size: 26
[2026-09-02T18:42:26.629+00:00][A] [INFO] Timestamp: 450 ms
[2026-09-02T18:42:26.634+00:00][A] [INFO] Transmission Result: success
[2026-09-02T18:42:26.634+00:00][A] [INFO] --------------------------------
[2026-09-02T18:42:26.639+00:00][A] [INFO] [Heartbeat #450]
[2026-09-02T18:42:26.640+00:00][A] [INFO] Sent
[2026-09-02T18:42:26.640+00:00][A] [INFO] Waiting ACK...
[2026-09-02T18:42:26.640+00:00][A] [INFO] [WAITING ACK]
[2026-09-02T18:42:26.654+00:00][A] [INFO] [RF TX] type=2 source=0x01 destination=0xFF previousHop=0x01 sequence=851 ackSequence=0 ttl=8 hops=0 payloadSize=13 rssi=0 snr=
[2026-09-02T18:42:26.654+00:00][A] [INFO] Heartbeat packet sent
[2026-09-02T18:42:26.737+00:00][A] [INFO] [RF RX] type=2 source=0x02 destination=0xFF previousHop=0x02 sequence=463 ackSequence=0 ttl=8 hops=0 payloadSize=13 rssi=-59 sn
[2026-09-02T18:42:27.528+00:00][A] [INFO] --------------------------------
[2026-09-02T18:42:27.528+00:00][A] [INFO] [HEARTBEAT TX]
[2026-09-02T18:42:27.533+00:00][A] [INFO] Node ID: 1
[2026-09-02T18:42:27.534+00:00][A] [INFO] type: 2
[2026-09-02T18:42:27.534+00:00][A] [INFO] Destination: 0xFF
[2026-09-02T18:42:27.539+00:00][A] [INFO] Sequence: 852
[2026-09-02T18:42:27.539+00:00][A] [INFO] Packet ID: 451
[2026-09-02T18:42:27.544+00:00][A] [INFO] Packet Size: 26
[2026-09-02T18:42:27.545+00:00][A] [INFO] Timestamp: 451 ms
[2026-09-02T18:42:27.550+00:00][A] [INFO] Transmission Result: success
[2026-09-02T18:42:27.550+00:00][A] [INFO] --------------------------------
[2026-09-02T18:42:27.556+00:00][A] [INFO] [Heartbeat #451]
[2026-09-02T18:42:27.556+00:00][A] [INFO] Sent
[2026-09-02T18:42:27.556+00:00][A] [INFO] Waiting ACK...
[2026-09-02T18:42:27.556+00:00][A] [INFO] [WAITING ACK]
[2026-09-02T18:42:27.570+00:00][A] [INFO] [RF TX] type=2 source=0x01 destination=0xFF previousHop=0x01 sequence=852 ackSequence=0 ttl=8 hops=0 payloadSize=13 rssi=0 snr=
[2026-09-02T18:42:27.570+00:00][A] [INFO] Heartbeat packet sent
[2026-09-02T18:42:27.653+00:00][A] [INFO] [RF RX] type=2 source=0x02 destination=0xFF previousHop=0x02 sequence=464 ackSequence=0 ttl=8 hops=0 payloadSize=13 rssi=-59 sn
[2026-09-02T18:42:28.545+00:00][A] [WARN] Retry 1
[2026-09-02T18:42:28.612+00:00][A] [INFO] --------------------------------
[2026-09-02T18:42:28.613+00:00][A] [INFO] [HEARTBEAT TX]
[2026-09-02T18:42:28.617+00:00][A] [INFO] Node ID: 1
[2026-09-02T18:42:28.618+00:00][A] [INFO] type: 2
[2026-09-02T18:42:28.618+00:00][A] [INFO] Destination: 0xFF
[2026-09-02T18:42:28.623+00:00][A] [INFO] Sequence: 852
[2026-09-02T18:42:28.623+00:00][A] [INFO] Packet ID: 451
[2026-09-02T18:42:28.628+00:00][A] [INFO] Packet Size: 26
[2026-09-02T18:42:28.629+00:00][A] [INFO] Timestamp: 451 ms
[2026-09-02T18:42:28.634+00:00][A] [INFO] Transmission Result: success
[2026-09-02T18:42:28.635+00:00][A] [INFO] --------------------------------
[2026-09-02T18:42:28.639+00:00][A] [INFO] [Heartbeat #451]
[2026-09-02T18:42:28.640+00:00][A] [INFO] Sent
[2026-09-02T18:42:28.640+00:00][A] [INFO] Waiting ACK...
[2026-09-02T18:42:28.640+00:00][A] [INFO] [WAITING ACK]
[2026-09-02T18:42:28.654+00:00][A] [INFO] [RF TX] type=2 source=0x01 destination=0xFF previousHop=0x01 sequence=852 ackSequence=0 ttl=8 hops=0 payloadSize=13 rssi=0 snr=
[2026-09-02T18:42:28.654+00:00][A] [INFO] Heartbeat packet sent
[2026-09-02T18:42:28.737+00:00][A] [INFO] [RF RX] type=2 source=0x02 destination=0xFF previousHop=0x02 sequence=464 ackSequence=0 ttl=8 hops=0 payloadSize=13 rssi=-59 sn
[2026-09-02T18:42:29.528+00:00][A] [INFO] --------------------------------
[2026-09-02T18:42:29.529+00:00][A] [INFO] [HEARTBEAT TX]
[2026-09-02T18:42:29.533+00:00][A] [INFO] Node ID: 1
[2026-09-02T18:42:29.534+00:00][A] [INFO] type: 2
[2026-09-02T18:42:29.534+00:00][A] [INFO] Destination: 0xFF
[2026-09-02T18:42:29.539+00:00][A] [INFO] Sequence: 853
[2026-09-02T18:42:29.539+00:00][A] [INFO] Packet ID: 452
[2026-09-02T18:42:29.544+00:00][A] [INFO] Packet Size: 26
[2026-09-02T18:42:29.545+00:00][A] [INFO] Timestamp: 452 ms
[2026-09-02T18:42:29.550+00:00][A] [INFO] Transmission Result: success
[2026-09-02T18:42:29.550+00:00][A] [INFO] --------------------------------
[2026-09-02T18:42:29.555+00:00][A] [INFO] [Heartbeat #452]
[2026-09-02T18:42:29.556+00:00][A] [INFO] Sent
[2026-09-02T18:42:29.556+00:00][A] [INFO] Waiting ACK...
[2026-09-02T18:42:29.556+00:00][A] [INFO] [WAITING ACK]
[2026-09-02T18:42:29.570+00:00][A] [INFO] [RF TX] type=2 source=0x01 destination=0xFF previousHop=0x01 sequence=853 ackSequence=0 ttl=8 hops=0 payloadSize=13 rssi=0 snr=
[2026-09-02T18:42:29.570+00:00][A] [INFO] Heartbeat packet sent
[2026-09-02T18:42:29.653+00:00][A] [INFO] [RF RX] type=2 source=0x02 destination=0xFF previousHop=0x02 sequence=465 ackSequence=0 ttl=8 hops=0 payloadSize=13 rssi=-60 sn
[2026-09-02T18:42:30.545+00:00][A] [WARN] Retry 1
[2026-09-02T18:42:30.612+00:00][A] [INFO] --------------------------------
[2026-09-02T18:42:30.613+00:00][A] [INFO] [HEARTBEAT TX]
[2026-09-02T18:42:30.617+00:00][A] [INFO] Node ID: 1
[2026-09-02T18:42:30.618+00:00][A] [INFO] type: 2
[2026-09-02T18:42:30.618+00:00][A] [INFO] Destination: 0xFF
[2026-09-02T18:42:30.623+00:00][A] [INFO] Sequence: 853
[2026-09-02T18:42:30.623+00:00][A] [INFO] Packet ID: 452
[2026-09-02T18:42:30.628+00:00][A] [INFO] Packet Size: 26
[2026-09-02T18:42:30.629+00:00][A] [INFO] Timestamp: 452 ms
[2026-09-02T18:42:30.634+00:00][A] [INFO] Transmission Result: success
[2026-09-02T18:42:30.635+00:00][A] [INFO] --------------------------------
[2026-09-02T18:42:30.639+00:00][A] [INFO] [Heartbeat #452]
[2026-09-02T18:42:30.640+00:00][A] [INFO] Sent
[2026-09-02T18:42:30.640+00:00][A] [INFO] Waiting ACK...
[2026-09-02T18:42:30.640+00:00][A] [INFO] [WAITING ACK]
[2026-09-02T18:42:30.654+00:00][A] [INFO] [RF TX] type=2 source=0x01 destination=0xFF previousHop=0x01 sequence=853 ackSequence=0 ttl=8 hops=0 payloadSize=13 rssi=0 snr=
[2026-09-02T18:42:30.654+00:00][A] [INFO] Heartbeat packet sent
[2026-09-02T18:42:30.737+00:00][A] [INFO] [RF RX] type=2 source=0x02 destination=0xFF previousHop=0x02 sequence=465 ackSequence=0 ttl=8 hops=0 payloadSize=13 rssi=-60 sn
[2026-09-02T18:42:31.528+00:00][A] [INFO] --------------------------------
[2026-09-02T18:42:31.529+00:00][A] [INFO] [HEARTBEAT TX]
[2026-09-02T18:42:31.533+00:00][A] [INFO] Node ID: 1
[2026-09-02T18:42:31.534+00:00][A] [INFO] type: 2
[2026-09-02T18:42:31.534+00:00][A] [INFO] Destination: 0xFF
[2026-09-02T18:42:31.539+00:00][A] [INFO] Sequence: 854
[2026-09-02T18:42:31.539+00:00][A] [INFO] Packet ID: 453
[2026-09-02T18:42:31.544+00:00][A] [INFO] Packet Size: 26
[2026-09-02T18:42:31.545+00:00][A] [INFO] Timestamp: 453 ms
[2026-09-02T18:42:31.550+00:00][A] [INFO] Transmission Result: success
[2026-09-02T18:42:31.551+00:00][A] [INFO] --------------------------------
[2026-09-02T18:42:31.555+00:00][A] [INFO] [Heartbeat #453]
[2026-09-02T18:42:31.556+00:00][A] [INFO] Sent
[2026-09-02T18:42:31.556+00:00][A] [INFO] Waiting ACK...
[2026-09-02T18:42:31.556+00:00][A] [INFO] [WAITING ACK]
[2026-09-02T18:42:31.570+00:00][A] [INFO] [RF TX] type=2 source=0x01 destination=0xFF previousHop=0x01 sequence=854 ackSequence=0 ttl=8 hops=0 payloadSize=13 rssi=0 snr=
[2026-09-02T18:42:31.570+00:00][A] [INFO] Heartbeat packet sent
[2026-09-02T18:42:31.653+00:00][A] [INFO] [RF RX] type=2 source=0x02 destination=0xFF previousHop=0x02 sequence=466 ackSequence=0 ttl=8 hops=0 payloadSize=13 rssi=-59 sn
[2026-09-02T18:42:32.545+00:00][A] [WARN] Retry 1
[2026-09-02T18:42:32.612+00:00][A] [INFO] --------------------------------
[2026-09-02T18:42:32.613+00:00][A] [INFO] [HEARTBEAT TX]
[2026-09-02T18:42:32.617+00:00][A] [INFO] Node ID: 1
[2026-09-02T18:42:32.618+00:00][A] [INFO] type: 2
[2026-09-02T18:42:32.618+00:00][A] [INFO] Destination: 0xFF
[2026-09-02T18:42:32.623+00:00][A] [INFO] Sequence: 854
[2026-09-02T18:42:32.623+00:00][A] [INFO] Packet ID: 453
[2026-09-02T18:42:32.628+00:00][A] [INFO] Packet Size: 26
[2026-09-02T18:42:32.629+00:00][A] [INFO] Timestamp: 453 ms
[2026-09-02T18:42:32.634+00:00][A] [INFO] Transmission Result: success
[2026-09-02T18:42:32.635+00:00][A] [INFO] --------------------------------
[2026-09-02T18:42:32.639+00:00][A] [INFO] [Heartbeat #453]
[2026-09-02T18:42:32.640+00:00][A] [INFO] Sent
[2026-09-02T18:42:32.640+00:00][A] [INFO] Waiting ACK...
[2026-09-02T18:42:32.640+00:00][A] [INFO] [WAITING ACK]
[2026-09-02T18:42:32.654+00:00][A] [INFO] [RF TX] type=2 source=0x01 destination=0xFF previousHop=0x01 sequence=854 ackSequence=0 ttl=8 hops=0 payloadSize=13 rssi=0 snr=
[2026-09-02T18:42:32.654+00:00][A] [INFO] Heartbeat packet sent
[2026-09-02T18:42:32.737+00:00][A] [INFO] [RF RX] type=2 source=0x02 destination=0xFF previousHop=0x02 sequence=466 ackSequence=0 ttl=8 hops=0 payloadSize=13 rssi=-59 sn
[2026-09-02T18:42:33.528+00:00][A] [INFO] --------------------------------
[2026-09-02T18:42:33.530+00:00][A] [INFO] [HEARTBEAT TX]
[2026-09-02T18:42:33.533+00:00][A] [INFO] Node ID: 1
[2026-09-02T18:42:33.534+00:00][A] [INFO] type: 2
[2026-09-02T18:42:33.534+00:00][A] [INFO] Destination: 0xFF
[2026-09-02T18:42:33.539+00:00][A] [INFO] Sequence: 855
[2026-09-02T18:42:33.539+00:00][A] [INFO] Packet ID: 454
[2026-09-02T18:42:33.544+00:00][A] [INFO] Packet Size: 26
[2026-09-02T18:42:33.545+00:00][A] [INFO] Timestamp: 454 ms
[2026-09-02T18:42:33.550+00:00][A] [INFO] Transmission Result: success
[2026-09-02T18:42:33.550+00:00][A] [INFO] --------------------------------
[2026-09-02T18:42:33.555+00:00][A] [INFO] [Heartbeat #454]
[2026-09-02T18:42:33.556+00:00][A] [INFO] Sent
[2026-09-02T18:42:33.556+00:00][A] [INFO] Waiting ACK...
[2026-09-02T18:42:33.556+00:00][A] [INFO] [WAITING ACK]
[2026-09-02T18:42:33.570+00:00][A] [INFO] [RF TX] type=2 source=0x01 destination=0xFF previousHop=0x01 sequence=855 ackSequence=0 ttl=8 hops=0 payloadSize=13 rssi=0 snr=
[2026-09-02T18:42:33.570+00:00][A] [INFO] Heartbeat packet sent
[2026-09-02T18:42:33.653+00:00][A] [INFO] [RF RX] type=2 source=0x02 destination=0xFF previousHop=0x02 sequence=467 ackSequence=0 ttl=8 hops=0 payloadSize=13 rssi=-59 sn
[2026-09-02T18:42:34.545+00:00][A] [WARN] Retry 1
[2026-09-02T18:42:34.612+00:00][A] [INFO] --------------------------------
[2026-09-02T18:42:34.613+00:00][A] [INFO] [HEARTBEAT TX]
[2026-09-02T18:42:34.617+00:00][A] [INFO] Node ID: 1
[2026-09-02T18:42:34.618+00:00][A] [INFO] type: 2
[2026-09-02T18:42:34.618+00:00][A] [INFO] Destination: 0xFF
[2026-09-02T18:42:34.623+00:00][A] [INFO] Sequence: 855
[2026-09-02T18:42:34.623+00:00][A] [INFO] Packet ID: 454
[2026-09-02T18:42:34.628+00:00][A] [INFO] Packet Size: 26
[2026-09-02T18:42:34.629+00:00][A] [INFO] Timestamp: 454 ms
[2026-09-02T18:42:34.634+00:00][A] [INFO] Transmission Result: success
[2026-09-02T18:42:34.634+00:00][A] [INFO] --------------------------------
[2026-09-02T18:42:34.639+00:00][A] [INFO] [Heartbeat #454]
[2026-09-02T18:42:34.640+00:00][A] [INFO] Sent
[2026-09-02T18:42:34.640+00:00][A] [INFO] Waiting ACK...
[2026-09-02T18:42:34.640+00:00][A] [INFO] [WAITING ACK]
[2026-09-02T18:42:34.654+00:00][A] [INFO] [RF TX] type=2 source=0x01 destination=0xFF previousHop=0x01 sequence=855 ackSequence=0 ttl=8 hops=0 payloadSize=13 rssi=0 snr=
[2026-09-02T18:42:34.654+00:00][A] [INFO] Heartbeat packet sent
[2026-09-02T18:42:34.738+00:00][A] [INFO] [RF RX] type=2 source=0x02 destination=0xFF previousHop=0x02 sequence=467 ackSequence=0 ttl=8 hops=0 payloadSize=13 rssi=-59 sn
[2026-09-02T18:42:35.529+00:00][A] [INFO] --------------------------------
[2026-09-02T18:42:35.530+00:00][A] [INFO] [HEARTBEAT TX]
[2026-09-02T18:42:35.533+00:00][A] [INFO] Node ID: 1
[2026-09-02T18:42:35.533+00:00][A] [INFO] type: 2
[2026-09-02T18:42:35.534+00:00][A] [INFO] Destination: 0xFF
[2026-09-02T18:42:35.539+00:00][A] [INFO] Sequence: 856
[2026-09-02T18:42:35.539+00:00][A] [INFO] Packet ID: 455
[2026-09-02T18:42:35.544+00:00][A] [INFO] Packet Size: 26
[2026-09-02T18:42:35.544+00:00][A] [INFO] Timestamp: 455 ms
[2026-09-02T18:42:35.550+00:00][A] [INFO] Transmission Result: success
[2026-09-02T18:42:35.550+00:00][A] [INFO] --------------------------------
[2026-09-02T18:42:35.555+00:00][A] [INFO] [Heartbeat #455]
[2026-09-02T18:42:35.555+00:00][A] [INFO] Sent
[2026-09-02T18:42:35.555+00:00][A] [INFO] Waiting ACK...
[2026-09-02T18:42:35.555+00:00][A] [INFO] [WAITING ACK]
[2026-09-02T18:42:35.569+00:00][A] [INFO] [RF TX] type=2 source=0x01 destination=0xFF previousHop=0x01 sequence=856 ackSequence=0 ttl=8 hops=0 payloadSize=13 rssi=0 snr=
[2026-09-02T18:42:35.570+00:00][A] [INFO] Heartbeat packet sent
[2026-09-02T18:42:35.653+00:00][A] [INFO] [RF RX] type=2 source=0x02 destination=0xFF previousHop=0x02 sequence=468 ackSequence=0 ttl=8 hops=0 payloadSize=13 rssi=-59 sn
[2026-09-02T18:42:36.545+00:00][A] [WARN] Retry 1
[2026-09-02T18:42:36.612+00:00][A] [INFO] --------------------------------
[2026-09-02T18:42:36.613+00:00][A] [INFO] [HEARTBEAT TX]
[2026-09-02T18:42:36.617+00:00][A] [INFO] Node ID: 1
[2026-09-02T18:42:36.618+00:00][A] [INFO] type: 2
[2026-09-02T18:42:36.618+00:00][A] [INFO] Destination: 0xFF
[2026-09-02T18:42:36.623+00:00][A] [INFO] Sequence: 856
[2026-09-02T18:42:36.623+00:00][A] [INFO] Packet ID: 455
[2026-09-02T18:42:36.628+00:00][A] [INFO] Packet Size: 26
[2026-09-02T18:42:36.629+00:00][A] [INFO] Timestamp: 455 ms
[2026-09-02T18:42:36.634+00:00][A] [INFO] Transmission Result: success
[2026-09-02T18:42:36.634+00:00][A] [INFO] --------------------------------
[2026-09-02T18:42:36.639+00:00][A] [INFO] [Heartbeat #455]
[2026-09-02T18:42:36.640+00:00][A] [INFO] Sent
[2026-09-02T18:42:36.640+00:00][A] [INFO] Waiting ACK...
[2026-09-02T18:42:36.640+00:00][A] [INFO] [WAITING ACK]
[2026-09-02T18:42:36.654+00:00][A] [INFO] [RF TX] type=2 source=0x01 destination=0xFF previousHop=0x01 sequence=856 ackSequence=0 ttl=8 hops=0 payloadSize=13 rssi=0 snr=
[2026-09-02T18:42:36.654+00:00][A] [INFO] Heartbeat packet sent
[2026-09-02T18:42:36.737+00:00][A] [INFO] [RF RX] type=2 source=0x02 destination=0xFF previousHop=0x02 sequence=468 ackSequence=0 ttl=8 hops=0 payloadSize=13 rssi=-59 sn
[2026-09-02T18:42:37.528+00:00][A] [INFO] --------------------------------
[2026-09-02T18:42:37.529+00:00][A] [INFO] [HEARTBEAT TX]
[2026-09-02T18:42:37.533+00:00][A] [INFO] Node ID: 1
[2026-09-02T18:42:37.534+00:00][A] [INFO] type: 2
[2026-09-02T18:42:37.534+00:00][A] [INFO] Destination: 0xFF
[2026-09-02T18:42:37.539+00:00][A] [INFO] Sequence: 857
[2026-09-02T18:42:37.539+00:00][A] [INFO] Packet ID: 456
[2026-09-02T18:42:37.544+00:00][A] [INFO] Packet Size: 26
[2026-09-02T18:42:37.545+00:00][A] [INFO] Timestamp: 456 ms
[2026-09-02T18:42:37.550+00:00][A] [INFO] Transmission Result: success
[2026-09-02T18:42:37.550+00:00][A] [INFO] --------------------------------
[2026-09-02T18:42:37.555+00:00][A] [INFO] [Heartbeat #456]
[2026-09-02T18:42:37.555+00:00][A] [INFO] Sent
[2026-09-02T18:42:37.556+00:00][A] [INFO] Waiting ACK...
[2026-09-02T18:42:37.556+00:00][A] [INFO] [WAITING ACK]
[2026-09-02T18:42:37.570+00:00][A] [INFO] [RF TX] type=2 source=0x01 destination=0xFF previousHop=0x01 sequence=857 ackSequence=0 ttl=8 hops=0 payloadSize=13 rssi=0 snr=
[2026-09-02T18:42:37.570+00:00][A] [INFO] Heartbeat packet sent
[2026-09-02T18:42:37.653+00:00][A] [INFO] [RF RX] type=2 source=0x02 destination=0xFF previousHop=0x02 sequence=469 ackSequence=0 ttl=8 hops=0 payloadSize=13 rssi=-59 sn
[2026-09-02T18:42:38.545+00:00][A] [WARN] Retry 1
[2026-09-02T18:42:38.612+00:00][A] [INFO] --------------------------------
[2026-09-02T18:42:38.613+00:00][A] [INFO] [HEARTBEAT TX]
[2026-09-02T18:42:38.617+00:00][A] [INFO] Node ID: 1
[2026-09-02T18:42:38.618+00:00][A] [INFO] type: 2
[2026-09-02T18:42:38.618+00:00][A] [INFO] Destination: 0xFF
[2026-09-02T18:42:38.623+00:00][A] [INFO] Sequence: 857
[2026-09-02T18:42:38.623+00:00][A] [INFO] Packet ID: 456
[2026-09-02T18:42:38.628+00:00][A] [INFO] Packet Size: 26
[2026-09-02T18:42:38.629+00:00][A] [INFO] Timestamp: 456 ms
[2026-09-02T18:42:38.634+00:00][A] [INFO] Transmission Result: success
[2026-09-02T18:42:38.634+00:00][A] [INFO] --------------------------------
[2026-09-02T18:42:38.639+00:00][A] [INFO] [Heartbeat #456]
[2026-09-02T18:42:38.640+00:00][A] [INFO] Sent
[2026-09-02T18:42:38.640+00:00][A] [INFO] Waiting ACK...
[2026-09-02T18:42:38.640+00:00][A] [INFO] [WAITING ACK]
[2026-09-02T18:42:38.654+00:00][A] [INFO] [RF TX] type=2 source=0x01 destination=0xFF previousHop=0x01 sequence=857 ackSequence=0 ttl=8 hops=0 payloadSize=13 rssi=0 snr=
[2026-09-02T18:42:38.654+00:00][A] [INFO] Heartbeat packet sent
[2026-09-02T18:42:38.737+00:00][A] [INFO] [RF RX] type=2 source=0x02 destination=0xFF previousHop=0x02 sequence=469 ackSequence=0 ttl=8 hops=0 payloadSize=13 rssi=-59 sn
[2026-09-02T18:42:39.528+00:00][A] [INFO] --------------------------------
[2026-09-02T18:42:39.528+00:00][A] [INFO] [HEARTBEAT TX]
[2026-09-02T18:42:39.533+00:00][A] [INFO] Node ID: 1
[2026-09-02T18:42:39.533+00:00][A] [INFO] type: 2
[2026-09-02T18:42:39.534+00:00][A] [INFO] Destination: 0xFF
[2026-09-02T18:42:39.539+00:00][A] [INFO] Sequence: 858
[2026-09-02T18:42:39.539+00:00][A] [INFO] Packet ID: 457
[2026-09-02T18:42:39.544+00:00][A] [INFO] Packet Size: 26
[2026-09-02T18:42:39.544+00:00][A] [INFO] Timestamp: 457 ms
[2026-09-02T18:42:39.550+00:00][A] [INFO] Transmission Result: success
[2026-09-02T18:42:39.550+00:00][A] [INFO] --------------------------------
[2026-09-02T18:42:39.555+00:00][A] [INFO] [Heartbeat #457]
[2026-09-02T18:42:39.555+00:00][A] [INFO] Sent
[2026-09-02T18:42:39.556+00:00][A] [INFO] Waiting ACK...
[2026-09-02T18:42:39.556+00:00][A] [INFO] [WAITING ACK]
[2026-09-02T18:42:39.569+00:00][A] [INFO] [RF TX] type=2 source=0x01 destination=0xFF previousHop=0x01 sequence=858 ackSequence=0 ttl=8 hops=0 payloadSize=13 rssi=0 snr=
[2026-09-02T18:42:39.570+00:00][A] [INFO] Heartbeat packet sent
[2026-09-02T18:42:39.653+00:00][A] [INFO] [RF RX] type=2 source=0x02 destination=0xFF previousHop=0x02 sequence=470 ackSequence=0 ttl=8 hops=0 payloadSize=13 rssi=-59 sn
[2026-09-02T18:42:40.545+00:00][A] [WARN] Retry 1
[2026-09-02T18:42:40.612+00:00][A] [INFO] --------------------------------
[2026-09-02T18:42:40.613+00:00][A] [INFO] [HEARTBEAT TX]
[2026-09-02T18:42:40.617+00:00][A] [INFO] Node ID: 1
[2026-09-02T18:42:40.617+00:00][A] [INFO] type: 2
[2026-09-02T18:42:40.618+00:00][A] [INFO] Destination: 0xFF
[2026-09-02T18:42:40.623+00:00][A] [INFO] Sequence: 858
[2026-09-02T18:42:40.623+00:00][A] [INFO] Packet ID: 457
[2026-09-02T18:42:40.628+00:00][A] [INFO] Packet Size: 26
[2026-09-02T18:42:40.628+00:00][A] [INFO] Timestamp: 457 ms
[2026-09-02T18:42:40.634+00:00][A] [INFO] Transmission Result: success
[2026-09-02T18:42:40.634+00:00][A] [INFO] --------------------------------
[2026-09-02T18:42:40.639+00:00][A] [INFO] [Heartbeat #457]
[2026-09-02T18:42:40.639+00:00][A] [INFO] Sent
[2026-09-02T18:42:40.639+00:00][A] [INFO] Waiting ACK...
[2026-09-02T18:42:40.640+00:00][A] [INFO] [WAITING ACK]
[2026-09-02T18:42:40.653+00:00][A] [INFO] [RF TX] type=2 source=0x01 destination=0xFF previousHop=0x01 sequence=858 ackSequence=0 ttl=8 hops=0 payloadSize=13 rssi=0 snr=
[2026-09-02T18:42:40.654+00:00][A] [INFO] Heartbeat packet sent
[2026-09-02T18:42:40.737+00:00][A] [INFO] [RF RX] type=2 source=0x02 destination=0xFF previousHop=0x02 sequence=470 ackSequence=0 ttl=8 hops=0 payloadSize=13 rssi=-59 sn
[2026-09-02T18:42:41.528+00:00][A] [INFO] --------------------------------
[2026-09-02T18:42:41.529+00:00][A] [INFO] [HEARTBEAT TX]
[2026-09-02T18:42:41.533+00:00][A] [INFO] Node ID: 1
[2026-09-02T18:42:41.533+00:00][A] [INFO] type: 2
[2026-09-02T18:42:41.534+00:00][A] [INFO] Destination: 0xFF
[2026-09-02T18:42:41.539+00:00][A] [INFO] Sequence: 859
[2026-09-02T18:42:41.539+00:00][A] [INFO] Packet ID: 458
[2026-09-02T18:42:41.544+00:00][A] [INFO] Packet Size: 26
[2026-09-02T18:42:41.545+00:00][A] [INFO] Timestamp: 458 ms
[2026-09-02T18:42:41.550+00:00][A] [INFO] Transmission Result: success
[2026-09-02T18:42:41.550+00:00][A] [INFO] --------------------------------
[2026-09-02T18:42:41.555+00:00][A] [INFO] [Heartbeat #458]
[2026-09-02T18:42:41.555+00:00][A] [INFO] Sent
[2026-09-02T18:42:41.556+00:00][A] [INFO] Waiting ACK...
[2026-09-02T18:42:41.556+00:00][A] [INFO] [WAITING ACK]
[2026-09-02T18:42:41.569+00:00][A] [INFO] [RF TX] type=2 source=0x01 destination=0xFF previousHop=0x01 sequence=859 ackSequence=0 ttl=8 hops=0 payloadSize=13 rssi=0 snr=
[2026-09-02T18:42:41.570+00:00][A] [INFO] Heartbeat packet sent
[2026-09-02T18:42:41.652+00:00][A] [INFO] [RF RX] type=2 source=0x02 destination=0xFF previousHop=0x02 sequence=471 ackSequence=0 ttl=8 hops=0 payloadSize=13 rssi=-60 sn
[2026-09-02T18:42:42.545+00:00][A] [WARN] Retry 1
[2026-09-02T18:42:42.612+00:00][A] [INFO] --------------------------------
[2026-09-02T18:42:42.613+00:00][A] [INFO] [HEARTBEAT TX]
[2026-09-02T18:42:42.617+00:00][A] [INFO] Node ID: 1
[2026-09-02T18:42:42.618+00:00][A] [INFO] type: 2
[2026-09-02T18:42:42.618+00:00][A] [INFO] Destination: 0xFF
[2026-09-02T18:42:42.623+00:00][A] [INFO] Sequence: 859
[2026-09-02T18:42:42.623+00:00][A] [INFO] Packet ID: 458
[2026-09-02T18:42:42.628+00:00][A] [INFO] Packet Size: 26
[2026-09-02T18:42:42.629+00:00][A] [INFO] Timestamp: 458 ms
[2026-09-02T18:42:42.634+00:00][A] [INFO] Transmission Result: success
[2026-09-02T18:42:42.634+00:00][A] [INFO] --------------------------------
[2026-09-02T18:42:42.639+00:00][A] [INFO] [Heartbeat #458]
[2026-09-02T18:42:42.639+00:00][A] [INFO] Sent
[2026-09-02T18:42:42.640+00:00][A] [INFO] Waiting ACK...
[2026-09-02T18:42:42.640+00:00][A] [INFO] [WAITING ACK]
[2026-09-02T18:42:42.654+00:00][A] [INFO] [RF TX] type=2 source=0x01 destination=0xFF previousHop=0x01 sequence=859 ackSequence=0 ttl=8 hops=0 payloadSize=13 rssi=0 snr=
[2026-09-02T18:42:42.654+00:00][A] [INFO] Heartbeat packet sent
[2026-09-02T18:42:42.737+00:00][A] [INFO] [RF RX] type=2 source=0x02 destination=0xFF previousHop=0x02 sequence=471 ackSequence=0 ttl=8 hops=0 payloadSize=13 rssi=-60 sn
[2026-09-02T18:42:43.528+00:00][A] [INFO] --------------------------------
[2026-09-02T18:42:43.529+00:00][A] [INFO] [HEARTBEAT TX]
[2026-09-02T18:42:43.533+00:00][A] [INFO] Node ID: 1
[2026-09-02T18:42:43.534+00:00][A] [INFO] type: 2
[2026-09-02T18:42:43.534+00:00][A] [INFO] Destination: 0xFF
[2026-09-02T18:42:43.539+00:00][A] [INFO] Sequence: 860
[2026-09-02T18:42:43.539+00:00][A] [INFO] Packet ID: 459
[2026-09-02T18:42:43.544+00:00][A] [INFO] Packet Size: 26
[2026-09-02T18:42:43.544+00:00][A] [INFO] Timestamp: 459 ms
[2026-09-02T18:42:43.550+00:00][A] [INFO] Transmission Result: success
[2026-09-02T18:42:43.550+00:00][A] [INFO] --------------------------------
[2026-09-02T18:42:43.555+00:00][A] [INFO] [Heartbeat #459]
[2026-09-02T18:42:43.555+00:00][A] [INFO] Sent
[2026-09-02T18:42:43.556+00:00][A] [INFO] Waiting ACK...
[2026-09-02T18:42:43.556+00:00][A] [INFO] [WAITING ACK]
[2026-09-02T18:42:43.569+00:00][A] [INFO] [RF TX] type=2 source=0x01 destination=0xFF previousHop=0x01 sequence=860 ackSequence=0 ttl=8 hops=0 payloadSize=13 rssi=0 snr=
[2026-09-02T18:42:43.570+00:00][A] [INFO] Heartbeat packet sent
[2026-09-02T18:42:43.653+00:00][A] [INFO] [RF RX] type=2 source=0x02 destination=0xFF previousHop=0x02 sequence=472 ackSequence=0 ttl=8 hops=0 payloadSize=13 rssi=-59 sn
[2026-09-02T18:42:44.545+00:00][A] [WARN] Retry 1
[2026-09-02T18:42:44.612+00:00][A] [INFO] --------------------------------
[2026-09-02T18:42:44.613+00:00][A] [INFO] [HEARTBEAT TX]
[2026-09-02T18:42:44.617+00:00][A] [INFO] Node ID: 1
[2026-09-02T18:42:44.617+00:00][A] [INFO] type: 2
[2026-09-02T18:42:44.618+00:00][A] [INFO] Destination: 0xFF
[2026-09-02T18:42:44.623+00:00][A] [INFO] Sequence: 860
[2026-09-02T18:42:44.623+00:00][A] [INFO] Packet ID: 459
[2026-09-02T18:42:44.628+00:00][A] [INFO] Packet Size: 26
[2026-09-02T18:42:44.628+00:00][A] [INFO] Timestamp: 459 ms
[2026-09-02T18:42:44.634+00:00][A] [INFO] Transmission Result: success
[2026-09-02T18:42:44.635+00:00][A] [INFO] --------------------------------
[2026-09-02T18:42:44.639+00:00][A] [INFO] [Heartbeat #459]
[2026-09-02T18:42:44.639+00:00][A] [INFO] Sent
[2026-09-02T18:42:44.640+00:00][A] [INFO] Waiting ACK...
[2026-09-02T18:42:44.640+00:00][A] [INFO] [WAITING ACK]
[2026-09-02T18:42:44.653+00:00][A] [INFO] [RF TX] type=2 source=0x01 destination=0xFF previousHop=0x01 sequence=860 ackSequence=0 ttl=8 hops=0 payloadSize=13 rssi=0 snr=
[2026-09-02T18:42:44.654+00:00][A] [INFO] Heartbeat packet sent
[2026-09-02T18:42:44.737+00:00][A] [INFO] [RF RX] type=2 source=0x02 destination=0xFF previousHop=0x02 sequence=472 ackSequence=0 ttl=8 hops=0 payloadSize=13 rssi=-59 sn
[2026-09-02T18:42:45.528+00:00][A] [INFO] --------------------------------
[2026-09-02T18:42:45.529+00:00][A] [INFO] [HEARTBEAT TX]
[2026-09-02T18:42:45.533+00:00][A] [INFO] Node ID: 1
[2026-09-02T18:42:45.534+00:00][A] [INFO] type: 2
[2026-09-02T18:42:45.534+00:00][A] [INFO] Destination: 0xFF
[2026-09-02T18:42:45.539+00:00][A] [INFO] Sequence: 861
[2026-09-02T18:42:45.539+00:00][A] [INFO] Packet ID: 460
[2026-09-02T18:42:45.544+00:00][A] [INFO] Packet Size: 26
[2026-09-02T18:42:45.544+00:00][A] [INFO] Timestamp: 460 ms
[2026-09-02T18:42:45.549+00:00][A] [INFO] Transmission Result: success
[2026-09-02T18:42:45.550+00:00][A] [INFO] --------------------------------
[2026-09-02T18:42:45.555+00:00][A] [INFO] [Heartbeat #460]
[2026-09-02T18:42:45.555+00:00][A] [INFO] Sent
[2026-09-02T18:42:45.556+00:00][A] [INFO] Waiting ACK...
[2026-09-02T18:42:45.556+00:00][A] [INFO] [WAITING ACK]
[2026-09-02T18:42:45.569+00:00][A] [INFO] [RF TX] type=2 source=0x01 destination=0xFF previousHop=0x01 sequence=861 ackSequence=0 ttl=8 hops=0 payloadSize=13 rssi=0 snr=
[2026-09-02T18:42:45.570+00:00][A] [INFO] Heartbeat packet sent
[2026-09-02T18:42:45.652+00:00][A] [INFO] [RF RX] type=2 source=0x02 destination=0xFF previousHop=0x02 sequence=473 ackSequence=0 ttl=8 hops=0 payloadSize=13 rssi=-59 sn
[2026-09-02T18:42:46.545+00:00][A] [WARN] Retry 1
[2026-09-02T18:42:46.612+00:00][A] [INFO] --------------------------------
[2026-09-02T18:42:46.613+00:00][A] [INFO] [HEARTBEAT TX]
[2026-09-02T18:42:46.617+00:00][A] [INFO] Node ID: 1
[2026-09-02T18:42:46.618+00:00][A] [INFO] type: 2
[2026-09-02T18:42:46.618+00:00][A] [INFO] Destination: 0xFF
[2026-09-02T18:42:46.622+00:00][A] [INFO] Sequence: 861
[2026-09-02T18:42:46.623+00:00][A] [INFO] Packet ID: 460
[2026-09-02T18:42:46.628+00:00][A] [INFO] Packet Size: 26
[2026-09-02T18:42:46.628+00:00][A] [INFO] Timestamp: 460 ms
[2026-09-02T18:42:46.633+00:00][A] [INFO] Transmission Result: success
[2026-09-02T18:42:46.634+00:00][A] [INFO] --------------------------------
[2026-09-02T18:42:46.639+00:00][A] [INFO] [Heartbeat #460]
[2026-09-02T18:42:46.639+00:00][A] [INFO] Sent
[2026-09-02T18:42:46.640+00:00][A] [INFO] Waiting ACK...
[2026-09-02T18:42:46.640+00:00][A] [INFO] [WAITING ACK]
[2026-09-02T18:42:46.653+00:00][A] [INFO] [RF TX] type=2 source=0x01 destination=0xFF previousHop=0x01 sequence=861 ackSequence=0 ttl=8 hops=0 payloadSize=13 rssi=0 snr=
[2026-09-02T18:42:46.654+00:00][A] [INFO] Heartbeat packet sent
[2026-09-02T18:42:46.737+00:00][A] [INFO] [RF RX] type=2 source=0x02 destination=0xFF previousHop=0x02 sequence=473 ackSequence=0 ttl=8 hops=0 payloadSize=13 rssi=-59 sn
[2026-09-02T18:42:47.528+00:00][A] [INFO] --------------------------------
[2026-09-02T18:42:47.528+00:00][A] [INFO] [HEARTBEAT TX]
[2026-09-02T18:42:47.533+00:00][A] [INFO] Node ID: 1
[2026-09-02T18:42:47.533+00:00][A] [INFO] type: 2
[2026-09-02T18:42:47.533+00:00][A] [INFO] Destination: 0xFF
[2026-09-02T18:42:47.538+00:00][A] [INFO] Sequence: 862
[2026-09-02T18:42:47.539+00:00][A] [INFO] Packet ID: 461
[2026-09-02T18:42:47.544+00:00][A] [INFO] Packet Size: 26
[2026-09-02T18:42:47.544+00:00][A] [INFO] Timestamp: 461 ms
[2026-09-02T18:42:47.549+00:00][A] [INFO] Transmission Result: success
[2026-09-02T18:42:47.550+00:00][A] [INFO] --------------------------------
[2026-09-02T18:42:47.555+00:00][A] [INFO] [Heartbeat #461]
[2026-09-02T18:42:47.555+00:00][A] [INFO] Sent
[2026-09-02T18:42:47.555+00:00][A] [INFO] Waiting ACK...
[2026-09-02T18:42:47.556+00:00][A] [INFO] [WAITING ACK]
[2026-09-02T18:42:47.569+00:00][A] [INFO] [RF TX] type=2 source=0x01 destination=0xFF previousHop=0x01 sequence=862 ackSequence=0 ttl=8 hops=0 payloadSize=13 rssi=0 snr=
[2026-09-02T18:42:47.570+00:00][A] [INFO] Heartbeat packet sent
[2026-09-02T18:42:47.652+00:00][A] [INFO] [RF RX] type=2 source=0x02 destination=0xFF previousHop=0x02 sequence=474 ackSequence=0 ttl=8 hops=0 payloadSize=13 rssi=-59 sn
[2026-09-02T18:42:48.545+00:00][A] [WARN] Retry 1
[2026-09-02T18:42:48.612+00:00][A] [INFO] --------------------------------
[2026-09-02T18:42:48.613+00:00][A] [INFO] [HEARTBEAT TX]
[2026-09-02T18:42:48.617+00:00][A] [INFO] Node ID: 1
[2026-09-02T18:42:48.618+00:00][A] [INFO] type: 2
[2026-09-02T18:42:48.618+00:00][A] [INFO] Destination: 0xFF
[2026-09-02T18:42:48.623+00:00][A] [INFO] Sequence: 862
[2026-09-02T18:42:48.623+00:00][A] [INFO] Packet ID: 461
[2026-09-02T18:42:48.628+00:00][A] [INFO] Packet Size: 26
[2026-09-02T18:42:48.629+00:00][A] [INFO] Timestamp: 461 ms
[2026-09-02T18:42:48.634+00:00][A] [INFO] Transmission Result: success
[2026-09-02T18:42:48.634+00:00][A] [INFO] --------------------------------
[2026-09-02T18:42:48.639+00:00][A] [INFO] [Heartbeat #461]
[2026-09-02T18:42:48.639+00:00][A] [INFO] Sent
[2026-09-02T18:42:48.640+00:00][A] [INFO] Waiting ACK...
[2026-09-02T18:42:48.640+00:00][A] [INFO] [WAITING ACK]
[2026-09-02T18:42:48.653+00:00][A] [INFO] [RF TX] type=2 source=0x01 destination=0xFF previousHop=0x01 sequence=862 ackSequence=0 ttl=8 hops=0 payloadSize=13 rssi=0 snr=
[2026-09-02T18:42:48.654+00:00][A] [INFO] Heartbeat packet sent
[2026-09-02T18:42:48.736+00:00][A] [INFO] [RF RX] type=2 source=0x02 destination=0xFF previousHop=0x02 sequence=474 ackSequence=0 ttl=8 hops=0 payloadSize=13 rssi=-59 sn
[2026-09-02T18:42:49.528+00:00][A] [INFO] --------------------------------
[2026-09-02T18:42:49.529+00:00][A] [INFO] [HEARTBEAT TX]
[2026-09-02T18:42:49.533+00:00][A] [INFO] Node ID: 1
[2026-09-02T18:42:49.533+00:00][A] [INFO] type: 2
[2026-09-02T18:42:49.534+00:00][A] [INFO] Destination: 0xFF
[2026-09-02T18:42:49.538+00:00][A] [INFO] Sequence: 863
[2026-09-02T18:42:49.539+00:00][A] [INFO] Packet ID: 462
[2026-09-02T18:42:49.544+00:00][A] [INFO] Packet Size: 26
[2026-09-02T18:42:49.544+00:00][A] [INFO] Timestamp: 462 ms
[2026-09-02T18:42:49.549+00:00][A] [INFO] Transmission Result: success
[2026-09-02T18:42:49.550+00:00][A] [INFO] --------------------------------
[2026-09-02T18:42:49.555+00:00][A] [INFO] [Heartbeat #462]
[2026-09-02T18:42:49.555+00:00][A] [INFO] Sent
[2026-09-02T18:42:49.555+00:00][A] [INFO] Waiting ACK...
[2026-09-02T18:42:49.556+00:00][A] [INFO] [WAITING ACK]
[2026-09-02T18:42:49.569+00:00][A] [INFO] [RF TX] type=2 source=0x01 destination=0xFF previousHop=0x01 sequence=863 ackSequence=0 ttl=8 hops=0 payloadSize=13 rssi=0 snr=
[2026-09-02T18:42:49.570+00:00][A] [INFO] Heartbeat packet sent
[2026-09-02T18:42:49.652+00:00][A] [INFO] [RF RX] type=2 source=0x02 destination=0xFF previousHop=0x02 sequence=475 ackSequence=0 ttl=8 hops=0 payloadSize=13 rssi=-59 sn
[2026-09-02T18:42:50.545+00:00][A] [WARN] Retry 1
[2026-09-02T18:42:50.612+00:00][A] [INFO] --------------------------------
[2026-09-02T18:42:50.612+00:00][A] [INFO] [HEARTBEAT TX]
[2026-09-02T18:42:50.617+00:00][A] [INFO] Node ID: 1
[2026-09-02T18:42:50.617+00:00][A] [INFO] type: 2
[2026-09-02T18:42:50.618+00:00][A] [INFO] Destination: 0xFF
[2026-09-02T18:42:50.622+00:00][A] [INFO] Sequence: 863
[2026-09-02T18:42:50.623+00:00][A] [INFO] Packet ID: 462
[2026-09-02T18:42:50.628+00:00][A] [INFO] Packet Size: 26
[2026-09-02T18:42:50.628+00:00][A] [INFO] Timestamp: 462 ms
[2026-09-02T18:42:50.633+00:00][A] [INFO] Transmission Result: success
[2026-09-02T18:42:50.634+00:00][A] [INFO] --------------------------------
[2026-09-02T18:42:50.639+00:00][A] [INFO] [Heartbeat #462]
[2026-09-02T18:42:50.639+00:00][A] [INFO] Sent
[2026-09-02T18:42:50.639+00:00][A] [INFO] Waiting ACK...
[2026-09-02T18:42:50.640+00:00][A] [INFO] [WAITING ACK]
[2026-09-02T18:42:50.653+00:00][A] [INFO] [RF TX] type=2 source=0x01 destination=0xFF previousHop=0x01 sequence=863 ackSequence=0 ttl=8 hops=0 payloadSize=13 rssi=0 snr=
[2026-09-02T18:42:50.653+00:00][A] [INFO] Heartbeat packet sent
[2026-09-02T18:42:50.737+00:00][A] [INFO] [RF RX] type=2 source=0x02 destination=0xFF previousHop=0x02 sequence=475 ackSequence=0 ttl=8 hops=0 payloadSize=13 rssi=-59 sn
[2026-09-02T18:42:51.527+00:00][A] [INFO] --------------------------------
[2026-09-02T18:42:51.528+00:00][A] [INFO] [HEARTBEAT TX]
[2026-09-02T18:42:51.533+00:00][A] [INFO] Node ID: 1
[2026-09-02T18:42:51.533+00:00][A] [INFO] type: 2
[2026-09-02T18:42:51.533+00:00][A] [INFO] Destination: 0xFF
[2026-09-02T18:42:51.538+00:00][A] [INFO] Sequence: 864
[2026-09-02T18:42:51.538+00:00][A] [INFO] Packet ID: 463
[2026-09-02T18:42:51.544+00:00][A] [INFO] Packet Size: 26
[2026-09-02T18:42:51.544+00:00][A] [INFO] Timestamp: 463 ms
[2026-09-02T18:42:51.549+00:00][A] [INFO] Transmission Result: success
[2026-09-02T18:42:51.550+00:00][A] [INFO] --------------------------------
[2026-09-02T18:42:51.555+00:00][A] [INFO] [Heartbeat #463]
[2026-09-02T18:42:51.555+00:00][A] [INFO] Sent
[2026-09-02T18:42:51.555+00:00][A] [INFO] Waiting ACK...
[2026-09-02T18:42:51.555+00:00][A] [INFO] [WAITING ACK]
[2026-09-02T18:42:51.569+00:00][A] [INFO] [RF TX] type=2 source=0x01 destination=0xFF previousHop=0x01 sequence=864 ackSequence=0 ttl=8 hops=0 payloadSize=13 rssi=0 snr=
[2026-09-02T18:42:51.569+00:00][A] [INFO] Heartbeat packet sent
[2026-09-02T18:42:51.652+00:00][A] [INFO] [RF RX] type=2 source=0x02 destination=0xFF previousHop=0x02 sequence=476 ackSequence=0 ttl=8 hops=0 payloadSize=13 rssi=-60 sn
[2026-09-02T18:42:52.545+00:00][A] [WARN] Retry 1
[2026-09-02T18:42:52.612+00:00][A] [INFO] --------------------------------
[2026-09-02T18:42:52.612+00:00][A] [INFO] [HEARTBEAT TX]
[2026-09-02T18:42:52.617+00:00][A] [INFO] Node ID: 1
[2026-09-02T18:42:52.617+00:00][A] [INFO] type: 2
[2026-09-02T18:42:52.618+00:00][A] [INFO] Destination: 0xFF
[2026-09-02T18:42:52.623+00:00][A] [INFO] Sequence: 864
[2026-09-02T18:42:52.623+00:00][A] [INFO] Packet ID: 463
[2026-09-02T18:42:52.628+00:00][A] [INFO] Packet Size: 26
[2026-09-02T18:42:52.628+00:00][A] [INFO] Timestamp: 463 ms
[2026-09-02T18:42:52.633+00:00][A] [INFO] Transmission Result: success
[2026-09-02T18:42:52.634+00:00][A] [INFO] --------------------------------
[2026-09-02T18:42:52.639+00:00][A] [INFO] [Heartbeat #463]
[2026-09-02T18:42:52.639+00:00][A] [INFO] Sent
[2026-09-02T18:42:52.639+00:00][A] [INFO] Waiting ACK...
[2026-09-02T18:42:52.639+00:00][A] [INFO] [WAITING ACK]
[2026-09-02T18:42:52.653+00:00][A] [INFO] [RF TX] type=2 source=0x01 destination=0xFF previousHop=0x01 sequence=864 ackSequence=0 ttl=8 hops=0 payloadSize=13 rssi=0 snr=
[2026-09-02T18:42:52.653+00:00][A] [INFO] Heartbeat packet sent
[2026-09-02T18:42:52.736+00:00][A] [INFO] [RF RX] type=2 source=0x02 destination=0xFF previousHop=0x02 sequence=476 ackSequence=0 ttl=8 hops=0 payloadSize=13 rssi=-60 sn
[2026-09-02T18:42:53.528+00:00][A] [INFO] --------------------------------
[2026-09-02T18:42:53.528+00:00][A] [INFO] [HEARTBEAT TX]
[2026-09-02T18:42:53.533+00:00][A] [INFO] Node ID: 1
[2026-09-02T18:42:53.533+00:00][A] [INFO] type: 2
[2026-09-02T18:42:53.534+00:00][A] [INFO] Destination: 0xFF
[2026-09-02T18:42:53.538+00:00][A] [INFO] Sequence: 865
[2026-09-02T18:42:53.539+00:00][A] [INFO] Packet ID: 464
[2026-09-02T18:42:53.544+00:00][A] [INFO] Packet Size: 26
[2026-09-02T18:42:53.544+00:00][A] [INFO] Timestamp: 464 ms
[2026-09-02T18:42:53.549+00:00][A] [INFO] Transmission Result: success
[2026-09-02T18:42:53.550+00:00][A] [INFO] --------------------------------
[2026-09-02T18:42:53.555+00:00][A] [INFO] [Heartbeat #464]
[2026-09-02T18:42:53.555+00:00][A] [INFO] Sent
[2026-09-02T18:42:53.555+00:00][A] [INFO] Waiting ACK...
[2026-09-02T18:42:53.556+00:00][A] [INFO] [WAITING ACK]
[2026-09-02T18:42:53.569+00:00][A] [INFO] [RF TX] type=2 source=0x01 destination=0xFF previousHop=0x01 sequence=865 ackSequence=0 ttl=8 hops=0 payloadSize=13 rssi=0 snr=
[2026-09-02T18:42:53.570+00:00][A] [INFO] Heartbeat packet sent
[2026-09-02T18:42:53.652+00:00][A] [INFO] [RF RX] type=2 source=0x02 destination=0xFF previousHop=0x02 sequence=477 ackSequence=0 ttl=8 hops=0 payloadSize=13 rssi=-59 sn
[2026-09-02T18:42:54.545+00:00][A] [WARN] Retry 1
[2026-09-02T18:42:54.612+00:00][A] [INFO] --------------------------------
[2026-09-02T18:42:54.612+00:00][A] [INFO] [HEARTBEAT TX]
[2026-09-02T18:42:54.617+00:00][A] [INFO] Node ID: 1
[2026-09-02T18:42:54.617+00:00][A] [INFO] type: 2
[2026-09-02T18:42:54.618+00:00][A] [INFO] Destination: 0xFF
[2026-09-02T18:42:54.622+00:00][A] [INFO] Sequence: 865
[2026-09-02T18:42:54.623+00:00][A] [INFO] Packet ID: 464
[2026-09-02T18:42:54.628+00:00][A] [INFO] Packet Size: 26
[2026-09-02T18:42:54.628+00:00][A] [INFO] Timestamp: 464 ms
[2026-09-02T18:42:54.633+00:00][A] [INFO] Transmission Result: success
[2026-09-02T18:42:54.634+00:00][A] [INFO] --------------------------------
[2026-09-02T18:42:54.639+00:00][A] [INFO] [Heartbeat #464]
[2026-09-02T18:42:54.639+00:00][A] [INFO] Sent
[2026-09-02T18:42:54.639+00:00][A] [INFO] Waiting ACK...
[2026-09-02T18:42:54.640+00:00][A] [INFO] [WAITING ACK]
[2026-09-02T18:42:54.653+00:00][A] [INFO] [RF TX] type=2 source=0x01 destination=0xFF previousHop=0x01 sequence=865 ackSequence=0 ttl=8 hops=0 payloadSize=13 rssi=0 snr=
[2026-09-02T18:42:54.653+00:00][A] [INFO] Heartbeat packet sent
[2026-09-02T18:42:54.736+00:00][A] [INFO] [RF RX] type=2 source=0x02 destination=0xFF previousHop=0x02 sequence=477 ackSequence=0 ttl=8 hops=0 payloadSize=13 rssi=-59 sn
[2026-09-02T18:42:55.528+00:00][A] [INFO] --------------------------------
[2026-09-02T18:42:55.530+00:00][A] [INFO] [HEARTBEAT TX]
[2026-09-02T18:42:55.533+00:00][A] [INFO] Node ID: 1
[2026-09-02T18:42:55.533+00:00][A] [INFO] type: 2
[2026-09-02T18:42:55.533+00:00][A] [INFO] Destination: 0xFF
[2026-09-02T18:42:55.538+00:00][A] [INFO] Sequence: 866
[2026-09-02T18:42:55.539+00:00][A] [INFO] Packet ID: 465
[2026-09-02T18:42:55.544+00:00][A] [INFO] Packet Size: 26
[2026-09-02T18:42:55.544+00:00][A] [INFO] Timestamp: 465 ms
[2026-09-02T18:42:55.549+00:00][A] [INFO] Transmission Result: success
[2026-09-02T18:42:55.550+00:00][A] [INFO] --------------------------------
[2026-09-02T18:42:55.555+00:00][A] [INFO] [Heartbeat #465]
[2026-09-02T18:42:55.555+00:00][A] [INFO] Sent
[2026-09-02T18:42:55.556+00:00][A] [INFO] Waiting ACK...
[2026-09-02T18:42:55.556+00:00][A] [INFO] [WAITING ACK]
[2026-09-02T18:42:55.569+00:00][A] [INFO] [RF TX] type=2 source=0x01 destination=0xFF previousHop=0x01 sequence=866 ackSequence=0 ttl=8 hops=0 payloadSize=13 rssi=0 snr=
[2026-09-02T18:42:55.570+00:00][A] [INFO] Heartbeat packet sent
[2026-09-02T18:42:55.652+00:00][A] [INFO] [RF RX] type=2 source=0x02 destination=0xFF previousHop=0x02 sequence=478 ackSequence=0 ttl=8 hops=0 payloadSize=13 rssi=-59 sn
[2026-09-02T18:42:56.545+00:00][A] [WARN] Retry 1
[2026-09-02T18:42:56.612+00:00][A] [INFO] --------------------------------
[2026-09-02T18:42:56.613+00:00][A] [INFO] [HEARTBEAT TX]
[2026-09-02T18:42:56.617+00:00][A] [INFO] Node ID: 1
[2026-09-02T18:42:56.617+00:00][A] [INFO] type: 2
[2026-09-02T18:42:56.618+00:00][A] [INFO] Destination: 0xFF
[2026-09-02T18:42:56.622+00:00][A] [INFO] Sequence: 866
[2026-09-02T18:42:56.623+00:00][A] [INFO] Packet ID: 465
[2026-09-02T18:42:56.628+00:00][A] [INFO] Packet Size: 26
[2026-09-02T18:42:56.628+00:00][A] [INFO] Timestamp: 465 ms
[2026-09-02T18:42:56.633+00:00][A] [INFO] Transmission Result: success
[2026-09-02T18:42:56.634+00:00][A] [INFO] --------------------------------
[2026-09-02T18:42:56.639+00:00][A] [INFO] [Heartbeat #465]
[2026-09-02T18:42:56.639+00:00][A] [INFO] Sent
[2026-09-02T18:42:56.639+00:00][A] [INFO] Waiting ACK...
[2026-09-02T18:42:56.640+00:00][A] [INFO] [WAITING ACK]
[2026-09-02T18:42:56.653+00:00][A] [INFO] [RF TX] type=2 source=0x01 destination=0xFF previousHop=0x01 sequence=866 ackSequence=0 ttl=8 hops=0 payloadSize=13 rssi=0 snr=
[2026-09-02T18:42:56.654+00:00][A] [INFO] Heartbeat packet sent
[2026-09-02T18:42:56.737+00:00][A] [INFO] [RF RX] type=2 source=0x02 destination=0xFF previousHop=0x02 sequence=478 ackSequence=0 ttl=8 hops=0 payloadSize=13 rssi=-60 sn
[2026-09-02T18:42:57.528+00:00][A] [INFO] --------------------------------
[2026-09-02T18:42:57.528+00:00][A] [INFO] [HEARTBEAT TX]
[2026-09-02T18:42:57.533+00:00][A] [INFO] Node ID: 1
[2026-09-02T18:42:57.533+00:00][A] [INFO] type: 2
[2026-09-02T18:42:57.534+00:00][A] [INFO] Destination: 0xFF
[2026-09-02T18:42:57.538+00:00][A] [INFO] Sequence: 867
[2026-09-02T18:42:57.539+00:00][A] [INFO] Packet ID: 466
[2026-09-02T18:42:57.544+00:00][A] [INFO] Packet Size: 26
[2026-09-02T18:42:57.544+00:00][A] [INFO] Timestamp: 466 ms
[2026-09-02T18:42:57.549+00:00][A] [INFO] Transmission Result: success
[2026-09-02T18:42:57.550+00:00][A] [INFO] --------------------------------
[2026-09-02T18:42:57.555+00:00][A] [INFO] [Heartbeat #466]
[2026-09-02T18:42:57.555+00:00][A] [INFO] Sent
[2026-09-02T18:42:57.555+00:00][A] [INFO] Waiting ACK...
[2026-09-02T18:42:57.556+00:00][A] [INFO] [WAITING ACK]
[2026-09-02T18:42:57.569+00:00][A] [INFO] [RF TX] type=2 source=0x01 destination=0xFF previousHop=0x01 sequence=867 ackSequence=0 ttl=8 hops=0 payloadSize=13 rssi=0 snr=
[2026-09-02T18:42:57.570+00:00][A] [INFO] Heartbeat packet sent
[2026-09-02T18:42:57.652+00:00][A] [INFO] [RF RX] type=2 source=0x02 destination=0xFF previousHop=0x02 sequence=479 ackSequence=0 ttl=8 hops=0 payloadSize=13 rssi=-59 sn
[2026-09-02T18:42:58.545+00:00][A] [WARN] Retry 1
[2026-09-02T18:42:58.612+00:00][A] [INFO] --------------------------------
[2026-09-02T18:42:58.612+00:00][A] [INFO] [HEARTBEAT TX]
[2026-09-02T18:42:58.617+00:00][A] [INFO] Node ID: 1
[2026-09-02T18:42:58.618+00:00][A] [INFO] type: 2
[2026-09-02T18:42:58.618+00:00][A] [INFO] Destination: 0xFF
[2026-09-02T18:42:58.623+00:00][A] [INFO] Sequence: 867
[2026-09-02T18:42:58.623+00:00][A] [INFO] Packet ID: 466
[2026-09-02T18:42:58.628+00:00][A] [INFO] Packet Size: 26
[2026-09-02T18:42:58.628+00:00][A] [INFO] Timestamp: 466 ms
[2026-09-02T18:42:58.633+00:00][A] [INFO] Transmission Result: success
[2026-09-02T18:42:58.634+00:00][A] [INFO] --------------------------------
[2026-09-02T18:42:58.639+00:00][A] [INFO] [Heartbeat #466]
[2026-09-02T18:42:58.639+00:00][A] [INFO] Sent
[2026-09-02T18:42:58.640+00:00][A] [INFO] Waiting ACK...
[2026-09-02T18:42:58.640+00:00][A] [INFO] [WAITING ACK]
[2026-09-02T18:42:58.653+00:00][A] [INFO] [RF TX] type=2 source=0x01 destination=0xFF previousHop=0x01 sequence=867 ackSequence=0 ttl=8 hops=0 payloadSize=13 rssi=0 snr=
[2026-09-02T18:42:58.654+00:00][A] [INFO] Heartbeat packet sent
[2026-09-02T18:42:58.736+00:00][A] [INFO] [RF RX] type=2 source=0x02 destination=0xFF previousHop=0x02 sequence=479 ackSequence=0 ttl=8 hops=0 payloadSize=13 rssi=-59 sn
[2026-09-02T18:42:59.527+00:00][A] [INFO] --------------------------------
[2026-09-02T18:42:59.528+00:00][A] [INFO] [HEARTBEAT TX]
[2026-09-02T18:42:59.533+00:00][A] [INFO] Node ID: 1
[2026-09-02T18:42:59.533+00:00][A] [INFO] type: 2
[2026-09-02T18:42:59.533+00:00][A] [INFO] Destination: 0xFF
[2026-09-02T18:42:59.538+00:00][A] [INFO] Sequence: 868
[2026-09-02T18:42:59.539+00:00][A] [INFO] Packet ID: 467
[2026-09-02T18:42:59.544+00:00][A] [INFO] Packet Size: 26
[2026-09-02T18:42:59.544+00:00][A] [INFO] Timestamp: 467 ms
[2026-09-02T18:42:59.549+00:00][A] [INFO] Transmission Result: success
[2026-09-02T18:42:59.550+00:00][A] [INFO] --------------------------------
[2026-09-02T18:42:59.555+00:00][A] [INFO] [Heartbeat #467]
[2026-09-02T18:42:59.555+00:00][A] [INFO] Sent
[2026-09-02T18:42:59.555+00:00][A] [INFO] Waiting ACK...
[2026-09-02T18:42:59.555+00:00][A] [INFO] [WAITING ACK]
[2026-09-02T18:42:59.569+00:00][A] [INFO] [RF TX] type=2 source=0x01 destination=0xFF previousHop=0x01 sequence=868 ackSequence=0 ttl=8 hops=0 payloadSize=13 rssi=0 snr=
[2026-09-02T18:42:59.569+00:00][A] [INFO] Heartbeat packet sent
[2026-09-02T18:42:59.652+00:00][A] [INFO] [RF RX] type=2 source=0x02 destination=0xFF previousHop=0x02 sequence=480 ackSequence=0 ttl=8 hops=0 payloadSize=13 rssi=-59 sn
[2026-09-02T18:43:00.545+00:00][A] [WARN] Retry 1
[2026-09-02T18:43:00.612+00:00][A] [INFO] --------------------------------
[2026-09-02T18:43:00.613+00:00][A] [INFO] [HEARTBEAT TX]
[2026-09-02T18:43:00.617+00:00][A] [INFO] Node ID: 1
[2026-09-02T18:43:00.617+00:00][A] [INFO] type: 2
[2026-09-02T18:43:00.618+00:00][A] [INFO] Destination: 0xFF
[2026-09-02T18:43:00.622+00:00][A] [INFO] Sequence: 868
[2026-09-02T18:43:00.623+00:00][A] [INFO] Packet ID: 467
[2026-09-02T18:43:00.628+00:00][A] [INFO] Packet Size: 26
[2026-09-02T18:43:00.628+00:00][A] [INFO] Timestamp: 467 ms
[2026-09-02T18:43:00.633+00:00][A] [INFO] Transmission Result: success
[2026-09-02T18:43:00.634+00:00][A] [INFO] --------------------------------
[2026-09-02T18:43:00.639+00:00][A] [INFO] [Heartbeat #467]
[2026-09-02T18:43:00.639+00:00][A] [INFO] Sent
[2026-09-02T18:43:00.639+00:00][A] [INFO] Waiting ACK...
[2026-09-02T18:43:00.639+00:00][A] [INFO] [WAITING ACK]
[2026-09-02T18:43:00.653+00:00][A] [INFO] [RF TX] type=2 source=0x01 destination=0xFF previousHop=0x01 sequence=868 ackSequence=0 ttl=8 hops=0 payloadSize=13 rssi=0 snr=
[2026-09-02T18:43:00.653+00:00][A] [INFO] Heartbeat packet sent
[2026-09-02T18:43:00.737+00:00][A] [INFO] [RF RX] type=2 source=0x02 destination=0xFF previousHop=0x02 sequence=480 ackSequence=0 ttl=8 hops=0 payloadSize=13 rssi=-60 sn
[2026-09-02T18:43:01.528+00:00][A] [INFO] --------------------------------
[2026-09-02T18:43:01.528+00:00][A] [INFO] [HEARTBEAT TX]
[2026-09-02T18:43:01.533+00:00][A] [INFO] Node ID: 1
[2026-09-02T18:43:01.533+00:00][A] [INFO] type: 2
[2026-09-02T18:43:01.534+00:00][A] [INFO] Destination: 0xFF
[2026-09-02T18:43:01.538+00:00][A] [INFO] Sequence: 869
[2026-09-02T18:43:01.538+00:00][A] [INFO] Packet ID: 468
[2026-09-02T18:43:01.544+00:00][A] [INFO] Packet Size: 26
[2026-09-02T18:43:01.544+00:00][A] [INFO] Timestamp: 468 ms
[2026-09-02T18:43:01.549+00:00][A] [INFO] Transmission Result: success
[2026-09-02T18:43:01.550+00:00][A] [INFO] --------------------------------
[2026-09-02T18:43:01.555+00:00][A] [INFO] [Heartbeat #468]
[2026-09-02T18:43:01.555+00:00][A] [INFO] Sent
[2026-09-02T18:43:01.555+00:00][A] [INFO] Waiting ACK...
[2026-09-02T18:43:01.556+00:00][A] [INFO] [WAITING ACK]
[2026-09-02T18:43:01.569+00:00][A] [INFO] [RF TX] type=2 source=0x01 destination=0xFF previousHop=0x01 sequence=869 ackSequence=0 ttl=8 hops=0 payloadSize=13 rssi=0 snr=
[2026-09-02T18:43:01.570+00:00][A] [INFO] Heartbeat packet sent
[2026-09-02T18:43:01.653+00:00][A] [INFO] [RF RX] type=2 source=0x02 destination=0xFF previousHop=0x02 sequence=481 ackSequence=0 ttl=8 hops=0 payloadSize=13 rssi=-60 sn
[2026-09-02T18:43:02.544+00:00][A] [WARN] Retry 1
[2026-09-02T18:43:02.612+00:00][A] [INFO] --------------------------------
[2026-09-02T18:43:02.612+00:00][A] [INFO] [HEARTBEAT TX]
[2026-09-02T18:43:02.617+00:00][A] [INFO] Node ID: 1
[2026-09-02T18:43:02.617+00:00][A] [INFO] type: 2
[2026-09-02T18:43:02.618+00:00][A] [INFO] Destination: 0xFF
[2026-09-02T18:43:02.622+00:00][A] [INFO] Sequence: 869
[2026-09-02T18:43:02.622+00:00][A] [INFO] Packet ID: 468
[2026-09-02T18:43:02.628+00:00][A] [INFO] Packet Size: 26
[2026-09-02T18:43:02.628+00:00][A] [INFO] Timestamp: 468 ms
[2026-09-02T18:43:02.633+00:00][A] [INFO] Transmission Result: success
[2026-09-02T18:43:02.634+00:00][A] [INFO] --------------------------------
[2026-09-02T18:43:02.639+00:00][A] [INFO] [Heartbeat #468]
[2026-09-02T18:43:02.639+00:00][A] [INFO] Sent
[2026-09-02T18:43:02.639+00:00][A] [INFO] Waiting ACK...
[2026-09-02T18:43:02.639+00:00][A] [INFO] [WAITING ACK]
[2026-09-02T18:43:02.653+00:00][A] [INFO] [RF TX] type=2 source=0x01 destination=0xFF previousHop=0x01 sequence=869 ackSequence=0 ttl=8 hops=0 payloadSize=13 rssi=0 snr=
[2026-09-02T18:43:02.654+00:00][A] [INFO] Heartbeat packet sent
[2026-09-02T18:43:02.736+00:00][A] [INFO] [RF RX] type=2 source=0x02 destination=0xFF previousHop=0x02 sequence=481 ackSequence=0 ttl=8 hops=0 payloadSize=13 rssi=-61 sn
[2026-09-02T18:43:03.528+00:00][A] [INFO] --------------------------------
[2026-09-02T18:43:03.528+00:00][A] [INFO] [HEARTBEAT TX]
[2026-09-02T18:43:03.533+00:00][A] [INFO] Node ID: 1
[2026-09-02T18:43:03.533+00:00][A] [INFO] type: 2
[2026-09-02T18:43:03.534+00:00][A] [INFO] Destination: 0xFF
[2026-09-02T18:43:03.538+00:00][A] [INFO] Sequence: 870
[2026-09-02T18:43:03.539+00:00][A] [INFO] Packet ID: 469
[2026-09-02T18:43:03.544+00:00][A] [INFO] Packet Size: 26
[2026-09-02T18:43:03.544+00:00][A] [INFO] Timestamp: 469 ms
[2026-09-02T18:43:03.549+00:00][A] [INFO] Transmission Result: success
[2026-09-02T18:43:03.550+00:00][A] [INFO] --------------------------------
[2026-09-02T18:43:03.555+00:00][A] [INFO] [Heartbeat #469]
[2026-09-02T18:43:03.555+00:00][A] [INFO] Sent
[2026-09-02T18:43:03.555+00:00][A] [INFO] Waiting ACK...
[2026-09-02T18:43:03.556+00:00][A] [INFO] [WAITING ACK]
[2026-09-02T18:43:03.569+00:00][A] [INFO] [RF TX] type=2 source=0x01 destination=0xFF previousHop=0x01 sequence=870 ackSequence=0 ttl=8 hops=0 payloadSize=13 rssi=0 snr=
[2026-09-02T18:43:03.570+00:00][A] [INFO] Heartbeat packet sent
[2026-09-02T18:43:03.652+00:00][A] [INFO] [RF RX] type=2 source=0x02 destination=0xFF previousHop=0x02 sequence=482 ackSequence=0 ttl=8 hops=0 payloadSize=13 rssi=-61 sn
[2026-09-02T18:43:04.545+00:00][A] [WARN] Retry 1
[2026-09-02T18:43:04.612+00:00][A] [INFO] --------------------------------
[2026-09-02T18:43:04.612+00:00][A] [INFO] [HEARTBEAT TX]
[2026-09-02T18:43:04.617+00:00][A] [INFO] Node ID: 1
[2026-09-02T18:43:04.617+00:00][A] [INFO] type: 2
[2026-09-02T18:43:04.617+00:00][A] [INFO] Destination: 0xFF
[2026-09-02T18:43:04.622+00:00][A] [INFO] Sequence: 870
[2026-09-02T18:43:04.623+00:00][A] [INFO] Packet ID: 469
[2026-09-02T18:43:04.628+00:00][A] [INFO] Packet Size: 26
[2026-09-02T18:43:04.628+00:00][A] [INFO] Timestamp: 469 ms
[2026-09-02T18:43:04.633+00:00][A] [INFO] Transmission Result: success
[2026-09-02T18:43:04.634+00:00][A] [INFO] --------------------------------
[2026-09-02T18:43:04.639+00:00][A] [INFO] [Heartbeat #469]
[2026-09-02T18:43:04.639+00:00][A] [INFO] Sent
[2026-09-02T18:43:04.639+00:00][A] [INFO] Waiting ACK...
[2026-09-02T18:43:04.639+00:00][A] [INFO] [WAITING ACK]
[2026-09-02T18:43:04.653+00:00][A] [INFO] [RF TX] type=2 source=0x01 destination=0xFF previousHop=0x01 sequence=870 ackSequence=0 ttl=8 hops=0 payloadSize=13 rssi=0 snr=
[2026-09-02T18:43:04.653+00:00][A] [INFO] Heartbeat packet sent
[2026-09-02T18:43:04.736+00:00][A] [INFO] [RF RX] type=2 source=0x02 destination=0xFF previousHop=0x02 sequence=482 ackSequence=0 ttl=8 hops=0 payloadSize=13 rssi=-60 sn
[2026-09-02T18:43:05.527+00:00][A] [INFO] --------------------------------
[2026-09-02T18:43:05.528+00:00][A] [INFO] [HEARTBEAT TX]
[2026-09-02T18:43:05.532+00:00][A] [INFO] Node ID: 1
[2026-09-02T18:43:05.533+00:00][A] [INFO] type: 2
[2026-09-02T18:43:05.533+00:00][A] [INFO] Destination: 0xFF
[2026-09-02T18:43:05.538+00:00][A] [INFO] Sequence: 871
[2026-09-02T18:43:05.538+00:00][A] [INFO] Packet ID: 470
[2026-09-02T18:43:05.543+00:00][A] [INFO] Packet Size: 26
[2026-09-02T18:43:05.544+00:00][A] [INFO] Timestamp: 470 ms
[2026-09-02T18:43:05.549+00:00][A] [INFO] Transmission Result: success
[2026-09-02T18:43:05.549+00:00][A] [INFO] --------------------------------
[2026-09-02T18:43:05.555+00:00][A] [INFO] [Heartbeat #470]
[2026-09-02T18:43:05.555+00:00][A] [INFO] Sent
[2026-09-02T18:43:05.555+00:00][A] [INFO] Waiting ACK...
[2026-09-02T18:43:05.555+00:00][A] [INFO] [WAITING ACK]
[2026-09-02T18:43:05.569+00:00][A] [INFO] [RF TX] type=2 source=0x01 destination=0xFF previousHop=0x01 sequence=871 ackSequence=0 ttl=8 hops=0 payloadSize=13 rssi=0 snr=
[2026-09-02T18:43:05.569+00:00][A] [INFO] Heartbeat packet sent
[2026-09-02T18:43:05.653+00:00][A] [INFO] [RF RX] type=2 source=0x02 destination=0xFF previousHop=0x02 sequence=483 ackSequence=0 ttl=8 hops=0 payloadSize=13 rssi=-60 sn
[2026-09-02T18:43:06.544+00:00][A] [WARN] Retry 1
[2026-09-02T18:43:06.611+00:00][A] [INFO] --------------------------------
[2026-09-02T18:43:06.611+00:00][A] [INFO] [HEARTBEAT TX]
[2026-09-02T18:43:06.616+00:00][A] [INFO] Node ID: 1
[2026-09-02T18:43:06.616+00:00][A] [INFO] type: 2
[2026-09-02T18:43:06.616+00:00][A] [INFO] Destination: 0xFF
[2026-09-02T18:43:06.622+00:00][A] [INFO] Sequence: 871
[2026-09-02T18:43:06.622+00:00][A] [INFO] Packet ID: 470
[2026-09-02T18:43:06.627+00:00][A] [INFO] Packet Size: 26
[2026-09-02T18:43:06.627+00:00][A] [INFO] Timestamp: 470 ms
[2026-09-02T18:43:06.633+00:00][A] [INFO] Transmission Result: success
[2026-09-02T18:43:06.633+00:00][A] [INFO] --------------------------------
[2026-09-02T18:43:06.639+00:00][A] [INFO] [Heartbeat #470]
[2026-09-02T18:43:06.639+00:00][A] [INFO] Sent
[2026-09-02T18:43:06.639+00:00][A] [INFO] Waiting ACK...
[2026-09-02T18:43:06.639+00:00][A] [INFO] [WAITING ACK]
[2026-09-02T18:43:06.653+00:00][A] [INFO] [RF TX] type=2 source=0x01 destination=0xFF previousHop=0x01 sequence=871 ackSequence=0 ttl=8 hops=0 payloadSize=13 rssi=0 snr=
[2026-09-02T18:43:06.653+00:00][A] [INFO] Heartbeat packet sent
[2026-09-02T18:43:06.736+00:00][A] [INFO] [RF RX] type=2 source=0x02 destination=0xFF previousHop=0x02 sequence=483 ackSequence=0 ttl=8 hops=0 payloadSize=13 rssi=-60 sn
[2026-09-02T18:43:07.528+00:00][A] [INFO] --------------------------------
[2026-09-02T18:43:07.529+00:00][A] [INFO] [HEARTBEAT TX]
[2026-09-02T18:43:07.533+00:00][A] [INFO] Node ID: 1
[2026-09-02T18:43:07.533+00:00][A] [INFO] type: 2
[2026-09-02T18:43:07.533+00:00][A] [INFO] Destination: 0xFF
[2026-09-02T18:43:07.538+00:00][A] [INFO] Sequence: 872
[2026-09-02T18:43:07.539+00:00][A] [INFO] Packet ID: 471
[2026-09-02T18:43:07.544+00:00][A] [INFO] Packet Size: 26
[2026-09-02T18:43:07.545+00:00][A] [INFO] Timestamp: 471 ms
[2026-09-02T18:43:07.549+00:00][A] [INFO] Transmission Result: success
[2026-09-02T18:43:07.550+00:00][A] [INFO] --------------------------------
[2026-09-02T18:43:07.555+00:00][A] [INFO] [Heartbeat #471]
[2026-09-02T18:43:07.555+00:00][A] [INFO] Sent
[2026-09-02T18:43:07.555+00:00][A] [INFO] Waiting ACK...
[2026-09-02T18:43:07.555+00:00][A] [INFO] [WAITING ACK]
[2026-09-02T18:43:07.569+00:00][A] [INFO] [RF TX] type=2 source=0x01 destination=0xFF previousHop=0x01 sequence=872 ackSequence=0 ttl=8 hops=0 payloadSize=13 rssi=0 snr=
[2026-09-02T18:43:07.570+00:00][A] [INFO] Heartbeat packet sent
[2026-09-02T18:43:07.652+00:00][A] [INFO] [RF RX] type=2 source=0x02 destination=0xFF previousHop=0x02 sequence=484 ackSequence=0 ttl=8 hops=0 payloadSize=13 rssi=-60 sn
[2026-09-02T18:43:08.544+00:00][A] [WARN] Retry 1
[2026-09-02T18:43:08.612+00:00][A] [INFO] --------------------------------
[2026-09-02T18:43:08.612+00:00][A] [INFO] [HEARTBEAT TX]
[2026-09-02T18:43:08.617+00:00][A] [INFO] Node ID: 1
[2026-09-02T18:43:08.617+00:00][A] [INFO] type: 2
[2026-09-02T18:43:08.618+00:00][A] [INFO] Destination: 0xFF
[2026-09-02T18:43:08.622+00:00][A] [INFO] Sequence: 872
[2026-09-02T18:43:08.622+00:00][A] [INFO] Packet ID: 471
[2026-09-02T18:43:08.628+00:00][A] [INFO] Packet Size: 26
[2026-09-02T18:43:08.628+00:00][A] [INFO] Timestamp: 471 ms
[2026-09-02T18:43:08.633+00:00][A] [INFO] Transmission Result: success
[2026-09-02T18:43:08.634+00:00][A] [INFO] --------------------------------
[2026-09-02T18:43:08.639+00:00][A] [INFO] [Heartbeat #471]
[2026-09-02T18:43:08.639+00:00][A] [INFO] Sent
[2026-09-02T18:43:08.639+00:00][A] [INFO] Waiting ACK...
[2026-09-02T18:43:08.639+00:00][A] [INFO] [WAITING ACK]
[2026-09-02T18:43:08.653+00:00][A] [INFO] [RF TX] type=2 source=0x01 destination=0xFF previousHop=0x01 sequence=872 ackSequence=0 ttl=8 hops=0 payloadSize=13 rssi=0 snr=
[2026-09-02T18:43:08.653+00:00][A] [INFO] Heartbeat packet sent
[2026-09-02T18:43:08.736+00:00][A] [INFO] [RF RX] type=2 source=0x02 destination=0xFF previousHop=0x02 sequence=484 ackSequence=0 ttl=8 hops=0 payloadSize=13 rssi=-60 sn
[2026-09-02T18:43:09.528+00:00][A] [INFO] --------------------------------
[2026-09-02T18:43:09.528+00:00][A] [INFO] [HEARTBEAT TX]
[2026-09-02T18:43:09.533+00:00][A] [INFO] Node ID: 1
[2026-09-02T18:43:09.533+00:00][A] [INFO] type: 2
[2026-09-02T18:43:09.533+00:00][A] [INFO] Destination: 0xFF
[2026-09-02T18:43:09.538+00:00][A] [INFO] Sequence: 873
[2026-09-02T18:43:09.539+00:00][A] [INFO] Packet ID: 472
[2026-09-02T18:43:09.544+00:00][A] [INFO] Packet Size: 26
[2026-09-02T18:43:09.544+00:00][A] [INFO] Timestamp: 472 ms
[2026-09-02T18:43:09.549+00:00][A] [INFO] Transmission Result: success
[2026-09-02T18:43:09.550+00:00][A] [INFO] --------------------------------
[2026-09-02T18:43:09.555+00:00][A] [INFO] [Heartbeat #472]
[2026-09-02T18:43:09.555+00:00][A] [INFO] Sent
[2026-09-02T18:43:09.555+00:00][A] [INFO] Waiting ACK...
[2026-09-02T18:43:09.555+00:00][A] [INFO] [WAITING ACK]
[2026-09-02T18:43:09.569+00:00][A] [INFO] [RF TX] type=2 source=0x01 destination=0xFF previousHop=0x01 sequence=873 ackSequence=0 ttl=8 hops=0 payloadSize=13 rssi=0 snr=
[2026-09-02T18:43:09.569+00:00][A] [INFO] Heartbeat packet sent
[2026-09-02T18:43:09.652+00:00][A] [INFO] [RF RX] type=2 source=0x02 destination=0xFF previousHop=0x02 sequence=485 ackSequence=0 ttl=8 hops=0 payloadSize=13 rssi=-60 sn
[2026-09-02T18:43:10.545+00:00][A] [WARN] Retry 1
[2026-09-02T18:43:10.611+00:00][A] [INFO] --------------------------------
[2026-09-02T18:43:10.612+00:00][A] [INFO] [HEARTBEAT TX]
[2026-09-02T18:43:10.617+00:00][A] [INFO] Node ID: 1
[2026-09-02T18:43:10.617+00:00][A] [INFO] type: 2
[2026-09-02T18:43:10.617+00:00][A] [INFO] Destination: 0xFF
[2026-09-02T18:43:10.622+00:00][A] [INFO] Sequence: 873
[2026-09-02T18:43:10.622+00:00][A] [INFO] Packet ID: 472
[2026-09-02T18:43:10.627+00:00][A] [INFO] Packet Size: 26
[2026-09-02T18:43:10.628+00:00][A] [INFO] Timestamp: 472 ms
[2026-09-02T18:43:10.633+00:00][A] [INFO] Transmission Result: success
[2026-09-02T18:43:10.633+00:00][A] [INFO] --------------------------------
[2026-09-02T18:43:10.639+00:00][A] [INFO] [Heartbeat #472]
[2026-09-02T18:43:10.639+00:00][A] [INFO] Sent
[2026-09-02T18:43:10.639+00:00][A] [INFO] Waiting ACK...
[2026-09-02T18:43:10.639+00:00][A] [INFO] [WAITING ACK]
[2026-09-02T18:43:10.653+00:00][A] [INFO] [RF TX] type=2 source=0x01 destination=0xFF previousHop=0x01 sequence=873 ackSequence=0 ttl=8 hops=0 payloadSize=13 rssi=0 snr=
[2026-09-02T18:43:10.654+00:00][A] [INFO] Heartbeat packet sent
[2026-09-02T18:43:10.736+00:00][A] [INFO] [RF RX] type=2 source=0x02 destination=0xFF previousHop=0x02 sequence=485 ackSequence=0 ttl=8 hops=0 payloadSize=13 rssi=-60 sn
[2026-09-02T18:43:11.527+00:00][A] [INFO] --------------------------------
[2026-09-02T18:43:11.528+00:00][A] [INFO] [HEARTBEAT TX]
[2026-09-02T18:43:11.533+00:00][A] [INFO] Node ID: 1
[2026-09-02T18:43:11.533+00:00][A] [INFO] type: 2
[2026-09-02T18:43:11.533+00:00][A] [INFO] Destination: 0xFF
[2026-09-02T18:43:11.538+00:00][A] [INFO] Sequence: 874
[2026-09-02T18:43:11.538+00:00][A] [INFO] Packet ID: 473
[2026-09-02T18:43:11.543+00:00][A] [INFO] Packet Size: 26
[2026-09-02T18:43:11.544+00:00][A] [INFO] Timestamp: 473 ms
[2026-09-02T18:43:11.549+00:00][A] [INFO] Transmission Result: success
[2026-09-02T18:43:11.550+00:00][A] [INFO] --------------------------------
[2026-09-02T18:43:11.555+00:00][A] [INFO] [Heartbeat #473]
[2026-09-02T18:43:11.555+00:00][A] [INFO] Sent
[2026-09-02T18:43:11.555+00:00][A] [INFO] Waiting ACK...
[2026-09-02T18:43:11.555+00:00][A] [INFO] [WAITING ACK]
[2026-09-02T18:43:11.569+00:00][A] [INFO] [RF TX] type=2 source=0x01 destination=0xFF previousHop=0x01 sequence=874 ackSequence=0 ttl=8 hops=0 payloadSize=13 rssi=0 snr=
[2026-09-02T18:43:11.570+00:00][A] [INFO] Heartbeat packet sent
[2026-09-02T18:43:11.652+00:00][A] [INFO] [RF RX] type=2 source=0x02 destination=0xFF previousHop=0x02 sequence=486 ackSequence=0 ttl=8 hops=0 payloadSize=13 rssi=-60 sn
[2026-09-02T18:43:12.544+00:00][A] [WARN] Retry 1
[2026-09-02T18:43:12.611+00:00][A] [INFO] --------------------------------
[2026-09-02T18:43:12.612+00:00][A] [INFO] [HEARTBEAT TX]
[2026-09-02T18:43:12.617+00:00][A] [INFO] Node ID: 1
[2026-09-02T18:43:12.617+00:00][A] [INFO] type: 2
[2026-09-02T18:43:12.617+00:00][A] [INFO] Destination: 0xFF
[2026-09-02T18:43:12.622+00:00][A] [INFO] Sequence: 874
[2026-09-02T18:43:12.622+00:00][A] [INFO] Packet ID: 473
[2026-09-02T18:43:12.627+00:00][A] [INFO] Packet Size: 26
[2026-09-02T18:43:12.628+00:00][A] [INFO] Timestamp: 473 ms
[2026-09-02T18:43:12.633+00:00][A] [INFO] Transmission Result: success
[2026-09-02T18:43:12.634+00:00][A] [INFO] --------------------------------
[2026-09-02T18:43:12.639+00:00][A] [INFO] [Heartbeat #473]
[2026-09-02T18:43:12.639+00:00][A] [INFO] Sent
[2026-09-02T18:43:12.639+00:00][A] [INFO] Waiting ACK...
[2026-09-02T18:43:12.639+00:00][A] [INFO] [WAITING ACK]
[2026-09-02T18:43:12.653+00:00][A] [INFO] [RF TX] type=2 source=0x01 destination=0xFF previousHop=0x01 sequence=874 ackSequence=0 ttl=8 hops=0 payloadSize=13 rssi=0 snr=
[2026-09-02T18:43:12.653+00:00][A] [INFO] Heartbeat packet sent
[2026-09-02T18:43:12.736+00:00][A] [INFO] [RF RX] type=2 source=0x02 destination=0xFF previousHop=0x02 sequence=486 ackSequence=0 ttl=8 hops=0 payloadSize=13 rssi=-60 sn
[2026-09-02T18:43:13.527+00:00][A] [INFO] --------------------------------
[2026-09-02T18:43:13.528+00:00][A] [INFO] [HEARTBEAT TX]
[2026-09-02T18:43:13.533+00:00][A] [INFO] Node ID: 1
[2026-09-02T18:43:13.533+00:00][A] [INFO] type: 2
[2026-09-02T18:43:13.533+00:00][A] [INFO] Destination: 0xFF
[2026-09-02T18:43:13.538+00:00][A] [INFO] Sequence: 875
[2026-09-02T18:43:13.538+00:00][A] [INFO] Packet ID: 474
[2026-09-02T18:43:13.543+00:00][A] [INFO] Packet Size: 26
[2026-09-02T18:43:13.544+00:00][A] [INFO] Timestamp: 474 ms
[2026-09-02T18:43:13.549+00:00][A] [INFO] Transmission Result: success
[2026-09-02T18:43:13.550+00:00][A] [INFO] --------------------------------
[2026-09-02T18:43:13.555+00:00][A] [INFO] [Heartbeat #474]
[2026-09-02T18:43:13.555+00:00][A] [INFO] Sent
[2026-09-02T18:43:13.555+00:00][A] [INFO] Waiting ACK...
[2026-09-02T18:43:13.555+00:00][A] [INFO] [WAITING ACK]
[2026-09-02T18:43:13.569+00:00][A] [INFO] [RF TX] type=2 source=0x01 destination=0xFF previousHop=0x01 sequence=875 ackSequence=0 ttl=8 hops=0 payloadSize=13 rssi=0 snr=
[2026-09-02T18:43:13.569+00:00][A] [INFO] Heartbeat packet sent
[2026-09-02T18:43:13.652+00:00][A] [INFO] [RF RX] type=2 source=0x02 destination=0xFF previousHop=0x02 sequence=487 ackSequence=0 ttl=8 hops=0 payloadSize=13 rssi=-60 sn
[2026-09-02T18:43:14.544+00:00][A] [WARN] Retry 1
[2026-09-02T18:43:14.611+00:00][A] [INFO] --------------------------------
[2026-09-02T18:43:14.612+00:00][A] [INFO] [HEARTBEAT TX]
[2026-09-02T18:43:14.616+00:00][A] [INFO] Node ID: 1
[2026-09-02T18:43:14.617+00:00][A] [INFO] type: 2
[2026-09-02T18:43:14.617+00:00][A] [INFO] Destination: 0xFF
[2026-09-02T18:43:14.622+00:00][A] [INFO] Sequence: 875
[2026-09-02T18:43:14.622+00:00][A] [INFO] Packet ID: 474
[2026-09-02T18:43:14.627+00:00][A] [INFO] Packet Size: 26
[2026-09-02T18:43:14.628+00:00][A] [INFO] Timestamp: 474 ms
[2026-09-02T18:43:14.633+00:00][A] [INFO] Transmission Result: success
[2026-09-02T18:43:14.634+00:00][A] [INFO] --------------------------------
[2026-09-02T18:43:14.639+00:00][A] [INFO] [Heartbeat #474]
[2026-09-02T18:43:14.639+00:00][A] [INFO] Sent
[2026-09-02T18:43:14.639+00:00][A] [INFO] Waiting ACK...
[2026-09-02T18:43:14.639+00:00][A] [INFO] [WAITING ACK]
[2026-09-02T18:43:14.653+00:00][A] [INFO] [RF TX] type=2 source=0x01 destination=0xFF previousHop=0x01 sequence=875 ackSequence=0 ttl=8 hops=0 payloadSize=13 rssi=0 snr=
[2026-09-02T18:43:14.653+00:00][A] [INFO] Heartbeat packet sent
[2026-09-02T18:43:14.736+00:00][A] [INFO] [RF RX] type=2 source=0x02 destination=0xFF previousHop=0x02 sequence=487 ackSequence=0 ttl=8 hops=0 payloadSize=13 rssi=-60 sn
[2026-09-02T18:43:15.527+00:00][A] [INFO] --------------------------------
[2026-09-02T18:43:15.528+00:00][A] [INFO] [HEARTBEAT TX]
[2026-09-02T18:43:15.532+00:00][A] [INFO] Node ID: 1
[2026-09-02T18:43:15.533+00:00][A] [INFO] type: 2
[2026-09-02T18:43:15.533+00:00][A] [INFO] Destination: 0xFF
[2026-09-02T18:43:15.538+00:00][A] [INFO] Sequence: 876
[2026-09-02T18:43:15.538+00:00][A] [INFO] Packet ID: 475
[2026-09-02T18:43:15.543+00:00][A] [INFO] Packet Size: 26
[2026-09-02T18:43:15.544+00:00][A] [INFO] Timestamp: 475 ms
[2026-09-02T18:43:15.549+00:00][A] [INFO] Transmission Result: success
[2026-09-02T18:43:15.550+00:00][A] [INFO] --------------------------------
[2026-09-02T18:43:15.554+00:00][A] [INFO] [Heartbeat #475]
[2026-09-02T18:43:15.555+00:00][A] [INFO] Sent
[2026-09-02T18:43:15.555+00:00][A] [INFO] Waiting ACK...
[2026-09-02T18:43:15.555+00:00][A] [INFO] [WAITING ACK]
[2026-09-02T18:43:15.569+00:00][A] [INFO] [RF TX] type=2 source=0x01 destination=0xFF previousHop=0x01 sequence=876 ackSequence=0 ttl=8 hops=0 payloadSize=13 rssi=0 snr=
[2026-09-02T18:43:15.570+00:00][A] [INFO] Heartbeat packet sent
[2026-09-02T18:43:15.652+00:00][A] [INFO] [RF RX] type=2 source=0x02 destination=0xFF previousHop=0x02 sequence=488 ackSequence=0 ttl=8 hops=0 payloadSize=13 rssi=-61 sn
[2026-09-02T18:43:16.544+00:00][A] [WARN] Retry 1
[2026-09-02T18:43:16.611+00:00][A] [INFO] --------------------------------
[2026-09-02T18:43:16.612+00:00][A] [INFO] [HEARTBEAT TX]
[2026-09-02T18:43:16.616+00:00][A] [INFO] Node ID: 1
[2026-09-02T18:43:16.617+00:00][A] [INFO] type: 2
[2026-09-02T18:43:16.617+00:00][A] [INFO] Destination: 0xFF
[2026-09-02T18:43:16.622+00:00][A] [INFO] Sequence: 876
[2026-09-02T18:43:16.622+00:00][A] [INFO] Packet ID: 475
[2026-09-02T18:43:16.627+00:00][A] [INFO] Packet Size: 26
[2026-09-02T18:43:16.628+00:00][A] [INFO] Timestamp: 475 ms
[2026-09-02T18:43:16.633+00:00][A] [INFO] Transmission Result: success
[2026-09-02T18:43:16.634+00:00][A] [INFO] --------------------------------
[2026-09-02T18:43:16.638+00:00][A] [INFO] [Heartbeat #475]
[2026-09-02T18:43:16.639+00:00][A] [INFO] Sent
[2026-09-02T18:43:16.639+00:00][A] [INFO] Waiting ACK...
[2026-09-02T18:43:16.639+00:00][A] [INFO] [WAITING ACK]
[2026-09-02T18:43:16.653+00:00][A] [INFO] [RF TX] type=2 source=0x01 destination=0xFF previousHop=0x01 sequence=876 ackSequence=0 ttl=8 hops=0 payloadSize=13 rssi=0 snr=
[2026-09-02T18:43:16.653+00:00][A] [INFO] Heartbeat packet sent
[2026-09-02T18:43:16.736+00:00][A] [INFO] [RF RX] type=2 source=0x02 destination=0xFF previousHop=0x02 sequence=488 ackSequence=0 ttl=8 hops=0 payloadSize=13 rssi=-60 sn
[2026-09-02T18:43:17.527+00:00][A] [INFO] --------------------------------
[2026-09-02T18:43:17.528+00:00][A] [INFO] [HEARTBEAT TX]
[2026-09-02T18:43:17.532+00:00][A] [INFO] Node ID: 1
[2026-09-02T18:43:17.533+00:00][A] [INFO] type: 2
[2026-09-02T18:43:17.533+00:00][A] [INFO] Destination: 0xFF
[2026-09-02T18:43:17.538+00:00][A] [INFO] Sequence: 877
[2026-09-02T18:43:17.538+00:00][A] [INFO] Packet ID: 476
[2026-09-02T18:43:17.543+00:00][A] [INFO] Packet Size: 26
[2026-09-02T18:43:17.544+00:00][A] [INFO] Timestamp: 476 ms
[2026-09-02T18:43:17.549+00:00][A] [INFO] Transmission Result: success
[2026-09-02T18:43:17.550+00:00][A] [INFO] --------------------------------
[2026-09-02T18:43:17.554+00:00][A] [INFO] [Heartbeat #476]
[2026-09-02T18:43:17.555+00:00][A] [INFO] Sent
[2026-09-02T18:43:17.555+00:00][A] [INFO] Waiting ACK...
[2026-09-02T18:43:17.555+00:00][A] [INFO] [WAITING ACK]
[2026-09-02T18:43:17.569+00:00][A] [INFO] [RF TX] type=2 source=0x01 destination=0xFF previousHop=0x01 sequence=877 ackSequence=0 ttl=8 hops=0 payloadSize=13 rssi=0 snr=
[2026-09-02T18:43:17.569+00:00][A] [INFO] Heartbeat packet sent
[2026-09-02T18:43:17.652+00:00][A] [INFO] [RF RX] type=2 source=0x02 destination=0xFF previousHop=0x02 sequence=489 ackSequence=0 ttl=8 hops=0 payloadSize=13 rssi=-60 sn
[2026-09-02T18:43:18.544+00:00][A] [WARN] Retry 1
[2026-09-02T18:43:18.611+00:00][A] [INFO] --------------------------------
[2026-09-02T18:43:18.612+00:00][A] [INFO] [HEARTBEAT TX]
[2026-09-02T18:43:18.616+00:00][A] [INFO] Node ID: 1
[2026-09-02T18:43:18.617+00:00][A] [INFO] type: 2
[2026-09-02T18:43:18.617+00:00][A] [INFO] Destination: 0xFF
[2026-09-02T18:43:18.622+00:00][A] [INFO] Sequence: 877
[2026-09-02T18:43:18.622+00:00][A] [INFO] Packet ID: 476
[2026-09-02T18:43:18.627+00:00][A] [INFO] Packet Size: 26
[2026-09-02T18:43:18.628+00:00][A] [INFO] Timestamp: 476 ms
[2026-09-02T18:43:18.633+00:00][A] [INFO] Transmission Result: success
[2026-09-02T18:43:18.633+00:00][A] [INFO] --------------------------------
[2026-09-02T18:43:18.638+00:00][A] [INFO] [Heartbeat #476]
[2026-09-02T18:43:18.639+00:00][A] [INFO] Sent
[2026-09-02T18:43:18.639+00:00][A] [INFO] Waiting ACK...
[2026-09-02T18:43:18.639+00:00][A] [INFO] [WAITING ACK]
[2026-09-02T18:43:18.653+00:00][A] [INFO] [RF TX] type=2 source=0x01 destination=0xFF previousHop=0x01 sequence=877 ackSequence=0 ttl=8 hops=0 payloadSize=13 rssi=0 snr=
[2026-09-02T18:43:18.653+00:00][A] [INFO] Heartbeat packet sent
[2026-09-02T18:43:18.736+00:00][A] [INFO] [RF RX] type=2 source=0x02 destination=0xFF previousHop=0x02 sequence=489 ackSequence=0 ttl=8 hops=0 payloadSize=13 rssi=-60 sn
[2026-09-02T18:43:19.527+00:00][A] [INFO] --------------------------------
[2026-09-02T18:43:19.528+00:00][A] [INFO] [HEARTBEAT TX]
[2026-09-02T18:43:19.532+00:00][A] [INFO] Node ID: 1
[2026-09-02T18:43:19.533+00:00][A] [INFO] type: 2
[2026-09-02T18:43:19.533+00:00][A] [INFO] Destination: 0xFF
[2026-09-02T18:43:19.538+00:00][A] [INFO] Sequence: 878
[2026-09-02T18:43:19.538+00:00][A] [INFO] Packet ID: 477
[2026-09-02T18:43:19.543+00:00][A] [INFO] Packet Size: 26
[2026-09-02T18:43:19.544+00:00][A] [INFO] Timestamp: 477 ms
[2026-09-02T18:43:19.549+00:00][A] [INFO] Transmission Result: success
[2026-09-02T18:43:19.549+00:00][A] [INFO] --------------------------------
[2026-09-02T18:43:19.554+00:00][A] [INFO] [Heartbeat #477]
[2026-09-02T18:43:19.555+00:00][A] [INFO] Sent
[2026-09-02T18:43:19.555+00:00][A] [INFO] Waiting ACK...
[2026-09-02T18:43:19.555+00:00][A] [INFO] [WAITING ACK]
[2026-09-02T18:43:19.569+00:00][A] [INFO] [RF TX] type=2 source=0x01 destination=0xFF previousHop=0x01 sequence=878 ackSequence=0 ttl=8 hops=0 payloadSize=13 rssi=0 snr=
[2026-09-02T18:43:19.569+00:00][A] [INFO] Heartbeat packet sent
[2026-09-02T18:43:19.652+00:00][A] [INFO] [RF RX] type=2 source=0x02 destination=0xFF previousHop=0x02 sequence=490 ackSequence=0 ttl=8 hops=0 payloadSize=13 rssi=-61 sn
[2026-09-02T18:43:20.544+00:00][A] [WARN] Retry 1
[2026-09-02T18:43:20.611+00:00][A] [INFO] --------------------------------
[2026-09-02T18:43:20.612+00:00][A] [INFO] [HEARTBEAT TX]
[2026-09-02T18:43:20.616+00:00][A] [INFO] Node ID: 1
[2026-09-02T18:43:20.617+00:00][A] [INFO] type: 2
[2026-09-02T18:43:20.617+00:00][A] [INFO] Destination: 0xFF
[2026-09-02T18:43:20.622+00:00][A] [INFO] Sequence: 878
[2026-09-02T18:43:20.622+00:00][A] [INFO] Packet ID: 477
[2026-09-02T18:43:20.627+00:00][A] [INFO] Packet Size: 26
[2026-09-02T18:43:20.628+00:00][A] [INFO] Timestamp: 477 ms
[2026-09-02T18:43:20.633+00:00][A] [INFO] Transmission Result: success
[2026-09-02T18:43:20.634+00:00][A] [INFO] --------------------------------
[2026-09-02T18:43:20.638+00:00][A] [INFO] [Heartbeat #477]
[2026-09-02T18:43:20.639+00:00][A] [INFO] Sent
[2026-09-02T18:43:20.639+00:00][A] [INFO] Waiting ACK...
[2026-09-02T18:43:20.640+00:00][A] [INFO] [WAITING ACK]
[2026-09-02T18:43:20.653+00:00][A] [INFO] [RF TX] type=2 source=0x01 destination=0xFF previousHop=0x01 sequence=878 ackSequence=0 ttl=8 hops=0 payloadSize=13 rssi=0 snr=
[2026-09-02T18:43:20.653+00:00][A] [INFO] Heartbeat packet sent
[2026-09-02T18:43:21.527+00:00][A] [INFO] --------------------------------
[2026-09-02T18:43:21.528+00:00][A] [INFO] [HEARTBEAT TX]
[2026-09-02T18:43:21.532+00:00][A] [INFO] Node ID: 1
[2026-09-02T18:43:21.533+00:00][A] [INFO] type: 2
[2026-09-02T18:43:21.533+00:00][A] [INFO] Destination: 0xFF
[2026-09-02T18:43:21.538+00:00][A] [INFO] Sequence: 879
[2026-09-02T18:43:21.538+00:00][A] [INFO] Packet ID: 478
[2026-09-02T18:43:21.543+00:00][A] [INFO] Packet Size: 26
[2026-09-02T18:43:21.544+00:00][A] [INFO] Timestamp: 478 ms
[2026-09-02T18:43:21.549+00:00][A] [INFO] Transmission Result: success
[2026-09-02T18:43:21.549+00:00][A] [INFO] --------------------------------
[2026-09-02T18:43:21.554+00:00][A] [INFO] [Heartbeat #478]
[2026-09-02T18:43:21.554+00:00][A] [INFO] Sent
[2026-09-02T18:43:21.555+00:00][A] [INFO] Waiting ACK...
[2026-09-02T18:43:21.555+00:00][A] [INFO] [WAITING ACK]
[2026-09-02T18:43:21.569+00:00][A] [INFO] [RF TX] type=2 source=0x01 destination=0xFF previousHop=0x01 sequence=879 ackSequence=0 ttl=8 hops=0 payloadSize=13 rssi=0 snr=
[2026-09-02T18:43:21.569+00:00][A] [INFO] Heartbeat packet sent
[2026-09-02T18:43:21.652+00:00][A] [INFO] [RF RX] type=2 source=0x02 destination=0xFF previousHop=0x02 sequence=491 ackSequence=0 ttl=8 hops=0 payloadSize=13 rssi=-60 sn
[2026-09-02T18:43:22.544+00:00][A] [WARN] Retry 1
[2026-09-02T18:43:22.611+00:00][A] [INFO] --------------------------------
[2026-09-02T18:43:22.611+00:00][A] [INFO] [HEARTBEAT TX]
[2026-09-02T18:43:22.616+00:00][A] [INFO] Node ID: 1
[2026-09-02T18:43:22.616+00:00][A] [INFO] type: 2
[2026-09-02T18:43:22.617+00:00][A] [INFO] Destination: 0xFF
[2026-09-02T18:43:22.622+00:00][A] [INFO] Sequence: 879
[2026-09-02T18:43:22.622+00:00][A] [INFO] Packet ID: 478
[2026-09-02T18:43:22.627+00:00][A] [INFO] Packet Size: 26
[2026-09-02T18:43:22.627+00:00][A] [INFO] Timestamp: 478 ms
[2026-09-02T18:43:22.633+00:00][A] [INFO] Transmission Result: success
[2026-09-02T18:43:22.633+00:00][A] [INFO] --------------------------------
[2026-09-02T18:43:22.638+00:00][A] [INFO] [Heartbeat #478]
[2026-09-02T18:43:22.638+00:00][A] [INFO] Sent
[2026-09-02T18:43:22.639+00:00][A] [INFO] Waiting ACK...
[2026-09-02T18:43:22.639+00:00][A] [INFO] [WAITING ACK]
[2026-09-02T18:43:22.653+00:00][A] [INFO] [RF TX] type=2 source=0x01 destination=0xFF previousHop=0x01 sequence=879 ackSequence=0 ttl=8 hops=0 payloadSize=13 rssi=0 snr=
[2026-09-02T18:43:22.653+00:00][A] [INFO] Heartbeat packet sent
[2026-09-02T18:43:22.736+00:00][A] [INFO] [RF RX] type=2 source=0x02 destination=0xFF previousHop=0x02 sequence=491 ackSequence=0 ttl=8 hops=0 payloadSize=13 rssi=-60 sn
[2026-09-02T18:43:23.527+00:00][A] [INFO] --------------------------------
[2026-09-02T18:43:23.527+00:00][A] [INFO] [HEARTBEAT TX]
[2026-09-02T18:43:23.532+00:00][A] [INFO] Node ID: 1
[2026-09-02T18:43:23.533+00:00][A] [INFO] type: 2
[2026-09-02T18:43:23.533+00:00][A] [INFO] Destination: 0xFF
[2026-09-02T18:43:23.538+00:00][A] [INFO] Sequence: 880
[2026-09-02T18:43:23.538+00:00][A] [INFO] Packet ID: 479
[2026-09-02T18:43:23.543+00:00][A] [INFO] Packet Size: 26
[2026-09-02T18:43:23.544+00:00][A] [INFO] Timestamp: 479 ms
[2026-09-02T18:43:23.549+00:00][A] [INFO] Transmission Result: success
[2026-09-02T18:43:23.550+00:00][A] [INFO] --------------------------------
[2026-09-02T18:43:23.554+00:00][A] [INFO] [Heartbeat #479]
[2026-09-02T18:43:23.555+00:00][A] [INFO] Sent
[2026-09-02T18:43:23.555+00:00][A] [INFO] Waiting ACK...
[2026-09-02T18:43:23.555+00:00][A] [INFO] [WAITING ACK]
[2026-09-02T18:43:23.569+00:00][A] [INFO] [RF TX] type=2 source=0x01 destination=0xFF previousHop=0x01 sequence=880 ackSequence=0 ttl=8 hops=0 payloadSize=13 rssi=0 snr=
[2026-09-02T18:43:23.569+00:00][A] [INFO] Heartbeat packet sent
[2026-09-02T18:43:23.652+00:00][A] [INFO] [RF RX] type=2 source=0x02 destination=0xFF previousHop=0x02 sequence=492 ackSequence=0 ttl=8 hops=0 payloadSize=13 rssi=-61 sn
