[2026-09-02T18:48:50.030+00:00][A] [INFO] TEST_DATA_QUEUED dst=0x02 seq=31 remaining=99
[2026-09-02T18:48:50.090+00:00][A] [INFO] [RF TX] type=1 source=0x01 destination=0x02 previousHop=0x01 sequence=31 ackSequence=0 ttl=8 hops=0 payloadSize=4 rssi=0 snr=0.00
[2026-09-02T18:48:50.091+00:00][B] [INFO] [RF RX] type=1 source=0x01 destination=0x02 previousHop=0x01 sequence=31 ackSequence=0 ttl=8 hops=0 payloadSize=4 rssi=-61 snr=10.00
[2026-09-02T18:48:50.149+00:00][B] [INFO] [RF TX] type=3 source=0x02 destination=0x01 previousHop=0x02 sequence=26 ackSequence=31 ttl=8 hops=0 payloadSize=2 rssi=0 snr=0.00
[2026-09-02T18:48:50.155+00:00][A] [INFO] [RF RX] type=3 source=0x02 destination=0x01 previousHop=0x02 sequence=26 ackSequence=31 ttl=8 hops=0 payloadSize=2 rssi=-59 snr=10.00
[2026-09-02T18:48:50.155+00:00][A] [INFO] ACK_RX seq=31 source=0x02
[2026-09-02T18:48:50.158+00:00][A] [INFO] TEST_DATA_QUEUED dst=0x02 seq=32 remaining=98
[2026-09-02T18:48:50.213+00:00][A] [INFO] [RF TX] type=1 source=0x01 destination=0x02 previousHop=0x01 sequence=32 ackSequence=0 ttl=8 hops=0 payloadSize=4 rssi=0 snr=0.00
[2026-09-02T18:48:50.215+00:00][B] [INFO] [RF RX] type=1 source=0x01 destination=0x02 previousHop=0x01 sequence=32 ackSequence=0 ttl=8 hops=0 payloadSize=4 rssi=-61 snr=9.75
[2026-09-02T18:48:50.274+00:00][B] [INFO] [RF TX] type=3 source=0x02 destination=0x01 previousHop=0x02 sequence=27 ackSequence=32 ttl=8 hops=0 payloadSize=2 rssi=0 snr=0.00
[2026-09-02T18:48:50.274+00:00][B] [WARN] Retry 1
[2026-09-02T18:48:50.279+00:00][A] [INFO] [RF RX] type=3 source=0x02 destination=0x01 previousHop=0x02 sequence=27 ackSequence=32 ttl=8 hops=0 payloadSize=2 rssi=-59 snr=9.25
[2026-09-02T18:48:50.279+00:00][A] [INFO] ACK_RX seq=32 source=0x02
[2026-09-02T18:48:50.282+00:00][A] [INFO] TEST_DATA_QUEUED dst=0x02 seq=33 remaining=97
[2026-09-02T18:48:50.337+00:00][A] [INFO] [RF TX] type=1 source=0x01 destination=0x02 previousHop=0x01 sequence=33 ackSequence=0 ttl=8 hops=0 payloadSize=4 rssi=0 snr=0.00
[2026-09-02T18:48:50.340+00:00][B] [INFO] --------------------------------
[2026-09-02T18:48:50.340+00:00][B] [INFO] [HEARTBEAT TX]
[2026-09-02T18:48:50.345+00:00][B] [INFO] Node ID: 2
[2026-09-02T18:48:50.346+00:00][B] [INFO] type: 2
[2026-09-02T18:48:50.346+00:00][B] [INFO] Destination: 0xFF
[2026-09-02T18:48:50.351+00:00][B] [INFO] Sequence: 25
[2026-09-02T18:48:50.351+00:00][B] [INFO] Packet ID: 24
[2026-09-02T18:48:50.352+00:00][B] [INFO] Packet Size: 26
[2026-09-02T18:48:50.357+00:00][B] [INFO] Timestamp: 24 ms
[2026-09-02T18:48:50.357+00:00][B] [INFO] Transmission Result: success
[2026-09-02T18:48:50.362+00:00][B] [INFO] --------------------------------
[2026-09-02T18:48:50.363+00:00][B] [INFO] [Heartbeat #24]
[2026-09-02T18:48:50.367+00:00][B] [INFO] Sent
[2026-09-02T18:48:50.368+00:00][B] [INFO] Waiting ACK...
[2026-09-02T18:48:50.368+00:00][B] [INFO] [WAITING ACK]
[2026-09-02T18:48:50.382+00:00][B] [INFO] [RF TX] type=2 source=0x02 destination=0xFF previousHop=0x02 sequence=25 ackSequence=0 ttl=8 hops=0 payloadSize=13 rssi=0 snr=0.00
[2026-09-02T18:48:50.382+00:00][B] [INFO] Heartbeat packet sent
[2026-09-02T18:48:50.970+00:00][A] [WARN] Retry 1
[2026-09-02T18:48:51.037+00:00][A] [INFO] --------------------------------
[2026-09-02T18:48:51.037+00:00][A] [INFO] [HEARTBEAT TX]
[2026-09-02T18:48:51.042+00:00][A] [INFO] Node ID: 1
[2026-09-02T18:48:51.042+00:00][A] [INFO] type: 2
[2026-09-02T18:48:51.042+00:00][A] [INFO] Destination: 0xFF
[2026-09-02T18:48:51.045+00:00][B] [INFO] [RF RX] type=2 source=0x01 destination=0xFF previousHop=0x01 sequence=30 ackSequence=0 ttl=8 hops=0 payloadSize=13 rssi=-60 snr=9.50
[2026-09-02T18:48:51.048+00:00][A] [INFO] Sequence: 30
[2026-09-02T18:48:51.048+00:00][A] [INFO] Packet ID: 29
[2026-09-02T18:48:51.048+00:00][A] [INFO] Packet Size: 26
[2026-09-02T18:48:51.053+00:00][A] [INFO] Timestamp: 29 ms
[2026-09-02T18:48:51.053+00:00][A] [INFO] Transmission Result: success
[2026-09-02T18:48:51.059+00:00][A] [INFO] --------------------------------
[2026-09-02T18:48:51.059+00:00][A] [INFO] [Heartbeat #29]
[2026-09-02T18:48:51.064+00:00][A] [INFO] Sent
[2026-09-02T18:48:51.064+00:00][A] [INFO] Waiting ACK...
[2026-09-02T18:48:51.064+00:00][A] [INFO] [WAITING ACK]
[2026-09-02T18:48:51.079+00:00][A] [INFO] [RF TX] type=2 source=0x01 destination=0xFF previousHop=0x01 sequence=30 ackSequence=0 ttl=8 hops=0 payloadSize=13 rssi=0 snr=0.00
[2026-09-02T18:48:51.079+00:00][A] [INFO] Heartbeat packet sent
[2026-09-02T18:48:51.202+00:00][B] [INFO] --------------------------------
[2026-09-02T18:48:51.203+00:00][B] [INFO] [HEARTBEAT TX]
[2026-09-02T18:48:51.208+00:00][B] [INFO] Node ID: 2
[2026-09-02T18:48:51.208+00:00][B] [INFO] type: 2
[2026-09-02T18:48:51.208+00:00][B] [INFO] Destination: 0xFF
[2026-09-02T18:48:51.211+00:00][A] [INFO] [RF RX] type=2 source=0x02 destination=0xFF previousHop=0x02 sequence=28 ackSequence=0 ttl=8 hops=0 payloadSize=13 rssi=-58 snr=9.75
[2026-09-02T18:48:51.213+00:00][B] [INFO] Sequence: 28
[2026-09-02T18:48:51.214+00:00][B] [INFO] Packet ID: 25
[2026-09-02T18:48:51.214+00:00][B] [INFO] Packet Size: 26
[2026-09-02T18:48:51.219+00:00][B] [INFO] Timestamp: 25 ms
[2026-09-02T18:48:51.219+00:00][B] [INFO] Transmission Result: success
[2026-09-02T18:48:51.225+00:00][B] [INFO] --------------------------------
[2026-09-02T18:48:51.225+00:00][B] [INFO] [Heartbeat #25]
[2026-09-02T18:48:51.230+00:00][B] [INFO] Sent
[2026-09-02T18:48:51.230+00:00][B] [INFO] Waiting ACK...
[2026-09-02T18:48:51.230+00:00][B] [INFO] [WAITING ACK]
[2026-09-02T18:48:51.244+00:00][B] [INFO] [RF TX] type=2 source=0x02 destination=0xFF previousHop=0x02 sequence=28 ackSequence=0 ttl=8 hops=0 payloadSize=13 rssi=0 snr=0.00
[2026-09-02T18:48:51.244+00:00][B] [INFO] Heartbeat packet sent
[2026-09-02T18:48:51.337+00:00][A] [WARN] TX_RETRY seq=33
[2026-09-02T18:48:51.400+00:00][A] [INFO] [RF TX] type=1 source=0x01 destination=0x02 previousHop=0x01 sequence=33 ackSequence=0 ttl=8 hops=0 payloadSize=4 rssi=0 snr=0.00
[2026-09-02T18:48:51.402+00:00][B] [INFO] [RF RX] type=1 source=0x01 destination=0x02 previousHop=0x01 sequence=33 ackSequence=0 ttl=8 hops=0 payloadSize=4 rssi=-62 snr=10.00
[2026-09-02T18:48:51.459+00:00][B] [INFO] [RF TX] type=3 source=0x02 destination=0x01 previousHop=0x02 sequence=29 ackSequence=33 ttl=8 hops=0 payloadSize=2 rssi=0 snr=0.00
[2026-09-02T18:48:51.465+00:00][A] [INFO] [RF RX] type=3 source=0x02 destination=0x01 previousHop=0x02 sequence=29 ackSequence=33 ttl=8 hops=0 payloadSize=2 rssi=-59 snr=9.75
[2026-09-02T18:48:51.465+00:00][A] [INFO] ACK_RX seq=33 source=0x02
[2026-09-02T18:48:51.469+00:00][A] [INFO] TEST_DATA_QUEUED dst=0x02 seq=34 remaining=96
[2026-09-02T18:48:51.523+00:00][A] [INFO] [RF TX] type=1 source=0x01 destination=0x02 previousHop=0x01 sequence=34 ackSequence=0 ttl=8 hops=0 payloadSize=4 rssi=0 snr=0.00
[2026-09-02T18:48:51.525+00:00][B] [INFO] [RF RX] type=1 source=0x01 destination=0x02 previousHop=0x01 sequence=34 ackSequence=0 ttl=8 hops=0 payloadSize=4 rssi=-62 snr=9.75
[2026-09-02T18:48:51.583+00:00][B] [INFO] [RF TX] type=3 source=0x02 destination=0x01 previousHop=0x02 sequence=30 ackSequence=34 ttl=8 hops=0 payloadSize=2 rssi=0 snr=0.00
[2026-09-02T18:48:51.589+00:00][A] [INFO] [RF RX] type=3 source=0x02 destination=0x01 previousHop=0x02 sequence=30 ackSequence=34 ttl=8 hops=0 payloadSize=2 rssi=-60 snr=9.50
[2026-09-02T18:48:51.589+00:00][A] [INFO] ACK_RX seq=34 source=0x02
[2026-09-02T18:48:51.592+00:00][A] [INFO] TEST_DATA_QUEUED dst=0x02 seq=35 remaining=95
[2026-09-02T18:48:51.647+00:00][A] [INFO] [RF TX] type=1 source=0x01 destination=0x02 previousHop=0x01 sequence=35 ackSequence=0 ttl=8 hops=0 payloadSize=4 rssi=0 snr=0.00
[2026-09-02T18:48:51.649+00:00][B] [INFO] [RF RX] type=1 source=0x01 destination=0x02 previousHop=0x01 sequence=35 ackSequence=0 ttl=8 hops=0 payloadSize=4 rssi=-62 snr=9.50
[2026-09-02T18:48:51.707+00:00][B] [INFO] [RF TX] type=3 source=0x02 destination=0x01 previousHop=0x02 sequence=31 ackSequence=35 ttl=8 hops=0 payloadSize=2 rssi=0 snr=0.00
[2026-09-02T18:48:51.713+00:00][A] [INFO] [RF RX] type=3 source=0x02 destination=0x01 previousHop=0x02 sequence=31 ackSequence=35 ttl=8 hops=0 payloadSize=2 rssi=-60 snr=9.50
[2026-09-02T18:48:51.714+00:00][A] [INFO] ACK_RX seq=35 source=0x02
[2026-09-02T18:48:51.716+00:00][A] [INFO] TEST_DATA_QUEUED dst=0x02 seq=36 remaining=94
[2026-09-02T18:48:51.771+00:00][A] [INFO] [RF TX] type=1 source=0x01 destination=0x02 previousHop=0x01 sequence=36 ackSequence=0 ttl=8 hops=0 payloadSize=4 rssi=0 snr=0.00
[2026-09-02T18:48:51.773+00:00][B] [INFO] [RF RX] type=1 source=0x01 destination=0x02 previousHop=0x01 sequence=36 ackSequence=0 ttl=8 hops=0 payloadSize=4 rssi=-61 snr=9.50
[2026-09-02T18:48:51.830+00:00][B] [INFO] [RF TX] type=3 source=0x02 destination=0x01 previousHop=0x02 sequence=32 ackSequence=36 ttl=8 hops=0 payloadSize=2 rssi=0 snr=0.00
[2026-09-02T18:48:51.837+00:00][A] [INFO] [RF RX] type=3 source=0x02 destination=0x01 previousHop=0x02 sequence=32 ackSequence=36 ttl=8 hops=0 payloadSize=2 rssi=-59 snr=9.75
[2026-09-02T18:48:51.837+00:00][A] [INFO] ACK_RX seq=36 source=0x02
[2026-09-02T18:48:51.840+00:00][A] [INFO] TEST_DATA_QUEUED dst=0x02 seq=37 remaining=93
[2026-09-02T18:48:51.895+00:00][A] [INFO] [RF TX] type=1 source=0x01 destination=0x02 previousHop=0x01 sequence=37 ackSequence=0 ttl=8 hops=0 payloadSize=4 rssi=0 snr=0.00
[2026-09-02T18:48:51.897+00:00][B] [INFO] [RF RX] type=1 source=0x01 destination=0x02 previousHop=0x01 sequence=37 ackSequence=0 ttl=8 hops=0 payloadSize=4 rssi=-62 snr=9.50
[2026-09-02T18:48:51.955+00:00][B] [INFO] [RF TX] type=3 source=0x02 destination=0x01 previousHop=0x02 sequence=33 ackSequence=37 ttl=8 hops=0 payloadSize=2 rssi=0 snr=0.00
[2026-09-02T18:48:51.962+00:00][A] [INFO] --------------------------------
[2026-09-02T18:48:51.963+00:00][A] [INFO] [HEARTBEAT TX]
[2026-09-02T18:48:51.968+00:00][A] [INFO] Node ID: 1
[2026-09-02T18:48:51.968+00:00][A] [INFO] type: 2
[2026-09-02T18:48:51.969+00:00][A] [INFO] Destination: 0xFF
[2026-09-02T18:48:51.973+00:00][A] [INFO] Sequence: 38
[2026-09-02T18:48:51.973+00:00][A] [INFO] Packet ID: 30
[2026-09-02T18:48:51.974+00:00][A] [INFO] Packet Size: 26
[2026-09-02T18:48:51.979+00:00][A] [INFO] Timestamp: 30 ms
[2026-09-02T18:48:51.979+00:00][A] [INFO] Transmission Result: success
[2026-09-02T18:48:51.984+00:00][A] [INFO] --------------------------------
[2026-09-02T18:48:51.985+00:00][A] [INFO] [Heartbeat #30]
[2026-09-02T18:48:51.990+00:00][A] [INFO] Sent
[2026-09-02T18:48:51.990+00:00][A] [INFO] Waiting ACK...
[2026-09-02T18:48:51.990+00:00][A] [INFO] [WAITING ACK]
[2026-09-02T18:48:52.004+00:00][A] [INFO] [RF TX] type=2 source=0x01 destination=0xFF previousHop=0x01 sequence=38 ackSequence=0 ttl=8 hops=0 payloadSize=13 rssi=0 snr=0.00
[2026-09-02T18:48:52.004+00:00][A] [INFO] Heartbeat packet sent
[2026-09-02T18:48:52.220+00:00][B] [WARN] Retry 1
[2026-09-02T18:48:52.287+00:00][B] [INFO] --------------------------------
[2026-09-02T18:48:52.287+00:00][B] [INFO] [HEARTBEAT TX]
[2026-09-02T18:48:52.292+00:00][B] [INFO] Node ID: 2
[2026-09-02T18:48:52.292+00:00][B] [INFO] type: 2
[2026-09-02T18:48:52.293+00:00][B] [INFO] Destination: 0xFF
[2026-09-02T18:48:52.296+00:00][A] [INFO] [RF RX] type=2 source=0x02 destination=0xFF previousHop=0x02 sequence=28 ackSequence=0 ttl=8 hops=0 payloadSize=13 rssi=-58 snr=9.75
[2026-09-02T18:48:52.298+00:00][B] [INFO] Sequence: 28
[2026-09-02T18:48:52.298+00:00][B] [INFO] Packet ID: 25
[2026-09-02T18:48:52.298+00:00][B] [INFO] Packet Size: 26
[2026-09-02T18:48:52.304+00:00][B] [INFO] Timestamp: 25 ms
[2026-09-02T18:48:52.304+00:00][B] [INFO] Transmission Result: success
[2026-09-02T18:48:52.309+00:00][B] [INFO] --------------------------------
[2026-09-02T18:48:52.309+00:00][B] [INFO] [Heartbeat #25]
[2026-09-02T18:48:52.314+00:00][B] [INFO] Sent
[2026-09-02T18:48:52.315+00:00][B] [INFO] Waiting ACK...
[2026-09-02T18:48:52.315+00:00][B] [INFO] [WAITING ACK]
[2026-09-02T18:48:52.328+00:00][B] [INFO] [RF TX] type=2 source=0x02 destination=0xFF previousHop=0x02 sequence=28 ackSequence=0 ttl=8 hops=0 payloadSize=13 rssi=0 snr=0.00
[2026-09-02T18:48:52.329+00:00][B] [INFO] Heartbeat packet sent
[2026-09-02T18:48:52.896+00:00][A] [WARN] TX_RETRY seq=37
[2026-09-02T18:48:52.958+00:00][A] [INFO] [RF TX] type=1 source=0x01 destination=0x02 previousHop=0x01 sequence=37 ackSequence=0 ttl=8 hops=0 payloadSize=4 rssi=0 snr=0.00
[2026-09-02T18:48:52.979+00:00][A] [WARN] Retry 1
[2026-09-02T18:48:53.046+00:00][A] [INFO] --------------------------------
[2026-09-02T18:48:53.047+00:00][A] [INFO] [HEARTBEAT TX]
[2026-09-02T18:48:53.051+00:00][A] [INFO] Node ID: 1
[2026-09-02T18:48:53.051+00:00][A] [INFO] type: 2
[2026-09-02T18:48:53.052+00:00][A] [INFO] Destination: 0xFF
[2026-09-02T18:48:53.054+00:00][B] [INFO] [RF RX] type=2 source=0x01 destination=0xFF previousHop=0x01 sequence=38 ackSequence=0 ttl=8 hops=0 payloadSize=13 rssi=-61 snr=9.50
[2026-09-02T18:48:53.056+00:00][A] [INFO] Sequence: 38
[2026-09-02T18:48:53.057+00:00][A] [INFO] Packet ID: 30
[2026-09-02T18:48:53.057+00:00][A] [INFO] Packet Size: 26
[2026-09-02T18:48:53.062+00:00][A] [INFO] Timestamp: 30 ms
[2026-09-02T18:48:53.063+00:00][A] [INFO] Transmission Result: success
[2026-09-02T18:48:53.068+00:00][A] [INFO] --------------------------------
[2026-09-02T18:48:53.068+00:00][A] [INFO] [Heartbeat #30]
[2026-09-02T18:48:53.073+00:00][A] [INFO] Sent
[2026-09-02T18:48:53.074+00:00][A] [INFO] Waiting ACK...
[2026-09-02T18:48:53.074+00:00][A] [INFO] [WAITING ACK]
[2026-09-02T18:48:53.087+00:00][A] [INFO] [RF TX] type=2 source=0x01 destination=0xFF previousHop=0x01 sequence=38 ackSequence=0 ttl=8 hops=0 payloadSize=13 rssi=0 snr=0.00
[2026-09-02T18:48:53.088+00:00][A] [INFO] Heartbeat packet sent
[2026-09-02T18:48:53.203+00:00][B] [INFO] --------------------------------
[2026-09-02T18:48:53.203+00:00][B] [INFO] [HEARTBEAT TX]
[2026-09-02T18:48:53.208+00:00][B] [INFO] Node ID: 2
[2026-09-02T18:48:53.208+00:00][B] [INFO] type: 2
[2026-09-02T18:48:53.208+00:00][B] [INFO] Destination: 0xFF
[2026-09-02T18:48:53.211+00:00][A] [INFO] [RF RX] type=2 source=0x02 destination=0xFF previousHop=0x02 sequence=34 ackSequence=0 ttl=8 hops=0 payloadSize=13 rssi=-59 snr=9.50
[2026-09-02T18:48:53.213+00:00][B] [INFO] Sequence: 34
[2026-09-02T18:48:53.214+00:00][B] [INFO] Packet ID: 26
[2026-09-02T18:48:53.214+00:00][B] [INFO] Packet Size: 26
[2026-09-02T18:48:53.219+00:00][B] [INFO] Timestamp: 26 ms
[2026-09-02T18:48:53.219+00:00][B] [INFO] Transmission Result: success
[2026-09-02T18:48:53.225+00:00][B] [INFO] --------------------------------
[2026-09-02T18:48:53.225+00:00][B] [INFO] [Heartbeat #26]
[2026-09-02T18:48:53.230+00:00][B] [INFO] Sent
[2026-09-02T18:48:53.230+00:00][B] [INFO] Waiting ACK...
[2026-09-02T18:48:53.230+00:00][B] [INFO] [WAITING ACK]
[2026-09-02T18:48:53.244+00:00][B] [INFO] [RF TX] type=2 source=0x02 destination=0xFF previousHop=0x02 sequence=34 ackSequence=0 ttl=8 hops=0 payloadSize=13 rssi=0 snr=0.00
[2026-09-02T18:48:53.244+00:00][B] [INFO] Heartbeat packet sent
[2026-09-02T18:48:53.962+00:00][A] [INFO] --------------------------------
[2026-09-02T18:48:53.963+00:00][A] [INFO] [HEARTBEAT TX]
[2026-09-02T18:48:53.967+00:00][A] [INFO] Node ID: 1
[2026-09-02T18:48:53.968+00:00][A] [INFO] type: 2
[2026-09-02T18:48:53.968+00:00][A] [INFO] Destination: 0xFF
[2026-09-02T18:48:53.970+00:00][B] [INFO] [RF RX] type=2 source=0x01 destination=0xFF previousHop=0x01 sequence=39 ackSequence=0 ttl=8 hops=0 payloadSize=13 rssi=-62 snr=9.75
[2026-09-02T18:48:53.973+00:00][A] [INFO] Sequence: 39
[2026-09-02T18:48:53.973+00:00][A] [INFO] Packet ID: 31
[2026-09-02T18:48:53.973+00:00][A] [INFO] Packet Size: 26
[2026-09-02T18:48:53.978+00:00][A] [INFO] Timestamp: 31 ms
[2026-09-02T18:48:53.979+00:00][A] [INFO] Transmission Result: success
[2026-09-02T18:48:53.984+00:00][A] [INFO] --------------------------------
[2026-09-02T18:48:53.985+00:00][A] [INFO] [Heartbeat #31]
[2026-09-02T18:48:53.989+00:00][A] [INFO] Sent
[2026-09-02T18:48:53.989+00:00][A] [INFO] Waiting ACK...
[2026-09-02T18:48:53.990+00:00][A] [INFO] [WAITING ACK]
[2026-09-02T18:48:54.005+00:00][A] [INFO] [RF TX] type=2 source=0x01 destination=0xFF previousHop=0x01 sequence=39 ackSequence=0 ttl=8 hops=0 payloadSize=13 rssi=0 snr=0.00
[2026-09-02T18:48:54.006+00:00][A] [INFO] Heartbeat packet sent
[2026-09-02T18:48:54.006+00:00][A] [WARN] TX_RETRY seq=37
[2026-09-02T18:48:54.063+00:00][A] [INFO] [RF TX] type=1 source=0x01 destination=0x02 previousHop=0x01 sequence=37 ackSequence=0 ttl=8 hops=0 payloadSize=4 rssi=0 snr=0.00
[2026-09-02T18:48:54.112+00:00][B] [INFO] [RF TX] type=3 source=0x02 destination=0x01 previousHop=0x02 sequence=35 ackSequence=37 ttl=8 hops=0 payloadSize=2 rssi=0 snr=0.00
[2026-09-02T18:48:54.220+00:00][B] [WARN] Retry 1
[2026-09-02T18:48:54.287+00:00][B] [INFO] --------------------------------
[2026-09-02T18:48:54.288+00:00][B] [INFO] [HEARTBEAT TX]
[2026-09-02T18:48:54.292+00:00][B] [INFO] Node ID: 2
[2026-09-02T18:48:54.292+00:00][B] [INFO] type: 2
[2026-09-02T18:48:54.293+00:00][B] [INFO] Destination: 0xFF
[2026-09-02T18:48:54.295+00:00][A] [INFO] [RF RX] type=2 source=0x02 destination=0xFF previousHop=0x02 sequence=34 ackSequence=0 ttl=8 hops=0 payloadSize=13 rssi=-58 snr=9.75
[2026-09-02T18:48:54.298+00:00][B] [INFO] Sequence: 34
[2026-09-02T18:48:54.298+00:00][B] [INFO] Packet ID: 26
[2026-09-02T18:48:54.298+00:00][B] [INFO] Packet Size: 26
[2026-09-02T18:48:54.303+00:00][B] [INFO] Timestamp: 26 ms
[2026-09-02T18:48:54.304+00:00][B] [INFO] Transmission Result: success
[2026-09-02T18:48:54.309+00:00][B] [INFO] --------------------------------
[2026-09-02T18:48:54.310+00:00][B] [INFO] [Heartbeat #26]
[2026-09-02T18:48:54.314+00:00][B] [INFO] Sent
[2026-09-02T18:48:54.315+00:00][B] [INFO] Waiting ACK...
[2026-09-02T18:48:54.316+00:00][B] [INFO] [WAITING ACK]
[2026-09-02T18:48:54.328+00:00][B] [INFO] [RF TX] type=2 source=0x02 destination=0xFF previousHop=0x02 sequence=34 ackSequence=0 ttl=8 hops=0 payloadSize=13 rssi=0 snr=0.00
[2026-09-02T18:48:54.329+00:00][B] [INFO] Heartbeat packet sent
[2026-09-02T18:48:54.979+00:00][A] [WARN] Retry 1
[2026-09-02T18:48:55.046+00:00][A] [INFO] --------------------------------
[2026-09-02T18:48:55.046+00:00][A] [INFO] [HEARTBEAT TX]
[2026-09-02T18:48:55.051+00:00][A] [INFO] Node ID: 1
[2026-09-02T18:48:55.051+00:00][A] [INFO] type: 2
[2026-09-02T18:48:55.051+00:00][A] [INFO] Destination: 0xFF
[2026-09-02T18:48:55.054+00:00][B] [INFO] [RF RX] type=2 source=0x01 destination=0xFF previousHop=0x01 sequence=39 ackSequence=0 ttl=8 hops=0 payloadSize=13 rssi=-61 snr=9.75
[2026-09-02T18:48:55.057+00:00][A] [INFO] Sequence: 39
[2026-09-02T18:48:55.057+00:00][A] [INFO] Packet ID: 31
[2026-09-02T18:48:55.057+00:00][A] [INFO] Packet Size: 26
[2026-09-02T18:48:55.062+00:00][A] [INFO] Timestamp: 31 ms
[2026-09-02T18:48:55.063+00:00][A] [INFO] Transmission Result: success
[2026-09-02T18:48:55.068+00:00][A] [INFO] --------------------------------
[2026-09-02T18:48:55.068+00:00][A] [INFO] [Heartbeat #31]
[2026-09-02T18:48:55.073+00:00][A] [INFO] Sent
[2026-09-02T18:48:55.074+00:00][A] [INFO] Waiting ACK...
[2026-09-02T18:48:55.074+00:00][A] [INFO] [WAITING ACK]
[2026-09-02T18:48:55.089+00:00][A] [INFO] [RF TX] type=2 source=0x01 destination=0xFF previousHop=0x01 sequence=39 ackSequence=0 ttl=8 hops=0 payloadSize=13 rssi=0 snr=0.00
[2026-09-02T18:48:55.090+00:00][A] [INFO] Heartbeat packet sent
[2026-09-02T18:48:55.090+00:00][A] [WARN] TX_RETRY seq=37
[2026-09-02T18:48:55.148+00:00][A] [INFO] [RF TX] type=1 source=0x01 destination=0x02 previousHop=0x01 sequence=37 ackSequence=0 ttl=8 hops=0 payloadSize=4 rssi=0 snr=0.00
[2026-09-02T18:48:55.203+00:00][B] [INFO] --------------------------------
[2026-09-02T18:48:55.203+00:00][B] [INFO] [HEARTBEAT TX]
[2026-09-02T18:48:55.208+00:00][B] [INFO] Node ID: 2
[2026-09-02T18:48:55.208+00:00][B] [INFO] type: 2
[2026-09-02T18:48:55.209+00:00][B] [INFO] Destination: 0xFF
[2026-09-02T18:48:55.214+00:00][B] [INFO] Sequence: 36
[2026-09-02T18:48:55.214+00:00][B] [INFO] Packet ID: 27
[2026-09-02T18:48:55.214+00:00][B] [INFO] Packet Size: 26
[2026-09-02T18:48:55.219+00:00][B] [INFO] Timestamp: 27 ms
[2026-09-02T18:48:55.220+00:00][B] [INFO] Transmission Result: success
[2026-09-02T18:48:55.225+00:00][B] [INFO] --------------------------------
[2026-09-02T18:48:55.225+00:00][B] [INFO] [Heartbeat #27]
[2026-09-02T18:48:55.230+00:00][B] [INFO] Sent
[2026-09-02T18:48:55.231+00:00][B] [INFO] Waiting ACK...
[2026-09-02T18:48:55.231+00:00][B] [INFO] [WAITING ACK]
[2026-09-02T18:48:55.244+00:00][B] [INFO] [RF TX] type=2 source=0x02 destination=0xFF previousHop=0x02 sequence=36 ackSequence=0 ttl=8 hops=0 payloadSize=13 rssi=0 snr=0.00
[2026-09-02T18:48:55.245+00:00][B] [INFO] Heartbeat packet sent
[2026-09-02T18:48:55.962+00:00][A] [INFO] --------------------------------
[2026-09-02T18:48:55.963+00:00][A] [INFO] [HEARTBEAT TX]
[2026-09-02T18:48:55.967+00:00][A] [INFO] Node ID: 1
[2026-09-02T18:48:55.967+00:00][A] [INFO] type: 2
[2026-09-02T18:48:55.968+00:00][A] [INFO] Destination: 0xFF
[2026-09-02T18:48:55.970+00:00][B] [INFO] [RF RX] type=2 source=0x01 destination=0xFF previousHop=0x01 sequence=40 ackSequence=0 ttl=8 hops=0 payloadSize=13 rssi=-60 snr=10.00
[2026-09-02T18:48:55.972+00:00][A] [INFO] Sequence: 40
[2026-09-02T18:48:55.973+00:00][A] [INFO] Packet ID: 32
[2026-09-02T18:48:55.973+00:00][A] [INFO] Packet Size: 26
[2026-09-02T18:48:55.978+00:00][A] [INFO] Timestamp: 32 ms
[2026-09-02T18:48:55.979+00:00][A] [INFO] Transmission Result: success
[2026-09-02T18:48:55.984+00:00][A] [INFO] --------------------------------
[2026-09-02T18:48:55.984+00:00][A] [INFO] [Heartbeat #32]
[2026-09-02T18:48:55.989+00:00][A] [INFO] Sent
[2026-09-02T18:48:55.989+00:00][A] [INFO] Waiting ACK...
[2026-09-02T18:48:55.990+00:00][A] [INFO] [WAITING ACK]
[2026-09-02T18:48:56.003+00:00][A] [INFO] [RF TX] type=2 source=0x01 destination=0xFF previousHop=0x01 sequence=40 ackSequence=0 ttl=8 hops=0 payloadSize=13 rssi=0 snr=0.00
[2026-09-02T18:48:56.003+00:00][A] [INFO] Heartbeat packet sent
[2026-09-02T18:48:56.151+00:00][A] [ERROR] TX_FAILED
[2026-09-02T18:48:56.152+00:00][A] [WARN] ACK_FAILED seq=37
[2026-09-02T18:48:56.155+00:00][A] [INFO] TEST_DATA_QUEUED dst=0x02 seq=41 remaining=92
[2026-09-02T18:48:56.210+00:00][A] [INFO] [RF TX] type=1 source=0x01 destination=0x02 previousHop=0x01 sequence=41 ackSequence=0 ttl=8 hops=0 payloadSize=4 rssi=0 snr=0.00
[2026-09-02T18:48:56.212+00:00][B] [INFO] [RF RX] type=1 source=0x01 destination=0x02 previousHop=0x01 sequence=41 ackSequence=0 ttl=8 hops=0 payloadSize=4 rssi=-62 snr=9.75
[2026-09-02T18:48:56.271+00:00][B] [INFO] [RF TX] type=3 source=0x02 destination=0x01 previousHop=0x02 sequence=37 ackSequence=41 ttl=8 hops=0 payloadSize=2 rssi=0 snr=0.00
[2026-09-02T18:48:56.271+00:00][B] [WARN] Retry 1
[2026-09-02T18:48:56.275+00:00][A] [INFO] [RF RX] type=3 source=0x02 destination=0x01 previousHop=0x02 sequence=37 ackSequence=41 ttl=8 hops=0 payloadSize=2 rssi=-59 snr=9.75
[2026-09-02T18:48:56.276+00:00][A] [INFO] ACK_RX seq=41 source=0x02
[2026-09-02T18:48:56.279+00:00][A] [INFO] TEST_DATA_QUEUED dst=0x02 seq=42 remaining=91
[2026-09-02T18:48:56.334+00:00][A] [INFO] [RF TX] type=1 source=0x01 destination=0x02 previousHop=0x01 sequence=42 ackSequence=0 ttl=8 hops=0 payloadSize=4 rssi=0 snr=0.00
[2026-09-02T18:48:56.336+00:00][B] [INFO] --------------------------------
[2026-09-02T18:48:56.337+00:00][B] [INFO] [HEARTBEAT TX]
[2026-09-02T18:48:56.342+00:00][B] [INFO] Node ID: 2
[2026-09-02T18:48:56.342+00:00][B] [INFO] type: 2
[2026-09-02T18:48:56.343+00:00][B] [INFO] Destination: 0xFF
[2026-09-02T18:48:56.347+00:00][B] [INFO] Sequence: 36
[2026-09-02T18:48:56.348+00:00][B] [INFO] Packet ID: 27
[2026-09-02T18:48:56.348+00:00][B] [INFO] Packet Size: 26
[2026-09-02T18:48:56.353+00:00][B] [INFO] Timestamp: 27 ms
[2026-09-02T18:48:56.354+00:00][B] [INFO] Transmission Result: success
[2026-09-02T18:48:56.359+00:00][B] [INFO] --------------------------------
[2026-09-02T18:48:56.359+00:00][B] [INFO] [Heartbeat #27]
[2026-09-02T18:48:56.364+00:00][B] [INFO] Sent
[2026-09-02T18:48:56.365+00:00][B] [INFO] Waiting ACK...
[2026-09-02T18:48:56.365+00:00][B] [INFO] [WAITING ACK]
[2026-09-02T18:48:56.378+00:00][B] [INFO] [RF TX] type=2 source=0x02 destination=0xFF previousHop=0x02 sequence=36 ackSequence=0 ttl=8 hops=0 payloadSize=13 rssi=0 snr=0.00
[2026-09-02T18:48:56.379+00:00][B] [INFO] Heartbeat packet sent
[2026-09-02T18:48:56.979+00:00][A] [WARN] Retry 1
[2026-09-02T18:48:57.046+00:00][A] [INFO] --------------------------------
[2026-09-02T18:48:57.046+00:00][A] [INFO] [HEARTBEAT TX]
[2026-09-02T18:48:57.051+00:00][A] [INFO] Node ID: 1
[2026-09-02T18:48:57.052+00:00][A] [INFO] type: 2
[2026-09-02T18:48:57.055+00:00][A] [INFO] Destination: 0xFF
[2026-09-02T18:48:57.056+00:00][B] [INFO] [RF RX] type=2 source=0x01 destination=0xFF previousHop=0x01 sequence=40 ackSequence=0 ttl=8 hops=0 payloadSize=13 rssi=-60 snr=10.00
[2026-09-02T18:48:57.056+00:00][A] [INFO] Sequence: 40
[2026-09-02T18:48:57.057+00:00][A] [INFO] Packet ID: 32
[2026-09-02T18:48:57.057+00:00][A] [INFO] Packet Size: 26
[2026-09-02T18:48:57.062+00:00][A] [INFO] Timestamp: 32 ms
[2026-09-02T18:48:57.063+00:00][A] [INFO] Transmission Result: success
[2026-09-02T18:48:57.068+00:00][A] [INFO] --------------------------------
[2026-09-02T18:48:57.069+00:00][A] [INFO] [Heartbeat #32]
[2026-09-02T18:48:57.073+00:00][A] [INFO] Sent
[2026-09-02T18:48:57.074+00:00][A] [INFO] Waiting ACK...
[2026-09-02T18:48:57.074+00:00][A] [INFO] [WAITING ACK]
[2026-09-02T18:48:57.087+00:00][A] [INFO] [RF TX] type=2 source=0x01 destination=0xFF previousHop=0x01 sequence=40 ackSequence=0 ttl=8 hops=0 payloadSize=13 rssi=0 snr=0.00
[2026-09-02T18:48:57.088+00:00][A] [INFO] Heartbeat packet sent
[2026-09-02T18:48:57.203+00:00][B] [INFO] --------------------------------
[2026-09-02T18:48:57.203+00:00][B] [INFO] [HEARTBEAT TX]
[2026-09-02T18:48:57.208+00:00][B] [INFO] Node ID: 2
[2026-09-02T18:48:57.208+00:00][B] [INFO] type: 2
[2026-09-02T18:48:57.209+00:00][B] [INFO] Destination: 0xFF
[2026-09-02T18:48:57.211+00:00][A] [INFO] [RF RX] type=2 source=0x02 destination=0xFF previousHop=0x02 sequence=38 ackSequence=0 ttl=8 hops=0 payloadSize=13 rssi=-59 snr=9.50
[2026-09-02T18:48:57.214+00:00][B] [INFO] Sequence: 38
[2026-09-02T18:48:57.214+00:00][B] [INFO] Packet ID: 28
[2026-09-02T18:48:57.215+00:00][B] [INFO] Packet Size: 26
[2026-09-02T18:48:57.219+00:00][B] [INFO] Timestamp: 28 ms
[2026-09-02T18:48:57.220+00:00][B] [INFO] Transmission Result: success
[2026-09-02T18:48:57.225+00:00][B] [INFO] --------------------------------
[2026-09-02T18:48:57.225+00:00][B] [INFO] [Heartbeat #28]
[2026-09-02T18:48:57.230+00:00][B] [INFO] Sent
[2026-09-02T18:48:57.231+00:00][B] [INFO] Waiting ACK...
[2026-09-02T18:48:57.231+00:00][B] [INFO] [WAITING ACK]
[2026-09-02T18:48:57.244+00:00][B] [INFO] [RF TX] type=2 source=0x02 destination=0xFF previousHop=0x02 sequence=38 ackSequence=0 ttl=8 hops=0 payloadSize=13 rssi=0 snr=0.00
[2026-09-02T18:48:57.245+00:00][B] [INFO] Heartbeat packet sent
[2026-09-02T18:48:57.335+00:00][A] [WARN] TX_RETRY seq=42
[2026-09-02T18:48:57.397+00:00][A] [INFO] [RF TX] type=1 source=0x01 destination=0x02 previousHop=0x01 sequence=42 ackSequence=0 ttl=8 hops=0 payloadSize=4 rssi=0 snr=0.00
[2026-09-02T18:48:57.398+00:00][B] [INFO] [RF RX] type=1 source=0x01 destination=0x02 previousHop=0x01 sequence=42 ackSequence=0 ttl=8 hops=0 payloadSize=4 rssi=-62 snr=9.50
[2026-09-02T18:48:57.456+00:00][B] [INFO] [RF TX] type=3 source=0x02 destination=0x01 previousHop=0x02 sequence=39 ackSequence=42 ttl=8 hops=0 payloadSize=2 rssi=0 snr=0.00
[2026-09-02T18:48:57.462+00:00][A] [INFO] [RF RX] type=3 source=0x02 destination=0x01 previousHop=0x02 sequence=39 ackSequence=42 ttl=8 hops=0 payloadSize=2 rssi=-60 snr=9.75
[2026-09-02T18:48:57.462+00:00][A] [INFO] ACK_RX seq=42 source=0x02
[2026-09-02T18:48:57.465+00:00][A] [INFO] TEST_DATA_QUEUED dst=0x02 seq=43 remaining=90
[2026-09-02T18:48:57.520+00:00][A] [INFO] [RF TX] type=1 source=0x01 destination=0x02 previousHop=0x01 sequence=43 ackSequence=0 ttl=8 hops=0 payloadSize=4 rssi=0 snr=0.00
[2026-09-02T18:48:57.522+00:00][B] [INFO] [RF RX] type=1 source=0x01 destination=0x02 previousHop=0x01 sequence=43 ackSequence=0 ttl=8 hops=0 payloadSize=4 rssi=-61 snr=9.75
[2026-09-02T18:48:57.580+00:00][B] [INFO] [RF TX] type=3 source=0x02 destination=0x01 previousHop=0x02 sequence=40 ackSequence=43 ttl=8 hops=0 payloadSize=2 rssi=0 snr=0.00
[2026-09-02T18:48:57.586+00:00][A] [INFO] [RF RX] type=3 source=0x02 destination=0x01 previousHop=0x02 sequence=40 ackSequence=43 ttl=8 hops=0 payloadSize=2 rssi=-60 snr=9.75
[2026-09-02T18:48:57.586+00:00][A] [INFO] ACK_RX seq=43 source=0x02
[2026-09-02T18:48:57.590+00:00][A] [INFO] TEST_DATA_QUEUED dst=0x02 seq=44 remaining=89
[2026-09-02T18:48:57.644+00:00][A] [INFO] [RF TX] type=1 source=0x01 destination=0x02 previousHop=0x01 sequence=44 ackSequence=0 ttl=8 hops=0 payloadSize=4 rssi=0 snr=0.00
[2026-09-02T18:48:57.646+00:00][B] [INFO] [RF RX] type=1 source=0x01 destination=0x02 previousHop=0x01 sequence=44 ackSequence=0 ttl=8 hops=0 payloadSize=4 rssi=-61 snr=10.25
[2026-09-02T18:48:57.704+00:00][B] [INFO] [RF TX] type=3 source=0x02 destination=0x01 previousHop=0x02 sequence=41 ackSequence=44 ttl=8 hops=0 payloadSize=2 rssi=0 snr=0.00
[2026-09-02T18:48:57.710+00:00][A] [INFO] [RF RX] type=3 source=0x02 destination=0x01 previousHop=0x02 sequence=41 ackSequence=44 ttl=8 hops=0 payloadSize=2 rssi=-60 snr=9.75
[2026-09-02T18:48:57.710+00:00][A] [INFO] ACK_RX seq=44 source=0x02
[2026-09-02T18:48:57.714+00:00][A] [INFO] TEST_DATA_QUEUED dst=0x02 seq=45 remaining=88
[2026-09-02T18:48:57.768+00:00][A] [INFO] [RF TX] type=1 source=0x01 destination=0x02 previousHop=0x01 sequence=45 ackSequence=0 ttl=8 hops=0 payloadSize=4 rssi=0 snr=0.00
[2026-09-02T18:48:57.770+00:00][B] [INFO] [RF RX] type=1 source=0x01 destination=0x02 previousHop=0x01 sequence=45 ackSequence=0 ttl=8 hops=0 payloadSize=4 rssi=-61 snr=9.50
[2026-09-02T18:48:57.828+00:00][B] [INFO] [RF TX] type=3 source=0x02 destination=0x01 previousHop=0x02 sequence=42 ackSequence=45 ttl=8 hops=0 payloadSize=2 rssi=0 snr=0.00
[2026-09-02T18:48:57.834+00:00][A] [INFO] [RF RX] type=3 source=0x02 destination=0x01 previousHop=0x02 sequence=42 ackSequence=45 ttl=8 hops=0 payloadSize=2 rssi=-60 snr=9.75
[2026-09-02T18:48:57.834+00:00][A] [INFO] ACK_RX seq=45 source=0x02
[2026-09-02T18:48:57.837+00:00][A] [INFO] TEST_DATA_QUEUED dst=0x02 seq=46 remaining=87
[2026-09-02T18:48:57.892+00:00][A] [INFO] [RF TX] type=1 source=0x01 destination=0x02 previousHop=0x01 sequence=46 ackSequence=0 ttl=8 hops=0 payloadSize=4 rssi=0 snr=0.00
[2026-09-02T18:48:57.894+00:00][B] [INFO] [RF RX] type=1 source=0x01 destination=0x02 previousHop=0x01 sequence=46 ackSequence=0 ttl=8 hops=0 payloadSize=4 rssi=-62 snr=9.50
[2026-09-02T18:48:57.952+00:00][B] [INFO] [RF TX] type=3 source=0x02 destination=0x01 previousHop=0x02 sequence=43 ackSequence=46 ttl=8 hops=0 payloadSize=2 rssi=0 snr=0.00
[2026-09-02T18:48:57.962+00:00][A] [INFO] --------------------------------
[2026-09-02T18:48:57.962+00:00][A] [INFO] [HEARTBEAT TX]
[2026-09-02T18:48:57.967+00:00][A] [INFO] Node ID: 1
[2026-09-02T18:48:57.967+00:00][A] [INFO] type: 2
[2026-09-02T18:48:57.968+00:00][A] [INFO] Destination: 0xFF
[2026-09-02T18:48:57.972+00:00][A] [INFO] Sequence: 47
[2026-09-02T18:48:57.973+00:00][A] [INFO] Packet ID: 33
[2026-09-02T18:48:57.973+00:00][A] [INFO] Packet Size: 26
[2026-09-02T18:48:57.978+00:00][A] [INFO] Timestamp: 33 ms
[2026-09-02T18:48:57.979+00:00][A] [INFO] Transmission Result: success
[2026-09-02T18:48:57.984+00:00][A] [INFO] --------------------------------
[2026-09-02T18:48:57.984+00:00][A] [INFO] [Heartbeat #33]
[2026-09-02T18:48:57.989+00:00][A] [INFO] Sent
[2026-09-02T18:48:57.989+00:00][A] [INFO] Waiting ACK...
[2026-09-02T18:48:57.989+00:00][A] [INFO] [WAITING ACK]
[2026-09-02T18:48:58.003+00:00][A] [INFO] [RF TX] type=2 source=0x01 destination=0xFF previousHop=0x01 sequence=47 ackSequence=0 ttl=8 hops=0 payloadSize=13 rssi=0 snr=0.00
[2026-09-02T18:48:58.004+00:00][A] [INFO] Heartbeat packet sent
[2026-09-02T18:48:58.220+00:00][B] [WARN] Retry 1
[2026-09-02T18:48:58.287+00:00][B] [INFO] --------------------------------
[2026-09-02T18:48:58.287+00:00][B] [INFO] [HEARTBEAT TX]
[2026-09-02T18:48:58.292+00:00][B] [INFO] Node ID: 2
[2026-09-02T18:48:58.292+00:00][B] [INFO] type: 2
[2026-09-02T18:48:58.293+00:00][B] [INFO] Destination: 0xFF
[2026-09-02T18:48:58.295+00:00][A] [INFO] [RF RX] type=2 source=0x02 destination=0xFF previousHop=0x02 sequence=38 ackSequence=0 ttl=8 hops=0 payloadSize=13 rssi=-59 snr=9.75
[2026-09-02T18:48:58.298+00:00][B] [INFO] Sequence: 38
[2026-09-02T18:48:58.298+00:00][B] [INFO] Packet ID: 28
[2026-09-02T18:48:58.298+00:00][B] [INFO] Packet Size: 26
[2026-09-02T18:48:58.303+00:00][B] [INFO] Timestamp: 28 ms
[2026-09-02T18:48:58.303+00:00][B] [INFO] Transmission Result: success
[2026-09-02T18:48:58.309+00:00][B] [INFO] --------------------------------
[2026-09-02T18:48:58.309+00:00][B] [INFO] [Heartbeat #28]
[2026-09-02T18:48:58.314+00:00][B] [INFO] Sent
[2026-09-02T18:48:58.315+00:00][B] [INFO] Waiting ACK...
[2026-09-02T18:48:58.315+00:00][B] [INFO] [WAITING ACK]
[2026-09-02T18:48:58.328+00:00][B] [INFO] [RF TX] type=2 source=0x02 destination=0xFF previousHop=0x02 sequence=38 ackSequence=0 ttl=8 hops=0 payloadSize=13 rssi=0 snr=0.00
[2026-09-02T18:48:58.329+00:00][B] [INFO] Heartbeat packet sent
[2026-09-02T18:48:58.893+00:00][A] [WARN] TX_RETRY seq=46
[2026-09-02T18:48:58.955+00:00][A] [INFO] [RF TX] type=1 source=0x01 destination=0x02 previousHop=0x01 sequence=46 ackSequence=0 ttl=8 hops=0 payloadSize=4 rssi=0 snr=0.00
[2026-09-02T18:48:58.979+00:00][A] [WARN] Retry 1
[2026-09-02T18:48:59.003+00:00][B] [INFO] [RF TX] type=3 source=0x02 destination=0x01 previousHop=0x02 sequence=44 ackSequence=46 ttl=8 hops=0 payloadSize=2 rssi=0 snr=0.00
[2026-09-02T18:48:59.046+00:00][A] [INFO] --------------------------------
[2026-09-02T18:48:59.046+00:00][A] [INFO] [HEARTBEAT TX]
[2026-09-02T18:48:59.051+00:00][A] [INFO] Node ID: 1
[2026-09-02T18:48:59.051+00:00][A] [INFO] type: 2
[2026-09-02T18:48:59.052+00:00][A] [INFO] Destination: 0xFF
[2026-09-02T18:48:59.056+00:00][A] [INFO] Sequence: 47
[2026-09-02T18:48:59.057+00:00][A] [INFO] Packet ID: 33
[2026-09-02T18:48:59.057+00:00][A] [INFO] Packet Size: 26
[2026-09-02T18:48:59.062+00:00][A] [INFO] Timestamp: 33 ms
[2026-09-02T18:48:59.063+00:00][A] [INFO] Transmission Result: success
[2026-09-02T18:48:59.068+00:00][A] [INFO] --------------------------------
[2026-09-02T18:48:59.068+00:00][A] [INFO] [Heartbeat #33]
[2026-09-02T18:48:59.073+00:00][A] [INFO] Sent
[2026-09-02T18:48:59.074+00:00][A] [INFO] Waiting ACK...
[2026-09-02T18:48:59.074+00:00][A] [INFO] [WAITING ACK]
[2026-09-02T18:48:59.087+00:00][A] [INFO] [RF TX] type=2 source=0x01 destination=0xFF previousHop=0x01 sequence=47 ackSequence=0 ttl=8 hops=0 payloadSize=13 rssi=0 snr=0.00
[2026-09-02T18:48:59.088+00:00][A] [INFO] Heartbeat packet sent
[2026-09-02T18:48:59.203+00:00][B] [INFO] --------------------------------
[2026-09-02T18:48:59.204+00:00][B] [INFO] [HEARTBEAT TX]
[2026-09-02T18:48:59.208+00:00][B] [INFO] Node ID: 2
[2026-09-02T18:48:59.208+00:00][B] [INFO] type: 2
[2026-09-02T18:48:59.208+00:00][B] [INFO] Destination: 0xFF
[2026-09-02T18:48:59.211+00:00][A] [INFO] [RF RX] type=2 source=0x02 destination=0xFF previousHop=0x02 sequence=45 ackSequence=0 ttl=8 hops=0 payloadSize=13 rssi=-58 snr=10.00
[2026-09-02T18:48:59.214+00:00][B] [INFO] Sequence: 45
[2026-09-02T18:48:59.214+00:00][B] [INFO] Packet ID: 29
[2026-09-02T18:48:59.214+00:00][B] [INFO] Packet Size: 26
[2026-09-02T18:48:59.219+00:00][B] [INFO] Timestamp: 29 ms
[2026-09-02T18:48:59.220+00:00][B] [INFO] Transmission Result: success
[2026-09-02T18:48:59.225+00:00][B] [INFO] --------------------------------
[2026-09-02T18:48:59.225+00:00][B] [INFO] [Heartbeat #29]
[2026-09-02T18:48:59.230+00:00][B] [INFO] Sent
[2026-09-02T18:48:59.231+00:00][B] [INFO] Waiting ACK...
[2026-09-02T18:48:59.231+00:00][B] [INFO] [WAITING ACK]
[2026-09-02T18:48:59.244+00:00][B] [INFO] [RF TX] type=2 source=0x02 destination=0xFF previousHop=0x02 sequence=45 ackSequence=0 ttl=8 hops=0 payloadSize=13 rssi=0 snr=0.00
[2026-09-02T18:48:59.245+00:00][B] [INFO] Heartbeat packet sent
[2026-09-02T18:48:59.962+00:00][A] [INFO] --------------------------------
[2026-09-02T18:48:59.962+00:00][A] [INFO] [HEARTBEAT TX]
[2026-09-02T18:48:59.967+00:00][A] [INFO] Node ID: 1
[2026-09-02T18:48:59.967+00:00][A] [INFO] type: 2
[2026-09-02T18:48:59.968+00:00][A] [INFO] Destination: 0xFF
[2026-09-02T18:48:59.970+00:00][B] [INFO] [RF RX] type=2 source=0x01 destination=0xFF previousHop=0x01 sequence=48 ackSequence=0 ttl=8 hops=0 payloadSize=13 rssi=-61 snr=9.75
[2026-09-02T18:48:59.972+00:00][A] [INFO] Sequence: 48
[2026-09-02T18:48:59.973+00:00][A] [INFO] Packet ID: 34
[2026-09-02T18:48:59.973+00:00][A] [INFO] Packet Size: 26
[2026-09-02T18:48:59.978+00:00][A] [INFO] Timestamp: 34 ms
[2026-09-02T18:48:59.979+00:00][A] [INFO] Transmission Result: success
[2026-09-02T18:48:59.984+00:00][A] [INFO] --------------------------------
[2026-09-02T18:48:59.984+00:00][A] [INFO] [Heartbeat #34]
[2026-09-02T18:48:59.989+00:00][A] [INFO] Sent
[2026-09-02T18:48:59.989+00:00][A] [INFO] Waiting ACK...
[2026-09-02T18:48:59.989+00:00][A] [INFO] [WAITING ACK]
[2026-09-02T18:49:00.006+00:00][A] [INFO] [RF TX] type=2 source=0x01 destination=0xFF previousHop=0x01 sequence=48 ackSequence=0 ttl=8 hops=0 payloadSize=13 rssi=0 snr=0.00
[2026-09-02T18:49:00.007+00:00][A] [INFO] Heartbeat packet sent
[2026-09-02T18:49:00.007+00:00][A] [WARN] TX_RETRY seq=46
[2026-09-02T18:49:00.063+00:00][A] [INFO] [RF TX] type=1 source=0x01 destination=0x02 previousHop=0x01 sequence=46 ackSequence=0 ttl=8 hops=0 payloadSize=4 rssi=0 snr=0.00
[2026-09-02T18:49:00.112+00:00][B] [INFO] [RF TX] type=3 source=0x02 destination=0x01 previousHop=0x02 sequence=46 ackSequence=46 ttl=8 hops=0 payloadSize=2 rssi=0 snr=0.00
[2026-09-02T18:49:00.220+00:00][B] [WARN] Retry 1
[2026-09-02T18:49:00.287+00:00][B] [INFO] --------------------------------
[2026-09-02T18:49:00.288+00:00][B] [INFO] [HEARTBEAT TX]
[2026-09-02T18:49:00.292+00:00][B] [INFO] Node ID: 2
[2026-09-02T18:49:00.292+00:00][B] [INFO] type: 2
[2026-09-02T18:49:00.293+00:00][B] [INFO] Destination: 0xFF
[2026-09-02T18:49:00.295+00:00][A] [INFO] [RF RX] type=2 source=0x02 destination=0xFF previousHop=0x02 sequence=45 ackSequence=0 ttl=8 hops=0 payloadSize=13 rssi=-59 snr=9.75
[2026-09-02T18:49:00.298+00:00][B] [INFO] Sequence: 45
[2026-09-02T18:49:00.298+00:00][B] [INFO] Packet ID: 29
[2026-09-02T18:49:00.298+00:00][B] [INFO] Packet Size: 26
[2026-09-02T18:49:00.303+00:00][B] [INFO] Timestamp: 29 ms
[2026-09-02T18:49:00.304+00:00][B] [INFO] Transmission Result: success
[2026-09-02T18:49:00.309+00:00][B] [INFO] --------------------------------
[2026-09-02T18:49:00.309+00:00][B] [INFO] [Heartbeat #29]
[2026-09-02T18:49:00.314+00:00][B] [INFO] Sent
[2026-09-02T18:49:00.314+00:00][B] [INFO] Waiting ACK...
[2026-09-02T18:49:00.315+00:00][B] [INFO] [WAITING ACK]
[2026-09-02T18:49:00.328+00:00][B] [INFO] [RF TX] type=2 source=0x02 destination=0xFF previousHop=0x02 sequence=45 ackSequence=0 ttl=8 hops=0 payloadSize=13 rssi=0 snr=0.00
[2026-09-02T18:49:00.329+00:00][B] [INFO] Heartbeat packet sent
[2026-09-02T18:49:00.979+00:00][A] [WARN] Retry 1
[2026-09-02T18:49:01.046+00:00][A] [INFO] --------------------------------
[2026-09-02T18:49:01.047+00:00][A] [INFO] [HEARTBEAT TX]
[2026-09-02T18:49:01.051+00:00][A] [INFO] Node ID: 1
[2026-09-02T18:49:01.051+00:00][A] [INFO] type: 2
[2026-09-02T18:49:01.052+00:00][A] [INFO] Destination: 0xFF
[2026-09-02T18:49:01.054+00:00][B] [INFO] [RF RX] type=2 source=0x01 destination=0xFF previousHop=0x01 sequence=48 ackSequence=0 ttl=8 hops=0 payloadSize=13 rssi=-60 snr=9.75
[2026-09-02T18:49:01.056+00:00][A] [INFO] Sequence: 48
[2026-09-02T18:49:01.057+00:00][A] [INFO] Packet ID: 34
[2026-09-02T18:49:01.057+00:00][A] [INFO] Packet Size: 26
[2026-09-02T18:49:01.062+00:00][A] [INFO] Timestamp: 34 ms
[2026-09-02T18:49:01.063+00:00][A] [INFO] Transmission Result: success
[2026-09-02T18:49:01.068+00:00][A] [INFO] --------------------------------
[2026-09-02T18:49:01.068+00:00][A] [INFO] [Heartbeat #34]
[2026-09-02T18:49:01.073+00:00][A] [INFO] Sent
[2026-09-02T18:49:01.073+00:00][A] [INFO] Waiting ACK...
[2026-09-02T18:49:01.074+00:00][A] [INFO] [WAITING ACK]
[2026-09-02T18:49:01.089+00:00][A] [INFO] [RF TX] type=2 source=0x01 destination=0xFF previousHop=0x01 sequence=48 ackSequence=0 ttl=8 hops=0 payloadSize=13 rssi=0 snr=0.00
[2026-09-02T18:49:01.090+00:00][A] [INFO] Heartbeat packet sent
[2026-09-02T18:49:01.090+00:00][A] [WARN] TX_RETRY seq=46
[2026-09-02T18:49:01.147+00:00][A] [INFO] [RF TX] type=1 source=0x01 destination=0x02 previousHop=0x01 sequence=46 ackSequence=0 ttl=8 hops=0 payloadSize=4 rssi=0 snr=0.00
[2026-09-02T18:49:01.203+00:00][B] [INFO] --------------------------------
[2026-09-02T18:49:01.203+00:00][B] [INFO] [HEARTBEAT TX]
[2026-09-02T18:49:01.208+00:00][B] [INFO] Node ID: 2
[2026-09-02T18:49:01.208+00:00][B] [INFO] type: 2
[2026-09-02T18:49:01.208+00:00][B] [INFO] Destination: 0xFF
[2026-09-02T18:49:01.214+00:00][B] [INFO] Sequence: 47
[2026-09-02T18:49:01.214+00:00][B] [INFO] Packet ID: 30
[2026-09-02T18:49:01.214+00:00][B] [INFO] Packet Size: 26
[2026-09-02T18:49:01.219+00:00][B] [INFO] Timestamp: 30 ms
[2026-09-02T18:49:01.220+00:00][B] [INFO] Transmission Result: success
[2026-09-02T18:49:01.225+00:00][B] [INFO] --------------------------------
[2026-09-02T18:49:01.225+00:00][B] [INFO] [Heartbeat #30]
[2026-09-02T18:49:01.230+00:00][B] [INFO] Sent
[2026-09-02T18:49:01.231+00:00][B] [INFO] Waiting ACK...
[2026-09-02T18:49:01.231+00:00][B] [INFO] [WAITING ACK]
[2026-09-02T18:49:01.244+00:00][B] [INFO] [RF TX] type=2 source=0x02 destination=0xFF previousHop=0x02 sequence=47 ackSequence=0 ttl=8 hops=0 payloadSize=13 rssi=0 snr=0.00
[2026-09-02T18:49:01.245+00:00][B] [INFO] Heartbeat packet sent
[2026-09-02T18:49:01.962+00:00][A] [INFO] --------------------------------
[2026-09-02T18:49:01.962+00:00][A] [INFO] [HEARTBEAT TX]
[2026-09-02T18:49:01.967+00:00][A] [INFO] Node ID: 1
[2026-09-02T18:49:01.967+00:00][A] [INFO] type: 2
[2026-09-02T18:49:01.968+00:00][A] [INFO] Destination: 0xFF
[2026-09-02T18:49:01.970+00:00][B] [INFO] [RF RX] type=2 source=0x01 destination=0xFF previousHop=0x01 sequence=49 ackSequence=0 ttl=8 hops=0 payloadSize=13 rssi=-61 snr=9.50
[2026-09-02T18:49:01.972+00:00][A] [INFO] Sequence: 49
[2026-09-02T18:49:01.973+00:00][A] [INFO] Packet ID: 35
[2026-09-02T18:49:01.973+00:00][A] [INFO] Packet Size: 26
[2026-09-02T18:49:01.978+00:00][A] [INFO] Timestamp: 35 ms
[2026-09-02T18:49:01.979+00:00][A] [INFO] Transmission Result: success
[2026-09-02T18:49:01.984+00:00][A] [INFO] --------------------------------
[2026-09-02T18:49:01.984+00:00][A] [INFO] [Heartbeat #35]
[2026-09-02T18:49:01.989+00:00][A] [INFO] Sent
[2026-09-02T18:49:01.989+00:00][A] [INFO] Waiting ACK...
[2026-09-02T18:49:01.990+00:00][A] [INFO] [WAITING ACK]
[2026-09-02T18:49:02.003+00:00][A] [INFO] [RF TX] type=2 source=0x01 destination=0xFF previousHop=0x01 sequence=49 ackSequence=0 ttl=8 hops=0 payloadSize=13 rssi=0 snr=0.00
[2026-09-02T18:49:02.003+00:00][A] [INFO] Heartbeat packet sent
[2026-09-02T18:49:02.151+00:00][A] [ERROR] TX_FAILED
[2026-09-02T18:49:02.151+00:00][A] [WARN] ACK_FAILED seq=46
[2026-09-02T18:49:02.154+00:00][A] [INFO] TEST_DATA_QUEUED dst=0x02 seq=50 remaining=86
[2026-09-02T18:49:02.210+00:00][A] [INFO] [RF TX] type=1 source=0x01 destination=0x02 previousHop=0x01 sequence=50 ackSequence=0 ttl=8 hops=0 payloadSize=4 rssi=0 snr=0.00
[2026-09-02T18:49:02.212+00:00][B] [INFO] [RF RX] type=1 source=0x01 destination=0x02 previousHop=0x01 sequence=50 ackSequence=0 ttl=8 hops=0 payloadSize=4 rssi=-61 snr=9.75
[2026-09-02T18:49:02.271+00:00][B] [INFO] [RF TX] type=3 source=0x02 destination=0x01 previousHop=0x02 sequence=48 ackSequence=50 ttl=8 hops=0 payloadSize=2 rssi=0 snr=0.00
[2026-09-02T18:49:02.271+00:00][B] [WARN] Retry 1
[2026-09-02T18:49:02.275+00:00][A] [INFO] [RF RX] type=3 source=0x02 destination=0x01 previousHop=0x02 sequence=48 ackSequence=50 ttl=8 hops=0 payloadSize=2 rssi=-59 snr=9.75
[2026-09-02T18:49:02.276+00:00][A] [INFO] ACK_RX seq=50 source=0x02
[2026-09-02T18:49:02.279+00:00][A] [INFO] TEST_DATA_QUEUED dst=0x02 seq=51 remaining=85
[2026-09-02T18:49:02.334+00:00][A] [INFO] [RF TX] type=1 source=0x01 destination=0x02 previousHop=0x01 sequence=51 ackSequence=0 ttl=8 hops=0 payloadSize=4 rssi=0 snr=0.00
[2026-09-02T18:49:02.336+00:00][B] [INFO] --------------------------------
[2026-09-02T18:49:02.337+00:00][B] [INFO] [HEARTBEAT TX]
[2026-09-02T18:49:02.342+00:00][B] [INFO] Node ID: 2
[2026-09-02T18:49:02.342+00:00][B] [INFO] type: 2
[2026-09-02T18:49:02.342+00:00][B] [INFO] Destination: 0xFF
[2026-09-02T18:49:02.347+00:00][B] [INFO] Sequence: 47
[2026-09-02T18:49:02.347+00:00][B] [INFO] Packet ID: 30
[2026-09-02T18:49:02.348+00:00][B] [INFO] Packet Size: 26
[2026-09-02T18:49:02.353+00:00][B] [INFO] Timestamp: 30 ms
[2026-09-02T18:49:02.353+00:00][B] [INFO] Transmission Result: success
[2026-09-02T18:49:02.359+00:00][B] [INFO] --------------------------------
[2026-09-02T18:49:02.359+00:00][B] [INFO] [Heartbeat #30]
[2026-09-02T18:49:02.364+00:00][B] [INFO] Sent
[2026-09-02T18:49:02.364+00:00][B] [INFO] Waiting ACK...
[2026-09-02T18:49:02.365+00:00][B] [INFO] [WAITING ACK]
[2026-09-02T18:49:02.378+00:00][B] [INFO] [RF TX] type=2 source=0x02 destination=0xFF previousHop=0x02 sequence=47 ackSequence=0 ttl=8 hops=0 payloadSize=13 rssi=0 snr=0.00
[2026-09-02T18:49:02.378+00:00][B] [INFO] Heartbeat packet sent
[2026-09-02T18:49:02.979+00:00][A] [WARN] Retry 1
[2026-09-02T18:49:03.046+00:00][A] [INFO] --------------------------------
[2026-09-02T18:49:03.046+00:00][A] [INFO] [HEARTBEAT TX]
[2026-09-02T18:49:03.051+00:00][A] [INFO] Node ID: 1
[2026-09-02T18:49:03.051+00:00][A] [INFO] type: 2
[2026-09-02T18:49:03.052+00:00][A] [INFO] Destination: 0xFF
[2026-09-02T18:49:03.054+00:00][B] [INFO] [RF RX] type=2 source=0x01 destination=0xFF previousHop=0x01 sequence=49 ackSequence=0 ttl=8 hops=0 payloadSize=13 rssi=-61 snr=9.50
[2026-09-02T18:49:03.056+00:00][A] [INFO] Sequence: 49
[2026-09-02T18:49:03.057+00:00][A] [INFO] Packet ID: 35
[2026-09-02T18:49:03.057+00:00][A] [INFO] Packet Size: 26
[2026-09-02T18:49:03.062+00:00][A] [INFO] Timestamp: 35 ms
[2026-09-02T18:49:03.063+00:00][A] [INFO] Transmission Result: success
[2026-09-02T18:49:03.068+00:00][A] [INFO] --------------------------------
[2026-09-02T18:49:03.068+00:00][A] [INFO] [Heartbeat #35]
[2026-09-02T18:49:03.073+00:00][A] [INFO] Sent
[2026-09-02T18:49:03.073+00:00][A] [INFO] Waiting ACK...
[2026-09-02T18:49:03.074+00:00][A] [INFO] [WAITING ACK]
[2026-09-02T18:49:03.087+00:00][A] [INFO] [RF TX] type=2 source=0x01 destination=0xFF previousHop=0x01 sequence=49 ackSequence=0 ttl=8 hops=0 payloadSize=13 rssi=0 snr=0.00
[2026-09-02T18:49:03.087+00:00][A] [INFO] Heartbeat packet sent
[2026-09-02T18:49:03.203+00:00][B] [INFO] --------------------------------
[2026-09-02T18:49:03.203+00:00][B] [INFO] [HEARTBEAT TX]
[2026-09-02T18:49:03.208+00:00][B] [INFO] Node ID: 2
[2026-09-02T18:49:03.208+00:00][B] [INFO] type: 2
[2026-09-02T18:49:03.208+00:00][B] [INFO] Destination: 0xFF
[2026-09-02T18:49:03.211+00:00][A] [INFO] [RF RX] type=2 source=0x02 destination=0xFF previousHop=0x02 sequence=49 ackSequence=0 ttl=8 hops=0 payloadSize=13 rssi=-59 snr=9.75
[2026-09-02T18:49:03.213+00:00][B] [INFO] Sequence: 49
[2026-09-02T18:49:03.214+00:00][B] [INFO] Packet ID: 31
[2026-09-02T18:49:03.214+00:00][B] [INFO] Packet Size: 26
[2026-09-02T18:49:03.220+00:00][B] [INFO] Timestamp: 31 ms
[2026-09-02T18:49:03.221+00:00][B] [INFO] Transmission Result: success
[2026-09-02T18:49:03.225+00:00][B] [INFO] --------------------------------
[2026-09-02T18:49:03.225+00:00][B] [INFO] [Heartbeat #31]
[2026-09-02T18:49:03.230+00:00][B] [INFO] Sent
[2026-09-02T18:49:03.231+00:00][B] [INFO] Waiting ACK...
[2026-09-02T18:49:03.231+00:00][B] [INFO] [WAITING ACK]
[2026-09-02T18:49:03.244+00:00][B] [INFO] [RF TX] type=2 source=0x02 destination=0xFF previousHop=0x02 sequence=49 ackSequence=0 ttl=8 hops=0 payloadSize=13 rssi=0 snr=0.00
[2026-09-02T18:49:03.245+00:00][B] [INFO] Heartbeat packet sent
[2026-09-02T18:49:03.334+00:00][A] [WARN] TX_RETRY seq=51
[2026-09-02T18:49:03.396+00:00][A] [INFO] [RF TX] type=1 source=0x01 destination=0x02 previousHop=0x01 sequence=51 ackSequence=0 ttl=8 hops=0 payloadSize=4 rssi=0 snr=0.00
[2026-09-02T18:49:03.398+00:00][B] [INFO] [RF RX] type=1 source=0x01 destination=0x02 previousHop=0x01 sequence=51 ackSequence=0 ttl=8 hops=0 payloadSize=4 rssi=-61 snr=9.75
[2026-09-02T18:49:03.456+00:00][B] [INFO] [RF TX] type=3 source=0x02 destination=0x01 previousHop=0x02 sequence=50 ackSequence=51 ttl=8 hops=0 payloadSize=2 rssi=0 snr=0.00
[2026-09-02T18:49:03.462+00:00][A] [INFO] [RF RX] type=3 source=0x02 destination=0x01 previousHop=0x02 sequence=50 ackSequence=51 ttl=8 hops=0 payloadSize=2 rssi=-60 snr=9.50
[2026-09-02T18:49:03.463+00:00][A] [INFO] ACK_RX seq=51 source=0x02
[2026-09-02T18:49:03.466+00:00][A] [INFO] TEST_DATA_QUEUED dst=0x02 seq=52 remaining=84
[2026-09-02T18:49:03.520+00:00][A] [INFO] [RF TX] type=1 source=0x01 destination=0x02 previousHop=0x01 sequence=52 ackSequence=0 ttl=8 hops=0 payloadSize=4 rssi=0 snr=0.00
[2026-09-02T18:49:03.522+00:00][B] [INFO] [RF RX] type=1 source=0x01 destination=0x02 previousHop=0x01 sequence=52 ackSequence=0 ttl=8 hops=0 payloadSize=4 rssi=-61 snr=9.50
[2026-09-02T18:49:03.580+00:00][B] [INFO] [RF TX] type=3 source=0x02 destination=0x01 previousHop=0x02 sequence=51 ackSequence=52 ttl=8 hops=0 payloadSize=2 rssi=0 snr=0.00
[2026-09-02T18:49:03.586+00:00][A] [INFO] [RF RX] type=3 source=0x02 destination=0x01 previousHop=0x02 sequence=51 ackSequence=52 ttl=8 hops=0 payloadSize=2 rssi=-60 snr=9.50
[2026-09-02T18:49:03.586+00:00][A] [INFO] ACK_RX seq=52 source=0x02
[2026-09-02T18:49:03.589+00:00][A] [INFO] TEST_DATA_QUEUED dst=0x02 seq=53 remaining=83
[2026-09-02T18:49:03.644+00:00][A] [INFO] [RF TX] type=1 source=0x01 destination=0x02 previousHop=0x01 sequence=53 ackSequence=0 ttl=8 hops=0 payloadSize=4 rssi=0 snr=0.00
[2026-09-02T18:49:03.646+00:00][B] [INFO] [RF RX] type=1 source=0x01 destination=0x02 previousHop=0x01 sequence=53 ackSequence=0 ttl=8 hops=0 payloadSize=4 rssi=-62 snr=9.50
[2026-09-02T18:49:03.704+00:00][B] [INFO] [RF TX] type=3 source=0x02 destination=0x01 previousHop=0x02 sequence=52 ackSequence=53 ttl=8 hops=0 payloadSize=2 rssi=0 snr=0.00
[2026-09-02T18:49:03.710+00:00][A] [INFO] [RF RX] type=3 source=0x02 destination=0x01 previousHop=0x02 sequence=52 ackSequence=53 ttl=8 hops=0 payloadSize=2 rssi=-60 snr=9.75
[2026-09-02T18:49:03.710+00:00][A] [INFO] ACK_RX seq=53 source=0x02
[2026-09-02T18:49:03.713+00:00][A] [INFO] TEST_DATA_QUEUED dst=0x02 seq=54 remaining=82
[2026-09-02T18:49:03.768+00:00][A] [INFO] [RF TX] type=1 source=0x01 destination=0x02 previousHop=0x01 sequence=54 ackSequence=0 ttl=8 hops=0 payloadSize=4 rssi=0 snr=0.00
[2026-09-02T18:49:03.770+00:00][B] [INFO] [RF RX] type=1 source=0x01 destination=0x02 previousHop=0x01 sequence=54 ackSequence=0 ttl=8 hops=0 payloadSize=4 rssi=-61 snr=9.75
[2026-09-02T18:49:03.827+00:00][B] [INFO] [RF TX] type=3 source=0x02 destination=0x01 previousHop=0x02 sequence=53 ackSequence=54 ttl=8 hops=0 payloadSize=2 rssi=0 snr=0.00
[2026-09-02T18:49:03.834+00:00][A] [INFO] [RF RX] type=3 source=0x02 destination=0x01 previousHop=0x02 sequence=53 ackSequence=54 ttl=8 hops=0 payloadSize=2 rssi=-59 snr=9.50
[2026-09-02T18:49:03.835+00:00][A] [INFO] ACK_RX seq=54 source=0x02
[2026-09-02T18:49:03.837+00:00][A] [INFO] TEST_DATA_QUEUED dst=0x02 seq=55 remaining=81
[2026-09-02T18:49:03.892+00:00][A] [INFO] [RF TX] type=1 source=0x01 destination=0x02 previousHop=0x01 sequence=55 ackSequence=0 ttl=8 hops=0 payloadSize=4 rssi=0 snr=0.00
[2026-09-02T18:49:03.894+00:00][B] [INFO] [RF RX] type=1 source=0x01 destination=0x02 previousHop=0x01 sequence=55 ackSequence=0 ttl=8 hops=0 payloadSize=4 rssi=-61 snr=10.00
[2026-09-02T18:49:03.951+00:00][B] [INFO] [RF TX] type=3 source=0x02 destination=0x01 previousHop=0x02 sequence=54 ackSequence=55 ttl=8 hops=0 payloadSize=2 rssi=0 snr=0.00
[2026-09-02T18:49:03.961+00:00][A] [INFO] --------------------------------
[2026-09-02T18:49:03.962+00:00][A] [INFO] [HEARTBEAT TX]
[2026-09-02T18:49:03.967+00:00][A] [INFO] Node ID: 1
[2026-09-02T18:49:03.967+00:00][A] [INFO] type: 2
[2026-09-02T18:49:03.967+00:00][A] [INFO] Destination: 0xFF
[2026-09-02T18:49:03.972+00:00][A] [INFO] Sequence: 56
[2026-09-02T18:49:03.973+00:00][A] [INFO] Packet ID: 36
[2026-09-02T18:49:03.973+00:00][A] [INFO] Packet Size: 26
[2026-09-02T18:49:03.978+00:00][A] [INFO] Timestamp: 36 ms
[2026-09-02T18:49:03.978+00:00][A] [INFO] Transmission Result: success
[2026-09-02T18:49:03.983+00:00][A] [INFO] --------------------------------
[2026-09-02T18:49:03.984+00:00][A] [INFO] [Heartbeat #36]
[2026-09-02T18:49:03.989+00:00][A] [INFO] Sent
[2026-09-02T18:49:03.989+00:00][A] [INFO] Waiting ACK...
[2026-09-02T18:49:03.989+00:00][A] [INFO] [WAITING ACK]
[2026-09-02T18:49:04.003+00:00][A] [INFO] [RF TX] type=2 source=0x01 destination=0xFF previousHop=0x01 sequence=56 ackSequence=0 ttl=8 hops=0 payloadSize=13 rssi=0 snr=0.00
[2026-09-02T18:49:04.003+00:00][A] [INFO] Heartbeat packet sent
[2026-09-02T18:49:04.220+00:00][B] [WARN] Retry 1
[2026-09-02T18:49:04.287+00:00][B] [INFO] --------------------------------
[2026-09-02T18:49:04.287+00:00][B] [INFO] [HEARTBEAT TX]
[2026-09-02T18:49:04.292+00:00][B] [INFO] Node ID: 2
[2026-09-02T18:49:04.292+00:00][B] [INFO] type: 2
[2026-09-02T18:49:04.293+00:00][B] [INFO] Destination: 0xFF
[2026-09-02T18:49:04.295+00:00][A] [INFO] [RF RX] type=2 source=0x02 destination=0xFF previousHop=0x02 sequence=49 ackSequence=0 ttl=8 hops=0 payloadSize=13 rssi=-59 snr=9.25
[2026-09-02T18:49:04.297+00:00][B] [INFO] Sequence: 49
[2026-09-02T18:49:04.298+00:00][B] [INFO] Packet ID: 31
[2026-09-02T18:49:04.298+00:00][B] [INFO] Packet Size: 26
[2026-09-02T18:49:04.303+00:00][B] [INFO] Timestamp: 31 ms
[2026-09-02T18:49:04.304+00:00][B] [INFO] Transmission Result: success
[2026-09-02T18:49:04.309+00:00][B] [INFO] --------------------------------
[2026-09-02T18:49:04.309+00:00][B] [INFO] [Heartbeat #31]
[2026-09-02T18:49:04.314+00:00][B] [INFO] Sent
[2026-09-02T18:49:04.314+00:00][B] [INFO] Waiting ACK...
[2026-09-02T18:49:04.315+00:00][B] [INFO] [WAITING ACK]
[2026-09-02T18:49:04.328+00:00][B] [INFO] [RF TX] type=2 source=0x02 destination=0xFF previousHop=0x02 sequence=49 ackSequence=0 ttl=8 hops=0 payloadSize=13 rssi=0 snr=0.00
[2026-09-02T18:49:04.329+00:00][B] [INFO] Heartbeat packet sent
[2026-09-02T18:49:04.893+00:00][A] [WARN] TX_RETRY seq=55
[2026-09-02T18:49:04.954+00:00][A] [INFO] [RF TX] type=1 source=0x01 destination=0x02 previousHop=0x01 sequence=55 ackSequence=0 ttl=8 hops=0 payloadSize=4 rssi=0 snr=0.00
[2026-09-02T18:49:04.979+00:00][A] [WARN] Retry 1
[2026-09-02T18:49:05.003+00:00][B] [INFO] [RF TX] type=3 source=0x02 destination=0x01 previousHop=0x02 sequence=55 ackSequence=55 ttl=8 hops=0 payloadSize=2 rssi=0 snr=0.00
[2026-09-02T18:49:05.046+00:00][A] [INFO] --------------------------------
[2026-09-02T18:49:05.046+00:00][A] [INFO] [HEARTBEAT TX]
[2026-09-02T18:49:05.051+00:00][A] [INFO] Node ID: 1
[2026-09-02T18:49:05.051+00:00][A] [INFO] type: 2
[2026-09-02T18:49:05.052+00:00][A] [INFO] Destination: 0xFF
[2026-09-02T18:49:05.056+00:00][A] [INFO] Sequence: 56
[2026-09-02T18:49:05.057+00:00][A] [INFO] Packet ID: 36
[2026-09-02T18:49:05.057+00:00][A] [INFO] Packet Size: 26
[2026-09-02T18:49:05.062+00:00][A] [INFO] Timestamp: 36 ms
[2026-09-02T18:49:05.063+00:00][A] [INFO] Transmission Result: success
[2026-09-02T18:49:05.068+00:00][A] [INFO] --------------------------------
[2026-09-02T18:49:05.068+00:00][A] [INFO] [Heartbeat #36]
[2026-09-02T18:49:05.073+00:00][A] [INFO] Sent
[2026-09-02T18:49:05.073+00:00][A] [INFO] Waiting ACK...
[2026-09-02T18:49:05.074+00:00][A] [INFO] [WAITING ACK]
[2026-09-02T18:49:05.087+00:00][A] [INFO] [RF TX] type=2 source=0x01 destination=0xFF previousHop=0x01 sequence=56 ackSequence=0 ttl=8 hops=0 payloadSize=13 rssi=0 snr=0.00
[2026-09-02T18:49:05.088+00:00][A] [INFO] Heartbeat packet sent
[2026-09-02T18:49:05.203+00:00][B] [INFO] --------------------------------
[2026-09-02T18:49:05.203+00:00][B] [INFO] [HEARTBEAT TX]
[2026-09-02T18:49:05.208+00:00][B] [INFO] Node ID: 2
[2026-09-02T18:49:05.208+00:00][B] [INFO] type: 2
[2026-09-02T18:49:05.208+00:00][B] [INFO] Destination: 0xFF
[2026-09-02T18:49:05.211+00:00][A] [INFO] [RF RX] type=2 source=0x02 destination=0xFF previousHop=0x02 sequence=56 ackSequence=0 ttl=8 hops=0 payloadSize=13 rssi=-58 snr=9.75
[2026-09-02T18:49:05.213+00:00][B] [INFO] Sequence: 56
[2026-09-02T18:49:05.214+00:00][B] [INFO] Packet ID: 32
[2026-09-02T18:49:05.214+00:00][B] [INFO] Packet Size: 26
[2026-09-02T18:49:05.219+00:00][B] [INFO] Timestamp: 32 ms
[2026-09-02T18:49:05.220+00:00][B] [INFO] Transmission Result: success
[2026-09-02T18:49:05.225+00:00][B] [INFO] --------------------------------
[2026-09-02T18:49:05.225+00:00][B] [INFO] [Heartbeat #32]
[2026-09-02T18:49:05.230+00:00][B] [INFO] Sent
[2026-09-02T18:49:05.231+00:00][B] [INFO] Waiting ACK...
[2026-09-02T18:49:05.231+00:00][B] [INFO] [WAITING ACK]
[2026-09-02T18:49:05.244+00:00][B] [INFO] [RF TX] type=2 source=0x02 destination=0xFF previousHop=0x02 sequence=56 ackSequence=0 ttl=8 hops=0 payloadSize=13 rssi=0 snr=0.00
[2026-09-02T18:49:05.245+00:00][B] [INFO] Heartbeat packet sent
[2026-09-02T18:49:05.962+00:00][A] [INFO] --------------------------------
[2026-09-02T18:49:05.963+00:00][A] [INFO] [HEARTBEAT TX]
[2026-09-02T18:49:05.967+00:00][A] [INFO] Node ID: 1
[2026-09-02T18:49:05.967+00:00][A] [INFO] type: 2
[2026-09-02T18:49:05.967+00:00][A] [INFO] Destination: 0xFF
[2026-09-02T18:49:05.970+00:00][B] [INFO] [RF RX] type=2 source=0x01 destination=0xFF previousHop=0x01 sequence=57 ackSequence=0 ttl=8 hops=0 payloadSize=13 rssi=-61 snr=10.00
[2026-09-02T18:49:05.972+00:00][A] [INFO] Sequence: 57
[2026-09-02T18:49:05.972+00:00][A] [INFO] Packet ID: 37
[2026-09-02T18:49:05.973+00:00][A] [INFO] Packet Size: 26
[2026-09-02T18:49:05.978+00:00][A] [INFO] Timestamp: 37 ms
[2026-09-02T18:49:05.978+00:00][A] [INFO] Transmission Result: success
[2026-09-02T18:49:05.983+00:00][A] [INFO] --------------------------------
[2026-09-02T18:49:05.984+00:00][A] [INFO] [Heartbeat #37]
[2026-09-02T18:49:05.989+00:00][A] [INFO] Sent
[2026-09-02T18:49:05.989+00:00][A] [INFO] Waiting ACK...
[2026-09-02T18:49:05.989+00:00][A] [INFO] [WAITING ACK]
[2026-09-02T18:49:06.005+00:00][A] [INFO] [RF TX] type=2 source=0x01 destination=0xFF previousHop=0x01 sequence=57 ackSequence=0 ttl=8 hops=0 payloadSize=13 rssi=0 snr=0.00
[2026-09-02T18:49:06.005+00:00][A] [INFO] Heartbeat packet sent
[2026-09-02T18:49:06.005+00:00][A] [WARN] TX_RETRY seq=55
[2026-09-02T18:49:06.062+00:00][A] [INFO] [RF TX] type=1 source=0x01 destination=0x02 previousHop=0x01 sequence=55 ackSequence=0 ttl=8 hops=0 payloadSize=4 rssi=0 snr=0.00
[2026-09-02T18:49:06.111+00:00][B] [INFO] [RF TX] type=3 source=0x02 destination=0x01 previousHop=0x02 sequence=57 ackSequence=55 ttl=8 hops=0 payloadSize=2 rssi=0 snr=0.00
[2026-09-02T18:49:06.219+00:00][B] [WARN] Retry 1
[2026-09-02T18:49:06.287+00:00][B] [INFO] --------------------------------
[2026-09-02T18:49:06.287+00:00][B] [INFO] [HEARTBEAT TX]
[2026-09-02T18:49:06.292+00:00][B] [INFO] Node ID: 2
[2026-09-02T18:49:06.292+00:00][B] [INFO] type: 2
[2026-09-02T18:49:06.293+00:00][B] [INFO] Destination: 0xFF
[2026-09-02T18:49:06.295+00:00][A] [INFO] [RF RX] type=2 source=0x02 destination=0xFF previousHop=0x02 sequence=56 ackSequence=0 ttl=8 hops=0 payloadSize=13 rssi=-58 snr=9.75
[2026-09-02T18:49:06.297+00:00][B] [INFO] Sequence: 56
[2026-09-02T18:49:06.298+00:00][B] [INFO] Packet ID: 32
[2026-09-02T18:49:06.298+00:00][B] [INFO] Packet Size: 26
[2026-09-02T18:49:06.303+00:00][B] [INFO] Timestamp: 32 ms
[2026-09-02T18:49:06.304+00:00][B] [INFO] Transmission Result: success
[2026-09-02T18:49:06.309+00:00][B] [INFO] --------------------------------
[2026-09-02T18:49:06.309+00:00][B] [INFO] [Heartbeat #32]
[2026-09-02T18:49:06.314+00:00][B] [INFO] Sent
[2026-09-02T18:49:06.314+00:00][B] [INFO] Waiting ACK...
[2026-09-02T18:49:06.315+00:00][B] [INFO] [WAITING ACK]
[2026-09-02T18:49:06.328+00:00][B] [INFO] [RF TX] type=2 source=0x02 destination=0xFF previousHop=0x02 sequence=56 ackSequence=0 ttl=8 hops=0 payloadSize=13 rssi=0 snr=0.00
[2026-09-02T18:49:06.329+00:00][B] [INFO] Heartbeat packet sent
[2026-09-02T18:49:06.979+00:00][A] [WARN] Retry 1
[2026-09-02T18:49:07.045+00:00][A] [INFO] --------------------------------
[2026-09-02T18:49:07.046+00:00][A] [INFO] [HEARTBEAT TX]
[2026-09-02T18:49:07.051+00:00][A] [INFO] Node ID: 1
[2026-09-02T18:49:07.051+00:00][A] [INFO] type: 2
[2026-09-02T18:49:07.051+00:00][A] [INFO] Destination: 0xFF
[2026-09-02T18:49:07.054+00:00][B] [INFO] [RF RX] type=2 source=0x01 destination=0xFF previousHop=0x01 sequence=57 ackSequence=0 ttl=8 hops=0 payloadSize=13 rssi=-62 snr=9.75
[2026-09-02T18:49:07.056+00:00][A] [INFO] Sequence: 57
[2026-09-02T18:49:07.057+00:00][A] [INFO] Packet ID: 37
[2026-09-02T18:49:07.057+00:00][A] [INFO] Packet Size: 26
[2026-09-02T18:49:07.062+00:00][A] [INFO] Timestamp: 37 ms
[2026-09-02T18:49:07.062+00:00][A] [INFO] Transmission Result: success
[2026-09-02T18:49:07.068+00:00][A] [INFO] --------------------------------
[2026-09-02T18:49:07.069+00:00][A] [INFO] [Heartbeat #37]
[2026-09-02T18:49:07.073+00:00][A] [INFO] Sent
[2026-09-02T18:49:07.073+00:00][A] [INFO] Waiting ACK...
[2026-09-02T18:49:07.073+00:00][A] [INFO] [WAITING ACK]
[2026-09-02T18:49:07.089+00:00][A] [INFO] [RF TX] type=2 source=0x01 destination=0xFF previousHop=0x01 sequence=57 ackSequence=0 ttl=8 hops=0 payloadSize=13 rssi=0 snr=0.00
[2026-09-02T18:49:07.089+00:00][A] [INFO] Heartbeat packet sent
[2026-09-02T18:49:07.090+00:00][A] [WARN] TX_RETRY seq=55
[2026-09-02T18:49:07.147+00:00][A] [INFO] [RF TX] type=1 source=0x01 destination=0x02 previousHop=0x01 sequence=55 ackSequence=0 ttl=8 hops=0 payloadSize=4 rssi=0 snr=0.00
[2026-09-02T18:49:07.203+00:00][B] [INFO] --------------------------------
[2026-09-02T18:49:07.203+00:00][B] [INFO] [HEARTBEAT TX]
[2026-09-02T18:49:07.208+00:00][B] [INFO] Node ID: 2
[2026-09-02T18:49:07.208+00:00][B] [INFO] type: 2
[2026-09-02T18:49:07.208+00:00][B] [INFO] Destination: 0xFF
[2026-09-02T18:49:07.213+00:00][B] [INFO] Sequence: 58
[2026-09-02T18:49:07.214+00:00][B] [INFO] Packet ID: 33
[2026-09-02T18:49:07.214+00:00][B] [INFO] Packet Size: 26
[2026-09-02T18:49:07.219+00:00][B] [INFO] Timestamp: 33 ms
[2026-09-02T18:49:07.219+00:00][B] [INFO] Transmission Result: success
[2026-09-02T18:49:07.224+00:00][B] [INFO] --------------------------------
[2026-09-02T18:49:07.224+00:00][B] [INFO] [Heartbeat #33]
[2026-09-02T18:49:07.230+00:00][B] [INFO] Sent
[2026-09-02T18:49:07.230+00:00][B] [INFO] Waiting ACK...
[2026-09-02T18:49:07.230+00:00][B] [INFO] [WAITING ACK]
[2026-09-02T18:49:07.244+00:00][B] [INFO] [RF TX] type=2 source=0x02 destination=0xFF previousHop=0x02 sequence=58 ackSequence=0 ttl=8 hops=0 payloadSize=13 rssi=0 snr=0.00
[2026-09-02T18:49:07.244+00:00][B] [INFO] Heartbeat packet sent
[2026-09-02T18:49:07.962+00:00][A] [INFO] --------------------------------
[2026-09-02T18:49:07.962+00:00][A] [INFO] [HEARTBEAT TX]
[2026-09-02T18:49:07.967+00:00][A] [INFO] Node ID: 1
[2026-09-02T18:49:07.967+00:00][A] [INFO] type: 2
[2026-09-02T18:49:07.967+00:00][A] [INFO] Destination: 0xFF
[2026-09-02T18:49:07.970+00:00][B] [INFO] [RF RX] type=2 source=0x01 destination=0xFF previousHop=0x01 sequence=58 ackSequence=0 ttl=8 hops=0 payloadSize=13 rssi=-61 snr=9.75
[2026-09-02T18:49:07.972+00:00][A] [INFO] Sequence: 58
[2026-09-02T18:49:07.973+00:00][A] [INFO] Packet ID: 38
[2026-09-02T18:49:07.973+00:00][A] [INFO] Packet Size: 26
[2026-09-02T18:49:07.978+00:00][A] [INFO] Timestamp: 38 ms
[2026-09-02T18:49:07.979+00:00][A] [INFO] Transmission Result: success
[2026-09-02T18:49:07.984+00:00][A] [INFO] --------------------------------
[2026-09-02T18:49:07.984+00:00][A] [INFO] [Heartbeat #38]
[2026-09-02T18:49:07.989+00:00][A] [INFO] Sent
[2026-09-02T18:49:07.989+00:00][A] [INFO] Waiting ACK...
[2026-09-02T18:49:07.989+00:00][A] [INFO] [WAITING ACK]
[2026-09-02T18:49:08.003+00:00][A] [INFO] [RF TX] type=2 source=0x01 destination=0xFF previousHop=0x01 sequence=58 ackSequence=0 ttl=8 hops=0 payloadSize=13 rssi=0 snr=0.00
[2026-09-02T18:49:08.003+00:00][A] [INFO] Heartbeat packet sent
[2026-09-02T18:49:08.150+00:00][A] [ERROR] TX_FAILED
[2026-09-02T18:49:08.151+00:00][A] [WARN] ACK_FAILED seq=55
[2026-09-02T18:49:08.154+00:00][A] [INFO] TEST_DATA_QUEUED dst=0x02 seq=59 remaining=80
[2026-09-02T18:49:08.210+00:00][A] [INFO] [RF TX] type=1 source=0x01 destination=0x02 previousHop=0x01 sequence=59 ackSequence=0 ttl=8 hops=0 payloadSize=4 rssi=0 snr=0.00
[2026-09-02T18:49:08.211+00:00][B] [INFO] [RF RX] type=1 source=0x01 destination=0x02 previousHop=0x01 sequence=59 ackSequence=0 ttl=8 hops=0 payloadSize=4 rssi=-62 snr=9.75
[2026-09-02T18:49:08.270+00:00][B] [INFO] [RF TX] type=3 source=0x02 destination=0x01 previousHop=0x02 sequence=59 ackSequence=59 ttl=8 hops=0 payloadSize=2 rssi=0 snr=0.00
[2026-09-02T18:49:08.271+00:00][B] [WARN] Retry 1
[2026-09-02T18:49:08.275+00:00][A] [INFO] [RF RX] type=3 source=0x02 destination=0x01 previousHop=0x02 sequence=59 ackSequence=59 ttl=8 hops=0 payloadSize=2 rssi=-58 snr=10.25
[2026-09-02T18:49:08.276+00:00][A] [INFO] ACK_RX seq=59 source=0x02
[2026-09-02T18:49:08.279+00:00][A] [INFO] TEST_DATA_QUEUED dst=0x02 seq=60 remaining=79
[2026-09-02T18:49:08.334+00:00][A] [INFO] [RF TX] type=1 source=0x01 destination=0x02 previousHop=0x01 sequence=60 ackSequence=0 ttl=8 hops=0 payloadSize=4 rssi=0 snr=0.00
[2026-09-02T18:49:08.336+00:00][B] [INFO] --------------------------------
[2026-09-02T18:49:08.337+00:00][B] [INFO] [HEARTBEAT TX]
[2026-09-02T18:49:08.341+00:00][B] [INFO] Node ID: 2
[2026-09-02T18:49:08.342+00:00][B] [INFO] type: 2
[2026-09-02T18:49:08.342+00:00][B] [INFO] Destination: 0xFF
[2026-09-02T18:49:08.347+00:00][B] [INFO] Sequence: 58
[2026-09-02T18:49:08.347+00:00][B] [INFO] Packet ID: 33
[2026-09-02T18:49:08.348+00:00][B] [INFO] Packet Size: 26
[2026-09-02T18:49:08.353+00:00][B] [INFO] Timestamp: 33 ms
[2026-09-02T18:49:08.353+00:00][B] [INFO] Transmission Result: success
[2026-09-02T18:49:08.358+00:00][B] [INFO] --------------------------------
[2026-09-02T18:49:08.359+00:00][B] [INFO] [Heartbeat #33]
[2026-09-02T18:49:08.364+00:00][B] [INFO] Sent
[2026-09-02T18:49:08.364+00:00][B] [INFO] Waiting ACK...
[2026-09-02T18:49:08.364+00:00][B] [INFO] [WAITING ACK]
[2026-09-02T18:49:08.378+00:00][B] [INFO] [RF TX] type=2 source=0x02 destination=0xFF previousHop=0x02 sequence=58 ackSequence=0 ttl=8 hops=0 payloadSize=13 rssi=0 snr=0.00
[2026-09-02T18:49:08.378+00:00][B] [INFO] Heartbeat packet sent
[2026-09-02T18:49:08.979+00:00][A] [WARN] Retry 1
[2026-09-02T18:49:09.046+00:00][A] [INFO] --------------------------------
[2026-09-02T18:49:09.046+00:00][A] [INFO] [HEARTBEAT TX]
[2026-09-02T18:49:09.051+00:00][A] [INFO] Node ID: 1
[2026-09-02T18:49:09.051+00:00][A] [INFO] type: 2
[2026-09-02T18:49:09.052+00:00][A] [INFO] Destination: 0xFF
[2026-09-02T18:49:09.055+00:00][B] [INFO] [RF RX] type=2 source=0x01 destination=0xFF previousHop=0x01 sequence=58 ackSequence=0 ttl=8 hops=0 payloadSize=13 rssi=-62 snr=9.75
[2026-09-02T18:49:09.056+00:00][A] [INFO] Sequence: 58
[2026-09-02T18:49:09.057+00:00][A] [INFO] Packet ID: 38
[2026-09-02T18:49:09.057+00:00][A] [INFO] Packet Size: 26
[2026-09-02T18:49:09.062+00:00][A] [INFO] Timestamp: 38 ms
[2026-09-02T18:49:09.063+00:00][A] [INFO] Transmission Result: success
[2026-09-02T18:49:09.068+00:00][A] [INFO] --------------------------------
[2026-09-02T18:49:09.068+00:00][A] [INFO] [Heartbeat #38]
[2026-09-02T18:49:09.073+00:00][A] [INFO] Sent
[2026-09-02T18:49:09.073+00:00][A] [INFO] Waiting ACK...
[2026-09-02T18:49:09.073+00:00][A] [INFO] [WAITING ACK]
[2026-09-02T18:49:09.087+00:00][A] [INFO] [RF TX] type=2 source=0x01 destination=0xFF previousHop=0x01 sequence=58 ackSequence=0 ttl=8 hops=0 payloadSize=13 rssi=0 snr=0.00
[2026-09-02T18:49:09.087+00:00][A] [INFO] Heartbeat packet sent
[2026-09-02T18:49:09.203+00:00][B] [INFO] --------------------------------
[2026-09-02T18:49:09.203+00:00][B] [INFO] [HEARTBEAT TX]
[2026-09-02T18:49:09.208+00:00][B] [INFO] Node ID: 2
[2026-09-02T18:49:09.208+00:00][B] [INFO] type: 2
[2026-09-02T18:49:09.208+00:00][B] [INFO] Destination: 0xFF
[2026-09-02T18:49:09.211+00:00][A] [INFO] [RF RX] type=2 source=0x02 destination=0xFF previousHop=0x02 sequence=60 ackSequence=0 ttl=8 hops=0 payloadSize=13 rssi=-57 snr=10.75
[2026-09-02T18:49:09.213+00:00][B] [INFO] Sequence: 60
[2026-09-02T18:49:09.214+00:00][B] [INFO] Packet ID: 34
[2026-09-02T18:49:09.214+00:00][B] [INFO] Packet Size: 26
[2026-09-02T18:49:09.219+00:00][B] [INFO] Timestamp: 34 ms
[2026-09-02T18:49:09.219+00:00][B] [INFO] Transmission Result: success
[2026-09-02T18:49:09.225+00:00][B] [INFO] --------------------------------
[2026-09-02T18:49:09.225+00:00][B] [INFO] [Heartbeat #34]
[2026-09-02T18:49:09.230+00:00][B] [INFO] Sent
[2026-09-02T18:49:09.231+00:00][B] [INFO] Waiting ACK...
[2026-09-02T18:49:09.232+00:00][B] [INFO] [WAITING ACK]
[2026-09-02T18:49:09.244+00:00][B] [INFO] [RF TX] type=2 source=0x02 destination=0xFF previousHop=0x02 sequence=60 ackSequence=0 ttl=8 hops=0 payloadSize=13 rssi=0 snr=0.00
[2026-09-02T18:49:09.245+00:00][B] [INFO] Heartbeat packet sent
[2026-09-02T18:49:09.334+00:00][A] [WARN] TX_RETRY seq=60
[2026-09-02T18:49:09.396+00:00][A] [INFO] [RF TX] type=1 source=0x01 destination=0x02 previousHop=0x01 sequence=60 ackSequence=0 ttl=8 hops=0 payloadSize=4 rssi=0 snr=0.00
[2026-09-02T18:49:09.398+00:00][B] [INFO] [RF RX] type=1 source=0x01 destination=0x02 previousHop=0x01 sequence=60 ackSequence=0 ttl=8 hops=0 payloadSize=4 rssi=-61 snr=9.75
[2026-09-02T18:49:09.456+00:00][B] [INFO] [RF TX] type=3 source=0x02 destination=0x01 previousHop=0x02 sequence=61 ackSequence=60 ttl=8 hops=0 payloadSize=2 rssi=0 snr=0.00
[2026-09-02T18:49:09.462+00:00][A] [INFO] [RF RX] type=3 source=0x02 destination=0x01 previousHop=0x02 sequence=61 ackSequence=60 ttl=8 hops=0 payloadSize=2 rssi=-58 snr=9.25
[2026-09-02T18:49:09.463+00:00][A] [INFO] ACK_RX seq=60 source=0x02
[2026-09-02T18:49:09.465+00:00][A] [INFO] TEST_DATA_QUEUED dst=0x02 seq=61 remaining=78
[2026-09-02T18:49:09.520+00:00][A] [INFO] [RF TX] type=1 source=0x01 destination=0x02 previousHop=0x01 sequence=61 ackSequence=0 ttl=8 hops=0 payloadSize=4 rssi=0 snr=0.00
[2026-09-02T18:49:09.522+00:00][B] [INFO] [RF RX] type=1 source=0x01 destination=0x02 previousHop=0x01 sequence=61 ackSequence=0 ttl=8 hops=0 payloadSize=4 rssi=-61 snr=9.25
[2026-09-02T18:49:09.580+00:00][B] [INFO] [RF TX] type=3 source=0x02 destination=0x01 previousHop=0x02 sequence=62 ackSequence=61 ttl=8 hops=0 payloadSize=2 rssi=0 snr=0.00
[2026-09-02T18:49:09.586+00:00][A] [INFO] [RF RX] type=3 source=0x02 destination=0x01 previousHop=0x02 sequence=62 ackSequence=61 ttl=8 hops=0 payloadSize=2 rssi=-58 snr=9.75
[2026-09-02T18:49:09.586+00:00][A] [INFO] ACK_RX seq=61 source=0x02
[2026-09-02T18:49:09.589+00:00][A] [INFO] TEST_DATA_QUEUED dst=0x02 seq=62 remaining=77
[2026-09-02T18:49:09.644+00:00][A] [INFO] [RF TX] type=1 source=0x01 destination=0x02 previousHop=0x01 sequence=62 ackSequence=0 ttl=8 hops=0 payloadSize=4 rssi=0 snr=0.00
[2026-09-02T18:49:09.646+00:00][B] [INFO] [RF RX] type=1 source=0x01 destination=0x02 previousHop=0x01 sequence=62 ackSequence=0 ttl=8 hops=0 payloadSize=4 rssi=-61 snr=10.00
[2026-09-02T18:49:09.703+00:00][B] [INFO] [RF TX] type=3 source=0x02 destination=0x01 previousHop=0x02 sequence=63 ackSequence=62 ttl=8 hops=0 payloadSize=2 rssi=0 snr=0.00
[2026-09-02T18:49:09.710+00:00][A] [INFO] [RF RX] type=3 source=0x02 destination=0x01 previousHop=0x02 sequence=63 ackSequence=62 ttl=8 hops=0 payloadSize=2 rssi=-58 snr=10.00
[2026-09-02T18:49:09.710+00:00][A] [INFO] ACK_RX seq=62 source=0x02
[2026-09-02T18:49:09.713+00:00][A] [INFO] TEST_DATA_QUEUED dst=0x02 seq=63 remaining=76
[2026-09-02T18:49:09.768+00:00][A] [INFO] [RF TX] type=1 source=0x01 destination=0x02 previousHop=0x01 sequence=63 ackSequence=0 ttl=8 hops=0 payloadSize=4 rssi=0 snr=0.00
[2026-09-02T18:49:09.770+00:00][B] [INFO] [RF RX] type=1 source=0x01 destination=0x02 previousHop=0x01 sequence=63 ackSequence=0 ttl=8 hops=0 payloadSize=4 rssi=-62 snr=10.00
[2026-09-02T18:49:09.827+00:00][B] [INFO] [RF TX] type=3 source=0x02 destination=0x01 previousHop=0x02 sequence=64 ackSequence=63 ttl=8 hops=0 payloadSize=2 rssi=0 snr=0.00
[2026-09-02T18:49:09.834+00:00][A] [INFO] [RF RX] type=3 source=0x02 destination=0x01 previousHop=0x02 sequence=64 ackSequence=63 ttl=8 hops=0 payloadSize=2 rssi=-58 snr=9.75
[2026-09-02T18:49:09.834+00:00][A] [INFO] ACK_RX seq=63 source=0x02
[2026-09-02T18:49:09.837+00:00][A] [INFO] TEST_DATA_QUEUED dst=0x02 seq=64 remaining=75
[2026-09-02T18:49:09.892+00:00][A] [INFO] [RF TX] type=1 source=0x01 destination=0x02 previousHop=0x01 sequence=64 ackSequence=0 ttl=8 hops=0 payloadSize=4 rssi=0 snr=0.00
[2026-09-02T18:49:09.894+00:00][B] [INFO] [RF RX] type=1 source=0x01 destination=0x02 previousHop=0x01 sequence=64 ackSequence=0 ttl=8 hops=0 payloadSize=4 rssi=-62 snr=9.50
[2026-09-02T18:49:09.952+00:00][B] [INFO] [RF TX] type=3 source=0x02 destination=0x01 previousHop=0x02 sequence=65 ackSequence=64 ttl=8 hops=0 payloadSize=2 rssi=0 snr=0.00
[2026-09-02T18:49:09.961+00:00][A] [INFO] --------------------------------
[2026-09-02T18:49:09.962+00:00][A] [INFO] [HEARTBEAT TX]
[2026-09-02T18:49:09.967+00:00][A] [INFO] Node ID: 1
[2026-09-02T18:49:09.967+00:00][A] [INFO] type: 2
[2026-09-02T18:49:09.968+00:00][A] [INFO] Destination: 0xFF
[2026-09-02T18:49:09.972+00:00][A] [INFO] Sequence: 65
[2026-09-02T18:49:09.972+00:00][A] [INFO] Packet ID: 39
[2026-09-02T18:49:09.973+00:00][A] [INFO] Packet Size: 26
[2026-09-02T18:49:09.978+00:00][A] [INFO] Timestamp: 39 ms
[2026-09-02T18:49:09.979+00:00][A] [INFO] Transmission Result: success
[2026-09-02T18:49:09.984+00:00][A] [INFO] --------------------------------
[2026-09-02T18:49:09.984+00:00][A] [INFO] [Heartbeat #39]
[2026-09-02T18:49:09.989+00:00][A] [INFO] Sent
[2026-09-02T18:49:09.989+00:00][A] [INFO] Waiting ACK...
[2026-09-02T18:49:09.989+00:00][A] [INFO] [WAITING ACK]
[2026-09-02T18:49:10.003+00:00][A] [INFO] [RF TX] type=2 source=0x01 destination=0xFF previousHop=0x01 sequence=65 ackSequence=0 ttl=8 hops=0 payloadSize=13 rssi=0 snr=0.00
[2026-09-02T18:49:10.004+00:00][A] [INFO] Heartbeat packet sent
[2026-09-02T18:49:10.220+00:00][B] [WARN] Retry 1
[2026-09-02T18:49:10.286+00:00][B] [INFO] --------------------------------
[2026-09-02T18:49:10.286+00:00][B] [INFO] [HEARTBEAT TX]
[2026-09-02T18:49:10.291+00:00][B] [INFO] Node ID: 2
[2026-09-02T18:49:10.292+00:00][B] [INFO] type: 2
[2026-09-02T18:49:10.292+00:00][B] [INFO] Destination: 0xFF
[2026-09-02T18:49:10.295+00:00][A] [INFO] [RF RX] type=2 source=0x02 destination=0xFF previousHop=0x02 sequence=60 ackSequence=0 ttl=8 hops=0 payloadSize=13 rssi=-57 snr=10.50
[2026-09-02T18:49:10.297+00:00][B] [INFO] Sequence: 60
[2026-09-02T18:49:10.297+00:00][B] [INFO] Packet ID: 34
[2026-09-02T18:49:10.297+00:00][B] [INFO] Packet Size: 26
[2026-09-02T18:49:10.302+00:00][B] [INFO] Timestamp: 34 ms
[2026-09-02T18:49:10.303+00:00][B] [INFO] Transmission Result: success
[2026-09-02T18:49:10.308+00:00][B] [INFO] --------------------------------
[2026-09-02T18:49:10.308+00:00][B] [INFO] [Heartbeat #34]
[2026-09-02T18:49:10.314+00:00][B] [INFO] Sent
[2026-09-02T18:49:10.314+00:00][B] [INFO] Waiting ACK...
[2026-09-02T18:49:10.314+00:00][B] [INFO] [WAITING ACK]
[2026-09-02T18:49:10.328+00:00][B] [INFO] [RF TX] type=2 source=0x02 destination=0xFF previousHop=0x02 sequence=60 ackSequence=0 ttl=8 hops=0 payloadSize=13 rssi=0 snr=0.00
[2026-09-02T18:49:10.328+00:00][B] [INFO] Heartbeat packet sent
[2026-09-02T18:49:10.892+00:00][A] [WARN] TX_RETRY seq=64
[2026-09-02T18:49:10.955+00:00][A] [INFO] [RF TX] type=1 source=0x01 destination=0x02 previousHop=0x01 sequence=64 ackSequence=0 ttl=8 hops=0 payloadSize=4 rssi=0 snr=0.00
[2026-09-02T18:49:10.978+00:00][A] [WARN] Retry 1
[2026-09-02T18:49:11.003+00:00][B] [INFO] [RF TX] type=3 source=0x02 destination=0x01 previousHop=0x02 sequence=66 ackSequence=64 ttl=8 hops=0 payloadSize=2 rssi=0 snr=0.00
[2026-09-02T18:49:11.046+00:00][A] [INFO] --------------------------------
[2026-09-02T18:49:11.046+00:00][A] [INFO] [HEARTBEAT TX]
[2026-09-02T18:49:11.051+00:00][A] [INFO] Node ID: 1
[2026-09-02T18:49:11.051+00:00][A] [INFO] type: 2
[2026-09-02T18:49:11.052+00:00][A] [INFO] Destination: 0xFF
[2026-09-02T18:49:11.056+00:00][A] [INFO] Sequence: 65
[2026-09-02T18:49:11.056+00:00][A] [INFO] Packet ID: 39
[2026-09-02T18:49:11.057+00:00][A] [INFO] Packet Size: 26
[2026-09-02T18:49:11.062+00:00][A] [INFO] Timestamp: 39 ms
[2026-09-02T18:49:11.062+00:00][A] [INFO] Transmission Result: success
[2026-09-02T18:49:11.068+00:00][A] [INFO] --------------------------------
[2026-09-02T18:49:11.068+00:00][A] [INFO] [Heartbeat #39]
[2026-09-02T18:49:11.073+00:00][A] [INFO] Sent
[2026-09-02T18:49:11.073+00:00][A] [INFO] Waiting ACK...
[2026-09-02T18:49:11.073+00:00][A] [INFO] [WAITING ACK]
[2026-09-02T18:49:11.087+00:00][A] [INFO] [RF TX] type=2 source=0x01 destination=0xFF previousHop=0x01 sequence=65 ackSequence=0 ttl=8 hops=0 payloadSize=13 rssi=0 snr=0.00
[2026-09-02T18:49:11.087+00:00][A] [INFO] Heartbeat packet sent
[2026-09-02T18:49:11.203+00:00][B] [INFO] --------------------------------
[2026-09-02T18:49:11.203+00:00][B] [INFO] [HEARTBEAT TX]
[2026-09-02T18:49:11.208+00:00][B] [INFO] Node ID: 2
[2026-09-02T18:49:11.208+00:00][B] [INFO] type: 2
[2026-09-02T18:49:11.208+00:00][B] [INFO] Destination: 0xFF
[2026-09-02T18:49:11.211+00:00][A] [INFO] [RF RX] type=2 source=0x02 destination=0xFF previousHop=0x02 sequence=67 ackSequence=0 ttl=8 hops=0 payloadSize=13 rssi=-57 snr=9.75
[2026-09-02T18:49:11.213+00:00][B] [INFO] Sequence: 67
[2026-09-02T18:49:11.214+00:00][B] [INFO] Packet ID: 35
[2026-09-02T18:49:11.214+00:00][B] [INFO] Packet Size: 26
[2026-09-02T18:49:11.219+00:00][B] [INFO] Timestamp: 35 ms
[2026-09-02T18:49:11.220+00:00][B] [INFO] Transmission Result: success
[2026-09-02T18:49:11.225+00:00][B] [INFO] --------------------------------
[2026-09-02T18:49:11.225+00:00][B] [INFO] [Heartbeat #35]
[2026-09-02T18:49:11.230+00:00][B] [INFO] Sent
[2026-09-02T18:49:11.231+00:00][B] [INFO] Waiting ACK...
[2026-09-02T18:49:11.231+00:00][B] [INFO] [WAITING ACK]
[2026-09-02T18:49:11.244+00:00][B] [INFO] [RF TX] type=2 source=0x02 destination=0xFF previousHop=0x02 sequence=67 ackSequence=0 ttl=8 hops=0 payloadSize=13 rssi=0 snr=0.00
[2026-09-02T18:49:11.244+00:00][B] [INFO] Heartbeat packet sent
[2026-09-02T18:49:11.962+00:00][A] [INFO] --------------------------------
[2026-09-02T18:49:11.962+00:00][A] [INFO] [HEARTBEAT TX]
[2026-09-02T18:49:11.967+00:00][A] [INFO] Node ID: 1
[2026-09-02T18:49:11.967+00:00][A] [INFO] type: 2
[2026-09-02T18:49:11.967+00:00][A] [INFO] Destination: 0xFF
[2026-09-02T18:49:11.970+00:00][B] [INFO] [RF RX] type=2 source=0x01 destination=0xFF previousHop=0x01 sequence=66 ackSequence=0 ttl=8 hops=0 payloadSize=13 rssi=-62 snr=9.75
[2026-09-02T18:49:11.972+00:00][A] [INFO] Sequence: 66
[2026-09-02T18:49:11.973+00:00][A] [INFO] Packet ID: 40
[2026-09-02T18:49:11.973+00:00][A] [INFO] Packet Size: 26
[2026-09-02T18:49:11.978+00:00][A] [INFO] Timestamp: 40 ms
[2026-09-02T18:49:11.978+00:00][A] [INFO] Transmission Result: success
[2026-09-02T18:49:11.984+00:00][A] [INFO] --------------------------------
[2026-09-02T18:49:11.984+00:00][A] [INFO] [Heartbeat #40]
[2026-09-02T18:49:11.989+00:00][A] [INFO] Sent
[2026-09-02T18:49:11.989+00:00][A] [INFO] Waiting ACK...
[2026-09-02T18:49:11.989+00:00][A] [INFO] [WAITING ACK]
[2026-09-02T18:49:12.005+00:00][A] [INFO] [RF TX] type=2 source=0x01 destination=0xFF previousHop=0x01 sequence=66 ackSequence=0 ttl=8 hops=0 payloadSize=13 rssi=0 snr=0.00
[2026-09-02T18:49:12.005+00:00][A] [INFO] Heartbeat packet sent
[2026-09-02T18:49:12.006+00:00][A] [WARN] TX_RETRY seq=64
[2026-09-02T18:49:12.063+00:00][A] [INFO] [RF TX] type=1 source=0x01 destination=0x02 previousHop=0x01 sequence=64 ackSequence=0 ttl=8 hops=0 payloadSize=4 rssi=0 snr=0.00
[2026-09-02T18:49:12.111+00:00][B] [INFO] [RF TX] type=3 source=0x02 destination=0x01 previousHop=0x02 sequence=68 ackSequence=64 ttl=8 hops=0 payloadSize=2 rssi=0 snr=0.00
[2026-09-02T18:49:12.219+00:00][B] [WARN] Retry 1
[2026-09-02T18:49:12.287+00:00][B] [INFO] --------------------------------
[2026-09-02T18:49:12.287+00:00][B] [INFO] [HEARTBEAT TX]
[2026-09-02T18:49:12.292+00:00][B] [INFO] Node ID: 2
[2026-09-02T18:49:12.292+00:00][B] [INFO] type: 2
[2026-09-02T18:49:12.293+00:00][B] [INFO] Destination: 0xFF
[2026-09-02T18:49:12.295+00:00][A] [INFO] [RF RX] type=2 source=0x02 destination=0xFF previousHop=0x02 sequence=67 ackSequence=0 ttl=8 hops=0 payloadSize=13 rssi=-57 snr=9.50
[2026-09-02T18:49:12.297+00:00][B] [INFO] Sequence: 67
[2026-09-02T18:49:12.298+00:00][B] [INFO] Packet ID: 35
[2026-09-02T18:49:12.298+00:00][B] [INFO] Packet Size: 26
[2026-09-02T18:49:12.303+00:00][B] [INFO] Timestamp: 35 ms
[2026-09-02T18:49:12.303+00:00][B] [INFO] Transmission Result: success
[2026-09-02T18:49:12.308+00:00][B] [INFO] --------------------------------
[2026-09-02T18:49:12.309+00:00][B] [INFO] [Heartbeat #35]
[2026-09-02T18:49:12.314+00:00][B] [INFO] Sent
[2026-09-02T18:49:12.314+00:00][B] [INFO] Waiting ACK...
[2026-09-02T18:49:12.314+00:00][B] [INFO] [WAITING ACK]
[2026-09-02T18:49:12.328+00:00][B] [INFO] [RF TX] type=2 source=0x02 destination=0xFF previousHop=0x02 sequence=67 ackSequence=0 ttl=8 hops=0 payloadSize=13 rssi=0 snr=0.00
[2026-09-02T18:49:12.328+00:00][B] [INFO] Heartbeat packet sent
[2026-09-02T18:49:12.978+00:00][A] [WARN] Retry 1
[2026-09-02T18:49:13.046+00:00][A] [INFO] --------------------------------
[2026-09-02T18:49:13.046+00:00][A] [INFO] [HEARTBEAT TX]
[2026-09-02T18:49:13.051+00:00][A] [INFO] Node ID: 1
[2026-09-02T18:49:13.051+00:00][A] [INFO] type: 2
[2026-09-02T18:49:13.052+00:00][A] [INFO] Destination: 0xFF
[2026-09-02T18:49:13.054+00:00][B] [INFO] [RF RX] type=2 source=0x01 destination=0xFF previousHop=0x01 sequence=66 ackSequence=0 ttl=8 hops=0 payloadSize=13 rssi=-61 snr=10.00
[2026-09-02T18:49:13.056+00:00][A] [INFO] Sequence: 66
[2026-09-02T18:49:13.056+00:00][A] [INFO] Packet ID: 40
[2026-09-02T18:49:13.057+00:00][A] [INFO] Packet Size: 26
[2026-09-02T18:49:13.062+00:00][A] [INFO] Timestamp: 40 ms
[2026-09-02T18:49:13.063+00:00][A] [INFO] Transmission Result: success
[2026-09-02T18:49:13.068+00:00][A] [INFO] --------------------------------
[2026-09-02T18:49:13.068+00:00][A] [INFO] [Heartbeat #40]
[2026-09-02T18:49:13.073+00:00][A] [INFO] Sent
[2026-09-02T18:49:13.073+00:00][A] [INFO] Waiting ACK...
[2026-09-02T18:49:13.074+00:00][A] [INFO] [WAITING ACK]
[2026-09-02T18:49:13.089+00:00][A] [INFO] [RF TX] type=2 source=0x01 destination=0xFF previousHop=0x01 sequence=66 ackSequence=0 ttl=8 hops=0 payloadSize=13 rssi=0 snr=0.00
[2026-09-02T18:49:13.089+00:00][A] [INFO] Heartbeat packet sent
[2026-09-02T18:49:13.090+00:00][A] [WARN] TX_RETRY seq=64
[2026-09-02T18:49:13.146+00:00][A] [INFO] [RF TX] type=1 source=0x01 destination=0x02 previousHop=0x01 sequence=64 ackSequence=0 ttl=8 hops=0 payloadSize=4 rssi=0 snr=0.00
[2026-09-02T18:49:13.203+00:00][B] [INFO] --------------------------------
[2026-09-02T18:49:13.203+00:00][B] [INFO] [HEARTBEAT TX]
[2026-09-02T18:49:13.208+00:00][B] [INFO] Node ID: 2
[2026-09-02T18:49:13.208+00:00][B] [INFO] type: 2
[2026-09-02T18:49:13.208+00:00][B] [INFO] Destination: 0xFF
[2026-09-02T18:49:13.213+00:00][B] [INFO] Sequence: 69
[2026-09-02T18:49:13.214+00:00][B] [INFO] Packet ID: 36
[2026-09-02T18:49:13.214+00:00][B] [INFO] Packet Size: 26
[2026-09-02T18:49:13.219+00:00][B] [INFO] Timestamp: 36 ms
[2026-09-02T18:49:13.219+00:00][B] [INFO] Transmission Result: success
[2026-09-02T18:49:13.225+00:00][B] [INFO] --------------------------------
[2026-09-02T18:49:13.225+00:00][B] [INFO] [Heartbeat #36]
[2026-09-02T18:49:13.230+00:00][B] [INFO] Sent
[2026-09-02T18:49:13.230+00:00][B] [INFO] Waiting ACK...
[2026-09-02T18:49:13.230+00:00][B] [INFO] [WAITING ACK]
[2026-09-02T18:49:13.244+00:00][B] [INFO] [RF TX] type=2 source=0x02 destination=0xFF previousHop=0x02 sequence=69 ackSequence=0 ttl=8 hops=0 payloadSize=13 rssi=0 snr=0.00
[2026-09-02T18:49:13.244+00:00][B] [INFO] Heartbeat packet sent
[2026-09-02T18:49:13.961+00:00][A] [INFO] --------------------------------
[2026-09-02T18:49:13.962+00:00][A] [INFO] [HEARTBEAT TX]
[2026-09-02T18:49:13.967+00:00][A] [INFO] Node ID: 1
[2026-09-02T18:49:13.967+00:00][A] [INFO] type: 2
[2026-09-02T18:49:13.968+00:00][A] [INFO] Destination: 0xFF
[2026-09-02T18:49:13.970+00:00][B] [INFO] [RF RX] type=2 source=0x01 destination=0xFF previousHop=0x01 sequence=67 ackSequence=0 ttl=8 hops=0 payloadSize=13 rssi=-61 snr=9.25
[2026-09-02T18:49:13.972+00:00][A] [INFO] Sequence: 67
[2026-09-02T18:49:13.973+00:00][A] [INFO] Packet ID: 41
[2026-09-02T18:49:13.973+00:00][A] [INFO] Packet Size: 26
[2026-09-02T18:49:13.978+00:00][A] [INFO] Timestamp: 41 ms
[2026-09-02T18:49:13.979+00:00][A] [INFO] Transmission Result: success
[2026-09-02T18:49:13.984+00:00][A] [INFO] --------------------------------
[2026-09-02T18:49:13.984+00:00][A] [INFO] [Heartbeat #41]
[2026-09-02T18:49:13.989+00:00][A] [INFO] Sent
[2026-09-02T18:49:13.989+00:00][A] [INFO] Waiting ACK...
[2026-09-02T18:49:13.989+00:00][A] [INFO] [WAITING ACK]
[2026-09-02T18:49:14.003+00:00][A] [INFO] [RF TX] type=2 source=0x01 destination=0xFF previousHop=0x01 sequence=67 ackSequence=0 ttl=8 hops=0 payloadSize=13 rssi=0 snr=0.00
[2026-09-02T18:49:14.003+00:00][A] [INFO] Heartbeat packet sent
[2026-09-02T18:49:14.151+00:00][A] [ERROR] TX_FAILED
[2026-09-02T18:49:14.151+00:00][A] [WARN] ACK_FAILED seq=64
[2026-09-02T18:49:14.153+00:00][A] [INFO] TEST_DATA_QUEUED dst=0x02 seq=68 remaining=74
[2026-09-02T18:49:14.209+00:00][A] [INFO] [RF TX] type=1 source=0x01 destination=0x02 previousHop=0x01 sequence=68 ackSequence=0 ttl=8 hops=0 payloadSize=4 rssi=0 snr=0.00
[2026-09-02T18:49:14.211+00:00][B] [INFO] [RF RX] type=1 source=0x01 destination=0x02 previousHop=0x01 sequence=68 ackSequence=0 ttl=8 hops=0 payloadSize=4 rssi=-61 snr=10.50
[2026-09-02T18:49:14.271+00:00][B] [INFO] [RF TX] type=3 source=0x02 destination=0x01 previousHop=0x02 sequence=70 ackSequence=68 ttl=8 hops=0 payloadSize=2 rssi=0 snr=0.00
[2026-09-02T18:49:14.271+00:00][B] [WARN] Retry 1
[2026-09-02T18:49:14.275+00:00][A] [INFO] [RF RX] type=3 source=0x02 destination=0x01 previousHop=0x02 sequence=70 ackSequence=68 ttl=8 hops=0 payloadSize=2 rssi=-57 snr=9.50
[2026-09-02T18:49:14.276+00:00][A] [INFO] ACK_RX seq=68 source=0x02
[2026-09-02T18:49:14.279+00:00][A] [INFO] TEST_DATA_QUEUED dst=0x02 seq=69 remaining=73
[2026-09-02T18:49:14.334+00:00][A] [INFO] [RF TX] type=1 source=0x01 destination=0x02 previousHop=0x01 sequence=69 ackSequence=0 ttl=8 hops=0 payloadSize=4 rssi=0 snr=0.00
[2026-09-02T18:49:14.336+00:00][B] [INFO] --------------------------------
[2026-09-02T18:49:14.337+00:00][B] [INFO] [HEARTBEAT TX]
[2026-09-02T18:49:14.341+00:00][B] [INFO] Node ID: 2
[2026-09-02T18:49:14.342+00:00][B] [INFO] type: 2
[2026-09-02T18:49:14.342+00:00][B] [INFO] Destination: 0xFF
[2026-09-02T18:49:14.347+00:00][B] [INFO] Sequence: 69
[2026-09-02T18:49:14.348+00:00][B] [INFO] Packet ID: 36
[2026-09-02T18:49:14.348+00:00][B] [INFO] Packet Size: 26
[2026-09-02T18:49:14.353+00:00][B] [INFO] Timestamp: 36 ms
[2026-09-02T18:49:14.353+00:00][B] [INFO] Transmission Result: success
[2026-09-02T18:49:14.358+00:00][B] [INFO] --------------------------------
[2026-09-02T18:49:14.358+00:00][B] [INFO] [Heartbeat #36]
[2026-09-02T18:49:14.364+00:00][B] [INFO] Sent
[2026-09-02T18:49:14.364+00:00][B] [INFO] Waiting ACK...
[2026-09-02T18:49:14.364+00:00][B] [INFO] [WAITING ACK]
[2026-09-02T18:49:14.378+00:00][B] [INFO] [RF TX] type=2 source=0x02 destination=0xFF previousHop=0x02 sequence=69 ackSequence=0 ttl=8 hops=0 payloadSize=13 rssi=0 snr=0.00
[2026-09-02T18:49:14.378+00:00][B] [INFO] Heartbeat packet sent
[2026-09-02T18:49:14.978+00:00][A] [WARN] Retry 1
[2026-09-02T18:49:15.045+00:00][A] [INFO] --------------------------------
[2026-09-02T18:49:15.046+00:00][A] [INFO] [HEARTBEAT TX]
[2026-09-02T18:49:15.051+00:00][A] [INFO] Node ID: 1
[2026-09-02T18:49:15.051+00:00][A] [INFO] type: 2
[2026-09-02T18:49:15.051+00:00][A] [INFO] Destination: 0xFF
[2026-09-02T18:49:15.054+00:00][B] [INFO] [RF RX] type=2 source=0x01 destination=0xFF previousHop=0x01 sequence=67 ackSequence=0 ttl=8 hops=0 payloadSize=13 rssi=-60 snr=9.50
[2026-09-02T18:49:15.056+00:00][A] [INFO] Sequence: 67
[2026-09-02T18:49:15.056+00:00][A] [INFO] Packet ID: 41
[2026-09-02T18:49:15.056+00:00][A] [INFO] Packet Size: 26
[2026-09-02T18:49:15.062+00:00][A] [INFO] Timestamp: 41 ms
[2026-09-02T18:49:15.062+00:00][A] [INFO] Transmission Result: success
[2026-09-02T18:49:15.068+00:00][A] [INFO] --------------------------------
[2026-09-02T18:49:15.068+00:00][A] [INFO] [Heartbeat #41]
[2026-09-02T18:49:15.073+00:00][A] [INFO] Sent
[2026-09-02T18:49:15.073+00:00][A] [INFO] Waiting ACK...
[2026-09-02T18:49:15.073+00:00][A] [INFO] [WAITING ACK]
[2026-09-02T18:49:15.087+00:00][A] [INFO] [RF TX] type=2 source=0x01 destination=0xFF previousHop=0x01 sequence=67 ackSequence=0 ttl=8 hops=0 payloadSize=13 rssi=0 snr=0.00
[2026-09-02T18:49:15.087+00:00][A] [INFO] Heartbeat packet sent
[2026-09-02T18:49:15.203+00:00][B] [INFO] --------------------------------
[2026-09-02T18:49:15.203+00:00][B] [INFO] [HEARTBEAT TX]
[2026-09-02T18:49:15.208+00:00][B] [INFO] Node ID: 2
[2026-09-02T18:49:15.208+00:00][B] [INFO] type: 2
[2026-09-02T18:49:15.208+00:00][B] [INFO] Destination: 0xFF
[2026-09-02T18:49:15.211+00:00][A] [INFO] [RF RX] type=2 source=0x02 destination=0xFF previousHop=0x02 sequence=71 ackSequence=0 ttl=8 hops=0 payloadSize=13 rssi=-57 snr=10.00
[2026-09-02T18:49:15.213+00:00][B] [INFO] Sequence: 71
[2026-09-02T18:49:15.214+00:00][B] [INFO] Packet ID: 37
[2026-09-02T18:49:15.214+00:00][B] [INFO] Packet Size: 26
[2026-09-02T18:49:15.219+00:00][B] [INFO] Timestamp: 37 ms
[2026-09-02T18:49:15.220+00:00][B] [INFO] Transmission Result: success
[2026-09-02T18:49:15.224+00:00][B] [INFO] --------------------------------
[2026-09-02T18:49:15.225+00:00][B] [INFO] [Heartbeat #37]
[2026-09-02T18:49:15.230+00:00][B] [INFO] Sent
[2026-09-02T18:49:15.230+00:00][B] [INFO] Waiting ACK...
[2026-09-02T18:49:15.231+00:00][B] [INFO] [WAITING ACK]
[2026-09-02T18:49:15.244+00:00][B] [INFO] [RF TX] type=2 source=0x02 destination=0xFF previousHop=0x02 sequence=71 ackSequence=0 ttl=8 hops=0 payloadSize=13 rssi=0 snr=0.00
[2026-09-02T18:49:15.244+00:00][B] [INFO] Heartbeat packet sent
[2026-09-02T18:49:15.334+00:00][A] [WARN] TX_RETRY seq=69
[2026-09-02T18:49:15.396+00:00][A] [INFO] [RF TX] type=1 source=0x01 destination=0x02 previousHop=0x01 sequence=69 ackSequence=0 ttl=8 hops=0 payloadSize=4 rssi=0 snr=0.00
[2026-09-02T18:49:15.398+00:00][B] [INFO] [RF RX] type=1 source=0x01 destination=0x02 previousHop=0x01 sequence=69 ackSequence=0 ttl=8 hops=0 payloadSize=4 rssi=-61 snr=10.00
[2026-09-02T18:49:15.456+00:00][B] [INFO] [RF TX] type=3 source=0x02 destination=0x01 previousHop=0x02 sequence=72 ackSequence=69 ttl=8 hops=0 payloadSize=2 rssi=0 snr=0.00
[2026-09-02T18:49:15.462+00:00][A] [INFO] [RF RX] type=3 source=0x02 destination=0x01 previousHop=0x02 sequence=72 ackSequence=69 ttl=8 hops=0 payloadSize=2 rssi=-58 snr=9.25
[2026-09-02T18:49:15.462+00:00][A] [INFO] ACK_RX seq=69 source=0x02
[2026-09-02T18:49:15.465+00:00][A] [INFO] TEST_DATA_QUEUED dst=0x02 seq=70 remaining=72
[2026-09-02T18:49:15.520+00:00][A] [INFO] [RF TX] type=1 source=0x01 destination=0x02 previousHop=0x01 sequence=70 ackSequence=0 ttl=8 hops=0 payloadSize=4 rssi=0 snr=0.00
[2026-09-02T18:49:15.522+00:00][B] [INFO] [RF RX] type=1 source=0x01 destination=0x02 previousHop=0x01 sequence=70 ackSequence=0 ttl=8 hops=0 payloadSize=4 rssi=-62 snr=9.75
[2026-09-02T18:49:15.580+00:00][B] [INFO] [RF TX] type=3 source=0x02 destination=0x01 previousHop=0x02 sequence=73 ackSequence=70 ttl=8 hops=0 payloadSize=2 rssi=0 snr=0.00
[2026-09-02T18:49:15.586+00:00][A] [INFO] [RF RX] type=3 source=0x02 destination=0x01 previousHop=0x02 sequence=73 ackSequence=70 ttl=8 hops=0 payloadSize=2 rssi=-59 snr=9.50
[2026-09-02T18:49:15.586+00:00][A] [INFO] ACK_RX seq=70 source=0x02
[2026-09-02T18:49:15.589+00:00][A] [INFO] TEST_DATA_QUEUED dst=0x02 seq=71 remaining=71
[2026-09-02T18:49:15.644+00:00][A] [INFO] [RF TX] type=1 source=0x01 destination=0x02 previousHop=0x01 sequence=71 ackSequence=0 ttl=8 hops=0 payloadSize=4 rssi=0 snr=0.00
[2026-09-02T18:49:15.646+00:00][B] [INFO] [RF RX] type=1 source=0x01 destination=0x02 previousHop=0x01 sequence=71 ackSequence=0 ttl=8 hops=0 payloadSize=4 rssi=-62 snr=10.00
[2026-09-02T18:49:15.704+00:00][B] [INFO] [RF TX] type=3 source=0x02 destination=0x01 previousHop=0x02 sequence=74 ackSequence=71 ttl=8 hops=0 payloadSize=2 rssi=0 snr=0.00
[2026-09-02T18:49:15.710+00:00][A] [INFO] [RF RX] type=3 source=0x02 destination=0x01 previousHop=0x02 sequence=74 ackSequence=71 ttl=8 hops=0 payloadSize=2 rssi=-58 snr=9.75
[2026-09-02T18:49:15.710+00:00][A] [INFO] ACK_RX seq=71 source=0x02
[2026-09-02T18:49:15.713+00:00][A] [INFO] TEST_DATA_QUEUED dst=0x02 seq=72 remaining=70
[2026-09-02T18:49:15.768+00:00][A] [INFO] [RF TX] type=1 source=0x01 destination=0x02 previousHop=0x01 sequence=72 ackSequence=0 ttl=8 hops=0 payloadSize=4 rssi=0 snr=0.00
[2026-09-02T18:49:15.770+00:00][B] [INFO] [RF RX] type=1 source=0x01 destination=0x02 previousHop=0x01 sequence=72 ackSequence=0 ttl=8 hops=0 payloadSize=4 rssi=-61 snr=10.25
[2026-09-02T18:49:15.827+00:00][B] [INFO] [RF TX] type=3 source=0x02 destination=0x01 previousHop=0x02 sequence=75 ackSequence=72 ttl=8 hops=0 payloadSize=2 rssi=0 snr=0.00
[2026-09-02T18:49:15.833+00:00][A] [INFO] [RF RX] type=3 source=0x02 destination=0x01 previousHop=0x02 sequence=75 ackSequence=72 ttl=8 hops=0 payloadSize=2 rssi=-58 snr=10.00
[2026-09-02T18:49:15.834+00:00][A] [INFO] ACK_RX seq=72 source=0x02
[2026-09-02T18:49:15.837+00:00][A] [INFO] TEST_DATA_QUEUED dst=0x02 seq=73 remaining=69
[2026-09-02T18:49:15.892+00:00][A] [INFO] [RF TX] type=1 source=0x01 destination=0x02 previousHop=0x01 sequence=73 ackSequence=0 ttl=8 hops=0 payloadSize=4 rssi=0 snr=0.00
[2026-09-02T18:49:15.894+00:00][B] [INFO] [RF RX] type=1 source=0x01 destination=0x02 previousHop=0x01 sequence=73 ackSequence=0 ttl=8 hops=0 payloadSize=4 rssi=-62 snr=10.25
[2026-09-02T18:49:15.951+00:00][B] [INFO] [RF TX] type=3 source=0x02 destination=0x01 previousHop=0x02 sequence=76 ackSequence=73 ttl=8 hops=0 payloadSize=2 rssi=0 snr=0.00
[2026-09-02T18:49:15.961+00:00][A] [INFO] --------------------------------
[2026-09-02T18:49:15.962+00:00][A] [INFO] [HEARTBEAT TX]
[2026-09-02T18:49:15.967+00:00][A] [INFO] Node ID: 1
[2026-09-02T18:49:15.967+00:00][A] [INFO] type: 2
[2026-09-02T18:49:15.967+00:00][A] [INFO] Destination: 0xFF
[2026-09-02T18:49:15.972+00:00][A] [INFO] Sequence: 74
[2026-09-02T18:49:15.972+00:00][A] [INFO] Packet ID: 42
[2026-09-02T18:49:15.973+00:00][A] [INFO] Packet Size: 26
[2026-09-02T18:49:15.978+00:00][A] [INFO] Timestamp: 42 ms
[2026-09-02T18:49:15.978+00:00][A] [INFO] Transmission Result: success
[2026-09-02T18:49:15.983+00:00][A] [INFO] --------------------------------
[2026-09-02T18:49:15.984+00:00][A] [INFO] [Heartbeat #42]
[2026-09-02T18:49:15.989+00:00][A] [INFO] Sent
[2026-09-02T18:49:15.989+00:00][A] [INFO] Waiting ACK...
[2026-09-02T18:49:15.989+00:00][A] [INFO] [WAITING ACK]
[2026-09-02T18:49:16.003+00:00][A] [INFO] [RF TX] type=2 source=0x01 destination=0xFF previousHop=0x01 sequence=74 ackSequence=0 ttl=8 hops=0 payloadSize=13 rssi=0 snr=0.00
[2026-09-02T18:49:16.003+00:00][A] [INFO] Heartbeat packet sent
[2026-09-02T18:49:16.219+00:00][B] [WARN] Retry 1
[2026-09-02T18:49:16.286+00:00][B] [INFO] --------------------------------
[2026-09-02T18:49:16.287+00:00][B] [INFO] [HEARTBEAT TX]
[2026-09-02T18:49:16.291+00:00][B] [INFO] Node ID: 2
[2026-09-02T18:49:16.292+00:00][B] [INFO] type: 2
[2026-09-02T18:49:16.292+00:00][B] [INFO] Destination: 0xFF
[2026-09-02T18:49:16.295+00:00][A] [INFO] [RF RX] type=2 source=0x02 destination=0xFF previousHop=0x02 sequence=71 ackSequence=0 ttl=8 hops=0 payloadSize=13 rssi=-57 snr=9.75
[2026-09-02T18:49:16.297+00:00][B] [INFO] Sequence: 71
[2026-09-02T18:49:16.298+00:00][B] [INFO] Packet ID: 37
[2026-09-02T18:49:16.298+00:00][B] [INFO] Packet Size: 26
[2026-09-02T18:49:16.303+00:00][B] [INFO] Timestamp: 37 ms
[2026-09-02T18:49:16.303+00:00][B] [INFO] Transmission Result: success
[2026-09-02T18:49:16.308+00:00][B] [INFO] --------------------------------
[2026-09-02T18:49:16.309+00:00][B] [INFO] [Heartbeat #37]
[2026-09-02T18:49:16.314+00:00][B] [INFO] Sent
[2026-09-02T18:49:16.314+00:00][B] [INFO] Waiting ACK...
[2026-09-02T18:49:16.315+00:00][B] [INFO] [WAITING ACK]
[2026-09-02T18:49:16.328+00:00][B] [INFO] [RF TX] type=2 source=0x02 destination=0xFF previousHop=0x02 sequence=71 ackSequence=0 ttl=8 hops=0 payloadSize=13 rssi=0 snr=0.00
[2026-09-02T18:49:16.329+00:00][B] [INFO] Heartbeat packet sent
[2026-09-02T18:49:16.892+00:00][A] [WARN] TX_RETRY seq=73
[2026-09-02T18:49:16.954+00:00][A] [INFO] [RF TX] type=1 source=0x01 destination=0x02 previousHop=0x01 sequence=73 ackSequence=0 ttl=8 hops=0 payloadSize=4 rssi=0 snr=0.00
[2026-09-02T18:49:16.978+00:00][A] [WARN] Retry 1
[2026-09-02T18:49:17.003+00:00][B] [INFO] [RF TX] type=3 source=0x02 destination=0x01 previousHop=0x02 sequence=77 ackSequence=73 ttl=8 hops=0 payloadSize=2 rssi=0 snr=0.00
[2026-09-02T18:49:17.045+00:00][A] [INFO] --------------------------------
[2026-09-02T18:49:17.046+00:00][A] [INFO] [HEARTBEAT TX]
[2026-09-02T18:49:17.051+00:00][A] [INFO] Node ID: 1
[2026-09-02T18:49:17.051+00:00][A] [INFO] type: 2
[2026-09-02T18:49:17.052+00:00][A] [INFO] Destination: 0xFF
[2026-09-02T18:49:17.056+00:00][A] [INFO] Sequence: 74
[2026-09-02T18:49:17.056+00:00][A] [INFO] Packet ID: 42
[2026-09-02T18:49:17.057+00:00][A] [INFO] Packet Size: 26
[2026-09-02T18:49:17.062+00:00][A] [INFO] Timestamp: 42 ms
[2026-09-02T18:49:17.062+00:00][A] [INFO] Transmission Result: success
[2026-09-02T18:49:17.067+00:00][A] [INFO] --------------------------------
[2026-09-02T18:49:17.068+00:00][A] [INFO] [Heartbeat #42]
[2026-09-02T18:49:17.073+00:00][A] [INFO] Sent
[2026-09-02T18:49:17.073+00:00][A] [INFO] Waiting ACK...
[2026-09-02T18:49:17.073+00:00][A] [INFO] [WAITING ACK]
[2026-09-02T18:49:17.087+00:00][A] [INFO] [RF TX] type=2 source=0x01 destination=0xFF previousHop=0x01 sequence=74 ackSequence=0 ttl=8 hops=0 payloadSize=13 rssi=0 snr=0.00
[2026-09-02T18:49:17.087+00:00][A] [INFO] Heartbeat packet sent
[2026-09-02T18:49:17.202+00:00][B] [INFO] --------------------------------
[2026-09-02T18:49:17.203+00:00][B] [INFO] [HEARTBEAT TX]
[2026-09-02T18:49:17.207+00:00][B] [INFO] Node ID: 2
[2026-09-02T18:49:17.208+00:00][B] [INFO] type: 2
[2026-09-02T18:49:17.208+00:00][B] [INFO] Destination: 0xFF
[2026-09-02T18:49:17.211+00:00][A] [INFO] [RF RX] type=2 source=0x02 destination=0xFF previousHop=0x02 sequence=78 ackSequence=0 ttl=8 hops=0 payloadSize=13 rssi=-57 snr=9.25
[2026-09-02T18:49:17.213+00:00][B] [INFO] Sequence: 78
[2026-09-02T18:49:17.214+00:00][B] [INFO] Packet ID: 38
[2026-09-02T18:49:17.214+00:00][B] [INFO] Packet Size: 26
[2026-09-02T18:49:17.219+00:00][B] [INFO] Timestamp: 38 ms
[2026-09-02T18:49:17.219+00:00][B] [INFO] Transmission Result: success
[2026-09-02T18:49:17.224+00:00][B] [INFO] --------------------------------
[2026-09-02T18:49:17.225+00:00][B] [INFO] [Heartbeat #38]
[2026-09-02T18:49:17.230+00:00][B] [INFO] Sent
[2026-09-02T18:49:17.230+00:00][B] [INFO] Waiting ACK...
[2026-09-02T18:49:17.231+00:00][B] [INFO] [WAITING ACK]
[2026-09-02T18:49:17.244+00:00][B] [INFO] [RF TX] type=2 source=0x02 destination=0xFF previousHop=0x02 sequence=78 ackSequence=0 ttl=8 hops=0 payloadSize=13 rssi=0 snr=0.00
[2026-09-02T18:49:17.244+00:00][B] [INFO] Heartbeat packet sent
[2026-09-02T18:49:17.962+00:00][A] [INFO] --------------------------------
[2026-09-02T18:49:17.962+00:00][A] [INFO] [HEARTBEAT TX]
[2026-09-02T18:49:17.967+00:00][A] [INFO] Node ID: 1
[2026-09-02T18:49:17.967+00:00][A] [INFO] type: 2
[2026-09-02T18:49:17.967+00:00][A] [INFO] Destination: 0xFF
[2026-09-02T18:49:17.970+00:00][B] [INFO] [RF RX] type=2 source=0x01 destination=0xFF previousHop=0x01 sequence=75 ackSequence=0 ttl=8 hops=0 payloadSize=13 rssi=-62 snr=9.75
[2026-09-02T18:49:17.972+00:00][A] [INFO] Sequence: 75
[2026-09-02T18:49:17.972+00:00][A] [INFO] Packet ID: 43
[2026-09-02T18:49:17.972+00:00][A] [INFO] Packet Size: 26
[2026-09-02T18:49:17.978+00:00][A] [INFO] Timestamp: 43 ms
[2026-09-02T18:49:17.978+00:00][A] [INFO] Transmission Result: success
[2026-09-02T18:49:17.983+00:00][A] [INFO] --------------------------------
[2026-09-02T18:49:17.984+00:00][A] [INFO] [Heartbeat #43]
[2026-09-02T18:49:17.989+00:00][A] [INFO] Sent
[2026-09-02T18:49:17.989+00:00][A] [INFO] Waiting ACK...
[2026-09-02T18:49:17.989+00:00][A] [INFO] [WAITING ACK]
[2026-09-02T18:49:18.005+00:00][A] [INFO] [RF TX] type=2 source=0x01 destination=0xFF previousHop=0x01 sequence=75 ackSequence=0 ttl=8 hops=0 payloadSize=13 rssi=0 snr=0.00
[2026-09-02T18:49:18.005+00:00][A] [INFO] Heartbeat packet sent
[2026-09-02T18:49:18.006+00:00][A] [WARN] TX_RETRY seq=73
[2026-09-02T18:49:18.062+00:00][A] [INFO] [RF TX] type=1 source=0x01 destination=0x02 previousHop=0x01 sequence=73 ackSequence=0 ttl=8 hops=0 payloadSize=4 rssi=0 snr=0.00
[2026-09-02T18:49:18.111+00:00][B] [INFO] [RF TX] type=3 source=0x02 destination=0x01 previousHop=0x02 sequence=79 ackSequence=73 ttl=8 hops=0 payloadSize=2 rssi=0 snr=0.00
[2026-09-02T18:49:18.219+00:00][B] [WARN] Retry 1
[2026-09-02T18:49:18.286+00:00][B] [INFO] --------------------------------
[2026-09-02T18:49:18.287+00:00][B] [INFO] [HEARTBEAT TX]
[2026-09-02T18:49:18.291+00:00][B] [INFO] Node ID: 2
[2026-09-02T18:49:18.292+00:00][B] [INFO] type: 2
[2026-09-02T18:49:18.292+00:00][B] [INFO] Destination: 0xFF
[2026-09-02T18:49:18.295+00:00][A] [INFO] [RF RX] type=2 source=0x02 destination=0xFF previousHop=0x02 sequence=78 ackSequence=0 ttl=8 hops=0 payloadSize=13 rssi=-57 snr=9.25
[2026-09-02T18:49:18.297+00:00][B] [INFO] Sequence: 78
[2026-09-02T18:49:18.297+00:00][B] [INFO] Packet ID: 38
[2026-09-02T18:49:18.298+00:00][B] [INFO] Packet Size: 26
[2026-09-02T18:49:18.303+00:00][B] [INFO] Timestamp: 38 ms
[2026-09-02T18:49:18.303+00:00][B] [INFO] Transmission Result: success
[2026-09-02T18:49:18.308+00:00][B] [INFO] --------------------------------
[2026-09-02T18:49:18.309+00:00][B] [INFO] [Heartbeat #38]
[2026-09-02T18:49:18.314+00:00][B] [INFO] Sent
[2026-09-02T18:49:18.314+00:00][B] [INFO] Waiting ACK...
[2026-09-02T18:49:18.314+00:00][B] [INFO] [WAITING ACK]
[2026-09-02T18:49:18.328+00:00][B] [INFO] [RF TX] type=2 source=0x02 destination=0xFF previousHop=0x02 sequence=78 ackSequence=0 ttl=8 hops=0 payloadSize=13 rssi=0 snr=0.00
[2026-09-02T18:49:18.328+00:00][B] [INFO] Heartbeat packet sent
[2026-09-02T18:49:18.978+00:00][A] [WARN] Retry 1
[2026-09-02T18:49:19.045+00:00][A] [INFO] --------------------------------
[2026-09-02T18:49:19.046+00:00][A] [INFO] [HEARTBEAT TX]
[2026-09-02T18:49:19.051+00:00][A] [INFO] Node ID: 1
[2026-09-02T18:49:19.051+00:00][A] [INFO] type: 2
[2026-09-02T18:49:19.051+00:00][A] [INFO] Destination: 0xFF
[2026-09-02T18:49:19.054+00:00][B] [INFO] [RF RX] type=2 source=0x01 destination=0xFF previousHop=0x01 sequence=75 ackSequence=0 ttl=8 hops=0 payloadSize=13 rssi=-61 snr=9.75
[2026-09-02T18:49:19.056+00:00][A] [INFO] Sequence: 75
[2026-09-02T18:49:19.056+00:00][A] [INFO] Packet ID: 43
[2026-09-02T18:49:19.057+00:00][A] [INFO] Packet Size: 26
[2026-09-02T18:49:19.062+00:00][A] [INFO] Timestamp: 43 ms
[2026-09-02T18:49:19.062+00:00][A] [INFO] Transmission Result: success
[2026-09-02T18:49:19.067+00:00][A] [INFO] --------------------------------
[2026-09-02T18:49:19.068+00:00][A] [INFO] [Heartbeat #43]
[2026-09-02T18:49:19.073+00:00][A] [INFO] Sent
[2026-09-02T18:49:19.073+00:00][A] [INFO] Waiting ACK...
[2026-09-02T18:49:19.073+00:00][A] [INFO] [WAITING ACK]
[2026-09-02T18:49:19.089+00:00][A] [INFO] [RF TX] type=2 source=0x01 destination=0xFF previousHop=0x01 sequence=75 ackSequence=0 ttl=8 hops=0 payloadSize=13 rssi=0 snr=0.00
[2026-09-02T18:49:19.089+00:00][A] [INFO] Heartbeat packet sent
[2026-09-02T18:49:19.089+00:00][A] [WARN] TX_RETRY seq=73
[2026-09-02T18:49:19.146+00:00][A] [INFO] [RF TX] type=1 source=0x01 destination=0x02 previousHop=0x01 sequence=73 ackSequence=0 ttl=8 hops=0 payloadSize=4 rssi=0 snr=0.00
[2026-09-02T18:49:19.202+00:00][B] [INFO] --------------------------------
[2026-09-02T18:49:19.203+00:00][B] [INFO] [HEARTBEAT TX]
[2026-09-02T18:49:19.207+00:00][B] [INFO] Node ID: 2
[2026-09-02T18:49:19.208+00:00][B] [INFO] type: 2
[2026-09-02T18:49:19.208+00:00][B] [INFO] Destination: 0xFF
[2026-09-02T18:49:19.213+00:00][B] [INFO] Sequence: 80
[2026-09-02T18:49:19.214+00:00][B] [INFO] Packet ID: 39
[2026-09-02T18:49:19.214+00:00][B] [INFO] Packet Size: 26
[2026-09-02T18:49:19.219+00:00][B] [INFO] Timestamp: 39 ms
[2026-09-02T18:49:19.219+00:00][B] [INFO] Transmission Result: success
[2026-09-02T18:49:19.224+00:00][B] [INFO] --------------------------------
[2026-09-02T18:49:19.225+00:00][B] [INFO] [Heartbeat #39]
[2026-09-02T18:49:19.230+00:00][B] [INFO] Sent
[2026-09-02T18:49:19.230+00:00][B] [INFO] Waiting ACK...
[2026-09-02T18:49:19.231+00:00][B] [INFO] [WAITING ACK]
[2026-09-02T18:49:19.244+00:00][B] [INFO] [RF TX] type=2 source=0x02 destination=0xFF previousHop=0x02 sequence=80 ackSequence=0 ttl=8 hops=0 payloadSize=13 rssi=0 snr=0.00
[2026-09-02T18:49:19.244+00:00][B] [INFO] Heartbeat packet sent
[2026-09-02T18:49:19.961+00:00][A] [INFO] --------------------------------
[2026-09-02T18:49:19.962+00:00][A] [INFO] [HEARTBEAT TX]
[2026-09-02T18:49:19.966+00:00][A] [INFO] Node ID: 1
[2026-09-02T18:49:19.967+00:00][A] [INFO] type: 2
[2026-09-02T18:49:19.967+00:00][A] [INFO] Destination: 0xFF
[2026-09-02T18:49:19.970+00:00][B] [INFO] [RF RX] type=2 source=0x01 destination=0xFF previousHop=0x01 sequence=76 ackSequence=0 ttl=8 hops=0 payloadSize=13 rssi=-60 snr=9.75
[2026-09-02T18:49:19.972+00:00][A] [INFO] Sequence: 76
[2026-09-02T18:49:19.972+00:00][A] [INFO] Packet ID: 44
[2026-09-02T18:49:19.972+00:00][A] [INFO] Packet Size: 26
[2026-09-02T18:49:19.978+00:00][A] [INFO] Timestamp: 44 ms
[2026-09-02T18:49:19.978+00:00][A] [INFO] Transmission Result: success
[2026-09-02T18:49:19.983+00:00][A] [INFO] --------------------------------
[2026-09-02T18:49:19.984+00:00][A] [INFO] [Heartbeat #44]
[2026-09-02T18:49:19.989+00:00][A] [INFO] Sent
[2026-09-02T18:49:19.989+00:00][A] [INFO] Waiting ACK...
[2026-09-02T18:49:19.989+00:00][A] [INFO] [WAITING ACK]
[2026-09-02T18:49:20.003+00:00][A] [INFO] [RF TX] type=2 source=0x01 destination=0xFF previousHop=0x01 sequence=76 ackSequence=0 ttl=8 hops=0 payloadSize=13 rssi=0 snr=0.00
[2026-09-02T18:49:20.003+00:00][A] [INFO] Heartbeat packet sent
[2026-09-02T18:49:20.150+00:00][A] [ERROR] TX_FAILED
[2026-09-02T18:49:20.151+00:00][A] [WARN] ACK_FAILED seq=73
[2026-09-02T18:49:20.154+00:00][A] [INFO] TEST_DATA_QUEUED dst=0x02 seq=77 remaining=68
[2026-09-02T18:49:20.209+00:00][A] [INFO] [RF TX] type=1 source=0x01 destination=0x02 previousHop=0x01 sequence=77 ackSequence=0 ttl=8 hops=0 payloadSize=4 rssi=0 snr=0.00
[2026-09-02T18:49:20.211+00:00][B] [INFO] [RF RX] type=1 source=0x01 destination=0x02 previousHop=0x01 sequence=77 ackSequence=0 ttl=8 hops=0 payloadSize=4 rssi=-61 snr=9.75
[2026-09-02T18:49:20.271+00:00][B] [INFO] [RF TX] type=3 source=0x02 destination=0x01 previousHop=0x02 sequence=81 ackSequence=77 ttl=8 hops=0 payloadSize=2 rssi=0 snr=0.00
[2026-09-02T18:49:20.272+00:00][B] [WARN] Retry 1
[2026-09-02T18:49:20.275+00:00][A] [INFO] [RF RX] type=3 source=0x02 destination=0x01 previousHop=0x02 sequence=81 ackSequence=77 ttl=8 hops=0 payloadSize=2 rssi=-57 snr=10.00
[2026-09-02T18:49:20.276+00:00][A] [INFO] ACK_RX seq=77 source=0x02
[2026-09-02T18:49:20.279+00:00][A] [INFO] TEST_DATA_QUEUED dst=0x02 seq=78 remaining=67
[2026-09-02T18:49:20.333+00:00][A] [INFO] [RF TX] type=1 source=0x01 destination=0x02 previousHop=0x01 sequence=78 ackSequence=0 ttl=8 hops=0 payloadSize=4 rssi=0 snr=0.00
[2026-09-02T18:49:20.336+00:00][B] [INFO] --------------------------------
[2026-09-02T18:49:20.336+00:00][B] [INFO] [HEARTBEAT TX]
[2026-09-02T18:49:20.341+00:00][B] [INFO] Node ID: 2
[2026-09-02T18:49:20.341+00:00][B] [INFO] type: 2
[2026-09-02T18:49:20.342+00:00][B] [INFO] Destination: 0xFF
[2026-09-02T18:49:20.347+00:00][B] [INFO] Sequence: 80
[2026-09-02T18:49:20.347+00:00][B] [INFO] Packet ID: 39
[2026-09-02T18:49:20.348+00:00][B] [INFO] Packet Size: 26
[2026-09-02T18:49:20.352+00:00][B] [INFO] Timestamp: 39 ms
[2026-09-02T18:49:20.353+00:00][B] [INFO] Transmission Result: success
[2026-09-02T18:49:20.358+00:00][B] [INFO] --------------------------------
[2026-09-02T18:49:20.358+00:00][B] [INFO] [Heartbeat #39]
[2026-09-02T18:49:20.364+00:00][B] [INFO] Sent
[2026-09-02T18:49:20.364+00:00][B] [INFO] Waiting ACK...
[2026-09-02T18:49:20.364+00:00][B] [INFO] [WAITING ACK]
[2026-09-02T18:49:20.378+00:00][B] [INFO] [RF TX] type=2 source=0x02 destination=0xFF previousHop=0x02 sequence=80 ackSequence=0 ttl=8 hops=0 payloadSize=13 rssi=0 snr=0.00
[2026-09-02T18:49:20.378+00:00][B] [INFO] Heartbeat packet sent
[2026-09-02T18:49:20.978+00:00][A] [WARN] Retry 1
[2026-09-02T18:49:21.045+00:00][A] [INFO] --------------------------------
[2026-09-02T18:49:21.045+00:00][A] [INFO] [HEARTBEAT TX]
[2026-09-02T18:49:21.050+00:00][A] [INFO] Node ID: 1
[2026-09-02T18:49:21.051+00:00][A] [INFO] type: 2
[2026-09-02T18:49:21.051+00:00][A] [INFO] Destination: 0xFF
[2026-09-02T18:49:21.054+00:00][B] [INFO] [RF RX] type=2 source=0x01 destination=0xFF previousHop=0x01 sequence=76 ackSequence=0 ttl=8 hops=0 payloadSize=13 rssi=-61 snr=10.00
[2026-09-02T18:49:21.056+00:00][A] [INFO] Sequence: 76
[2026-09-02T18:49:21.056+00:00][A] [INFO] Packet ID: 44
[2026-09-02T18:49:21.056+00:00][A] [INFO] Packet Size: 26
[2026-09-02T18:49:21.061+00:00][A] [INFO] Timestamp: 44 ms
[2026-09-02T18:49:21.062+00:00][A] [INFO] Transmission Result: success
[2026-09-02T18:49:21.067+00:00][A] [INFO] --------------------------------
[2026-09-02T18:49:21.068+00:00][A] [INFO] [Heartbeat #44]
[2026-09-02T18:49:21.073+00:00][A] [INFO] Sent
[2026-09-02T18:49:21.073+00:00][A] [INFO] Waiting ACK...
[2026-09-02T18:49:21.073+00:00][A] [INFO] [WAITING ACK]
[2026-09-02T18:49:21.087+00:00][A] [INFO] [RF TX] type=2 source=0x01 destination=0xFF previousHop=0x01 sequence=76 ackSequence=0 ttl=8 hops=0 payloadSize=13 rssi=0 snr=0.00
[2026-09-02T18:49:21.087+00:00][A] [INFO] Heartbeat packet sent
[2026-09-02T18:49:21.202+00:00][B] [INFO] --------------------------------
[2026-09-02T18:49:21.203+00:00][B] [INFO] [HEARTBEAT TX]
[2026-09-02T18:49:21.207+00:00][B] [INFO] Node ID: 2
[2026-09-02T18:49:21.208+00:00][B] [INFO] type: 2
[2026-09-02T18:49:21.208+00:00][B] [INFO] Destination: 0xFF
[2026-09-02T18:49:21.211+00:00][A] [INFO] [RF RX] type=2 source=0x02 destination=0xFF previousHop=0x02 sequence=82 ackSequence=0 ttl=8 hops=0 payloadSize=13 rssi=-58 snr=10.25
[2026-09-02T18:49:21.213+00:00][B] [INFO] Sequence: 82
[2026-09-02T18:49:21.214+00:00][B] [INFO] Packet ID: 40
[2026-09-02T18:49:21.214+00:00][B] [INFO] Packet Size: 26
[2026-09-02T18:49:21.219+00:00][B] [INFO] Timestamp: 40 ms
[2026-09-02T18:49:21.219+00:00][B] [INFO] Transmission Result: success
[2026-09-02T18:49:21.224+00:00][B] [INFO] --------------------------------
[2026-09-02T18:49:21.225+00:00][B] [INFO] [Heartbeat #40]
[2026-09-02T18:49:21.230+00:00][B] [INFO] Sent
[2026-09-02T18:49:21.230+00:00][B] [INFO] Waiting ACK...
[2026-09-02T18:49:21.231+00:00][B] [INFO] [WAITING ACK]
[2026-09-02T18:49:21.244+00:00][B] [INFO] [RF TX] type=2 source=0x02 destination=0xFF previousHop=0x02 sequence=82 ackSequence=0 ttl=8 hops=0 payloadSize=13 rssi=0 snr=0.00
[2026-09-02T18:49:21.244+00:00][B] [INFO] Heartbeat packet sent
[2026-09-02T18:49:21.334+00:00][A] [WARN] TX_RETRY seq=78
[2026-09-02T18:49:21.396+00:00][A] [INFO] [RF TX] type=1 source=0x01 destination=0x02 previousHop=0x01 sequence=78 ackSequence=0 ttl=8 hops=0 payloadSize=4 rssi=0 snr=0.00
[2026-09-02T18:49:21.398+00:00][B] [INFO] [RF RX] type=1 source=0x01 destination=0x02 previousHop=0x01 sequence=78 ackSequence=0 ttl=8 hops=0 payloadSize=4 rssi=-62 snr=9.25
[2026-09-02T18:49:21.455+00:00][B] [INFO] [RF TX] type=3 source=0x02 destination=0x01 previousHop=0x02 sequence=83 ackSequence=78 ttl=8 hops=0 payloadSize=2 rssi=0 snr=0.00
[2026-09-02T18:49:21.462+00:00][A] [INFO] [RF RX] type=3 source=0x02 destination=0x01 previousHop=0x02 sequence=83 ackSequence=78 ttl=8 hops=0 payloadSize=2 rssi=-58 snr=9.50
[2026-09-02T18:49:21.463+00:00][A] [INFO] ACK_RX seq=78 source=0x02
[2026-09-02T18:49:21.465+00:00][A] [INFO] TEST_DATA_QUEUED dst=0x02 seq=79 remaining=66
[2026-09-02T18:49:21.520+00:00][A] [INFO] [RF TX] type=1 source=0x01 destination=0x02 previousHop=0x01 sequence=79 ackSequence=0 ttl=8 hops=0 payloadSize=4 rssi=0 snr=0.00
[2026-09-02T18:49:21.522+00:00][B] [INFO] [RF RX] type=1 source=0x01 destination=0x02 previousHop=0x01 sequence=79 ackSequence=0 ttl=8 hops=0 payloadSize=4 rssi=-63 snr=9.50
[2026-09-02T18:49:21.579+00:00][B] [INFO] [RF TX] type=3 source=0x02 destination=0x01 previousHop=0x02 sequence=84 ackSequence=79 ttl=8 hops=0 payloadSize=2 rssi=0 snr=0.00
[2026-09-02T18:49:21.586+00:00][A] [INFO] [RF RX] type=3 source=0x02 destination=0x01 previousHop=0x02 sequence=84 ackSequence=79 ttl=8 hops=0 payloadSize=2 rssi=-59 snr=9.75
[2026-09-02T18:49:21.586+00:00][A] [INFO] ACK_RX seq=79 source=0x02
[2026-09-02T18:49:21.589+00:00][A] [INFO] TEST_DATA_QUEUED dst=0x02 seq=80 remaining=65
[2026-09-02T18:49:21.644+00:00][A] [INFO] [RF TX] type=1 source=0x01 destination=0x02 previousHop=0x01 sequence=80 ackSequence=0 ttl=8 hops=0 payloadSize=4 rssi=0 snr=0.00
[2026-09-02T18:49:21.646+00:00][B] [INFO] [RF RX] type=1 source=0x01 destination=0x02 previousHop=0x01 sequence=80 ackSequence=0 ttl=8 hops=0 payloadSize=4 rssi=-63 snr=9.25
[2026-09-02T18:49:21.703+00:00][B] [INFO] [RF TX] type=3 source=0x02 destination=0x01 previousHop=0x02 sequence=85 ackSequence=80 ttl=8 hops=0 payloadSize=2 rssi=0 snr=0.00
[2026-09-02T18:49:21.709+00:00][A] [INFO] [RF RX] type=3 source=0x02 destination=0x01 previousHop=0x02 sequence=85 ackSequence=80 ttl=8 hops=0 payloadSize=2 rssi=-59 snr=9.50
[2026-09-02T18:49:21.710+00:00][A] [INFO] ACK_RX seq=80 source=0x02
[2026-09-02T18:49:21.713+00:00][A] [INFO] TEST_DATA_QUEUED dst=0x02 seq=81 remaining=64
[2026-09-02T18:49:21.767+00:00][A] [INFO] [RF TX] type=1 source=0x01 destination=0x02 previousHop=0x01 sequence=81 ackSequence=0 ttl=8 hops=0 payloadSize=4 rssi=0 snr=0.00
[2026-09-02T18:49:21.769+00:00][B] [INFO] [RF RX] type=1 source=0x01 destination=0x02 previousHop=0x01 sequence=81 ackSequence=0 ttl=8 hops=0 payloadSize=4 rssi=-62 snr=9.50
[2026-09-02T18:49:21.827+00:00][B] [INFO] [RF TX] type=3 source=0x02 destination=0x01 previousHop=0x02 sequence=86 ackSequence=81 ttl=8 hops=0 payloadSize=2 rssi=0 snr=0.00
[2026-09-02T18:49:21.833+00:00][A] [INFO] [RF RX] type=3 source=0x02 destination=0x01 previousHop=0x02 sequence=86 ackSequence=81 ttl=8 hops=0 payloadSize=2 rssi=-59 snr=9.75
[2026-09-02T18:49:21.833+00:00][A] [INFO] ACK_RX seq=81 source=0x02
[2026-09-02T18:49:21.836+00:00][A] [INFO] TEST_DATA_QUEUED dst=0x02 seq=82 remaining=63
[2026-09-02T18:49:21.891+00:00][A] [INFO] [RF TX] type=1 source=0x01 destination=0x02 previousHop=0x01 sequence=82 ackSequence=0 ttl=8 hops=0 payloadSize=4 rssi=0 snr=0.00
[2026-09-02T18:49:21.893+00:00][B] [INFO] [RF RX] type=1 source=0x01 destination=0x02 previousHop=0x01 sequence=82 ackSequence=0 ttl=8 hops=0 payloadSize=4 rssi=-62 snr=9.50
[2026-09-02T18:49:21.951+00:00][B] [INFO] [RF TX] type=3 source=0x02 destination=0x01 previousHop=0x02 sequence=87 ackSequence=82 ttl=8 hops=0 payloadSize=2 rssi=0 snr=0.00
[2026-09-02T18:49:21.961+00:00][A] [INFO] --------------------------------
[2026-09-02T18:49:21.962+00:00][A] [INFO] [HEARTBEAT TX]
[2026-09-02T18:49:21.966+00:00][A] [INFO] Node ID: 1
[2026-09-02T18:49:21.967+00:00][A] [INFO] type: 2
[2026-09-02T18:49:21.967+00:00][A] [INFO] Destination: 0xFF
[2026-09-02T18:49:21.972+00:00][A] [INFO] Sequence: 83
[2026-09-02T18:49:21.972+00:00][A] [INFO] Packet ID: 45
[2026-09-02T18:49:21.973+00:00][A] [INFO] Packet Size: 26
[2026-09-02T18:49:21.978+00:00][A] [INFO] Timestamp: 45 ms
[2026-09-02T18:49:21.978+00:00][A] [INFO] Transmission Result: success
[2026-09-02T18:49:21.983+00:00][A] [INFO] --------------------------------
[2026-09-02T18:49:21.984+00:00][A] [INFO] [Heartbeat #45]
[2026-09-02T18:49:21.989+00:00][A] [INFO] Sent
[2026-09-02T18:49:21.989+00:00][A] [INFO] Waiting ACK...
[2026-09-02T18:49:21.989+00:00][A] [INFO] [WAITING ACK]
[2026-09-02T18:49:22.003+00:00][A] [INFO] [RF TX] type=2 source=0x01 destination=0xFF previousHop=0x01 sequence=83 ackSequence=0 ttl=8 hops=0 payloadSize=13 rssi=0 snr=0.00
[2026-09-02T18:49:22.004+00:00][A] [INFO] Heartbeat packet sent
[2026-09-02T18:49:22.219+00:00][B] [WARN] Retry 1
[2026-09-02T18:49:22.286+00:00][B] [INFO] --------------------------------
[2026-09-02T18:49:22.287+00:00][B] [INFO] [HEARTBEAT TX]
[2026-09-02T18:49:22.291+00:00][B] [INFO] Node ID: 2
[2026-09-02T18:49:22.292+00:00][B] [INFO] type: 2
[2026-09-02T18:49:22.292+00:00][B] [INFO] Destination: 0xFF
[2026-09-02T18:49:22.295+00:00][A] [INFO] [RF RX] type=2 source=0x02 destination=0xFF previousHop=0x02 sequence=82 ackSequence=0 ttl=8 hops=0 payloadSize=13 rssi=-58 snr=9.50
[2026-09-02T18:49:22.297+00:00][B] [INFO] Sequence: 82
[2026-09-02T18:49:22.297+00:00][B] [INFO] Packet ID: 40
[2026-09-02T18:49:22.298+00:00][B] [INFO] Packet Size: 26
[2026-09-02T18:49:22.303+00:00][B] [INFO] Timestamp: 40 ms
[2026-09-02T18:49:22.303+00:00][B] [INFO] Transmission Result: success
[2026-09-02T18:49:22.308+00:00][B] [INFO] --------------------------------
[2026-09-02T18:49:22.309+00:00][B] [INFO] [Heartbeat #40]
[2026-09-02T18:49:22.314+00:00][B] [INFO] Sent
[2026-09-02T18:49:22.314+00:00][B] [INFO] Waiting ACK...
[2026-09-02T18:49:22.315+00:00][B] [INFO] [WAITING ACK]
[2026-09-02T18:49:22.328+00:00][B] [INFO] [RF TX] type=2 source=0x02 destination=0xFF previousHop=0x02 sequence=82 ackSequence=0 ttl=8 hops=0 payloadSize=13 rssi=0 snr=0.00
[2026-09-02T18:49:22.328+00:00][B] [INFO] Heartbeat packet sent
[2026-09-02T18:49:22.892+00:00][A] [WARN] TX_RETRY seq=82
[2026-09-02T18:49:22.954+00:00][A] [INFO] [RF TX] type=1 source=0x01 destination=0x02 previousHop=0x01 sequence=82 ackSequence=0 ttl=8 hops=0 payloadSize=4 rssi=0 snr=0.00
[2026-09-02T18:49:22.978+00:00][A] [WARN] Retry 1
[2026-09-02T18:49:23.003+00:00][B] [INFO] [RF TX] type=3 source=0x02 destination=0x01 previousHop=0x02 sequence=88 ackSequence=82 ttl=8 hops=0 payloadSize=2 rssi=0 snr=0.00
[2026-09-02T18:49:23.045+00:00][A] [INFO] --------------------------------
[2026-09-02T18:49:23.045+00:00][A] [INFO] [HEARTBEAT TX]
[2026-09-02T18:49:23.050+00:00][A] [INFO] Node ID: 1
[2026-09-02T18:49:23.051+00:00][A] [INFO] type: 2
[2026-09-02T18:49:23.051+00:00][A] [INFO] Destination: 0xFF
[2026-09-02T18:49:23.056+00:00][A] [INFO] Sequence: 83
[2026-09-02T18:49:23.056+00:00][A] [INFO] Packet ID: 45
[2026-09-02T18:49:23.057+00:00][A] [INFO] Packet Size: 26
[2026-09-02T18:49:23.062+00:00][A] [INFO] Timestamp: 45 ms
[2026-09-02T18:49:23.062+00:00][A] [INFO] Transmission Result: success
[2026-09-02T18:49:23.067+00:00][A] [INFO] --------------------------------
[2026-09-02T18:49:23.068+00:00][A] [INFO] [Heartbeat #45]
[2026-09-02T18:49:23.073+00:00][A] [INFO] Sent
[2026-09-02T18:49:23.073+00:00][A] [INFO] Waiting ACK...
[2026-09-02T18:49:23.073+00:00][A] [INFO] [WAITING ACK]
[2026-09-02T18:49:23.087+00:00][A] [INFO] [RF TX] type=2 source=0x01 destination=0xFF previousHop=0x01 sequence=83 ackSequence=0 ttl=8 hops=0 payloadSize=13 rssi=0 snr=0.00
[2026-09-02T18:49:23.087+00:00][A] [INFO] Heartbeat packet sent
[2026-09-02T18:49:23.203+00:00][B] [INFO] --------------------------------
[2026-09-02T18:49:23.203+00:00][B] [INFO] [HEARTBEAT TX]
[2026-09-02T18:49:23.207+00:00][B] [INFO] Node ID: 2
[2026-09-02T18:49:23.208+00:00][B] [INFO] type: 2
[2026-09-02T18:49:23.208+00:00][B] [INFO] Destination: 0xFF
[2026-09-02T18:49:23.211+00:00][A] [INFO] [RF RX] type=2 source=0x02 destination=0xFF previousHop=0x02 sequence=89 ackSequence=0 ttl=8 hops=0 payloadSize=13 rssi=-57 snr=9.50
[2026-09-02T18:49:23.214+00:00][B] [INFO] Sequence: 89
[2026-09-02T18:49:23.215+00:00][B] [INFO] Packet ID: 41
[2026-09-02T18:49:23.215+00:00][B] [INFO] Packet Size: 26
[2026-09-02T18:49:23.218+00:00][B] [INFO] Timestamp: 41 ms
[2026-09-02T18:49:23.219+00:00][B] [INFO] Transmission Result: success
[2026-09-02T18:49:23.224+00:00][B] [INFO] --------------------------------
[2026-09-02T18:49:23.224+00:00][B] [INFO] [Heartbeat #41]
[2026-09-02T18:49:23.230+00:00][B] [INFO] Sent
[2026-09-02T18:49:23.230+00:00][B] [INFO] Waiting ACK...
[2026-09-02T18:49:23.230+00:00][B] [INFO] [WAITING ACK]
[2026-09-02T18:49:23.244+00:00][B] [INFO] [RF TX] type=2 source=0x02 destination=0xFF previousHop=0x02 sequence=89 ackSequence=0 ttl=8 hops=0 payloadSize=13 rssi=0 snr=0.00
[2026-09-02T18:49:23.244+00:00][B] [INFO] Heartbeat packet sent
[2026-09-02T18:49:23.961+00:00][A] [INFO] --------------------------------
[2026-09-02T18:49:23.962+00:00][A] [INFO] [HEARTBEAT TX]
[2026-09-02T18:49:23.966+00:00][A] [INFO] Node ID: 1
[2026-09-02T18:49:23.967+00:00][A] [INFO] type: 2
[2026-09-02T18:49:23.967+00:00][A] [INFO] Destination: 0xFF
[2026-09-02T18:49:23.970+00:00][B] [INFO] [RF RX] type=2 source=0x01 destination=0xFF previousHop=0x01 sequence=84 ackSequence=0 ttl=8 hops=0 payloadSize=13 rssi=-61 snr=10.00
[2026-09-02T18:49:23.972+00:00][A] [INFO] Sequence: 84
[2026-09-02T18:49:23.972+00:00][A] [INFO] Packet ID: 46
[2026-09-02T18:49:23.973+00:00][A] [INFO] Packet Size: 26
[2026-09-02T18:49:23.978+00:00][A] [INFO] Timestamp: 46 ms
[2026-09-02T18:49:23.978+00:00][A] [INFO] Transmission Result: success
[2026-09-02T18:49:23.983+00:00][A] [INFO] --------------------------------
[2026-09-02T18:49:23.984+00:00][A] [INFO] [Heartbeat #46]
[2026-09-02T18:49:23.989+00:00][A] [INFO] Sent
[2026-09-02T18:49:23.989+00:00][A] [INFO] Waiting ACK...
[2026-09-02T18:49:23.989+00:00][A] [INFO] [WAITING ACK]
[2026-09-02T18:49:24.005+00:00][A] [INFO] [RF TX] type=2 source=0x01 destination=0xFF previousHop=0x01 sequence=84 ackSequence=0 ttl=8 hops=0 payloadSize=13 rssi=0 snr=0.00
[2026-09-02T18:49:24.005+00:00][A] [INFO] Heartbeat packet sent
[2026-09-02T18:49:24.005+00:00][A] [WARN] TX_RETRY seq=82
[2026-09-02T18:49:24.062+00:00][A] [INFO] [RF TX] type=1 source=0x01 destination=0x02 previousHop=0x01 sequence=82 ackSequence=0 ttl=8 hops=0 payloadSize=4 rssi=0 snr=0.00
[2026-09-02T18:49:24.111+00:00][B] [INFO] [RF TX] type=3 source=0x02 destination=0x01 previousHop=0x02 sequence=90 ackSequence=82 ttl=8 hops=0 payloadSize=2 rssi=0 snr=0.00
[2026-09-02T18:49:24.219+00:00][B] [WARN] Retry 1
[2026-09-02T18:49:24.286+00:00][B] [INFO] --------------------------------
[2026-09-02T18:49:24.287+00:00][B] [INFO] [HEARTBEAT TX]
[2026-09-02T18:49:24.291+00:00][B] [INFO] Node ID: 2
[2026-09-02T18:49:24.292+00:00][B] [INFO] type: 2
[2026-09-02T18:49:24.292+00:00][B] [INFO] Destination: 0xFF
[2026-09-02T18:49:24.295+00:00][A] [INFO] [RF RX] type=2 source=0x02 destination=0xFF previousHop=0x02 sequence=89 ackSequence=0 ttl=8 hops=0 payloadSize=13 rssi=-57 snr=9.50
[2026-09-02T18:49:24.297+00:00][B] [INFO] Sequence: 89
[2026-09-02T18:49:24.298+00:00][B] [INFO] Packet ID: 41
[2026-09-02T18:49:24.298+00:00][B] [INFO] Packet Size: 26
[2026-09-02T18:49:24.303+00:00][B] [INFO] Timestamp: 41 ms
[2026-09-02T18:49:24.303+00:00][B] [INFO] Transmission Result: success
[2026-09-02T18:49:24.308+00:00][B] [INFO] --------------------------------
[2026-09-02T18:49:24.309+00:00][B] [INFO] [Heartbeat #41]
[2026-09-02T18:49:24.314+00:00][B] [INFO] Sent
[2026-09-02T18:49:24.315+00:00][B] [INFO] Waiting ACK...
[2026-09-02T18:49:24.315+00:00][B] [INFO] [WAITING ACK]
[2026-09-02T18:49:24.328+00:00][B] [INFO] [RF TX] type=2 source=0x02 destination=0xFF previousHop=0x02 sequence=89 ackSequence=0 ttl=8 hops=0 payloadSize=13 rssi=0 snr=0.00
[2026-09-02T18:49:24.328+00:00][B] [INFO] Heartbeat packet sent
[2026-09-02T18:49:24.978+00:00][A] [WARN] Retry 1
[2026-09-02T18:49:25.045+00:00][A] [INFO] --------------------------------
[2026-09-02T18:49:25.046+00:00][A] [INFO] [HEARTBEAT TX]
[2026-09-02T18:49:25.050+00:00][A] [INFO] Node ID: 1
[2026-09-02T18:49:25.051+00:00][A] [INFO] type: 2
[2026-09-02T18:49:25.051+00:00][A] [INFO] Destination: 0xFF
[2026-09-02T18:49:25.054+00:00][B] [INFO] [RF RX] type=2 source=0x01 destination=0xFF previousHop=0x01 sequence=84 ackSequence=0 ttl=8 hops=0 payloadSize=13 rssi=-60 snr=10.00
[2026-09-02T18:49:25.056+00:00][A] [INFO] Sequence: 84
[2026-09-02T18:49:25.056+00:00][A] [INFO] Packet ID: 46
[2026-09-02T18:49:25.056+00:00][A] [INFO] Packet Size: 26
[2026-09-02T18:49:25.062+00:00][A] [INFO] Timestamp: 46 ms
[2026-09-02T18:49:25.062+00:00][A] [INFO] Transmission Result: success
[2026-09-02T18:49:25.067+00:00][A] [INFO] --------------------------------
[2026-09-02T18:49:25.068+00:00][A] [INFO] [Heartbeat #46]
[2026-09-02T18:49:25.073+00:00][A] [INFO] Sent
[2026-09-02T18:49:25.073+00:00][A] [INFO] Waiting ACK...
[2026-09-02T18:49:25.073+00:00][A] [INFO] [WAITING ACK]
[2026-09-02T18:49:25.089+00:00][A] [INFO] [RF TX] type=2 source=0x01 destination=0xFF previousHop=0x01 sequence=84 ackSequence=0 ttl=8 hops=0 payloadSize=13 rssi=0 snr=0.00
[2026-09-02T18:49:25.089+00:00][A] [INFO] Heartbeat packet sent
[2026-09-02T18:49:25.089+00:00][A] [WARN] TX_RETRY seq=82
[2026-09-02T18:49:25.146+00:00][A] [INFO] [RF TX] type=1 source=0x01 destination=0x02 previousHop=0x01 sequence=82 ackSequence=0 ttl=8 hops=0 payloadSize=4 rssi=0 snr=0.00
[2026-09-02T18:49:25.202+00:00][B] [INFO] --------------------------------
[2026-09-02T18:49:25.203+00:00][B] [INFO] [HEARTBEAT TX]
[2026-09-02T18:49:25.207+00:00][B] [INFO] Node ID: 2
[2026-09-02T18:49:25.208+00:00][B] [INFO] type: 2
[2026-09-02T18:49:25.208+00:00][B] [INFO] Destination: 0xFF
[2026-09-02T18:49:25.213+00:00][B] [INFO] Sequence: 91
[2026-09-02T18:49:25.213+00:00][B] [INFO] Packet ID: 42
[2026-09-02T18:49:25.213+00:00][B] [INFO] Packet Size: 26
[2026-09-02T18:49:25.218+00:00][B] [INFO] Timestamp: 42 ms
[2026-09-02T18:49:25.219+00:00][B] [INFO] Transmission Result: success
[2026-09-02T18:49:25.224+00:00][B] [INFO] --------------------------------
[2026-09-02T18:49:25.224+00:00][B] [INFO] [Heartbeat #42]
[2026-09-02T18:49:25.230+00:00][B] [INFO] Sent
[2026-09-02T18:49:25.230+00:00][B] [INFO] Waiting ACK...
[2026-09-02T18:49:25.230+00:00][B] [INFO] [WAITING ACK]
[2026-09-02T18:49:25.244+00:00][B] [INFO] [RF TX] type=2 source=0x02 destination=0xFF previousHop=0x02 sequence=91 ackSequence=0 ttl=8 hops=0 payloadSize=13 rssi=0 snr=0.00
[2026-09-02T18:49:25.246+00:00][B] [INFO] Heartbeat packet sent
[2026-09-02T18:49:25.962+00:00][A] [INFO] --------------------------------
[2026-09-02T18:49:25.965+00:00][A] [INFO] [HEARTBEAT TX]
[2026-09-02T18:49:25.966+00:00][A] [INFO] Node ID: 1
[2026-09-02T18:49:25.966+00:00][A] [INFO] type: 2
[2026-09-02T18:49:25.967+00:00][A] [INFO] Destination: 0xFF
[2026-09-02T18:49:25.970+00:00][B] [INFO] [RF RX] type=2 source=0x01 destination=0xFF previousHop=0x01 sequence=85 ackSequence=0 ttl=8 hops=0 payloadSize=13 rssi=-60 snr=9.75
[2026-09-02T18:49:25.972+00:00][A] [INFO] Sequence: 85
[2026-09-02T18:49:25.972+00:00][A] [INFO] Packet ID: 47
[2026-09-02T18:49:25.972+00:00][A] [INFO] Packet Size: 26
[2026-09-02T18:49:25.978+00:00][A] [INFO] Timestamp: 47 ms
[2026-09-02T18:49:25.978+00:00][A] [INFO] Transmission Result: success
[2026-09-02T18:49:25.983+00:00][A] [INFO] --------------------------------
[2026-09-02T18:49:25.984+00:00][A] [INFO] [Heartbeat #47]
[2026-09-02T18:49:25.989+00:00][A] [INFO] Sent
[2026-09-02T18:49:25.989+00:00][A] [INFO] Waiting ACK...
[2026-09-02T18:49:25.989+00:00][A] [INFO] [WAITING ACK]
[2026-09-02T18:49:26.003+00:00][A] [INFO] [RF TX] type=2 source=0x01 destination=0xFF previousHop=0x01 sequence=85 ackSequence=0 ttl=8 hops=0 payloadSize=13 rssi=0 snr=0.00
[2026-09-02T18:49:26.003+00:00][A] [INFO] Heartbeat packet sent
[2026-09-02T18:49:26.150+00:00][A] [ERROR] TX_FAILED
[2026-09-02T18:49:26.150+00:00][A] [WARN] ACK_FAILED seq=82
[2026-09-02T18:49:26.153+00:00][A] [INFO] TEST_DATA_QUEUED dst=0x02 seq=86 remaining=62
[2026-09-02T18:49:26.209+00:00][A] [INFO] [RF TX] type=1 source=0x01 destination=0x02 previousHop=0x01 sequence=86 ackSequence=0 ttl=8 hops=0 payloadSize=4 rssi=0 snr=0.00
[2026-09-02T18:49:26.211+00:00][B] [INFO] [RF RX] type=1 source=0x01 destination=0x02 previousHop=0x01 sequence=86 ackSequence=0 ttl=8 hops=0 payloadSize=4 rssi=-61 snr=9.75
[2026-09-02T18:49:26.270+00:00][B] [INFO] [RF TX] type=3 source=0x02 destination=0x01 previousHop=0x02 sequence=92 ackSequence=86 ttl=8 hops=0 payloadSize=2 rssi=0 snr=0.00
[2026-09-02T18:49:26.270+00:00][B] [WARN] Retry 1
[2026-09-02T18:49:26.275+00:00][A] [INFO] [RF RX] type=3 source=0x02 destination=0x01 previousHop=0x02 sequence=92 ackSequence=86 ttl=8 hops=0 payloadSize=2 rssi=-57 snr=9.75
[2026-09-02T18:49:26.275+00:00][A] [INFO] ACK_RX seq=86 source=0x02
[2026-09-02T18:49:26.278+00:00][A] [INFO] TEST_DATA_QUEUED dst=0x02 seq=87 remaining=61
[2026-09-02T18:49:26.333+00:00][A] [INFO] [RF TX] type=1 source=0x01 destination=0x02 previousHop=0x01 sequence=87 ackSequence=0 ttl=8 hops=0 payloadSize=4 rssi=0 snr=0.00
[2026-09-02T18:49:26.335+00:00][B] [INFO] --------------------------------
[2026-09-02T18:49:26.335+00:00][B] [INFO] [HEARTBEAT TX]
[2026-09-02T18:49:26.341+00:00][B] [INFO] Node ID: 2
[2026-09-02T18:49:26.341+00:00][B] [INFO] type: 2
[2026-09-02T18:49:26.341+00:00][B] [INFO] Destination: 0xFF
[2026-09-02T18:49:26.347+00:00][B] [INFO] Sequence: 91
[2026-09-02T18:49:26.347+00:00][B] [INFO] Packet ID: 42
[2026-09-02T18:49:26.347+00:00][B] [INFO] Packet Size: 26
[2026-09-02T18:49:26.352+00:00][B] [INFO] Timestamp: 42 ms
[2026-09-02T18:49:26.352+00:00][B] [INFO] Transmission Result: success
[2026-09-02T18:49:26.358+00:00][B] [INFO] --------------------------------
[2026-09-02T18:49:26.358+00:00][B] [INFO] [Heartbeat #42]
[2026-09-02T18:49:26.363+00:00][B] [INFO] Sent
[2026-09-02T18:49:26.363+00:00][B] [INFO] Waiting ACK...
[2026-09-02T18:49:26.363+00:00][B] [INFO] [WAITING ACK]
[2026-09-02T18:49:26.377+00:00][B] [INFO] [RF TX] type=2 source=0x02 destination=0xFF previousHop=0x02 sequence=91 ackSequence=0 ttl=8 hops=0 payloadSize=13 rssi=0 snr=0.00
[2026-09-02T18:49:26.377+00:00][B] [INFO] Heartbeat packet sent
[2026-09-02T18:49:26.978+00:00][A] [WARN] Retry 1
[2026-09-02T18:49:27.045+00:00][A] [INFO] --------------------------------
[2026-09-02T18:49:27.045+00:00][A] [INFO] [HEARTBEAT TX]
[2026-09-02T18:49:27.050+00:00][A] [INFO] Node ID: 1
[2026-09-02T18:49:27.051+00:00][A] [INFO] type: 2
[2026-09-02T18:49:27.051+00:00][A] [INFO] Destination: 0xFF
[2026-09-02T18:49:27.054+00:00][B] [INFO] [RF RX] type=2 source=0x01 destination=0xFF previousHop=0x01 sequence=85 ackSequence=0 ttl=8 hops=0 payloadSize=13 rssi=-61 snr=9.75
[2026-09-02T18:49:27.056+00:00][A] [INFO] Sequence: 85
[2026-09-02T18:49:27.056+00:00][A] [INFO] Packet ID: 47
[2026-09-02T18:49:27.056+00:00][A] [INFO] Packet Size: 26
[2026-09-02T18:49:27.061+00:00][A] [INFO] Timestamp: 47 ms
[2026-09-02T18:49:27.062+00:00][A] [INFO] Transmission Result: success
[2026-09-02T18:49:27.067+00:00][A] [INFO] --------------------------------
[2026-09-02T18:49:27.067+00:00][A] [INFO] [Heartbeat #47]
[2026-09-02T18:49:27.073+00:00][A] [INFO] Sent
[2026-09-02T18:49:27.073+00:00][A] [INFO] Waiting ACK...
[2026-09-02T18:49:27.073+00:00][A] [INFO] [WAITING ACK]
[2026-09-02T18:49:27.087+00:00][A] [INFO] [RF TX] type=2 source=0x01 destination=0xFF previousHop=0x01 sequence=85 ackSequence=0 ttl=8 hops=0 payloadSize=13 rssi=0 snr=0.00
[2026-09-02T18:49:27.088+00:00][A] [INFO] Heartbeat packet sent
[2026-09-02T18:49:27.202+00:00][B] [INFO] --------------------------------
[2026-09-02T18:49:27.203+00:00][B] [INFO] [HEARTBEAT TX]
[2026-09-02T18:49:27.207+00:00][B] [INFO] Node ID: 2
[2026-09-02T18:49:27.207+00:00][B] [INFO] type: 2
[2026-09-02T18:49:27.208+00:00][B] [INFO] Destination: 0xFF
[2026-09-02T18:49:27.211+00:00][A] [INFO] [RF RX] type=2 source=0x02 destination=0xFF previousHop=0x02 sequence=93 ackSequence=0 ttl=8 hops=0 payloadSize=13 rssi=-58 snr=9.50
[2026-09-02T18:49:27.213+00:00][B] [INFO] Sequence: 93
[2026-09-02T18:49:27.213+00:00][B] [INFO] Packet ID: 43
[2026-09-02T18:49:27.214+00:00][B] [INFO] Packet Size: 26
[2026-09-02T18:49:27.218+00:00][B] [INFO] Timestamp: 43 ms
[2026-09-02T18:49:27.219+00:00][B] [INFO] Transmission Result: success
[2026-09-02T18:49:27.224+00:00][B] [INFO] --------------------------------
[2026-09-02T18:49:27.224+00:00][B] [INFO] [Heartbeat #43]
[2026-09-02T18:49:27.229+00:00][B] [INFO] Sent
[2026-09-02T18:49:27.230+00:00][B] [INFO] Waiting ACK...
[2026-09-02T18:49:27.230+00:00][B] [INFO] [WAITING ACK]
[2026-09-02T18:49:27.244+00:00][B] [INFO] [RF TX] type=2 source=0x02 destination=0xFF previousHop=0x02 sequence=93 ackSequence=0 ttl=8 hops=0 payloadSize=13 rssi=0 snr=0.00
[2026-09-02T18:49:27.244+00:00][B] [INFO] Heartbeat packet sent
[2026-09-02T18:49:27.335+00:00][A] [WARN] TX_RETRY seq=87
[2026-09-02T18:49:27.396+00:00][A] [INFO] [RF TX] type=1 source=0x01 destination=0x02 previousHop=0x01 sequence=87 ackSequence=0 ttl=8 hops=0 payloadSize=4 rssi=0 snr=0.00
[2026-09-02T18:49:27.398+00:00][B] [INFO] [RF RX] type=1 source=0x01 destination=0x02 previousHop=0x01 sequence=87 ackSequence=0 ttl=8 hops=0 payloadSize=4 rssi=-62 snr=10.00
[2026-09-02T18:49:27.455+00:00][B] [INFO] [RF TX] type=3 source=0x02 destination=0x01 previousHop=0x02 sequence=94 ackSequence=87 ttl=8 hops=0 payloadSize=2 rssi=0 snr=0.00
[2026-09-02T18:49:27.461+00:00][A] [INFO] [RF RX] type=3 source=0x02 destination=0x01 previousHop=0x02 sequence=94 ackSequence=87 ttl=8 hops=0 payloadSize=2 rssi=-58 snr=9.25
[2026-09-02T18:49:27.462+00:00][A] [INFO] ACK_RX seq=87 source=0x02
[2026-09-02T18:49:27.465+00:00][A] [INFO] TEST_DATA_QUEUED dst=0x02 seq=88 remaining=60
[2026-09-02T18:49:27.520+00:00][A] [INFO] [RF TX] type=1 source=0x01 destination=0x02 previousHop=0x01 sequence=88 ackSequence=0 ttl=8 hops=0 payloadSize=4 rssi=0 snr=0.00
[2026-09-02T18:49:27.522+00:00][B] [INFO] [RF RX] type=1 source=0x01 destination=0x02 previousHop=0x01 sequence=88 ackSequence=0 ttl=8 hops=0 payloadSize=4 rssi=-62 snr=9.75
[2026-09-02T18:49:27.579+00:00][B] [INFO] [RF TX] type=3 source=0x02 destination=0x01 previousHop=0x02 sequence=95 ackSequence=88 ttl=8 hops=0 payloadSize=2 rssi=0 snr=0.00
[2026-09-02T18:49:27.585+00:00][A] [INFO] [RF RX] type=3 source=0x02 destination=0x01 previousHop=0x02 sequence=95 ackSequence=88 ttl=8 hops=0 payloadSize=2 rssi=-58 snr=9.50
[2026-09-02T18:49:27.586+00:00][A] [INFO] ACK_RX seq=88 source=0x02
[2026-09-02T18:49:27.589+00:00][A] [INFO] TEST_DATA_QUEUED dst=0x02 seq=89 remaining=59
[2026-09-02T18:49:27.644+00:00][A] [INFO] [RF TX] type=1 source=0x01 destination=0x02 previousHop=0x01 sequence=89 ackSequence=0 ttl=8 hops=0 payloadSize=4 rssi=0 snr=0.00
[2026-09-02T18:49:27.646+00:00][B] [INFO] [RF RX] type=1 source=0x01 destination=0x02 previousHop=0x01 sequence=89 ackSequence=0 ttl=8 hops=0 payloadSize=4 rssi=-61 snr=9.75
[2026-09-02T18:49:27.703+00:00][B] [INFO] [RF TX] type=3 source=0x02 destination=0x01 previousHop=0x02 sequence=96 ackSequence=89 ttl=8 hops=0 payloadSize=2 rssi=0 snr=0.00
[2026-09-02T18:49:27.709+00:00][A] [INFO] [RF RX] type=3 source=0x02 destination=0x01 previousHop=0x02 sequence=96 ackSequence=89 ttl=8 hops=0 payloadSize=2 rssi=-59 snr=10.00
[2026-09-02T18:49:27.710+00:00][A] [INFO] ACK_RX seq=89 source=0x02
[2026-09-02T18:49:27.713+00:00][A] [INFO] TEST_DATA_QUEUED dst=0x02 seq=90 remaining=58
[2026-09-02T18:49:27.768+00:00][A] [INFO] [RF TX] type=1 source=0x01 destination=0x02 previousHop=0x01 sequence=90 ackSequence=0 ttl=8 hops=0 payloadSize=4 rssi=0 snr=0.00
[2026-09-02T18:49:27.770+00:00][B] [INFO] [RF RX] type=1 source=0x01 destination=0x02 previousHop=0x01 sequence=90 ackSequence=0 ttl=8 hops=0 payloadSize=4 rssi=-62 snr=10.00
[2026-09-02T18:49:27.827+00:00][B] [INFO] [RF TX] type=3 source=0x02 destination=0x01 previousHop=0x02 sequence=97 ackSequence=90 ttl=8 hops=0 payloadSize=2 rssi=0 snr=0.00
[2026-09-02T18:49:27.833+00:00][A] [INFO] [RF RX] type=3 source=0x02 destination=0x01 previousHop=0x02 sequence=97 ackSequence=90 ttl=8 hops=0 payloadSize=2 rssi=-58 snr=9.75
[2026-09-02T18:49:27.834+00:00][A] [INFO] ACK_RX seq=90 source=0x02
[2026-09-02T18:49:27.837+00:00][A] [INFO] TEST_DATA_QUEUED dst=0x02 seq=91 remaining=57
[2026-09-02T18:49:27.891+00:00][A] [INFO] [RF TX] type=1 source=0x01 destination=0x02 previousHop=0x01 sequence=91 ackSequence=0 ttl=8 hops=0 payloadSize=4 rssi=0 snr=0.00
[2026-09-02T18:49:27.893+00:00][B] [INFO] [RF RX] type=1 source=0x01 destination=0x02 previousHop=0x01 sequence=91 ackSequence=0 ttl=8 hops=0 payloadSize=4 rssi=-62 snr=10.00
[2026-09-02T18:49:27.951+00:00][B] [INFO] [RF TX] type=3 source=0x02 destination=0x01 previousHop=0x02 sequence=98 ackSequence=91 ttl=8 hops=0 payloadSize=2 rssi=0 snr=0.00
[2026-09-02T18:49:27.961+00:00][A] [INFO] --------------------------------
[2026-09-02T18:49:27.962+00:00][A] [INFO] [HEARTBEAT TX]
[2026-09-02T18:49:27.966+00:00][A] [INFO] Node ID: 1
[2026-09-02T18:49:27.967+00:00][A] [INFO] type: 2
[2026-09-02T18:49:27.967+00:00][A] [INFO] Destination: 0xFF
[2026-09-02T18:49:27.972+00:00][A] [INFO] Sequence: 92
[2026-09-02T18:49:27.972+00:00][A] [INFO] Packet ID: 48
[2026-09-02T18:49:27.973+00:00][A] [INFO] Packet Size: 26
[2026-09-02T18:49:27.978+00:00][A] [INFO] Timestamp: 48 ms
[2026-09-02T18:49:27.978+00:00][A] [INFO] Transmission Result: success
[2026-09-02T18:49:27.983+00:00][A] [INFO] --------------------------------
[2026-09-02T18:49:27.984+00:00][A] [INFO] [Heartbeat #48]
[2026-09-02T18:49:27.988+00:00][A] [INFO] Sent
[2026-09-02T18:49:27.989+00:00][A] [INFO] Waiting ACK...
[2026-09-02T18:49:27.989+00:00][A] [INFO] [WAITING ACK]
[2026-09-02T18:49:28.003+00:00][A] [INFO] [RF TX] type=2 source=0x01 destination=0xFF previousHop=0x01 sequence=92 ackSequence=0 ttl=8 hops=0 payloadSize=13 rssi=0 snr=0.00
[2026-09-02T18:49:28.003+00:00][A] [INFO] Heartbeat packet sent
[2026-09-02T18:49:28.219+00:00][B] [WARN] Retry 1
[2026-09-02T18:49:28.286+00:00][B] [INFO] --------------------------------
[2026-09-02T18:49:28.286+00:00][B] [INFO] [HEARTBEAT TX]
[2026-09-02T18:49:28.291+00:00][B] [INFO] Node ID: 2
[2026-09-02T18:49:28.291+00:00][B] [INFO] type: 2
[2026-09-02T18:49:28.291+00:00][B] [INFO] Destination: 0xFF
[2026-09-02T18:49:28.294+00:00][A] [INFO] [RF RX] type=2 source=0x02 destination=0xFF previousHop=0x02 sequence=93 ackSequence=0 ttl=8 hops=0 payloadSize=13 rssi=-58 snr=9.50
[2026-09-02T18:49:28.296+00:00][B] [INFO] Sequence: 93
[2026-09-02T18:49:28.297+00:00][B] [INFO] Packet ID: 43
[2026-09-02T18:49:28.297+00:00][B] [INFO] Packet Size: 26
[2026-09-02T18:49:28.302+00:00][B] [INFO] Timestamp: 43 ms
[2026-09-02T18:49:28.302+00:00][B] [INFO] Transmission Result: success
[2026-09-02T18:49:28.308+00:00][B] [INFO] --------------------------------
[2026-09-02T18:49:28.308+00:00][B] [INFO] [Heartbeat #43]
[2026-09-02T18:49:28.313+00:00][B] [INFO] Sent
[2026-09-02T18:49:28.313+00:00][B] [INFO] Waiting ACK...
[2026-09-02T18:49:28.314+00:00][B] [INFO] [WAITING ACK]
[2026-09-02T18:49:28.327+00:00][B] [INFO] [RF TX] type=2 source=0x02 destination=0xFF previousHop=0x02 sequence=93 ackSequence=0 ttl=8 hops=0 payloadSize=13 rssi=0 snr=0.00
[2026-09-02T18:49:28.328+00:00][B] [INFO] Heartbeat packet sent
[2026-09-02T18:49:28.892+00:00][A] [WARN] TX_RETRY seq=91
[2026-09-02T18:49:28.954+00:00][A] [INFO] [RF TX] type=1 source=0x01 destination=0x02 previousHop=0x01 sequence=91 ackSequence=0 ttl=8 hops=0 payloadSize=4 rssi=0 snr=0.00
[2026-09-02T18:49:28.978+00:00][A] [WARN] Retry 1
[2026-09-02T18:49:29.003+00:00][B] [INFO] [RF TX] type=3 source=0x02 destination=0x01 previousHop=0x02 sequence=99 ackSequence=91 ttl=8 hops=0 payloadSize=2 rssi=0 snr=0.00
[2026-09-02T18:49:29.045+00:00][A] [INFO] --------------------------------
[2026-09-02T18:49:29.046+00:00][A] [INFO] [HEARTBEAT TX]
[2026-09-02T18:49:29.050+00:00][A] [INFO] Node ID: 1
[2026-09-02T18:49:29.051+00:00][A] [INFO] type: 2
[2026-09-02T18:49:29.051+00:00][A] [INFO] Destination: 0xFF
[2026-09-02T18:49:29.056+00:00][A] [INFO] Sequence: 92
[2026-09-02T18:49:29.056+00:00][A] [INFO] Packet ID: 48
[2026-09-02T18:49:29.056+00:00][A] [INFO] Packet Size: 26
[2026-09-02T18:49:29.061+00:00][A] [INFO] Timestamp: 48 ms
[2026-09-02T18:49:29.062+00:00][A] [INFO] Transmission Result: success
[2026-09-02T18:49:29.067+00:00][A] [INFO] --------------------------------
[2026-09-02T18:49:29.068+00:00][A] [INFO] [Heartbeat #48]
[2026-09-02T18:49:29.072+00:00][A] [INFO] Sent
[2026-09-02T18:49:29.073+00:00][A] [INFO] Waiting ACK...
[2026-09-02T18:49:29.073+00:00][A] [INFO] [WAITING ACK]
[2026-09-02T18:49:29.086+00:00][A] [INFO] [RF TX] type=2 source=0x01 destination=0xFF previousHop=0x01 sequence=92 ackSequence=0 ttl=8 hops=0 payloadSize=13 rssi=0 snr=0.00
[2026-09-02T18:49:29.087+00:00][A] [INFO] Heartbeat packet sent
[2026-09-02T18:49:29.203+00:00][B] [INFO] --------------------------------
[2026-09-02T18:49:29.203+00:00][B] [INFO] [HEARTBEAT TX]
[2026-09-02T18:49:29.207+00:00][B] [INFO] Node ID: 2
[2026-09-02T18:49:29.208+00:00][B] [INFO] type: 2
[2026-09-02T18:49:29.208+00:00][B] [INFO] Destination: 0xFF
[2026-09-02T18:49:29.211+00:00][A] [INFO] [RF RX] type=2 source=0x02 destination=0xFF previousHop=0x02 sequence=100 ackSequence=0 ttl=8 hops=0 payloadSize=13 rssi=-57 snr=10.00
[2026-09-02T18:49:29.213+00:00][B] [INFO] Sequence: 100
[2026-09-02T18:49:29.213+00:00][B] [INFO] Packet ID: 44
[2026-09-02T18:49:29.218+00:00][B] [INFO] Packet Size: 26
[2026-09-02T18:49:29.219+00:00][B] [INFO] Timestamp: 44 ms
[2026-09-02T18:49:29.220+00:00][B] [INFO] Transmission Result: success
[2026-09-02T18:49:29.224+00:00][B] [INFO] --------------------------------
[2026-09-02T18:49:29.224+00:00][B] [INFO] [Heartbeat #44]
[2026-09-02T18:49:29.229+00:00][B] [INFO] Sent
[2026-09-02T18:49:29.230+00:00][B] [INFO] Waiting ACK...
[2026-09-02T18:49:29.231+00:00][B] [INFO] [WAITING ACK]
[2026-09-02T18:49:29.244+00:00][B] [INFO] [RF TX] type=2 source=0x02 destination=0xFF previousHop=0x02 sequence=100 ackSequence=0 ttl=8 hops=0 payloadSize=13 rssi=0 snr=0.00
[2026-09-02T18:49:29.244+00:00][B] [INFO] Heartbeat packet sent
[2026-09-02T18:49:29.961+00:00][A] [INFO] --------------------------------
[2026-09-02T18:49:29.962+00:00][A] [INFO] [HEARTBEAT TX]
[2026-09-02T18:49:29.966+00:00][A] [INFO] Node ID: 1
[2026-09-02T18:49:29.967+00:00][A] [INFO] type: 2
[2026-09-02T18:49:29.967+00:00][A] [INFO] Destination: 0xFF
[2026-09-02T18:49:29.970+00:00][B] [INFO] [RF RX] type=2 source=0x01 destination=0xFF previousHop=0x01 sequence=93 ackSequence=0 ttl=8 hops=0 payloadSize=13 rssi=-61 snr=9.50
[2026-09-02T18:49:29.972+00:00][A] [INFO] Sequence: 93
[2026-09-02T18:49:29.972+00:00][A] [INFO] Packet ID: 49
[2026-09-02T18:49:29.972+00:00][A] [INFO] Packet Size: 26
[2026-09-02T18:49:29.978+00:00][A] [INFO] Timestamp: 49 ms
[2026-09-02T18:49:29.978+00:00][A] [INFO] Transmission Result: success
[2026-09-02T18:49:29.983+00:00][A] [INFO] --------------------------------
[2026-09-02T18:49:29.984+00:00][A] [INFO] [Heartbeat #49]
[2026-09-02T18:49:29.988+00:00][A] [INFO] Sent
[2026-09-02T18:49:29.989+00:00][A] [INFO] Waiting ACK...
[2026-09-02T18:49:29.989+00:00][A] [INFO] [WAITING ACK]
[2026-09-02T18:49:30.005+00:00][A] [INFO] [RF TX] type=2 source=0x01 destination=0xFF previousHop=0x01 sequence=93 ackSequence=0 ttl=8 hops=0 payloadSize=13 rssi=0 snr=0.00
[2026-09-02T18:49:30.005+00:00][A] [INFO] Heartbeat packet sent
[2026-09-02T18:49:30.005+00:00][A] [WARN] TX_RETRY seq=91
[2026-09-02T18:49:30.062+00:00][A] [INFO] [RF TX] type=1 source=0x01 destination=0x02 previousHop=0x01 sequence=91 ackSequence=0 ttl=8 hops=0 payloadSize=4 rssi=0 snr=0.00
[2026-09-02T18:49:30.111+00:00][B] [INFO] [RF TX] type=3 source=0x02 destination=0x01 previousHop=0x02 sequence=101 ackSequence=91 ttl=8 hops=0 payloadSize=2 rssi=0 snr=0.00
[2026-09-02T18:49:30.219+00:00][B] [WARN] Retry 1
[2026-09-02T18:49:30.286+00:00][B] [INFO] --------------------------------
[2026-09-02T18:49:30.287+00:00][B] [INFO] [HEARTBEAT TX]
[2026-09-02T18:49:30.291+00:00][B] [INFO] Node ID: 2
[2026-09-02T18:49:30.292+00:00][B] [INFO] type: 2
[2026-09-02T18:49:30.292+00:00][B] [INFO] Destination: 0xFF
[2026-09-02T18:49:30.295+00:00][A] [INFO] [RF RX] type=2 source=0x02 destination=0xFF previousHop=0x02 sequence=100 ackSequence=0 ttl=8 hops=0 payloadSize=13 rssi=-57 snr=9.50
[2026-09-02T18:49:30.297+00:00][B] [INFO] Sequence: 100
[2026-09-02T18:49:30.298+00:00][B] [INFO] Packet ID: 44
[2026-09-02T18:49:30.302+00:00][B] [INFO] Packet Size: 26
[2026-09-02T18:49:30.303+00:00][B] [INFO] Timestamp: 44 ms
[2026-09-02T18:49:30.303+00:00][B] [INFO] Transmission Result: success
[2026-09-02T18:49:30.308+00:00][B] [INFO] --------------------------------
[2026-09-02T18:49:30.308+00:00][B] [INFO] [Heartbeat #44]
[2026-09-02T18:49:30.314+00:00][B] [INFO] Sent
[2026-09-02T18:49:30.314+00:00][B] [INFO] Waiting ACK...
[2026-09-02T18:49:30.315+00:00][B] [INFO] [WAITING ACK]
[2026-09-02T18:49:30.328+00:00][B] [INFO] [RF TX] type=2 source=0x02 destination=0xFF previousHop=0x02 sequence=100 ackSequence=0 ttl=8 hops=0 payloadSize=13 rssi=0 snr=0.00
[2026-09-02T18:49:30.328+00:00][B] [INFO] Heartbeat packet sent
[2026-09-02T18:49:30.978+00:00][A] [WARN] Retry 1
[2026-09-02T18:49:31.045+00:00][A] [INFO] --------------------------------
[2026-09-02T18:49:31.045+00:00][A] [INFO] [HEARTBEAT TX]
[2026-09-02T18:49:31.050+00:00][A] [INFO] Node ID: 1
[2026-09-02T18:49:31.051+00:00][A] [INFO] type: 2
[2026-09-02T18:49:31.051+00:00][A] [INFO] Destination: 0xFF
[2026-09-02T18:49:31.054+00:00][B] [INFO] [RF RX] type=2 source=0x01 destination=0xFF previousHop=0x01 sequence=93 ackSequence=0 ttl=8 hops=0 payloadSize=13 rssi=-61 snr=9.75
[2026-09-02T18:49:31.056+00:00][A] [INFO] Sequence: 93
[2026-09-02T18:49:31.056+00:00][A] [INFO] Packet ID: 49
[2026-09-02T18:49:31.056+00:00][A] [INFO] Packet Size: 26
[2026-09-02T18:49:31.062+00:00][A] [INFO] Timestamp: 49 ms
[2026-09-02T18:49:31.062+00:00][A] [INFO] Transmission Result: success
[2026-09-02T18:49:31.067+00:00][A] [INFO] --------------------------------
[2026-09-02T18:49:31.068+00:00][A] [INFO] [Heartbeat #49]
[2026-09-02T18:49:31.072+00:00][A] [INFO] Sent
[2026-09-02T18:49:31.073+00:00][A] [INFO] Waiting ACK...
[2026-09-02T18:49:31.073+00:00][A] [INFO] [WAITING ACK]
[2026-09-02T18:49:31.089+00:00][A] [INFO] [RF TX] type=2 source=0x01 destination=0xFF previousHop=0x01 sequence=93 ackSequence=0 ttl=8 hops=0 payloadSize=13 rssi=0 snr=0.00
[2026-09-02T18:49:31.089+00:00][A] [INFO] Heartbeat packet sent
[2026-09-02T18:49:31.089+00:00][A] [WARN] TX_RETRY seq=91
[2026-09-02T18:49:31.146+00:00][A] [INFO] [RF TX] type=1 source=0x01 destination=0x02 previousHop=0x01 sequence=91 ackSequence=0 ttl=8 hops=0 payloadSize=4 rssi=0 snr=0.00
[2026-09-02T18:49:31.202+00:00][B] [INFO] --------------------------------
[2026-09-02T18:49:31.203+00:00][B] [INFO] [HEARTBEAT TX]
[2026-09-02T18:49:31.207+00:00][B] [INFO] Node ID: 2
[2026-09-02T18:49:31.208+00:00][B] [INFO] type: 2
[2026-09-02T18:49:31.208+00:00][B] [INFO] Destination: 0xFF
[2026-09-02T18:49:31.213+00:00][B] [INFO] Sequence: 102
[2026-09-02T18:49:31.213+00:00][B] [INFO] Packet ID: 45
[2026-09-02T18:49:31.218+00:00][B] [INFO] Packet Size: 26
[2026-09-02T18:49:31.219+00:00][B] [INFO] Timestamp: 45 ms
[2026-09-02T18:49:31.219+00:00][B] [INFO] Transmission Result: success
[2026-09-02T18:49:31.224+00:00][B] [INFO] --------------------------------
[2026-09-02T18:49:31.224+00:00][B] [INFO] [Heartbeat #45]
[2026-09-02T18:49:31.229+00:00][B] [INFO] Sent
[2026-09-02T18:49:31.230+00:00][B] [INFO] Waiting ACK...
[2026-09-02T18:49:31.230+00:00][B] [INFO] [WAITING ACK]
[2026-09-02T18:49:31.244+00:00][B] [INFO] [RF TX] type=2 source=0x02 destination=0xFF previousHop=0x02 sequence=102 ackSequence=0 ttl=8 hops=0 payloadSize=13 rssi=0 snr=0.00
[2026-09-02T18:49:31.244+00:00][B] [INFO] Heartbeat packet sent
[2026-09-02T18:49:31.962+00:00][A] [INFO] --------------------------------
[2026-09-02T18:49:31.963+00:00][A] [INFO] [HEARTBEAT TX]
[2026-09-02T18:49:31.966+00:00][A] [INFO] Node ID: 1
[2026-09-02T18:49:31.967+00:00][A] [INFO] type: 2
[2026-09-02T18:49:31.967+00:00][A] [INFO] Destination: 0xFF
[2026-09-02T18:49:31.970+00:00][B] [INFO] [RF RX] type=2 source=0x01 destination=0xFF previousHop=0x01 sequence=94 ackSequence=0 ttl=8 hops=0 payloadSize=13 rssi=-62 snr=9.50
[2026-09-02T18:49:31.972+00:00][A] [INFO] Sequence: 94
[2026-09-02T18:49:31.972+00:00][A] [INFO] Packet ID: 50
[2026-09-02T18:49:31.972+00:00][A] [INFO] Packet Size: 26
[2026-09-02T18:49:31.978+00:00][A] [INFO] Timestamp: 50 ms
[2026-09-02T18:49:31.978+00:00][A] [INFO] Transmission Result: success
[2026-09-02T18:49:31.983+00:00][A] [INFO] --------------------------------
[2026-09-02T18:49:31.984+00:00][A] [INFO] [Heartbeat #50]
[2026-09-02T18:49:31.988+00:00][A] [INFO] Sent
[2026-09-02T18:49:31.989+00:00][A] [INFO] Waiting ACK...
[2026-09-02T18:49:31.989+00:00][A] [INFO] [WAITING ACK]
[2026-09-02T18:49:32.003+00:00][A] [INFO] [RF TX] type=2 source=0x01 destination=0xFF previousHop=0x01 sequence=94 ackSequence=0 ttl=8 hops=0 payloadSize=13 rssi=0 snr=0.00
[2026-09-02T18:49:32.003+00:00][A] [INFO] Heartbeat packet sent
[2026-09-02T18:49:32.150+00:00][A] [ERROR] TX_FAILED
[2026-09-02T18:49:32.151+00:00][A] [WARN] ACK_FAILED seq=91
[2026-09-02T18:49:32.153+00:00][A] [INFO] TEST_DATA_QUEUED dst=0x02 seq=95 remaining=56
[2026-09-02T18:49:32.209+00:00][A] [INFO] [RF TX] type=1 source=0x01 destination=0x02 previousHop=0x01 sequence=95 ackSequence=0 ttl=8 hops=0 payloadSize=4 rssi=0 snr=0.00
[2026-09-02T18:49:32.211+00:00][B] [INFO] [RF RX] type=1 source=0x01 destination=0x02 previousHop=0x01 sequence=95 ackSequence=0 ttl=8 hops=0 payloadSize=4 rssi=-62 snr=10.25
[2026-09-02T18:49:32.270+00:00][B] [INFO] [RF TX] type=3 source=0x02 destination=0x01 previousHop=0x02 sequence=103 ackSequence=95 ttl=8 hops=0 payloadSize=2 rssi=0 snr=0.00
[2026-09-02T18:49:32.271+00:00][B] [WARN] Retry 1
[2026-09-02T18:49:32.275+00:00][A] [INFO] [RF RX] type=3 source=0x02 destination=0x01 previousHop=0x02 sequence=103 ackSequence=95 ttl=8 hops=0 payloadSize=2 rssi=-57 snr=10.00
[2026-09-02T18:49:32.275+00:00][A] [INFO] ACK_RX seq=95 source=0x02
[2026-09-02T18:49:32.279+00:00][A] [INFO] TEST_DATA_QUEUED dst=0x02 seq=96 remaining=55
[2026-09-02T18:49:32.333+00:00][A] [INFO] [RF TX] type=1 source=0x01 destination=0x02 previousHop=0x01 sequence=96 ackSequence=0 ttl=8 hops=0 payloadSize=4 rssi=0 snr=0.00
[2026-09-02T18:49:32.336+00:00][B] [INFO] --------------------------------
[2026-09-02T18:49:32.336+00:00][B] [INFO] [HEARTBEAT TX]
[2026-09-02T18:49:32.341+00:00][B] [INFO] Node ID: 2
[2026-09-02T18:49:32.341+00:00][B] [INFO] type: 2
[2026-09-02T18:49:32.342+00:00][B] [INFO] Destination: 0xFF
[2026-09-02T18:49:32.347+00:00][B] [INFO] Sequence: 102
[2026-09-02T18:49:32.348+00:00][B] [INFO] Packet ID: 45
[2026-09-02T18:49:32.352+00:00][B] [INFO] Packet Size: 26
[2026-09-02T18:49:32.353+00:00][B] [INFO] Timestamp: 45 ms
[2026-09-02T18:49:32.353+00:00][B] [INFO] Transmission Result: success
[2026-09-02T18:49:32.358+00:00][B] [INFO] --------------------------------
[2026-09-02T18:49:32.358+00:00][B] [INFO] [Heartbeat #45]
[2026-09-02T18:49:32.363+00:00][B] [INFO] Sent
[2026-09-02T18:49:32.364+00:00][B] [INFO] Waiting ACK...
[2026-09-02T18:49:32.364+00:00][B] [INFO] [WAITING ACK]
[2026-09-02T18:49:32.377+00:00][B] [INFO] [RF TX] type=2 source=0x02 destination=0xFF previousHop=0x02 sequence=102 ackSequence=0 ttl=8 hops=0 payloadSize=13 rssi=0 snr=0.00
[2026-09-02T18:49:32.378+00:00][B] [INFO] Heartbeat packet sent
[2026-09-02T18:49:32.978+00:00][A] [WARN] Retry 1
[2026-09-02T18:49:33.045+00:00][A] [INFO] --------------------------------
[2026-09-02T18:49:33.045+00:00][A] [INFO] [HEARTBEAT TX]
[2026-09-02T18:49:33.050+00:00][A] [INFO] Node ID: 1
[2026-09-02T18:49:33.051+00:00][A] [INFO] type: 2
[2026-09-02T18:49:33.051+00:00][A] [INFO] Destination: 0xFF
[2026-09-02T18:49:33.053+00:00][B] [INFO] [RF RX] type=2 source=0x01 destination=0xFF previousHop=0x01 sequence=94 ackSequence=0 ttl=8 hops=0 payloadSize=13 rssi=-62 snr=9.50
[2026-09-02T18:49:33.056+00:00][A] [INFO] Sequence: 94
[2026-09-02T18:49:33.056+00:00][A] [INFO] Packet ID: 50
[2026-09-02T18:49:33.056+00:00][A] [INFO] Packet Size: 26
[2026-09-02T18:49:33.061+00:00][A] [INFO] Timestamp: 50 ms
[2026-09-02T18:49:33.062+00:00][A] [INFO] Transmission Result: success
[2026-09-02T18:49:33.067+00:00][A] [INFO] --------------------------------
[2026-09-02T18:49:33.067+00:00][A] [INFO] [Heartbeat #50]
[2026-09-02T18:49:33.072+00:00][A] [INFO] Sent
[2026-09-02T18:49:33.073+00:00][A] [INFO] Waiting ACK...
[2026-09-02T18:49:33.073+00:00][A] [INFO] [WAITING ACK]
[2026-09-02T18:49:33.086+00:00][A] [INFO] [RF TX] type=2 source=0x01 destination=0xFF previousHop=0x01 sequence=94 ackSequence=0 ttl=8 hops=0 payloadSize=13 rssi=0 snr=0.00
[2026-09-02T18:49:33.087+00:00][A] [INFO] Heartbeat packet sent
[2026-09-02T18:49:33.202+00:00][B] [INFO] --------------------------------
[2026-09-02T18:49:33.202+00:00][B] [INFO] [HEARTBEAT TX]
[2026-09-02T18:49:33.207+00:00][B] [INFO] Node ID: 2
[2026-09-02T18:49:33.207+00:00][B] [INFO] type: 2
[2026-09-02T18:49:33.207+00:00][B] [INFO] Destination: 0xFF
[2026-09-02T18:49:33.210+00:00][A] [INFO] [RF RX] type=2 source=0x02 destination=0xFF previousHop=0x02 sequence=104 ackSequence=0 ttl=8 hops=0 payloadSize=13 rssi=-58 snr=10.25
[2026-09-02T18:49:33.212+00:00][B] [INFO] Sequence: 104
[2026-09-02T18:49:33.213+00:00][B] [INFO] Packet ID: 46
[2026-09-02T18:49:33.218+00:00][B] [INFO] Packet Size: 26
[2026-09-02T18:49:33.219+00:00][B] [INFO] Timestamp: 46 ms
[2026-09-02T18:49:33.219+00:00][B] [INFO] Transmission Result: success
[2026-09-02T18:49:33.224+00:00][B] [INFO] --------------------------------
[2026-09-02T18:49:33.224+00:00][B] [INFO] [Heartbeat #46]
[2026-09-02T18:49:33.229+00:00][B] [INFO] Sent
[2026-09-02T18:49:33.229+00:00][B] [INFO] Waiting ACK...
[2026-09-02T18:49:33.230+00:00][B] [INFO] [WAITING ACK]
[2026-09-02T18:49:33.244+00:00][B] [INFO] [RF TX] type=2 source=0x02 destination=0xFF previousHop=0x02 sequence=104 ackSequence=0 ttl=8 hops=0 payloadSize=13 rssi=0 snr=0.00
[2026-09-02T18:49:33.244+00:00][B] [INFO] Heartbeat packet sent
[2026-09-02T18:49:33.334+00:00][A] [WARN] TX_RETRY seq=96
[2026-09-02T18:49:33.396+00:00][A] [INFO] [RF TX] type=1 source=0x01 destination=0x02 previousHop=0x01 sequence=96 ackSequence=0 ttl=8 hops=0 payloadSize=4 rssi=0 snr=0.00
[2026-09-02T18:49:33.398+00:00][B] [INFO] [RF RX] type=1 source=0x01 destination=0x02 previousHop=0x01 sequence=96 ackSequence=0 ttl=8 hops=0 payloadSize=4 rssi=-61 snr=9.75
[2026-09-02T18:49:33.455+00:00][B] [INFO] [RF TX] type=3 source=0x02 destination=0x01 previousHop=0x02 sequence=105 ackSequence=96 ttl=8 hops=0 payloadSize=2 rssi=0 snr=0.00
[2026-09-02T18:49:33.461+00:00][A] [INFO] [RF RX] type=3 source=0x02 destination=0x01 previousHop=0x02 sequence=105 ackSequence=96 ttl=8 hops=0 payloadSize=2 rssi=-58 snr=10.00
[2026-09-02T18:49:33.462+00:00][A] [INFO] ACK_RX seq=96 source=0x02
[2026-09-02T18:49:33.465+00:00][A] [INFO] TEST_DATA_QUEUED dst=0x02 seq=97 remaining=54
[2026-09-02T18:49:33.520+00:00][A] [INFO] [RF TX] type=1 source=0x01 destination=0x02 previousHop=0x01 sequence=97 ackSequence=0 ttl=8 hops=0 payloadSize=4 rssi=0 snr=0.00
[2026-09-02T18:49:33.522+00:00][B] [INFO] [RF RX] type=1 source=0x01 destination=0x02 previousHop=0x01 sequence=97 ackSequence=0 ttl=8 hops=0 payloadSize=4 rssi=-62 snr=9.50
[2026-09-02T18:49:33.579+00:00][B] [INFO] [RF TX] type=3 source=0x02 destination=0x01 previousHop=0x02 sequence=106 ackSequence=97 ttl=8 hops=0 payloadSize=2 rssi=0 snr=0.00
[2026-09-02T18:49:33.585+00:00][A] [INFO] [RF RX] type=3 source=0x02 destination=0x01 previousHop=0x02 sequence=106 ackSequence=97 ttl=8 hops=0 payloadSize=2 rssi=-59 snr=9.50
[2026-09-02T18:49:33.586+00:00][A] [INFO] ACK_RX seq=97 source=0x02
[2026-09-02T18:49:33.589+00:00][A] [INFO] TEST_DATA_QUEUED dst=0x02 seq=98 remaining=53
[2026-09-02T18:49:33.644+00:00][A] [INFO] [RF TX] type=1 source=0x01 destination=0x02 previousHop=0x01 sequence=98 ackSequence=0 ttl=8 hops=0 payloadSize=4 rssi=0 snr=0.00
[2026-09-02T18:49:33.645+00:00][B] [INFO] [RF RX] type=1 source=0x01 destination=0x02 previousHop=0x01 sequence=98 ackSequence=0 ttl=8 hops=0 payloadSize=4 rssi=-63 snr=9.25
[2026-09-02T18:49:33.703+00:00][B] [INFO] [RF TX] type=3 source=0x02 destination=0x01 previousHop=0x02 sequence=107 ackSequence=98 ttl=8 hops=0 payloadSize=2 rssi=0 snr=0.00
[2026-09-02T18:49:33.709+00:00][A] [INFO] [RF RX] type=3 source=0x02 destination=0x01 previousHop=0x02 sequence=107 ackSequence=98 ttl=8 hops=0 payloadSize=2 rssi=-58 snr=9.50
[2026-09-02T18:49:33.710+00:00][A] [INFO] ACK_RX seq=98 source=0x02
[2026-09-02T18:49:33.713+00:00][A] [INFO] TEST_DATA_QUEUED dst=0x02 seq=99 remaining=52
[2026-09-02T18:49:33.767+00:00][A] [INFO] [RF TX] type=1 source=0x01 destination=0x02 previousHop=0x01 sequence=99 ackSequence=0 ttl=8 hops=0 payloadSize=4 rssi=0 snr=0.00
[2026-09-02T18:49:33.769+00:00][B] [INFO] [RF RX] type=1 source=0x01 destination=0x02 previousHop=0x01 sequence=99 ackSequence=0 ttl=8 hops=0 payloadSize=4 rssi=-61 snr=10.00
[2026-09-02T18:49:33.827+00:00][B] [INFO] [RF TX] type=3 source=0x02 destination=0x01 previousHop=0x02 sequence=108 ackSequence=99 ttl=8 hops=0 payloadSize=2 rssi=0 snr=0.00
[2026-09-02T18:49:33.833+00:00][A] [INFO] [RF RX] type=3 source=0x02 destination=0x01 previousHop=0x02 sequence=108 ackSequence=99 ttl=8 hops=0 payloadSize=2 rssi=-58 snr=10.00
[2026-09-02T18:49:33.833+00:00][A] [INFO] ACK_RX seq=99 source=0x02
[2026-09-02T18:49:33.836+00:00][A] [INFO] TEST_DATA_QUEUED dst=0x02 seq=100 remaining=51
[2026-09-02T18:49:33.891+00:00][A] [INFO] [RF TX] type=1 source=0x01 destination=0x02 previousHop=0x01 sequence=100 ackSequence=0 ttl=8 hops=0 payloadSize=4 rssi=0 snr=0.00
[2026-09-02T18:49:33.893+00:00][B] [INFO] [RF RX] type=1 source=0x01 destination=0x02 previousHop=0x01 sequence=100 ackSequence=0 ttl=8 hops=0 payloadSize=4 rssi=-62 snr=9.75
[2026-09-02T18:49:33.951+00:00][B] [INFO] [RF TX] type=3 source=0x02 destination=0x01 previousHop=0x02 sequence=109 ackSequence=100 ttl=8 hops=0 payloadSize=2 rssi=0 snr=0.00
[2026-09-02T18:49:33.961+00:00][A] [INFO] --------------------------------
[2026-09-02T18:49:33.961+00:00][A] [INFO] [HEARTBEAT TX]
[2026-09-02T18:49:33.966+00:00][A] [INFO] Node ID: 1
[2026-09-02T18:49:33.966+00:00][A] [INFO] type: 2
[2026-09-02T18:49:33.966+00:00][A] [INFO] Destination: 0xFF
[2026-09-02T18:49:33.972+00:00][A] [INFO] Sequence: 101
[2026-09-02T18:49:33.972+00:00][A] [INFO] Packet ID: 51
[2026-09-02T18:49:33.977+00:00][A] [INFO] Packet Size: 26
[2026-09-02T18:49:33.977+00:00][A] [INFO] Timestamp: 51 ms
[2026-09-02T18:49:33.977+00:00][A] [INFO] Transmission Result: success
[2026-09-02T18:49:33.983+00:00][A] [INFO] --------------------------------
[2026-09-02T18:49:33.983+00:00][A] [INFO] [Heartbeat #51]
[2026-09-02T18:49:33.988+00:00][A] [INFO] Sent
[2026-09-02T18:49:33.988+00:00][A] [INFO] Waiting ACK...
[2026-09-02T18:49:33.988+00:00][A] [INFO] [WAITING ACK]
[2026-09-02T18:49:34.002+00:00][A] [INFO] [RF TX] type=2 source=0x01 destination=0xFF previousHop=0x01 sequence=101 ackSequence=0 ttl=8 hops=0 payloadSize=13 rssi=0 snr=0.00
[2026-09-02T18:49:34.003+00:00][A] [INFO] Heartbeat packet sent
[2026-09-02T18:49:34.219+00:00][B] [WARN] Retry 1
[2026-09-02T18:49:34.286+00:00][B] [INFO] --------------------------------
[2026-09-02T18:49:34.287+00:00][B] [INFO] [HEARTBEAT TX]
[2026-09-02T18:49:34.291+00:00][B] [INFO] Node ID: 2
[2026-09-02T18:49:34.291+00:00][B] [INFO] type: 2
[2026-09-02T18:49:34.292+00:00][B] [INFO] Destination: 0xFF
[2026-09-02T18:49:34.295+00:00][A] [INFO] [RF RX] type=2 source=0x02 destination=0xFF previousHop=0x02 sequence=104 ackSequence=0 ttl=8 hops=0 payloadSize=13 rssi=-58 snr=10.25
[2026-09-02T18:49:34.297+00:00][B] [INFO] Sequence: 104
[2026-09-02T18:49:34.297+00:00][B] [INFO] Packet ID: 46
[2026-09-02T18:49:34.302+00:00][B] [INFO] Packet Size: 26
[2026-09-02T18:49:34.302+00:00][B] [INFO] Timestamp: 46 ms
[2026-09-02T18:49:34.303+00:00][B] [INFO] Transmission Result: success
[2026-09-02T18:49:34.308+00:00][B] [INFO] --------------------------------
[2026-09-02T18:49:34.308+00:00][B] [INFO] [Heartbeat #46]
[2026-09-02T18:49:34.314+00:00][B] [INFO] Sent
[2026-09-02T18:49:34.314+00:00][B] [INFO] Waiting ACK...
[2026-09-02T18:49:34.314+00:00][B] [INFO] [WAITING ACK]
[2026-09-02T18:49:34.327+00:00][B] [INFO] [RF TX] type=2 source=0x02 destination=0xFF previousHop=0x02 sequence=104 ackSequence=0 ttl=8 hops=0 payloadSize=13 rssi=0 snr=0.00
[2026-09-02T18:49:34.328+00:00][B] [INFO] Heartbeat packet sent
[2026-09-02T18:49:34.892+00:00][A] [WARN] TX_RETRY seq=100
[2026-09-02T18:49:34.954+00:00][A] [INFO] [RF TX] type=1 source=0x01 destination=0x02 previousHop=0x01 sequence=100 ackSequence=0 ttl=8 hops=0 payloadSize=4 rssi=0 snr=0.00
[2026-09-02T18:49:34.978+00:00][A] [WARN] Retry 1
[2026-09-02T18:49:35.045+00:00][A] [INFO] --------------------------------
[2026-09-02T18:49:35.045+00:00][A] [INFO] [HEARTBEAT TX]
[2026-09-02T18:49:35.050+00:00][A] [INFO] Node ID: 1
[2026-09-02T18:49:35.051+00:00][A] [INFO] type: 2
[2026-09-02T18:49:35.051+00:00][A] [INFO] Destination: 0xFF
[2026-09-02T18:49:35.054+00:00][B] [INFO] [RF RX] type=2 source=0x01 destination=0xFF previousHop=0x01 sequence=101 ackSequence=0 ttl=8 hops=0 payloadSize=13 rssi=-61 snr=9.75
[2026-09-02T18:49:35.056+00:00][A] [INFO] Sequence: 101
[2026-09-02T18:49:35.056+00:00][A] [INFO] Packet ID: 51
[2026-09-02T18:49:35.061+00:00][A] [INFO] Packet Size: 26
[2026-09-02T18:49:35.062+00:00][A] [INFO] Timestamp: 51 ms
[2026-09-02T18:49:35.062+00:00][A] [INFO] Transmission Result: success
[2026-09-02T18:49:35.067+00:00][A] [INFO] --------------------------------
[2026-09-02T18:49:35.068+00:00][A] [INFO] [Heartbeat #51]
[2026-09-02T18:49:35.072+00:00][A] [INFO] Sent
[2026-09-02T18:49:35.073+00:00][A] [INFO] Waiting ACK...
[2026-09-02T18:49:35.073+00:00][A] [INFO] [WAITING ACK]
[2026-09-02T18:49:35.087+00:00][A] [INFO] [RF TX] type=2 source=0x01 destination=0xFF previousHop=0x01 sequence=101 ackSequence=0 ttl=8 hops=0 payloadSize=13 rssi=0 snr=0.00
[2026-09-02T18:49:35.087+00:00][A] [INFO] Heartbeat packet sent
[2026-09-02T18:49:35.205+00:00][B] [INFO] --------------------------------
[2026-09-02T18:49:35.206+00:00][B] [INFO] [HEARTBEAT TX]
[2026-09-02T18:49:35.207+00:00][B] [INFO] Node ID: 2
[2026-09-02T18:49:35.207+00:00][B] [INFO] type: 2
[2026-09-02T18:49:35.207+00:00][B] [INFO] Destination: 0xFF
[2026-09-02T18:49:35.211+00:00][A] [INFO] [RF RX] type=2 source=0x02 destination=0xFF previousHop=0x02 sequence=110 ackSequence=0 ttl=8 hops=0 payloadSize=13 rssi=-58 snr=9.75
[2026-09-02T18:49:35.213+00:00][B] [INFO] Sequence: 110
[2026-09-02T18:49:35.213+00:00][B] [INFO] Packet ID: 47
[2026-09-02T18:49:35.218+00:00][B] [INFO] Packet Size: 26
[2026-09-02T18:49:35.218+00:00][B] [INFO] Timestamp: 47 ms
[2026-09-02T18:49:35.219+00:00][B] [INFO] Transmission Result: success
[2026-09-02T18:49:35.224+00:00][B] [INFO] --------------------------------
[2026-09-02T18:49:35.224+00:00][B] [INFO] [Heartbeat #47]
[2026-09-02T18:49:35.229+00:00][B] [INFO] Sent
[2026-09-02T18:49:35.230+00:00][B] [INFO] Waiting ACK...
[2026-09-02T18:49:35.230+00:00][B] [INFO] [WAITING ACK]
[2026-09-02T18:49:35.244+00:00][B] [INFO] [RF TX] type=2 source=0x02 destination=0xFF previousHop=0x02 sequence=110 ackSequence=0 ttl=8 hops=0 payloadSize=13 rssi=0 snr=0.00
[2026-09-02T18:49:35.244+00:00][B] [INFO] Heartbeat packet sent
[2026-09-02T18:49:35.961+00:00][A] [INFO] --------------------------------
[2026-09-02T18:49:35.961+00:00][A] [INFO] [HEARTBEAT TX]
[2026-09-02T18:49:35.966+00:00][A] [INFO] Node ID: 1
[2026-09-02T18:49:35.966+00:00][A] [INFO] type: 2
[2026-09-02T18:49:35.966+00:00][A] [INFO] Destination: 0xFF
[2026-09-02T18:49:35.969+00:00][B] [INFO] [RF RX] type=2 source=0x01 destination=0xFF previousHop=0x01 sequence=102 ackSequence=0 ttl=8 hops=0 payloadSize=13 rssi=-61 snr=9.75
[2026-09-02T18:49:35.972+00:00][A] [INFO] Sequence: 102
[2026-09-02T18:49:35.972+00:00][A] [INFO] Packet ID: 52
[2026-09-02T18:49:35.977+00:00][A] [INFO] Packet Size: 26
[2026-09-02T18:49:35.977+00:00][A] [INFO] Timestamp: 52 ms
[2026-09-02T18:49:35.977+00:00][A] [INFO] Transmission Result: success
[2026-09-02T18:49:35.983+00:00][A] [INFO] --------------------------------
[2026-09-02T18:49:35.983+00:00][A] [INFO] [Heartbeat #52]
[2026-09-02T18:49:35.988+00:00][A] [INFO] Sent
[2026-09-02T18:49:35.988+00:00][A] [INFO] Waiting ACK...
[2026-09-02T18:49:35.989+00:00][A] [INFO] [WAITING ACK]
[2026-09-02T18:49:36.005+00:00][A] [INFO] [RF TX] type=2 source=0x01 destination=0xFF previousHop=0x01 sequence=102 ackSequence=0 ttl=8 hops=0 payloadSize=13 rssi=0 snr=0.00
[2026-09-02T18:49:36.005+00:00][A] [INFO] Heartbeat packet sent
[2026-09-02T18:49:36.005+00:00][A] [WARN] TX_RETRY seq=100
[2026-09-02T18:49:36.062+00:00][A] [INFO] [RF TX] type=1 source=0x01 destination=0x02 previousHop=0x01 sequence=100 ackSequence=0 ttl=8 hops=0 payloadSize=4 rssi=0 snr=0.00
[2026-09-02T18:49:36.111+00:00][B] [INFO] [RF TX] type=3 source=0x02 destination=0x01 previousHop=0x02 sequence=111 ackSequence=100 ttl=8 hops=0 payloadSize=2 rssi=0 snr=0.00
[2026-09-02T18:49:36.219+00:00][B] [WARN] Retry 1
[2026-09-02T18:49:36.286+00:00][B] [INFO] --------------------------------
[2026-09-02T18:49:36.287+00:00][B] [INFO] [HEARTBEAT TX]
[2026-09-02T18:49:36.291+00:00][B] [INFO] Node ID: 2
[2026-09-02T18:49:36.291+00:00][B] [INFO] type: 2
[2026-09-02T18:49:36.292+00:00][B] [INFO] Destination: 0xFF
[2026-09-02T18:49:36.295+00:00][A] [INFO] [RF RX] type=2 source=0x02 destination=0xFF previousHop=0x02 sequence=110 ackSequence=0 ttl=8 hops=0 payloadSize=13 rssi=-58 snr=10.00
[2026-09-02T18:49:36.297+00:00][B] [INFO] Sequence: 110
[2026-09-02T18:49:36.297+00:00][B] [INFO] Packet ID: 47
[2026-09-02T18:49:36.302+00:00][B] [INFO] Packet Size: 26
[2026-09-02T18:49:36.302+00:00][B] [INFO] Timestamp: 47 ms
[2026-09-02T18:49:36.303+00:00][B] [INFO] Transmission Result: success
[2026-09-02T18:49:36.308+00:00][B] [INFO] --------------------------------
[2026-09-02T18:49:36.308+00:00][B] [INFO] [Heartbeat #47]
[2026-09-02T18:49:36.313+00:00][B] [INFO] Sent
[2026-09-02T18:49:36.314+00:00][B] [INFO] Waiting ACK...
[2026-09-02T18:49:36.314+00:00][B] [INFO] [WAITING ACK]
[2026-09-02T18:49:36.327+00:00][B] [INFO] [RF TX] type=2 source=0x02 destination=0xFF previousHop=0x02 sequence=110 ackSequence=0 ttl=8 hops=0 payloadSize=13 rssi=0 snr=0.00
[2026-09-02T18:49:36.328+00:00][B] [INFO] Heartbeat packet sent
[2026-09-02T18:49:36.978+00:00][A] [WARN] Retry 1
[2026-09-02T18:49:37.045+00:00][A] [INFO] --------------------------------
[2026-09-02T18:49:37.046+00:00][A] [INFO] [HEARTBEAT TX]
[2026-09-02T18:49:37.050+00:00][A] [INFO] Node ID: 1
[2026-09-02T18:49:37.051+00:00][A] [INFO] type: 2
[2026-09-02T18:49:37.051+00:00][A] [INFO] Destination: 0xFF
[2026-09-02T18:49:37.054+00:00][B] [INFO] [RF RX] type=2 source=0x01 destination=0xFF previousHop=0x01 sequence=102 ackSequence=0 ttl=8 hops=0 payloadSize=13 rssi=-61 snr=9.75
[2026-09-02T18:49:37.056+00:00][A] [INFO] Sequence: 102
[2026-09-02T18:49:37.056+00:00][A] [INFO] Packet ID: 52
[2026-09-02T18:49:37.061+00:00][A] [INFO] Packet Size: 26
[2026-09-02T18:49:37.062+00:00][A] [INFO] Timestamp: 52 ms
[2026-09-02T18:49:37.062+00:00][A] [INFO] Transmission Result: success
[2026-09-02T18:49:37.067+00:00][A] [INFO] --------------------------------
[2026-09-02T18:49:37.068+00:00][A] [INFO] [Heartbeat #52]
[2026-09-02T18:49:37.072+00:00][A] [INFO] Sent
[2026-09-02T18:49:37.073+00:00][A] [INFO] Waiting ACK...
[2026-09-02T18:49:37.073+00:00][A] [INFO] [WAITING ACK]
[2026-09-02T18:49:37.089+00:00][A] [INFO] [RF TX] type=2 source=0x01 destination=0xFF previousHop=0x01 sequence=102 ackSequence=0 ttl=8 hops=0 payloadSize=13 rssi=0 snr=0.00
[2026-09-02T18:49:37.089+00:00][A] [INFO] Heartbeat packet sent
[2026-09-02T18:49:37.090+00:00][A] [WARN] TX_RETRY seq=100
[2026-09-02T18:49:37.146+00:00][A] [INFO] [RF TX] type=1 source=0x01 destination=0x02 previousHop=0x01 sequence=100 ackSequence=0 ttl=8 hops=0 payloadSize=4 rssi=0 snr=0.00
[2026-09-02T18:49:37.202+00:00][B] [INFO] --------------------------------
[2026-09-02T18:49:37.202+00:00][B] [INFO] [HEARTBEAT TX]
[2026-09-02T18:49:37.207+00:00][B] [INFO] Node ID: 2
[2026-09-02T18:49:37.207+00:00][B] [INFO] type: 2
[2026-09-02T18:49:37.208+00:00][B] [INFO] Destination: 0xFF
[2026-09-02T18:49:37.213+00:00][B] [INFO] Sequence: 112
[2026-09-02T18:49:37.213+00:00][B] [INFO] Packet ID: 48
[2026-09-02T18:49:37.218+00:00][B] [INFO] Packet Size: 26
[2026-09-02T18:49:37.219+00:00][B] [INFO] Timestamp: 48 ms
[2026-09-02T18:49:37.219+00:00][B] [INFO] Transmission Result: success
[2026-09-02T18:49:37.224+00:00][B] [INFO] --------------------------------
[2026-09-02T18:49:37.224+00:00][B] [INFO] [Heartbeat #48]
[2026-09-02T18:49:37.229+00:00][B] [INFO] Sent
[2026-09-02T18:49:37.230+00:00][B] [INFO] Waiting ACK...
[2026-09-02T18:49:37.230+00:00][B] [INFO] [WAITING ACK]
[2026-09-02T18:49:37.243+00:00][B] [INFO] [RF TX] type=2 source=0x02 destination=0xFF previousHop=0x02 sequence=112 ackSequence=0 ttl=8 hops=0 payloadSize=13 rssi=0 snr=0.00
[2026-09-02T18:49:37.244+00:00][B] [INFO] Heartbeat packet sent
[2026-09-02T18:49:37.961+00:00][A] [INFO] --------------------------------
[2026-09-02T18:49:37.961+00:00][A] [INFO] [HEARTBEAT TX]
[2026-09-02T18:49:37.966+00:00][A] [INFO] Node ID: 1
[2026-09-02T18:49:37.966+00:00][A] [INFO] type: 2
[2026-09-02T18:49:37.967+00:00][A] [INFO] Destination: 0xFF
[2026-09-02T18:49:37.970+00:00][B] [INFO] [RF RX] type=2 source=0x01 destination=0xFF previousHop=0x01 sequence=103 ackSequence=0 ttl=8 hops=0 payloadSize=13 rssi=-61 snr=10.25
[2026-09-02T18:49:37.972+00:00][A] [INFO] Sequence: 103
[2026-09-02T18:49:37.972+00:00][A] [INFO] Packet ID: 53
[2026-09-02T18:49:37.977+00:00][A] [INFO] Packet Size: 26
[2026-09-02T18:49:37.977+00:00][A] [INFO] Timestamp: 53 ms
[2026-09-02T18:49:37.978+00:00][A] [INFO] Transmission Result: success
[2026-09-02T18:49:37.983+00:00][A] [INFO] --------------------------------
[2026-09-02T18:49:37.984+00:00][A] [INFO] [Heartbeat #53]
[2026-09-02T18:49:37.988+00:00][A] [INFO] Sent
[2026-09-02T18:49:37.989+00:00][A] [INFO] Waiting ACK...
[2026-09-02T18:49:37.989+00:00][A] [INFO] [WAITING ACK]
[2026-09-02T18:49:38.003+00:00][A] [INFO] [RF TX] type=2 source=0x01 destination=0xFF previousHop=0x01 sequence=103 ackSequence=0 ttl=8 hops=0 payloadSize=13 rssi=0 snr=0.00
[2026-09-02T18:49:38.003+00:00][A] [INFO] Heartbeat packet sent
[2026-09-02T18:49:38.150+00:00][A] [ERROR] TX_FAILED
[2026-09-02T18:49:38.151+00:00][A] [WARN] ACK_FAILED seq=100
[2026-09-02T18:49:38.154+00:00][A] [INFO] TEST_DATA_QUEUED dst=0x02 seq=104 remaining=50
[2026-09-02T18:49:38.209+00:00][A] [INFO] [RF TX] type=1 source=0x01 destination=0x02 previousHop=0x01 sequence=104 ackSequence=0 ttl=8 hops=0 payloadSize=4 rssi=0 snr=0.00
[2026-09-02T18:49:38.211+00:00][B] [INFO] [RF RX] type=1 source=0x01 destination=0x02 previousHop=0x01 sequence=104 ackSequence=0 ttl=8 hops=0 payloadSize=4 rssi=-62 snr=9.50
[2026-09-02T18:49:38.270+00:00][B] [INFO] [RF TX] type=3 source=0x02 destination=0x01 previousHop=0x02 sequence=113 ackSequence=104 ttl=8 hops=0 payloadSize=2 rssi=0 snr=0.00
[2026-09-02T18:49:38.270+00:00][B] [WARN] Retry 1
[2026-09-02T18:49:38.275+00:00][A] [INFO] [RF RX] type=3 source=0x02 destination=0x01 previousHop=0x02 sequence=113 ackSequence=104 ttl=8 hops=0 payloadSize=2 rssi=-57 snr=10.00
[2026-09-02T18:49:38.275+00:00][A] [INFO] ACK_RX seq=104 source=0x02
[2026-09-02T18:49:38.279+00:00][A] [INFO] TEST_DATA_QUEUED dst=0x02 seq=105 remaining=49
[2026-09-02T18:49:38.333+00:00][A] [INFO] [RF TX] type=1 source=0x01 destination=0x02 previousHop=0x01 sequence=105 ackSequence=0 ttl=8 hops=0 payloadSize=4 rssi=0 snr=0.00
[2026-09-02T18:49:38.335+00:00][B] [INFO] --------------------------------
[2026-09-02T18:49:38.335+00:00][B] [INFO] [HEARTBEAT TX]
[2026-09-02T18:49:38.341+00:00][B] [INFO] Node ID: 2
[2026-09-02T18:49:38.341+00:00][B] [INFO] type: 2
[2026-09-02T18:49:38.341+00:00][B] [INFO] Destination: 0xFF
[2026-09-02T18:49:38.346+00:00][B] [INFO] Sequence: 112
[2026-09-02T18:49:38.347+00:00][B] [INFO] Packet ID: 48
[2026-09-02T18:49:38.352+00:00][B] [INFO] Packet Size: 26
[2026-09-02T18:49:38.352+00:00][B] [INFO] Timestamp: 48 ms
[2026-09-02T18:49:38.353+00:00][B] [INFO] Transmission Result: success
[2026-09-02T18:49:38.358+00:00][B] [INFO] --------------------------------
[2026-09-02T18:49:38.358+00:00][B] [INFO] [Heartbeat #48]
[2026-09-02T18:49:38.363+00:00][B] [INFO] Sent
[2026-09-02T18:49:38.363+00:00][B] [INFO] Waiting ACK...
[2026-09-02T18:49:38.364+00:00][B] [INFO] [WAITING ACK]
[2026-09-02T18:49:38.377+00:00][B] [INFO] [RF TX] type=2 source=0x02 destination=0xFF previousHop=0x02 sequence=112 ackSequence=0 ttl=8 hops=0 payloadSize=13 rssi=0 snr=0.00
[2026-09-02T18:49:38.378+00:00][B] [INFO] Heartbeat packet sent
[2026-09-02T18:49:38.978+00:00][A] [WARN] Retry 1
[2026-09-02T18:49:39.045+00:00][A] [INFO] --------------------------------
[2026-09-02T18:49:39.045+00:00][A] [INFO] [HEARTBEAT TX]
[2026-09-02T18:49:39.050+00:00][A] [INFO] Node ID: 1
[2026-09-02T18:49:39.050+00:00][A] [INFO] type: 2
[2026-09-02T18:49:39.050+00:00][A] [INFO] Destination: 0xFF
[2026-09-02T18:49:39.054+00:00][B] [INFO] [RF RX] type=2 source=0x01 destination=0xFF previousHop=0x01 sequence=103 ackSequence=0 ttl=8 hops=0 payloadSize=13 rssi=-61 snr=10.25
[2026-09-02T18:49:39.055+00:00][A] [INFO] Sequence: 103
[2026-09-02T18:49:39.056+00:00][A] [INFO] Packet ID: 53
[2026-09-02T18:49:39.061+00:00][A] [INFO] Packet Size: 26
[2026-09-02T18:49:39.061+00:00][A] [INFO] Timestamp: 53 ms
[2026-09-02T18:49:39.062+00:00][A] [INFO] Transmission Result: success
[2026-09-02T18:49:39.067+00:00][A] [INFO] --------------------------------
[2026-09-02T18:49:39.067+00:00][A] [INFO] [Heartbeat #53]
[2026-09-02T18:49:39.072+00:00][A] [INFO] Sent
[2026-09-02T18:49:39.073+00:00][A] [INFO] Waiting ACK...
[2026-09-02T18:49:39.073+00:00][A] [INFO] [WAITING ACK]
[2026-09-02T18:49:39.086+00:00][A] [INFO] [RF TX] type=2 source=0x01 destination=0xFF previousHop=0x01 sequence=103 ackSequence=0 ttl=8 hops=0 payloadSize=13 rssi=0 snr=0.00
[2026-09-02T18:49:39.087+00:00][A] [INFO] Heartbeat packet sent
[2026-09-02T18:49:39.202+00:00][B] [INFO] --------------------------------
[2026-09-02T18:49:39.202+00:00][B] [INFO] [HEARTBEAT TX]
[2026-09-02T18:49:39.207+00:00][B] [INFO] Node ID: 2
[2026-09-02T18:49:39.207+00:00][B] [INFO] type: 2
[2026-09-02T18:49:39.207+00:00][B] [INFO] Destination: 0xFF
[2026-09-02T18:49:39.211+00:00][A] [INFO] [RF RX] type=2 source=0x02 destination=0xFF previousHop=0x02 sequence=114 ackSequence=0 ttl=8 hops=0 payloadSize=13 rssi=-57 snr=10.75
[2026-09-02T18:49:39.213+00:00][B] [INFO] Sequence: 114
[2026-09-02T18:49:39.213+00:00][B] [INFO] Packet ID: 49
[2026-09-02T18:49:39.218+00:00][B] [INFO] Packet Size: 26
[2026-09-02T18:49:39.218+00:00][B] [INFO] Timestamp: 49 ms
[2026-09-02T18:49:39.219+00:00][B] [INFO] Transmission Result: success
[2026-09-02T18:49:39.224+00:00][B] [INFO] --------------------------------
[2026-09-02T18:49:39.224+00:00][B] [INFO] [Heartbeat #49]
[2026-09-02T18:49:39.229+00:00][B] [INFO] Sent
[2026-09-02T18:49:39.230+00:00][B] [INFO] Waiting ACK...
[2026-09-02T18:49:39.230+00:00][B] [INFO] [WAITING ACK]
[2026-09-02T18:49:39.243+00:00][B] [INFO] [RF TX] type=2 source=0x02 destination=0xFF previousHop=0x02 sequence=114 ackSequence=0 ttl=8 hops=0 payloadSize=13 rssi=0 snr=0.00
[2026-09-02T18:49:39.244+00:00][B] [INFO] Heartbeat packet sent
[2026-09-02T18:49:39.334+00:00][A] [WARN] TX_RETRY seq=105
[2026-09-02T18:49:39.396+00:00][A] [INFO] [RF TX] type=1 source=0x01 destination=0x02 previousHop=0x01 sequence=105 ackSequence=0 ttl=8 hops=0 payloadSize=4 rssi=0 snr=0.00
[2026-09-02T18:49:39.398+00:00][B] [INFO] [RF RX] type=1 source=0x01 destination=0x02 previousHop=0x01 sequence=105 ackSequence=0 ttl=8 hops=0 payloadSize=4 rssi=-62 snr=10.00
[2026-09-02T18:49:39.455+00:00][B] [INFO] [RF TX] type=3 source=0x02 destination=0x01 previousHop=0x02 sequence=115 ackSequence=105 ttl=8 hops=0 payloadSize=2 rssi=0 snr=0.00
[2026-09-02T18:49:39.461+00:00][A] [INFO] [RF RX] type=3 source=0x02 destination=0x01 previousHop=0x02 sequence=115 ackSequence=105 ttl=8 hops=0 payloadSize=2 rssi=-58 snr=9.75
[2026-09-02T18:49:39.462+00:00][A] [INFO] ACK_RX seq=105 source=0x02
[2026-09-02T18:49:39.465+00:00][A] [INFO] TEST_DATA_QUEUED dst=0x02 seq=106 remaining=48
[2026-09-02T18:49:39.520+00:00][A] [INFO] [RF TX] type=1 source=0x01 destination=0x02 previousHop=0x01 sequence=106 ackSequence=0 ttl=8 hops=0 payloadSize=4 rssi=0 snr=0.00
[2026-09-02T18:49:39.522+00:00][B] [INFO] [RF RX] type=1 source=0x01 destination=0x02 previousHop=0x01 sequence=106 ackSequence=0 ttl=8 hops=0 payloadSize=4 rssi=-62 snr=9.75
[2026-09-02T18:49:39.579+00:00][B] [INFO] [RF TX] type=3 source=0x02 destination=0x01 previousHop=0x02 sequence=116 ackSequence=106 ttl=8 hops=0 payloadSize=2 rssi=0 snr=0.00
[2026-09-02T18:49:39.585+00:00][A] [INFO] [RF RX] type=3 source=0x02 destination=0x01 previousHop=0x02 sequence=116 ackSequence=106 ttl=8 hops=0 payloadSize=2 rssi=-58 snr=9.50
[2026-09-02T18:49:39.586+00:00][A] [INFO] ACK_RX seq=106 source=0x02
[2026-09-02T18:49:39.589+00:00][A] [INFO] TEST_DATA_QUEUED dst=0x02 seq=107 remaining=47
[2026-09-02T18:49:39.644+00:00][A] [INFO] [RF TX] type=1 source=0x01 destination=0x02 previousHop=0x01 sequence=107 ackSequence=0 ttl=8 hops=0 payloadSize=4 rssi=0 snr=0.00
[2026-09-02T18:49:39.646+00:00][B] [INFO] [RF RX] type=1 source=0x01 destination=0x02 previousHop=0x01 sequence=107 ackSequence=0 ttl=8 hops=0 payloadSize=4 rssi=-62 snr=10.00
[2026-09-02T18:49:39.703+00:00][B] [INFO] [RF TX] type=3 source=0x02 destination=0x01 previousHop=0x02 sequence=117 ackSequence=107 ttl=8 hops=0 payloadSize=2 rssi=0 snr=0.00
[2026-09-02T18:49:39.709+00:00][A] [INFO] [RF RX] type=3 source=0x02 destination=0x01 previousHop=0x02 sequence=117 ackSequence=107 ttl=8 hops=0 payloadSize=2 rssi=-58 snr=10.50
[2026-09-02T18:49:39.710+00:00][A] [INFO] ACK_RX seq=107 source=0x02
[2026-09-02T18:49:39.714+00:00][A] [INFO] TEST_DATA_QUEUED dst=0x02 seq=108 remaining=46
[2026-09-02T18:49:39.768+00:00][A] [INFO] [RF TX] type=1 source=0x01 destination=0x02 previousHop=0x01 sequence=108 ackSequence=0 ttl=8 hops=0 payloadSize=4 rssi=0 snr=0.00
[2026-09-02T18:49:39.770+00:00][B] [INFO] [RF RX] type=1 source=0x01 destination=0x02 previousHop=0x01 sequence=108 ackSequence=0 ttl=8 hops=0 payloadSize=4 rssi=-62 snr=10.00
[2026-09-02T18:49:39.827+00:00][B] [INFO] [RF TX] type=3 source=0x02 destination=0x01 previousHop=0x02 sequence=118 ackSequence=108 ttl=8 hops=0 payloadSize=2 rssi=0 snr=0.00
[2026-09-02T18:49:39.833+00:00][A] [INFO] [RF RX] type=3 source=0x02 destination=0x01 previousHop=0x02 sequence=118 ackSequence=108 ttl=8 hops=0 payloadSize=2 rssi=-58 snr=9.50
[2026-09-02T18:49:39.834+00:00][A] [INFO] ACK_RX seq=108 source=0x02
[2026-09-02T18:49:39.837+00:00][A] [INFO] TEST_DATA_QUEUED dst=0x02 seq=109 remaining=45
[2026-09-02T18:49:39.892+00:00][A] [INFO] [RF TX] type=1 source=0x01 destination=0x02 previousHop=0x01 sequence=109 ackSequence=0 ttl=8 hops=0 payloadSize=4 rssi=0 snr=0.00
[2026-09-02T18:49:39.894+00:00][B] [INFO] [RF RX] type=1 source=0x01 destination=0x02 previousHop=0x01 sequence=109 ackSequence=0 ttl=8 hops=0 payloadSize=4 rssi=-62 snr=9.50
[2026-09-02T18:49:39.951+00:00][B] [INFO] [RF TX] type=3 source=0x02 destination=0x01 previousHop=0x02 sequence=119 ackSequence=109 ttl=8 hops=0 payloadSize=2 rssi=0 snr=0.00
[2026-09-02T18:49:39.961+00:00][A] [INFO] --------------------------------
[2026-09-02T18:49:39.961+00:00][A] [INFO] [HEARTBEAT TX]
[2026-09-02T18:49:39.966+00:00][A] [INFO] Node ID: 1
[2026-09-02T18:49:39.966+00:00][A] [INFO] type: 2
[2026-09-02T18:49:39.967+00:00][A] [INFO] Destination: 0xFF
[2026-09-02T18:49:39.971+00:00][A] [INFO] Sequence: 110
[2026-09-02T18:49:39.972+00:00][A] [INFO] Packet ID: 54
[2026-09-02T18:49:39.977+00:00][A] [INFO] Packet Size: 26
[2026-09-02T18:49:39.977+00:00][A] [INFO] Timestamp: 54 ms
[2026-09-02T18:49:39.978+00:00][A] [INFO] Transmission Result: success
[2026-09-02T18:49:39.983+00:00][A] [INFO] --------------------------------
[2026-09-02T18:49:39.983+00:00][A] [INFO] [Heartbeat #54]
[2026-09-02T18:49:39.988+00:00][A] [INFO] Sent
[2026-09-02T18:49:39.989+00:00][A] [INFO] Waiting ACK...
[2026-09-02T18:49:39.989+00:00][A] [INFO] [WAITING ACK]
[2026-09-02T18:49:40.002+00:00][A] [INFO] [RF TX] type=2 source=0x01 destination=0xFF previousHop=0x01 sequence=110 ackSequence=0 ttl=8 hops=0 payloadSize=13 rssi=0 snr=0.00
[2026-09-02T18:49:40.003+00:00][A] [INFO] Heartbeat packet sent
[2026-09-02T18:49:40.218+00:00][B] [WARN] Retry 1
[2026-09-02T18:49:40.286+00:00][B] [INFO] --------------------------------
[2026-09-02T18:49:40.286+00:00][B] [INFO] [HEARTBEAT TX]
[2026-09-02T18:49:40.291+00:00][B] [INFO] Node ID: 2
[2026-09-02T18:49:40.291+00:00][B] [INFO] type: 2
[2026-09-02T18:49:40.291+00:00][B] [INFO] Destination: 0xFF
[2026-09-02T18:49:40.294+00:00][A] [INFO] [RF RX] type=2 source=0x02 destination=0xFF previousHop=0x02 sequence=114 ackSequence=0 ttl=8 hops=0 payloadSize=13 rssi=-57 snr=9.75
[2026-09-02T18:49:40.297+00:00][B] [INFO] Sequence: 114
[2026-09-02T18:49:40.297+00:00][B] [INFO] Packet ID: 49
[2026-09-02T18:49:40.302+00:00][B] [INFO] Packet Size: 26
[2026-09-02T18:49:40.302+00:00][B] [INFO] Timestamp: 49 ms
[2026-09-02T18:49:40.303+00:00][B] [INFO] Transmission Result: success
[2026-09-02T18:49:40.308+00:00][B] [INFO] --------------------------------
[2026-09-02T18:49:40.308+00:00][B] [INFO] [Heartbeat #49]
[2026-09-02T18:49:40.313+00:00][B] [INFO] Sent
[2026-09-02T18:49:40.314+00:00][B] [INFO] Waiting ACK...
[2026-09-02T18:49:40.314+00:00][B] [INFO] [WAITING ACK]
[2026-09-02T18:49:40.328+00:00][B] [INFO] [RF TX] type=2 source=0x02 destination=0xFF previousHop=0x02 sequence=114 ackSequence=0 ttl=8 hops=0 payloadSize=13 rssi=0 snr=0.00
[2026-09-02T18:49:40.328+00:00][B] [INFO] Heartbeat packet sent
[2026-09-02T18:49:40.892+00:00][A] [WARN] TX_RETRY seq=109
[2026-09-02T18:49:40.954+00:00][A] [INFO] [RF TX] type=1 source=0x01 destination=0x02 previousHop=0x01 sequence=109 ackSequence=0 ttl=8 hops=0 payloadSize=4 rssi=0 snr=0.00
[2026-09-02T18:49:40.978+00:00][A] [WARN] Retry 1
[2026-09-02T18:49:41.003+00:00][B] [INFO] [RF TX] type=3 source=0x02 destination=0x01 previousHop=0x02 sequence=120 ackSequence=109 ttl=8 hops=0 payloadSize=2 rssi=0 snr=0.00
[2026-09-02T18:49:41.045+00:00][A] [INFO] --------------------------------
[2026-09-02T18:49:41.046+00:00][A] [INFO] [HEARTBEAT TX]
[2026-09-02T18:49:41.050+00:00][A] [INFO] Node ID: 1
[2026-09-02T18:49:41.051+00:00][A] [INFO] type: 2
[2026-09-02T18:49:41.051+00:00][A] [INFO] Destination: 0xFF
[2026-09-02T18:49:41.056+00:00][A] [INFO] Sequence: 110
[2026-09-02T18:49:41.056+00:00][A] [INFO] Packet ID: 54
[2026-09-02T18:49:41.061+00:00][A] [INFO] Packet Size: 26
[2026-09-02T18:49:41.061+00:00][A] [INFO] Timestamp: 54 ms
[2026-09-02T18:49:41.062+00:00][A] [INFO] Transmission Result: success
[2026-09-02T18:49:41.067+00:00][A] [INFO] --------------------------------
[2026-09-02T18:49:41.067+00:00][A] [INFO] [Heartbeat #54]
[2026-09-02T18:49:41.072+00:00][A] [INFO] Sent
[2026-09-02T18:49:41.072+00:00][A] [INFO] Waiting ACK...
[2026-09-02T18:49:41.073+00:00][A] [INFO] [WAITING ACK]
[2026-09-02T18:49:41.086+00:00][A] [INFO] [RF TX] type=2 source=0x01 destination=0xFF previousHop=0x01 sequence=110 ackSequence=0 ttl=8 hops=0 payloadSize=13 rssi=0 snr=0.00
[2026-09-02T18:49:41.087+00:00][A] [INFO] Heartbeat packet sent
[2026-09-02T18:49:41.202+00:00][B] [INFO] --------------------------------
[2026-09-02T18:49:41.202+00:00][B] [INFO] [HEARTBEAT TX]
[2026-09-02T18:49:41.207+00:00][B] [INFO] Node ID: 2
[2026-09-02T18:49:41.207+00:00][B] [INFO] type: 2
[2026-09-02T18:49:41.207+00:00][B] [INFO] Destination: 0xFF
[2026-09-02T18:49:41.211+00:00][A] [INFO] [RF RX] type=2 source=0x02 destination=0xFF previousHop=0x02 sequence=121 ackSequence=0 ttl=8 hops=0 payloadSize=13 rssi=-58 snr=10.25
[2026-09-02T18:49:41.213+00:00][B] [INFO] Sequence: 121
[2026-09-02T18:49:41.213+00:00][B] [INFO] Packet ID: 50
[2026-09-02T18:49:41.218+00:00][B] [INFO] Packet Size: 26
[2026-09-02T18:49:41.218+00:00][B] [INFO] Timestamp: 50 ms
[2026-09-02T18:49:41.219+00:00][B] [INFO] Transmission Result: success
[2026-09-02T18:49:41.224+00:00][B] [INFO] --------------------------------
[2026-09-02T18:49:41.224+00:00][B] [INFO] [Heartbeat #50]
[2026-09-02T18:49:41.229+00:00][B] [INFO] Sent
[2026-09-02T18:49:41.230+00:00][B] [INFO] Waiting ACK...
[2026-09-02T18:49:41.230+00:00][B] [INFO] [WAITING ACK]
[2026-09-02T18:49:41.243+00:00][B] [INFO] [RF TX] type=2 source=0x02 destination=0xFF previousHop=0x02 sequence=121 ackSequence=0 ttl=8 hops=0 payloadSize=13 rssi=0 snr=0.00
[2026-09-02T18:49:41.244+00:00][B] [INFO] Heartbeat packet sent
[2026-09-02T18:49:41.961+00:00][A] [INFO] --------------------------------
[2026-09-02T18:49:41.961+00:00][A] [INFO] [HEARTBEAT TX]
[2026-09-02T18:49:41.966+00:00][A] [INFO] Node ID: 1
[2026-09-02T18:49:41.966+00:00][A] [INFO] type: 2
[2026-09-02T18:49:41.966+00:00][A] [INFO] Destination: 0xFF
[2026-09-02T18:49:41.970+00:00][B] [INFO] [RF RX] type=2 source=0x01 destination=0xFF previousHop=0x01 sequence=111 ackSequence=0 ttl=8 hops=0 payloadSize=13 rssi=-62 snr=9.25
[2026-09-02T18:49:41.972+00:00][A] [INFO] Sequence: 111
[2026-09-02T18:49:41.972+00:00][A] [INFO] Packet ID: 55
[2026-09-02T18:49:41.977+00:00][A] [INFO] Packet Size: 26
[2026-09-02T18:49:41.978+00:00][A] [INFO] Timestamp: 55 ms
[2026-09-02T18:49:41.978+00:00][A] [INFO] Transmission Result: success
[2026-09-02T18:49:41.983+00:00][A] [INFO] --------------------------------
[2026-09-02T18:49:41.983+00:00][A] [INFO] [Heartbeat #55]
[2026-09-02T18:49:41.988+00:00][A] [INFO] Sent
[2026-09-02T18:49:41.989+00:00][A] [INFO] Waiting ACK...
[2026-09-02T18:49:41.989+00:00][A] [INFO] [WAITING ACK]
[2026-09-02T18:49:42.005+00:00][A] [INFO] [RF TX] type=2 source=0x01 destination=0xFF previousHop=0x01 sequence=111 ackSequence=0 ttl=8 hops=0 payloadSize=13 rssi=0 snr=0.00
[2026-09-02T18:49:42.005+00:00][A] [INFO] Heartbeat packet sent
[2026-09-02T18:49:42.005+00:00][A] [WARN] TX_RETRY seq=109
[2026-09-02T18:49:42.062+00:00][A] [INFO] [RF TX] type=1 source=0x01 destination=0x02 previousHop=0x01 sequence=109 ackSequence=0 ttl=8 hops=0 payloadSize=4 rssi=0 snr=0.00
[2026-09-02T18:49:42.111+00:00][B] [INFO] [RF TX] type=3 source=0x02 destination=0x01 previousHop=0x02 sequence=122 ackSequence=109 ttl=8 hops=0 payloadSize=2 rssi=0 snr=0.00
[2026-09-02T18:49:42.219+00:00][B] [WARN] Retry 1
[2026-09-02T18:49:42.286+00:00][B] [INFO] --------------------------------
[2026-09-02T18:49:42.286+00:00][B] [INFO] [HEARTBEAT TX]
[2026-09-02T18:49:42.291+00:00][B] [INFO] Node ID: 2
[2026-09-02T18:49:42.291+00:00][B] [INFO] type: 2
[2026-09-02T18:49:42.291+00:00][B] [INFO] Destination: 0xFF
[2026-09-02T18:49:42.294+00:00][A] [INFO] [RF RX] type=2 source=0x02 destination=0xFF previousHop=0x02 sequence=121 ackSequence=0 ttl=8 hops=0 payloadSize=13 rssi=-58 snr=10.25
[2026-09-02T18:49:42.296+00:00][B] [INFO] Sequence: 121
[2026-09-02T18:49:42.296+00:00][B] [INFO] Packet ID: 50
[2026-09-02T18:49:42.302+00:00][B] [INFO] Packet Size: 26
[2026-09-02T18:49:42.302+00:00][B] [INFO] Timestamp: 50 ms
[2026-09-02T18:49:42.302+00:00][B] [INFO] Transmission Result: success
[2026-09-02T18:49:42.307+00:00][B] [INFO] --------------------------------
[2026-09-02T18:49:42.308+00:00][B] [INFO] [Heartbeat #50]
[2026-09-02T18:49:42.313+00:00][B] [INFO] Sent
[2026-09-02T18:49:42.313+00:00][B] [INFO] Waiting ACK...
[2026-09-02T18:49:42.313+00:00][B] [INFO] [WAITING ACK]
[2026-09-02T18:49:42.327+00:00][B] [INFO] [RF TX] type=2 source=0x02 destination=0xFF previousHop=0x02 sequence=121 ackSequence=0 ttl=8 hops=0 payloadSize=13 rssi=0 snr=0.00
[2026-09-02T18:49:42.327+00:00][B] [INFO] Heartbeat packet sent
[2026-09-02T18:49:42.978+00:00][A] [WARN] Retry 1
[2026-09-02T18:49:43.045+00:00][A] [INFO] --------------------------------
[2026-09-02T18:49:43.045+00:00][A] [INFO] [HEARTBEAT TX]
[2026-09-02T18:49:43.050+00:00][A] [INFO] Node ID: 1
[2026-09-02T18:49:43.050+00:00][A] [INFO] type: 2
[2026-09-02T18:49:43.051+00:00][A] [INFO] Destination: 0xFF
[2026-09-02T18:49:43.054+00:00][B] [INFO] [RF RX] type=2 source=0x01 destination=0xFF previousHop=0x01 sequence=111 ackSequence=0 ttl=8 hops=0 payloadSize=13 rssi=-62 snr=9.50
[2026-09-02T18:49:43.055+00:00][A] [INFO] Sequence: 111
[2026-09-02T18:49:43.056+00:00][A] [INFO] Packet ID: 55
[2026-09-02T18:49:43.061+00:00][A] [INFO] Packet Size: 26
[2026-09-02T18:49:43.061+00:00][A] [INFO] Timestamp: 55 ms
[2026-09-02T18:49:43.062+00:00][A] [INFO] Transmission Result: success
[2026-09-02T18:49:43.067+00:00][A] [INFO] --------------------------------
[2026-09-02T18:49:43.067+00:00][A] [INFO] [Heartbeat #55]
[2026-09-02T18:49:43.072+00:00][A] [INFO] Sent
[2026-09-02T18:49:43.072+00:00][A] [INFO] Waiting ACK...
[2026-09-02T18:49:43.073+00:00][A] [INFO] [WAITING ACK]
[2026-09-02T18:49:43.089+00:00][A] [INFO] [RF TX] type=2 source=0x01 destination=0xFF previousHop=0x01 sequence=111 ackSequence=0 ttl=8 hops=0 payloadSize=13 rssi=0 snr=0.00
[2026-09-02T18:49:43.089+00:00][A] [INFO] Heartbeat packet sent
[2026-09-02T18:49:43.089+00:00][A] [WARN] TX_RETRY seq=109
[2026-09-02T18:49:43.146+00:00][A] [INFO] [RF TX] type=1 source=0x01 destination=0x02 previousHop=0x01 sequence=109 ackSequence=0 ttl=8 hops=0 payloadSize=4 rssi=0 snr=0.00
[2026-09-02T18:49:43.201+00:00][B] [INFO] --------------------------------
[2026-09-02T18:49:43.201+00:00][B] [INFO] [HEARTBEAT TX]
[2026-09-02T18:49:43.207+00:00][B] [INFO] Node ID: 2
[2026-09-02T18:49:43.207+00:00][B] [INFO] type: 2
[2026-09-02T18:49:43.207+00:00][B] [INFO] Destination: 0xFF
[2026-09-02T18:49:43.212+00:00][B] [INFO] Sequence: 123
[2026-09-02T18:49:43.212+00:00][B] [INFO] Packet ID: 51
[2026-09-02T18:49:43.218+00:00][B] [INFO] Packet Size: 26
[2026-09-02T18:49:43.218+00:00][B] [INFO] Timestamp: 51 ms
[2026-09-02T18:49:43.218+00:00][B] [INFO] Transmission Result: success
[2026-09-02T18:49:43.223+00:00][B] [INFO] --------------------------------
[2026-09-02T18:49:43.224+00:00][B] [INFO] [Heartbeat #51]
[2026-09-02T18:49:43.229+00:00][B] [INFO] Sent
[2026-09-02T18:49:43.229+00:00][B] [INFO] Waiting ACK...
[2026-09-02T18:49:43.229+00:00][B] [INFO] [WAITING ACK]
[2026-09-02T18:49:43.243+00:00][B] [INFO] [RF TX] type=2 source=0x02 destination=0xFF previousHop=0x02 sequence=123 ackSequence=0 ttl=8 hops=0 payloadSize=13 rssi=0 snr=0.00
[2026-09-02T18:49:43.243+00:00][B] [INFO] Heartbeat packet sent
[2026-09-02T18:49:43.960+00:00][A] [INFO] --------------------------------
[2026-09-02T18:49:43.960+00:00][A] [INFO] [HEARTBEAT TX]
[2026-09-02T18:49:43.966+00:00][A] [INFO] Node ID: 1
[2026-09-02T18:49:43.966+00:00][A] [INFO] type: 2
[2026-09-02T18:49:43.966+00:00][A] [INFO] Destination: 0xFF
[2026-09-02T18:49:43.969+00:00][B] [INFO] [RF RX] type=2 source=0x01 destination=0xFF previousHop=0x01 sequence=112 ackSequence=0 ttl=8 hops=0 payloadSize=13 rssi=-61 snr=10.00
[2026-09-02T18:49:43.971+00:00][A] [INFO] Sequence: 112
[2026-09-02T18:49:43.971+00:00][A] [INFO] Packet ID: 56
[2026-09-02T18:49:43.977+00:00][A] [INFO] Packet Size: 26
[2026-09-02T18:49:43.977+00:00][A] [INFO] Timestamp: 56 ms
[2026-09-02T18:49:43.977+00:00][A] [INFO] Transmission Result: success
[2026-09-02T18:49:43.983+00:00][A] [INFO] --------------------------------
[2026-09-02T18:49:43.983+00:00][A] [INFO] [Heartbeat #56]
[2026-09-02T18:49:43.988+00:00][A] [INFO] Sent
[2026-09-02T18:49:43.988+00:00][A] [INFO] Waiting ACK...
[2026-09-02T18:49:43.988+00:00][A] [INFO] [WAITING ACK]
[2026-09-02T18:49:44.002+00:00][A] [INFO] [RF TX] type=2 source=0x01 destination=0xFF previousHop=0x01 sequence=112 ackSequence=0 ttl=8 hops=0 payloadSize=13 rssi=0 snr=0.00
[2026-09-02T18:49:44.002+00:00][A] [INFO] Heartbeat packet sent
[2026-09-02T18:49:44.150+00:00][A] [ERROR] TX_FAILED
[2026-09-02T18:49:44.150+00:00][A] [WARN] ACK_FAILED seq=109
[2026-09-02T18:49:44.153+00:00][A] [INFO] TEST_DATA_QUEUED dst=0x02 seq=113 remaining=44
[2026-09-02T18:49:44.209+00:00][A] [INFO] [RF TX] type=1 source=0x01 destination=0x02 previousHop=0x01 sequence=113 ackSequence=0 ttl=8 hops=0 payloadSize=4 rssi=0 snr=0.00
[2026-09-02T18:49:44.211+00:00][B] [INFO] [RF RX] type=1 source=0x01 destination=0x02 previousHop=0x01 sequence=113 ackSequence=0 ttl=8 hops=0 payloadSize=4 rssi=-62 snr=9.75
[2026-09-02T18:49:44.270+00:00][B] [INFO] [RF TX] type=3 source=0x02 destination=0x01 previousHop=0x02 sequence=124 ackSequence=113 ttl=8 hops=0 payloadSize=2 rssi=0 snr=0.00
[2026-09-02T18:49:44.270+00:00][B] [WARN] Retry 1
[2026-09-02T18:49:44.274+00:00][A] [INFO] [RF RX] type=3 source=0x02 destination=0x01 previousHop=0x02 sequence=124 ackSequence=113 ttl=8 hops=0 payloadSize=2 rssi=-59 snr=9.50
[2026-09-02T18:49:44.274+00:00][A] [INFO] ACK_RX seq=113 source=0x02
[2026-09-02T18:49:44.278+00:00][A] [INFO] TEST_DATA_QUEUED dst=0x02 seq=114 remaining=43
[2026-09-02T18:49:44.333+00:00][A] [INFO] [RF TX] type=1 source=0x01 destination=0x02 previousHop=0x01 sequence=114 ackSequence=0 ttl=8 hops=0 payloadSize=4 rssi=0 snr=0.00
[2026-09-02T18:49:44.335+00:00][B] [INFO] --------------------------------
[2026-09-02T18:49:44.335+00:00][B] [INFO] [HEARTBEAT TX]
[2026-09-02T18:49:44.341+00:00][B] [INFO] Node ID: 2
[2026-09-02T18:49:44.341+00:00][B] [INFO] type: 2
[2026-09-02T18:49:44.341+00:00][B] [INFO] Destination: 0xFF
[2026-09-02T18:49:44.346+00:00][B] [INFO] Sequence: 123
[2026-09-02T18:49:44.346+00:00][B] [INFO] Packet ID: 51
[2026-09-02T18:49:44.352+00:00][B] [INFO] Packet Size: 26
[2026-09-02T18:49:44.352+00:00][B] [INFO] Timestamp: 51 ms
[2026-09-02T18:49:44.352+00:00][B] [INFO] Transmission Result: success
[2026-09-02T18:49:44.357+00:00][B] [INFO] --------------------------------
[2026-09-02T18:49:44.358+00:00][B] [INFO] [Heartbeat #51]
[2026-09-02T18:49:44.363+00:00][B] [INFO] Sent
[2026-09-02T18:49:44.363+00:00][B] [INFO] Waiting ACK...
[2026-09-02T18:49:44.363+00:00][B] [INFO] [WAITING ACK]
[2026-09-02T18:49:44.377+00:00][B] [INFO] [RF TX] type=2 source=0x02 destination=0xFF previousHop=0x02 sequence=123 ackSequence=0 ttl=8 hops=0 payloadSize=13 rssi=0 snr=0.00
[2026-09-02T18:49:44.377+00:00][B] [INFO] Heartbeat packet sent
[2026-09-02T18:49:44.977+00:00][A] [WARN] Retry 1
[2026-09-02T18:49:45.044+00:00][A] [INFO] --------------------------------
[2026-09-02T18:49:45.045+00:00][A] [INFO] [HEARTBEAT TX]
[2026-09-02T18:49:45.050+00:00][A] [INFO] Node ID: 1
[2026-09-02T18:49:45.050+00:00][A] [INFO] type: 2
[2026-09-02T18:49:45.050+00:00][A] [INFO] Destination: 0xFF
[2026-09-02T18:49:45.053+00:00][B] [INFO] [RF RX] type=2 source=0x01 destination=0xFF previousHop=0x01 sequence=112 ackSequence=0 ttl=8 hops=0 payloadSize=13 rssi=-61 snr=10.00
[2026-09-02T18:49:45.055+00:00][A] [INFO] Sequence: 112
[2026-09-02T18:49:45.055+00:00][A] [INFO] Packet ID: 56
[2026-09-02T18:49:45.061+00:00][A] [INFO] Packet Size: 26
[2026-09-02T18:49:45.061+00:00][A] [INFO] Timestamp: 56 ms
[2026-09-02T18:49:45.061+00:00][A] [INFO] Transmission Result: success
[2026-09-02T18:49:45.067+00:00][A] [INFO] --------------------------------
[2026-09-02T18:49:45.067+00:00][A] [INFO] [Heartbeat #56]
[2026-09-02T18:49:45.072+00:00][A] [INFO] Sent
[2026-09-02T18:49:45.072+00:00][A] [INFO] Waiting ACK...
[2026-09-02T18:49:45.072+00:00][A] [INFO] [WAITING ACK]
[2026-09-02T18:49:45.086+00:00][A] [INFO] [RF TX] type=2 source=0x01 destination=0xFF previousHop=0x01 sequence=112 ackSequence=0 ttl=8 hops=0 payloadSize=13 rssi=0 snr=0.00
[2026-09-02T18:49:45.087+00:00][A] [INFO] Heartbeat packet sent
[2026-09-02T18:49:45.202+00:00][B] [INFO] --------------------------------
[2026-09-02T18:49:45.203+00:00][B] [INFO] [HEARTBEAT TX]
[2026-09-02T18:49:45.207+00:00][B] [INFO] Node ID: 2
[2026-09-02T18:49:45.207+00:00][B] [INFO] type: 2
[2026-09-02T18:49:45.207+00:00][B] [INFO] Destination: 0xFF
[2026-09-02T18:49:45.211+00:00][A] [INFO] [RF RX] type=2 source=0x02 destination=0xFF previousHop=0x02 sequence=125 ackSequence=0 ttl=8 hops=0 payloadSize=13 rssi=-58 snr=10.25
[2026-09-02T18:49:45.212+00:00][B] [INFO] Sequence: 125
[2026-09-02T18:49:45.213+00:00][B] [INFO] Packet ID: 52
[2026-09-02T18:49:45.218+00:00][B] [INFO] Packet Size: 26
[2026-09-02T18:49:45.218+00:00][B] [INFO] Timestamp: 52 ms
[2026-09-02T18:49:45.219+00:00][B] [INFO] Transmission Result: success
[2026-09-02T18:49:45.224+00:00][B] [INFO] --------------------------------
[2026-09-02T18:49:45.224+00:00][B] [INFO] [Heartbeat #52]
[2026-09-02T18:49:45.229+00:00][B] [INFO] Sent
[2026-09-02T18:49:45.229+00:00][B] [INFO] Waiting ACK...
[2026-09-02T18:49:45.230+00:00][B] [INFO] [WAITING ACK]
[2026-09-02T18:49:45.243+00:00][B] [INFO] [RF TX] type=2 source=0x02 destination=0xFF previousHop=0x02 sequence=125 ackSequence=0 ttl=8 hops=0 payloadSize=13 rssi=0 snr=0.00
[2026-09-02T18:49:45.244+00:00][B] [INFO] Heartbeat packet sent
[2026-09-02T18:49:45.334+00:00][A] [WARN] TX_RETRY seq=114
[2026-09-02T18:49:45.396+00:00][A] [INFO] [RF TX] type=1 source=0x01 destination=0x02 previousHop=0x01 sequence=114 ackSequence=0 ttl=8 hops=0 payloadSize=4 rssi=0 snr=0.00
[2026-09-02T18:49:45.397+00:00][B] [INFO] [RF RX] type=1 source=0x01 destination=0x02 previousHop=0x01 sequence=114 ackSequence=0 ttl=8 hops=0 payloadSize=4 rssi=-61 snr=9.50
[2026-09-02T18:49:45.455+00:00][B] [INFO] [RF TX] type=3 source=0x02 destination=0x01 previousHop=0x02 sequence=126 ackSequence=114 ttl=8 hops=0 payloadSize=2 rssi=0 snr=0.00
[2026-09-02T18:49:45.461+00:00][A] [INFO] [RF RX] type=3 source=0x02 destination=0x01 previousHop=0x02 sequence=126 ackSequence=114 ttl=8 hops=0 payloadSize=2 rssi=-59 snr=9.50
[2026-09-02T18:49:45.462+00:00][A] [INFO] ACK_RX seq=114 source=0x02
[2026-09-02T18:49:45.465+00:00][A] [INFO] TEST_DATA_QUEUED dst=0x02 seq=115 remaining=42
[2026-09-02T18:49:45.519+00:00][A] [INFO] [RF TX] type=1 source=0x01 destination=0x02 previousHop=0x01 sequence=115 ackSequence=0 ttl=8 hops=0 payloadSize=4 rssi=0 snr=0.00
[2026-09-02T18:49:45.521+00:00][B] [INFO] [RF RX] type=1 source=0x01 destination=0x02 previousHop=0x01 sequence=115 ackSequence=0 ttl=8 hops=0 payloadSize=4 rssi=-63 snr=9.75
[2026-09-02T18:49:45.579+00:00][B] [INFO] [RF TX] type=3 source=0x02 destination=0x01 previousHop=0x02 sequence=127 ackSequence=115 ttl=8 hops=0 payloadSize=2 rssi=0 snr=0.00
[2026-09-02T18:49:45.585+00:00][A] [INFO] [RF RX] type=3 source=0x02 destination=0x01 previousHop=0x02 sequence=127 ackSequence=115 ttl=8 hops=0 payloadSize=2 rssi=-60 snr=10.00
[2026-09-02T18:49:45.585+00:00][A] [INFO] ACK_RX seq=115 source=0x02
[2026-09-02T18:49:45.589+00:00][A] [INFO] TEST_DATA_QUEUED dst=0x02 seq=116 remaining=41
[2026-09-02T18:49:45.643+00:00][A] [INFO] [RF TX] type=1 source=0x01 destination=0x02 previousHop=0x01 sequence=116 ackSequence=0 ttl=8 hops=0 payloadSize=4 rssi=0 snr=0.00
[2026-09-02T18:49:45.645+00:00][B] [INFO] [RF RX] type=1 source=0x01 destination=0x02 previousHop=0x01 sequence=116 ackSequence=0 ttl=8 hops=0 payloadSize=4 rssi=-62 snr=9.75
[2026-09-02T18:49:45.703+00:00][B] [INFO] [RF TX] type=3 source=0x02 destination=0x01 previousHop=0x02 sequence=128 ackSequence=116 ttl=8 hops=0 payloadSize=2 rssi=0 snr=0.00
[2026-09-02T18:49:45.709+00:00][A] [INFO] [RF RX] type=3 source=0x02 destination=0x01 previousHop=0x02 sequence=128 ackSequence=116 ttl=8 hops=0 payloadSize=2 rssi=-60 snr=9.25
[2026-09-02T18:49:45.709+00:00][A] [INFO] ACK_RX seq=116 source=0x02
[2026-09-02T18:49:45.713+00:00][A] [INFO] TEST_DATA_QUEUED dst=0x02 seq=117 remaining=40
[2026-09-02T18:49:45.767+00:00][A] [INFO] [RF TX] type=1 source=0x01 destination=0x02 previousHop=0x01 sequence=117 ackSequence=0 ttl=8 hops=0 payloadSize=4 rssi=0 snr=0.00
[2026-09-02T18:49:45.769+00:00][B] [INFO] [RF RX] type=1 source=0x01 destination=0x02 previousHop=0x01 sequence=117 ackSequence=0 ttl=8 hops=0 payloadSize=4 rssi=-62 snr=9.50
[2026-09-02T18:49:45.830+00:00][B] [INFO] [RF TX] type=3 source=0x02 destination=0x01 previousHop=0x02 sequence=129 ackSequence=117 ttl=8 hops=0 payloadSize=2 rssi=0 snr=0.00
[2026-09-02T18:49:45.833+00:00][A] [INFO] [RF RX] type=3 source=0x02 destination=0x01 previousHop=0x02 sequence=129 ackSequence=117 ttl=8 hops=0 payloadSize=2 rssi=-60 snr=10.00
[2026-09-02T18:49:45.834+00:00][A] [INFO] ACK_RX seq=117 source=0x02
[2026-09-02T18:49:45.838+00:00][A] [INFO] TEST_DATA_QUEUED dst=0x02 seq=118 remaining=39
[2026-09-02T18:49:45.891+00:00][A] [INFO] [RF TX] type=1 source=0x01 destination=0x02 previousHop=0x01 sequence=118 ackSequence=0 ttl=8 hops=0 payloadSize=4 rssi=0 snr=0.00
[2026-09-02T18:49:45.893+00:00][B] [INFO] [RF RX] type=1 source=0x01 destination=0x02 previousHop=0x01 sequence=118 ackSequence=0 ttl=8 hops=0 payloadSize=4 rssi=-62 snr=9.75
[2026-09-02T18:49:45.951+00:00][B] [INFO] [RF TX] type=3 source=0x02 destination=0x01 previousHop=0x02 sequence=130 ackSequence=118 ttl=8 hops=0 payloadSize=2 rssi=0 snr=0.00
[2026-09-02T18:49:45.961+00:00][A] [INFO] --------------------------------
[2026-09-02T18:49:45.961+00:00][A] [INFO] [HEARTBEAT TX]
[2026-09-02T18:49:45.966+00:00][A] [INFO] Node ID: 1
[2026-09-02T18:49:45.966+00:00][A] [INFO] type: 2
[2026-09-02T18:49:45.966+00:00][A] [INFO] Destination: 0xFF
[2026-09-02T18:49:45.972+00:00][A] [INFO] Sequence: 119
[2026-09-02T18:49:45.972+00:00][A] [INFO] Packet ID: 57
[2026-09-02T18:49:45.977+00:00][A] [INFO] Packet Size: 26
[2026-09-02T18:49:45.977+00:00][A] [INFO] Timestamp: 57 ms
[2026-09-02T18:49:45.978+00:00][A] [INFO] Transmission Result: success
[2026-09-02T18:49:45.983+00:00][A] [INFO] --------------------------------
[2026-09-02T18:49:45.983+00:00][A] [INFO] [Heartbeat #57]
[2026-09-02T18:49:45.988+00:00][A] [INFO] Sent
[2026-09-02T18:49:45.989+00:00][A] [INFO] Waiting ACK...
[2026-09-02T18:49:45.989+00:00][A] [INFO] [WAITING ACK]
[2026-09-02T18:49:46.002+00:00][A] [INFO] [RF TX] type=2 source=0x01 destination=0xFF previousHop=0x01 sequence=119 ackSequence=0 ttl=8 hops=0 payloadSize=13 rssi=0 snr=0.00
[2026-09-02T18:49:46.003+00:00][A] [INFO] Heartbeat packet sent
[2026-09-02T18:49:46.219+00:00][B] [WARN] Retry 1
[2026-09-02T18:49:46.286+00:00][B] [INFO] --------------------------------
[2026-09-02T18:49:46.287+00:00][B] [INFO] [HEARTBEAT TX]
[2026-09-02T18:49:46.291+00:00][B] [INFO] Node ID: 2
[2026-09-02T18:49:46.291+00:00][B] [INFO] type: 2
[2026-09-02T18:49:46.291+00:00][B] [INFO] Destination: 0xFF
[2026-09-02T18:49:46.294+00:00][A] [INFO] [RF RX] type=2 source=0x02 destination=0xFF previousHop=0x02 sequence=125 ackSequence=0 ttl=8 hops=0 payloadSize=13 rssi=-58 snr=10.50
[2026-09-02T18:49:46.296+00:00][B] [INFO] Sequence: 125
[2026-09-02T18:49:46.297+00:00][B] [INFO] Packet ID: 52
[2026-09-02T18:49:46.302+00:00][B] [INFO] Packet Size: 26
[2026-09-02T18:49:46.302+00:00][B] [INFO] Timestamp: 52 ms
[2026-09-02T18:49:46.303+00:00][B] [INFO] Transmission Result: success
[2026-09-02T18:49:46.308+00:00][B] [INFO] --------------------------------
[2026-09-02T18:49:46.308+00:00][B] [INFO] [Heartbeat #52]
[2026-09-02T18:49:46.313+00:00][B] [INFO] Sent
[2026-09-02T18:49:46.313+00:00][B] [INFO] Waiting ACK...
[2026-09-02T18:49:46.314+00:00][B] [INFO] [WAITING ACK]
[2026-09-02T18:49:46.327+00:00][B] [INFO] [RF TX] type=2 source=0x02 destination=0xFF previousHop=0x02 sequence=125 ackSequence=0 ttl=8 hops=0 payloadSize=13 rssi=0 snr=0.00
[2026-09-02T18:49:46.328+00:00][B] [INFO] Heartbeat packet sent
[2026-09-02T18:49:46.891+00:00][A] [WARN] TX_RETRY seq=118
[2026-09-02T18:49:46.956+00:00][A] [INFO] [RF TX] type=1 source=0x01 destination=0x02 previousHop=0x01 sequence=118 ackSequence=0 ttl=8 hops=0 payloadSize=4 rssi=0 snr=0.00
[2026-09-02T18:49:46.978+00:00][A] [WARN] Retry 1
[2026-09-02T18:49:47.003+00:00][B] [INFO] [RF TX] type=3 source=0x02 destination=0x01 previousHop=0x02 sequence=131 ackSequence=118 ttl=8 hops=0 payloadSize=2 rssi=0 snr=0.00
[2026-09-02T18:49:47.045+00:00][A] [INFO] --------------------------------
[2026-09-02T18:49:47.047+00:00][A] [INFO] [HEARTBEAT TX]
[2026-09-02T18:49:47.050+00:00][A] [INFO] Node ID: 1
[2026-09-02T18:49:47.050+00:00][A] [INFO] type: 2
[2026-09-02T18:49:47.051+00:00][A] [INFO] Destination: 0xFF
[2026-09-02T18:49:47.055+00:00][A] [INFO] Sequence: 119
[2026-09-02T18:49:47.056+00:00][A] [INFO] Packet ID: 57
[2026-09-02T18:49:47.061+00:00][A] [INFO] Packet Size: 26
[2026-09-02T18:49:47.061+00:00][A] [INFO] Timestamp: 57 ms
[2026-09-02T18:49:47.061+00:00][A] [INFO] Transmission Result: success
[2026-09-02T18:49:47.067+00:00][A] [INFO] --------------------------------
[2026-09-02T18:49:47.067+00:00][A] [INFO] [Heartbeat #57]
[2026-09-02T18:49:47.072+00:00][A] [INFO] Sent
[2026-09-02T18:49:47.072+00:00][A] [INFO] Waiting ACK...
[2026-09-02T18:49:47.073+00:00][A] [INFO] [WAITING ACK]
[2026-09-02T18:49:47.086+00:00][A] [INFO] [RF TX] type=2 source=0x01 destination=0xFF previousHop=0x01 sequence=119 ackSequence=0 ttl=8 hops=0 payloadSize=13 rssi=0 snr=0.00
[2026-09-02T18:49:47.087+00:00][A] [INFO] Heartbeat packet sent
[2026-09-02T18:49:47.203+00:00][B] [INFO] --------------------------------
[2026-09-02T18:49:47.203+00:00][B] [INFO] [HEARTBEAT TX]
[2026-09-02T18:49:47.207+00:00][B] [INFO] Node ID: 2
[2026-09-02T18:49:47.207+00:00][B] [INFO] type: 2
[2026-09-02T18:49:47.207+00:00][B] [INFO] Destination: 0xFF
[2026-09-02T18:49:47.210+00:00][A] [INFO] [RF RX] type=2 source=0x02 destination=0xFF previousHop=0x02 sequence=132 ackSequence=0 ttl=8 hops=0 payloadSize=13 rssi=-59 snr=9.50
[2026-09-02T18:49:47.212+00:00][B] [INFO] Sequence: 132
[2026-09-02T18:49:47.213+00:00][B] [INFO] Packet ID: 53
[2026-09-02T18:49:47.218+00:00][B] [INFO] Packet Size: 26
[2026-09-02T18:49:47.218+00:00][B] [INFO] Timestamp: 53 ms
[2026-09-02T18:49:47.219+00:00][B] [INFO] Transmission Result: success
[2026-09-02T18:49:47.224+00:00][B] [INFO] --------------------------------
[2026-09-02T18:49:47.224+00:00][B] [INFO] [Heartbeat #53]
[2026-09-02T18:49:47.229+00:00][B] [INFO] Sent
[2026-09-02T18:49:47.229+00:00][B] [INFO] Waiting ACK...
[2026-09-02T18:49:47.230+00:00][B] [INFO] [WAITING ACK]
[2026-09-02T18:49:47.243+00:00][B] [INFO] [RF TX] type=2 source=0x02 destination=0xFF previousHop=0x02 sequence=132 ackSequence=0 ttl=8 hops=0 payloadSize=13 rssi=0 snr=0.00
[2026-09-02T18:49:47.244+00:00][B] [INFO] Heartbeat packet sent
[2026-09-02T18:49:47.961+00:00][A] [INFO] --------------------------------
[2026-09-02T18:49:47.961+00:00][A] [INFO] [HEARTBEAT TX]
[2026-09-02T18:49:47.966+00:00][A] [INFO] Node ID: 1
[2026-09-02T18:49:47.966+00:00][A] [INFO] type: 2
[2026-09-02T18:49:47.966+00:00][A] [INFO] Destination: 0xFF
[2026-09-02T18:49:47.969+00:00][B] [INFO] [RF RX] type=2 source=0x01 destination=0xFF previousHop=0x01 sequence=120 ackSequence=0 ttl=8 hops=0 payloadSize=13 rssi=-61 snr=9.75
[2026-09-02T18:49:47.971+00:00][A] [INFO] Sequence: 120
[2026-09-02T18:49:47.972+00:00][A] [INFO] Packet ID: 58
[2026-09-02T18:49:47.977+00:00][A] [INFO] Packet Size: 26
[2026-09-02T18:49:47.977+00:00][A] [INFO] Timestamp: 58 ms
[2026-09-02T18:49:47.977+00:00][A] [INFO] Transmission Result: success
[2026-09-02T18:49:47.983+00:00][A] [INFO] --------------------------------
[2026-09-02T18:49:47.983+00:00][A] [INFO] [Heartbeat #58]
[2026-09-02T18:49:47.988+00:00][A] [INFO] Sent
[2026-09-02T18:49:47.988+00:00][A] [INFO] Waiting ACK...
[2026-09-02T18:49:47.988+00:00][A] [INFO] [WAITING ACK]
[2026-09-02T18:49:48.005+00:00][A] [INFO] [RF TX] type=2 source=0x01 destination=0xFF previousHop=0x01 sequence=120 ackSequence=0 ttl=8 hops=0 payloadSize=13 rssi=0 snr=0.00
[2026-09-02T18:49:48.005+00:00][A] [INFO] Heartbeat packet sent
[2026-09-02T18:49:48.005+00:00][A] [WARN] TX_RETRY seq=118
[2026-09-02T18:49:48.062+00:00][A] [INFO] [RF TX] type=1 source=0x01 destination=0x02 previousHop=0x01 sequence=118 ackSequence=0 ttl=8 hops=0 payloadSize=4 rssi=0 snr=0.00
[2026-09-02T18:49:48.111+00:00][B] [INFO] [RF TX] type=3 source=0x02 destination=0x01 previousHop=0x02 sequence=133 ackSequence=118 ttl=8 hops=0 payloadSize=2 rssi=0 snr=0.00
[2026-09-02T18:49:48.219+00:00][B] [WARN] Retry 1
[2026-09-02T18:49:48.286+00:00][B] [INFO] --------------------------------
[2026-09-02T18:49:48.286+00:00][B] [INFO] [HEARTBEAT TX]
[2026-09-02T18:49:48.291+00:00][B] [INFO] Node ID: 2
[2026-09-02T18:49:48.291+00:00][B] [INFO] type: 2
[2026-09-02T18:49:48.291+00:00][B] [INFO] Destination: 0xFF
[2026-09-02T18:49:48.294+00:00][A] [INFO] [RF RX] type=2 source=0x02 destination=0xFF previousHop=0x02 sequence=132 ackSequence=0 ttl=8 hops=0 payloadSize=13 rssi=-59 snr=9.75
[2026-09-02T18:49:48.297+00:00][B] [INFO] Sequence: 132
[2026-09-02T18:49:48.298+00:00][B] [INFO] Packet ID: 53
[2026-09-02T18:49:48.302+00:00][B] [INFO] Packet Size: 26
[2026-09-02T18:49:48.302+00:00][B] [INFO] Timestamp: 53 ms
[2026-09-02T18:49:48.302+00:00][B] [INFO] Transmission Result: success
[2026-09-02T18:49:48.307+00:00][B] [INFO] --------------------------------
[2026-09-02T18:49:48.308+00:00][B] [INFO] [Heartbeat #53]
[2026-09-02T18:49:48.313+00:00][B] [INFO] Sent
[2026-09-02T18:49:48.313+00:00][B] [INFO] Waiting ACK...
[2026-09-02T18:49:48.314+00:00][B] [INFO] [WAITING ACK]
[2026-09-02T18:49:48.327+00:00][B] [INFO] [RF TX] type=2 source=0x02 destination=0xFF previousHop=0x02 sequence=132 ackSequence=0 ttl=8 hops=0 payloadSize=13 rssi=0 snr=0.00
[2026-09-02T18:49:48.328+00:00][B] [INFO] Heartbeat packet sent
[2026-09-02T18:49:48.977+00:00][A] [WARN] Retry 1
[2026-09-02T18:49:49.044+00:00][A] [INFO] --------------------------------
[2026-09-02T18:49:49.044+00:00][A] [INFO] [HEARTBEAT TX]
[2026-09-02T18:49:49.050+00:00][A] [INFO] Node ID: 1
[2026-09-02T18:49:49.050+00:00][A] [INFO] type: 2
[2026-09-02T18:49:49.050+00:00][A] [INFO] Destination: 0xFF
[2026-09-02T18:49:49.053+00:00][B] [INFO] [RF RX] type=2 source=0x01 destination=0xFF previousHop=0x01 sequence=120 ackSequence=0 ttl=8 hops=0 payloadSize=13 rssi=-61 snr=9.50
[2026-09-02T18:49:49.055+00:00][A] [INFO] Sequence: 120
[2026-09-02T18:49:49.055+00:00][A] [INFO] Packet ID: 58
[2026-09-02T18:49:49.061+00:00][A] [INFO] Packet Size: 26
[2026-09-02T18:49:49.061+00:00][A] [INFO] Timestamp: 58 ms
[2026-09-02T18:49:49.061+00:00][A] [INFO] Transmission Result: success
[2026-09-02T18:49:49.066+00:00][A] [INFO] --------------------------------
[2026-09-02T18:49:49.066+00:00][A] [INFO] [Heartbeat #58]
[2026-09-02T18:49:49.072+00:00][A] [INFO] Sent
[2026-09-02T18:49:49.072+00:00][A] [INFO] Waiting ACK...
[2026-09-02T18:49:49.072+00:00][A] [INFO] [WAITING ACK]
[2026-09-02T18:49:49.088+00:00][A] [INFO] [RF TX] type=2 source=0x01 destination=0xFF previousHop=0x01 sequence=120 ackSequence=0 ttl=8 hops=0 payloadSize=13 rssi=0 snr=0.00
[2026-09-02T18:49:49.088+00:00][A] [INFO] Heartbeat packet sent
[2026-09-02T18:49:49.089+00:00][A] [WARN] TX_RETRY seq=118
[2026-09-02T18:49:49.146+00:00][A] [INFO] [RF TX] type=1 source=0x01 destination=0x02 previousHop=0x01 sequence=118 ackSequence=0 ttl=8 hops=0 payloadSize=4 rssi=0 snr=0.00
[2026-09-02T18:49:49.202+00:00][B] [INFO] --------------------------------
[2026-09-02T18:49:49.202+00:00][B] [INFO] [HEARTBEAT TX]
[2026-09-02T18:49:49.207+00:00][B] [INFO] Node ID: 2
[2026-09-02T18:49:49.207+00:00][B] [INFO] type: 2
[2026-09-02T18:49:49.208+00:00][B] [INFO] Destination: 0xFF
[2026-09-02T18:49:49.212+00:00][B] [INFO] Sequence: 134
[2026-09-02T18:49:49.213+00:00][B] [INFO] Packet ID: 54
[2026-09-02T18:49:49.218+00:00][B] [INFO] Packet Size: 26
[2026-09-02T18:49:49.218+00:00][B] [INFO] Timestamp: 54 ms
[2026-09-02T18:49:49.219+00:00][B] [INFO] Transmission Result: success
[2026-09-02T18:49:49.224+00:00][B] [INFO] --------------------------------
[2026-09-02T18:49:49.224+00:00][B] [INFO] [Heartbeat #54]
[2026-09-02T18:49:49.229+00:00][B] [INFO] Sent
[2026-09-02T18:49:49.229+00:00][B] [INFO] Waiting ACK...
[2026-09-02T18:49:49.230+00:00][B] [INFO] [WAITING ACK]
[2026-09-02T18:49:49.243+00:00][B] [INFO] [RF TX] type=2 source=0x02 destination=0xFF previousHop=0x02 sequence=134 ackSequence=0 ttl=8 hops=0 payloadSize=13 rssi=0 snr=0.00
[2026-09-02T18:49:49.244+00:00][B] [INFO] Heartbeat packet sent
[2026-09-02T18:49:49.961+00:00][A] [INFO] --------------------------------
[2026-09-02T18:49:49.961+00:00][A] [INFO] [HEARTBEAT TX]
[2026-09-02T18:49:49.966+00:00][A] [INFO] Node ID: 1
[2026-09-02T18:49:49.966+00:00][A] [INFO] type: 2
[2026-09-02T18:49:49.966+00:00][A] [INFO] Destination: 0xFF
[2026-09-02T18:49:49.969+00:00][B] [INFO] [RF RX] type=2 source=0x01 destination=0xFF previousHop=0x01 sequence=121 ackSequence=0 ttl=8 hops=0 payloadSize=13 rssi=-60 snr=9.75
[2026-09-02T18:49:49.971+00:00][A] [INFO] Sequence: 121
[2026-09-02T18:49:49.971+00:00][A] [INFO] Packet ID: 59
[2026-09-02T18:49:49.977+00:00][A] [INFO] Packet Size: 26
[2026-09-02T18:49:49.977+00:00][A] [INFO] Timestamp: 59 ms
[2026-09-02T18:49:49.977+00:00][A] [INFO] Transmission Result: success
[2026-09-02T18:49:49.983+00:00][A] [INFO] --------------------------------
[2026-09-02T18:49:49.983+00:00][A] [INFO] [Heartbeat #59]
[2026-09-02T18:49:49.988+00:00][A] [INFO] Sent
[2026-09-02T18:49:49.988+00:00][A] [INFO] Waiting ACK...
[2026-09-02T18:49:49.989+00:00][A] [INFO] [WAITING ACK]
[2026-09-02T18:49:50.002+00:00][A] [INFO] [RF TX] type=2 source=0x01 destination=0xFF previousHop=0x01 sequence=121 ackSequence=0 ttl=8 hops=0 payloadSize=13 rssi=0 snr=0.00
[2026-09-02T18:49:50.003+00:00][A] [INFO] Heartbeat packet sent
[2026-09-02T18:49:50.150+00:00][A] [ERROR] TX_FAILED
[2026-09-02T18:49:50.150+00:00][A] [WARN] ACK_FAILED seq=118
[2026-09-02T18:49:50.153+00:00][A] [INFO] TEST_DATA_QUEUED dst=0x02 seq=122 remaining=38
[2026-09-02T18:49:50.209+00:00][A] [INFO] [RF TX] type=1 source=0x01 destination=0x02 previousHop=0x01 sequence=122 ackSequence=0 ttl=8 hops=0 payloadSize=4 rssi=0 snr=0.00
[2026-09-02T18:49:50.211+00:00][B] [INFO] [RF RX] type=1 source=0x01 destination=0x02 previousHop=0x01 sequence=122 ackSequence=0 ttl=8 hops=0 payloadSize=4 rssi=-62 snr=10.00
[2026-09-02T18:49:50.270+00:00][B] [INFO] [RF TX] type=3 source=0x02 destination=0x01 previousHop=0x02 sequence=135 ackSequence=122 ttl=8 hops=0 payloadSize=2 rssi=0 snr=0.00
[2026-09-02T18:49:50.270+00:00][B] [WARN] Retry 1
[2026-09-02T18:49:50.274+00:00][A] [INFO] [RF RX] type=3 source=0x02 destination=0x01 previousHop=0x02 sequence=135 ackSequence=122 ttl=8 hops=0 payloadSize=2 rssi=-59 snr=10.00
[2026-09-02T18:49:50.275+00:00][A] [INFO] ACK_RX seq=122 source=0x02
[2026-09-02T18:49:50.278+00:00][A] [INFO] TEST_DATA_QUEUED dst=0x02 seq=123 remaining=37
[2026-09-02T18:49:50.333+00:00][A] [INFO] [RF TX] type=1 source=0x01 destination=0x02 previousHop=0x01 sequence=123 ackSequence=0 ttl=8 hops=0 payloadSize=4 rssi=0 snr=0.00
[2026-09-02T18:49:50.335+00:00][B] [INFO] --------------------------------
[2026-09-02T18:49:50.336+00:00][B] [INFO] [HEARTBEAT TX]
[2026-09-02T18:49:50.341+00:00][B] [INFO] Node ID: 2
[2026-09-02T18:49:50.341+00:00][B] [INFO] type: 2
[2026-09-02T18:49:50.341+00:00][B] [INFO] Destination: 0xFF
[2026-09-02T18:49:50.346+00:00][B] [INFO] Sequence: 134
[2026-09-02T18:49:50.347+00:00][B] [INFO] Packet ID: 54
[2026-09-02T18:49:50.351+00:00][B] [INFO] Packet Size: 26
[2026-09-02T18:49:50.352+00:00][B] [INFO] Timestamp: 54 ms
[2026-09-02T18:49:50.353+00:00][B] [INFO] Transmission Result: success
[2026-09-02T18:49:50.357+00:00][B] [INFO] --------------------------------
[2026-09-02T18:49:50.358+00:00][B] [INFO] [Heartbeat #54]
[2026-09-02T18:49:50.363+00:00][B] [INFO] Sent
[2026-09-02T18:49:50.364+00:00][B] [INFO] Waiting ACK...
[2026-09-02T18:49:50.364+00:00][B] [INFO] [WAITING ACK]
[2026-09-02T18:49:50.377+00:00][B] [INFO] [RF TX] type=2 source=0x02 destination=0xFF previousHop=0x02 sequence=134 ackSequence=0 ttl=8 hops=0 payloadSize=13 rssi=0 snr=0.00
[2026-09-02T18:49:50.378+00:00][B] [INFO] Heartbeat packet sent
[2026-09-02T18:49:50.978+00:00][A] [WARN] Retry 1
[2026-09-02T18:49:51.045+00:00][A] [INFO] --------------------------------
[2026-09-02T18:49:51.045+00:00][A] [INFO] [HEARTBEAT TX]
[2026-09-02T18:49:51.050+00:00][A] [INFO] Node ID: 1
[2026-09-02T18:49:51.050+00:00][A] [INFO] type: 2
[2026-09-02T18:49:51.050+00:00][A] [INFO] Destination: 0xFF
[2026-09-02T18:49:51.053+00:00][B] [INFO] [RF RX] type=2 source=0x01 destination=0xFF previousHop=0x01 sequence=121 ackSequence=0 ttl=8 hops=0 payloadSize=13 rssi=-61 snr=10.00
[2026-09-02T18:49:51.055+00:00][A] [INFO] Sequence: 121
[2026-09-02T18:49:51.056+00:00][A] [INFO] Packet ID: 59
[2026-09-02T18:49:51.061+00:00][A] [INFO] Packet Size: 26
[2026-09-02T18:49:51.061+00:00][A] [INFO] Timestamp: 59 ms
[2026-09-02T18:49:51.061+00:00][A] [INFO] Transmission Result: success
[2026-09-02T18:49:51.067+00:00][A] [INFO] --------------------------------
[2026-09-02T18:49:51.067+00:00][A] [INFO] [Heartbeat #59]
[2026-09-02T18:49:51.072+00:00][A] [INFO] Sent
[2026-09-02T18:49:51.072+00:00][A] [INFO] Waiting ACK...
[2026-09-02T18:49:51.073+00:00][A] [INFO] [WAITING ACK]
[2026-09-02T18:49:51.086+00:00][A] [INFO] [RF TX] type=2 source=0x01 destination=0xFF previousHop=0x01 sequence=121 ackSequence=0 ttl=8 hops=0 payloadSize=13 rssi=0 snr=0.00
[2026-09-02T18:49:51.087+00:00][A] [INFO] Heartbeat packet sent
[2026-09-02T18:49:51.201+00:00][B] [INFO] --------------------------------
[2026-09-02T18:49:51.202+00:00][B] [INFO] [HEARTBEAT TX]
[2026-09-02T18:49:51.207+00:00][B] [INFO] Node ID: 2
[2026-09-02T18:49:51.207+00:00][B] [INFO] type: 2
[2026-09-02T18:49:51.207+00:00][B] [INFO] Destination: 0xFF
[2026-09-02T18:49:51.210+00:00][A] [INFO] [RF RX] type=2 source=0x02 destination=0xFF previousHop=0x02 sequence=136 ackSequence=0 ttl=8 hops=0 payloadSize=13 rssi=-59 snr=10.00
[2026-09-02T18:49:51.212+00:00][B] [INFO] Sequence: 136
[2026-09-02T18:49:51.213+00:00][B] [INFO] Packet ID: 55
[2026-09-02T18:49:51.218+00:00][B] [INFO] Packet Size: 26
[2026-09-02T18:49:51.218+00:00][B] [INFO] Timestamp: 55 ms
[2026-09-02T18:49:51.218+00:00][B] [INFO] Transmission Result: success
[2026-09-02T18:49:51.223+00:00][B] [INFO] --------------------------------
[2026-09-02T18:49:51.224+00:00][B] [INFO] [Heartbeat #55]
[2026-09-02T18:49:51.229+00:00][B] [INFO] Sent
[2026-09-02T18:49:51.229+00:00][B] [INFO] Waiting ACK...
[2026-09-02T18:49:51.230+00:00][B] [INFO] [WAITING ACK]
[2026-09-02T18:49:51.243+00:00][B] [INFO] [RF TX] type=2 source=0x02 destination=0xFF previousHop=0x02 sequence=136 ackSequence=0 ttl=8 hops=0 payloadSize=13 rssi=0 snr=0.00
[2026-09-02T18:49:51.244+00:00][B] [INFO] Heartbeat packet sent
[2026-09-02T18:49:51.333+00:00][A] [WARN] TX_RETRY seq=123
[2026-09-02T18:49:51.396+00:00][A] [INFO] [RF TX] type=1 source=0x01 destination=0x02 previousHop=0x01 sequence=123 ackSequence=0 ttl=8 hops=0 payloadSize=4 rssi=0 snr=0.00
[2026-09-02T18:49:51.398+00:00][B] [INFO] [RF RX] type=1 source=0x01 destination=0x02 previousHop=0x01 sequence=123 ackSequence=0 ttl=8 hops=0 payloadSize=4 rssi=-61 snr=10.00
[2026-09-02T18:49:51.455+00:00][B] [INFO] [RF TX] type=3 source=0x02 destination=0x01 previousHop=0x02 sequence=137 ackSequence=123 ttl=8 hops=0 payloadSize=2 rssi=0 snr=0.00
[2026-09-02T18:49:51.461+00:00][A] [INFO] [RF RX] type=3 source=0x02 destination=0x01 previousHop=0x02 sequence=137 ackSequence=123 ttl=8 hops=0 payloadSize=2 rssi=-60 snr=9.25
[2026-09-02T18:49:51.461+00:00][A] [INFO] ACK_RX seq=123 source=0x02
[2026-09-02T18:49:51.465+00:00][A] [INFO] TEST_DATA_QUEUED dst=0x02 seq=124 remaining=36
[2026-09-02T18:49:51.519+00:00][A] [INFO] [RF TX] type=1 source=0x01 destination=0x02 previousHop=0x01 sequence=124 ackSequence=0 ttl=8 hops=0 payloadSize=4 rssi=0 snr=0.00
[2026-09-02T18:49:51.521+00:00][B] [INFO] [RF RX] type=1 source=0x01 destination=0x02 previousHop=0x01 sequence=124 ackSequence=0 ttl=8 hops=0 payloadSize=4 rssi=-62 snr=9.50
[2026-09-02T18:49:51.579+00:00][B] [INFO] [RF TX] type=3 source=0x02 destination=0x01 previousHop=0x02 sequence=138 ackSequence=124 ttl=8 hops=0 payloadSize=2 rssi=0 snr=0.00
[2026-09-02T18:49:51.585+00:00][A] [INFO] [RF RX] type=3 source=0x02 destination=0x01 previousHop=0x02 sequence=138 ackSequence=124 ttl=8 hops=0 payloadSize=2 rssi=-60 snr=9.75
[2026-09-02T18:49:51.586+00:00][A] [INFO] ACK_RX seq=124 source=0x02
[2026-09-02T18:49:51.589+00:00][A] [INFO] TEST_DATA_QUEUED dst=0x02 seq=125 remaining=35
[2026-09-02T18:49:51.643+00:00][A] [INFO] [RF TX] type=1 source=0x01 destination=0x02 previousHop=0x01 sequence=125 ackSequence=0 ttl=8 hops=0 payloadSize=4 rssi=0 snr=0.00
[2026-09-02T18:49:51.645+00:00][B] [INFO] [RF RX] type=1 source=0x01 destination=0x02 previousHop=0x01 sequence=125 ackSequence=0 ttl=8 hops=0 payloadSize=4 rssi=-62 snr=9.25
[2026-09-02T18:49:51.703+00:00][B] [INFO] [RF TX] type=3 source=0x02 destination=0x01 previousHop=0x02 sequence=139 ackSequence=125 ttl=8 hops=0 payloadSize=2 rssi=0 snr=0.00
[2026-09-02T18:49:51.709+00:00][A] [INFO] [RF RX] type=3 source=0x02 destination=0x01 previousHop=0x02 sequence=139 ackSequence=125 ttl=8 hops=0 payloadSize=2 rssi=-60 snr=9.25
[2026-09-02T18:49:51.710+00:00][A] [INFO] ACK_RX seq=125 source=0x02
[2026-09-02T18:49:51.713+00:00][A] [INFO] TEST_DATA_QUEUED dst=0x02 seq=126 remaining=34
[2026-09-02T18:49:51.767+00:00][A] [INFO] [RF TX] type=1 source=0x01 destination=0x02 previousHop=0x01 sequence=126 ackSequence=0 ttl=8 hops=0 payloadSize=4 rssi=0 snr=0.00
[2026-09-02T18:49:51.769+00:00][B] [INFO] [RF RX] type=1 source=0x01 destination=0x02 previousHop=0x01 sequence=126 ackSequence=0 ttl=8 hops=0 payloadSize=4 rssi=-61 snr=10.00
[2026-09-02T18:49:51.827+00:00][B] [INFO] [RF TX] type=3 source=0x02 destination=0x01 previousHop=0x02 sequence=140 ackSequence=126 ttl=8 hops=0 payloadSize=2 rssi=0 snr=0.00
[2026-09-02T18:49:51.833+00:00][A] [INFO] [RF RX] type=3 source=0x02 destination=0x01 previousHop=0x02 sequence=140 ackSequence=126 ttl=8 hops=0 payloadSize=2 rssi=-59 snr=10.00
[2026-09-02T18:49:51.834+00:00][A] [INFO] ACK_RX seq=126 source=0x02
[2026-09-02T18:49:51.837+00:00][A] [INFO] TEST_DATA_QUEUED dst=0x02 seq=127 remaining=33
[2026-09-02T18:49:51.891+00:00][A] [INFO] [RF TX] type=1 source=0x01 destination=0x02 previousHop=0x01 sequence=127 ackSequence=0 ttl=8 hops=0 payloadSize=4 rssi=0 snr=0.00
[2026-09-02T18:49:51.893+00:00][B] [INFO] [RF RX] type=1 source=0x01 destination=0x02 previousHop=0x01 sequence=127 ackSequence=0 ttl=8 hops=0 payloadSize=4 rssi=-61 snr=9.50
[2026-09-02T18:49:51.951+00:00][B] [INFO] [RF TX] type=3 source=0x02 destination=0x01 previousHop=0x02 sequence=141 ackSequence=127 ttl=8 hops=0 payloadSize=2 rssi=0 snr=0.00
[2026-09-02T18:49:51.960+00:00][A] [INFO] --------------------------------
[2026-09-02T18:49:51.961+00:00][A] [INFO] [HEARTBEAT TX]
[2026-09-02T18:49:51.966+00:00][A] [INFO] Node ID: 1
[2026-09-02T18:49:51.966+00:00][A] [INFO] type: 2
[2026-09-02T18:49:51.966+00:00][A] [INFO] Destination: 0xFF
[2026-09-02T18:49:51.971+00:00][A] [INFO] Sequence: 128
[2026-09-02T18:49:51.972+00:00][A] [INFO] Packet ID: 60
[2026-09-02T18:49:51.977+00:00][A] [INFO] Packet Size: 26
[2026-09-02T18:49:51.977+00:00][A] [INFO] Timestamp: 60 ms
[2026-09-02T18:49:51.977+00:00][A] [INFO] Transmission Result: success
[2026-09-02T18:49:51.983+00:00][A] [INFO] --------------------------------
[2026-09-02T18:49:51.983+00:00][A] [INFO] [Heartbeat #60]
[2026-09-02T18:49:51.988+00:00][A] [INFO] Sent
[2026-09-02T18:49:51.988+00:00][A] [INFO] Waiting ACK...
[2026-09-02T18:49:51.989+00:00][A] [INFO] [WAITING ACK]
[2026-09-02T18:49:52.002+00:00][A] [INFO] [RF TX] type=2 source=0x01 destination=0xFF previousHop=0x01 sequence=128 ackSequence=0 ttl=8 hops=0 payloadSize=13 rssi=0 snr=0.00
[2026-09-02T18:49:52.003+00:00][A] [INFO] Heartbeat packet sent
[2026-09-02T18:49:52.218+00:00][B] [WARN] Retry 1
[2026-09-02T18:49:52.286+00:00][B] [INFO] --------------------------------
[2026-09-02T18:49:52.286+00:00][B] [INFO] [HEARTBEAT TX]
[2026-09-02T18:49:52.291+00:00][B] [INFO] Node ID: 2
[2026-09-02T18:49:52.291+00:00][B] [INFO] type: 2
[2026-09-02T18:49:52.292+00:00][B] [INFO] Destination: 0xFF
[2026-09-02T18:49:52.294+00:00][A] [INFO] [RF RX] type=2 source=0x02 destination=0xFF previousHop=0x02 sequence=136 ackSequence=0 ttl=8 hops=0 payloadSize=13 rssi=-58 snr=10.00
[2026-09-02T18:49:52.296+00:00][B] [INFO] Sequence: 136
[2026-09-02T18:49:52.297+00:00][B] [INFO] Packet ID: 55
[2026-09-02T18:49:52.302+00:00][B] [INFO] Packet Size: 26
[2026-09-02T18:49:52.302+00:00][B] [INFO] Timestamp: 55 ms
[2026-09-02T18:49:52.303+00:00][B] [INFO] Transmission Result: success
[2026-09-02T18:49:52.308+00:00][B] [INFO] --------------------------------
[2026-09-02T18:49:52.308+00:00][B] [INFO] [Heartbeat #55]
[2026-09-02T18:49:52.313+00:00][B] [INFO] Sent
[2026-09-02T18:49:52.313+00:00][B] [INFO] Waiting ACK...
[2026-09-02T18:49:52.314+00:00][B] [INFO] [WAITING ACK]
[2026-09-02T18:49:52.327+00:00][B] [INFO] [RF TX] type=2 source=0x02 destination=0xFF previousHop=0x02 sequence=136 ackSequence=0 ttl=8 hops=0 payloadSize=13 rssi=0 snr=0.00
[2026-09-02T18:49:52.328+00:00][B] [INFO] Heartbeat packet sent
[2026-09-02T18:49:52.892+00:00][A] [WARN] TX_RETRY seq=127
[2026-09-02T18:49:52.954+00:00][A] [INFO] [RF TX] type=1 source=0x01 destination=0x02 previousHop=0x01 sequence=127 ackSequence=0 ttl=8 hops=0 payloadSize=4 rssi=0 snr=0.00
[2026-09-02T18:49:52.977+00:00][A] [WARN] Retry 1
[2026-09-02T18:49:53.002+00:00][B] [INFO] [RF TX] type=3 source=0x02 destination=0x01 previousHop=0x02 sequence=142 ackSequence=127 ttl=8 hops=0 payloadSize=2 rssi=0 snr=0.00
[2026-09-02T18:49:53.044+00:00][A] [INFO] --------------------------------
[2026-09-02T18:49:53.044+00:00][A] [INFO] [HEARTBEAT TX]
[2026-09-02T18:49:53.050+00:00][A] [INFO] Node ID: 1
[2026-09-02T18:49:53.050+00:00][A] [INFO] type: 2
[2026-09-02T18:49:53.050+00:00][A] [INFO] Destination: 0xFF
[2026-09-02T18:49:53.055+00:00][A] [INFO] Sequence: 128
[2026-09-02T18:49:53.055+00:00][A] [INFO] Packet ID: 60
[2026-09-02T18:49:53.061+00:00][A] [INFO] Packet Size: 26
[2026-09-02T18:49:53.061+00:00][A] [INFO] Timestamp: 60 ms
[2026-09-02T18:49:53.061+00:00][A] [INFO] Transmission Result: success
[2026-09-02T18:49:53.066+00:00][A] [INFO] --------------------------------
[2026-09-02T18:49:53.067+00:00][A] [INFO] [Heartbeat #60]
[2026-09-02T18:49:53.072+00:00][A] [INFO] Sent
[2026-09-02T18:49:53.072+00:00][A] [INFO] Waiting ACK...
[2026-09-02T18:49:53.072+00:00][A] [INFO] [WAITING ACK]
[2026-09-02T18:49:53.086+00:00][A] [INFO] [RF TX] type=2 source=0x01 destination=0xFF previousHop=0x01 sequence=128 ackSequence=0 ttl=8 hops=0 payloadSize=13 rssi=0 snr=0.00
[2026-09-02T18:49:53.087+00:00][A] [INFO] Heartbeat packet sent
[2026-09-02T18:49:53.202+00:00][B] [INFO] --------------------------------
[2026-09-02T18:49:53.202+00:00][B] [INFO] [HEARTBEAT TX]
[2026-09-02T18:49:53.207+00:00][B] [INFO] Node ID: 2
[2026-09-02T18:49:53.207+00:00][B] [INFO] type: 2
[2026-09-02T18:49:53.208+00:00][B] [INFO] Destination: 0xFF
[2026-09-02T18:49:53.210+00:00][A] [INFO] [RF RX] type=2 source=0x02 destination=0xFF previousHop=0x02 sequence=143 ackSequence=0 ttl=8 hops=0 payloadSize=13 rssi=-59 snr=9.75
[2026-09-02T18:49:53.212+00:00][B] [INFO] Sequence: 143
[2026-09-02T18:49:53.213+00:00][B] [INFO] Packet ID: 56
[2026-09-02T18:49:53.218+00:00][B] [INFO] Packet Size: 26
[2026-09-02T18:49:53.218+00:00][B] [INFO] Timestamp: 56 ms
[2026-09-02T18:49:53.219+00:00][B] [INFO] Transmission Result: success
[2026-09-02T18:49:53.223+00:00][B] [INFO] --------------------------------
[2026-09-02T18:49:53.224+00:00][B] [INFO] [Heartbeat #56]
[2026-09-02T18:49:53.229+00:00][B] [INFO] Sent
[2026-09-02T18:49:53.229+00:00][B] [INFO] Waiting ACK...
[2026-09-02T18:49:53.230+00:00][B] [INFO] [WAITING ACK]
[2026-09-02T18:49:53.243+00:00][B] [INFO] [RF TX] type=2 source=0x02 destination=0xFF previousHop=0x02 sequence=143 ackSequence=0 ttl=8 hops=0 payloadSize=13 rssi=0 snr=0.00
[2026-09-02T18:49:53.244+00:00][B] [INFO] Heartbeat packet sent
[2026-09-02T18:49:53.960+00:00][A] [INFO] --------------------------------
[2026-09-02T18:49:53.961+00:00][A] [INFO] [HEARTBEAT TX]
[2026-09-02T18:49:53.966+00:00][A] [INFO] Node ID: 1
[2026-09-02T18:49:53.966+00:00][A] [INFO] type: 2
[2026-09-02T18:49:53.966+00:00][A] [INFO] Destination: 0xFF
[2026-09-02T18:49:53.969+00:00][B] [INFO] [RF RX] type=2 source=0x01 destination=0xFF previousHop=0x01 sequence=129 ackSequence=0 ttl=8 hops=0 payloadSize=13 rssi=-62 snr=9.75
[2026-09-02T18:49:53.971+00:00][A] [INFO] Sequence: 129
[2026-09-02T18:49:53.971+00:00][A] [INFO] Packet ID: 61
[2026-09-02T18:49:53.977+00:00][A] [INFO] Packet Size: 26
[2026-09-02T18:49:53.977+00:00][A] [INFO] Timestamp: 61 ms
[2026-09-02T18:49:53.977+00:00][A] [INFO] Transmission Result: success
[2026-09-02T18:49:53.982+00:00][A] [INFO] --------------------------------
[2026-09-02T18:49:53.983+00:00][A] [INFO] [Heartbeat #61]
[2026-09-02T18:49:53.988+00:00][A] [INFO] Sent
[2026-09-02T18:49:53.988+00:00][A] [INFO] Waiting ACK...
[2026-09-02T18:49:53.988+00:00][A] [INFO] [WAITING ACK]
[2026-09-02T18:49:54.004+00:00][A] [INFO] [RF TX] type=2 source=0x01 destination=0xFF previousHop=0x01 sequence=129 ackSequence=0 ttl=8 hops=0 payloadSize=13 rssi=0 snr=0.00
[2026-09-02T18:49:54.005+00:00][A] [INFO] Heartbeat packet sent
[2026-09-02T18:49:54.005+00:00][A] [WARN] TX_RETRY seq=127
[2026-09-02T18:49:54.062+00:00][A] [INFO] [RF TX] type=1 source=0x01 destination=0x02 previousHop=0x01 sequence=127 ackSequence=0 ttl=8 hops=0 payloadSize=4 rssi=0 snr=0.00
[2026-09-02T18:49:54.111+00:00][B] [INFO] [RF TX] type=3 source=0x02 destination=0x01 previousHop=0x02 sequence=144 ackSequence=127 ttl=8 hops=0 payloadSize=2 rssi=0 snr=0.00
[2026-09-02T18:49:54.219+00:00][B] [WARN] Retry 1
[2026-09-02T18:49:54.286+00:00][B] [INFO] --------------------------------
[2026-09-02T18:49:54.286+00:00][B] [INFO] [HEARTBEAT TX]
[2026-09-02T18:49:54.291+00:00][B] [INFO] Node ID: 2
[2026-09-02T18:49:54.291+00:00][B] [INFO] type: 2
[2026-09-02T18:49:54.291+00:00][B] [INFO] Destination: 0xFF
[2026-09-02T18:49:54.294+00:00][A] [INFO] [RF RX] type=2 source=0x02 destination=0xFF previousHop=0x02 sequence=143 ackSequence=0 ttl=8 hops=0 payloadSize=13 rssi=-59 snr=9.50
[2026-09-02T18:49:54.296+00:00][B] [INFO] Sequence: 143
[2026-09-02T18:49:54.297+00:00][B] [INFO] Packet ID: 56
[2026-09-02T18:49:54.301+00:00][B] [INFO] Packet Size: 26
[2026-09-02T18:49:54.302+00:00][B] [INFO] Timestamp: 56 ms
[2026-09-02T18:49:54.303+00:00][B] [INFO] Transmission Result: success
[2026-09-02T18:49:54.308+00:00][B] [INFO] --------------------------------
[2026-09-02T18:49:54.308+00:00][B] [INFO] [Heartbeat #56]
[2026-09-02T18:49:54.313+00:00][B] [INFO] Sent
[2026-09-02T18:49:54.314+00:00][B] [INFO] Waiting ACK...
[2026-09-02T18:49:54.314+00:00][B] [INFO] [WAITING ACK]
[2026-09-02T18:49:54.328+00:00][B] [INFO] [RF TX] type=2 source=0x02 destination=0xFF previousHop=0x02 sequence=143 ackSequence=0 ttl=8 hops=0 payloadSize=13 rssi=0 snr=0.00
[2026-09-02T18:49:54.328+00:00][B] [INFO] Heartbeat packet sent
[2026-09-02T18:49:54.977+00:00][A] [WARN] Retry 1
[2026-09-02T18:49:55.044+00:00][A] [INFO] --------------------------------
[2026-09-02T18:49:55.045+00:00][A] [INFO] [HEARTBEAT TX]
[2026-09-02T18:49:55.050+00:00][A] [INFO] Node ID: 1
[2026-09-02T18:49:55.050+00:00][A] [INFO] type: 2
[2026-09-02T18:49:55.050+00:00][A] [INFO] Destination: 0xFF
[2026-09-02T18:49:55.053+00:00][B] [INFO] [RF RX] type=2 source=0x01 destination=0xFF previousHop=0x01 sequence=129 ackSequence=0 ttl=8 hops=0 payloadSize=13 rssi=-61 snr=9.50
[2026-09-02T18:49:55.055+00:00][A] [INFO] Sequence: 129
[2026-09-02T18:49:55.055+00:00][A] [INFO] Packet ID: 61
[2026-09-02T18:49:55.061+00:00][A] [INFO] Packet Size: 26
[2026-09-02T18:49:55.061+00:00][A] [INFO] Timestamp: 61 ms
[2026-09-02T18:49:55.062+00:00][A] [INFO] Transmission Result: success
[2026-09-02T18:49:55.067+00:00][A] [INFO] --------------------------------
[2026-09-02T18:49:55.067+00:00][A] [INFO] [Heartbeat #61]
[2026-09-02T18:49:55.072+00:00][A] [INFO] Sent
[2026-09-02T18:49:55.072+00:00][A] [INFO] Waiting ACK...
[2026-09-02T18:49:55.072+00:00][A] [INFO] [WAITING ACK]
[2026-09-02T18:49:55.088+00:00][A] [INFO] [RF TX] type=2 source=0x01 destination=0xFF previousHop=0x01 sequence=129 ackSequence=0 ttl=8 hops=0 payloadSize=13 rssi=0 snr=0.00
[2026-09-02T18:49:55.089+00:00][A] [INFO] Heartbeat packet sent
[2026-09-02T18:49:55.089+00:00][A] [WARN] TX_RETRY seq=127
[2026-09-02T18:49:55.146+00:00][A] [INFO] [RF TX] type=1 source=0x01 destination=0x02 previousHop=0x01 sequence=127 ackSequence=0 ttl=8 hops=0 payloadSize=4 rssi=0 snr=0.00
[2026-09-02T18:49:55.201+00:00][B] [INFO] --------------------------------
[2026-09-02T18:49:55.201+00:00][B] [INFO] [HEARTBEAT TX]
[2026-09-02T18:49:55.207+00:00][B] [INFO] Node ID: 2
[2026-09-02T18:49:55.207+00:00][B] [INFO] type: 2
[2026-09-02T18:49:55.207+00:00][B] [INFO] Destination: 0xFF
[2026-09-02T18:49:55.212+00:00][B] [INFO] Sequence: 145
[2026-09-02T18:49:55.213+00:00][B] [INFO] Packet ID: 57
[2026-09-02T18:49:55.217+00:00][B] [INFO] Packet Size: 26
[2026-09-02T18:49:55.218+00:00][B] [INFO] Timestamp: 57 ms
[2026-09-02T18:49:55.218+00:00][B] [INFO] Transmission Result: success
[2026-09-02T18:49:55.223+00:00][B] [INFO] --------------------------------
[2026-09-02T18:49:55.224+00:00][B] [INFO] [Heartbeat #57]
[2026-09-02T18:49:55.229+00:00][B] [INFO] Sent
[2026-09-02T18:49:55.229+00:00][B] [INFO] Waiting ACK...
[2026-09-02T18:49:55.229+00:00][B] [INFO] [WAITING ACK]
[2026-09-02T18:49:55.243+00:00][B] [INFO] [RF TX] type=2 source=0x02 destination=0xFF previousHop=0x02 sequence=145 ackSequence=0 ttl=8 hops=0 payloadSize=13 rssi=0 snr=0.00
[2026-09-02T18:49:55.243+00:00][B] [INFO] Heartbeat packet sent
[2026-09-02T18:49:55.960+00:00][A] [INFO] --------------------------------
[2026-09-02T18:49:55.961+00:00][A] [INFO] [HEARTBEAT TX]
[2026-09-02T18:49:55.966+00:00][A] [INFO] Node ID: 1
[2026-09-02T18:49:55.966+00:00][A] [INFO] type: 2
[2026-09-02T18:49:55.966+00:00][A] [INFO] Destination: 0xFF
[2026-09-02T18:49:55.969+00:00][B] [INFO] [RF RX] type=2 source=0x01 destination=0xFF previousHop=0x01 sequence=130 ackSequence=0 ttl=8 hops=0 payloadSize=13 rssi=-61 snr=10.00
[2026-09-02T18:49:55.971+00:00][A] [INFO] Sequence: 130
[2026-09-02T18:49:55.971+00:00][A] [INFO] Packet ID: 62
[2026-09-02T18:49:55.977+00:00][A] [INFO] Packet Size: 26
[2026-09-02T18:49:55.977+00:00][A] [INFO] Timestamp: 62 ms
[2026-09-02T18:49:55.977+00:00][A] [INFO] Transmission Result: success
[2026-09-02T18:49:55.982+00:00][A] [INFO] --------------------------------
[2026-09-02T18:49:55.983+00:00][A] [INFO] [Heartbeat #62]
[2026-09-02T18:49:55.988+00:00][A] [INFO] Sent
[2026-09-02T18:49:55.988+00:00][A] [INFO] Waiting ACK...
[2026-09-02T18:49:55.989+00:00][A] [INFO] [WAITING ACK]
[2026-09-02T18:49:56.002+00:00][A] [INFO] [RF TX] type=2 source=0x01 destination=0xFF previousHop=0x01 sequence=130 ackSequence=0 ttl=8 hops=0 payloadSize=13 rssi=0 snr=0.00
[2026-09-02T18:49:56.003+00:00][A] [INFO] Heartbeat packet sent
[2026-09-02T18:49:56.150+00:00][A] [ERROR] TX_FAILED
[2026-09-02T18:49:56.150+00:00][A] [WARN] ACK_FAILED seq=127
[2026-09-02T18:49:56.153+00:00][A] [INFO] TEST_DATA_QUEUED dst=0x02 seq=131 remaining=32
[2026-09-02T18:49:56.209+00:00][A] [INFO] [RF TX] type=1 source=0x01 destination=0x02 previousHop=0x01 sequence=131 ackSequence=0 ttl=8 hops=0 payloadSize=4 rssi=0 snr=0.00
[2026-09-02T18:49:56.211+00:00][B] [INFO] [RF RX] type=1 source=0x01 destination=0x02 previousHop=0x01 sequence=131 ackSequence=0 ttl=8 hops=0 payloadSize=4 rssi=-61 snr=10.00
[2026-09-02T18:49:56.270+00:00][B] [INFO] [RF TX] type=3 source=0x02 destination=0x01 previousHop=0x02 sequence=146 ackSequence=131 ttl=8 hops=0 payloadSize=2 rssi=0 snr=0.00
[2026-09-02T18:49:56.271+00:00][B] [WARN] Retry 1
[2026-09-02T18:49:56.274+00:00][A] [INFO] [RF RX] type=3 source=0x02 destination=0x01 previousHop=0x02 sequence=146 ackSequence=131 ttl=8 hops=0 payloadSize=2 rssi=-58 snr=10.00
[2026-09-02T18:49:56.275+00:00][A] [INFO] ACK_RX seq=131 source=0x02
[2026-09-02T18:49:56.278+00:00][A] [INFO] TEST_DATA_QUEUED dst=0x02 seq=132 remaining=31
[2026-09-02T18:49:56.333+00:00][A] [INFO] [RF TX] type=1 source=0x01 destination=0x02 previousHop=0x01 sequence=132 ackSequence=0 ttl=8 hops=0 payloadSize=4 rssi=0 snr=0.00
[2026-09-02T18:49:56.335+00:00][B] [INFO] --------------------------------
[2026-09-02T18:49:56.336+00:00][B] [INFO] [HEARTBEAT TX]
[2026-09-02T18:49:56.340+00:00][B] [INFO] Node ID: 2
[2026-09-02T18:49:56.341+00:00][B] [INFO] type: 2
[2026-09-02T18:49:56.341+00:00][B] [INFO] Destination: 0xFF
[2026-09-02T18:49:56.346+00:00][B] [INFO] Sequence: 145
[2026-09-02T18:49:56.346+00:00][B] [INFO] Packet ID: 57
[2026-09-02T18:49:56.351+00:00][B] [INFO] Packet Size: 26
[2026-09-02T18:49:56.352+00:00][B] [INFO] Timestamp: 57 ms
[2026-09-02T18:49:56.352+00:00][B] [INFO] Transmission Result: success
[2026-09-02T18:49:56.357+00:00][B] [INFO] --------------------------------
[2026-09-02T18:49:56.358+00:00][B] [INFO] [Heartbeat #57]
[2026-09-02T18:49:56.363+00:00][B] [INFO] Sent
[2026-09-02T18:49:56.363+00:00][B] [INFO] Waiting ACK...
[2026-09-02T18:49:56.364+00:00][B] [INFO] [WAITING ACK]
[2026-09-02T18:49:56.377+00:00][B] [INFO] [RF TX] type=2 source=0x02 destination=0xFF previousHop=0x02 sequence=145 ackSequence=0 ttl=8 hops=0 payloadSize=13 rssi=0 snr=0.00
[2026-09-02T18:49:56.377+00:00][B] [INFO] Heartbeat packet sent
[2026-09-02T18:49:56.978+00:00][A] [WARN] Retry 1
[2026-09-02T18:49:57.044+00:00][A] [INFO] --------------------------------
[2026-09-02T18:49:57.045+00:00][A] [INFO] [HEARTBEAT TX]
[2026-09-02T18:49:57.050+00:00][A] [INFO] Node ID: 1
[2026-09-02T18:49:57.050+00:00][A] [INFO] type: 2
[2026-09-02T18:49:57.051+00:00][A] [INFO] Destination: 0xFF
[2026-09-02T18:49:57.053+00:00][B] [INFO] [RF RX] type=2 source=0x01 destination=0xFF previousHop=0x01 sequence=130 ackSequence=0 ttl=8 hops=0 payloadSize=13 rssi=-61 snr=10.00
[2026-09-02T18:49:57.055+00:00][A] [INFO] Sequence: 130
[2026-09-02T18:49:57.055+00:00][A] [INFO] Packet ID: 62
[2026-09-02T18:49:57.061+00:00][A] [INFO] Packet Size: 26
[2026-09-02T18:49:57.061+00:00][A] [INFO] Timestamp: 62 ms
[2026-09-02T18:49:57.062+00:00][A] [INFO] Transmission Result: success
[2026-09-02T18:49:57.067+00:00][A] [INFO] --------------------------------
[2026-09-02T18:49:57.067+00:00][A] [INFO] [Heartbeat #62]
[2026-09-02T18:49:57.072+00:00][A] [INFO] Sent
[2026-09-02T18:49:57.072+00:00][A] [INFO] Waiting ACK...
[2026-09-02T18:49:57.073+00:00][A] [INFO] [WAITING ACK]
[2026-09-02T18:49:57.086+00:00][A] [INFO] [RF TX] type=2 source=0x01 destination=0xFF previousHop=0x01 sequence=130 ackSequence=0 ttl=8 hops=0 payloadSize=13 rssi=0 snr=0.00
[2026-09-02T18:49:57.087+00:00][A] [INFO] Heartbeat packet sent
[2026-09-02T18:49:57.202+00:00][B] [INFO] --------------------------------
[2026-09-02T18:49:57.202+00:00][B] [INFO] [HEARTBEAT TX]
[2026-09-02T18:49:57.207+00:00][B] [INFO] Node ID: 2
[2026-09-02T18:49:57.207+00:00][B] [INFO] type: 2
[2026-09-02T18:49:57.207+00:00][B] [INFO] Destination: 0xFF
[2026-09-02T18:49:57.210+00:00][A] [INFO] [RF RX] type=2 source=0x02 destination=0xFF previousHop=0x02 sequence=147 ackSequence=0 ttl=8 hops=0 payloadSize=13 rssi=-59 snr=10.25
[2026-09-02T18:49:57.212+00:00][B] [INFO] Sequence: 147
[2026-09-02T18:49:57.213+00:00][B] [INFO] Packet ID: 58
[2026-09-02T18:49:57.217+00:00][B] [INFO] Packet Size: 26
[2026-09-02T18:49:57.218+00:00][B] [INFO] Timestamp: 58 ms
[2026-09-02T18:49:57.219+00:00][B] [INFO] Transmission Result: success
[2026-09-02T18:49:57.223+00:00][B] [INFO] --------------------------------
[2026-09-02T18:49:57.224+00:00][B] [INFO] [Heartbeat #58]
[2026-09-02T18:49:57.229+00:00][B] [INFO] Sent
[2026-09-02T18:49:57.229+00:00][B] [INFO] Waiting ACK...
[2026-09-02T18:49:57.230+00:00][B] [INFO] [WAITING ACK]
[2026-09-02T18:49:57.243+00:00][B] [INFO] [RF TX] type=2 source=0x02 destination=0xFF previousHop=0x02 sequence=147 ackSequence=0 ttl=8 hops=0 payloadSize=13 rssi=0 snr=0.00
[2026-09-02T18:49:57.243+00:00][B] [INFO] Heartbeat packet sent
[2026-09-02T18:49:57.333+00:00][A] [WARN] TX_RETRY seq=132
[2026-09-02T18:49:57.396+00:00][A] [INFO] [RF TX] type=1 source=0x01 destination=0x02 previousHop=0x01 sequence=132 ackSequence=0 ttl=8 hops=0 payloadSize=4 rssi=0 snr=0.00
[2026-09-02T18:49:57.398+00:00][B] [INFO] [RF RX] type=1 source=0x01 destination=0x02 previousHop=0x01 sequence=132 ackSequence=0 ttl=8 hops=0 payloadSize=4 rssi=-62 snr=9.75
[2026-09-02T18:49:57.455+00:00][B] [INFO] [RF TX] type=3 source=0x02 destination=0x01 previousHop=0x02 sequence=148 ackSequence=132 ttl=8 hops=0 payloadSize=2 rssi=0 snr=0.00
[2026-09-02T18:49:57.461+00:00][A] [INFO] [RF RX] type=3 source=0x02 destination=0x01 previousHop=0x02 sequence=148 ackSequence=132 ttl=8 hops=0 payloadSize=2 rssi=-59 snr=9.25
[2026-09-02T18:49:57.461+00:00][A] [INFO] ACK_RX seq=132 source=0x02
[2026-09-02T18:49:57.465+00:00][A] [INFO] TEST_DATA_QUEUED dst=0x02 seq=133 remaining=30
[2026-09-02T18:49:57.519+00:00][A] [INFO] [RF TX] type=1 source=0x01 destination=0x02 previousHop=0x01 sequence=133 ackSequence=0 ttl=8 hops=0 payloadSize=4 rssi=0 snr=0.00
[2026-09-02T18:49:57.521+00:00][B] [INFO] [RF RX] type=1 source=0x01 destination=0x02 previousHop=0x01 sequence=133 ackSequence=0 ttl=8 hops=0 payloadSize=4 rssi=-61 snr=9.50
[2026-09-02T18:49:57.579+00:00][B] [INFO] [RF TX] type=3 source=0x02 destination=0x01 previousHop=0x02 sequence=149 ackSequence=133 ttl=8 hops=0 payloadSize=2 rssi=0 snr=0.00
[2026-09-02T18:49:57.585+00:00][A] [INFO] [RF RX] type=3 source=0x02 destination=0x01 previousHop=0x02 sequence=149 ackSequence=133 ttl=8 hops=0 payloadSize=2 rssi=-60 snr=10.00
[2026-09-02T18:49:57.586+00:00][A] [INFO] ACK_RX seq=133 source=0x02
[2026-09-02T18:49:57.589+00:00][A] [INFO] TEST_DATA_QUEUED dst=0x02 seq=134 remaining=29
[2026-09-02T18:49:57.643+00:00][A] [INFO] [RF TX] type=1 source=0x01 destination=0x02 previousHop=0x01 sequence=134 ackSequence=0 ttl=8 hops=0 payloadSize=4 rssi=0 snr=0.00
[2026-09-02T18:49:57.645+00:00][B] [INFO] [RF RX] type=1 source=0x01 destination=0x02 previousHop=0x01 sequence=134 ackSequence=0 ttl=8 hops=0 payloadSize=4 rssi=-62 snr=9.75
[2026-09-02T18:49:57.703+00:00][B] [INFO] [RF TX] type=3 source=0x02 destination=0x01 previousHop=0x02 sequence=150 ackSequence=134 ttl=8 hops=0 payloadSize=2 rssi=0 snr=0.00
[2026-09-02T18:49:57.709+00:00][A] [INFO] [RF RX] type=3 source=0x02 destination=0x01 previousHop=0x02 sequence=150 ackSequence=134 ttl=8 hops=0 payloadSize=2 rssi=-60 snr=9.75
[2026-09-02T18:49:57.709+00:00][A] [INFO] ACK_RX seq=134 source=0x02
[2026-09-02T18:49:57.713+00:00][A] [INFO] TEST_DATA_QUEUED dst=0x02 seq=135 remaining=28
[2026-09-02T18:49:57.767+00:00][A] [INFO] [RF TX] type=1 source=0x01 destination=0x02 previousHop=0x01 sequence=135 ackSequence=0 ttl=8 hops=0 payloadSize=4 rssi=0 snr=0.00
[2026-09-02T18:49:57.769+00:00][B] [INFO] [RF RX] type=1 source=0x01 destination=0x02 previousHop=0x01 sequence=135 ackSequence=0 ttl=8 hops=0 payloadSize=4 rssi=-62 snr=9.75
[2026-09-02T18:49:57.827+00:00][B] [INFO] [RF TX] type=3 source=0x02 destination=0x01 previousHop=0x02 sequence=151 ackSequence=135 ttl=8 hops=0 payloadSize=2 rssi=0 snr=0.00
[2026-09-02T18:49:57.833+00:00][A] [INFO] [RF RX] type=3 source=0x02 destination=0x01 previousHop=0x02 sequence=151 ackSequence=135 ttl=8 hops=0 payloadSize=2 rssi=-60 snr=9.75
[2026-09-02T18:49:57.833+00:00][A] [INFO] ACK_RX seq=135 source=0x02
[2026-09-02T18:49:57.837+00:00][A] [INFO] TEST_DATA_QUEUED dst=0x02 seq=136 remaining=27
[2026-09-02T18:49:57.891+00:00][A] [INFO] [RF TX] type=1 source=0x01 destination=0x02 previousHop=0x01 sequence=136 ackSequence=0 ttl=8 hops=0 payloadSize=4 rssi=0 snr=0.00
[2026-09-02T18:49:57.893+00:00][B] [INFO] [RF RX] type=1 source=0x01 destination=0x02 previousHop=0x01 sequence=136 ackSequence=0 ttl=8 hops=0 payloadSize=4 rssi=-62 snr=9.75
[2026-09-02T18:49:57.950+00:00][B] [INFO] [RF TX] type=3 source=0x02 destination=0x01 previousHop=0x02 sequence=152 ackSequence=136 ttl=8 hops=0 payloadSize=2 rssi=0 snr=0.00
[2026-09-02T18:49:57.960+00:00][A] [INFO] --------------------------------
[2026-09-02T18:49:57.960+00:00][A] [INFO] [HEARTBEAT TX]
[2026-09-02T18:49:57.966+00:00][A] [INFO] Node ID: 1
[2026-09-02T18:49:57.966+00:00][A] [INFO] type: 2
[2026-09-02T18:49:57.966+00:00][A] [INFO] Destination: 0xFF
[2026-09-02T18:49:57.971+00:00][A] [INFO] Sequence: 137
[2026-09-02T18:49:57.971+00:00][A] [INFO] Packet ID: 63
[2026-09-02T18:49:57.977+00:00][A] [INFO] Packet Size: 26
[2026-09-02T18:49:57.977+00:00][A] [INFO] Timestamp: 63 ms
[2026-09-02T18:49:57.977+00:00][A] [INFO] Transmission Result: success
[2026-09-02T18:49:57.982+00:00][A] [INFO] --------------------------------
[2026-09-02T18:49:57.983+00:00][A] [INFO] [Heartbeat #63]
[2026-09-02T18:49:57.988+00:00][A] [INFO] Sent
[2026-09-02T18:49:57.988+00:00][A] [INFO] Waiting ACK...
[2026-09-02T18:49:57.988+00:00][A] [INFO] [WAITING ACK]
[2026-09-02T18:49:58.002+00:00][A] [INFO] [RF TX] type=2 source=0x01 destination=0xFF previousHop=0x01 sequence=137 ackSequence=0 ttl=8 hops=0 payloadSize=13 rssi=0 snr=0.00
[2026-09-02T18:49:58.002+00:00][A] [INFO] Heartbeat packet sent
[2026-09-02T18:49:58.218+00:00][B] [WARN] Retry 1
[2026-09-02T18:49:58.285+00:00][B] [INFO] --------------------------------
[2026-09-02T18:49:58.286+00:00][B] [INFO] [HEARTBEAT TX]
[2026-09-02T18:49:58.290+00:00][B] [INFO] Node ID: 2
[2026-09-02T18:49:58.291+00:00][B] [INFO] type: 2
[2026-09-02T18:49:58.291+00:00][B] [INFO] Destination: 0xFF
[2026-09-02T18:49:58.294+00:00][A] [INFO] [RF RX] type=2 source=0x02 destination=0xFF previousHop=0x02 sequence=147 ackSequence=0 ttl=8 hops=0 payloadSize=13 rssi=-58 snr=10.50
[2026-09-02T18:49:58.296+00:00][B] [INFO] Sequence: 147
[2026-09-02T18:49:58.296+00:00][B] [INFO] Packet ID: 58
[2026-09-02T18:49:58.301+00:00][B] [INFO] Packet Size: 26
[2026-09-02T18:49:58.302+00:00][B] [INFO] Timestamp: 58 ms
[2026-09-02T18:49:58.302+00:00][B] [INFO] Transmission Result: success
[2026-09-02T18:49:58.307+00:00][B] [INFO] --------------------------------
[2026-09-02T18:49:58.308+00:00][B] [INFO] [Heartbeat #58]
[2026-09-02T18:49:58.313+00:00][B] [INFO] Sent
[2026-09-02T18:49:58.313+00:00][B] [INFO] Waiting ACK...
[2026-09-02T18:49:58.313+00:00][B] [INFO] [WAITING ACK]
[2026-09-02T18:49:58.327+00:00][B] [INFO] [RF TX] type=2 source=0x02 destination=0xFF previousHop=0x02 sequence=147 ackSequence=0 ttl=8 hops=0 payloadSize=13 rssi=0 snr=0.00
[2026-09-02T18:49:58.327+00:00][B] [INFO] Heartbeat packet sent
[2026-09-02T18:49:58.891+00:00][A] [WARN] TX_RETRY seq=136
[2026-09-02T18:49:58.953+00:00][A] [INFO] [RF TX] type=1 source=0x01 destination=0x02 previousHop=0x01 sequence=136 ackSequence=0 ttl=8 hops=0 payloadSize=4 rssi=0 snr=0.00
[2026-09-02T18:49:58.977+00:00][A] [WARN] Retry 1
[2026-09-02T18:49:59.002+00:00][B] [INFO] [RF TX] type=3 source=0x02 destination=0x01 previousHop=0x02 sequence=153 ackSequence=136 ttl=8 hops=0 payloadSize=2 rssi=0 snr=0.00
[2026-09-02T18:49:59.044+00:00][A] [INFO] --------------------------------
[2026-09-02T18:49:59.045+00:00][A] [INFO] [HEARTBEAT TX]
[2026-09-02T18:49:59.050+00:00][A] [INFO] Node ID: 1
[2026-09-02T18:49:59.050+00:00][A] [INFO] type: 2
[2026-09-02T18:49:59.050+00:00][A] [INFO] Destination: 0xFF
[2026-09-02T18:49:59.055+00:00][A] [INFO] Sequence: 137
[2026-09-02T18:49:59.055+00:00][A] [INFO] Packet ID: 63
[2026-09-02T18:49:59.061+00:00][A] [INFO] Packet Size: 26
[2026-09-02T18:49:59.061+00:00][A] [INFO] Timestamp: 63 ms
[2026-09-02T18:49:59.062+00:00][A] [INFO] Transmission Result: success
[2026-09-02T18:49:59.067+00:00][A] [INFO] --------------------------------
[2026-09-02T18:49:59.067+00:00][A] [INFO] [Heartbeat #63]
[2026-09-02T18:49:59.072+00:00][A] [INFO] Sent
[2026-09-02T18:49:59.073+00:00][A] [INFO] Waiting ACK...
[2026-09-02T18:49:59.073+00:00][A] [INFO] [WAITING ACK]
[2026-09-02T18:49:59.086+00:00][A] [INFO] [RF TX] type=2 source=0x01 destination=0xFF previousHop=0x01 sequence=137 ackSequence=0 ttl=8 hops=0 payloadSize=13 rssi=0 snr=0.00
[2026-09-02T18:49:59.087+00:00][A] [INFO] Heartbeat packet sent
[2026-09-02T18:49:59.201+00:00][B] [INFO] --------------------------------
[2026-09-02T18:49:59.202+00:00][B] [INFO] [HEARTBEAT TX]
[2026-09-02T18:49:59.206+00:00][B] [INFO] Node ID: 2
[2026-09-02T18:49:59.207+00:00][B] [INFO] type: 2
[2026-09-02T18:49:59.207+00:00][B] [INFO] Destination: 0xFF
[2026-09-02T18:49:59.210+00:00][A] [INFO] [RF RX] type=2 source=0x02 destination=0xFF previousHop=0x02 sequence=154 ackSequence=0 ttl=8 hops=0 payloadSize=13 rssi=-59 snr=10.00
[2026-09-02T18:49:59.212+00:00][B] [INFO] Sequence: 154
[2026-09-02T18:49:59.212+00:00][B] [INFO] Packet ID: 59
[2026-09-02T18:49:59.217+00:00][B] [INFO] Packet Size: 26
[2026-09-02T18:49:59.218+00:00][B] [INFO] Timestamp: 59 ms
[2026-09-02T18:49:59.218+00:00][B] [INFO] Transmission Result: success
[2026-09-02T18:49:59.223+00:00][B] [INFO] --------------------------------
[2026-09-02T18:49:59.224+00:00][B] [INFO] [Heartbeat #59]
[2026-09-02T18:49:59.229+00:00][B] [INFO] Sent
[2026-09-02T18:49:59.229+00:00][B] [INFO] Waiting ACK...
[2026-09-02T18:49:59.230+00:00][B] [INFO] [WAITING ACK]
[2026-09-02T18:49:59.243+00:00][B] [INFO] [RF TX] type=2 source=0x02 destination=0xFF previousHop=0x02 sequence=154 ackSequence=0 ttl=8 hops=0 payloadSize=13 rssi=0 snr=0.00
[2026-09-02T18:49:59.243+00:00][B] [INFO] Heartbeat packet sent
[2026-09-02T18:49:59.960+00:00][A] [INFO] --------------------------------
[2026-09-02T18:49:59.960+00:00][A] [INFO] [HEARTBEAT TX]
[2026-09-02T18:49:59.966+00:00][A] [INFO] Node ID: 1
[2026-09-02T18:49:59.966+00:00][A] [INFO] type: 2
[2026-09-02T18:49:59.966+00:00][A] [INFO] Destination: 0xFF
[2026-09-02T18:49:59.969+00:00][B] [INFO] [RF RX] type=2 source=0x01 destination=0xFF previousHop=0x01 sequence=138 ackSequence=0 ttl=8 hops=0 payloadSize=13 rssi=-61 snr=9.75
[2026-09-02T18:49:59.971+00:00][A] [INFO] Sequence: 138
[2026-09-02T18:49:59.971+00:00][A] [INFO] Packet ID: 64
[2026-09-02T18:49:59.977+00:00][A] [INFO] Packet Size: 26
[2026-09-02T18:49:59.977+00:00][A] [INFO] Timestamp: 64 ms
[2026-09-02T18:49:59.977+00:00][A] [INFO] Transmission Result: success
[2026-09-02T18:49:59.982+00:00][A] [INFO] --------------------------------
[2026-09-02T18:49:59.983+00:00][A] [INFO] [Heartbeat #64]
[2026-09-02T18:49:59.988+00:00][A] [INFO] Sent
[2026-09-02T18:49:59.988+00:00][A] [INFO] Waiting ACK...
[2026-09-02T18:49:59.988+00:00][A] [INFO] [WAITING ACK]
[2026-09-02T18:50:00.005+00:00][A] [INFO] [RF TX] type=2 source=0x01 destination=0xFF previousHop=0x01 sequence=138 ackSequence=0 ttl=8 hops=0 payloadSize=13 rssi=0 snr=0.00
[2026-09-02T18:50:00.111+00:00][B] [INFO] [RF TX] type=3 source=0x02 destination=0x01 previousHop=0x02 sequence=155 ackSequence=136 ttl=8 hops=0 payloadSize=2 rssi=0 snr=0.00
