[2026-09-02T18:50:29.085+00:00][A]  previousHop=0x01 sequence=179 ackSequence=0 ttl=8 hops=0 payloadSize=13 rssi=0 snr=0.00
[2026-09-02T18:50:29.086+00:00][A] [INFO] Heartbeat packet sent
[2026-09-02T18:50:29.200+00:00][B] [INFO] --------------------------------
[2026-09-02T18:50:29.201+00:00][B] [INFO] [HEARTBEAT TX]
[2026-09-02T18:50:29.206+00:00][B] [INFO] Node ID: 2
[2026-09-02T18:50:29.206+00:00][B] [INFO] type: 2
[2026-09-02T18:50:29.206+00:00][B] [INFO] Destination: 0xFF
[2026-09-02T18:50:29.209+00:00][A] [INFO] [RF RX] type=2 source=0x02 destination=0xFF previousHop=0x02 sequence=204 ackSequence=0 ttl=8 hops=0 payloadSize=13 rssi=-59 snr=10.25
[2026-09-02T18:50:29.211+00:00][B] [INFO] Sequence: 204
[2026-09-02T18:50:29.211+00:00][B] [INFO] Packet ID: 74
[2026-09-02T18:50:29.217+00:00][B] [INFO] Packet Size: 26
[2026-09-02T18:50:29.217+00:00][B] [INFO] Timestamp: 74 ms
[2026-09-02T18:50:29.217+00:00][B] [INFO] Transmission Result: success
[2026-09-02T18:50:29.222+00:00][B] [INFO] --------------------------------
[2026-09-02T18:50:29.222+00:00][B] [INFO] [Heartbeat #74]
[2026-09-02T18:50:29.228+00:00][B] [INFO] Sent
[2026-09-02T18:50:29.228+00:00][B] [INFO] Waiting ACK...
[2026-09-02T18:50:29.228+00:00][B] [INFO] [WAITING ACK]
[2026-09-02T18:50:29.242+00:00][B] [INFO] [RF TX] type=2 source=0x02 destination=0xFF previousHop=0x02 sequence=204 ackSequence=0 ttl=8 hops=0 payloadSize=13 rssi=0 snr=0.00
[2026-09-02T18:50:29.242+00:00][B] [INFO] Heartbeat packet sent
[2026-09-02T18:50:29.960+00:00][A] [INFO] --------------------------------
[2026-09-02T18:50:29.960+00:00][A] [INFO] [HEARTBEAT TX]
[2026-09-02T18:50:29.965+00:00][A] [INFO] Node ID: 1
[2026-09-02T18:50:29.965+00:00][A] [INFO] type: 2
[2026-09-02T18:50:29.966+00:00][A] [INFO] Destination: 0xFF
[2026-09-02T18:50:29.968+00:00][B] [INFO] [RF RX] type=2 source=0x01 destination=0xFF previousHop=0x01 sequence=180 ackSequence=0 ttl=8 hops=0 payloadSize=13 rssi=-61 snr=9.75
[2026-09-02T18:50:29.971+00:00][A] [INFO] Sequence: 180
[2026-09-02T18:50:29.971+00:00][A] [INFO] Packet ID: 79
[2026-09-02T18:50:29.976+00:00][A] [INFO] Packet Size: 26
[2026-09-02T18:50:29.976+00:00][A] [INFO] Timestamp: 79 ms
[2026-09-02T18:50:29.977+00:00][A] [INFO] Transmission Result: success
[2026-09-02T18:50:29.982+00:00][A] [INFO] --------------------------------
[2026-09-02T18:50:29.982+00:00][A] [INFO] [Heartbeat #79]
[2026-09-02T18:50:29.987+00:00][A] [INFO] Sent
[2026-09-02T18:50:29.988+00:00][A] [INFO] Waiting ACK...
[2026-09-02T18:50:29.988+00:00][A] [INFO] [WAITING ACK]
[2026-09-02T18:50:30.001+00:00][A] [INFO] [RF TX] type=2 source=0x01 destination=0xFF previousHop=0x01 sequence=180 ackSequence=0 ttl=8 hops=0 payloadSize=13 rssi=0 snr=0.00
[2026-09-02T18:50:30.002+00:00][A] [INFO] Heartbeat packet sent
[2026-09-02T18:50:30.217+00:00][B] [WARN] Retry 1
[2026-09-02T18:50:30.284+00:00][B] [INFO] --------------------------------
[2026-09-02T18:50:30.285+00:00][B] [INFO] [HEARTBEAT TX]
[2026-09-02T18:50:30.290+00:00][B] [INFO] Node ID: 2
[2026-09-02T18:50:30.290+00:00][B] [INFO] type: 2
[2026-09-02T18:50:30.290+00:00][B] [INFO] Destination: 0xFF
[2026-09-02T18:50:30.293+00:00][A] [INFO] [RF RX] type=2 source=0x02 destination=0xFF previousHop=0x02 sequence=204 ackSequence=0 ttl=8 hops=0 payloadSize=13 rssi=-61 snr=9.25
[2026-09-02T18:50:30.295+00:00][B] [INFO] Sequence: 204
[2026-09-02T18:50:30.295+00:00][B] [INFO] Packet ID: 74
[2026-09-02T18:50:30.300+00:00][B] [INFO] Packet Size: 26
[2026-09-02T18:50:30.301+00:00][B] [INFO] Timestamp: 74 ms
[2026-09-02T18:50:30.301+00:00][B] [INFO] Transmission Result: success
[2026-09-02T18:50:30.306+00:00][B] [INFO] --------------------------------
[2026-09-02T18:50:30.307+00:00][B] [INFO] [Heartbeat #74]
[2026-09-02T18:50:30.312+00:00][B] [INFO] Sent
[2026-09-02T18:50:30.312+00:00][B] [INFO] Waiting ACK...
[2026-09-02T18:50:30.312+00:00][B] [INFO] [WAITING ACK]
[2026-09-02T18:50:30.326+00:00][B] [INFO] [RF TX] type=2 source=0x02 destination=0xFF previousHop=0x02 sequence=204 ackSequence=0 ttl=8 hops=0 payloadSize=13 rssi=0 snr=0.00
[2026-09-02T18:50:30.326+00:00][B] [INFO] Heartbeat packet sent
[2026-09-02T18:50:30.977+00:00][A] [WARN] Retry 1
[2026-09-02T18:50:31.044+00:00][A] [INFO] --------------------------------
[2026-09-02T18:50:31.044+00:00][A] [INFO] [HEARTBEAT TX]
[2026-09-02T18:50:31.049+00:00][A] [INFO] Node ID: 1
[2026-09-02T18:50:31.049+00:00][A] [INFO] type: 2
[2026-09-02T18:50:31.050+00:00][A] [INFO] Destination: 0xFF
[2026-09-02T18:50:31.052+00:00][B] [INFO] [RF RX] type=2 source=0x01 destination=0xFF previousHop=0x01 sequence=180 ackSequence=0 ttl=8 hops=0 payloadSize=13 rssi=-61 snr=9.25
[2026-09-02T18:50:31.055+00:00][A] [INFO] Sequence: 180
[2026-09-02T18:50:31.055+00:00][A] [INFO] Packet ID: 79
[2026-09-02T18:50:31.060+00:00][A] [INFO] Packet Size: 26
[2026-09-02T18:50:31.060+00:00][A] [INFO] Timestamp: 79 ms
[2026-09-02T18:50:31.061+00:00][A] [INFO] Transmission Result: success
[2026-09-02T18:50:31.066+00:00][A] [INFO] --------------------------------
[2026-09-02T18:50:31.066+00:00][A] [INFO] [Heartbeat #79]
[2026-09-02T18:50:31.071+00:00][A] [INFO] Sent
[2026-09-02T18:50:31.072+00:00][A] [INFO] Waiting ACK...
[2026-09-02T18:50:31.072+00:00][A] [INFO] [WAITING ACK]
[2026-09-02T18:50:31.085+00:00][A] [INFO] [RF TX] type=2 source=0x01 destination=0xFF previousHop=0x01 sequence=180 ackSequence=0 ttl=8 hops=0 payloadSize=13 rssi=0 snr=0.00
[2026-09-02T18:50:31.086+00:00][A] [INFO] Heartbeat packet sent
[2026-09-02T18:50:31.200+00:00][B] [INFO] --------------------------------
[2026-09-02T18:50:31.201+00:00][B] [INFO] [HEARTBEAT TX]
[2026-09-02T18:50:31.206+00:00][B] [INFO] Node ID: 2
[2026-09-02T18:50:31.206+00:00][B] [INFO] type: 2
[2026-09-02T18:50:31.206+00:00][B] [INFO] Destination: 0xFF
[2026-09-02T18:50:31.209+00:00][A] [INFO] [RF RX] type=2 source=0x02 destination=0xFF previousHop=0x02 sequence=205 ackSequence=0 ttl=8 hops=0 payloadSize=13 rssi=-59 snr=9.75
[2026-09-02T18:50:31.211+00:00][B] [INFO] Sequence: 205
[2026-09-02T18:50:31.212+00:00][B] [INFO] Packet ID: 75
[2026-09-02T18:50:31.217+00:00][B] [INFO] Packet Size: 26
[2026-09-02T18:50:31.217+00:00][B] [INFO] Timestamp: 75 ms
[2026-09-02T18:50:31.217+00:00][B] [INFO] Transmission Result: success
[2026-09-02T18:50:31.223+00:00][B] [INFO] --------------------------------
[2026-09-02T18:50:31.223+00:00][B] [INFO] [Heartbeat #75]
[2026-09-02T18:50:31.228+00:00][B] [INFO] Sent
[2026-09-02T18:50:31.228+00:00][B] [INFO] Waiting ACK...
[2026-09-02T18:50:31.228+00:00][B] [INFO] [WAITING ACK]
[2026-09-02T18:50:31.242+00:00][B] [INFO] [RF TX] type=2 source=0x02 destination=0xFF previousHop=0x02 sequence=205 ackSequence=0 ttl=8 hops=0 payloadSize=13 rssi=0 snr=0.00
[2026-09-02T18:50:31.243+00:00][B] [INFO] Heartbeat packet sent
[2026-09-02T18:50:31.959+00:00][A] [INFO] --------------------------------
[2026-09-02T18:50:31.960+00:00][A] [INFO] [HEARTBEAT TX]
[2026-09-02T18:50:31.965+00:00][A] [INFO] Node ID: 1
[2026-09-02T18:50:31.965+00:00][A] [INFO] type: 2
[2026-09-02T18:50:31.966+00:00][A] [INFO] Destination: 0xFF
[2026-09-02T18:50:31.969+00:00][B] [INFO] [RF RX] type=2 source=0x01 destination=0xFF previousHop=0x01 sequence=181 ackSequence=0 ttl=8 hops=0 payloadSize=13 rssi=-61 snr=10.00
[2026-09-02T18:50:31.970+00:00][A] [INFO] Sequence: 181
[2026-09-02T18:50:31.971+00:00][A] [INFO] Packet ID: 80
[2026-09-02T18:50:31.976+00:00][A] [INFO] Packet Size: 26
[2026-09-02T18:50:31.976+00:00][A] [INFO] Timestamp: 80 ms
[2026-09-02T18:50:31.976+00:00][A] [INFO] Transmission Result: success
[2026-09-02T18:50:31.982+00:00][A] [INFO] --------------------------------
[2026-09-02T18:50:31.982+00:00][A] [INFO] [Heartbeat #80]
[2026-09-02T18:50:31.987+00:00][A] [INFO] Sent
[2026-09-02T18:50:31.987+00:00][A] [INFO] Waiting ACK...
[2026-09-02T18:50:31.988+00:00][A] [INFO] [WAITING ACK]
[2026-09-02T18:50:32.001+00:00][A] [INFO] [RF TX] type=2 source=0x01 destination=0xFF previousHop=0x01 sequence=181 ackSequence=0 ttl=8 hops=0 payloadSize=13 rssi=0 snr=0.00
[2026-09-02T18:50:32.002+00:00][A] [INFO] Heartbeat packet sent
[2026-09-02T18:50:32.217+00:00][B] [WARN] Retry 1
[2026-09-02T18:50:32.284+00:00][B] [INFO] --------------------------------
[2026-09-02T18:50:32.286+00:00][B] [INFO] [HEARTBEAT TX]
[2026-09-02T18:50:32.290+00:00][B] [INFO] Node ID: 2
[2026-09-02T18:50:32.290+00:00][B] [INFO] type: 2
[2026-09-02T18:50:32.290+00:00][B] [INFO] Destination: 0xFF
[2026-09-02T18:50:32.293+00:00][A] [INFO] [RF RX] type=2 source=0x02 destination=0xFF previousHop=0x02 sequence=205 ackSequence=0 ttl=8 hops=0 payloadSize=13 rssi=-58 snr=10.00
[2026-09-02T18:50:32.295+00:00][B] [INFO] Sequence: 205
[2026-09-02T18:50:32.295+00:00][B] [INFO] Packet ID: 75
[2026-09-02T18:50:32.301+00:00][B] [INFO] Packet Size: 26
[2026-09-02T18:50:32.301+00:00][B] [INFO] Timestamp: 75 ms
[2026-09-02T18:50:32.301+00:00][B] [INFO] Transmission Result: success
[2026-09-02T18:50:32.307+00:00][B] [INFO] --------------------------------
[2026-09-02T18:50:32.307+00:00][B] [INFO] [Heartbeat #75]
[2026-09-02T18:50:32.312+00:00][B] [INFO] Sent
[2026-09-02T18:50:32.312+00:00][B] [INFO] Waiting ACK...
[2026-09-02T18:50:32.313+00:00][B] [INFO] [WAITING ACK]
[2026-09-02T18:50:32.326+00:00][B] [INFO] [RF TX] type=2 source=0x02 destination=0xFF previousHop=0x02 sequence=205 ackSequence=0 ttl=8 hops=0 payloadSize=13 rssi=0 snr=0.00
[2026-09-02T18:50:32.327+00:00][B] [INFO] Heartbeat packet sent
[2026-09-02T18:50:32.977+00:00][A] [WARN] Retry 1
[2026-09-02T18:50:33.043+00:00][A] [INFO] --------------------------------
[2026-09-02T18:50:33.044+00:00][A] [INFO] [HEARTBEAT TX]
[2026-09-02T18:50:33.049+00:00][A] [INFO] Node ID: 1
[2026-09-02T18:50:33.049+00:00][A] [INFO] type: 2
[2026-09-02T18:50:33.049+00:00][A] [INFO] Destination: 0xFF
[2026-09-02T18:50:33.053+00:00][B] [INFO] [RF RX] type=2 source=0x01 destination=0xFF previousHop=0x01 sequence=181 ackSequence=0 ttl=8 hops=0 payloadSize=13 rssi=-61 snr=10.00
[2026-09-02T18:50:33.054+00:00][A] [INFO] Sequence: 181
[2026-09-02T18:50:33.054+00:00][A] [INFO] Packet ID: 80
[2026-09-02T18:50:33.060+00:00][A] [INFO] Packet Size: 26
[2026-09-02T18:50:33.060+00:00][A] [INFO] Timestamp: 80 ms
[2026-09-02T18:50:33.060+00:00][A] [INFO] Transmission Result: success
[2026-09-02T18:50:33.066+00:00][A] [INFO] --------------------------------
[2026-09-02T18:50:33.066+00:00][A] [INFO] [Heartbeat #80]
[2026-09-02T18:50:33.071+00:00][A] [INFO] Sent
[2026-09-02T18:50:33.071+00:00][A] [INFO] Waiting ACK...
[2026-09-02T18:50:33.071+00:00][A] [INFO] [WAITING ACK]
[2026-09-02T18:50:33.085+00:00][A] [INFO] [RF TX] type=2 source=0x01 destination=0xFF previousHop=0x01 sequence=181 ackSequence=0 ttl=8 hops=0 payloadSize=13 rssi=0 snr=0.00
[2026-09-02T18:50:33.086+00:00][A] [INFO] Heartbeat packet sent
[2026-09-02T18:50:33.201+00:00][B] [INFO] --------------------------------
[2026-09-02T18:50:33.201+00:00][B] [INFO] [HEARTBEAT TX]
[2026-09-02T18:50:33.206+00:00][B] [INFO] Node ID: 2
[2026-09-02T18:50:33.206+00:00][B] [INFO] type: 2
[2026-09-02T18:50:33.206+00:00][B] [INFO] Destination: 0xFF
[2026-09-02T18:50:33.209+00:00][A] [INFO] [RF RX] type=2 source=0x02 destination=0xFF previousHop=0x02 sequence=206 ackSequence=0 ttl=8 hops=0 payloadSize=13 rssi=-59 snr=9.75
[2026-09-02T18:50:33.211+00:00][B] [INFO] Sequence: 206
[2026-09-02T18:50:33.212+00:00][B] [INFO] Packet ID: 76
[2026-09-02T18:50:33.217+00:00][B] [INFO] Packet Size: 26
[2026-09-02T18:50:33.217+00:00][B] [INFO] Timestamp: 76 ms
[2026-09-02T18:50:33.218+00:00][B] [INFO] Transmission Result: success
[2026-09-02T18:50:33.223+00:00][B] [INFO] --------------------------------
[2026-09-02T18:50:33.223+00:00][B] [INFO] [Heartbeat #76]
[2026-09-02T18:50:33.228+00:00][B] [INFO] Sent
[2026-09-02T18:50:33.228+00:00][B] [INFO] Waiting ACK...
[2026-09-02T18:50:33.229+00:00][B] [INFO] [WAITING ACK]
[2026-09-02T18:50:33.242+00:00][B] [INFO] [RF TX] type=2 source=0x02 destination=0xFF previousHop=0x02 sequence=206 ackSequence=0 ttl=8 hops=0 payloadSize=13 rssi=0 snr=0.00
[2026-09-02T18:50:33.243+00:00][B] [INFO] Heartbeat packet sent
[2026-09-02T18:50:33.960+00:00][A] [INFO] --------------------------------
[2026-09-02T18:50:33.960+00:00][A] [INFO] [HEARTBEAT TX]
[2026-09-02T18:50:33.965+00:00][A] [INFO] Node ID: 1
[2026-09-02T18:50:33.965+00:00][A] [INFO] type: 2
[2026-09-02T18:50:33.966+00:00][A] [INFO] Destination: 0xFF
[2026-09-02T18:50:33.968+00:00][B] [INFO] [RF RX] type=2 source=0x01 destination=0xFF previousHop=0x01 sequence=182 ackSequence=0 ttl=8 hops=0 payloadSize=13 rssi=-62 snr=9.50
[2026-09-02T18:50:33.970+00:00][A] [INFO] Sequence: 182
[2026-09-02T18:50:33.971+00:00][A] [INFO] Packet ID: 81
[2026-09-02T18:50:33.976+00:00][A] [INFO] Packet Size: 26
[2026-09-02T18:50:33.976+00:00][A] [INFO] Timestamp: 81 ms
[2026-09-02T18:50:33.977+00:00][A] [INFO] Transmission Result: success
[2026-09-02T18:50:33.982+00:00][A] [INFO] --------------------------------
[2026-09-02T18:50:33.982+00:00][A] [INFO] [Heartbeat #81]
[2026-09-02T18:50:33.987+00:00][A] [INFO] Sent
[2026-09-02T18:50:33.987+00:00][A] [INFO] Waiting ACK...
[2026-09-02T18:50:33.988+00:00][A] [INFO] [WAITING ACK]
[2026-09-02T18:50:34.001+00:00][A] [INFO] [RF TX] type=2 source=0x01 destination=0xFF previousHop=0x01 sequence=182 ackSequence=0 ttl=8 hops=0 payloadSize=13 rssi=0 snr=0.00
[2026-09-02T18:50:34.002+00:00][A] [INFO] Heartbeat packet sent
[2026-09-02T18:50:34.217+00:00][B] [WARN] Retry 1
[2026-09-02T18:50:34.284+00:00][B] [INFO] --------------------------------
[2026-09-02T18:50:34.285+00:00][B] [INFO] [HEARTBEAT TX]
[2026-09-02T18:50:34.290+00:00][B] [INFO] Node ID: 2
[2026-09-02T18:50:34.290+00:00][B] [INFO] type: 2
[2026-09-02T18:50:34.290+00:00][B] [INFO] Destination: 0xFF
[2026-09-02T18:50:34.293+00:00][A] [INFO] [RF RX] type=2 source=0x02 destination=0xFF previousHop=0x02 sequence=206 ackSequence=0 ttl=8 hops=0 payloadSize=13 rssi=-58 snr=9.75
[2026-09-02T18:50:34.295+00:00][B] [INFO] Sequence: 206
[2026-09-02T18:50:34.296+00:00][B] [INFO] Packet ID: 76
[2026-09-02T18:50:34.301+00:00][B] [INFO] Packet Size: 26
[2026-09-02T18:50:34.301+00:00][B] [INFO] Timestamp: 76 ms
[2026-09-02T18:50:34.301+00:00][B] [INFO] Transmission Result: success
[2026-09-02T18:50:34.307+00:00][B] [INFO] --------------------------------
[2026-09-02T18:50:34.307+00:00][B] [INFO] [Heartbeat #76]
[2026-09-02T18:50:34.312+00:00][B] [INFO] Sent
[2026-09-02T18:50:34.312+00:00][B] [INFO] Waiting ACK...
[2026-09-02T18:50:34.312+00:00][B] [INFO] [WAITING ACK]
[2026-09-02T18:50:34.326+00:00][B] [INFO] [RF TX] type=2 source=0x02 destination=0xFF previousHop=0x02 sequence=206 ackSequence=0 ttl=8 hops=0 payloadSize=13 rssi=0 snr=0.00
[2026-09-02T18:50:34.327+00:00][B] [INFO] Heartbeat packet sent
[2026-09-02T18:50:34.977+00:00][A] [WARN] Retry 1
[2026-09-02T18:50:35.045+00:00][A] [INFO] --------------------------------
[2026-09-02T18:50:35.045+00:00][A] [INFO] [HEARTBEAT TX]
[2026-09-02T18:50:35.049+00:00][A] [INFO] Node ID: 1
[2026-09-02T18:50:35.049+00:00][A] [INFO] type: 2
[2026-09-02T18:50:35.049+00:00][A] [INFO] Destination: 0xFF
[2026-09-02T18:50:35.052+00:00][B] [INFO] [RF RX] type=2 source=0x01 destination=0xFF previousHop=0x01 sequence=182 ackSequence=0 ttl=8 hops=0 payloadSize=13 rssi=-61 snr=9.50
[2026-09-02T18:50:35.054+00:00][A] [INFO] Sequence: 182
[2026-09-02T18:50:35.055+00:00][A] [INFO] Packet ID: 81
[2026-09-02T18:50:35.060+00:00][A] [INFO] Packet Size: 26
[2026-09-02T18:50:35.060+00:00][A] [INFO] Timestamp: 81 ms
[2026-09-02T18:50:35.061+00:00][A] [INFO] Transmission Result: success
[2026-09-02T18:50:35.066+00:00][A] [INFO] --------------------------------
[2026-09-02T18:50:35.066+00:00][A] [INFO] [Heartbeat #81]
[2026-09-02T18:50:35.071+00:00][A] [INFO] Sent
[2026-09-02T18:50:35.071+00:00][A] [INFO] Waiting ACK...
[2026-09-02T18:50:35.072+00:00][A] [INFO] [WAITING ACK]
[2026-09-02T18:50:35.085+00:00][A] [INFO] [RF TX] type=2 source=0x01 destination=0xFF previousHop=0x01 sequence=182 ackSequence=0 ttl=8 hops=0 payloadSize=13 rssi=0 snr=0.00
[2026-09-02T18:50:35.085+00:00][A] [INFO] Heartbeat packet sent
[2026-09-02T18:50:35.200+00:00][B] [INFO] --------------------------------
[2026-09-02T18:50:35.200+00:00][B] [INFO] [HEARTBEAT TX]
[2026-09-02T18:50:35.206+00:00][B] [INFO] Node ID: 2
[2026-09-02T18:50:35.206+00:00][B] [INFO] type: 2
[2026-09-02T18:50:35.206+00:00][B] [INFO] Destination: 0xFF
[2026-09-02T18:50:35.209+00:00][A] [INFO] [RF RX] type=2 source=0x02 destination=0xFF previousHop=0x02 sequence=207 ackSequence=0 ttl=8 hops=0 payloadSize=13 rssi=-57 snr=9.50
[2026-09-02T18:50:35.211+00:00][B] [INFO] Sequence: 207
[2026-09-02T18:50:35.212+00:00][B] [INFO] Packet ID: 77
[2026-09-02T18:50:35.217+00:00][B] [INFO] Packet Size: 26
[2026-09-02T18:50:35.217+00:00][B] [INFO] Timestamp: 77 ms
[2026-09-02T18:50:35.217+00:00][B] [INFO] Transmission Result: success
[2026-09-02T18:50:35.223+00:00][B] [INFO] --------------------------------
[2026-09-02T18:50:35.223+00:00][B] [INFO] [Heartbeat #77]
[2026-09-02T18:50:35.228+00:00][B] [INFO] Sent
[2026-09-02T18:50:35.228+00:00][B] [INFO] Waiting ACK...
[2026-09-02T18:50:35.229+00:00][B] [INFO] [WAITING ACK]
[2026-09-02T18:50:35.242+00:00][B] [INFO] [RF TX] type=2 source=0x02 destination=0xFF previousHop=0x02 sequence=207 ackSequence=0 ttl=8 hops=0 payloadSize=13 rssi=0 snr=0.00
[2026-09-02T18:50:35.243+00:00][B] [INFO] Heartbeat packet sent
[2026-09-02T18:50:35.959+00:00][A] [INFO] --------------------------------
[2026-09-02T18:50:35.960+00:00][A] [INFO] [HEARTBEAT TX]
[2026-09-02T18:50:35.965+00:00][A] [INFO] Node ID: 1
[2026-09-02T18:50:35.965+00:00][A] [INFO] type: 2
[2026-09-02T18:50:35.965+00:00][A] [INFO] Destination: 0xFF
[2026-09-02T18:50:35.968+00:00][B] [INFO] [RF RX] type=2 source=0x01 destination=0xFF previousHop=0x01 sequence=183 ackSequence=0 ttl=8 hops=0 payloadSize=13 rssi=-61 snr=10.00
[2026-09-02T18:50:35.970+00:00][A] [INFO] Sequence: 183
[2026-09-02T18:50:35.971+00:00][A] [INFO] Packet ID: 82
[2026-09-02T18:50:35.976+00:00][A] [INFO] Packet Size: 26
[2026-09-02T18:50:35.976+00:00][A] [INFO] Timestamp: 82 ms
[2026-09-02T18:50:35.976+00:00][A] [INFO] Transmission Result: success
[2026-09-02T18:50:35.982+00:00][A] [INFO] --------------------------------
[2026-09-02T18:50:35.982+00:00][A] [INFO] [Heartbeat #82]
[2026-09-02T18:50:35.987+00:00][A] [INFO] Sent
[2026-09-02T18:50:35.987+00:00][A] [INFO] Waiting ACK...
[2026-09-02T18:50:35.987+00:00][A] [INFO] [WAITING ACK]
[2026-09-02T18:50:36.002+00:00][A] [INFO] [RF TX] type=2 source=0x01 destination=0xFF previousHop=0x01 sequence=183 ackSequence=0 ttl=8 hops=0 payloadSize=13 rssi=0 snr=0.00
[2026-09-02T18:50:36.002+00:00][A] [INFO] Heartbeat packet sent
[2026-09-02T18:50:36.217+00:00][B] [WARN] Retry 1
[2026-09-02T18:50:36.284+00:00][B] [INFO] --------------------------------
[2026-09-02T18:50:36.285+00:00][B] [INFO] [HEARTBEAT TX]
[2026-09-02T18:50:36.290+00:00][B] [INFO] Node ID: 2
[2026-09-02T18:50:36.290+00:00][B] [INFO] type: 2
[2026-09-02T18:50:36.290+00:00][B] [INFO] Destination: 0xFF
[2026-09-02T18:50:36.294+00:00][A] [INFO] [RF RX] type=2 source=0x02 destination=0xFF previousHop=0x02 sequence=207 ackSequence=0 ttl=8 hops=0 payloadSize=13 rssi=-56 snr=9.75
[2026-09-02T18:50:36.295+00:00][B] [INFO] Sequence: 207
[2026-09-02T18:50:36.296+00:00][B] [INFO] Packet ID: 77
[2026-09-02T18:50:36.301+00:00][B] [INFO] Packet Size: 26
[2026-09-02T18:50:36.301+00:00][B] [INFO] Timestamp: 77 ms
[2026-09-02T18:50:36.301+00:00][B] [INFO] Transmission Result: success
[2026-09-02T18:50:36.307+00:00][B] [INFO] --------------------------------
[2026-09-02T18:50:36.307+00:00][B] [INFO] [Heartbeat #77]
[2026-09-02T18:50:36.312+00:00][B] [INFO] Sent
[2026-09-02T18:50:36.313+00:00][B] [INFO] Waiting ACK...
[2026-09-02T18:50:36.313+00:00][B] [INFO] [WAITING ACK]
[2026-09-02T18:50:36.326+00:00][B] [INFO] [RF TX] type=2 source=0x02 destination=0xFF previousHop=0x02 sequence=207 ackSequence=0 ttl=8 hops=0 payloadSize=13 rssi=0 snr=0.00
[2026-09-02T18:50:36.326+00:00][B] [INFO] Heartbeat packet sent
[2026-09-02T18:50:36.977+00:00][A] [WARN] Retry 1
[2026-09-02T18:50:37.043+00:00][A] [INFO] --------------------------------
[2026-09-02T18:50:37.044+00:00][A] [INFO] [HEARTBEAT TX]
[2026-09-02T18:50:37.049+00:00][A] [INFO] Node ID: 1
[2026-09-02T18:50:37.049+00:00][A] [INFO] type: 2
[2026-09-02T18:50:37.050+00:00][A] [INFO] Destination: 0xFF
[2026-09-02T18:50:37.052+00:00][B] [INFO] [RF RX] type=2 source=0x01 destination=0xFF previousHop=0x01 sequence=183 ackSequence=0 ttl=8 hops=0 payloadSize=13 rssi=-61 snr=9.75
[2026-09-02T18:50:37.054+00:00][A] [INFO] Sequence: 183
[2026-09-02T18:50:37.055+00:00][A] [INFO] Packet ID: 82
[2026-09-02T18:50:37.060+00:00][A] [INFO] Packet Size: 26
[2026-09-02T18:50:37.060+00:00][A] [INFO] Timestamp: 82 ms
[2026-09-02T18:50:37.061+00:00][A] [INFO] Transmission Result: success
[2026-09-02T18:50:37.066+00:00][A] [INFO] --------------------------------
[2026-09-02T18:50:37.066+00:00][A] [INFO] [Heartbeat #82]
[2026-09-02T18:50:37.071+00:00][A] [INFO] Sent
[2026-09-02T18:50:37.072+00:00][A] [INFO] Waiting ACK...
[2026-09-02T18:50:37.072+00:00][A] [INFO] [WAITING ACK]
[2026-09-02T18:50:37.087+00:00][A] [INFO] [RF TX] type=2 source=0x01 destination=0xFF previousHop=0x01 sequence=183 ackSequence=0 ttl=8 hops=0 payloadSize=13 rssi=0 snr=0.00
[2026-09-02T18:50:37.087+00:00][A] [INFO] Heartbeat packet sent
[2026-09-02T18:50:37.201+00:00][B] [INFO] --------------------------------
[2026-09-02T18:50:37.201+00:00][B] [INFO] [HEARTBEAT TX]
[2026-09-02T18:50:37.205+00:00][B] [INFO] Node ID: 2
[2026-09-02T18:50:37.206+00:00][B] [INFO] type: 2
[2026-09-02T18:50:37.206+00:00][B] [INFO] Destination: 0xFF
[2026-09-02T18:50:37.209+00:00][A] [INFO] [RF RX] type=2 source=0x02 destination=0xFF previousHop=0x02 sequence=208 ackSequence=0 ttl=8 hops=0 payloadSize=13 rssi=-56 snr=9.50
[2026-09-02T18:50:37.211+00:00][B] [INFO] Sequence: 208
[2026-09-02T18:50:37.212+00:00][B] [INFO] Packet ID: 78
[2026-09-02T18:50:37.216+00:00][B] [INFO] Packet Size: 26
[2026-09-02T18:50:37.217+00:00][B] [INFO] Timestamp: 78 ms
[2026-09-02T18:50:37.217+00:00][B] [INFO] Transmission Result: success
[2026-09-02T18:50:37.222+00:00][B] [INFO] --------------------------------
[2026-09-02T18:50:37.223+00:00][B] [INFO] [Heartbeat #78]
[2026-09-02T18:50:37.228+00:00][B] [INFO] Sent
[2026-09-02T18:50:37.228+00:00][B] [INFO] Waiting ACK...
[2026-09-02T18:50:37.229+00:00][B] [INFO] [WAITING ACK]
[2026-09-02T18:50:37.242+00:00][B] [INFO] [RF TX] type=2 source=0x02 destination=0xFF previousHop=0x02 sequence=208 ackSequence=0 ttl=8 hops=0 payloadSize=13 rssi=0 snr=0.00
[2026-09-02T18:50:37.243+00:00][B] [INFO] Heartbeat packet sent
[2026-09-02T18:50:37.960+00:00][A] [INFO] --------------------------------
[2026-09-02T18:50:37.963+00:00][A] [INFO] [HEARTBEAT TX]
[2026-09-02T18:50:37.965+00:00][A] [INFO] Node ID: 1
[2026-09-02T18:50:37.965+00:00][A] [INFO] type: 2
[2026-09-02T18:50:37.965+00:00][A] [INFO] Destination: 0xFF
[2026-09-02T18:50:37.968+00:00][B] [INFO] [RF RX] type=2 source=0x01 destination=0xFF previousHop=0x01 sequence=184 ackSequence=0 ttl=8 hops=0 payloadSize=13 rssi=-62 snr=9.75
[2026-09-02T18:50:37.970+00:00][A] [INFO] Sequence: 184
[2026-09-02T18:50:37.971+00:00][A] [INFO] Packet ID: 83
[2026-09-02T18:50:37.976+00:00][A] [INFO] Packet Size: 26
[2026-09-02T18:50:37.976+00:00][A] [INFO] Timestamp: 83 ms
[2026-09-02T18:50:37.977+00:00][A] [INFO] Transmission Result: success
[2026-09-02T18:50:37.982+00:00][A] [INFO] --------------------------------
[2026-09-02T18:50:37.982+00:00][A] [INFO] [Heartbeat #83]
[2026-09-02T18:50:37.987+00:00][A] [INFO] Sent
[2026-09-02T18:50:37.987+00:00][A] [INFO] Waiting ACK...
[2026-09-02T18:50:37.988+00:00][A] [INFO] [WAITING ACK]
[2026-09-02T18:50:38.001+00:00][A] [INFO] [RF TX] type=2 source=0x01 destination=0xFF previousHop=0x01 sequence=184 ackSequence=0 ttl=8 hops=0 payloadSize=13 rssi=0 snr=0.00
[2026-09-02T18:50:38.002+00:00][A] [INFO] Heartbeat packet sent
[2026-09-02T18:50:38.218+00:00][B] [WARN] Retry 1
[2026-09-02T18:50:38.284+00:00][B] [INFO] --------------------------------
[2026-09-02T18:50:38.284+00:00][B] [INFO] [HEARTBEAT TX]
[2026-09-02T18:50:38.289+00:00][B] [INFO] Node ID: 2
[2026-09-02T18:50:38.290+00:00][B] [INFO] type: 2
[2026-09-02T18:50:38.290+00:00][B] [INFO] Destination: 0xFF
[2026-09-02T18:50:38.293+00:00][A] [INFO] [RF RX] type=2 source=0x02 destination=0xFF previousHop=0x02 sequence=208 ackSequence=0 ttl=8 hops=0 payloadSize=13 rssi=-56 snr=9.75
[2026-09-02T18:50:38.295+00:00][B] [INFO] Sequence: 208
[2026-09-02T18:50:38.295+00:00][B] [INFO] Packet ID: 78
[2026-09-02T18:50:38.300+00:00][B] [INFO] Packet Size: 26
[2026-09-02T18:50:38.301+00:00][B] [INFO] Timestamp: 78 ms
[2026-09-02T18:50:38.301+00:00][B] [INFO] Transmission Result: success
[2026-09-02T18:50:38.306+00:00][B] [INFO] --------------------------------
[2026-09-02T18:50:38.307+00:00][B] [INFO] [Heartbeat #78]
[2026-09-02T18:50:38.312+00:00][B] [INFO] Sent
[2026-09-02T18:50:38.312+00:00][B] [INFO] Waiting ACK...
[2026-09-02T18:50:38.313+00:00][B] [INFO] [WAITING ACK]
[2026-09-02T18:50:38.326+00:00][B] [INFO] [RF TX] type=2 source=0x02 destination=0xFF previousHop=0x02 sequence=208 ackSequence=0 ttl=8 hops=0 payloadSize=13 rssi=0 snr=0.00
[2026-09-02T18:50:38.326+00:00][B] [INFO] Heartbeat packet sent
[2026-09-02T18:50:38.977+00:00][A] [WARN] Retry 1
[2026-09-02T18:50:39.043+00:00][A] [INFO] --------------------------------
[2026-09-02T18:50:39.044+00:00][A] [INFO] [HEARTBEAT TX]
[2026-09-02T18:50:39.049+00:00][A] [INFO] Node ID: 1
[2026-09-02T18:50:39.049+00:00][A] [INFO] type: 2
[2026-09-02T18:50:39.049+00:00][A] [INFO] Destination: 0xFF
[2026-09-02T18:50:39.052+00:00][B] [INFO] [RF RX] type=2 source=0x01 destination=0xFF previousHop=0x01 sequence=184 ackSequence=0 ttl=8 hops=0 payloadSize=13 rssi=-61 snr=9.75
[2026-09-02T18:50:39.054+00:00][A] [INFO] Sequence: 184
[2026-09-02T18:50:39.054+00:00][A] [INFO] Packet ID: 83
[2026-09-02T18:50:39.060+00:00][A] [INFO] Packet Size: 26
[2026-09-02T18:50:39.060+00:00][A] [INFO] Timestamp: 83 ms
[2026-09-02T18:50:39.060+00:00][A] [INFO] Transmission Result: success
[2026-09-02T18:50:39.069+00:00][A] [INFO] --------------------------------
[2026-09-02T18:50:39.070+00:00][A] [INFO] [Heartbeat #83]
[2026-09-02T18:50:39.071+00:00][A] [INFO] Sent
[2026-09-02T18:50:39.071+00:00][A] [INFO] Waiting ACK...
[2026-09-02T18:50:39.071+00:00][A] [INFO] [WAITING ACK]
[2026-09-02T18:50:39.085+00:00][A] [INFO] [RF TX] type=2 source=0x01 destination=0xFF previousHop=0x01 sequence=184 ackSequence=0 ttl=8 hops=0 payloadSize=13 rssi=0 snr=0.00
[2026-09-02T18:50:39.086+00:00][A] [INFO] Heartbeat packet sent
[2026-09-02T18:50:39.200+00:00][B] [INFO] --------------------------------
[2026-09-02T18:50:39.200+00:00][B] [INFO] [HEARTBEAT TX]
[2026-09-02T18:50:39.205+00:00][B] [INFO] Node ID: 2
[2026-09-02T18:50:39.205+00:00][B] [INFO] type: 2
[2026-09-02T18:50:39.206+00:00][B] [INFO] Destination: 0xFF
[2026-09-02T18:50:39.209+00:00][A] [INFO] [RF RX] type=2 source=0x02 destination=0xFF previousHop=0x02 sequence=209 ackSequence=0 ttl=8 hops=0 payloadSize=13 rssi=-56 snr=9.75
[2026-09-02T18:50:39.211+00:00][B] [INFO] Sequence: 209
[2026-09-02T18:50:39.211+00:00][B] [INFO] Packet ID: 79
[2026-09-02T18:50:39.216+00:00][B] [INFO] Packet Size: 26
[2026-09-02T18:50:39.217+00:00][B] [INFO] Timestamp: 79 ms
[2026-09-02T18:50:39.217+00:00][B] [INFO] Transmission Result: success
[2026-09-02T18:50:39.222+00:00][B] [INFO] --------------------------------
[2026-09-02T18:50:39.223+00:00][B] [INFO] [Heartbeat #79]
[2026-09-02T18:50:39.228+00:00][B] [INFO] Sent
[2026-09-02T18:50:39.228+00:00][B] [INFO] Waiting ACK...
[2026-09-02T18:50:39.228+00:00][B] [INFO] [WAITING ACK]
[2026-09-02T18:50:39.242+00:00][B] [INFO] [RF TX] type=2 source=0x02 destination=0xFF previousHop=0x02 sequence=209 ackSequence=0 ttl=8 hops=0 payloadSize=13 rssi=0 snr=0.00
[2026-09-02T18:50:39.242+00:00][B] [INFO] Heartbeat packet sent
[2026-09-02T18:50:39.959+00:00][A] [INFO] --------------------------------
[2026-09-02T18:50:39.960+00:00][A] [INFO] [HEARTBEAT TX]
[2026-09-02T18:50:39.965+00:00][A] [INFO] Node ID: 1
[2026-09-02T18:50:39.965+00:00][A] [INFO] type: 2
[2026-09-02T18:50:39.965+00:00][A] [INFO] Destination: 0xFF
[2026-09-02T18:50:39.968+00:00][B] [INFO] [RF RX] type=2 source=0x01 destination=0xFF previousHop=0x01 sequence=185 ackSequence=0 ttl=8 hops=0 payloadSize=13 rssi=-61 snr=10.00
[2026-09-02T18:50:39.970+00:00][A] [INFO] Sequence: 185
[2026-09-02T18:50:39.971+00:00][A] [INFO] Packet ID: 84
[2026-09-02T18:50:39.976+00:00][A] [INFO] Packet Size: 26
[2026-09-02T18:50:39.976+00:00][A] [INFO] Timestamp: 84 ms
[2026-09-02T18:50:39.976+00:00][A] [INFO] Transmission Result: success
[2026-09-02T18:50:39.981+00:00][A] [INFO] --------------------------------
[2026-09-02T18:50:39.981+00:00][A] [INFO] [Heartbeat #84]
[2026-09-02T18:50:39.987+00:00][A] [INFO] Sent
[2026-09-02T18:50:39.987+00:00][A] [INFO] Waiting ACK...
[2026-09-02T18:50:39.987+00:00][A] [INFO] [WAITING ACK]
[2026-09-02T18:50:40.001+00:00][A] [INFO] [RF TX] type=2 source=0x01 destination=0xFF previousHop=0x01 sequence=185 ackSequence=0 ttl=8 hops=0 payloadSize=13 rssi=0 snr=0.00
[2026-09-02T18:50:40.001+00:00][A] [INFO] Heartbeat packet sent
[2026-09-02T18:50:40.217+00:00][B] [WARN] Retry 1
[2026-09-02T18:50:40.284+00:00][B] [INFO] --------------------------------
[2026-09-02T18:50:40.284+00:00][B] [INFO] [HEARTBEAT TX]
[2026-09-02T18:50:40.289+00:00][B] [INFO] Node ID: 2
[2026-09-02T18:50:40.290+00:00][B] [INFO] type: 2
[2026-09-02T18:50:40.290+00:00][B] [INFO] Destination: 0xFF
[2026-09-02T18:50:40.293+00:00][A] [INFO] [RF RX] type=2 source=0x02 destination=0xFF previousHop=0x02 sequence=209 ackSequence=0 ttl=8 hops=0 payloadSize=13 rssi=-56 snr=10.25
[2026-09-02T18:50:40.296+00:00][B] [INFO] Sequence: 209
[2026-09-02T18:50:40.296+00:00][B] [INFO] Packet ID: 79
[2026-09-02T18:50:40.300+00:00][B] [INFO] Packet Size: 26
[2026-09-02T18:50:40.301+00:00][B] [INFO] Timestamp: 79 ms
[2026-09-02T18:50:40.301+00:00][B] [INFO] Transmission Result: success
[2026-09-02T18:50:40.306+00:00][B] [INFO] --------------------------------
[2026-09-02T18:50:40.306+00:00][B] [INFO] [Heartbeat #79]
[2026-09-02T18:50:40.312+00:00][B] [INFO] Sent
[2026-09-02T18:50:40.312+00:00][B] [INFO] Waiting ACK...
[2026-09-02T18:50:40.312+00:00][B] [INFO] [WAITING ACK]
[2026-09-02T18:50:40.326+00:00][B] [INFO] [RF TX] type=2 source=0x02 destination=0xFF previousHop=0x02 sequence=209 ackSequence=0 ttl=8 hops=0 payloadSize=13 rssi=0 snr=0.00
[2026-09-02T18:50:40.326+00:00][B] [INFO] Heartbeat packet sent
[2026-09-02T18:50:40.977+00:00][A] [WARN] Retry 1
[2026-09-02T18:50:41.044+00:00][A] [INFO] --------------------------------
[2026-09-02T18:50:41.044+00:00][A] [INFO] [HEARTBEAT TX]
[2026-09-02T18:50:41.049+00:00][A] [INFO] Node ID: 1
[2026-09-02T18:50:41.049+00:00][A] [INFO] type: 2
[2026-09-02T18:50:41.050+00:00][A] [INFO] Destination: 0xFF
[2026-09-02T18:50:41.052+00:00][B] [INFO] [RF RX] type=2 source=0x01 destination=0xFF previousHop=0x01 sequence=185 ackSequence=0 ttl=8 hops=0 payloadSize=13 rssi=-61 snr=9.75
[2026-09-02T18:50:41.055+00:00][A] [INFO] Sequence: 185
[2026-09-02T18:50:41.056+00:00][A] [INFO] Packet ID: 84
[2026-09-02T18:50:41.060+00:00][A] [INFO] Packet Size: 26
[2026-09-02T18:50:41.060+00:00][A] [INFO] Timestamp: 84 ms
[2026-09-02T18:50:41.061+00:00][A] [INFO] Transmission Result: success
[2026-09-02T18:50:41.065+00:00][A] [INFO] --------------------------------
[2026-09-02T18:50:41.066+00:00][A] [INFO] [Heartbeat #84]
[2026-09-02T18:50:41.071+00:00][A] [INFO] Sent
[2026-09-02T18:50:41.072+00:00][A] [INFO] Waiting ACK...
[2026-09-02T18:50:41.072+00:00][A] [INFO] [WAITING ACK]
[2026-09-02T18:50:41.085+00:00][A] [INFO] [RF TX] type=2 source=0x01 destination=0xFF previousHop=0x01 sequence=185 ackSequence=0 ttl=8 hops=0 payloadSize=13 rssi=0 snr=0.00
[2026-09-02T18:50:41.086+00:00][A] [INFO] Heartbeat packet sent
[2026-09-02T18:50:41.200+00:00][B] [INFO] --------------------------------
[2026-09-02T18:50:41.201+00:00][B] [INFO] [HEARTBEAT TX]
[2026-09-02T18:50:41.205+00:00][B] [INFO] Node ID: 2
[2026-09-02T18:50:41.206+00:00][B] [INFO] type: 2
[2026-09-02T18:50:41.206+00:00][B] [INFO] Destination: 0xFF
[2026-09-02T18:50:41.209+00:00][A] [INFO] [RF RX] type=2 source=0x02 destination=0xFF previousHop=0x02 sequence=210 ackSequence=0 ttl=8 hops=0 payloadSize=13 rssi=-55 snr=9.75
[2026-09-02T18:50:41.214+00:00][B] [INFO] Sequence: 210
[2026-09-02T18:50:41.214+00:00][B] [INFO] Packet ID: 80
[2026-09-02T18:50:41.216+00:00][B] [INFO] Packet Size: 26
[2026-09-02T18:50:41.217+00:00][B] [INFO] Timestamp: 80 ms
[2026-09-02T18:50:41.217+00:00][B] [INFO] Transmission Result: success
[2026-09-02T18:50:41.222+00:00][B] [INFO] --------------------------------
[2026-09-02T18:50:41.222+00:00][B] [INFO] [Heartbeat #80]
[2026-09-02T18:50:41.227+00:00][B] [INFO] Sent
[2026-09-02T18:50:41.228+00:00][B] [INFO] Waiting ACK...
[2026-09-02T18:50:41.228+00:00][B] [INFO] [WAITING ACK]
[2026-09-02T18:50:41.242+00:00][B] [INFO] [RF TX] type=2 source=0x02 destination=0xFF previousHop=0x02 sequence=210 ackSequence=0 ttl=8 hops=0 payloadSize=13 rssi=0 snr=0.00
[2026-09-02T18:50:41.242+00:00][B] [INFO] Heartbeat packet sent
[2026-09-02T18:50:41.960+00:00][A] [INFO] --------------------------------
[2026-09-02T18:50:41.960+00:00][A] [INFO] [HEARTBEAT TX]
[2026-09-02T18:50:41.965+00:00][A] [INFO] Node ID: 1
[2026-09-02T18:50:41.965+00:00][A] [INFO] type: 2
[2026-09-02T18:50:41.966+00:00][A] [INFO] Destination: 0xFF
[2026-09-02T18:50:41.968+00:00][B] [INFO] [RF RX] type=2 source=0x01 destination=0xFF previousHop=0x01 sequence=186 ackSequence=0 ttl=8 hops=0 payloadSize=13 rssi=-62 snr=10.25
[2026-09-02T18:50:41.970+00:00][A] [INFO] Sequence: 186
[2026-09-02T18:50:41.971+00:00][A] [INFO] Packet ID: 85
[2026-09-02T18:50:41.976+00:00][A] [INFO] Packet Size: 26
[2026-09-02T18:50:41.976+00:00][A] [INFO] Timestamp: 85 ms
[2026-09-02T18:50:41.977+00:00][A] [INFO] Transmission Result: success
[2026-09-02T18:50:41.982+00:00][A] [INFO] --------------------------------
[2026-09-02T18:50:41.982+00:00][A] [INFO] [Heartbeat #85]
[2026-09-02T18:50:41.987+00:00][A] [INFO] Sent
[2026-09-02T18:50:41.988+00:00][A] [INFO] Waiting ACK...
[2026-09-02T18:50:41.988+00:00][A] [INFO] [WAITING ACK]
[2026-09-02T18:50:42.001+00:00][A] [INFO] [RF TX] type=2 source=0x01 destination=0xFF previousHop=0x01 sequence=186 ackSequence=0 ttl=8 hops=0 payloadSize=13 rssi=0 snr=0.00
[2026-09-02T18:50:42.002+00:00][A] [INFO] Heartbeat packet sent
[2026-09-02T18:50:42.217+00:00][B] [WARN] Retry 1
[2026-09-02T18:50:42.284+00:00][B] [INFO] --------------------------------
[2026-09-02T18:50:42.284+00:00][B] [INFO] [HEARTBEAT TX]
[2026-09-02T18:50:42.289+00:00][B] [INFO] Node ID: 2
[2026-09-02T18:50:42.290+00:00][B] [INFO] type: 2
[2026-09-02T18:50:42.290+00:00][B] [INFO] Destination: 0xFF
[2026-09-02T18:50:42.293+00:00][A] [INFO] [RF RX] type=2 source=0x02 destination=0xFF previousHop=0x02 sequence=210 ackSequence=0 ttl=8 hops=0 payloadSize=13 rssi=-55 snr=10.25
[2026-09-02T18:50:42.295+00:00][B] [INFO] Sequence: 210
[2026-09-02T18:50:42.295+00:00][B] [INFO] Packet ID: 80
[2026-09-02T18:50:42.300+00:00][B] [INFO] Packet Size: 26
[2026-09-02T18:50:42.301+00:00][B] [INFO] Timestamp: 80 ms
[2026-09-02T18:50:42.301+00:00][B] [INFO] Transmission Result: success
[2026-09-02T18:50:42.306+00:00][B] [INFO] --------------------------------
[2026-09-02T18:50:42.306+00:00][B] [INFO] [Heartbeat #80]
[2026-09-02T18:50:42.311+00:00][B] [INFO] Sent
[2026-09-02T18:50:42.312+00:00][B] [INFO] Waiting ACK...
[2026-09-02T18:50:42.312+00:00][B] [INFO] [WAITING ACK]
[2026-09-02T18:50:42.326+00:00][B] [INFO] [RF TX] type=2 source=0x02 destination=0xFF previousHop=0x02 sequence=210 ackSequence=0 ttl=8 hops=0 payloadSize=13 rssi=0 snr=0.00
[2026-09-02T18:50:42.326+00:00][B] [INFO] Heartbeat packet sent
[2026-09-02T18:50:42.976+00:00][A] [WARN] Retry 1
[2026-09-02T18:50:43.044+00:00][A] [INFO] --------------------------------
[2026-09-02T18:50:43.044+00:00][A] [INFO] [HEARTBEAT TX]
[2026-09-02T18:50:43.049+00:00][A] [INFO] Node ID: 1
[2026-09-02T18:50:43.049+00:00][A] [INFO] type: 2
[2026-09-02T18:50:43.050+00:00][A] [INFO] Destination: 0xFF
[2026-09-02T18:50:43.052+00:00][B] [INFO] [RF RX] type=2 source=0x01 destination=0xFF previousHop=0x01 sequence=186 ackSequence=0 ttl=8 hops=0 payloadSize=13 rssi=-61 snr=9.75
[2026-09-02T18:50:43.054+00:00][A] [INFO] Sequence: 186
[2026-09-02T18:50:43.055+00:00][A] [INFO] Packet ID: 85
[2026-09-02T18:50:43.060+00:00][A] [INFO] Packet Size: 26
[2026-09-02T18:50:43.060+00:00][A] [INFO] Timestamp: 85 ms
[2026-09-02T18:50:43.061+00:00][A] [INFO] Transmission Result: success
[2026-09-02T18:50:43.066+00:00][A] [INFO] --------------------------------
[2026-09-02T18:50:43.066+00:00][A] [INFO] [Heartbeat #85]
[2026-09-02T18:50:43.071+00:00][A] [INFO] Sent
[2026-09-02T18:50:43.071+00:00][A] [INFO] Waiting ACK...
[2026-09-02T18:50:43.072+00:00][A] [INFO] [WAITING ACK]
[2026-09-02T18:50:43.085+00:00][A] [INFO] [RF TX] type=2 source=0x01 destination=0xFF previousHop=0x01 sequence=186 ackSequence=0 ttl=8 hops=0 payloadSize=13 rssi=0 snr=0.00
[2026-09-02T18:50:43.086+00:00][A] [INFO] Heartbeat packet sent
[2026-09-02T18:50:43.200+00:00][B] [INFO] --------------------------------
[2026-09-02T18:50:43.200+00:00][B] [INFO] [HEARTBEAT TX]
[2026-09-02T18:50:43.205+00:00][B] [INFO] Node ID: 2
[2026-09-02T18:50:43.206+00:00][B] [INFO] type: 2
[2026-09-02T18:50:43.206+00:00][B] [INFO] Destination: 0xFF
[2026-09-02T18:50:43.209+00:00][A] [INFO] [RF RX] type=2 source=0x02 destination=0xFF previousHop=0x02 sequence=211 ackSequence=0 ttl=8 hops=0 payloadSize=13 rssi=-57 snr=9.25
[2026-09-02T18:50:43.211+00:00][B] [INFO] Sequence: 211
[2026-09-02T18:50:43.211+00:00][B] [INFO] Packet ID: 81
[2026-09-02T18:50:43.216+00:00][B] [INFO] Packet Size: 26
[2026-09-02T18:50:43.217+00:00][B] [INFO] Timestamp: 81 ms
[2026-09-02T18:50:43.217+00:00][B] [INFO] Transmission Result: success
[2026-09-02T18:50:43.222+00:00][B] [INFO] --------------------------------
[2026-09-02T18:50:43.223+00:00][B] [INFO] [Heartbeat #81]
[2026-09-02T18:50:43.227+00:00][B] [INFO] Sent
[2026-09-02T18:50:43.228+00:00][B] [INFO] Waiting ACK...
[2026-09-02T18:50:43.228+00:00][B] [INFO] [WAITING ACK]
[2026-09-02T18:50:43.242+00:00][B] [INFO] [RF TX] type=2 source=0x02 destination=0xFF previousHop=0x02 sequence=211 ackSequence=0 ttl=8 hops=0 payloadSize=13 rssi=0 snr=0.00
[2026-09-02T18:50:43.242+00:00][B] [INFO] Heartbeat packet sent
[2026-09-02T18:50:43.959+00:00][A] [INFO] --------------------------------
[2026-09-02T18:50:43.960+00:00][A] [INFO] [HEARTBEAT TX]
[2026-09-02T18:50:43.965+00:00][A] [INFO] Node ID: 1
[2026-09-02T18:50:43.965+00:00][A] [INFO] type: 2
[2026-09-02T18:50:43.965+00:00][A] [INFO] Destination: 0xFF
[2026-09-02T18:50:43.968+00:00][B] [INFO] [RF RX] type=2 source=0x01 destination=0xFF previousHop=0x01 sequence=187 ackSequence=0 ttl=8 hops=0 payloadSize=13 rssi=-61 snr=9.00
[2026-09-02T18:50:43.970+00:00][A] [INFO] Sequence: 187
[2026-09-02T18:50:43.970+00:00][A] [INFO] Packet ID: 86
[2026-09-02T18:50:43.976+00:00][A] [INFO] Packet Size: 26
[2026-09-02T18:50:43.976+00:00][A] [INFO] Timestamp: 86 ms
[2026-09-02T18:50:43.976+00:00][A] [INFO] Transmission Result: success
[2026-09-02T18:50:43.981+00:00][A] [INFO] --------------------------------
[2026-09-02T18:50:43.982+00:00][A] [INFO] [Heartbeat #86]
[2026-09-02T18:50:43.987+00:00][A] [INFO] Sent
[2026-09-02T18:50:43.987+00:00][A] [INFO] Waiting ACK...
[2026-09-02T18:50:43.987+00:00][A] [INFO] [WAITING ACK]
[2026-09-02T18:50:44.001+00:00][A] [INFO] [RF TX] type=2 source=0x01 destination=0xFF previousHop=0x01 sequence=187 ackSequence=0 ttl=8 hops=0 payloadSize=13 rssi=0 snr=0.00
[2026-09-02T18:50:44.001+00:00][A] [INFO] Heartbeat packet sent
[2026-09-02T18:50:44.217+00:00][B] [WARN] Retry 1
[2026-09-02T18:50:44.284+00:00][B] [INFO] --------------------------------
[2026-09-02T18:50:44.287+00:00][B] [INFO] [HEARTBEAT TX]
[2026-09-02T18:50:44.289+00:00][B] [INFO] Node ID: 2
[2026-09-02T18:50:44.289+00:00][B] [INFO] type: 2
[2026-09-02T18:50:44.290+00:00][B] [INFO] Destination: 0xFF
[2026-09-02T18:50:44.293+00:00][A] [INFO] [RF RX] type=2 source=0x02 destination=0xFF previousHop=0x02 sequence=211 ackSequence=0 ttl=8 hops=0 payloadSize=13 rssi=-56 snr=9.25
[2026-09-02T18:50:44.295+00:00][B] [INFO] Sequence: 211
[2026-09-02T18:50:44.295+00:00][B] [INFO] Packet ID: 81
[2026-09-02T18:50:44.300+00:00][B] [INFO] Packet Size: 26
[2026-09-02T18:50:44.300+00:00][B] [INFO] Timestamp: 81 ms
[2026-09-02T18:50:44.301+00:00][B] [INFO] Transmission Result: success
[2026-09-02T18:50:44.306+00:00][B] [INFO] --------------------------------
[2026-09-02T18:50:44.306+00:00][B] [INFO] [Heartbeat #81]
[2026-09-02T18:50:44.311+00:00][B] [INFO] Sent
[2026-09-02T18:50:44.312+00:00][B] [INFO] Waiting ACK...
[2026-09-02T18:50:44.312+00:00][B] [INFO] [WAITING ACK]
[2026-09-02T18:50:44.326+00:00][B] [INFO] [RF TX] type=2 source=0x02 destination=0xFF previousHop=0x02 sequence=211 ackSequence=0 ttl=8 hops=0 payloadSize=13 rssi=0 snr=0.00
[2026-09-02T18:50:44.326+00:00][B] [INFO] Heartbeat packet sent
[2026-09-02T18:50:44.976+00:00][A] [WARN] Retry 1
[2026-09-02T18:50:45.044+00:00][A] [INFO] --------------------------------
[2026-09-02T18:50:45.044+00:00][A] [INFO] [HEARTBEAT TX]
[2026-09-02T18:50:45.049+00:00][A] [INFO] Node ID: 1
[2026-09-02T18:50:45.049+00:00][A] [INFO] type: 2
[2026-09-02T18:50:45.049+00:00][A] [INFO] Destination: 0xFF
[2026-09-02T18:50:45.052+00:00][B] [INFO] [RF RX] type=2 source=0x01 destination=0xFF previousHop=0x01 sequence=187 ackSequence=0 ttl=8 hops=0 payloadSize=13 rssi=-61 snr=9.50
[2026-09-02T18:50:45.054+00:00][A] [INFO] Sequence: 187
[2026-09-02T18:50:45.055+00:00][A] [INFO] Packet ID: 86
[2026-09-02T18:50:45.060+00:00][A] [INFO] Packet Size: 26
[2026-09-02T18:50:45.060+00:00][A] [INFO] Timestamp: 86 ms
[2026-09-02T18:50:45.060+00:00][A] [INFO] Transmission Result: success
[2026-09-02T18:50:45.066+00:00][A] [INFO] --------------------------------
[2026-09-02T18:50:45.066+00:00][A] [INFO] [Heartbeat #86]
[2026-09-02T18:50:45.071+00:00][A] [INFO] Sent
[2026-09-02T18:50:45.071+00:00][A] [INFO] Waiting ACK...
[2026-09-02T18:50:45.072+00:00][A] [INFO] [WAITING ACK]
[2026-09-02T18:50:45.085+00:00][A] [INFO] [RF TX] type=2 source=0x01 destination=0xFF previousHop=0x01 sequence=187 ackSequence=0 ttl=8 hops=0 payloadSize=13 rssi=0 snr=0.00
[2026-09-02T18:50:45.086+00:00][A] [INFO] Heartbeat packet sent
[2026-09-02T18:50:45.200+00:00][B] [INFO] --------------------------------
[2026-09-02T18:50:45.201+00:00][B] [INFO] [HEARTBEAT TX]
[2026-09-02T18:50:45.205+00:00][B] [INFO] Node ID: 2
[2026-09-02T18:50:45.206+00:00][B] [INFO] type: 2
[2026-09-02T18:50:45.206+00:00][B] [INFO] Destination: 0xFF
[2026-09-02T18:50:45.209+00:00][A] [INFO] [RF RX] type=2 source=0x02 destination=0xFF previousHop=0x02 sequence=212 ackSequence=0 ttl=8 hops=0 payloadSize=13 rssi=-56 snr=9.50
[2026-09-02T18:50:45.211+00:00][B] [INFO] Sequence: 212
[2026-09-02T18:50:45.211+00:00][B] [INFO] Packet ID: 82
[2026-09-02T18:50:45.216+00:00][B] [INFO] Packet Size: 26
[2026-09-02T18:50:45.217+00:00][B] [INFO] Timestamp: 82 ms
[2026-09-02T18:50:45.217+00:00][B] [INFO] Transmission Result: success
[2026-09-02T18:50:45.222+00:00][B] [INFO] --------------------------------
[2026-09-02T18:50:45.223+00:00][B] [INFO] [Heartbeat #82]
[2026-09-02T18:50:45.228+00:00][B] [INFO] Sent
[2026-09-02T18:50:45.228+00:00][B] [INFO] Waiting ACK...
[2026-09-02T18:50:45.228+00:00][B] [INFO] [WAITING ACK]
[2026-09-02T18:50:45.242+00:00][B] [INFO] [RF TX] type=2 source=0x02 destination=0xFF previousHop=0x02 sequence=212 ackSequence=0 ttl=8 hops=0 payloadSize=13 rssi=0 snr=0.00
[2026-09-02T18:50:45.242+00:00][B] [INFO] Heartbeat packet sent
[2026-09-02T18:50:45.960+00:00][A] [INFO] --------------------------------
[2026-09-02T18:50:45.960+00:00][A] [INFO] [HEARTBEAT TX]
[2026-09-02T18:50:45.965+00:00][A] [INFO] Node ID: 1
[2026-09-02T18:50:45.965+00:00][A] [INFO] type: 2
[2026-09-02T18:50:45.965+00:00][A] [INFO] Destination: 0xFF
[2026-09-02T18:50:45.968+00:00][B] [INFO] [RF RX] type=2 source=0x01 destination=0xFF previousHop=0x01 sequence=188 ackSequence=0 ttl=8 hops=0 payloadSize=13 rssi=-61 snr=10.00
[2026-09-02T18:50:45.970+00:00][A] [INFO] Sequence: 188
[2026-09-02T18:50:45.971+00:00][A] [INFO] Packet ID: 87
[2026-09-02T18:50:45.976+00:00][A] [INFO] Packet Size: 26
[2026-09-02T18:50:45.976+00:00][A] [INFO] Timestamp: 87 ms
[2026-09-02T18:50:45.976+00:00][A] [INFO] Transmission Result: success
[2026-09-02T18:50:45.982+00:00][A] [INFO] --------------------------------
[2026-09-02T18:50:45.982+00:00][A] [INFO] [Heartbeat #87]
[2026-09-02T18:50:45.987+00:00][A] [INFO] Sent
[2026-09-02T18:50:45.987+00:00][A] [INFO] Waiting ACK...
[2026-09-02T18:50:45.988+00:00][A] [INFO] [WAITING ACK]
[2026-09-02T18:50:46.001+00:00][A] [INFO] [RF TX] type=2 source=0x01 destination=0xFF previousHop=0x01 sequence=188 ackSequence=0 ttl=8 hops=0 payloadSize=13 rssi=0 snr=0.00
[2026-09-02T18:50:46.002+00:00][A] [INFO] Heartbeat packet sent
[2026-09-02T18:50:46.217+00:00][B] [WARN] Retry 1
[2026-09-02T18:50:46.284+00:00][B] [INFO] --------------------------------
[2026-09-02T18:50:46.285+00:00][B] [INFO] [HEARTBEAT TX]
[2026-09-02T18:50:46.289+00:00][B] [INFO] Node ID: 2
[2026-09-02T18:50:46.290+00:00][B] [INFO] type: 2
[2026-09-02T18:50:46.290+00:00][B] [INFO] Destination: 0xFF
[2026-09-02T18:50:46.293+00:00][A] [INFO] [RF RX] type=2 source=0x02 destination=0xFF previousHop=0x02 sequence=212 ackSequence=0 ttl=8 hops=0 payloadSize=13 rssi=-56 snr=9.50
[2026-09-02T18:50:46.295+00:00][B] [INFO] Sequence: 212
[2026-09-02T18:50:46.295+00:00][B] [INFO] Packet ID: 82
[2026-09-02T18:50:46.300+00:00][B] [INFO] Packet Size: 26
[2026-09-02T18:50:46.300+00:00][B] [INFO] Timestamp: 82 ms
[2026-09-02T18:50:46.301+00:00][B] [INFO] Transmission Result: success
[2026-09-02T18:50:46.306+00:00][B] [INFO] --------------------------------
[2026-09-02T18:50:46.306+00:00][B] [INFO] [Heartbeat #82]
[2026-09-02T18:50:46.311+00:00][B] [INFO] Sent
[2026-09-02T18:50:46.312+00:00][B] [INFO] Waiting ACK...
[2026-09-02T18:50:46.312+00:00][B] [INFO] [WAITING ACK]
[2026-09-02T18:50:46.326+00:00][B] [INFO] [RF TX] type=2 source=0x02 destination=0xFF previousHop=0x02 sequence=212 ackSequence=0 ttl=8 hops=0 payloadSize=13 rssi=0 snr=0.00
[2026-09-02T18:50:46.326+00:00][B] [INFO] Heartbeat packet sent
[2026-09-02T18:50:46.976+00:00][A] [WARN] Retry 1
[2026-09-02T18:50:47.043+00:00][A] [INFO] --------------------------------
[2026-09-02T18:50:47.043+00:00][A] [INFO] [HEARTBEAT TX]
[2026-09-02T18:50:47.049+00:00][A] [INFO] Node ID: 1
[2026-09-02T18:50:47.049+00:00][A] [INFO] type: 2
[2026-09-02T18:50:47.049+00:00][A] [INFO] Destination: 0xFF
[2026-09-02T18:50:47.052+00:00][B] [INFO] [RF RX] type=2 source=0x01 destination=0xFF previousHop=0x01 sequence=188 ackSequence=0 ttl=8 hops=0 payloadSize=13 rssi=-60 snr=10.00
[2026-09-02T18:50:47.054+00:00][A] [INFO] Sequence: 188
[2026-09-02T18:50:47.055+00:00][A] [INFO] Packet ID: 87
[2026-09-02T18:50:47.060+00:00][A] [INFO] Packet Size: 26
[2026-09-02T18:50:47.060+00:00][A] [INFO] Timestamp: 87 ms
[2026-09-02T18:50:47.060+00:00][A] [INFO] Transmission Result: success
[2026-09-02T18:50:47.065+00:00][A] [INFO] --------------------------------
[2026-09-02T18:50:47.066+00:00][A] [INFO] [Heartbeat #87]
[2026-09-02T18:50:47.071+00:00][A] [INFO] Sent
[2026-09-02T18:50:47.071+00:00][A] [INFO] Waiting ACK...
[2026-09-02T18:50:47.072+00:00][A] [INFO] [WAITING ACK]
[2026-09-02T18:50:47.085+00:00][A] [INFO] [RF TX] type=2 source=0x01 destination=0xFF previousHop=0x01 sequence=188 ackSequence=0 ttl=8 hops=0 payloadSize=13 rssi=0 snr=0.00
[2026-09-02T18:50:47.086+00:00][A] [INFO] Heartbeat packet sent
[2026-09-02T18:50:47.200+00:00][B] [INFO] --------------------------------
[2026-09-02T18:50:47.201+00:00][B] [INFO] [HEARTBEAT TX]
[2026-09-02T18:50:47.205+00:00][B] [INFO] Node ID: 2
[2026-09-02T18:50:47.206+00:00][B] [INFO] type: 2
[2026-09-02T18:50:47.206+00:00][B] [INFO] Destination: 0xFF
[2026-09-02T18:50:47.209+00:00][A] [INFO] [RF RX] type=2 source=0x02 destination=0xFF previousHop=0x02 sequence=213 ackSequence=0 ttl=8 hops=0 payloadSize=13 rssi=-56 snr=9.50
[2026-09-02T18:50:47.211+00:00][B] [INFO] Sequence: 213
[2026-09-02T18:50:47.211+00:00][B] [INFO] Packet ID: 83
[2026-09-02T18:50:47.216+00:00][B] [INFO] Packet Size: 26
[2026-09-02T18:50:47.216+00:00][B] [INFO] Timestamp: 83 ms
[2026-09-02T18:50:47.217+00:00][B] [INFO] Transmission Result: success
[2026-09-02T18:50:47.222+00:00][B] [INFO] --------------------------------
[2026-09-02T18:50:47.222+00:00][B] [INFO] [Heartbeat #83]
[2026-09-02T18:50:47.227+00:00][B] [INFO] Sent
[2026-09-02T18:50:47.228+00:00][B] [INFO] Waiting ACK...
[2026-09-02T18:50:47.228+00:00][B] [INFO] [WAITING ACK]
[2026-09-02T18:50:47.242+00:00][B] [INFO] [RF TX] type=2 source=0x02 destination=0xFF previousHop=0x02 sequence=213 ackSequence=0 ttl=8 hops=0 payloadSize=13 rssi=0 snr=0.00
[2026-09-02T18:50:47.242+00:00][B] [INFO] Heartbeat packet sent
[2026-09-02T18:50:47.960+00:00][A] [INFO] --------------------------------
[2026-09-02T18:50:47.960+00:00][A] [INFO] [HEARTBEAT TX]
[2026-09-02T18:50:47.965+00:00][A] [INFO] Node ID: 1
[2026-09-02T18:50:47.965+00:00][A] [INFO] type: 2
[2026-09-02T18:50:47.965+00:00][A] [INFO] Destination: 0xFF
[2026-09-02T18:50:47.968+00:00][B] [INFO] [RF RX] type=2 source=0x01 destination=0xFF previousHop=0x01 sequence=189 ackSequence=0 ttl=8 hops=0 payloadSize=13 rssi=-60 snr=9.75
[2026-09-02T18:50:47.970+00:00][A] [INFO] Sequence: 189
[2026-09-02T18:50:47.971+00:00][A] [INFO] Packet ID: 88
[2026-09-02T18:50:47.976+00:00][A] [INFO] Packet Size: 26
[2026-09-02T18:50:47.976+00:00][A] [INFO] Timestamp: 88 ms
[2026-09-02T18:50:47.976+00:00][A] [INFO] Transmission Result: success
[2026-09-02T18:50:47.982+00:00][A] [INFO] --------------------------------
[2026-09-02T18:50:47.982+00:00][A] [INFO] [Heartbeat #88]
[2026-09-02T18:50:47.987+00:00][A] [INFO] Sent
[2026-09-02T18:50:47.987+00:00][A] [INFO] Waiting ACK...
[2026-09-02T18:50:47.988+00:00][A] [INFO] [WAITING ACK]
[2026-09-02T18:50:48.001+00:00][A] [INFO] [RF TX] type=2 source=0x01 destination=0xFF previousHop=0x01 sequence=189 ackSequence=0 ttl=8 hops=0 payloadSize=13 rssi=0 snr=0.00
[2026-09-02T18:50:48.002+00:00][A] [INFO] Heartbeat packet sent
[2026-09-02T18:50:48.217+00:00][B] [WARN] Retry 1
[2026-09-02T18:50:48.284+00:00][B] [INFO] --------------------------------
[2026-09-02T18:50:48.285+00:00][B] [INFO] [HEARTBEAT TX]
[2026-09-02T18:50:48.289+00:00][B] [INFO] Node ID: 2
[2026-09-02T18:50:48.289+00:00][B] [INFO] type: 2
[2026-09-02T18:50:48.290+00:00][B] [INFO] Destination: 0xFF
[2026-09-02T18:50:48.293+00:00][A] [INFO] [RF RX] type=2 source=0x02 destination=0xFF previousHop=0x02 sequence=213 ackSequence=0 ttl=8 hops=0 payloadSize=13 rssi=-56 snr=9.25
[2026-09-02T18:50:48.295+00:00][B] [INFO] Sequence: 213
[2026-09-02T18:50:48.295+00:00][B] [INFO] Packet ID: 83
[2026-09-02T18:50:48.300+00:00][B] [INFO] Packet Size: 26
[2026-09-02T18:50:48.300+00:00][B] [INFO] Timestamp: 83 ms
[2026-09-02T18:50:48.301+00:00][B] [INFO] Transmission Result: success
[2026-09-02T18:50:48.306+00:00][B] [INFO] --------------------------------
[2026-09-02T18:50:48.307+00:00][B] [INFO] [Heartbeat #83]
[2026-09-02T18:50:48.311+00:00][B] [INFO] Sent
[2026-09-02T18:50:48.312+00:00][B] [INFO] Waiting ACK...
[2026-09-02T18:50:48.312+00:00][B] [INFO] [WAITING ACK]
[2026-09-02T18:50:48.326+00:00][B] [INFO] [RF TX] type=2 source=0x02 destination=0xFF previousHop=0x02 sequence=213 ackSequence=0 ttl=8 hops=0 payloadSize=13 rssi=0 snr=0.00
[2026-09-02T18:50:48.326+00:00][B] [INFO] Heartbeat packet sent
[2026-09-02T18:50:48.976+00:00][A] [WARN] Retry 1
[2026-09-02T18:50:49.044+00:00][A] [INFO] --------------------------------
[2026-09-02T18:50:49.044+00:00][A] [INFO] [HEARTBEAT TX]
[2026-09-02T18:50:49.049+00:00][A] [INFO] Node ID: 1
[2026-09-02T18:50:49.049+00:00][A] [INFO] type: 2
[2026-09-02T18:50:49.049+00:00][A] [INFO] Destination: 0xFF
[2026-09-02T18:50:49.052+00:00][B] [INFO] [RF RX] type=2 source=0x01 destination=0xFF previousHop=0x01 sequence=189 ackSequence=0 ttl=8 hops=0 payloadSize=13 rssi=-61 snr=10.00
[2026-09-02T18:50:49.054+00:00][A] [INFO] Sequence: 189
[2026-09-02T18:50:49.055+00:00][A] [INFO] Packet ID: 88
[2026-09-02T18:50:49.060+00:00][A] [INFO] Packet Size: 26
[2026-09-02T18:50:49.061+00:00][A] [INFO] Timestamp: 88 ms
[2026-09-02T18:50:49.061+00:00][A] [INFO] Transmission Result: success
[2026-09-02T18:50:49.066+00:00][A] [INFO] --------------------------------
[2026-09-02T18:50:49.066+00:00][A] [INFO] [Heartbeat #88]
[2026-09-02T18:50:49.071+00:00][A] [INFO] Sent
[2026-09-02T18:50:49.071+00:00][A] [INFO] Waiting ACK...
[2026-09-02T18:50:49.071+00:00][A] [INFO] [WAITING ACK]
[2026-09-02T18:50:49.085+00:00][A] [INFO] [RF TX] type=2 source=0x01 destination=0xFF previousHop=0x01 sequence=189 ackSequence=0 ttl=8 hops=0 payloadSize=13 rssi=0 snr=0.00
[2026-09-02T18:50:49.085+00:00][A] [INFO] Heartbeat packet sent
[2026-09-02T18:50:49.200+00:00][B] [INFO] --------------------------------
[2026-09-02T18:50:49.201+00:00][B] [INFO] [HEARTBEAT TX]
[2026-09-02T18:50:49.206+00:00][B] [INFO] Node ID: 2
[2026-09-02T18:50:49.206+00:00][B] [INFO] type: 2
[2026-09-02T18:50:49.206+00:00][B] [INFO] Destination: 0xFF
[2026-09-02T18:50:49.209+00:00][A] [INFO] [RF RX] type=2 source=0x02 destination=0xFF previousHop=0x02 sequence=214 ackSequence=0 ttl=8 hops=0 payloadSize=13 rssi=-56 snr=9.50
[2026-09-02T18:50:49.211+00:00][B] [INFO] Sequence: 214
[2026-09-02T18:50:49.211+00:00][B] [INFO] Packet ID: 84
[2026-09-02T18:50:49.216+00:00][B] [INFO] Packet Size: 26
[2026-09-02T18:50:49.216+00:00][B] [INFO] Timestamp: 84 ms
[2026-09-02T18:50:49.217+00:00][B] [INFO] Transmission Result: success
[2026-09-02T18:50:49.222+00:00][B] [INFO] --------------------------------
[2026-09-02T18:50:49.222+00:00][B] [INFO] [Heartbeat #84]
[2026-09-02T18:50:49.227+00:00][B] [INFO] Sent
[2026-09-02T18:50:49.228+00:00][B] [INFO] Waiting ACK...
[2026-09-02T18:50:49.228+00:00][B] [INFO] [WAITING ACK]
[2026-09-02T18:50:49.242+00:00][B] [INFO] [RF TX] type=2 source=0x02 destination=0xFF previousHop=0x02 sequence=214 ackSequence=0 ttl=8 hops=0 payloadSize=13 rssi=0 snr=0.00
[2026-09-02T18:50:49.242+00:00][B] [INFO] Heartbeat packet sent
[2026-09-02T18:50:49.960+00:00][A] [INFO] --------------------------------
[2026-09-02T18:50:49.960+00:00][A] [INFO] [HEARTBEAT TX]
[2026-09-02T18:50:49.965+00:00][A] [INFO] Node ID: 1
[2026-09-02T18:50:49.965+00:00][A] [INFO] type: 2
[2026-09-02T18:50:49.965+00:00][A] [INFO] Destination: 0xFF
[2026-09-02T18:50:49.968+00:00][B] [INFO] [RF RX] type=2 source=0x01 destination=0xFF previousHop=0x01 sequence=190 ackSequence=0 ttl=8 hops=0 payloadSize=13 rssi=-61 snr=10.00
[2026-09-02T18:50:49.970+00:00][A] [INFO] Sequence: 190
[2026-09-02T18:50:49.971+00:00][A] [INFO] Packet ID: 89
[2026-09-02T18:50:49.976+00:00][A] [INFO] Packet Size: 26
[2026-09-02T18:50:49.976+00:00][A] [INFO] Timestamp: 89 ms
[2026-09-02T18:50:49.977+00:00][A] [INFO] Transmission Result: success
[2026-09-02T18:50:49.982+00:00][A] [INFO] --------------------------------
[2026-09-02T18:50:49.982+00:00][A] [INFO] [Heartbeat #89]
[2026-09-02T18:50:49.987+00:00][A] [INFO] Sent
[2026-09-02T18:50:49.987+00:00][A] [INFO] Waiting ACK...
[2026-09-02T18:50:49.987+00:00][A] [INFO] [WAITING ACK]
[2026-09-02T18:50:50.001+00:00][A] [INFO] [RF TX] type=2 source=0x01 destination=0xFF previousHop=0x01 sequence=190 ackSequence=0 ttl=8 hops=0 payloadSize=13 rssi=0 snr=0.00
[2026-09-02T18:50:50.002+00:00][A] [INFO] Heartbeat packet sent
[2026-09-02T18:50:50.217+00:00][B] [WARN] Retry 1
[2026-09-02T18:50:50.284+00:00][B] [INFO] --------------------------------
[2026-09-02T18:50:50.285+00:00][B] [INFO] [HEARTBEAT TX]
[2026-09-02T18:50:50.289+00:00][B] [INFO] Node ID: 2
[2026-09-02T18:50:50.290+00:00][B] [INFO] type: 2
[2026-09-02T18:50:50.290+00:00][B] [INFO] Destination: 0xFF
[2026-09-02T18:50:50.293+00:00][A] [INFO] [RF RX] type=2 source=0x02 destination=0xFF previousHop=0x02 sequence=214 ackSequence=0 ttl=8 hops=0 payloadSize=13 rssi=-56 snr=9.75
[2026-09-02T18:50:50.295+00:00][B] [INFO] Sequence: 214
[2026-09-02T18:50:50.295+00:00][B] [INFO] Packet ID: 84
[2026-09-02T18:50:50.300+00:00][B] [INFO] Packet Size: 26
[2026-09-02T18:50:50.301+00:00][B] [INFO] Timestamp: 84 ms
[2026-09-02T18:50:50.301+00:00][B] [INFO] Transmission Result: success
[2026-09-02T18:50:50.306+00:00][B] [INFO] --------------------------------
[2026-09-02T18:50:50.307+00:00][B] [INFO] [Heartbeat #84]
[2026-09-02T18:50:50.311+00:00][B] [INFO] Sent
[2026-09-02T18:50:50.312+00:00][B] [INFO] Waiting ACK...
[2026-09-02T18:50:50.312+00:00][B] [INFO] [WAITING ACK]
[2026-09-02T18:50:50.326+00:00][B] [INFO] [RF TX] type=2 source=0x02 destination=0xFF previousHop=0x02 sequence=214 ackSequence=0 ttl=8 hops=0 payloadSize=13 rssi=0 snr=0.00
[2026-09-02T18:50:50.327+00:00][B] [INFO] Heartbeat packet sent
[2026-09-02T18:50:50.976+00:00][A] [WARN] Retry 1
[2026-09-02T18:50:51.043+00:00][A] [INFO] --------------------------------
[2026-09-02T18:50:51.044+00:00][A] [INFO] [HEARTBEAT TX]
[2026-09-02T18:50:51.049+00:00][A] [INFO] Node ID: 1
[2026-09-02T18:50:51.049+00:00][A] [INFO] type: 2
[2026-09-02T18:50:51.049+00:00][A] [INFO] Destination: 0xFF
[2026-09-02T18:50:51.052+00:00][B] [INFO] [RF RX] type=2 source=0x01 destination=0xFF previousHop=0x01 sequence=190 ackSequence=0 ttl=8 hops=0 payloadSize=13 rssi=-61 snr=9.75
[2026-09-02T18:50:51.054+00:00][A] [INFO] Sequence: 190
[2026-09-02T18:50:51.055+00:00][A] [INFO] Packet ID: 89
[2026-09-02T18:50:51.059+00:00][A] [INFO] Packet Size: 26
[2026-09-02T18:50:51.060+00:00][A] [INFO] Timestamp: 89 ms
[2026-09-02T18:50:51.060+00:00][A] [INFO] Transmission Result: success
[2026-09-02T18:50:51.066+00:00][A] [INFO] --------------------------------
[2026-09-02T18:50:51.066+00:00][A] [INFO] [Heartbeat #89]
[2026-09-02T18:50:51.071+00:00][A] [INFO] Sent
[2026-09-02T18:50:51.071+00:00][A] [INFO] Waiting ACK...
[2026-09-02T18:50:51.072+00:00][A] [INFO] [WAITING ACK]
[2026-09-02T18:50:51.085+00:00][A] [INFO] [RF TX] type=2 source=0x01 destination=0xFF previousHop=0x01 sequence=190 ackSequence=0 ttl=8 hops=0 payloadSize=13 rssi=0 snr=0.00
[2026-09-02T18:50:51.086+00:00][A] [INFO] Heartbeat packet sent
[2026-09-02T18:50:51.200+00:00][B] [INFO] --------------------------------
[2026-09-02T18:50:51.200+00:00][B] [INFO] [HEARTBEAT TX]
[2026-09-02T18:50:51.205+00:00][B] [INFO] Node ID: 2
[2026-09-02T18:50:51.206+00:00][B] [INFO] type: 2
[2026-09-02T18:50:51.206+00:00][B] [INFO] Destination: 0xFF
[2026-09-02T18:50:51.209+00:00][A] [INFO] [RF RX] type=2 source=0x02 destination=0xFF previousHop=0x02 sequence=215 ackSequence=0 ttl=8 hops=0 payloadSize=13 rssi=-55 snr=9.75
[2026-09-02T18:50:51.211+00:00][B] [INFO] Sequence: 215
[2026-09-02T18:50:51.211+00:00][B] [INFO] Packet ID: 85
[2026-09-02T18:50:51.216+00:00][B] [INFO] Packet Size: 26
[2026-09-02T18:50:51.216+00:00][B] [INFO] Timestamp: 85 ms
[2026-09-02T18:50:51.217+00:00][B] [INFO] Transmission Result: success
[2026-09-02T18:50:51.222+00:00][B] [INFO] --------------------------------
[2026-09-02T18:50:51.222+00:00][B] [INFO] [Heartbeat #85]
[2026-09-02T18:50:51.227+00:00][B] [INFO] Sent
[2026-09-02T18:50:51.228+00:00][B] [INFO] Waiting ACK...
[2026-09-02T18:50:51.228+00:00][B] [INFO] [WAITING ACK]
[2026-09-02T18:50:51.242+00:00][B] [INFO] [RF TX] type=2 source=0x02 destination=0xFF previousHop=0x02 sequence=215 ackSequence=0 ttl=8 hops=0 payloadSize=13 rssi=0 snr=0.00
[2026-09-02T18:50:51.242+00:00][B] [INFO] Heartbeat packet sent
[2026-09-02T18:50:51.959+00:00][A] [INFO] --------------------------------
[2026-09-02T18:50:51.960+00:00][A] [INFO] [HEARTBEAT TX]
[2026-09-02T18:50:51.964+00:00][A] [INFO] Node ID: 1
[2026-09-02T18:50:51.965+00:00][A] [INFO] type: 2
[2026-09-02T18:50:51.965+00:00][A] [INFO] Destination: 0xFF
[2026-09-02T18:50:51.968+00:00][B] [INFO] [RF RX] type=2 source=0x01 destination=0xFF previousHop=0x01 sequence=191 ackSequence=0 ttl=8 hops=0 payloadSize=13 rssi=-61 snr=9.50
[2026-09-02T18:50:51.970+00:00][A] [INFO] Sequence: 191
[2026-09-02T18:50:51.970+00:00][A] [INFO] Packet ID: 90
[2026-09-02T18:50:51.975+00:00][A] [INFO] Packet Size: 26
[2026-09-02T18:50:51.976+00:00][A] [INFO] Timestamp: 90 ms
[2026-09-02T18:50:51.976+00:00][A] [INFO] Transmission Result: success
[2026-09-02T18:50:51.982+00:00][A] [INFO] --------------------------------
[2026-09-02T18:50:51.982+00:00][A] [INFO] [Heartbeat #90]
[2026-09-02T18:50:51.987+00:00][A] [INFO] Sent
[2026-09-02T18:50:51.987+00:00][A] [INFO] Waiting ACK...
[2026-09-02T18:50:51.987+00:00][A] [INFO] [WAITING ACK]
[2026-09-02T18:50:52.001+00:00][A] [INFO] [RF TX] type=2 source=0x01 destination=0xFF previousHop=0x01 sequence=191 ackSequence=0 ttl=8 hops=0 payloadSize=13 rssi=0 snr=0.00
[2026-09-02T18:50:52.001+00:00][A] [INFO] Heartbeat packet sent
[2026-09-02T18:50:52.217+00:00][B] [WARN] Retry 1
[2026-09-02T18:50:52.284+00:00][B] [INFO] --------------------------------
[2026-09-02T18:50:52.284+00:00][B] [INFO] [HEARTBEAT TX]
[2026-09-02T18:50:52.289+00:00][B] [INFO] Node ID: 2
[2026-09-02T18:50:52.290+00:00][B] [INFO] type: 2
[2026-09-02T18:50:52.290+00:00][B] [INFO] Destination: 0xFF
[2026-09-02T18:50:52.293+00:00][A] [INFO] [RF RX] type=2 source=0x02 destination=0xFF previousHop=0x02 sequence=215 ackSequence=0 ttl=8 hops=0 payloadSize=13 rssi=-55 snr=10.00
[2026-09-02T18:50:52.295+00:00][B] [INFO] Sequence: 215
[2026-09-02T18:50:52.295+00:00][B] [INFO] Packet ID: 85
[2026-09-02T18:50:52.300+00:00][B] [INFO] Packet Size: 26
[2026-09-02T18:50:52.301+00:00][B] [INFO] Timestamp: 85 ms
[2026-09-02T18:50:52.301+00:00][B] [INFO] Transmission Result: success
[2026-09-02T18:50:52.306+00:00][B] [INFO] --------------------------------
[2026-09-02T18:50:52.306+00:00][B] [INFO] [Heartbeat #85]
[2026-09-02T18:50:52.311+00:00][B] [INFO] Sent
[2026-09-02T18:50:52.312+00:00][B] [INFO] Waiting ACK...
[2026-09-02T18:50:52.312+00:00][B] [INFO] [WAITING ACK]
[2026-09-02T18:50:52.325+00:00][B] [INFO] [RF TX] type=2 source=0x02 destination=0xFF previousHop=0x02 sequence=215 ackSequence=0 ttl=8 hops=0 payloadSize=13 rssi=0 snr=0.00
[2026-09-02T18:50:52.326+00:00][B] [INFO] Heartbeat packet sent
[2026-09-02T18:50:52.976+00:00][A] [WARN] Retry 1
[2026-09-02T18:50:53.043+00:00][A] [INFO] --------------------------------
[2026-09-02T18:50:53.044+00:00][A] [INFO] [HEARTBEAT TX]
[2026-09-02T18:50:53.048+00:00][A] [INFO] Node ID: 1
[2026-09-02T18:50:53.049+00:00][A] [INFO] type: 2
[2026-09-02T18:50:53.049+00:00][A] [INFO] Destination: 0xFF
[2026-09-02T18:50:53.052+00:00][B] [INFO] [RF RX] type=2 source=0x01 destination=0xFF previousHop=0x01 sequence=191 ackSequence=0 ttl=8 hops=0 payloadSize=13 rssi=-61 snr=9.50
[2026-09-02T18:50:53.054+00:00][A] [INFO] Sequence: 191
[2026-09-02T18:50:53.054+00:00][A] [INFO] Packet ID: 90
[2026-09-02T18:50:53.059+00:00][A] [INFO] Packet Size: 26
[2026-09-02T18:50:53.060+00:00][A] [INFO] Timestamp: 90 ms
[2026-09-02T18:50:53.060+00:00][A] [INFO] Transmission Result: success
[2026-09-02T18:50:53.065+00:00][A] [INFO] --------------------------------
[2026-09-02T18:50:53.066+00:00][A] [INFO] [Heartbeat #90]
[2026-09-02T18:50:53.071+00:00][A] [INFO] Sent
[2026-09-02T18:50:53.071+00:00][A] [INFO] Waiting ACK...
[2026-09-02T18:50:53.071+00:00][A] [INFO] [WAITING ACK]
[2026-09-02T18:50:53.085+00:00][A] [INFO] [RF TX] type=2 source=0x01 destination=0xFF previousHop=0x01 sequence=191 ackSequence=0 ttl=8 hops=0 payloadSize=13 rssi=0 snr=0.00
[2026-09-02T18:50:53.085+00:00][A] [INFO] Heartbeat packet sent
[2026-09-02T18:50:53.200+00:00][B] [INFO] --------------------------------
[2026-09-02T18:50:53.200+00:00][B] [INFO] [HEARTBEAT TX]
[2026-09-02T18:50:53.205+00:00][B] [INFO] Node ID: 2
[2026-09-02T18:50:53.206+00:00][B] [INFO] type: 2
[2026-09-02T18:50:53.206+00:00][B] [INFO] Destination: 0xFF
[2026-09-02T18:50:53.209+00:00][A] [INFO] [RF RX] type=2 source=0x02 destination=0xFF previousHop=0x02 sequence=216 ackSequence=0 ttl=8 hops=0 payloadSize=13 rssi=-58 snr=9.25
[2026-09-02T18:50:53.211+00:00][B] [INFO] Sequence: 216
[2026-09-02T18:50:53.211+00:00][B] [INFO] Packet ID: 86
[2026-09-02T18:50:53.216+00:00][B] [INFO] Packet Size: 26
[2026-09-02T18:50:53.216+00:00][B] [INFO] Timestamp: 86 ms
[2026-09-02T18:50:53.217+00:00][B] [INFO] Transmission Result: success
[2026-09-02T18:50:53.222+00:00][B] [INFO] --------------------------------
[2026-09-02T18:50:53.222+00:00][B] [INFO] [Heartbeat #86]
[2026-09-02T18:50:53.227+00:00][B] [INFO] Sent
[2026-09-02T18:50:53.228+00:00][B] [INFO] Waiting ACK...
[2026-09-02T18:50:53.228+00:00][B] [INFO] [WAITING ACK]
[2026-09-02T18:50:53.241+00:00][B] [INFO] [RF TX] type=2 source=0x02 destination=0xFF previousHop=0x02 sequence=216 ackSequence=0 ttl=8 hops=0 payloadSize=13 rssi=0 snr=0.00
[2026-09-02T18:50:53.242+00:00][B] [INFO] Heartbeat packet sent
[2026-09-02T18:50:53.959+00:00][A] [INFO] --------------------------------
[2026-09-02T18:50:53.960+00:00][A] [INFO] [HEARTBEAT TX]
[2026-09-02T18:50:53.964+00:00][A] [INFO] Node ID: 1
[2026-09-02T18:50:53.965+00:00][A] [INFO] type: 2
[2026-09-02T18:50:53.965+00:00][A] [INFO] Destination: 0xFF
[2026-09-02T18:50:53.968+00:00][B] [INFO] [RF RX] type=2 source=0x01 destination=0xFF previousHop=0x01 sequence=192 ackSequence=0 ttl=8 hops=0 payloadSize=13 rssi=-61 snr=9.25
[2026-09-02T18:50:53.970+00:00][A] [INFO] Sequence: 192
[2026-09-02T18:50:53.970+00:00][A] [INFO] Packet ID: 91
[2026-09-02T18:50:53.975+00:00][A] [INFO] Packet Size: 26
[2026-09-02T18:50:53.976+00:00][A] [INFO] Timestamp: 91 ms
[2026-09-02T18:50:53.976+00:00][A] [INFO] Transmission Result: success
[2026-09-02T18:50:53.981+00:00][A] [INFO] --------------------------------
[2026-09-02T18:50:53.982+00:00][A] [INFO] [Heartbeat #91]
[2026-09-02T18:50:53.987+00:00][A] [INFO] Sent
[2026-09-02T18:50:53.987+00:00][A] [INFO] Waiting ACK...
[2026-09-02T18:50:53.987+00:00][A] [INFO] [WAITING ACK]
[2026-09-02T18:50:54.001+00:00][A] [INFO] [RF TX] type=2 source=0x01 destination=0xFF previousHop=0x01 sequence=192 ackSequence=0 ttl=8 hops=0 payloadSize=13 rssi=0 snr=0.00
[2026-09-02T18:50:54.001+00:00][A] [INFO] Heartbeat packet sent
[2026-09-02T18:50:54.217+00:00][B] [WARN] Retry 1
[2026-09-02T18:50:54.285+00:00][B] [INFO] --------------------------------
[2026-09-02T18:50:54.285+00:00][B] [INFO] [HEARTBEAT TX]
[2026-09-02T18:50:54.289+00:00][B] [INFO] Node ID: 2
[2026-09-02T18:50:54.289+00:00][B] [INFO] type: 2
[2026-09-02T18:50:54.290+00:00][B] [INFO] Destination: 0xFF
[2026-09-02T18:50:54.293+00:00][A] [INFO] [RF RX] type=2 source=0x02 destination=0xFF previousHop=0x02 sequence=216 ackSequence=0 ttl=8 hops=0 payloadSize=13 rssi=-58 snr=9.25
[2026-09-02T18:50:54.295+00:00][B] [INFO] Sequence: 216
[2026-09-02T18:50:54.295+00:00][B] [INFO] Packet ID: 86
[2026-09-02T18:50:54.300+00:00][B] [INFO] Packet Size: 26
[2026-09-02T18:50:54.300+00:00][B] [INFO] Timestamp: 86 ms
[2026-09-02T18:50:54.301+00:00][B] [INFO] Transmission Result: success
[2026-09-02T18:50:54.306+00:00][B] [INFO] --------------------------------
[2026-09-02T18:50:54.306+00:00][B] [INFO] [Heartbeat #86]
[2026-09-02T18:50:54.311+00:00][B] [INFO] Sent
[2026-09-02T18:50:54.312+00:00][B] [INFO] Waiting ACK...
[2026-09-02T18:50:54.312+00:00][B] [INFO] [WAITING ACK]
[2026-09-02T18:50:54.326+00:00][B] [INFO] [RF TX] type=2 source=0x02 destination=0xFF previousHop=0x02 sequence=216 ackSequence=0 ttl=8 hops=0 payloadSize=13 rssi=0 snr=0.00
[2026-09-02T18:50:54.326+00:00][B] [INFO] Heartbeat packet sent
[2026-09-02T18:50:54.976+00:00][A] [WARN] Retry 1
[2026-09-02T18:50:55.043+00:00][A] [INFO] --------------------------------
[2026-09-02T18:50:55.044+00:00][A] [INFO] [HEARTBEAT TX]
[2026-09-02T18:50:55.049+00:00][A] [INFO] Node ID: 1
[2026-09-02T18:50:55.049+00:00][A] [INFO] type: 2
[2026-09-02T18:50:55.049+00:00][A] [INFO] Destination: 0xFF
[2026-09-02T18:50:55.052+00:00][B] [INFO] [RF RX] type=2 source=0x01 destination=0xFF previousHop=0x01 sequence=192 ackSequence=0 ttl=8 hops=0 payloadSize=13 rssi=-60 snr=9.75
[2026-09-02T18:50:55.054+00:00][A] [INFO] Sequence: 192
[2026-09-02T18:50:55.055+00:00][A] [INFO] Packet ID: 91
[2026-09-02T18:50:55.059+00:00][A] [INFO] Packet Size: 26
[2026-09-02T18:50:55.060+00:00][A] [INFO] Timestamp: 91 ms
[2026-09-02T18:50:55.062+00:00][A] [INFO] Transmission Result: success
[2026-09-02T18:50:55.065+00:00][A] [INFO] --------------------------------
[2026-09-02T18:50:55.066+00:00][A] [INFO] [Heartbeat #91]
[2026-09-02T18:50:55.071+00:00][A] [INFO] Sent
[2026-09-02T18:50:55.071+00:00][A] [INFO] Waiting ACK...
[2026-09-02T18:50:55.072+00:00][A] [INFO] [WAITING ACK]
[2026-09-02T18:50:55.085+00:00][A] [INFO] [RF TX] type=2 source=0x01 destination=0xFF previousHop=0x01 sequence=192 ackSequence=0 ttl=8 hops=0 payloadSize=13 rssi=0 snr=0.00
[2026-09-02T18:50:55.085+00:00][A] [INFO] Heartbeat packet sent
[2026-09-02T18:50:55.200+00:00][B] [INFO] --------------------------------
[2026-09-02T18:50:55.200+00:00][B] [INFO] [HEARTBEAT TX]
[2026-09-02T18:50:55.205+00:00][B] [INFO] Node ID: 2
[2026-09-02T18:50:55.205+00:00][B] [INFO] type: 2
[2026-09-02T18:50:55.206+00:00][B] [INFO] Destination: 0xFF
[2026-09-02T18:50:55.208+00:00][A] [INFO] [RF RX] type=2 source=0x02 destination=0xFF previousHop=0x02 sequence=217 ackSequence=0 ttl=8 hops=0 payloadSize=13 rssi=-58 snr=9.25
[2026-09-02T18:50:55.211+00:00][B] [INFO] Sequence: 217
[2026-09-02T18:50:55.211+00:00][B] [INFO] Packet ID: 87
[2026-09-02T18:50:55.216+00:00][B] [INFO] Packet Size: 26
[2026-09-02T18:50:55.216+00:00][B] [INFO] Timestamp: 87 ms
[2026-09-02T18:50:55.217+00:00][B] [INFO] Transmission Result: success
[2026-09-02T18:50:55.222+00:00][B] [INFO] --------------------------------
[2026-09-02T18:50:55.222+00:00][B] [INFO] [Heartbeat #87]
[2026-09-02T18:50:55.227+00:00][B] [INFO] Sent
[2026-09-02T18:50:55.228+00:00][B] [INFO] Waiting ACK...
[2026-09-02T18:50:55.228+00:00][B] [INFO] [WAITING ACK]
[2026-09-02T18:50:55.241+00:00][B] [INFO] [RF TX] type=2 source=0x02 destination=0xFF previousHop=0x02 sequence=217 ackSequence=0 ttl=8 hops=0 payloadSize=13 rssi=0 snr=0.00
[2026-09-02T18:50:55.242+00:00][B] [INFO] Heartbeat packet sent
[2026-09-02T18:50:55.959+00:00][A] [INFO] --------------------------------
[2026-09-02T18:50:55.960+00:00][A] [INFO] [HEARTBEAT TX]
[2026-09-02T18:50:55.965+00:00][A] [INFO] Node ID: 1
[2026-09-02T18:50:55.965+00:00][A] [INFO] type: 2
[2026-09-02T18:50:55.965+00:00][A] [INFO] Destination: 0xFF
[2026-09-02T18:50:55.968+00:00][B] [INFO] [RF RX] type=2 source=0x01 destination=0xFF previousHop=0x01 sequence=193 ackSequence=0 ttl=8 hops=0 payloadSize=13 rssi=-60 snr=10.25
[2026-09-02T18:50:55.970+00:00][A] [INFO] Sequence: 193
[2026-09-02T18:50:55.971+00:00][A] [INFO] Packet ID: 92
[2026-09-02T18:50:55.975+00:00][A] [INFO] Packet Size: 26
[2026-09-02T18:50:55.976+00:00][A] [INFO] Timestamp: 92 ms
[2026-09-02T18:50:55.976+00:00][A] [INFO] Transmission Result: success
[2026-09-02T18:50:55.981+00:00][A] [INFO] --------------------------------
[2026-09-02T18:50:55.982+00:00][A] [INFO] [Heartbeat #92]
[2026-09-02T18:50:55.987+00:00][A] [INFO] Sent
[2026-09-02T18:50:55.987+00:00][A] [INFO] Waiting ACK...
[2026-09-02T18:50:55.987+00:00][A] [INFO] [WAITING ACK]
[2026-09-02T18:50:56.001+00:00][A] [INFO] [RF TX] type=2 source=0x01 destination=0xFF previousHop=0x01 sequence=193 ackSequence=0 ttl=8 hops=0 payloadSize=13 rssi=0 snr=0.00
[2026-09-02T18:50:56.001+00:00][A] [INFO] Heartbeat packet sent
[2026-09-02T18:50:56.217+00:00][B] [WARN] Retry 1
[2026-09-02T18:50:56.283+00:00][B] [INFO] --------------------------------
[2026-09-02T18:50:56.284+00:00][B] [INFO] [HEARTBEAT TX]
[2026-09-02T18:50:56.289+00:00][B] [INFO] Node ID: 2
[2026-09-02T18:50:56.289+00:00][B] [INFO] type: 2
[2026-09-02T18:50:56.289+00:00][B] [INFO] Destination: 0xFF
[2026-09-02T18:50:56.292+00:00][A] [INFO] [RF RX] type=2 source=0x02 destination=0xFF previousHop=0x02 sequence=217 ackSequence=0 ttl=8 hops=0 payloadSize=13 rssi=-59 snr=9.75
[2026-09-02T18:50:56.295+00:00][B] [INFO] Sequence: 217
[2026-09-02T18:50:56.295+00:00][B] [INFO] Packet ID: 87
[2026-09-02T18:50:56.300+00:00][B] [INFO] Packet Size: 26
[2026-09-02T18:50:56.300+00:00][B] [INFO] Timestamp: 87 ms
[2026-09-02T18:50:56.301+00:00][B] [INFO] Transmission Result: success
[2026-09-02T18:50:56.306+00:00][B] [INFO] --------------------------------
[2026-09-02T18:50:56.306+00:00][B] [INFO] [Heartbeat #87]
[2026-09-02T18:50:56.311+00:00][B] [INFO] Sent
[2026-09-02T18:50:56.311+00:00][B] [INFO] Waiting ACK...
[2026-09-02T18:50:56.312+00:00][B] [INFO] [WAITING ACK]
[2026-09-02T18:50:56.325+00:00][B] [INFO] [RF TX] type=2 source=0x02 destination=0xFF previousHop=0x02 sequence=217 ackSequence=0 ttl=8 hops=0 payloadSize=13 rssi=0 snr=0.00
[2026-09-02T18:50:56.326+00:00][B] [INFO] Heartbeat packet sent
[2026-09-02T18:50:56.976+00:00][A] [WARN] Retry 1
[2026-09-02T18:50:57.043+00:00][A] [INFO] --------------------------------
[2026-09-02T18:50:57.043+00:00][A] [INFO] [HEARTBEAT TX]
[2026-09-02T18:50:57.048+00:00][A] [INFO] Node ID: 1
[2026-09-02T18:50:57.048+00:00][A] [INFO] type: 2
[2026-09-02T18:50:57.049+00:00][A] [INFO] Destination: 0xFF
[2026-09-02T18:50:57.052+00:00][B] [INFO] [RF RX] type=2 source=0x01 destination=0xFF previousHop=0x01 sequence=193 ackSequence=0 ttl=8 hops=0 payloadSize=13 rssi=-59 snr=10.50
[2026-09-02T18:50:57.054+00:00][A] [INFO] Sequence: 193
[2026-09-02T18:50:57.054+00:00][A] [INFO] Packet ID: 92
[2026-09-02T18:50:57.059+00:00][A] [INFO] Packet Size: 26
[2026-09-02T18:50:57.059+00:00][A] [INFO] Timestamp: 92 ms
[2026-09-02T18:50:57.060+00:00][A] [INFO] Transmission Result: success
[2026-09-02T18:50:57.065+00:00][A] [INFO] --------------------------------
[2026-09-02T18:50:57.065+00:00][A] [INFO] [Heartbeat #92]
[2026-09-02T18:50:57.070+00:00][A] [INFO] Sent
[2026-09-02T18:50:57.071+00:00][A] [INFO] Waiting ACK...
[2026-09-02T18:50:57.071+00:00][A] [INFO] [WAITING ACK]
[2026-09-02T18:50:57.085+00:00][A] [INFO] [RF TX] type=2 source=0x01 destination=0xFF previousHop=0x01 sequence=193 ackSequence=0 ttl=8 hops=0 payloadSize=13 rssi=0 snr=0.00
[2026-09-02T18:50:57.085+00:00][A] [INFO] Heartbeat packet sent
[2026-09-02T18:50:57.200+00:00][B] [INFO] --------------------------------
[2026-09-02T18:50:57.201+00:00][B] [INFO] [HEARTBEAT TX]
[2026-09-02T18:50:57.205+00:00][B] [INFO] Node ID: 2
[2026-09-02T18:50:57.205+00:00][B] [INFO] type: 2
[2026-09-02T18:50:57.206+00:00][B] [INFO] Destination: 0xFF
[2026-09-02T18:50:57.209+00:00][A] [INFO] [RF RX] type=2 source=0x02 destination=0xFF previousHop=0x02 sequence=218 ackSequence=0 ttl=8 hops=0 payloadSize=13 rssi=-60 snr=10.00
[2026-09-02T18:50:57.211+00:00][B] [INFO] Sequence: 218
[2026-09-02T18:50:57.211+00:00][B] [INFO] Packet ID: 88
[2026-09-02T18:50:57.216+00:00][B] [INFO] Packet Size: 26
[2026-09-02T18:50:57.217+00:00][B] [INFO] Timestamp: 88 ms
[2026-09-02T18:50:57.217+00:00][B] [INFO] Transmission Result: success
[2026-09-02T18:50:57.222+00:00][B] [INFO] --------------------------------
[2026-09-02T18:50:57.223+00:00][B] [INFO] [Heartbeat #88]
[2026-09-02T18:50:57.227+00:00][B] [INFO] Sent
[2026-09-02T18:50:57.228+00:00][B] [INFO] Waiting ACK...
[2026-09-02T18:50:57.228+00:00][B] [INFO] [WAITING ACK]
[2026-09-02T18:50:57.241+00:00][B] [INFO] [RF TX] type=2 source=0x02 destination=0xFF previousHop=0x02 sequence=218 ackSequence=0 ttl=8 hops=0 payloadSize=13 rssi=0 snr=0.00
[2026-09-02T18:50:57.242+00:00][B] [INFO] Heartbeat packet sent
[2026-09-02T18:50:57.959+00:00][A] [INFO] --------------------------------
[2026-09-02T18:50:57.959+00:00][A] [INFO] [HEARTBEAT TX]
[2026-09-02T18:50:57.964+00:00][A] [INFO] Node ID: 1
[2026-09-02T18:50:57.964+00:00][A] [INFO] type: 2
[2026-09-02T18:50:57.965+00:00][A] [INFO] Destination: 0xFF
[2026-09-02T18:50:57.968+00:00][B] [INFO] [RF RX] type=2 source=0x01 destination=0xFF previousHop=0x01 sequence=194 ackSequence=0 ttl=8 hops=0 payloadSize=13 rssi=-60 snr=9.75
[2026-09-02T18:50:57.970+00:00][A] [INFO] Sequence: 194
[2026-09-02T18:50:57.970+00:00][A] [INFO] Packet ID: 93
[2026-09-02T18:50:57.975+00:00][A] [INFO] Packet Size: 26
[2026-09-02T18:50:57.976+00:00][A] [INFO] Timestamp: 93 ms
[2026-09-02T18:50:57.976+00:00][A] [INFO] Transmission Result: success
[2026-09-02T18:50:57.981+00:00][A] [INFO] --------------------------------
[2026-09-02T18:50:57.982+00:00][A] [INFO] [Heartbeat #93]
[2026-09-02T18:50:57.987+00:00][A] [INFO] Sent
[2026-09-02T18:50:57.987+00:00][A] [INFO] Waiting ACK...
[2026-09-02T18:50:57.987+00:00][A] [INFO] [WAITING ACK]
[2026-09-02T18:50:58.001+00:00][A] [INFO] [RF TX] type=2 source=0x01 destination=0xFF previousHop=0x01 sequence=194 ackSequence=0 ttl=8 hops=0 payloadSize=13 rssi=0 snr=0.00
[2026-09-02T18:50:58.001+00:00][A] [INFO] Heartbeat packet sent
[2026-09-02T18:50:58.217+00:00][B] [WARN] Retry 1
[2026-09-02T18:50:58.284+00:00][B] [INFO] --------------------------------
[2026-09-02T18:50:58.284+00:00][B] [INFO] [HEARTBEAT TX]
[2026-09-02T18:50:58.289+00:00][B] [INFO] Node ID: 2
[2026-09-02T18:50:58.289+00:00][B] [INFO] type: 2
[2026-09-02T18:50:58.290+00:00][B] [INFO] Destination: 0xFF
[2026-09-02T18:50:58.292+00:00][A] [INFO] [RF RX] type=2 source=0x02 destination=0xFF previousHop=0x02 sequence=218 ackSequence=0 ttl=8 hops=0 payloadSize=13 rssi=-60 snr=10.00
[2026-09-02T18:50:58.294+00:00][B] [INFO] Sequence: 218
[2026-09-02T18:50:58.295+00:00][B] [INFO] Packet ID: 88
[2026-09-02T18:50:58.300+00:00][B] [INFO] Packet Size: 26
[2026-09-02T18:50:58.300+00:00][B] [INFO] Timestamp: 88 ms
[2026-09-02T18:50:58.300+00:00][B] [INFO] Transmission Result: success
[2026-09-02T18:50:58.306+00:00][B] [INFO] --------------------------------
[2026-09-02T18:50:58.306+00:00][B] [INFO] [Heartbeat #88]
[2026-09-02T18:50:58.311+00:00][B] [INFO] Sent
[2026-09-02T18:50:58.311+00:00][B] [INFO] Waiting ACK...
[2026-09-02T18:50:58.311+00:00][B] [INFO] [WAITING ACK]
[2026-09-02T18:50:58.325+00:00][B] [INFO] [RF TX] type=2 source=0x02 destination=0xFF previousHop=0x02 sequence=218 ackSequence=0 ttl=8 hops=0 payloadSize=13 rssi=0 snr=0.00
[2026-09-02T18:50:58.326+00:00][B] [INFO] Heartbeat packet sent
[2026-09-02T18:50:58.976+00:00][A] [WARN] Retry 1
[2026-09-02T18:50:59.043+00:00][A] [INFO] --------------------------------
[2026-09-02T18:50:59.044+00:00][A] [INFO] [HEARTBEAT TX]
[2026-09-02T18:50:59.048+00:00][A] [INFO] Node ID: 1
[2026-09-02T18:50:59.049+00:00][A] [INFO] type: 2
[2026-09-02T18:50:59.049+00:00][A] [INFO] Destination: 0xFF
[2026-09-02T18:50:59.052+00:00][B] [INFO] [RF RX] type=2 source=0x01 destination=0xFF previousHop=0x01 sequence=194 ackSequence=0 ttl=8 hops=0 payloadSize=13 rssi=-60 snr=9.75
[2026-09-02T18:50:59.054+00:00][A] [INFO] Sequence: 194
[2026-09-02T18:50:59.054+00:00][A] [INFO] Packet ID: 93
[2026-09-02T18:50:59.059+00:00][A] [INFO] Packet Size: 26
[2026-09-02T18:50:59.060+00:00][A] [INFO] Timestamp: 93 ms
[2026-09-02T18:50:59.060+00:00][A] [INFO] Transmission Result: success
[2026-09-02T18:50:59.065+00:00][A] [INFO] --------------------------------
[2026-09-02T18:50:59.066+00:00][A] [INFO] [Heartbeat #93]
[2026-09-02T18:50:59.071+00:00][A] [INFO] Sent
[2026-09-02T18:50:59.071+00:00][A] [INFO] Waiting ACK...
[2026-09-02T18:50:59.071+00:00][A] [INFO] [WAITING ACK]
[2026-09-02T18:50:59.085+00:00][A] [INFO] [RF TX] type=2 source=0x01 destination=0xFF previousHop=0x01 sequence=194 ackSequence=0 ttl=8 hops=0 payloadSize=13 rssi=0 snr=0.00
[2026-09-02T18:50:59.085+00:00][A] [INFO] Heartbeat packet sent
[2026-09-02T18:50:59.199+00:00][B] [INFO] --------------------------------
[2026-09-02T18:50:59.199+00:00][B] [INFO] [HEARTBEAT TX]
[2026-09-02T18:50:59.205+00:00][B] [INFO] Node ID: 2
[2026-09-02T18:50:59.205+00:00][B] [INFO] type: 2
[2026-09-02T18:50:59.205+00:00][B] [INFO] Destination: 0xFF
[2026-09-02T18:50:59.208+00:00][A] [INFO] [RF RX] type=2 source=0x02 destination=0xFF previousHop=0x02 sequence=219 ackSequence=0 ttl=8 hops=0 payloadSize=13 rssi=-60 snr=9.50
[2026-09-02T18:50:59.210+00:00][B] [INFO] Sequence: 219
[2026-09-02T18:50:59.210+00:00][B] [INFO] Packet ID: 89
[2026-09-02T18:50:59.216+00:00][B] [INFO] Packet Size: 26
[2026-09-02T18:50:59.216+00:00][B] [INFO] Timestamp: 89 ms
[2026-09-02T18:50:59.216+00:00][B] [INFO] Transmission Result: success
[2026-09-02T18:50:59.222+00:00][B] [INFO] --------------------------------
[2026-09-02T18:50:59.222+00:00][B] [INFO] [Heartbeat #89]
[2026-09-02T18:50:59.227+00:00][B] [INFO] Sent
[2026-09-02T18:50:59.227+00:00][B] [INFO] Waiting ACK...
[2026-09-02T18:50:59.227+00:00][B] [INFO] [WAITING ACK]
[2026-09-02T18:50:59.244+00:00][B] [INFO] [RF TX] type=2 source=0x02 destination=0xFF previousHop=0x02 sequence=219 ackSequence=0 ttl=8 hops=0 payloadSize=13 rssi=0 snr=0.00
[2026-09-02T18:50:59.244+00:00][B] [INFO] Heartbeat packet sent
[2026-09-02T18:50:59.959+00:00][A] [INFO] --------------------------------
[2026-09-02T18:50:59.960+00:00][A] [INFO] [HEARTBEAT TX]
[2026-09-02T18:50:59.964+00:00][A] [INFO] Node ID: 1
[2026-09-02T18:50:59.965+00:00][A] [INFO] type: 2
[2026-09-02T18:50:59.965+00:00][A] [INFO] Destination: 0xFF
[2026-09-02T18:50:59.968+00:00][B] [INFO] [RF RX] type=2 source=0x01 destination=0xFF previousHop=0x01 sequence=195 ackSequence=0 ttl=8 hops=0 payloadSize=13 rssi=-60 snr=9.50
[2026-09-02T18:50:59.970+00:00][A] [INFO] Sequence: 195
[2026-09-02T18:50:59.970+00:00][A] [INFO] Packet ID: 94
[2026-09-02T18:50:59.975+00:00][A] [INFO] Packet Size: 26
[2026-09-02T18:50:59.976+00:00][A] [INFO] Timestamp: 94 ms
[2026-09-02T18:50:59.976+00:00][A] [INFO] Transmission Result: success
[2026-09-02T18:50:59.981+00:00][A] [INFO] --------------------------------
[2026-09-02T18:50:59.981+00:00][A] [INFO] [Heartbeat #94]
[2026-09-02T18:50:59.987+00:00][A] [INFO] Sent
[2026-09-02T18:50:59.987+00:00][A] [INFO] Waiting ACK...
[2026-09-02T18:50:59.987+00:00][A] [INFO] [WAITING ACK]
[2026-09-02T18:51:00.001+00:00][A] [INFO] [RF TX] type=2 source=0x01 destination=0xFF previousHop=0x01 sequence=195 ackSequence=0 ttl=8 hops=0 payloadSize=13 rssi=0 snr=0.00
[2026-09-02T18:51:00.001+00:00][A] [INFO] Heartbeat packet sent
[2026-09-02T18:51:00.217+00:00][B] [WARN] Retry 1
[2026-09-02T18:51:00.284+00:00][B] [INFO] --------------------------------
[2026-09-02T18:51:00.284+00:00][B] [INFO] [HEARTBEAT TX]
[2026-09-02T18:51:00.289+00:00][B] [INFO] Node ID: 2
[2026-09-02T18:51:00.289+00:00][B] [INFO] type: 2
[2026-09-02T18:51:00.290+00:00][B] [INFO] Destination: 0xFF
[2026-09-02T18:51:00.292+00:00][A] [INFO] [RF RX] type=2 source=0x02 destination=0xFF previousHop=0x02 sequence=219 ackSequence=0 ttl=8 hops=0 payloadSize=13 rssi=-60 snr=9.50
[2026-09-02T18:51:00.294+00:00][B] [INFO] Sequence: 219
[2026-09-02T18:51:00.295+00:00][B] [INFO] Packet ID: 89
[2026-09-02T18:51:00.300+00:00][B] [INFO] Packet Size: 26
[2026-09-02T18:51:00.300+00:00][B] [INFO] Timestamp: 89 ms
[2026-09-02T18:51:00.301+00:00][B] [INFO] Transmission Result: success
[2026-09-02T18:51:00.306+00:00][B] [INFO] --------------------------------
[2026-09-02T18:51:00.306+00:00][B] [INFO] [Heartbeat #89]
[2026-09-02T18:51:00.311+00:00][B] [INFO] Sent
[2026-09-02T18:51:00.311+00:00][B] [INFO] Waiting ACK...
[2026-09-02T18:51:00.311+00:00][B] [INFO] [WAITING ACK]
[2026-09-02T18:51:00.325+00:00][B] [INFO] [RF TX] type=2 source=0x02 destination=0xFF previousHop=0x02 sequence=219 ackSequence=0 ttl=8 hops=0 payloadSize=13 rssi=0 snr=0.00
[2026-09-02T18:51:00.326+00:00][B] [INFO] Heartbeat packet sent
[2026-09-02T18:51:00.976+00:00][A] [WARN] Retry 1
[2026-09-02T18:51:01.043+00:00][A] [INFO] --------------------------------
[2026-09-02T18:51:01.044+00:00][A] [INFO] [HEARTBEAT TX]
[2026-09-02T18:51:01.048+00:00][A] [INFO] Node ID: 1
[2026-09-02T18:51:01.049+00:00][A] [INFO] type: 2
[2026-09-02T18:51:01.049+00:00][A] [INFO] Destination: 0xFF
[2026-09-02T18:51:01.052+00:00][B] [INFO] [RF RX] type=2 source=0x01 destination=0xFF previousHop=0x01 sequence=195 ackSequence=0 ttl=8 hops=0 payloadSize=13 rssi=-60 snr=9.75
[2026-09-02T18:51:01.054+00:00][A] [INFO] Sequence: 195
[2026-09-02T18:51:01.054+00:00][A] [INFO] Packet ID: 94
[2026-09-02T18:51:01.059+00:00][A] [INFO] Packet Size: 26
[2026-09-02T18:51:01.060+00:00][A] [INFO] Timestamp: 94 ms
[2026-09-02T18:51:01.060+00:00][A] [INFO] Transmission Result: success
[2026-09-02T18:51:01.065+00:00][A] [INFO] --------------------------------
[2026-09-02T18:51:01.066+00:00][A] [INFO] [Heartbeat #94]
[2026-09-02T18:51:01.071+00:00][A] [INFO] Sent
[2026-09-02T18:51:01.071+00:00][A] [INFO] Waiting ACK...
[2026-09-02T18:51:01.071+00:00][A] [INFO] [WAITING ACK]
[2026-09-02T18:51:01.085+00:00][A] [INFO] [RF TX] type=2 source=0x01 destination=0xFF previousHop=0x01 sequence=195 ackSequence=0 ttl=8 hops=0 payloadSize=13 rssi=0 snr=0.00
[2026-09-02T18:51:01.085+00:00][A] [INFO] Heartbeat packet sent
[2026-09-02T18:51:01.200+00:00][B] [INFO] --------------------------------
[2026-09-02T18:51:01.200+00:00][B] [INFO] [HEARTBEAT TX]
[2026-09-02T18:51:01.205+00:00][B] [INFO] Node ID: 2
[2026-09-02T18:51:01.205+00:00][B] [INFO] type: 2
[2026-09-02T18:51:01.206+00:00][B] [INFO] Destination: 0xFF
[2026-09-02T18:51:01.208+00:00][A] [INFO] [RF RX] type=2 source=0x02 destination=0xFF previousHop=0x02 sequence=220 ackSequence=0 ttl=8 hops=0 payloadSize=13 rssi=-60 snr=9.25
[2026-09-02T18:51:01.210+00:00][B] [INFO] Sequence: 220
[2026-09-02T18:51:01.211+00:00][B] [INFO] Packet ID: 90
[2026-09-02T18:51:01.216+00:00][B] [INFO] Packet Size: 26
[2026-09-02T18:51:01.216+00:00][B] [INFO] Timestamp: 90 ms
[2026-09-02T18:51:01.217+00:00][B] [INFO] Transmission Result: success
[2026-09-02T18:51:01.222+00:00][B] [INFO] --------------------------------
[2026-09-02T18:51:01.222+00:00][B] [INFO] [Heartbeat #90]
[2026-09-02T18:51:01.227+00:00][B] [INFO] Sent
[2026-09-02T18:51:01.228+00:00][B] [INFO] Waiting ACK...
[2026-09-02T18:51:01.228+00:00][B] [INFO] [WAITING ACK]
[2026-09-02T18:51:01.241+00:00][B] [INFO] [RF TX] type=2 source=0x02 destination=0xFF previousHop=0x02 sequence=220 ackSequence=0 ttl=8 hops=0 payloadSize=13 rssi=0 snr=0.00
[2026-09-02T18:51:01.242+00:00][B] [INFO] Heartbeat packet sent
[2026-09-02T18:51:01.959+00:00][A] [INFO] --------------------------------
[2026-09-02T18:51:01.959+00:00][A] [INFO] [HEARTBEAT TX]
[2026-09-02T18:51:01.964+00:00][A] [INFO] Node ID: 1
[2026-09-02T18:51:01.964+00:00][A] [INFO] type: 2
[2026-09-02T18:51:01.965+00:00][A] [INFO] Destination: 0xFF
[2026-09-02T18:51:01.968+00:00][B] [INFO] [RF RX] type=2 source=0x01 destination=0xFF previousHop=0x01 sequence=196 ackSequence=0 ttl=8 hops=0 payloadSize=13 rssi=-61 snr=9.50
[2026-09-02T18:51:01.970+00:00][A] [INFO] Sequence: 196
[2026-09-02T18:51:01.970+00:00][A] [INFO] Packet ID: 95
[2026-09-02T18:51:01.975+00:00][A] [INFO] Packet Size: 26
[2026-09-02T18:51:01.976+00:00][A] [INFO] Timestamp: 95 ms
[2026-09-02T18:51:01.976+00:00][A] [INFO] Transmission Result: success
[2026-09-02T18:51:01.981+00:00][A] [INFO] --------------------------------
[2026-09-02T18:51:01.982+00:00][A] [INFO] [Heartbeat #95]
[2026-09-02T18:51:01.987+00:00][A] [INFO] Sent
[2026-09-02T18:51:01.987+00:00][A] [INFO] Waiting ACK...
[2026-09-02T18:51:01.987+00:00][A] [INFO] [WAITING ACK]
[2026-09-02T18:51:02.001+00:00][A] [INFO] [RF TX] type=2 source=0x01 destination=0xFF previousHop=0x01 sequence=196 ackSequence=0 ttl=8 hops=0 payloadSize=13 rssi=0 snr=0.00
[2026-09-02T18:51:02.001+00:00][A] [INFO] Heartbeat packet sent
[2026-09-02T18:51:02.217+00:00][B] [WARN] Retry 1
[2026-09-02T18:51:02.284+00:00][B] [INFO] --------------------------------
[2026-09-02T18:51:02.284+00:00][B] [INFO] [HEARTBEAT TX]
[2026-09-02T18:51:02.289+00:00][B] [INFO] Node ID: 2
[2026-09-02T18:51:02.289+00:00][B] [INFO] type: 2
[2026-09-02T18:51:02.290+00:00][B] [INFO] Destination: 0xFF
[2026-09-02T18:51:02.292+00:00][A] [INFO] [RF RX] type=2 source=0x02 destination=0xFF previousHop=0x02 sequence=220 ackSequence=0 ttl=8 hops=0 payloadSize=13 rssi=-60 snr=9.50
[2026-09-02T18:51:02.294+00:00][B] [INFO] Sequence: 220
[2026-09-02T18:51:02.294+00:00][B] [INFO] Packet ID: 90
[2026-09-02T18:51:02.300+00:00][B] [INFO] Packet Size: 26
[2026-09-02T18:51:02.300+00:00][B] [INFO] Timestamp: 90 ms
[2026-09-02T18:51:02.301+00:00][B] [INFO] Transmission Result: success
[2026-09-02T18:51:02.306+00:00][B] [INFO] --------------------------------
[2026-09-02T18:51:02.306+00:00][B] [INFO] [Heartbeat #90]
[2026-09-02T18:51:02.311+00:00][B] [INFO] Sent
[2026-09-02T18:51:02.311+00:00][B] [INFO] Waiting ACK...
[2026-09-02T18:51:02.311+00:00][B] [INFO] [WAITING ACK]
[2026-09-02T18:51:02.325+00:00][B] [INFO] [RF TX] type=2 source=0x02 destination=0xFF previousHop=0x02 sequence=220 ackSequence=0 ttl=8 hops=0 payloadSize=13 rssi=0 snr=0.00
[2026-09-02T18:51:02.326+00:00][B] [INFO] Heartbeat packet sent
[2026-09-02T18:51:02.976+00:00][A] [WARN] Retry 1
[2026-09-02T18:51:03.043+00:00][A] [INFO] --------------------------------
[2026-09-02T18:51:03.043+00:00][A] [INFO] [HEARTBEAT TX]
[2026-09-02T18:51:03.048+00:00][A] [INFO] Node ID: 1
[2026-09-02T18:51:03.049+00:00][A] [INFO] type: 2
[2026-09-02T18:51:03.049+00:00][A] [INFO] Destination: 0xFF
[2026-09-02T18:51:03.052+00:00][B] [INFO] [RF RX] type=2 source=0x01 destination=0xFF previousHop=0x01 sequence=196 ackSequence=0 ttl=8 hops=0 payloadSize=13 rssi=-60 snr=9.50
[2026-09-02T18:51:03.054+00:00][A] [INFO] Sequence: 196
[2026-09-02T18:51:03.054+00:00][A] [INFO] Packet ID: 95
[2026-09-02T18:51:03.059+00:00][A] [INFO] Packet Size: 26
[2026-09-02T18:51:03.060+00:00][A] [INFO] Timestamp: 95 ms
[2026-09-02T18:51:03.060+00:00][A] [INFO] Transmission Result: success
[2026-09-02T18:51:03.065+00:00][A] [INFO] --------------------------------
[2026-09-02T18:51:03.065+00:00][A] [INFO] [Heartbeat #95]
[2026-09-02T18:51:03.070+00:00][A] [INFO] Sent
[2026-09-02T18:51:03.071+00:00][A] [INFO] Waiting ACK...
[2026-09-02T18:51:03.071+00:00][A] [INFO] [WAITING ACK]
[2026-09-02T18:51:03.085+00:00][A] [INFO] [RF TX] type=2 source=0x01 destination=0xFF previousHop=0x01 sequence=196 ackSequence=0 ttl=8 hops=0 payloadSize=13 rssi=0 snr=0.00
[2026-09-02T18:51:03.085+00:00][A] [INFO] Heartbeat packet sent
[2026-09-02T18:51:03.200+00:00][B] [INFO] --------------------------------
[2026-09-02T18:51:03.200+00:00][B] [INFO] [HEARTBEAT TX]
[2026-09-02T18:51:03.205+00:00][B] [INFO] Node ID: 2
[2026-09-02T18:51:03.205+00:00][B] [INFO] type: 2
[2026-09-02T18:51:03.206+00:00][B] [INFO] Destination: 0xFF
[2026-09-02T18:51:03.208+00:00][A] [INFO] [RF RX] type=2 source=0x02 destination=0xFF previousHop=0x02 sequence=221 ackSequence=0 ttl=8 hops=0 payloadSize=13 rssi=-60 snr=9.25
[2026-09-02T18:51:03.211+00:00][B] [INFO] Sequence: 221
[2026-09-02T18:51:03.211+00:00][B] [INFO] Packet ID: 91
[2026-09-02T18:51:03.216+00:00][B] [INFO] Packet Size: 26
[2026-09-02T18:51:03.216+00:00][B] [INFO] Timestamp: 91 ms
[2026-09-02T18:51:03.217+00:00][B] [INFO] Transmission Result: success
[2026-09-02T18:51:03.222+00:00][B] [INFO] --------------------------------
[2026-09-02T18:51:03.222+00:00][B] [INFO] [Heartbeat #91]
[2026-09-02T18:51:03.227+00:00][B] [INFO] Sent
[2026-09-02T18:51:03.228+00:00][B] [INFO] Waiting ACK...
[2026-09-02T18:51:03.228+00:00][B] [INFO] [WAITING ACK]
[2026-09-02T18:51:03.241+00:00][B] [INFO] [RF TX] type=2 source=0x02 destination=0xFF previousHop=0x02 sequence=221 ackSequence=0 ttl=8 hops=0 payloadSize=13 rssi=0 snr=0.00
[2026-09-02T18:51:03.242+00:00][B] [INFO] Heartbeat packet sent
[2026-09-02T18:51:03.959+00:00][A] [INFO] --------------------------------
[2026-09-02T18:51:03.960+00:00][A] [INFO] [HEARTBEAT TX]
[2026-09-02T18:51:03.964+00:00][A] [INFO] Node ID: 1
[2026-09-02T18:51:03.965+00:00][A] [INFO] type: 2
[2026-09-02T18:51:03.965+00:00][A] [INFO] Destination: 0xFF
[2026-09-02T18:51:03.968+00:00][B] [INFO] [RF RX] type=2 source=0x01 destination=0xFF previousHop=0x01 sequence=197 ackSequence=0 ttl=8 hops=0 payloadSize=13 rssi=-60 snr=9.50
[2026-09-02T18:51:03.970+00:00][A] [INFO] Sequence: 197
[2026-09-02T18:51:03.970+00:00][A] [INFO] Packet ID: 96
[2026-09-02T18:51:03.975+00:00][A] [INFO] Packet Size: 26
[2026-09-02T18:51:03.976+00:00][A] [INFO] Timestamp: 96 ms
[2026-09-02T18:51:03.976+00:00][A] [INFO] Transmission Result: success
[2026-09-02T18:51:03.981+00:00][A] [INFO] --------------------------------
[2026-09-02T18:51:03.982+00:00][A] [INFO] [Heartbeat #96]
[2026-09-02T18:51:03.986+00:00][A] [INFO] Sent
[2026-09-02T18:51:03.987+00:00][A] [INFO] Waiting ACK...
[2026-09-02T18:51:03.987+00:00][A] [INFO] [WAITING ACK]
[2026-09-02T18:51:04.001+00:00][A] [INFO] [RF TX] type=2 source=0x01 destination=0xFF previousHop=0x01 sequence=197 ackSequence=0 ttl=8 hops=0 payloadSize=13 rssi=0 snr=0.00
[2026-09-02T18:51:04.001+00:00][A] [INFO] Heartbeat packet sent
[2026-09-02T18:51:04.217+00:00][B] [WARN] Retry 1
[2026-09-02T18:51:04.284+00:00][B] [INFO] --------------------------------
[2026-09-02T18:51:04.284+00:00][B] [INFO] [HEARTBEAT TX]
[2026-09-02T18:51:04.289+00:00][B] [INFO] Node ID: 2
[2026-09-02T18:51:04.289+00:00][B] [INFO] type: 2
[2026-09-02T18:51:04.290+00:00][B] [INFO] Destination: 0xFF
[2026-09-02T18:51:04.292+00:00][A] [INFO] [RF RX] type=2 source=0x02 destination=0xFF previousHop=0x02 sequence=221 ackSequence=0 ttl=8 hops=0 payloadSize=13 rssi=-61 snr=9.00
[2026-09-02T18:51:04.294+00:00][B] [INFO] Sequence: 221
[2026-09-02T18:51:04.295+00:00][B] [INFO] Packet ID: 91
[2026-09-02T18:51:04.300+00:00][B] [INFO] Packet Size: 26
[2026-09-02T18:51:04.300+00:00][B] [INFO] Timestamp: 91 ms
[2026-09-02T18:51:04.301+00:00][B] [INFO] Transmission Result: success
[2026-09-02T18:51:04.306+00:00][B] [INFO] --------------------------------
[2026-09-02T18:51:04.306+00:00][B] [INFO] [Heartbeat #91]
[2026-09-02T18:51:04.311+00:00][B] [INFO] Sent
[2026-09-02T18:51:04.311+00:00][B] [INFO] Waiting ACK...
[2026-09-02T18:51:04.312+00:00][B] [INFO] [WAITING ACK]
[2026-09-02T18:51:04.325+00:00][B] [INFO] [RF TX] type=2 source=0x02 destination=0xFF previousHop=0x02 sequence=221 ackSequence=0 ttl=8 hops=0 payloadSize=13 rssi=0 snr=0.00
[2026-09-02T18:51:04.326+00:00][B] [INFO] Heartbeat packet sent
[2026-09-02T18:51:04.976+00:00][A] [WARN] Retry 1
[2026-09-02T18:51:05.043+00:00][A] [INFO] --------------------------------
[2026-09-02T18:51:05.043+00:00][A] [INFO] [HEARTBEAT TX]
[2026-09-02T18:51:05.048+00:00][A] [INFO] Node ID: 1
[2026-09-02T18:51:05.049+00:00][A] [INFO] type: 2
[2026-09-02T18:51:05.049+00:00][A] [INFO] Destination: 0xFF
[2026-09-02T18:51:05.052+00:00][B] [INFO] [RF RX] type=2 source=0x01 destination=0xFF previousHop=0x01 sequence=197 ackSequence=0 ttl=8 hops=0 payloadSize=13 rssi=-61 snr=10.00
[2026-09-02T18:51:05.054+00:00][A] [INFO] Sequence: 197
[2026-09-02T18:51:05.054+00:00][A] [INFO] Packet ID: 96
[2026-09-02T18:51:05.059+00:00][A] [INFO] Packet Size: 26
[2026-09-02T18:51:05.060+00:00][A] [INFO] Timestamp: 96 ms
[2026-09-02T18:51:05.061+00:00][A] [INFO] Transmission Result: success
[2026-09-02T18:51:05.065+00:00][A] [INFO] --------------------------------
[2026-09-02T18:51:05.066+00:00][A] [INFO] [Heartbeat #96]
[2026-09-02T18:51:05.070+00:00][A] [INFO] Sent
[2026-09-02T18:51:05.070+00:00][A] [INFO] Waiting ACK...
[2026-09-02T18:51:05.071+00:00][A] [INFO] [WAITING ACK]
[2026-09-02T18:51:05.085+00:00][A] [INFO] [RF TX] type=2 source=0x01 destination=0xFF previousHop=0x01 sequence=197 ackSequence=0 ttl=8 hops=0 payloadSize=13 rssi=0 snr=0.00
[2026-09-02T18:51:05.086+00:00][A] [INFO] Heartbeat packet sent
[2026-09-02T18:51:05.200+00:00][B] [INFO] --------------------------------
[2026-09-02T18:51:05.200+00:00][B] [INFO] [HEARTBEAT TX]
[2026-09-02T18:51:05.205+00:00][B] [INFO] Node ID: 2
[2026-09-02T18:51:05.205+00:00][B] [INFO] type: 2
[2026-09-02T18:51:05.205+00:00][B] [INFO] Destination: 0xFF
[2026-09-02T18:51:05.208+00:00][A] [INFO] [RF RX] type=2 source=0x02 destination=0xFF previousHop=0x02 sequence=222 ackSequence=0 ttl=8 hops=0 payloadSize=13 rssi=-60 snr=9.50
[2026-09-02T18:51:05.210+00:00][B] [INFO] Sequence: 222
[2026-09-02T18:51:05.211+00:00][B] [INFO] Packet ID: 92
[2026-09-02T18:51:05.216+00:00][B] [INFO] Packet Size: 26
[2026-09-02T18:51:05.216+00:00][B] [INFO] Timestamp: 92 ms
[2026-09-02T18:51:05.216+00:00][B] [INFO] Transmission Result: success
[2026-09-02T18:51:05.222+00:00][B] [INFO] --------------------------------
[2026-09-02T18:51:05.222+00:00][B] [INFO] [Heartbeat #92]
[2026-09-02T18:51:05.227+00:00][B] [INFO] Sent
[2026-09-02T18:51:05.227+00:00][B] [INFO] Waiting ACK...
[2026-09-02T18:51:05.227+00:00][B] [INFO] [WAITING ACK]
[2026-09-02T18:51:05.241+00:00][B] [INFO] [RF TX] type=2 source=0x02 destination=0xFF previousHop=0x02 sequence=222 ackSequence=0 ttl=8 hops=0 payloadSize=13 rssi=0 snr=0.00
[2026-09-02T18:51:05.242+00:00][B] [INFO] Heartbeat packet sent
[2026-09-02T18:51:05.959+00:00][A] [INFO] --------------------------------
[2026-09-02T18:51:05.960+00:00][A] [INFO] [HEARTBEAT TX]
[2026-09-02T18:51:05.964+00:00][A] [INFO] Node ID: 1
[2026-09-02T18:51:05.965+00:00][A] [INFO] type: 2
[2026-09-02T18:51:05.965+00:00][A] [INFO] Destination: 0xFF
[2026-09-02T18:51:05.969+00:00][B] [INFO] [RF RX] type=2 source=0x01 destination=0xFF previousHop=0x01 sequence=198 ackSequence=0 ttl=8 hops=0 payloadSize=13 rssi=-60 snr=9.50
[2026-09-02T18:51:05.971+00:00][A] [INFO] Sequence: 198
[2026-09-02T18:51:05.972+00:00][A] [INFO] Packet ID: 97
[2026-09-02T18:51:05.978+00:00][A] [INFO] Packet Size: 26
[2026-09-02T18:51:05.980+00:00][A] [INFO] Timestamp: 97 ms
[2026-09-02T18:51:05.982+00:00][A] [INFO] Transmission Result: success
[2026-09-02T18:51:05.982+00:00][A] [INFO] --------------------------------
[2026-09-02T18:51:05.983+00:00][A] [INFO] [Heartbeat #97]
[2026-09-02T18:51:05.986+00:00][A] [INFO] Sent
[2026-09-02T18:51:05.987+00:00][A] [INFO] Waiting ACK...
[2026-09-02T18:51:05.987+00:00][A] [INFO] [WAITING ACK]
[2026-09-02T18:51:06.001+00:00][A] [INFO] [RF TX] type=2 source=0x01 destination=0xFF previousHop=0x01 sequence=198 ackSequence=0 ttl=8 hops=0 payloadSize=13 rssi=0 snr=0.00
[2026-09-02T18:51:06.001+00:00][A] [INFO] Heartbeat packet sent
[2026-09-02T18:51:06.217+00:00][B] [WARN] Retry 1
[2026-09-02T18:51:06.284+00:00][B] [INFO] --------------------------------
[2026-09-02T18:51:06.284+00:00][B] [INFO] [HEARTBEAT TX]
[2026-09-02T18:51:06.289+00:00][B] [INFO] Node ID: 2
[2026-09-02T18:51:06.289+00:00][B] [INFO] type: 2
[2026-09-02T18:51:06.290+00:00][B] [INFO] Destination: 0xFF
[2026-09-02T18:51:06.292+00:00][A] [INFO] [RF RX] type=2 source=0x02 destination=0xFF previousHop=0x02 sequence=222 ackSequence=0 ttl=8 hops=0 payloadSize=13 rssi=-60 snr=9.50
[2026-09-02T18:51:06.294+00:00][B] [INFO] Sequence: 222
[2026-09-02T18:51:06.295+00:00][B] [INFO] Packet ID: 92
[2026-09-02T18:51:06.300+00:00][B] [INFO] Packet Size: 26
[2026-09-02T18:51:06.300+00:00][B] [INFO] Timestamp: 92 ms
[2026-09-02T18:51:06.301+00:00][B] [INFO] Transmission Result: success
[2026-09-02T18:51:06.306+00:00][B] [INFO] --------------------------------
[2026-09-02T18:51:06.306+00:00][B] [INFO] [Heartbeat #92]
[2026-09-02T18:51:06.311+00:00][B] [INFO] Sent
[2026-09-02T18:51:06.311+00:00][B] [INFO] Waiting ACK...
[2026-09-02T18:51:06.312+00:00][B] [INFO] [WAITING ACK]
[2026-09-02T18:51:06.325+00:00][B] [INFO] [RF TX] type=2 source=0x02 destination=0xFF previousHop=0x02 sequence=222 ackSequence=0 ttl=8 hops=0 payloadSize=13 rssi=0 snr=0.00
[2026-09-02T18:51:06.326+00:00][B] [INFO] Heartbeat packet sent
[2026-09-02T18:51:06.976+00:00][A] [WARN] Retry 1
[2026-09-02T18:51:07.043+00:00][A] [INFO] --------------------------------
[2026-09-02T18:51:07.044+00:00][A] [INFO] [HEARTBEAT TX]
[2026-09-02T18:51:07.048+00:00][A] [INFO] Node ID: 1
[2026-09-02T18:51:07.048+00:00][A] [INFO] type: 2
[2026-09-02T18:51:07.049+00:00][A] [INFO] Destination: 0xFF
[2026-09-02T18:51:07.052+00:00][B] [INFO] [RF RX] type=2 source=0x01 destination=0xFF previousHop=0x01 sequence=198 ackSequence=0 ttl=8 hops=0 payloadSize=13 rssi=-60 snr=9.75
[2026-09-02T18:51:07.054+00:00][A] [INFO] Sequence: 198
[2026-09-02T18:51:07.054+00:00][A] [INFO] Packet ID: 97
[2026-09-02T18:51:07.059+00:00][A] [INFO] Packet Size: 26
[2026-09-02T18:51:07.059+00:00][A] [INFO] Timestamp: 97 ms
[2026-09-02T18:51:07.059+00:00][A] [INFO] Transmission Result: success
[2026-09-02T18:51:07.065+00:00][A] [INFO] --------------------------------
[2026-09-02T18:51:07.066+00:00][A] [INFO] [Heartbeat #97]
[2026-09-02T18:51:07.070+00:00][A] [INFO] Sent
[2026-09-02T18:51:07.071+00:00][A] [INFO] Waiting ACK...
[2026-09-02T18:51:07.071+00:00][A] [INFO] [WAITING ACK]
[2026-09-02T18:51:07.085+00:00][A] [INFO] [RF TX] type=2 source=0x01 destination=0xFF previousHop=0x01 sequence=198 ackSequence=0 ttl=8 hops=0 payloadSize=13 rssi=0 snr=0.00
[2026-09-02T18:51:07.085+00:00][A] [INFO] Heartbeat packet sent
[2026-09-02T18:51:07.199+00:00][B] [INFO] --------------------------------
[2026-09-02T18:51:07.200+00:00][B] [INFO] [HEARTBEAT TX]
[2026-09-02T18:51:07.205+00:00][B] [INFO] Node ID: 2
[2026-09-02T18:51:07.205+00:00][B] [INFO] type: 2
[2026-09-02T18:51:07.206+00:00][B] [INFO] Destination: 0xFF
[2026-09-02T18:51:07.208+00:00][A] [INFO] [RF RX] type=2 source=0x02 destination=0xFF previousHop=0x02 sequence=223 ackSequence=0 ttl=8 hops=0 payloadSize=13 rssi=-60 snr=9.00
[2026-09-02T18:51:07.210+00:00][B] [INFO] Sequence: 223
[2026-09-02T18:51:07.211+00:00][B] [INFO] Packet ID: 93
[2026-09-02T18:51:07.216+00:00][B] [INFO] Packet Size: 26
[2026-09-02T18:51:07.216+00:00][B] [INFO] Timestamp: 93 ms
[2026-09-02T18:51:07.216+00:00][B] [INFO] Transmission Result: success
[2026-09-02T18:51:07.222+00:00][B] [INFO] --------------------------------
[2026-09-02T18:51:07.222+00:00][B] [INFO] [Heartbeat #93]
[2026-09-02T18:51:07.227+00:00][B] [INFO] Sent
[2026-09-02T18:51:07.227+00:00][B] [INFO] Waiting ACK...
[2026-09-02T18:51:07.228+00:00][B] [INFO] [WAITING ACK]
[2026-09-02T18:51:07.241+00:00][B] [INFO] [RF TX] type=2 source=0x02 destination=0xFF previousHop=0x02 sequence=223 ackSequence=0 ttl=8 hops=0 payloadSize=13 rssi=0 snr=0.00
[2026-09-02T18:51:07.242+00:00][B] [INFO] Heartbeat packet sent
[2026-09-02T18:51:07.959+00:00][A] [INFO] --------------------------------
[2026-09-02T18:51:07.959+00:00][A] [INFO] [HEARTBEAT TX]
[2026-09-02T18:51:07.964+00:00][A] [INFO] Node ID: 1
[2026-09-02T18:51:07.964+00:00][A] [INFO] type: 2
[2026-09-02T18:51:07.964+00:00][A] [INFO] Destination: 0xFF
[2026-09-02T18:51:07.968+00:00][B] [INFO] [RF RX] type=2 source=0x01 destination=0xFF previousHop=0x01 sequence=199 ackSequence=0 ttl=8 hops=0 payloadSize=13 rssi=-60 snr=9.75
[2026-09-02T18:51:07.970+00:00][A] [INFO] Sequence: 199
[2026-09-02T18:51:07.970+00:00][A] [INFO] Packet ID: 98
[2026-09-02T18:51:07.975+00:00][A] [INFO] Packet Size: 26
[2026-09-02T18:51:07.975+00:00][A] [INFO] Timestamp: 98 ms
[2026-09-02T18:51:07.976+00:00][A] [INFO] Transmission Result: success
[2026-09-02T18:51:07.981+00:00][A] [INFO] --------------------------------
[2026-09-02T18:51:07.981+00:00][A] [INFO] [Heartbeat #98]
[2026-09-02T18:51:07.986+00:00][A] [INFO] Sent
[2026-09-02T18:51:07.987+00:00][A] [INFO] Waiting ACK...
[2026-09-02T18:51:07.987+00:00][A] [INFO] [WAITING ACK]
[2026-09-02T18:51:08.001+00:00][A] [INFO] [RF TX] type=2 source=0x01 destination=0xFF previousHop=0x01 sequence=199 ackSequence=0 ttl=8 hops=0 payloadSize=13 rssi=0 snr=0.00
[2026-09-02T18:51:08.001+00:00][A] [INFO] Heartbeat packet sent
[2026-09-02T18:51:08.216+00:00][B] [WARN] Retry 1
[2026-09-02T18:51:08.284+00:00][B] [INFO] --------------------------------
[2026-09-02T18:51:08.284+00:00][B] [INFO] [HEARTBEAT TX]
[2026-09-02T18:51:08.289+00:00][B] [INFO] Node ID: 2
[2026-09-02T18:51:08.289+00:00][B] [INFO] type: 2
[2026-09-02T18:51:08.290+00:00][B] [INFO] Destination: 0xFF
[2026-09-02T18:51:08.292+00:00][A] [INFO] [RF RX] type=2 source=0x02 destination=0xFF previousHop=0x02 sequence=223 ackSequence=0 ttl=8 hops=0 payloadSize=13 rssi=-60 snr=10.25
[2026-09-02T18:51:08.294+00:00][B] [INFO] Sequence: 223
[2026-09-02T18:51:08.294+00:00][B] [INFO] Packet ID: 93
[2026-09-02T18:51:08.300+00:00][B] [INFO] Packet Size: 26
[2026-09-02T18:51:08.300+00:00][B] [INFO] Timestamp: 93 ms
[2026-09-02T18:51:08.300+00:00][B] [INFO] Transmission Result: success
[2026-09-02T18:51:08.305+00:00][B] [INFO] --------------------------------
[2026-09-02T18:51:08.306+00:00][B] [INFO] [Heartbeat #93]
[2026-09-02T18:51:08.311+00:00][B] [INFO] Sent
[2026-09-02T18:51:08.312+00:00][B] [INFO] Waiting ACK...
[2026-09-02T18:51:08.312+00:00][B] [INFO] [WAITING ACK]
[2026-09-02T18:51:08.325+00:00][B] [INFO] [RF TX] type=2 source=0x02 destination=0xFF previousHop=0x02 sequence=223 ackSequence=0 ttl=8 hops=0 payloadSize=13 rssi=0 snr=0.00
[2026-09-02T18:51:08.326+00:00][B] [INFO] Heartbeat packet sent
[2026-09-02T18:51:08.976+00:00][A] [WARN] Retry 1
[2026-09-02T18:51:09.043+00:00][A] [INFO] --------------------------------
[2026-09-02T18:51:09.043+00:00][A] [INFO] [HEARTBEAT TX]
[2026-09-02T18:51:09.048+00:00][A] [INFO] Node ID: 1
[2026-09-02T18:51:09.049+00:00][A] [INFO] type: 2
[2026-09-02T18:51:09.049+00:00][A] [INFO] Destination: 0xFF
[2026-09-02T18:51:09.052+00:00][B] [INFO] [RF RX] type=2 source=0x01 destination=0xFF previousHop=0x01 sequence=199 ackSequence=0 ttl=8 hops=0 payloadSize=13 rssi=-61 snr=9.75
[2026-09-02T18:51:09.054+00:00][A] [INFO] Sequence: 199
[2026-09-02T18:51:09.054+00:00][A] [INFO] Packet ID: 98
[2026-09-02T18:51:09.059+00:00][A] [INFO] Packet Size: 26
[2026-09-02T18:51:09.060+00:00][A] [INFO] Timestamp: 98 ms
[2026-09-02T18:51:09.060+00:00][A] [INFO] Transmission Result: success
[2026-09-02T18:51:09.065+00:00][A] [INFO] --------------------------------
[2026-09-02T18:51:09.066+00:00][A] [INFO] [Heartbeat #98]
[2026-09-02T18:51:09.070+00:00][A] [INFO] Sent
[2026-09-02T18:51:09.071+00:00][A] [INFO] Waiting ACK...
[2026-09-02T18:51:09.071+00:00][A] [INFO] [WAITING ACK]
[2026-09-02T18:51:09.085+00:00][A] [INFO] [RF TX] type=2 source=0x01 destination=0xFF previousHop=0x01 sequence=199 ackSequence=0 ttl=8 hops=0 payloadSize=13 rssi=0 snr=0.00
[2026-09-02T18:51:09.085+00:00][A] [INFO] Heartbeat packet sent
[2026-09-02T18:51:09.200+00:00][B] [INFO] --------------------------------
[2026-09-02T18:51:09.200+00:00][B] [INFO] [HEARTBEAT TX]
[2026-09-02T18:51:09.205+00:00][B] [INFO] Node ID: 2
[2026-09-02T18:51:09.205+00:00][B] [INFO] type: 2
[2026-09-02T18:51:09.206+00:00][B] [INFO] Destination: 0xFF
[2026-09-02T18:51:09.208+00:00][A] [INFO] [RF RX] type=2 source=0x02 destination=0xFF previousHop=0x02 sequence=224 ackSequence=0 ttl=8 hops=0 payloadSize=13 rssi=-60 snr=9.50
[2026-09-02T18:51:09.210+00:00][B] [INFO] Sequence: 224
[2026-09-02T18:51:09.211+00:00][B] [INFO] Packet ID: 94
[2026-09-02T18:51:09.216+00:00][B] [INFO] Packet Size: 26
[2026-09-02T18:51:09.216+00:00][B] [INFO] Timestamp: 94 ms
[2026-09-02T18:51:09.216+00:00][B] [INFO] Transmission Result: success
[2026-09-02T18:51:09.222+00:00][B] [INFO] --------------------------------
[2026-09-02T18:51:09.222+00:00][B] [INFO] [Heartbeat #94]
[2026-09-02T18:51:09.227+00:00][B] [INFO] Sent
[2026-09-02T18:51:09.228+00:00][B] [INFO] Waiting ACK...
[2026-09-02T18:51:09.228+00:00][B] [INFO] [WAITING ACK]
[2026-09-02T18:51:09.241+00:00][B] [INFO] [RF TX] type=2 source=0x02 destination=0xFF previousHop=0x02 sequence=224 ackSequence=0 ttl=8 hops=0 payloadSize=13 rssi=0 snr=0.00
[2026-09-02T18:51:09.242+00:00][B] [INFO] Heartbeat packet sent
[2026-09-02T18:51:09.959+00:00][A] [INFO] --------------------------------
[2026-09-02T18:51:09.959+00:00][A] [INFO] [HEARTBEAT TX]
[2026-09-02T18:51:09.964+00:00][A] [INFO] Node ID: 1
[2026-09-02T18:51:09.965+00:00][A] [INFO] type: 2
[2026-09-02T18:51:09.965+00:00][A] [INFO] Destination: 0xFF
[2026-09-02T18:51:09.968+00:00][B] [INFO] [RF RX] type=2 source=0x01 destination=0xFF previousHop=0x01 sequence=200 ackSequence=0 ttl=8 hops=0 payloadSize=13 rssi=-60 snr=9.50
[2026-09-02T18:51:09.970+00:00][A] [INFO] Sequence: 200
[2026-09-02T18:51:09.970+00:00][A] [INFO] Packet ID: 99
[2026-09-02T18:51:09.975+00:00][A] [INFO] Packet Size: 26
[2026-09-02T18:51:09.975+00:00][A] [INFO] Timestamp: 99 ms
[2026-09-02T18:51:09.976+00:00][A] [INFO] Transmission Result: success
[2026-09-02T18:51:09.981+00:00][A] [INFO] --------------------------------
[2026-09-02T18:51:09.981+00:00][A] [INFO] [Heartbeat #99]
[2026-09-02T18:51:09.986+00:00][A] [INFO] Sent
[2026-09-02T18:51:09.987+00:00][A] [INFO] Waiting ACK...
[2026-09-02T18:51:09.987+00:00][A] [INFO] [WAITING ACK]
[2026-09-02T18:51:10.001+00:00][A] [INFO] [RF TX] type=2 source=0x01 destination=0xFF previousHop=0x01 sequence=200 ackSequence=0 ttl=8 hops=0 payloadSize=13 rssi=0 snr=0.00
[2026-09-02T18:51:10.001+00:00][A] [INFO] Heartbeat packet sent
[2026-09-02T18:51:10.217+00:00][B] [WARN] Retry 1
[2026-09-02T18:51:10.284+00:00][B] [INFO] --------------------------------
[2026-09-02T18:51:10.284+00:00][B] [INFO] [HEARTBEAT TX]
[2026-09-02T18:51:10.289+00:00][B] [INFO] Node ID: 2
[2026-09-02T18:51:10.289+00:00][B] [INFO] type: 2
[2026-09-02T18:51:10.289+00:00][B] [INFO] Destination: 0xFF
[2026-09-02T18:51:10.292+00:00][A] [INFO] [RF RX] type=2 source=0x02 destination=0xFF previousHop=0x02 sequence=224 ackSequence=0 ttl=8 hops=0 payloadSize=13 rssi=-59 snr=9.75
[2026-09-02T18:51:10.294+00:00][B] [INFO] Sequence: 224
[2026-09-02T18:51:10.295+00:00][B] [INFO] Packet ID: 94
[2026-09-02T18:51:10.300+00:00][B] [INFO] Packet Size: 26
[2026-09-02T18:51:10.300+00:00][B] [INFO] Timestamp: 94 ms
[2026-09-02T18:51:10.301+00:00][B] [INFO] Transmission Result: success
[2026-09-02T18:51:10.307+00:00][B] [INFO] --------------------------------
[2026-09-02T18:51:10.307+00:00][B] [INFO] [Heartbeat #94]
[2026-09-02T18:51:10.311+00:00][B] [INFO] Sent
[2026-09-02T18:51:10.311+00:00][B] [INFO] Waiting ACK...
[2026-09-02T18:51:10.311+00:00][B] [INFO] [WAITING ACK]
[2026-09-02T18:51:10.325+00:00][B] [INFO] [RF TX] type=2 source=0x02 destination=0xFF previousHop=0x02 sequence=224 ackSequence=0 ttl=8 hops=0 payloadSize=13 rssi=0 snr=0.00
[2026-09-02T18:51:10.326+00:00][B] [INFO] Heartbeat packet sent
[2026-09-02T18:51:10.976+00:00][A] [WARN] Retry 1
[2026-09-02T18:51:11.043+00:00][A] [INFO] --------------------------------
[2026-09-02T18:51:11.044+00:00][A] [INFO] [HEARTBEAT TX]
[2026-09-02T18:51:11.049+00:00][A] [INFO] Node ID: 1
[2026-09-02T18:51:11.049+00:00][A] [INFO] type: 2
[2026-09-02T18:51:11.050+00:00][A] [INFO] Destination: 0xFF
[2026-09-02T18:51:11.052+00:00][B] [INFO] [RF RX] type=2 source=0x01 destination=0xFF previousHop=0x01 sequence=200 ackSequence=0 ttl=8 hops=0 payloadSize=13 rssi=-61 snr=9.50
[2026-09-02T18:51:11.054+00:00][A] [INFO] Sequence: 200
[2026-09-02T18:51:11.055+00:00][A] [INFO] Packet ID: 99
[2026-09-02T18:51:11.059+00:00][A] [INFO] Packet Size: 26
[2026-09-02T18:51:11.060+00:00][A] [INFO] Timestamp: 99 ms
[2026-09-02T18:51:11.060+00:00][A] [INFO] Transmission Result: success
[2026-09-02T18:51:11.065+00:00][A] [INFO] --------------------------------
[2026-09-02T18:51:11.066+00:00][A] [INFO] [Heartbeat #99]
[2026-09-02T18:51:11.070+00:00][A] [INFO] Sent
[2026-09-02T18:51:11.071+00:00][A] [INFO] Waiting ACK...
[2026-09-02T18:51:11.071+00:00][A] [INFO] [WAITING ACK]
[2026-09-02T18:51:11.085+00:00][A] [INFO] [RF TX] type=2 source=0x01 destination=0xFF previousHop=0x01 sequence=200 ackSequence=0 ttl=8 hops=0 payloadSize=13 rssi=0 snr=0.00
[2026-09-02T18:51:11.085+00:00][A] [INFO] Heartbeat packet sent
[2026-09-02T18:51:11.199+00:00][B] [INFO] --------------------------------
[2026-09-02T18:51:11.199+00:00][B] [INFO] [HEARTBEAT TX]
[2026-09-02T18:51:11.204+00:00][B] [INFO] Node ID: 2
[2026-09-02T18:51:11.205+00:00][B] [INFO] type: 2
[2026-09-02T18:51:11.205+00:00][B] [INFO] Destination: 0xFF
[2026-09-02T18:51:11.208+00:00][A] [INFO] [RF RX] type=2 source=0x02 destination=0xFF previousHop=0x02 sequence=225 ackSequence=0 ttl=8 hops=0 payloadSize=13 rssi=-60 snr=11.00
[2026-09-02T18:51:11.210+00:00][B] [INFO] Sequence: 225
[2026-09-02T18:51:11.210+00:00][B] [INFO] Packet ID: 95
[2026-09-02T18:51:11.216+00:00][B] [INFO] Packet Size: 26
[2026-09-02T18:51:11.216+00:00][B] [INFO] Timestamp: 95 ms
[2026-09-02T18:51:11.216+00:00][B] [INFO] Transmission Result: success
[2026-09-02T18:51:11.221+00:00][B] [INFO] --------------------------------
[2026-09-02T18:51:11.221+00:00][B] [INFO] [Heartbeat #95]
[2026-09-02T18:51:11.227+00:00][B] [INFO] Sent
[2026-09-02T18:51:11.227+00:00][B] [INFO] Waiting ACK...
[2026-09-02T18:51:11.227+00:00][B] [INFO] [WAITING ACK]
[2026-09-02T18:51:11.241+00:00][B] [INFO] [RF TX] type=2 source=0x02 destination=0xFF previousHop=0x02 sequence=225 ackSequence=0 ttl=8 hops=0 payloadSize=13 rssi=0 snr=0.00
[2026-09-02T18:51:11.241+00:00][B] [INFO] Heartbeat packet sent
[2026-09-02T18:51:11.959+00:00][A] [INFO] --------------------------------
[2026-09-02T18:51:11.959+00:00][A] [INFO] [HEARTBEAT TX]
[2026-09-02T18:51:11.964+00:00][A] [INFO] Node ID: 1
[2026-09-02T18:51:11.964+00:00][A] [INFO] type: 2
[2026-09-02T18:51:11.964+00:00][A] [INFO] Destination: 0xFF
[2026-09-02T18:51:11.968+00:00][B] [INFO] [RF RX] type=2 source=0x01 destination=0xFF previousHop=0x01 sequence=201 ackSequence=0 ttl=8 hops=0 payloadSize=13 rssi=-59 snr=10.00
[2026-09-02T18:51:11.970+00:00][A] [INFO] Sequence: 201
[2026-09-02T18:51:11.970+00:00][A] [INFO] Packet ID: 100
[2026-09-02T18:51:11.975+00:00][A] [INFO] Packet Size: 26
[2026-09-02T18:51:11.975+00:00][A] [INFO] Timestamp: 100 ms
[2026-09-02T18:51:11.981+00:00][A] [INFO] Transmission Result: success
[2026-09-02T18:51:11.981+00:00][A] [INFO] --------------------------------
[2026-09-02T18:51:11.986+00:00][A] [INFO] [Heartbeat #100]
[2026-09-02T18:51:11.986+00:00][A] [INFO] Sent
[2026-09-02T18:51:11.986+00:00][A] [INFO] Waiting ACK...
[2026-09-02T18:51:11.986+00:00][A] [INFO] [WAITING ACK]
[2026-09-02T18:51:12.001+00:00][A] [INFO] [RF TX] type=2 source=0x01 destination=0xFF previousHop=0x01 sequence=201 ackSequence=0 ttl=8 hops=0 payloadSize=13 rssi=0 snr=0.00
[2026-09-02T18:51:12.001+00:00][A] [INFO] Heartbeat packet sent
[2026-09-02T18:51:12.216+00:00][B] [WARN] Retry 1
[2026-09-02T18:51:12.283+00:00][B] [INFO] --------------------------------
[2026-09-02T18:51:12.284+00:00][B] [INFO] [HEARTBEAT TX]
[2026-09-02T18:51:12.289+00:00][B] [INFO] Node ID: 2
[2026-09-02T18:51:12.289+00:00][B] [INFO] type: 2
[2026-09-02T18:51:12.289+00:00][B] [INFO] Destination: 0xFF
[2026-09-02T18:51:12.292+00:00][A] [INFO] [RF RX] type=2 source=0x02 destination=0xFF previousHop=0x02 sequence=225 ackSequence=0 ttl=8 hops=0 payloadSize=13 rssi=-59 snr=12.50
[2026-09-02T18:51:12.294+00:00][B] [INFO] Sequence: 225
[2026-09-02T18:51:12.294+00:00][B] [INFO] Packet ID: 95
[2026-09-02T18:51:12.300+00:00][B] [INFO] Packet Size: 26
[2026-09-02T18:51:12.300+00:00][B] [INFO] Timestamp: 95 ms
[2026-09-02T18:51:12.300+00:00][B] [INFO] Transmission Result: success
[2026-09-02T18:51:12.306+00:00][B] [INFO] --------------------------------
[2026-09-02T18:51:12.306+00:00][B] [INFO] [Heartbeat #95]
[2026-09-02T18:51:12.311+00:00][B] [INFO] Sent
[2026-09-02T18:51:12.311+00:00][B] [INFO] Waiting ACK...
[2026-09-02T18:51:12.311+00:00][B] [INFO] [WAITING ACK]
[2026-09-02T18:51:12.325+00:00][B] [INFO] [RF TX] type=2 source=0x02 destination=0xFF previousHop=0x02 sequence=225 ackSequence=0 ttl=8 hops=0 payloadSize=13 rssi=0 snr=0.00
[2026-09-02T18:51:12.325+00:00][B] [INFO] Heartbeat packet sent
[2026-09-02T18:51:12.976+00:00][A] [WARN] Retry 1
[2026-09-02T18:51:13.043+00:00][A] [INFO] --------------------------------
[2026-09-02T18:51:13.044+00:00][A] [INFO] [HEARTBEAT TX]
[2026-09-02T18:51:13.048+00:00][A] [INFO] Node ID: 1
[2026-09-02T18:51:13.049+00:00][A] [INFO] type: 2
[2026-09-02T18:51:13.049+00:00][A] [INFO] Destination: 0xFF
[2026-09-02T18:51:13.052+00:00][B] [INFO] [RF RX] type=2 source=0x01 destination=0xFF previousHop=0x01 sequence=201 ackSequence=0 ttl=8 hops=0 payloadSize=13 rssi=-60 snr=9.75
[2026-09-02T18:51:13.054+00:00][A] [INFO] Sequence: 201
[2026-09-02T18:51:13.054+00:00][A] [INFO] Packet ID: 100
[2026-09-02T18:51:13.059+00:00][A] [INFO] Packet Size: 26
[2026-09-02T18:51:13.060+00:00][A] [INFO] Timestamp: 100 ms
[2026-09-02T18:51:13.065+00:00][A] [INFO] Transmission Result: success
[2026-09-02T18:51:13.066+00:00][A] [INFO] --------------------------------
[2026-09-02T18:51:13.070+00:00][A] [INFO] [Heartbeat #100]
[2026-09-02T18:51:13.071+00:00][A] [INFO] Sent
[2026-09-02T18:51:13.071+00:00][A] [INFO] Waiting ACK...
[2026-09-02T18:51:13.071+00:00][A] [INFO] [WAITING ACK]
[2026-09-02T18:51:13.085+00:00][A] [INFO] [RF TX] type=2 source=0x01 destination=0xFF previousHop=0x01 sequence=201 ackSequence=0 ttl=8 hops=0 payloadSize=13 rssi=0 snr=0.00
[2026-09-02T18:51:13.085+00:00][A] [INFO] Heartbeat packet sent
[2026-09-02T18:51:13.200+00:00][B] [INFO] --------------------------------
[2026-09-02T18:51:13.200+00:00][B] [INFO] [HEARTBEAT TX]
[2026-09-02T18:51:13.205+00:00][B] [INFO] Node ID: 2
[2026-09-02T18:51:13.205+00:00][B] [INFO] type: 2
[2026-09-02T18:51:13.205+00:00][B] [INFO] Destination: 0xFF
[2026-09-02T18:51:13.208+00:00][A] [INFO] [RF RX] type=2 source=0x02 destination=0xFF previousHop=0x02 sequence=226 ackSequence=0 ttl=8 hops=0 payloadSize=13 rssi=-59 snr=10.00
[2026-09-02T18:51:13.210+00:00][B] [INFO] Sequence: 226
[2026-09-02T18:51:13.211+00:00][B] [INFO] Packet ID: 96
[2026-09-02T18:51:13.216+00:00][B] [INFO] Packet Size: 26
[2026-09-02T18:51:13.216+00:00][B] [INFO] Timestamp: 96 ms
[2026-09-02T18:51:13.217+00:00][B] [INFO] Transmission Result: success
[2026-09-02T18:51:13.222+00:00][B] [INFO] --------------------------------
[2026-09-02T18:51:13.222+00:00][B] [INFO] [Heartbeat #96]
[2026-09-02T18:51:13.227+00:00][B] [INFO] Sent
[2026-09-02T18:51:13.227+00:00][B] [INFO] Waiting ACK...
[2026-09-02T18:51:13.228+00:00][B] [INFO] [WAITING ACK]
[2026-09-02T18:51:13.241+00:00][B] [INFO] [RF TX] type=2 source=0x02 destination=0xFF previousHop=0x02 sequence=226 ackSequence=0 ttl=8 hops=0 payloadSize=13 rssi=0 snr=0.00
[2026-09-02T18:51:13.242+00:00][B] [INFO] Heartbeat packet sent
[2026-09-02T18:51:13.959+00:00][A] [INFO] --------------------------------
[2026-09-02T18:51:13.959+00:00][A] [INFO] [HEARTBEAT TX]
[2026-09-02T18:51:13.965+00:00][A] [INFO] Node ID: 1
[2026-09-02T18:51:13.965+00:00][A] [INFO] type: 2
[2026-09-02T18:51:13.965+00:00][A] [INFO] Destination: 0xFF
[2026-09-02T18:51:13.970+00:00][A] [INFO] Sequence: 202
[2026-09-02T18:51:13.970+00:00][B] [INFO] [RF RX] type=2 source=0x01 destination=0xFF previousHop=0x01 sequence=202 ackSequence=0 ttl=8 hops=0 payloadSize=13 rssi=-60 snr=9.50
[2026-09-02T18:51:13.970+00:00][A] [INFO] Packet ID: 101
[2026-09-02T18:51:13.975+00:00][A] [INFO] Packet Size: 26
[2026-09-02T18:51:13.975+00:00][A] [INFO] Timestamp: 101 ms
[2026-09-02T18:51:13.980+00:00][A] [INFO] Transmission Result: success
[2026-09-02T18:51:13.981+00:00][A] [INFO] --------------------------------
[2026-09-02T18:51:13.986+00:00][A] [INFO] [Heartbeat #101]
[2026-09-02T18:51:13.986+00:00][A] [INFO] Sent
[2026-09-02T18:51:13.986+00:00][A] [INFO] Waiting ACK...
[2026-09-02T18:51:13.987+00:00][A] [INFO] [WAITING ACK]
[2026-09-02T18:51:14.001+00:00][A] [INFO] [RF TX] type=2 source=0x01 destination=0xFF previousHop=0x01 sequence=202 ackSequence=0 ttl=8 hops=0 payloadSize=13 rssi=0 snr=0.00
[2026-09-02T18:51:14.001+00:00][A] [INFO] Heartbeat packet sent
[2026-09-02T18:51:14.216+00:00][B] [WARN] Retry 1
[2026-09-02T18:51:14.283+00:00][B] [INFO] --------------------------------
[2026-09-02T18:51:14.283+00:00][B] [INFO] [HEARTBEAT TX]
[2026-09-02T18:51:14.288+00:00][B] [INFO] Node ID: 2
[2026-09-02T18:51:14.289+00:00][B] [INFO] type: 2
[2026-09-02T18:51:14.289+00:00][B] [INFO] Destination: 0xFF
[2026-09-02T18:51:14.292+00:00][A] [INFO] [RF RX] type=2 source=0x02 destination=0xFF previousHop=0x02 sequence=226 ackSequence=0 ttl=8 hops=0 payloadSize=13 rssi=-60 snr=10.00
[2026-09-02T18:51:14.294+00:00][B] [INFO] Sequence: 226
[2026-09-02T18:51:14.294+00:00][B] [INFO] Packet ID: 96
[2026-09-02T18:51:14.300+00:00][B] [INFO] Packet Size: 26
[2026-09-02T18:51:14.300+00:00][B] [INFO] Timestamp: 96 ms
[2026-09-02T18:51:14.300+00:00][B] [INFO] Transmission Result: success
[2026-09-02T18:51:14.305+00:00][B] [INFO] --------------------------------
[2026-09-02T18:51:14.306+00:00][B] [INFO] [Heartbeat #96]
[2026-09-02T18:51:14.311+00:00][B] [INFO] Sent
[2026-09-02T18:51:14.311+00:00][B] [INFO] Waiting ACK...
[2026-09-02T18:51:14.311+00:00][B] [INFO] [WAITING ACK]
[2026-09-02T18:51:14.325+00:00][B] [INFO] [RF TX] type=2 source=0x02 destination=0xFF previousHop=0x02 sequence=226 ackSequence=0 ttl=8 hops=0 payloadSize=13 rssi=0 snr=0.00
[2026-09-02T18:51:14.326+00:00][B] [INFO] Heartbeat packet sent
[2026-09-02T18:51:14.976+00:00][A] [WARN] Retry 1
[2026-09-02T18:51:15.043+00:00][A] [INFO] --------------------------------
[2026-09-02T18:51:15.044+00:00][A] [INFO] [HEARTBEAT TX]
[2026-09-02T18:51:15.048+00:00][A] [INFO] Node ID: 1
[2026-09-02T18:51:15.049+00:00][A] [INFO] type: 2
[2026-09-02T18:51:15.049+00:00][A] [INFO] Destination: 0xFF
[2026-09-02T18:51:15.052+00:00][B] [INFO] [RF RX] type=2 source=0x01 destination=0xFF previousHop=0x01 sequence=202 ackSequence=0 ttl=8 hops=0 payloadSize=13 rssi=-60 snr=9.50
[2026-09-02T18:51:15.054+00:00][A] [INFO] Sequence: 202
[2026-09-02T18:51:15.054+00:00][A] [INFO] Packet ID: 101
[2026-09-02T18:51:15.059+00:00][A] [INFO] Packet Size: 26
[2026-09-02T18:51:15.059+00:00][A] [INFO] Timestamp: 101 ms
[2026-09-02T18:51:15.064+00:00][A] [INFO] Transmission Result: success
[2026-09-02T18:51:15.065+00:00][A] [INFO] --------------------------------
[2026-09-02T18:51:15.070+00:00][A] [INFO] [Heartbeat #101]
[2026-09-02T18:51:15.070+00:00][A] [INFO] Sent
[2026-09-02T18:51:15.071+00:00][A] [INFO] Waiting ACK...
[2026-09-02T18:51:15.071+00:00][A] [INFO] [WAITING ACK]
[2026-09-02T18:51:15.085+00:00][A] [INFO] [RF TX] type=2 source=0x01 destination=0xFF previousHop=0x01 sequence=202 ackSequence=0 ttl=8 hops=0 payloadSize=13 rssi=0 snr=0.00
[2026-09-02T18:51:15.085+00:00][A] [INFO] Heartbeat packet sent
[2026-09-02T18:51:15.199+00:00][B] [INFO] --------------------------------
[2026-09-02T18:51:15.200+00:00][B] [INFO] [HEARTBEAT TX]
[2026-09-02T18:51:15.205+00:00][B] [INFO] Node ID: 2
[2026-09-02T18:51:15.205+00:00][B] [INFO] type: 2
[2026-09-02T18:51:15.205+00:00][B] [INFO] Destination: 0xFF
[2026-09-02T18:51:15.208+00:00][A] [INFO] [RF RX] type=2 source=0x02 destination=0xFF previousHop=0x02 sequence=227 ackSequence=0 ttl=8 hops=0 payloadSize=13 rssi=-60 snr=9.75
[2026-09-02T18:51:15.210+00:00][B] [INFO] Sequence: 227
[2026-09-02T18:51:15.210+00:00][B] [INFO] Packet ID: 97
[2026-09-02T18:51:15.215+00:00][B] [INFO] Packet Size: 26
[2026-09-02T18:51:15.216+00:00][B] [INFO] Timestamp: 97 ms
[2026-09-02T18:51:15.216+00:00][B] [INFO] Transmission Result: success
[2026-09-02T18:51:15.221+00:00][B] [INFO] --------------------------------
[2026-09-02T18:51:15.222+00:00][B] [INFO] [Heartbeat #97]
[2026-09-02T18:51:15.227+00:00][B] [INFO] Sent
[2026-09-02T18:51:15.227+00:00][B] [INFO] Waiting ACK...
[2026-09-02T18:51:15.227+00:00][B] [INFO] [WAITING ACK]
[2026-09-02T18:51:15.241+00:00][B] [INFO] [RF TX] type=2 source=0x02 destination=0xFF previousHop=0x02 sequence=227 ackSequence=0 ttl=8 hops=0 payloadSize=13 rssi=0 snr=0.00
[2026-09-02T18:51:15.242+00:00][B] [INFO] Heartbeat packet sent
[2026-09-02T18:51:15.959+00:00][A] [INFO] --------------------------------
[2026-09-02T18:51:15.960+00:00][A] [INFO] [HEARTBEAT TX]
[2026-09-02T18:51:15.964+00:00][A] [INFO] Node ID: 1
[2026-09-02T18:51:15.964+00:00][A] [INFO] type: 2
[2026-09-02T18:51:15.964+00:00][A] [INFO] Destination: 0xFF
[2026-09-02T18:51:15.968+00:00][B] [INFO] [RF RX] type=2 source=0x01 destination=0xFF previousHop=0x01 sequence=203 ackSequence=0 ttl=8 hops=0 payloadSize=13 rssi=-59 snr=9.50
[2026-09-02T18:51:15.970+00:00][A] [INFO] Sequence: 203
[2026-09-02T18:51:15.970+00:00][A] [INFO] Packet ID: 102
[2026-09-02T18:51:15.975+00:00][A] [INFO] Packet Size: 26
[2026-09-02T18:51:15.975+00:00][A] [INFO] Timestamp: 102 ms
[2026-09-02T18:51:15.981+00:00][A] [INFO] Transmission Result: success
[2026-09-02T18:51:15.981+00:00][A] [INFO] --------------------------------
[2026-09-02T18:51:15.986+00:00][A] [INFO] [Heartbeat #102]
[2026-09-02T18:51:15.986+00:00][A] [INFO] Sent
[2026-09-02T18:51:15.987+00:00][A] [INFO] Waiting ACK...
[2026-09-02T18:51:15.987+00:00][A] [INFO] [WAITING ACK]
[2026-09-02T18:51:16.001+00:00][A] [INFO] [RF TX] type=2 source=0x01 destination=0xFF previousHop=0x01 sequence=203 ackSequence=0 ttl=8 hops=0 payloadSize=13 rssi=0 snr=0.00
[2026-09-02T18:51:16.001+00:00][A] [INFO] Heartbeat packet sent
[2026-09-02T18:51:16.216+00:00][B] [WARN] Retry 1
[2026-09-02T18:51:16.283+00:00][B] [INFO] --------------------------------
[2026-09-02T18:51:16.283+00:00][B] [INFO] [HEARTBEAT TX]
[2026-09-02T18:51:16.288+00:00][B] [INFO] Node ID: 2
[2026-09-02T18:51:16.289+00:00][B] [INFO] type: 2
[2026-09-02T18:51:16.289+00:00][B] [INFO] Destination: 0xFF
[2026-09-02T18:51:16.292+00:00][A] [INFO] [RF RX] type=2 source=0x02 destination=0xFF previousHop=0x02 sequence=227 ackSequence=0 ttl=8 hops=0 payloadSize=13 rssi=-59 snr=10.25
[2026-09-02T18:51:16.294+00:00][B] [INFO] Sequence: 227
[2026-09-02T18:51:16.294+00:00][B] [INFO] Packet ID: 97
[2026-09-02T18:51:16.300+00:00][B] [INFO] Packet Size: 26
[2026-09-02T18:51:16.300+00:00][B] [INFO] Timestamp: 97 ms
[2026-09-02T18:51:16.300+00:00][B] [INFO] Transmission Result: success
[2026-09-02T18:51:16.305+00:00][B] [INFO] --------------------------------
[2026-09-02T18:51:16.306+00:00][B] [INFO] [Heartbeat #97]
[2026-09-02T18:51:16.311+00:00][B] [INFO] Sent
[2026-09-02T18:51:16.311+00:00][B] [INFO] Waiting ACK...
[2026-09-02T18:51:16.311+00:00][B] [INFO] [WAITING ACK]
[2026-09-02T18:51:16.325+00:00][B] [INFO] [RF TX] type=2 source=0x02 destination=0xFF previousHop=0x02 sequence=227 ackSequence=0 ttl=8 hops=0 payloadSize=13 rssi=0 snr=0.00
[2026-09-02T18:51:16.326+00:00][B] [INFO] Heartbeat packet sent
[2026-09-02T18:51:16.976+00:00][A] [WARN] Retry 1
[2026-09-02T18:51:17.043+00:00][A] [INFO] --------------------------------
[2026-09-02T18:51:17.043+00:00][A] [INFO] [HEARTBEAT TX]
[2026-09-02T18:51:17.048+00:00][A] [INFO] Node ID: 1
[2026-09-02T18:51:17.048+00:00][A] [INFO] type: 2
[2026-09-02T18:51:17.049+00:00][A] [INFO] Destination: 0xFF
[2026-09-02T18:51:17.051+00:00][B] [INFO] [RF RX] type=2 source=0x01 destination=0xFF previousHop=0x01 sequence=203 ackSequence=0 ttl=8 hops=0 payloadSize=13 rssi=-59 snr=9.75
[2026-09-02T18:51:17.054+00:00][A] [INFO] Sequence: 203
[2026-09-02T18:51:17.054+00:00][A] [INFO] Packet ID: 102
[2026-09-02T18:51:17.059+00:00][A] [INFO] Packet Size: 26
[2026-09-02T18:51:17.059+00:00][A] [INFO] Timestamp: 102 ms
[2026-09-02T18:51:17.064+00:00][A] [INFO] Transmission Result: success
[2026-09-02T18:51:17.065+00:00][A] [INFO] --------------------------------
[2026-09-02T18:51:17.070+00:00][A] [INFO] [Heartbeat #102]
[2026-09-02T18:51:17.070+00:00][A] [INFO] Sent
[2026-09-02T18:51:17.071+00:00][A] [INFO] Waiting ACK...
[2026-09-02T18:51:17.071+00:00][A] [INFO] [WAITING ACK]
[2026-09-02T18:51:17.085+00:00][A] [INFO] [RF TX] type=2 source=0x01 destination=0xFF previousHop=0x01 sequence=203 ackSequence=0 ttl=8 hops=0 payloadSize=13 rssi=0 snr=0.00
[2026-09-02T18:51:17.085+00:00][A] [INFO] Heartbeat packet sent
[2026-09-02T18:51:17.199+00:00][B] [INFO] --------------------------------
[2026-09-02T18:51:17.200+00:00][B] [INFO] [HEARTBEAT TX]
[2026-09-02T18:51:17.205+00:00][B] [INFO] Node ID: 2
[2026-09-02T18:51:17.205+00:00][B] [INFO] type: 2
[2026-09-02T18:51:17.205+00:00][B] [INFO] Destination: 0xFF
[2026-09-02T18:51:17.208+00:00][A] [INFO] [RF RX] type=2 source=0x02 destination=0xFF previousHop=0x02 sequence=228 ackSequence=0 ttl=8 hops=0 payloadSize=13 rssi=-62 snr=9.50
[2026-09-02T18:51:17.210+00:00][B] [INFO] Sequence: 228
[2026-09-02T18:51:17.210+00:00][B] [INFO] Packet ID: 98
[2026-09-02T18:51:17.215+00:00][B] [INFO] Packet Size: 26
[2026-09-02T18:51:17.216+00:00][B] [INFO] Timestamp: 98 ms
[2026-09-02T18:51:17.216+00:00][B] [INFO] Transmission Result: success
[2026-09-02T18:51:17.222+00:00][B] [INFO] --------------------------------
[2026-09-02T18:51:17.222+00:00][B] [INFO] [Heartbeat #98]
[2026-09-02T18:51:17.227+00:00][B] [INFO] Sent
[2026-09-02T18:51:17.227+00:00][B] [INFO] Waiting ACK...
[2026-09-02T18:51:17.227+00:00][B] [INFO] [WAITING ACK]
[2026-09-02T18:51:17.241+00:00][B] [INFO] [RF TX] type=2 source=0x02 destination=0xFF previousHop=0x02 sequence=228 ackSequence=0 ttl=8 hops=0 payloadSize=13 rssi=0 snr=0.00
[2026-09-02T18:51:17.241+00:00][B] [INFO] Heartbeat packet sent
[2026-09-02T18:51:17.959+00:00][A] [INFO] --------------------------------
[2026-09-02T18:51:17.959+00:00][A] [INFO] [HEARTBEAT TX]
[2026-09-02T18:51:17.964+00:00][A] [INFO] Node ID: 1
[2026-09-02T18:51:17.964+00:00][A] [INFO] type: 2
[2026-09-02T18:51:17.964+00:00][A] [INFO] Destination: 0xFF
[2026-09-02T18:51:17.967+00:00][B] [INFO] [RF RX] type=2 source=0x01 destination=0xFF previousHop=0x01 sequence=204 ackSequence=0 ttl=8 hops=0 payloadSize=13 rssi=-61 snr=9.75
[2026-09-02T18:51:17.969+00:00][A] [INFO] Sequence: 204
[2026-09-02T18:51:17.970+00:00][A] [INFO] Packet ID: 103
[2026-09-02T18:51:17.975+00:00][A] [INFO] Packet Size: 26
[2026-09-02T18:51:17.975+00:00][A] [INFO] Timestamp: 103 ms
[2026-09-02T18:51:17.980+00:00][A] [INFO] Transmission Result: success
[2026-09-02T18:51:17.981+00:00][A] [INFO] --------------------------------
[2026-09-02T18:51:17.986+00:00][A] [INFO] [Heartbeat #103]
[2026-09-02T18:51:17.986+00:00][A] [INFO] Sent
[2026-09-02T18:51:17.986+00:00][A] [INFO] Waiting ACK...
[2026-09-02T18:51:17.987+00:00][A] [INFO] [WAITING ACK]
[2026-09-02T18:51:18.001+00:00][A] [INFO] [RF TX] type=2 source=0x01 destination=0xFF previousHop=0x01 sequence=204 ackSequence=0 ttl=8 hops=0 payloadSize=13 rssi=0 snr=0.00
[2026-09-02T18:51:18.001+00:00][A] [INFO] Heartbeat packet sent
[2026-09-02T18:51:18.216+00:00][B] [WARN] Retry 1
[2026-09-02T18:51:18.283+00:00][B] [INFO] --------------------------------
[2026-09-02T18:51:18.283+00:00][B] [INFO] [HEARTBEAT TX]
[2026-09-02T18:51:18.288+00:00][B] [INFO] Node ID: 2
[2026-09-02T18:51:18.289+00:00][B] [INFO] type: 2
[2026-09-02T18:51:18.289+00:00][B] [INFO] Destination: 0xFF
[2026-09-02T18:51:18.292+00:00][A] [INFO] [RF RX] type=2 source=0x02 destination=0xFF previousHop=0x02 sequence=228 ackSequence=0 ttl=8 hops=0 payloadSize=13 rssi=-61 snr=9.25
[2026-09-02T18:51:18.294+00:00][B] [INFO] Sequence: 228
[2026-09-02T18:51:18.294+00:00][B] [INFO] Packet ID: 98
[2026-09-02T18:51:18.299+00:00][B] [INFO] Packet Size: 26
[2026-09-02T18:51:18.300+00:00][B] [INFO] Timestamp: 98 ms
[2026-09-02T18:51:18.300+00:00][B] [INFO] Transmission Result: success
[2026-09-02T18:51:18.305+00:00][B] [INFO] --------------------------------
[2026-09-02T18:51:18.305+00:00][B] [INFO] [Heartbeat #98]
[2026-09-02T18:51:18.311+00:00][B] [INFO] Sent
[2026-09-02T18:51:18.311+00:00][B] [INFO] Waiting ACK...
[2026-09-02T18:51:18.311+00:00][B] [INFO] [WAITING ACK]
[2026-09-02T18:51:18.325+00:00][B] [INFO] [RF TX] type=2 source=0x02 destination=0xFF previousHop=0x02 sequence=228 ackSequence=0 ttl=8 hops=0 payloadSize=13 rssi=0 snr=0.00
[2026-09-02T18:51:18.325+00:00][B] [INFO] Heartbeat packet sent
[2026-09-02T18:51:18.976+00:00][A] [WARN] Retry 1
[2026-09-02T18:51:19.043+00:00][A] [INFO] --------------------------------
[2026-09-02T18:51:19.043+00:00][A] [INFO] [HEARTBEAT TX]
[2026-09-02T18:51:19.048+00:00][A] [INFO] Node ID: 1
[2026-09-02T18:51:19.048+00:00][A] [INFO] type: 2
[2026-09-02T18:51:19.049+00:00][A] [INFO] Destination: 0xFF
[2026-09-02T18:51:19.052+00:00][B] [INFO] [RF RX] type=2 source=0x01 destination=0xFF previousHop=0x01 sequence=204 ackSequence=0 ttl=8 hops=0 payloadSize=13 rssi=-62 snr=9.75
[2026-09-02T18:51:19.054+00:00][A] [INFO] Sequence: 204
[2026-09-02T18:51:19.054+00:00][A] [INFO] Packet ID: 103
[2026-09-02T18:51:19.059+00:00][A] [INFO] Packet Size: 26
[2026-09-02T18:51:19.060+00:00][A] [INFO] Timestamp: 103 ms
[2026-09-02T18:51:19.065+00:00][A] [INFO] Transmission Result: success
[2026-09-02T18:51:19.065+00:00][A] [INFO] --------------------------------
[2026-09-02T18:51:19.070+00:00][A] [INFO] [Heartbeat #103]
[2026-09-02T18:51:19.070+00:00][A] [INFO] Sent
[2026-09-02T18:51:19.071+00:00][A] [INFO] Waiting ACK...
[2026-09-02T18:51:19.071+00:00][A] [INFO] [WAITING ACK]
[2026-09-02T18:51:19.085+00:00][A] [INFO] [RF TX] type=2 source=0x01 destination=0xFF previousHop=0x01 sequence=204 ackSequence=0 ttl=8 hops=0 payloadSize=13 rssi=0 snr=0.00
[2026-09-02T18:51:19.085+00:00][A] [INFO] Heartbeat packet sent
[2026-09-02T18:51:19.199+00:00][B] [INFO] --------------------------------
[2026-09-02T18:51:19.200+00:00][B] [INFO] [HEARTBEAT TX]
[2026-09-02T18:51:19.204+00:00][B] [INFO] Node ID: 2
[2026-09-02T18:51:19.205+00:00][B] [INFO] type: 2
[2026-09-02T18:51:19.205+00:00][B] [INFO] Destination: 0xFF
[2026-09-02T18:51:19.208+00:00][A] [INFO] [RF RX] type=2 source=0x02 destination=0xFF previousHop=0x02 sequence=229 ackSequence=0 ttl=8 hops=0 payloadSize=13 rssi=-60 snr=9.50
[2026-09-02T18:51:19.210+00:00][B] [INFO] Sequence: 229
[2026-09-02T18:51:19.211+00:00][B] [INFO] Packet ID: 99
[2026-09-02T18:51:19.215+00:00][B] [INFO] Packet Size: 26
[2026-09-02T18:51:19.216+00:00][B] [INFO] Timestamp: 99 ms
[2026-09-02T18:51:19.216+00:00][B] [INFO] Transmission Result: success
[2026-09-02T18:51:19.221+00:00][B] [INFO] --------------------------------
[2026-09-02T18:51:19.222+00:00][B] [INFO] [Heartbeat #99]
[2026-09-02T18:51:19.227+00:00][B] [INFO] Sent
[2026-09-02T18:51:19.227+00:00][B] [INFO] Waiting ACK...
[2026-09-02T18:51:19.227+00:00][B] [INFO] [WAITING ACK]
[2026-09-02T18:51:19.241+00:00][B] [INFO] [RF TX] type=2 source=0x02 destination=0xFF previousHop=0x02 sequence=229 ackSequence=0 ttl=8 hops=0 payloadSize=13 rssi=0 snr=0.00
[2026-09-02T18:51:19.241+00:00][B] [INFO] Heartbeat packet sent
[2026-09-02T18:51:19.959+00:00][A] [INFO] --------------------------------
[2026-09-02T18:51:19.959+00:00][A] [INFO] [HEARTBEAT TX]
[2026-09-02T18:51:19.964+00:00][A] [INFO] Node ID: 1
[2026-09-02T18:51:19.964+00:00][A] [INFO] type: 2
[2026-09-02T18:51:19.964+00:00][A] [INFO] Destination: 0xFF
[2026-09-02T18:51:19.967+00:00][B] [INFO] [RF RX] type=2 source=0x01 destination=0xFF previousHop=0x01 sequence=205 ackSequence=0 ttl=8 hops=0 payloadSize=13 rssi=-61 snr=9.75
[2026-09-02T18:51:19.969+00:00][A] [INFO] Sequence: 205
[2026-09-02T18:51:19.970+00:00][A] [INFO] Packet ID: 104
[2026-09-02T18:51:19.975+00:00][A] [INFO] Packet Size: 26
[2026-09-02T18:51:19.975+00:00][A] [INFO] Timestamp: 104 ms
[2026-09-02T18:51:19.980+00:00][A] [INFO] Transmission Result: success
[2026-09-02T18:51:19.981+00:00][A] [INFO] --------------------------------
[2026-09-02T18:51:19.986+00:00][A] [INFO] [Heartbeat #104]
[2026-09-02T18:51:19.986+00:00][A] [INFO] Sent
[2026-09-02T18:51:19.986+00:00][A] [INFO] Waiting ACK...
[2026-09-02T18:51:19.987+00:00][A] [INFO] [WAITING ACK]
[2026-09-02T18:51:20.001+00:00][A] [INFO] [RF TX] type=2 source=0x01 destination=0xFF previousHop=0x01 sequence=205 ackSequence=0 ttl=8 hops=0 payloadSize=13 rssi=0 snr=0.00
[2026-09-02T18:51:20.001+00:00][A] [INFO] Heartbeat packet sent
[2026-09-02T18:51:20.216+00:00][B] [WARN] Retry 1
[2026-09-02T18:51:20.283+00:00][B] [INFO] --------------------------------
[2026-09-02T18:51:20.284+00:00][B] [INFO] [HEARTBEAT TX]
[2026-09-02T18:51:20.289+00:00][B] [INFO] Node ID: 2
[2026-09-02T18:51:20.289+00:00][B] [INFO] type: 2
[2026-09-02T18:51:20.289+00:00][B] [INFO] Destination: 0xFF
[2026-09-02T18:51:20.292+00:00][A] [INFO] [RF RX] type=2 source=0x02 destination=0xFF previousHop=0x02 sequence=229 ackSequence=0 ttl=8 hops=0 payloadSize=13 rssi=-62 snr=9.75
[2026-09-02T18:51:20.294+00:00][B] [INFO] Sequence: 229
[2026-09-02T18:51:20.294+00:00][B] [INFO] Packet ID: 99
[2026-09-02T18:51:20.299+00:00][B] [INFO] Packet Size: 26
[2026-09-02T18:51:20.300+00:00][B] [INFO] Timestamp: 99 ms
[2026-09-02T18:51:20.300+00:00][B] [INFO] Transmission Result: success
[2026-09-02T18:51:20.306+00:00][B] [INFO] --------------------------------
[2026-09-02T18:51:20.306+00:00][B] [INFO] [Heartbeat #99]
[2026-09-02T18:51:20.311+00:00][B] [INFO] Sent
[2026-09-02T18:51:20.311+00:00][B] [INFO] Waiting ACK...
[2026-09-02T18:51:20.311+00:00][B] [INFO] [WAITING ACK]
[2026-09-02T18:51:20.325+00:00][B] [INFO] [RF TX] type=2 source=0x02 destination=0xFF previousHop=0x02 sequence=229 ackSequence=0 ttl=8 hops=0 payloadSize=13 rssi=0 snr=0.00
[2026-09-02T18:51:20.325+00:00][B] [INFO] Heartbeat packet sent
[2026-09-02T18:51:20.976+00:00][A] [WARN] Retry 1
[2026-09-02T18:51:21.043+00:00][A] [INFO] --------------------------------
[2026-09-02T18:51:21.043+00:00][A] [INFO] [HEARTBEAT TX]
[2026-09-02T18:51:21.048+00:00][A] [INFO] Node ID: 1
[2026-09-02T18:51:21.048+00:00][A] [INFO] type: 2
[2026-09-02T18:51:21.049+00:00][A] [INFO] Destination: 0xFF
[2026-09-02T18:51:21.051+00:00][B] [INFO] [RF RX] type=2 source=0x01 destination=0xFF previousHop=0x01 sequence=205 ackSequence=0 ttl=8 hops=0 payloadSize=13 rssi=-60 snr=9.75
[2026-09-02T18:51:21.053+00:00][A] [INFO] Sequence: 205
[2026-09-02T18:51:21.054+00:00][A] [INFO] Packet ID: 104
[2026-09-02T18:51:21.059+00:00][A] [INFO] Packet Size: 26
[2026-09-02T18:51:21.059+00:00][A] [INFO] Timestamp: 104 ms
[2026-09-02T18:51:21.064+00:00][A] [INFO] Transmission Result: success
[2026-09-02T18:51:21.065+00:00][A] [INFO] --------------------------------
[2026-09-02T18:51:21.070+00:00][A] [INFO] [Heartbeat #104]
[2026-09-02T18:51:21.070+00:00][A] [INFO] Sent
[2026-09-02T18:51:21.070+00:00][A] [INFO] Waiting ACK...
[2026-09-02T18:51:21.071+00:00][A] [INFO] [WAITING ACK]
[2026-09-02T18:51:21.085+00:00][A] [INFO] [RF TX] type=2 source=0x01 destination=0xFF previousHop=0x01 sequence=205 ackSequence=0 ttl=8 hops=0 payloadSize=13 rssi=0 snr=0.00
[2026-09-02T18:51:21.085+00:00][A] [INFO] Heartbeat packet sent
[2026-09-02T18:51:21.199+00:00][B] [INFO] --------------------------------
[2026-09-02T18:51:21.200+00:00][B] [INFO] [HEARTBEAT TX]
[2026-09-02T18:51:21.204+00:00][B] [INFO] Node ID: 2
[2026-09-02T18:51:21.205+00:00][B] [INFO] type: 2
[2026-09-02T18:51:21.205+00:00][B] [INFO] Destination: 0xFF
[2026-09-02T18:51:21.208+00:00][A] [INFO] [RF RX] type=2 source=0x02 destination=0xFF previousHop=0x02 sequence=230 ackSequence=0 ttl=8 hops=0 payloadSize=13 rssi=-61 snr=9.50
[2026-09-02T18:51:21.210+00:00][B] [INFO] Sequence: 230
[2026-09-02T18:51:21.210+00:00][B] [INFO] Packet ID: 100
[2026-09-02T18:51:21.215+00:00][B] [INFO] Packet Size: 26
[2026-09-02T18:51:21.216+00:00][B] [INFO] Timestamp: 100 ms
[2026-09-02T18:51:21.221+00:00][B] [INFO] Transmission Result: success
[2026-09-02T18:51:21.221+00:00][B] [INFO] --------------------------------
[2026-09-02T18:51:21.226+00:00][B] [INFO] [Heartbeat #100]
[2026-09-02T18:51:21.227+00:00][B] [INFO] Sent
[2026-09-02T18:51:21.227+00:00][B] [INFO] Waiting ACK...
[2026-09-02T18:51:21.227+00:00][B] [INFO] [WAITING ACK]
[2026-09-02T18:51:21.241+00:00][B] [INFO] [RF TX] type=2 source=0x02 destination=0xFF previousHop=0x02 sequence=230 ackSequence=0 ttl=8 hops=0 payloadSize=13 rssi=0 snr=0.00
[2026-09-02T18:51:21.241+00:00][B] [INFO] Heartbeat packet sent
[2026-09-02T18:51:21.959+00:00][A] [INFO] --------------------------------
[2026-09-02T18:51:21.960+00:00][A] [INFO] [HEARTBEAT TX]
[2026-09-02T18:51:21.964+00:00][A] [INFO] Node ID: 1
[2026-09-02T18:51:21.964+00:00][A] [INFO] type: 2
[2026-09-02T18:51:21.965+00:00][A] [INFO] Destination: 0xFF
[2026-09-02T18:51:21.967+00:00][B] [INFO] [RF RX] type=2 source=0x01 destination=0xFF previousHop=0x01 sequence=206 ackSequence=0 ttl=8 hops=0 payloadSize=13 rssi=-62 snr=9.75
[2026-09-02T18:51:21.970+00:00][A] [INFO] Sequence: 206
[2026-09-02T18:51:21.970+00:00][A] [INFO] Packet ID: 105
[2026-09-02T18:51:21.975+00:00][A] [INFO] Packet Size: 26
[2026-09-02T18:51:21.975+00:00][A] [INFO] Timestamp: 105 ms
[2026-09-02T18:51:21.980+00:00][A] [INFO] Transmission Result: success
[2026-09-02T18:51:21.981+00:00][A] [INFO] --------------------------------
[2026-09-02T18:51:21.986+00:00][A] [INFO] [Heartbeat #105]
[2026-09-02T18:51:21.986+00:00][A] [INFO] Sent
[2026-09-02T18:51:21.986+00:00][A] [INFO] Waiting ACK...
[2026-09-02T18:51:21.987+00:00][A] [INFO] [WAITING ACK]
[2026-09-02T18:51:22.001+00:00][A] [INFO] [RF TX] type=2 source=0x01 destination=0xFF previousHop=0x01 sequence=206 ackSequence=0 ttl=8 hops=0 payloadSize=13 rssi=0 snr=0.00
[2026-09-02T18:51:22.001+00:00][A] [INFO] Heartbeat packet sent
[2026-09-02T18:51:22.216+00:00][B] [WARN] Retry 1
[2026-09-02T18:51:22.283+00:00][B] [INFO] --------------------------------
[2026-09-02T18:51:22.284+00:00][B] [INFO] [HEARTBEAT TX]
[2026-09-02T18:51:22.288+00:00][B] [INFO] Node ID: 2
[2026-09-02T18:51:22.289+00:00][B] [INFO] type: 2
[2026-09-02T18:51:22.289+00:00][B] [INFO] Destination: 0xFF
[2026-09-02T18:51:22.292+00:00][A] [INFO] [RF RX] type=2 source=0x02 destination=0xFF previousHop=0x02 sequence=230 ackSequence=0 ttl=8 hops=0 payloadSize=13 rssi=-61 snr=9.25
[2026-09-02T18:51:22.294+00:00][B] [INFO] Sequence: 230
[2026-09-02T18:51:22.294+00:00][B] [INFO] Packet ID: 100
[2026-09-02T18:51:22.299+00:00][B] [INFO] Packet Size: 26
[2026-09-02T18:51:22.300+00:00][B] [INFO] Timestamp: 100 ms
[2026-09-02T18:51:22.305+00:00][B] [INFO] Transmission Result: success
[2026-09-02T18:51:22.306+00:00][B] [INFO] --------------------------------
[2026-09-02T18:51:22.310+00:00][B] [INFO] [Heartbeat #100]
[2026-09-02T18:51:22.311+00:00][B] [INFO] Sent
[2026-09-02T18:51:22.311+00:00][B] [INFO] Waiting ACK...
[2026-09-02T18:51:22.311+00:00][B] [INFO] [WAITING ACK]
[2026-09-02T18:51:22.325+00:00][B] [INFO] [RF TX] type=2 source=0x02 destination=0xFF previousHop=0x02 sequence=230 ackSequence=0 ttl=8 hops=0 payloadSize=13 rssi=0 snr=0.00
[2026-09-02T18:51:22.326+00:00][B] [INFO] Heartbeat packet sent
[2026-09-02T18:51:22.976+00:00][A] [WARN] Retry 1
[2026-09-02T18:51:23.043+00:00][A] [INFO] --------------------------------
[2026-09-02T18:51:23.043+00:00][A] [INFO] [HEARTBEAT TX]
[2026-09-02T18:51:23.048+00:00][A] [INFO] Node ID: 1
[2026-09-02T18:51:23.048+00:00][A] [INFO] type: 2
[2026-09-02T18:51:23.049+00:00][A] [INFO] Destination: 0xFF
[2026-09-02T18:51:23.051+00:00][B] [INFO] [RF RX] type=2 source=0x01 destination=0xFF previousHop=0x01 sequence=206 ackSequence=0 ttl=8 hops=0 payloadSize=13 rssi=-61 snr=9.50
[2026-09-02T18:51:23.053+00:00][A] [INFO] Sequence: 206
[2026-09-02T18:51:23.054+00:00][A] [INFO] Packet ID: 105
[2026-09-02T18:51:23.059+00:00][A] [INFO] Packet Size: 26
[2026-09-02T18:51:23.059+00:00][A] [INFO] Timestamp: 105 ms
[2026-09-02T18:51:23.064+00:00][A] [INFO] Transmission Result: success
[2026-09-02T18:51:23.065+00:00][A] [INFO] --------------------------------
[2026-09-02T18:51:23.070+00:00][A] [INFO] [Heartbeat #105]
[2026-09-02T18:51:23.070+00:00][A] [INFO] Sent
[2026-09-02T18:51:23.070+00:00][A] [INFO] Waiting ACK...
[2026-09-02T18:51:23.071+00:00][A] [INFO] [WAITING ACK]
[2026-09-02T18:51:23.085+00:00][A] [INFO] [RF TX] type=2 source=0x01 destination=0xFF previousHop=0x01 sequence=206 ackSequence=0 ttl=8 hops=0 payloadSize=13 rssi=0 snr=0.00
[2026-09-02T18:51:23.085+00:00][A] [INFO] Heartbeat packet sent
[2026-09-02T18:51:23.199+00:00][B] [INFO] --------------------------------
[2026-09-02T18:51:23.200+00:00][B] [INFO] [HEARTBEAT TX]
[2026-09-02T18:51:23.205+00:00][B] [INFO] Node ID: 2
[2026-09-02T18:51:23.205+00:00][B] [INFO] type: 2
[2026-09-02T18:51:23.205+00:00][B] [INFO] Destination: 0xFF
[2026-09-02T18:51:23.208+00:00][A] [INFO] [RF RX] type=2 source=0x02 destination=0xFF previousHop=0x02 sequence=231 ackSequence=0 ttl=8 hops=0 payloadSize=13 rssi=-61 snr=9.25
[2026-09-02T18:51:23.210+00:00][B] [INFO] Sequence: 231
[2026-09-02T18:51:23.210+00:00][B] [INFO] Packet ID: 101
[2026-09-02T18:51:23.215+00:00][B] [INFO] Packet Size: 26
[2026-09-02T18:51:23.216+00:00][B] [INFO] Timestamp: 101 ms
[2026-09-02T18:51:23.221+00:00][B] [INFO] Transmission Result: success
[2026-09-02T18:51:23.222+00:00][B] [INFO] --------------------------------
[2026-09-02T18:51:23.226+00:00][B] [INFO] [Heartbeat #101]
[2026-09-02T18:51:23.227+00:00][B] [INFO] Sent
[2026-09-02T18:51:23.227+00:00][B] [INFO] Waiting ACK...
[2026-09-02T18:51:23.227+00:00][B] [INFO] [WAITING ACK]
[2026-09-02T18:51:23.241+00:00][B] [INFO] [RF TX] type=2 source=0x02 destination=0xFF previousHop=0x02 sequence=231 ackSequence=0 ttl=8 hops=0 payloadSize=13 rssi=0 snr=0.00
[2026-09-02T18:51:23.242+00:00][B] [INFO] Heartbeat packet sent
[2026-09-02T18:51:23.959+00:00][A] [INFO] --------------------------------
[2026-09-02T18:51:23.959+00:00][A] [INFO] [HEARTBEAT TX]
[2026-09-02T18:51:23.964+00:00][A] [INFO] Node ID: 1
[2026-09-02T18:51:23.964+00:00][A] [INFO] type: 2
[2026-09-02T18:51:23.964+00:00][A] [INFO] Destination: 0xFF
[2026-09-02T18:51:23.967+00:00][B] [INFO] [RF RX] type=2 source=0x01 destination=0xFF previousHop=0x01 sequence=207 ackSequence=0 ttl=8 hops=0 payloadSize=13 rssi=-61 snr=10.00
[2026-09-02T18:51:23.970+00:00][A] [INFO] Sequence: 207
[2026-09-02T18:51:23.971+00:00][A] [INFO] Packet ID: 106
[2026-09-02T18:51:23.979+00:00][A] [INFO] Packet Size: 26
[2026-09-02T18:51:23.980+00:00][A] [INFO] Timestamp: 106 ms
[2026-09-02T18:51:23.980+00:00][A] [INFO] Transmission Result: success
[2026-09-02T18:51:23.981+00:00][A] [INFO] --------------------------------
[2026-09-02T18:51:23.986+00:00][A] [INFO] [Heartbeat #106]
[2026-09-02T18:51:23.986+00:00][A] [INFO] Sent
[2026-09-02T18:51:23.986+00:00][A] [INFO] Waiting ACK...
[2026-09-02T18:51:23.987+00:00][A] [INFO] [WAITING ACK]
[2026-09-02T18:51:24.001+00:00][A] [INFO] [RF TX] type=2 source=0x01 destination=0xFF previousHop=0x01 sequence=207 ackSequence=0 ttl=8 hops=0 payloadSize=13 rssi=0 snr=0.00
[2026-09-02T18:51:24.001+00:00][A] [INFO] Heartbeat packet sent
[2026-09-02T18:51:24.216+00:00][B] [WARN] Retry 1
[2026-09-02T18:51:24.283+00:00][B] [INFO] --------------------------------
[2026-09-02T18:51:24.284+00:00][B] [INFO] [HEARTBEAT TX]
[2026-09-02T18:51:24.288+00:00][B] [INFO] Node ID: 2
[2026-09-02T18:51:24.289+00:00][B] [INFO] type: 2
[2026-09-02T18:51:24.289+00:00][B] [INFO] Destination: 0xFF
[2026-09-02T18:51:24.292+00:00][A] [INFO] [RF RX] type=2 source=0x02 destination=0xFF previousHop=0x02 sequence=231 ackSequence=0 ttl=8 hops=0 payloadSize=13 rssi=-60 snr=9.50
[2026-09-02T18:51:24.294+00:00][B] [INFO] Sequence: 231
[2026-09-02T18:51:24.294+00:00][B] [INFO] Packet ID: 101
[2026-09-02T18:51:24.299+00:00][B] [INFO] Packet Size: 26
[2026-09-02T18:51:24.300+00:00][B] [INFO] Timestamp: 101 ms
[2026-09-02T18:51:24.305+00:00][B] [INFO] Transmission Result: success
[2026-09-02T18:51:24.305+00:00][B] [INFO] --------------------------------
[2026-09-02T18:51:24.310+00:00][B] [INFO] [Heartbeat #101]
[2026-09-02T18:51:24.311+00:00][B] [INFO] Sent
[2026-09-02T18:51:24.311+00:00][B] [INFO] Waiting ACK...
[2026-09-02T18:51:24.311+00:00][B] [INFO] [WAITING ACK]
[2026-09-02T18:51:24.325+00:00][B] [INFO] [RF TX] type=2 source=0x02 destination=0xFF previousHop=0x02 sequence=231 ackSequence=0 ttl=8 hops=0 payloadSize=13 rssi=0 snr=0.00
[2026-09-02T18:51:24.326+00:00][B] [INFO] Heartbeat packet sent
[2026-09-02T18:51:24.976+00:00][A] [WARN] Retry 1
[2026-09-02T18:51:25.043+00:00][A] [INFO] --------------------------------
[2026-09-02T18:51:25.043+00:00][A] [INFO] [HEARTBEAT TX]
[2026-09-02T18:51:25.048+00:00][A] [INFO] Node ID: 1
[2026-09-02T18:51:25.048+00:00][A] [INFO] type: 2
[2026-09-02T18:51:25.049+00:00][A] [INFO] Destination: 0xFF
[2026-09-02T18:51:25.052+00:00][B] [INFO] [RF RX] type=2 source=0x01 destination=0xFF previousHop=0x01 sequence=207 ackSequence=0 ttl=8 hops=0 payloadSize=13 rssi=-62 snr=10.25
[2026-09-02T18:51:25.054+00:00][A] [INFO] Sequence: 207
[2026-09-02T18:51:25.054+00:00][A] [INFO] Packet ID: 106
[2026-09-02T18:51:25.059+00:00][A] [INFO] Packet Size: 26
[2026-09-02T18:51:25.059+00:00][A] [INFO] Timestamp: 106 ms
[2026-09-02T18:51:25.064+00:00][A] [INFO] Transmission Result: success
[2026-09-02T18:51:25.065+00:00][A] [INFO] --------------------------------
[2026-09-02T18:51:25.070+00:00][A] [INFO] [Heartbeat #106]
[2026-09-02T18:51:25.070+00:00][A] [INFO] Sent
[2026-09-02T18:51:25.071+00:00][A] [INFO] Waiting ACK...
[2026-09-02T18:51:25.071+00:00][A] [INFO] [WAITING ACK]
[2026-09-02T18:51:25.085+00:00][A] [INFO] [RF TX] type=2 source=0x01 destination=0xFF previousHop=0x01 sequence=207 ackSequence=0 ttl=8 hops=0 payloadSize=13 rssi=0 snr=0.00
[2026-09-02T18:51:25.085+00:00][A] [INFO] Heartbeat packet sent
[2026-09-02T18:51:25.199+00:00][B] [INFO] --------------------------------
[2026-09-02T18:51:25.199+00:00][B] [INFO] [HEARTBEAT TX]
[2026-09-02T18:51:25.204+00:00][B] [INFO] Node ID: 2
[2026-09-02T18:51:25.205+00:00][B] [INFO] type: 2
[2026-09-02T18:51:25.205+00:00][B] [INFO] Destination: 0xFF
[2026-09-02T18:51:25.208+00:00][A] [INFO] [RF RX] type=2 source=0x02 destination=0xFF previousHop=0x02 sequence=232 ackSequence=0 ttl=8 hops=0 payloadSize=13 rssi=-61 snr=9.25
[2026-09-02T18:51:25.210+00:00][B] [INFO] Sequence: 232
[2026-09-02T18:51:25.210+00:00][B] [INFO] Packet ID: 102
[2026-09-02T18:51:25.215+00:00][B] [INFO] Packet Size: 26
[2026-09-02T18:51:25.216+00:00][B] [INFO] Timestamp: 102 ms
[2026-09-02T18:51:25.221+00:00][B] [INFO] Transmission Result: success
[2026-09-02T18:51:25.221+00:00][B] [INFO] --------------------------------
[2026-09-02T18:51:25.226+00:00][B] [INFO] [Heartbeat #102]
[2026-09-02T18:51:25.227+00:00][B] [INFO] Sent
[2026-09-02T18:51:25.227+00:00][B] [INFO] Waiting ACK...
[2026-09-02T18:51:25.227+00:00][B] [INFO] [WAITING ACK]
[2026-09-02T18:51:25.241+00:00][B] [INFO] [RF TX] type=2 source=0x02 destination=0xFF previousHop=0x02 sequence=232 ackSequence=0 ttl=8 hops=0 payloadSize=13 rssi=0 snr=0.00
[2026-09-02T18:51:25.241+00:00][B] [INFO] Heartbeat packet sent
[2026-09-02T18:51:25.959+00:00][A] [INFO] --------------------------------
[2026-09-02T18:51:25.959+00:00][A] [INFO] [HEARTBEAT TX]
[2026-09-02T18:51:25.964+00:00][A] [INFO] Node ID: 1
[2026-09-02T18:51:25.964+00:00][A] [INFO] type: 2
[2026-09-02T18:51:25.965+00:00][A] [INFO] Destination: 0xFF
[2026-09-02T18:51:25.967+00:00][B] [INFO] [RF RX] type=2 source=0x01 destination=0xFF previousHop=0x01 sequence=208 ackSequence=0 ttl=8 hops=0 payloadSize=13 rssi=-61 snr=10.00
[2026-09-02T18:51:25.969+00:00][A] [INFO] Sequence: 208
[2026-09-02T18:51:25.970+00:00][A] [INFO] Packet ID: 107
[2026-09-02T18:51:25.975+00:00][A] [INFO] Packet Size: 26
[2026-09-02T18:51:25.975+00:00][A] [INFO] Timestamp: 107 ms
[2026-09-02T18:51:25.980+00:00][A] [INFO] Transmission Result: success
[2026-09-02T18:51:25.981+00:00][A] [INFO] --------------------------------
[2026-09-02T18:51:25.986+00:00][A] [INFO] [Heartbeat #107]
[2026-09-02T18:51:25.986+00:00][A] [INFO] Sent
[2026-09-02T18:51:25.987+00:00][A] [INFO] Waiting ACK...
[2026-09-02T18:51:25.987+00:00][A] [INFO] [WAITING ACK]
[2026-09-02T18:51:26.001+00:00][A] [INFO] [RF TX] type=2 source=0x01 destination=0xFF previousHop=0x01 sequence=208 ackSequence=0 ttl=8 hops=0 payloadSize=13 rssi=0 snr=0.00
[2026-09-02T18:51:26.001+00:00][A] [INFO] Heartbeat packet sent
[2026-09-02T18:51:26.218+00:00][B] [WARN] Retry 1
[2026-09-02T18:51:26.284+00:00][B] [INFO] --------------------------------
[2026-09-02T18:51:26.287+00:00][B] [INFO] [HEARTBEAT TX]
[2026-09-02T18:51:26.311+00:00][B] [INFO] Node ID: 2
[2026-09-02T18:51:26.311+00:00][B] [INFO] type: 2
[2026-09-02T18:51:26.312+00:00][A] [INFO] [RF RX] type=2 source=0x02 destination=0xFF previousHop=0x02 sequence=232 ackSequence=0 ttl=8 hops=0 payloadSize=13 rssi=-61 snr=9.25
[2026-09-02T18:51:26.311+00:00][B] [INFO] Destination: 0xFF
[2026-09-02T18:51:26.312+00:00][B] [INFO] Sequence: 232
[2026-09-02T18:51:26.312+00:00][B] [INFO] Packet ID: 102
[2026-09-02T18:51:26.313+00:00][B] [INFO] Packet Size: 26
[2026-09-02T18:51:26.314+00:00][B] [INFO] Timestamp: 102 ms
[2026-09-02T18:51:26.314+00:00][B] [INFO] Transmission Result: success
[2026-09-02T18:51:26.314+00:00][B] [INFO] --------------------------------
[2026-09-02T18:51:26.315+00:00][B] [INFO] [Heartbeat #102]
[2026-09-02T18:51:26.316+00:00][B] [INFO] Sent
[2026-09-02T18:51:26.316+00:00][B] [INFO] Waiting ACK...
[2026-09-02T18:51:26.316+00:00][B] [INFO] [WAITING ACK]
[2026-09-02T18:51:26.330+00:00][B] [INFO] [RF TX] type=2 source=0x02 destination=0xFF previousHop=0x02 sequence=232 ackSequence=0 ttl=8 hops=0 payloadSize=13 rssi=0 snr=0.00
[2026-09-02T18:51:26.330+00:00][B] [INFO] Heartbeat packet sent
[2026-09-02T18:51:26.975+00:00][A] [WARN] Retry 1
[2026-09-02T18:51:27.043+00:00][A] [INFO] --------------------------------
[2026-09-02T18:51:27.043+00:00][A] [INFO] [HEARTBEAT TX]
[2026-09-02T18:51:27.048+00:00][A] [INFO] Node ID: 1
[2026-09-02T18:51:27.048+00:00][A] [INFO] type: 2
[2026-09-02T18:51:27.048+00:00][A] [INFO] Destination: 0xFF
[2026-09-02T18:51:27.051+00:00][B] [INFO] [RF RX] type=2 source=0x01 destination=0xFF previousHop=0x01 sequence=208 ackSequence=0 ttl=8 hops=0 payloadSize=13 rssi=-61 snr=10.00
[2026-09-02T18:51:27.053+00:00][A] [INFO] Sequence: 208
[2026-09-02T18:51:27.054+00:00][A] [INFO] Packet ID: 107
[2026-09-02T18:51:27.059+00:00][A] [INFO] Packet Size: 26
[2026-09-02T18:51:27.059+00:00][A] [INFO] Timestamp: 107 ms
[2026-09-02T18:51:27.064+00:00][A] [INFO] Transmission Result: success
[2026-09-02T18:51:27.065+00:00][A] [INFO] --------------------------------
[2026-09-02T18:51:27.070+00:00][A] [INFO] [Heartbeat #107]
[2026-09-02T18:51:27.070+00:00][A] [INFO] Sent
[2026-09-02T18:51:27.070+00:00][A] [INFO] Waiting ACK...
[2026-09-02T18:51:27.071+00:00][A] [INFO] [WAITING ACK]
[2026-09-02T18:51:27.084+00:00][A] [INFO] [RF TX] type=2 source=0x01 destination=0xFF previousHop=0x01 sequence=208 ackSequence=0 ttl=8 hops=0 payloadSize=13 rssi=0 snr=0.00
[2026-09-02T18:51:27.085+00:00][A] [INFO] Heartbeat packet sent
[2026-09-02T18:51:27.199+00:00][B] [INFO] --------------------------------
[2026-09-02T18:51:27.199+00:00][B] [INFO] [HEARTBEAT TX]
[2026-09-02T18:51:27.204+00:00][B] [INFO] Node ID: 2
[2026-09-02T18:51:27.205+00:00][B] [INFO] type: 2
[2026-09-02T18:51:27.205+00:00][B] [INFO] Destination: 0xFF
[2026-09-02T18:51:27.208+00:00][A] [INFO] [RF RX] type=2 source=0x02 destination=0xFF previousHop=0x02 sequence=233 ackSequence=0 ttl=8 hops=0 payloadSize=13 rssi=-60 snr=9.75
[2026-09-02T18:51:27.210+00:00][B] [INFO] Sequence: 233
[2026-09-02T18:51:27.210+00:00][B] [INFO] Packet ID: 103
[2026-09-02T18:51:27.215+00:00][B] [INFO] Packet Size: 26
[2026-09-02T18:51:27.216+00:00][B] [INFO] Timestamp: 103 ms
[2026-09-02T18:51:27.221+00:00][B] [INFO] Transmission Result: success
[2026-09-02T18:51:27.221+00:00][B] [INFO] --------------------------------
[2026-09-02T18:51:27.226+00:00][B] [INFO] [Heartbeat #103]
[2026-09-02T18:51:27.226+00:00][B] [INFO] Sent
[2026-09-02T18:51:27.227+00:00][B] [INFO] Waiting ACK...
[2026-09-02T18:51:27.227+00:00][B] [INFO] [WAITING ACK]
[2026-09-02T18:51:27.241+00:00][B] [INFO] [RF TX] type=2 source=0x02 destination=0xFF previousHop=0x02 sequence=233 ackSequence=0 ttl=8 hops=0 payloadSize=13 rssi=0 snr=0.00
[2026-09-02T18:51:27.241+00:00][B] [INFO] Heartbeat packet sent
[2026-09-02T18:51:27.959+00:00][A] [INFO] --------------------------------
[2026-09-02T18:51:27.960+00:00][A] [INFO] [HEARTBEAT TX]
[2026-09-02T18:51:27.964+00:00][A] [INFO] Node ID: 1
[2026-09-02T18:51:27.964+00:00][A] [INFO] type: 2
[2026-09-02T18:51:27.965+00:00][A] [INFO] Destination: 0xFF
[2026-09-02T18:51:27.967+00:00][B] [INFO] [RF RX] type=2 source=0x01 destination=0xFF previousHop=0x01 sequence=209 ackSequence=0 ttl=8 hops=0 payloadSize=13 rssi=-61 snr=9.25
[2026-09-02T18:51:27.971+00:00][A] [INFO] Sequence: 209
[2026-09-02T18:51:27.971+00:00][A] [INFO] Packet ID: 108
[2026-09-02T18:51:27.975+00:00][A] [INFO] Packet Size: 26
[2026-09-02T18:51:27.975+00:00][A] [INFO] Timestamp: 108 ms
[2026-09-02T18:51:27.980+00:00][A] [INFO] Transmission Result: success
[2026-09-02T18:51:27.981+00:00][A] [INFO] --------------------------------
[2026-09-02T18:51:27.986+00:00][A] [INFO] [Heartbeat #108]
[2026-09-02T18:51:27.986+00:00][A] [INFO] Sent
[2026-09-02T18:51:27.986+00:00][A] [INFO] Waiting ACK...
[2026-09-02T18:51:27.986+00:00][A] [INFO] [WAITING ACK]
[2026-09-02T18:51:28.001+00:00][A] [INFO] [RF TX] type=2 source=0x01 destination=0xFF previousHop=0x01 sequence=209 ackSequence=0 ttl=8 hops=0 payloadSize=13 rssi=0 snr=0.00
[2026-09-02T18:51:28.001+00:00][A] [INFO] Heartbeat packet sent
[2026-09-02T18:51:28.216+00:00][B] [WARN] Retry 1
[2026-09-02T18:51:28.283+00:00][B] [INFO] --------------------------------
[2026-09-02T18:51:28.283+00:00][B] [INFO] [HEARTBEAT TX]
[2026-09-02T18:51:28.288+00:00][B] [INFO] Node ID: 2
[2026-09-02T18:51:28.289+00:00][B] [INFO] type: 2
[2026-09-02T18:51:28.289+00:00][B] [INFO] Destination: 0xFF
[2026-09-02T18:51:28.292+00:00][A] [INFO] [RF RX] type=2 source=0x02 destination=0xFF previousHop=0x02 sequence=233 ackSequence=0 ttl=8 hops=0 payloadSize=13 rssi=-60 snr=10.00
[2026-09-02T18:51:28.294+00:00][B] [INFO] Sequence: 233
[2026-09-02T18:51:28.294+00:00][B] [INFO] Packet ID: 103
[2026-09-02T18:51:28.299+00:00][B] [INFO] Packet Size: 26
[2026-09-02T18:51:28.300+00:00][B] [INFO] Timestamp: 103 ms
[2026-09-02T18:51:28.305+00:00][B] [INFO] Transmission Result: success
[2026-09-02T18:51:28.305+00:00][B] [INFO] --------------------------------
[2026-09-02T18:51:28.310+00:00][B] [INFO] [Heartbeat #103]
[2026-09-02T18:51:28.311+00:00][B] [INFO] Sent
[2026-09-02T18:51:28.311+00:00][B] [INFO] Waiting ACK...
[2026-09-02T18:51:28.311+00:00][B] [INFO] [WAITING ACK]
[2026-09-02T18:51:28.325+00:00][B] [INFO] [RF TX] type=2 source=0x02 destination=0xFF previousHop=0x02 sequence=233 ackSequence=0 ttl=8 hops=0 payloadSize=13 rssi=0 snr=0.00
[2026-09-02T18:51:28.325+00:00][B] [INFO] Heartbeat packet sent
[2026-09-02T18:51:28.976+00:00][A] [WARN] Retry 1
[2026-09-02T18:51:29.042+00:00][A] [INFO] --------------------------------
[2026-09-02T18:51:29.042+00:00][A] [INFO] [HEARTBEAT TX]
[2026-09-02T18:51:29.048+00:00][A] [INFO] Node ID: 1
[2026-09-02T18:51:29.048+00:00][A] [INFO] type: 2
[2026-09-02T18:51:29.048+00:00][A] [INFO] Destination: 0xFF
[2026-09-02T18:51:29.051+00:00][B] [INFO] [RF RX] type=2 source=0x01 destination=0xFF previousHop=0x01 sequence=209 ackSequence=0 ttl=8 hops=0 payloadSize=13 rssi=-62 snr=9.50
[2026-09-02T18:51:29.053+00:00][A] [INFO] Sequence: 209
[2026-09-02T18:51:29.053+00:00][A] [INFO] Packet ID: 108
[2026-09-02T18:51:29.059+00:00][A] [INFO] Packet Size: 26
[2026-09-02T18:51:29.059+00:00][A] [INFO] Timestamp: 108 ms
[2026-09-02T18:51:29.064+00:00][A] [INFO] Transmission Result: success
[2026-09-02T18:51:29.064+00:00][A] [INFO] --------------------------------
[2026-09-02T18:51:29.070+00:00][A] [INFO] [Heartbeat #108]
[2026-09-02T18:51:29.070+00:00][A] [INFO] Sent
[2026-09-02T18:51:29.070+00:00][A] [INFO] Waiting ACK...
[2026-09-02T18:51:29.070+00:00][A] [INFO] [WAITING ACK]
[2026-09-02T18:51:29.084+00:00][A] [INFO] [RF TX] type=2 source=0x01 destination=0xFF previousHop=0x01 sequence=209 ackSequence=0 ttl=8 hops=0 payloadSize=13 rssi=0 snr=0.00
[2026-09-02T18:51:29.085+00:00][A] [INFO] Heartbeat packet sent
[2026-09-02T18:51:29.199+00:00][B] [INFO] --------------------------------
[2026-09-02T18:51:29.200+00:00][B] [INFO] [HEARTBEAT TX]
[2026-09-02T18:51:29.204+00:00][B] [INFO] Node ID: 2
[2026-09-02T18:51:29.205+00:00][B] [INFO] type: 2
[2026-09-02T18:51:29.205+00:00][B] [INFO] Destination: 0xFF
[2026-09-02T18:51:29.208+00:00][A] [INFO] [RF RX] type=2 source=0x02 destination=0xFF previousHop=0x02 sequence=234 ackSequence=0 ttl=8 hops=0 payloadSize=13 rssi=-60 snr=9.25
[2026-09-02T18:51:29.210+00:00][B] [INFO] Sequence: 234
[2026-09-02T18:51:29.210+00:00][B] [INFO] Packet ID: 104
[2026-09-02T18:51:29.215+00:00][B] [INFO] Packet Size: 26
[2026-09-02T18:51:29.216+00:00][B] [INFO] Timestamp: 104 ms
[2026-09-02T18:51:29.221+00:00][B] [INFO] Transmission Result: success
[2026-09-02T18:51:29.221+00:00][B] [INFO] --------------------------------
[2026-09-02T18:51:29.226+00:00][B] [INFO] [Heartbeat #104]
[2026-09-02T18:51:29.227+00:00][B] [INFO] Sent
[2026-09-02T18:51:29.227+00:00][B] [INFO] Waiting ACK...
[2026-09-02T18:51:29.228+00:00][B] [INFO] [WAITING ACK]
[2026-09-02T18:51:29.241+00:00][B] [INFO] [RF TX] type=2 source=0x02 destination=0xFF previousHop=0x02 sequence=234 ackSequence=0 ttl=8 hops=0 payloadSize=13 rssi=0 snr=0.00
[2026-09-02T18:51:29.242+00:00][B] [INFO] Heartbeat packet sent
[2026-09-02T18:51:29.959+00:00][A] [INFO] --------------------------------
[2026-09-02T18:51:29.959+00:00][A] [INFO] [HEARTBEAT TX]
[2026-09-02T18:51:29.964+00:00][A] [INFO] Node ID: 1
[2026-09-02T18:51:29.964+00:00][A] [INFO] type: 2
[2026-09-02T18:51:29.964+00:00][A] [INFO] Destination: 0xFF
[2026-09-02T18:51:29.967+00:00][B] [INFO] [RF RX] type=2 source=0x01 destination=0xFF previousHop=0x01 sequence=210 ackSequence=0 ttl=8 hops=0 payloadSize=13 rssi=-61 snr=9.25
[2026-09-02T18:51:29.969+00:00][A] [INFO] Sequence: 210
[2026-09-02T18:51:29.970+00:00][A] [INFO] Packet ID: 109
[2026-09-02T18:51:29.975+00:00][A] [INFO] Packet Size: 26
[2026-09-02T18:51:29.975+00:00][A] [INFO] Timestamp: 109 ms
[2026-09-02T18:51:29.980+00:00][A] [INFO] Transmission Result: success
[2026-09-02T18:51:29.981+00:00][A] [INFO] --------------------------------
[2026-09-02T18:51:29.986+00:00][A] [INFO] [Heartbeat #109]
[2026-09-02T18:51:29.986+00:00][A] [INFO] Sent
[2026-09-02T18:51:29.987+00:00][A] [INFO] Waiting ACK...
[2026-09-02T18:51:29.987+00:00][A] [INFO] [WAITING ACK]
[2026-09-02T18:51:30.000+00:00][A] [INFO] [RF TX] type=2 source=0x01 destination=0xFF previousHop=0x01 sequence=210 ackSequence=0 ttl=8 hops=0 payloadSize=13 rssi=0 snr=0.00
[2026-09-02T18:51:30.001+00:00][A] [INFO] Heartbeat packet sent
[2026-09-02T18:51:30.216+00:00][B] [WARN] Retry 1
[2026-09-02T18:51:30.283+00:00][B] [INFO] --------------------------------
[2026-09-02T18:51:30.283+00:00][B] [INFO] [HEARTBEAT TX]
[2026-09-02T18:51:30.288+00:00][B] [INFO] Node ID: 2
[2026-09-02T18:51:30.289+00:00][B] [INFO] type: 2
[2026-09-02T18:51:30.289+00:00][B] [INFO] Destination: 0xFF
[2026-09-02T18:51:30.292+00:00][A] [INFO] [RF RX] type=2 source=0x02 destination=0xFF previousHop=0x02 sequence=234 ackSequence=0 ttl=8 hops=0 payloadSize=13 rssi=-61 snr=9.25
[2026-09-02T18:51:30.294+00:00][B] [INFO] Sequence: 234
[2026-09-02T18:51:30.294+00:00][B] [INFO] Packet ID: 104
[2026-09-02T18:51:30.299+00:00][B] [INFO] Packet Size: 26
[2026-09-02T18:51:30.300+00:00][B] [INFO] Timestamp: 104 ms
[2026-09-02T18:51:30.305+00:00][B] [INFO] Transmission Result: success
[2026-09-02T18:51:30.305+00:00][B] [INFO] --------------------------------
[2026-09-02T18:51:30.311+00:00][B] [INFO] [Heartbeat #104]
[2026-09-02T18:51:30.311+00:00][B] [INFO] Sent
[2026-09-02T18:51:30.311+00:00][B] [INFO] Waiting ACK...
[2026-09-02T18:51:30.312+00:00][B] [INFO] [WAITING ACK]
[2026-09-02T18:51:30.325+00:00][B] [INFO] [RF TX] type=2 source=0x02 destination=0xFF previousHop=0x02 sequence=234 ackSequence=0 ttl=8 hops=0 payloadSize=13 rssi=0 snr=0.00
[2026-09-02T18:51:30.325+00:00][B] [INFO] Heartbeat packet sent
[2026-09-02T18:51:30.975+00:00][A] [WARN] Retry 1
[2026-09-02T18:51:31.042+00:00][A] [INFO] --------------------------------
[2026-09-02T18:51:31.043+00:00][A] [INFO] [HEARTBEAT TX]
[2026-09-02T18:51:31.048+00:00][A] [INFO] Node ID: 1
[2026-09-02T18:51:31.048+00:00][A] [INFO] type: 2
[2026-09-02T18:51:31.048+00:00][A] [INFO] Destination: 0xFF
[2026-09-02T18:51:31.051+00:00][B] [INFO] [RF RX] type=2 source=0x01 destination=0xFF previousHop=0x01 sequence=210 ackSequence=0 ttl=8 hops=0 payloadSize=13 rssi=-61 snr=9.75
[2026-09-02T18:51:31.053+00:00][A] [INFO] Sequence: 210
[2026-09-02T18:51:31.054+00:00][A] [INFO] Packet ID: 109
[2026-09-02T18:51:31.059+00:00][A] [INFO] Packet Size: 26
[2026-09-02T18:51:31.059+00:00][A] [INFO] Timestamp: 109 ms
[2026-09-02T18:51:31.064+00:00][A] [INFO] Transmission Result: success
[2026-09-02T18:51:31.065+00:00][A] [INFO] --------------------------------
[2026-09-02T18:51:31.070+00:00][A] [INFO] [Heartbeat #109]
[2026-09-02T18:51:31.070+00:00][A] [INFO] Sent
[2026-09-02T18:51:31.070+00:00][A] [INFO] Waiting ACK...
[2026-09-02T18:51:31.070+00:00][A] [INFO] [WAITING ACK]
[2026-09-02T18:51:31.084+00:00][A] [INFO] [RF TX] type=2 source=0x01 destination=0xFF previousHop=0x01 sequence=210 ackSequence=0 ttl=8 hops=0 payloadSize=13 rssi=0 snr=0.00
[2026-09-02T18:51:31.085+00:00][A] [INFO] Heartbeat packet sent
[2026-09-02T18:51:31.199+00:00][B] [INFO] --------------------------------
[2026-09-02T18:51:31.199+00:00][B] [INFO] [HEARTBEAT TX]
[2026-09-02T18:51:31.204+00:00][B] [INFO] Node ID: 2
[2026-09-02T18:51:31.204+00:00][B] [INFO] type: 2
[2026-09-02T18:51:31.204+00:00][B] [INFO] Destination: 0xFF
[2026-09-02T18:51:31.208+00:00][A] [INFO] [RF RX] type=2 source=0x02 destination=0xFF previousHop=0x02 sequence=235 ackSequence=0 ttl=8 hops=0 payloadSize=13 rssi=-61 snr=9.25
[2026-09-02T18:51:31.210+00:00][B] [INFO] Sequence: 235
[2026-09-02T18:51:31.210+00:00][B] [INFO] Packet ID: 105
[2026-09-02T18:51:31.215+00:00][B] [INFO] Packet Size: 26
[2026-09-02T18:51:31.215+00:00][B] [INFO] Timestamp: 105 ms
[2026-09-02T18:51:31.221+00:00][B] [INFO] Transmission Result: success
[2026-09-02T18:51:31.221+00:00][B] [INFO] --------------------------------
[2026-09-02T18:51:31.226+00:00][B] [INFO] [Heartbeat #105]
[2026-09-02T18:51:31.226+00:00][B] [INFO] Sent
[2026-09-02T18:51:31.227+00:00][B] [INFO] Waiting ACK...
[2026-09-02T18:51:31.227+00:00][B] [INFO] [WAITING ACK]
[2026-09-02T18:51:31.241+00:00][B] [INFO] [RF TX] type=2 source=0x02 destination=0xFF previousHop=0x02 sequence=235 ackSequence=0 ttl=8 hops=0 payloadSize=13 rssi=0 snr=0.00
[2026-09-02T18:51:31.241+00:00][B] [INFO] Heartbeat packet sent
[2026-09-02T18:51:31.959+00:00][A] [INFO] --------------------------------
[2026-09-02T18:51:31.959+00:00][A] [INFO] [HEARTBEAT TX]
[2026-09-02T18:51:31.964+00:00][A] [INFO] Node ID: 1
[2026-09-02T18:51:31.964+00:00][A] [INFO] type: 2
[2026-09-02T18:51:31.964+00:00][A] [INFO] Destination: 0xFF
[2026-09-02T18:51:31.967+00:00][B] [INFO] [RF RX] type=2 source=0x01 destination=0xFF previousHop=0x01 sequence=211 ackSequence=0 ttl=8 hops=0 payloadSize=13 rssi=-61 snr=9.75
[2026-09-02T18:51:31.969+00:00][A] [INFO] Sequence: 211
[2026-09-02T18:51:31.970+00:00][A] [INFO] Packet ID: 110
[2026-09-02T18:51:31.975+00:00][A] [INFO] Packet Size: 26
[2026-09-02T18:51:31.975+00:00][A] [INFO] Timestamp: 110 ms
[2026-09-02T18:51:31.980+00:00][A] [INFO] Transmission Result: success
[2026-09-02T18:51:31.981+00:00][A] [INFO] --------------------------------
[2026-09-02T18:51:31.986+00:00][A] [INFO] [Heartbeat #110]
[2026-09-02T18:51:31.986+00:00][A] [INFO] Sent
[2026-09-02T18:51:31.986+00:00][A] [INFO] Waiting ACK...
[2026-09-02T18:51:31.987+00:00][A] [INFO] [WAITING ACK]
[2026-09-02T18:51:32.000+00:00][A] [INFO] [RF TX] type=2 source=0x01 destination=0xFF previousHop=0x01 sequence=211 ackSequence=0 ttl=8 hops=0 payloadSize=13 rssi=0 snr=0.00
[2026-09-02T18:51:32.001+00:00][A] [INFO] Heartbeat packet sent
[2026-09-02T18:51:32.216+00:00][B] [WARN] Retry 1
[2026-09-02T18:51:32.283+00:00][B] [INFO] --------------------------------
[2026-09-02T18:51:32.283+00:00][B] [INFO] [HEARTBEAT TX]
[2026-09-02T18:51:32.288+00:00][B] [INFO] Node ID: 2
[2026-09-02T18:51:32.288+00:00][B] [INFO] type: 2
[2026-09-02T18:51:32.288+00:00][B] [INFO] Destination: 0xFF
[2026-09-02T18:51:32.292+00:00][A] [INFO] [RF RX] type=2 source=0x02 destination=0xFF previousHop=0x02 sequence=235 ackSequence=0 ttl=8 hops=0 payloadSize=13 rssi=-61 snr=9.25
[2026-09-02T18:51:32.294+00:00][B] [INFO] Sequence: 235
[2026-09-02T18:51:32.294+00:00][B] [INFO] Packet ID: 105
[2026-09-02T18:51:32.299+00:00][B] [INFO] Packet Size: 26
[2026-09-02T18:51:32.300+00:00][B] [INFO] Timestamp: 105 ms
[2026-09-02T18:51:32.305+00:00][B] [INFO] Transmission Result: success
[2026-09-02T18:51:32.305+00:00][B] [INFO] --------------------------------
[2026-09-02T18:51:32.310+00:00][B] [INFO] [Heartbeat #105]
[2026-09-02T18:51:32.311+00:00][B] [INFO] Sent
[2026-09-02T18:51:32.311+00:00][B] [INFO] Waiting ACK...
[2026-09-02T18:51:32.311+00:00][B] [INFO] [WAITING ACK]
[2026-09-02T18:51:32.325+00:00][B] [INFO] [RF TX] type=2 source=0x02 destination=0xFF previousHop=0x02 sequence=235 ackSequence=0 ttl=8 hops=0 payloadSize=13 rssi=0 snr=0.00
[2026-09-02T18:51:32.326+00:00][B] [INFO] Heartbeat packet sent
[2026-09-02T18:51:32.975+00:00][A] [WARN] Retry 1
[2026-09-02T18:51:33.043+00:00][A] [INFO] --------------------------------
[2026-09-02T18:51:33.043+00:00][A] [INFO] [HEARTBEAT TX]
[2026-09-02T18:51:33.048+00:00][A] [INFO] Node ID: 1
[2026-09-02T18:51:33.048+00:00][A] [INFO] type: 2
[2026-09-02T18:51:33.048+00:00][A] [INFO] Destination: 0xFF
[2026-09-02T18:51:33.051+00:00][B] [INFO] [RF RX] type=2 source=0x01 destination=0xFF previousHop=0x01 sequence=211 ackSequence=0 ttl=8 hops=0 payloadSize=13 rssi=-62 snr=9.50
[2026-09-02T18:51:33.053+00:00][A] [INFO] Sequence: 211
[2026-09-02T18:51:33.054+00:00][A] [INFO] Packet ID: 110
[2026-09-02T18:51:33.059+00:00][A] [INFO] Packet Size: 26
[2026-09-02T18:51:33.059+00:00][A] [INFO] Timestamp: 110 ms
[2026-09-02T18:51:33.064+00:00][A] [INFO] Transmission Result: success
[2026-09-02T18:51:33.065+00:00][A] [INFO] --------------------------------
[2026-09-02T18:51:33.070+00:00][A] [INFO] [Heartbeat #110]
[2026-09-02T18:51:33.070+00:00][A] [INFO] Sent
[2026-09-02T18:51:33.070+00:00][A] [INFO] Waiting ACK...
[2026-09-02T18:51:33.070+00:00][A] [INFO] [WAITING ACK]
[2026-09-02T18:51:33.084+00:00][A] [INFO] [RF TX] type=2 source=0x01 destination=0xFF previousHop=0x01 sequence=211 ackSequence=0 ttl=8 hops=0 payloadSize=13 rssi=0 snr=0.00
[2026-09-02T18:51:33.085+00:00][A] [INFO] Heartbeat packet sent
[2026-09-02T18:51:33.199+00:00][B] [INFO] --------------------------------
[2026-09-02T18:51:33.199+00:00][B] [INFO] [HEARTBEAT TX]
[2026-09-02T18:51:33.204+00:00][B] [INFO] Node ID: 2
[2026-09-02T18:51:33.205+00:00][B] [INFO] type: 2
[2026-09-02T18:51:33.205+00:00][B] [INFO] Destination: 0xFF
[2026-09-02T18:51:33.208+00:00][A] [INFO] [RF RX] type=2 source=0x02 destination=0xFF previousHop=0x02 sequence=236 ackSequence=0 ttl=8 hops=0 payloadSize=13 rssi=-60 snr=9.25
[2026-09-02T18:51:33.210+00:00][B] [INFO] Sequence: 236
[2026-09-02T18:51:33.210+00:00][B] [INFO] Packet ID: 106
[2026-09-02T18:51:33.215+00:00][B] [INFO] Packet Size: 26
[2026-09-02T18:51:33.216+00:00][B] [INFO] Timestamp: 106 ms
[2026-09-02T18:51:33.221+00:00][B] [INFO] Transmission Result: success
[2026-09-02T18:51:33.223+00:00][B] [INFO] --------------------------------
[2026-09-02T18:51:33.226+00:00][B] [INFO] [Heartbeat #106]
[2026-09-02T18:51:33.227+00:00][B] [INFO] Sent
[2026-09-02T18:51:33.227+00:00][B] [INFO] Waiting ACK...
[2026-09-02T18:51:33.227+00:00][B] [INFO] [WAITING ACK]
[2026-09-02T18:51:33.241+00:00][B] [INFO] [RF TX] type=2 source=0x02 destination=0xFF previousHop=0x02 sequence=236 ackSequence=0 ttl=8 hops=0 payloadSize=13 rssi=0 snr=0.00
[2026-09-02T18:51:33.241+00:00][B] [INFO] Heartbeat packet sent
[2026-09-02T18:51:33.959+00:00][A] [INFO] --------------------------------
[2026-09-02T18:51:33.959+00:00][A] [INFO] [HEARTBEAT TX]
[2026-09-02T18:51:33.964+00:00][A] [INFO] Node ID: 1
[2026-09-02T18:51:33.964+00:00][A] [INFO] type: 2
[2026-09-02T18:51:33.964+00:00][A] [INFO] Destination: 0xFF
[2026-09-02T18:51:33.967+00:00][B] [INFO] [RF RX] type=2 source=0x01 destination=0xFF previousHop=0x01 sequence=212 ackSequence=0 ttl=8 hops=0 payloadSize=13 rssi=-61 snr=9.25
[2026-09-02T18:51:33.969+00:00][A] [INFO] Sequence: 212
[2026-09-02T18:51:33.969+00:00][A] [INFO] Packet ID: 111
[2026-09-02T18:51:33.975+00:00][A] [INFO] Packet Size: 26
[2026-09-02T18:51:33.975+00:00][A] [INFO] Timestamp: 111 ms
[2026-09-02T18:51:33.980+00:00][A] [INFO] Transmission Result: success
[2026-09-02T18:51:33.981+00:00][A] [INFO] --------------------------------
[2026-09-02T18:51:33.986+00:00][A] [INFO] [Heartbeat #111]
[2026-09-02T18:51:33.986+00:00][A] [INFO] Sent
[2026-09-02T18:51:33.986+00:00][A] [INFO] Waiting ACK...
[2026-09-02T18:51:33.986+00:00][A] [INFO] [WAITING ACK]
[2026-09-02T18:51:34.000+00:00][A] [INFO] [RF TX] type=2 source=0x01 destination=0xFF previousHop=0x01 sequence=212 ackSequence=0 ttl=8 hops=0 payloadSize=13 rssi=0 snr=0.00
[2026-09-02T18:51:34.001+00:00][A] [INFO] Heartbeat packet sent
[2026-09-02T18:51:34.216+00:00][B] [WARN] Retry 1
[2026-09-02T18:51:34.283+00:00][B] [INFO] --------------------------------
[2026-09-02T18:51:34.283+00:00][B] [INFO] [HEARTBEAT TX]
[2026-09-02T18:51:34.288+00:00][B] [INFO] Node ID: 2
[2026-09-02T18:51:34.288+00:00][B] [INFO] type: 2
[2026-09-02T18:51:34.288+00:00][B] [INFO] Destination: 0xFF
[2026-09-02T18:51:34.292+00:00][A] [INFO] [RF RX] type=2 source=0x02 destination=0xFF previousHop=0x02 sequence=236 ackSequence=0 ttl=8 hops=0 payloadSize=13 rssi=-59 snr=9.75
[2026-09-02T18:51:34.294+00:00][B] [INFO] Sequence: 236
[2026-09-02T18:51:34.294+00:00][B] [INFO] Packet ID: 106
[2026-09-02T18:51:34.299+00:00][B] [INFO] Packet Size: 26
[2026-09-02T18:51:34.299+00:00][B] [INFO] Timestamp: 106 ms
[2026-09-02T18:51:34.304+00:00][B] [INFO] Transmission Result: success
[2026-09-02T18:51:34.305+00:00][B] [INFO] --------------------------------
[2026-09-02T18:51:34.310+00:00][B] [INFO] [Heartbeat #106]
[2026-09-02T18:51:34.310+00:00][B] [INFO] Sent
[2026-09-02T18:51:34.311+00:00][B] [INFO] Waiting ACK...
[2026-09-02T18:51:34.311+00:00][B] [INFO] [WAITING ACK]
[2026-09-02T18:51:34.325+00:00][B] [INFO] [RF TX] type=2 source=0x02 destination=0xFF previousHop=0x02 sequence=236 ackSequence=0 ttl=8 hops=0 payloadSize=13 rssi=0 snr=0.00
[2026-09-02T18:51:34.325+00:00][B] [INFO] Heartbeat packet sent
[2026-09-02T18:51:34.976+00:00][A] [WARN] Retry 1
[2026-09-02T18:51:35.043+00:00][A] [INFO] --------------------------------
[2026-09-02T18:51:35.043+00:00][A] [INFO] [HEARTBEAT TX]
[2026-09-02T18:51:35.048+00:00][A] [INFO] Node ID: 1
[2026-09-02T18:51:35.048+00:00][A] [INFO] type: 2
[2026-09-02T18:51:35.049+00:00][A] [INFO] Destination: 0xFF
[2026-09-02T18:51:35.051+00:00][B] [INFO] [RF RX] type=2 source=0x01 destination=0xFF previousHop=0x01 sequence=212 ackSequence=0 ttl=8 hops=0 payloadSize=13 rssi=-61 snr=9.50
[2026-09-02T18:51:35.053+00:00][A] [INFO] Sequence: 212
[2026-09-02T18:51:35.054+00:00][A] [INFO] Packet ID: 111
[2026-09-02T18:51:35.059+00:00][A] [INFO] Packet Size: 26
[2026-09-02T18:51:35.059+00:00][A] [INFO] Timestamp: 111 ms
[2026-09-02T18:51:35.064+00:00][A] [INFO] Transmission Result: success
[2026-09-02T18:51:35.065+00:00][A] [INFO] --------------------------------
[2026-09-02T18:51:35.070+00:00][A] [INFO] [Heartbeat #111]
[2026-09-02T18:51:35.070+00:00][A] [INFO] Sent
[2026-09-02T18:51:35.070+00:00][A] [INFO] Waiting ACK...
[2026-09-02T18:51:35.071+00:00][A] [INFO] [WAITING ACK]
[2026-09-02T18:51:35.084+00:00][A] [INFO] [RF TX] type=2 source=0x01 destination=0xFF previousHop=0x01 sequence=212 ackSequence=0 ttl=8 hops=0 payloadSize=13 rssi=0 snr=0.00
[2026-09-02T18:51:35.085+00:00][A] [INFO] Heartbeat packet sent
[2026-09-02T18:51:35.199+00:00][B] [INFO] --------------------------------
[2026-09-02T18:51:35.200+00:00][B] [INFO] [HEARTBEAT TX]
[2026-09-02T18:51:35.204+00:00][B] [INFO] Node ID: 2
[2026-09-02T18:51:35.205+00:00][B] [INFO] type: 2
[2026-09-02T18:51:35.205+00:00][B] [INFO] Destination: 0xFF
[2026-09-02T18:51:35.208+00:00][A] [INFO] [RF RX] type=2 source=0x02 destination=0xFF previousHop=0x02 sequence=237 ackSequence=0 ttl=8 hops=0 payloadSize=13 rssi=-59 snr=9.75
[2026-09-02T18:51:35.210+00:00][B] [INFO] Sequence: 237
[2026-09-02T18:51:35.210+00:00][B] [INFO] Packet ID: 107
[2026-09-02T18:51:35.215+00:00][B] [INFO] Packet Size: 26
[2026-09-02T18:51:35.216+00:00][B] [INFO] Timestamp: 107 ms
[2026-09-02T18:51:35.221+00:00][B] [INFO] Transmission Result: success
[2026-09-02T18:51:35.221+00:00][B] [INFO] --------------------------------
[2026-09-02T18:51:35.226+00:00][B] [INFO] [Heartbeat #107]
[2026-09-02T18:51:35.227+00:00][B] [INFO] Sent
[2026-09-02T18:51:35.227+00:00][B] [INFO] Waiting ACK...
[2026-09-02T18:51:35.227+00:00][B] [INFO] [WAITING ACK]
[2026-09-02T18:51:35.241+00:00][B] [INFO] [RF TX] type=2 source=0x02 destination=0xFF previousHop=0x02 sequence=237 ackSequence=0 ttl=8 hops=0 payloadSize=13 rssi=0 snr=0.00
[2026-09-02T18:51:35.241+00:00][B] [INFO] Heartbeat packet sent
[2026-09-02T18:51:35.958+00:00][A] [INFO] --------------------------------
[2026-09-02T18:51:35.959+00:00][A] [INFO] [HEARTBEAT TX]
[2026-09-02T18:51:35.964+00:00][A] [INFO] Node ID: 1
[2026-09-02T18:51:35.964+00:00][A] [INFO] type: 2
[2026-09-02T18:51:35.964+00:00][A] [INFO] Destination: 0xFF
[2026-09-02T18:51:35.967+00:00][B] [INFO] [RF RX] type=2 source=0x01 destination=0xFF previousHop=0x01 sequence=213 ackSequence=0 ttl=8 hops=0 payloadSize=13 rssi=-61 snr=9.75
[2026-09-02T18:51:35.969+00:00][A] [INFO] Sequence: 213
[2026-09-02T18:51:35.970+00:00][A] [INFO] Packet ID: 112
[2026-09-02T18:51:35.975+00:00][A] [INFO] Packet Size: 26
[2026-09-02T18:51:35.975+00:00][A] [INFO] Timestamp: 112 ms
[2026-09-02T18:51:35.980+00:00][A] [INFO] Transmission Result: success
[2026-09-02T18:51:35.981+00:00][A] [INFO] --------------------------------
[2026-09-02T18:51:35.986+00:00][A] [INFO] [Heartbeat #112]
[2026-09-02T18:51:35.986+00:00][A] [INFO] Sent
[2026-09-02T18:51:35.986+00:00][A] [INFO] Waiting ACK...
[2026-09-02T18:51:35.987+00:00][A] [INFO] [WAITING ACK]
[2026-09-02T18:51:36.000+00:00][A] [INFO] [RF TX] type=2 source=0x01 destination=0xFF previousHop=0x01 sequence=213 ackSequence=0 ttl=8 hops=0 payloadSize=13 rssi=0 snr=0.00
[2026-09-02T18:51:36.001+00:00][A] [INFO] Heartbeat packet sent
[2026-09-02T18:51:36.216+00:00][B] [WARN] Retry 1
[2026-09-02T18:51:36.283+00:00][B] [INFO] --------------------------------
[2026-09-02T18:51:36.283+00:00][B] [INFO] [HEARTBEAT TX]
[2026-09-02T18:51:36.288+00:00][B] [INFO] Node ID: 2
[2026-09-02T18:51:36.288+00:00][B] [INFO] type: 2
[2026-09-02T18:51:36.289+00:00][B] [INFO] Destination: 0xFF
[2026-09-02T18:51:36.291+00:00][A] [INFO] [RF RX] type=2 source=0x02 destination=0xFF previousHop=0x02 sequence=237 ackSequence=0 ttl=8 hops=0 payloadSize=13 rssi=-59 snr=9.50
[2026-09-02T18:51:36.293+00:00][B] [INFO] Sequence: 237
[2026-09-02T18:51:36.294+00:00][B] [INFO] Packet ID: 107
[2026-09-02T18:51:36.299+00:00][B] [INFO] Packet Size: 26
[2026-09-02T18:51:36.299+00:00][B] [INFO] Timestamp: 107 ms
[2026-09-02T18:51:36.304+00:00][B] [INFO] Transmission Result: success
[2026-09-02T18:51:36.305+00:00][B] [INFO] --------------------------------
[2026-09-02T18:51:36.310+00:00][B] [INFO] [Heartbeat #107]
[2026-09-02T18:51:36.310+00:00][B] [INFO] Sent
[2026-09-02T18:51:36.310+00:00][B] [INFO] Waiting ACK...
[2026-09-02T18:51:36.311+00:00][B] [INFO] [WAITING ACK]
[2026-09-02T18:51:36.325+00:00][B] [INFO] [RF TX] type=2 source=0x02 destination=0xFF previousHop=0x02 sequence=237 ackSequence=0 ttl=8 hops=0 payloadSize=13 rssi=0 snr=0.00
[2026-09-02T18:51:36.325+00:00][B] [INFO] Heartbeat packet sent
[2026-09-02T18:51:36.975+00:00][A] [WARN] Retry 1
[2026-09-02T18:51:37.042+00:00][A] [INFO] --------------------------------
[2026-09-02T18:51:37.043+00:00][A] [INFO] [HEARTBEAT TX]
[2026-09-02T18:51:37.048+00:00][A] [INFO] Node ID: 1
[2026-09-02T18:51:37.048+00:00][A] [INFO] type: 2
[2026-09-02T18:51:37.048+00:00][A] [INFO] Destination: 0xFF
[2026-09-02T18:51:37.051+00:00][B] [INFO] [RF RX] type=2 source=0x01 destination=0xFF previousHop=0x01 sequence=213 ackSequence=0 ttl=8 hops=0 payloadSize=13 rssi=-60 snr=9.50
[2026-09-02T18:51:37.053+00:00][A] [INFO] Sequence: 213
[2026-09-02T18:51:37.054+00:00][A] [INFO] Packet ID: 112
[2026-09-02T18:51:37.059+00:00][A] [INFO] Packet Size: 26
[2026-09-02T18:51:37.059+00:00][A] [INFO] Timestamp: 112 ms
[2026-09-02T18:51:37.064+00:00][A] [INFO] Transmission Result: success
[2026-09-02T18:51:37.065+00:00][A] [INFO] --------------------------------
[2026-09-02T18:51:37.070+00:00][A] [INFO] [Heartbeat #112]
[2026-09-02T18:51:37.070+00:00][A] [INFO] Sent
[2026-09-02T18:51:37.070+00:00][A] [INFO] Waiting ACK...
[2026-09-02T18:51:37.071+00:00][A] [INFO] [WAITING ACK]
[2026-09-02T18:51:37.084+00:00][A] [INFO] [RF TX] type=2 source=0x01 destination=0xFF previousHop=0x01 sequence=213 ackSequence=0 ttl=8 hops=0 payloadSize=13 rssi=0 snr=0.00
[2026-09-02T18:51:37.085+00:00][A] [INFO] Heartbeat packet sent
[2026-09-02T18:51:37.199+00:00][B] [INFO] --------------------------------
[2026-09-02T18:51:37.199+00:00][B] [INFO] [HEARTBEAT TX]
[2026-09-02T18:51:37.204+00:00][B] [INFO] Node ID: 2
[2026-09-02T18:51:37.204+00:00][B] [INFO] type: 2
[2026-09-02T18:51:37.205+00:00][B] [INFO] Destination: 0xFF
[2026-09-02T18:51:37.208+00:00][A] [INFO] [RF RX] type=2 source=0x02 destination=0xFF previousHop=0x02 sequence=238 ackSequence=0 ttl=8 hops=0 payloadSize=13 rssi=-60 snr=9.25
[2026-09-02T18:51:37.210+00:00][B] [INFO] Sequence: 238
[2026-09-02T18:51:37.210+00:00][B] [INFO] Packet ID: 108
[2026-09-02T18:51:37.215+00:00][B] [INFO] Packet Size: 26
[2026-09-02T18:51:37.215+00:00][B] [INFO] Timestamp: 108 ms
[2026-09-02T18:51:37.221+00:00][B] [INFO] Transmission Result: success
[2026-09-02T18:51:37.221+00:00][B] [INFO] --------------------------------
[2026-09-02T18:51:37.226+00:00][B] [INFO] [Heartbeat #108]
[2026-09-02T18:51:37.226+00:00][B] [INFO] Sent
[2026-09-02T18:51:37.227+00:00][B] [INFO] Waiting ACK...
[2026-09-02T18:51:37.227+00:00][B] [INFO] [WAITING ACK]
[2026-09-02T18:51:37.241+00:00][B] [INFO] [RF TX] type=2 source=0x02 destination=0xFF previousHop=0x02 sequence=238 ackSequence=0 ttl=8 hops=0 payloadSize=13 rssi=0 snr=0.00
[2026-09-02T18:51:37.241+00:00][B] [INFO] Heartbeat packet sent
[2026-09-02T18:51:37.959+00:00][A] [INFO] --------------------------------
[2026-09-02T18:51:37.959+00:00][A] [INFO] [HEARTBEAT TX]
[2026-09-02T18:51:37.964+00:00][A] [INFO] Node ID: 1
[2026-09-02T18:51:37.964+00:00][A] [INFO] type: 2
[2026-09-02T18:51:37.964+00:00][A] [INFO] Destination: 0xFF
[2026-09-02T18:51:37.967+00:00][B] [INFO] [RF RX] type=2 source=0x01 destination=0xFF previousHop=0x01 sequence=214 ackSequence=0 ttl=8 hops=0 payloadSize=13 rssi=-61 snr=9.50
[2026-09-02T18:51:37.969+00:00][A] [INFO] Sequence: 214
[2026-09-02T18:51:37.970+00:00][A] [INFO] Packet ID: 113
[2026-09-02T18:51:37.975+00:00][A] [INFO] Packet Size: 26
[2026-09-02T18:51:37.975+00:00][A] [INFO] Timestamp: 113 ms
[2026-09-02T18:51:37.980+00:00][A] [INFO] Transmission Result: success
[2026-09-02T18:51:37.981+00:00][A] [INFO] --------------------------------
[2026-09-02T18:51:37.986+00:00][A] [INFO] [Heartbeat #113]
[2026-09-02T18:51:37.986+00:00][A] [INFO] Sent
[2026-09-02T18:51:37.986+00:00][A] [INFO] Waiting ACK...
[2026-09-02T18:51:37.987+00:00][A] [INFO] [WAITING ACK]
[2026-09-02T18:51:38.000+00:00][A] [INFO] [RF TX] type=2 source=0x01 destination=0xFF previousHop=0x01 sequence=214 ackSequence=0 ttl=8 hops=0 payloadSize=13 rssi=0 snr=0.00
[2026-09-02T18:51:38.001+00:00][A] [INFO] Heartbeat packet sent
[2026-09-02T18:51:38.216+00:00][B] [WARN] Retry 1
[2026-09-02T18:51:38.283+00:00][B] [INFO] --------------------------------
[2026-09-02T18:51:38.283+00:00][B] [INFO] [HEARTBEAT TX]
[2026-09-02T18:51:38.288+00:00][B] [INFO] Node ID: 2
[2026-09-02T18:51:38.288+00:00][B] [INFO] type: 2
[2026-09-02T18:51:38.289+00:00][B] [INFO] Destination: 0xFF
[2026-09-02T18:51:38.291+00:00][A] [INFO] [RF RX] type=2 source=0x02 destination=0xFF previousHop=0x02 sequence=238 ackSequence=0 ttl=8 hops=0 payloadSize=13 rssi=-61 snr=9.50
[2026-09-02T18:51:38.294+00:00][B] [INFO] Sequence: 238
[2026-09-02T18:51:38.294+00:00][B] [INFO] Packet ID: 108
[2026-09-02T18:51:38.299+00:00][B] [INFO] Packet Size: 26
[2026-09-02T18:51:38.299+00:00][B] [INFO] Timestamp: 108 ms
[2026-09-02T18:51:38.304+00:00][B] [INFO] Transmission Result: success
[2026-09-02T18:51:38.305+00:00][B] [INFO] --------------------------------
[2026-09-02T18:51:38.310+00:00][B] [INFO] [Heartbeat #108]
[2026-09-02T18:51:38.310+00:00][B] [INFO] Sent
[2026-09-02T18:51:38.311+00:00][B] [INFO] Waiting ACK...
[2026-09-02T18:51:38.311+00:00][B] [INFO] [WAITING ACK]
[2026-09-02T18:51:38.325+00:00][B] [INFO] [RF TX] type=2 source=0x02 destination=0xFF previousHop=0x02 sequence=238 ackSequence=0 ttl=8 hops=0 payloadSize=13 rssi=0 snr=0.00
[2026-09-02T18:51:38.325+00:00][B] [INFO] Heartbeat packet sent
[2026-09-02T18:51:38.975+00:00][A] [WARN] Retry 1
[2026-09-02T18:51:39.042+00:00][A] [INFO] --------------------------------
[2026-09-02T18:51:39.043+00:00][A] [INFO] [HEARTBEAT TX]
[2026-09-02T18:51:39.048+00:00][A] [INFO] Node ID: 1
[2026-09-02T18:51:39.048+00:00][A] [INFO] type: 2
[2026-09-02T18:51:39.048+00:00][A] [INFO] Destination: 0xFF
[2026-09-02T18:51:39.051+00:00][B] [INFO] [RF RX] type=2 source=0x01 destination=0xFF previousHop=0x01 sequence=214 ackSequence=0 ttl=8 hops=0 payloadSize=13 rssi=-61 snr=9.75
[2026-09-02T18:51:39.053+00:00][A] [INFO] Sequence: 214
[2026-09-02T18:51:39.054+00:00][A] [INFO] Packet ID: 113
[2026-09-02T18:51:39.058+00:00][A] [INFO] Packet Size: 26
[2026-09-02T18:51:39.059+00:00][A] [INFO] Timestamp: 113 ms
[2026-09-02T18:51:39.064+00:00][A] [INFO] Transmission Result: success
[2026-09-02T18:51:39.065+00:00][A] [INFO] --------------------------------
[2026-09-02T18:51:39.070+00:00][A] [INFO] [Heartbeat #113]
[2026-09-02T18:51:39.070+00:00][A] [INFO] Sent
[2026-09-02T18:51:39.070+00:00][A] [INFO] Waiting ACK...
[2026-09-02T18:51:39.070+00:00][A] [INFO] [WAITING ACK]
[2026-09-02T18:51:39.084+00:00][A] [INFO] [RF TX] type=2 source=0x01 destination=0xFF previousHop=0x01 sequence=214 ackSequence=0 ttl=8 hops=0 payloadSize=13 rssi=0 snr=0.00
[2026-09-02T18:51:39.085+00:00][A] [INFO] Heartbeat packet sent
[2026-09-02T18:51:39.199+00:00][B] [INFO] --------------------------------
[2026-09-02T18:51:39.199+00:00][B] [INFO] [HEARTBEAT TX]
[2026-09-02T18:51:39.204+00:00][B] [INFO] Node ID: 2
[2026-09-02T18:51:39.204+00:00][B] [INFO] type: 2
[2026-09-02T18:51:39.205+00:00][B] [INFO] Destination: 0xFF
[2026-09-02T18:51:39.207+00:00][A] [INFO] [RF RX] type=2 source=0x02 destination=0xFF previousHop=0x02 sequence=239 ackSequence=0 ttl=8 hops=0 payloadSize=13 rssi=-60 snr=9.50
[2026-09-02T18:51:39.209+00:00][B] [INFO] Sequence: 239
[2026-09-02T18:51:39.210+00:00][B] [INFO] Packet ID: 109
[2026-09-02T18:51:39.215+00:00][B] [INFO] Packet Size: 26
[2026-09-02T18:51:39.215+00:00][B] [INFO] Timestamp: 109 ms
[2026-09-02T18:51:39.220+00:00][B] [INFO] Transmission Result: success
[2026-09-02T18:51:39.221+00:00][B] [INFO] --------------------------------
[2026-09-02T18:51:39.226+00:00][B] [INFO] [Heartbeat #109]
[2026-09-02T18:51:39.226+00:00][B] [INFO] Sent
[2026-09-02T18:51:39.227+00:00][B] [INFO] Waiting ACK...
[2026-09-02T18:51:39.227+00:00][B] [INFO] [WAITING ACK]
[2026-09-02T18:51:39.241+00:00][B] [INFO] [RF TX] type=2 source=0x02 destination=0xFF previousHop=0x02 sequence=239 ackSequence=0 ttl=8 hops=0 payloadSize=13 rssi=0 snr=0.00
[2026-09-02T18:51:39.241+00:00][B] [INFO] Heartbeat packet sent
[2026-09-02T18:51:39.958+00:00][A] [INFO] --------------------------------
[2026-09-02T18:51:39.959+00:00][A] [INFO] [HEARTBEAT TX]
[2026-09-02T18:51:39.963+00:00][A] [INFO] Node ID: 1
[2026-09-02T18:51:39.964+00:00][A] [INFO] type: 2
[2026-09-02T18:51:39.964+00:00][A] [INFO] Destination: 0xFF
[2026-09-02T18:51:39.967+00:00][B] [INFO] [RF RX] type=2 source=0x01 destination=0xFF previousHop=0x01 sequence=215 ackSequence=0 ttl=8 hops=0 payloadSize=13 rssi=-61 snr=9.75
[2026-09-02T18:51:39.969+00:00][A] [INFO] Sequence: 215
[2026-09-02T18:51:39.969+00:00][A] [INFO] Packet ID: 114
[2026-09-02T18:51:39.974+00:00][A] [INFO] Packet Size: 26
[2026-09-02T18:51:39.975+00:00][A] [INFO] Timestamp: 114 ms
[2026-09-02T18:51:39.980+00:00][A] [INFO] Transmission Result: success
[2026-09-02T18:51:39.980+00:00][A] [INFO] --------------------------------
[2026-09-02T18:51:39.986+00:00][A] [INFO] [Heartbeat #114]
[2026-09-02T18:51:39.986+00:00][A] [INFO] Sent
[2026-09-02T18:51:39.986+00:00][A] [INFO] Waiting ACK...
[2026-09-02T18:51:39.986+00:00][A] [INFO] [WAITING ACK]
[2026-09-02T18:51:40.000+00:00][A] [INFO] [RF TX] type=2 source=0x01 destination=0xFF previousHop=0x01 sequence=215 ackSequence=0 ttl=8 hops=0 payloadSize=13 rssi=0 snr=0.00
[2026-09-02T18:51:40.001+00:00][A] [INFO] Heartbeat packet sent
[2026-09-02T18:51:40.216+00:00][B] [WARN] Retry 1
[2026-09-02T18:51:40.283+00:00][B] [INFO] --------------------------------
[2026-09-02T18:51:40.283+00:00][B] [INFO] [HEARTBEAT TX]
[2026-09-02T18:51:40.288+00:00][B] [INFO] Node ID: 2
[2026-09-02T18:51:40.288+00:00][B] [INFO] type: 2
[2026-09-02T18:51:40.289+00:00][B] [INFO] Destination: 0xFF
[2026-09-02T18:51:40.291+00:00][A] [INFO] [RF RX] type=2 source=0x02 destination=0xFF previousHop=0x02 sequence=239 ackSequence=0 ttl=8 hops=0 payloadSize=13 rssi=-59 snr=9.50
[2026-09-02T18:51:40.294+00:00][B] [INFO] Sequence: 239
[2026-09-02T18:51:40.294+00:00][B] [INFO] Packet ID: 109
[2026-09-02T18:51:40.299+00:00][B] [INFO] Packet Size: 26
[2026-09-02T18:51:40.299+00:00][B] [INFO] Timestamp: 109 ms
[2026-09-02T18:51:40.304+00:00][B] [INFO] Transmission Result: success
[2026-09-02T18:51:40.305+00:00][B] [INFO] --------------------------------
[2026-09-02T18:51:40.311+00:00][B] [INFO] [Heartbeat #109]
[2026-09-02T18:51:40.311+00:00][B] [INFO] Sent
[2026-09-02T18:51:40.311+00:00][B] [INFO] Waiting ACK...
[2026-09-02T18:51:40.312+00:00][B] [INFO] [WAITING ACK]
[2026-09-02T18:51:40.325+00:00][B] [INFO] [RF TX] type=2 source=0x02 destination=0xFF previousHop=0x02 sequence=239 ackSequence=0 ttl=8 hops=0 payloadSize=13 rssi=0 snr=0.00
[2026-09-02T18:51:40.325+00:00][B] [INFO] Heartbeat packet sent
[2026-09-02T18:51:40.975+00:00][A] [WARN] Retry 1
[2026-09-02T18:51:41.042+00:00][A] [INFO] --------------------------------
[2026-09-02T18:51:41.043+00:00][A] [INFO] [HEARTBEAT TX]
[2026-09-02T18:51:41.047+00:00][A] [INFO] Node ID: 1
[2026-09-02T18:51:41.048+00:00][A] [INFO] type: 2
[2026-09-02T18:51:41.048+00:00][A] [INFO] Destination: 0xFF
[2026-09-02T18:51:41.051+00:00][B] [INFO] [RF RX] type=2 source=0x01 destination=0xFF previousHop=0x01 sequence=215 ackSequence=0 ttl=8 hops=0 payloadSize=13 rssi=-61 snr=9.75
[2026-09-02T18:51:41.053+00:00][A] [INFO] Sequence: 215
[2026-09-02T18:51:41.053+00:00][A] [INFO] Packet ID: 114
[2026-09-02T18:51:41.058+00:00][A] [INFO] Packet Size: 26
[2026-09-02T18:51:41.059+00:00][A] [INFO] Timestamp: 114 ms
[2026-09-02T18:51:41.064+00:00][A] [INFO] Transmission Result: success
[2026-09-02T18:51:41.065+00:00][A] [INFO] --------------------------------
[2026-09-02T18:51:41.070+00:00][A] [INFO] [Heartbeat #114]
[2026-09-02T18:51:41.070+00:00][A] [INFO] Sent
[2026-09-02T18:51:41.070+00:00][A] [INFO] Waiting ACK...
[2026-09-02T18:51:41.071+00:00][A] [INFO] [WAITING ACK]
[2026-09-02T18:51:41.084+00:00][A] [INFO] [RF TX] type=2 source=0x01 destination=0xFF previousHop=0x01 sequence=215 ackSequence=0 ttl=8 hops=0 payloadSize=13 rssi=0 snr=0.00
[2026-09-02T18:51:41.085+00:00][A] [INFO] Heartbeat packet sent
[2026-09-02T18:51:41.199+00:00][B] [INFO] --------------------------------
[2026-09-02T18:51:41.199+00:00][B] [INFO] [HEARTBEAT TX]
[2026-09-02T18:51:41.204+00:00][B] [INFO] Node ID: 2
[2026-09-02T18:51:41.204+00:00][B] [INFO] type: 2
[2026-09-02T18:51:41.204+00:00][B] [INFO] Destination: 0xFF
[2026-09-02T18:51:41.207+00:00][A] [INFO] [RF RX] type=2 source=0x02 destination=0xFF previousHop=0x02 sequence=240 ackSequence=0 ttl=8 hops=0 payloadSize=13 rssi=-59 snr=10.00
[2026-09-02T18:51:41.209+00:00][B] [INFO] Sequence: 240
[2026-09-02T18:51:41.210+00:00][B] [INFO] Packet ID: 110
[2026-09-02T18:51:41.215+00:00][B] [INFO] Packet Size: 26
[2026-09-02T18:51:41.215+00:00][B] [INFO] Timestamp: 110 ms
[2026-09-02T18:51:41.220+00:00][B] [INFO] Transmission Result: success
[2026-09-02T18:51:41.221+00:00][B] [INFO] --------------------------------
[2026-09-02T18:51:41.226+00:00][B] [INFO] [Heartbeat #110]
[2026-09-02T18:51:41.226+00:00][B] [INFO] Sent
[2026-09-02T18:51:41.227+00:00][B] [INFO] Waiting ACK...
[2026-09-02T18:51:41.227+00:00][B] [INFO] [WAITING ACK]
[2026-09-02T18:51:41.241+00:00][B] [INFO] [RF TX] type=2 source=0x02 destination=0xFF previousHop=0x02 sequence=240 ackSequence=0 ttl=8 hops=0 payloadSize=13 rssi=0 snr=0.00
[2026-09-02T18:51:41.241+00:00][B] [INFO] Heartbeat packet sent
[2026-09-02T18:51:41.958+00:00][A] [INFO] --------------------------------
[2026-09-02T18:51:41.972+00:00][B] [INFO] [RF RX] type=2 source=0x01 destination=0xFF previousHop=0x01 sequence=216 ackSequence=0 ttl=8 hops=0 payloadSize=13 rssi=-61 snr=9.50
[2026-09-02T18:51:41.959+00:00][A] [INFO] [HEARTBEAT TX]
[2026-09-02T18:51:41.973+00:00][A] [INFO] Node ID: 1
[2026-09-02T18:51:41.973+00:00][A] [INFO] type: 2
[2026-09-02T18:51:41.973+00:00][A] [INFO] Destination: 0xFF
[2026-09-02T18:51:41.973+00:00][A] [INFO] Sequence: 216
[2026-09-02T18:51:41.973+00:00][A] [INFO] Packet ID: 115
[2026-09-02T18:51:41.974+00:00][A] [INFO] Packet Size: 26
[2026-09-02T18:51:41.974+00:00][A] [INFO] Timestamp: 115 ms
[2026-09-02T18:51:41.980+00:00][A] [INFO] Transmission Result: success
[2026-09-02T18:51:41.980+00:00][A] [INFO] --------------------------------
[2026-09-02T18:51:41.986+00:00][A] [INFO] [Heartbeat #115]
[2026-09-02T18:51:41.986+00:00][A] [INFO] Sent
[2026-09-02T18:51:41.986+00:00][A] [INFO] Waiting ACK...
[2026-09-02T18:51:41.986+00:00][A] [INFO] [WAITING ACK]
[2026-09-02T18:51:42.000+00:00][A] [INFO] [RF TX] type=2 source=0x01 destination=0xFF previousHop=0x01 sequence=216 ackSequence=0 ttl=8 hops=0 payloadSize=13 rssi=0 snr=0.00
[2026-09-02T18:51:42.000+00:00][A] [INFO] Heartbeat packet sent
[2026-09-02T18:51:42.216+00:00][B] [WARN] Retry 1
[2026-09-02T18:51:42.282+00:00][B] [INFO] --------------------------------
[2026-09-02T18:51:42.283+00:00][B] [INFO] [HEARTBEAT TX]
[2026-09-02T18:51:42.288+00:00][B] [INFO] Node ID: 2
[2026-09-02T18:51:42.288+00:00][B] [INFO] type: 2
[2026-09-02T18:51:42.288+00:00][B] [INFO] Destination: 0xFF
[2026-09-02T18:51:42.291+00:00][A] [INFO] [RF RX] type=2 source=0x02 destination=0xFF previousHop=0x02 sequence=240 ackSequence=0 ttl=8 hops=0 payloadSize=13 rssi=-59 snr=10.25
[2026-09-02T18:51:42.293+00:00][B] [INFO] Sequence: 240
[2026-09-02T18:51:42.294+00:00][B] [INFO] Packet ID: 110
[2026-09-02T18:51:42.300+00:00][B] [INFO] Packet Size: 26
[2026-09-02T18:51:42.301+00:00][B] [INFO] Timestamp: 110 ms
[2026-09-02T18:51:42.304+00:00][B] [INFO] Transmission Result: success
[2026-09-02T18:51:42.305+00:00][B] [INFO] --------------------------------
[2026-09-02T18:51:42.310+00:00][B] [INFO] [Heartbeat #110]
[2026-09-02T18:51:42.310+00:00][B] [INFO] Sent
[2026-09-02T18:51:42.310+00:00][B] [INFO] Waiting ACK...
[2026-09-02T18:51:42.310+00:00][B] [INFO] [WAITING ACK]
[2026-09-02T18:51:42.325+00:00][B] [INFO] [RF TX] type=2 source=0x02 destination=0xFF previousHop=0x02 sequence=240 ackSequence=0 ttl=8 hops=0 payloadSize=13 rssi=0 snr=0.00
[2026-09-02T18:51:42.325+00:00][B] [INFO] Heartbeat packet sent
[2026-09-02T18:51:42.975+00:00][A] [WARN] Retry 1
[2026-09-02T18:51:43.042+00:00][A] [INFO] --------------------------------
[2026-09-02T18:51:43.043+00:00][A] [INFO] [HEARTBEAT TX]
[2026-09-02T18:51:43.048+00:00][A] [INFO] Node ID: 1
[2026-09-02T18:51:43.048+00:00][A] [INFO] type: 2
[2026-09-02T18:51:43.048+00:00][A] [INFO] Destination: 0xFF
[2026-09-02T18:51:43.051+00:00][B] [INFO] [RF RX] type=2 source=0x01 destination=0xFF previousHop=0x01 sequence=216 ackSequence=0 ttl=8 hops=0 payloadSize=13 rssi=-62 snr=9.50
[2026-09-02T18:51:43.053+00:00][A] [INFO] Sequence: 216
[2026-09-02T18:51:43.054+00:00][A] [INFO] Packet ID: 115
[2026-09-02T18:51:43.058+00:00][A] [INFO] Packet Size: 26
[2026-09-02T18:51:43.059+00:00][A] [INFO] Timestamp: 115 ms
[2026-09-02T18:51:43.064+00:00][A] [INFO] Transmission Result: success
[2026-09-02T18:51:43.065+00:00][A] [INFO] --------------------------------
[2026-09-02T18:51:43.070+00:00][A] [INFO] [Heartbeat #115]
[2026-09-02T18:51:43.070+00:00][A] [INFO] Sent
[2026-09-02T18:51:43.070+00:00][A] [INFO] Waiting ACK...
[2026-09-02T18:51:43.070+00:00][A] [INFO] [WAITING ACK]
[2026-09-02T18:51:43.084+00:00][A] [INFO] [RF TX] type=2 source=0x01 destination=0xFF previousHop=0x01 sequence=216 ackSequence=0 ttl=8 hops=0 payloadSize=13 rssi=0 snr=0.00
[2026-09-02T18:51:43.085+00:00][A] [INFO] Heartbeat packet sent
[2026-09-02T18:51:43.198+00:00][B] [INFO] --------------------------------
[2026-09-02T18:51:43.199+00:00][B] [INFO] [HEARTBEAT TX]
[2026-09-02T18:51:43.204+00:00][B] [INFO] Node ID: 2
[2026-09-02T18:51:43.204+00:00][B] [INFO] type: 2
[2026-09-02T18:51:43.204+00:00][B] [INFO] Destination: 0xFF
[2026-09-02T18:51:43.207+00:00][A] [INFO] [RF RX] type=2 source=0x02 destination=0xFF previousHop=0x02 sequence=241 ackSequence=0 ttl=8 hops=0 payloadSize=13 rssi=-59 snr=10.00
[2026-09-02T18:51:43.209+00:00][B] [INFO] Sequence: 241
[2026-09-02T18:51:43.210+00:00][B] [INFO] Packet ID: 111
[2026-09-02T18:51:43.215+00:00][B] [INFO] Packet Size: 26
[2026-09-02T18:51:43.215+00:00][B] [INFO] Timestamp: 111 ms
[2026-09-02T18:51:43.220+00:00][B] [INFO] Transmission Result: success
[2026-09-02T18:51:43.221+00:00][B] [INFO] --------------------------------
[2026-09-02T18:51:43.226+00:00][B] [INFO] [Heartbeat #111]
[2026-09-02T18:51:43.226+00:00][B] [INFO] Sent
[2026-09-02T18:51:43.226+00:00][B] [INFO] Waiting ACK...
[2026-09-02T18:51:43.227+00:00][B] [INFO] [WAITING ACK]
[2026-09-02T18:51:43.241+00:00][B] [INFO] [RF TX] type=2 source=0x02 destination=0xFF previousHop=0x02 sequence=241 ackSequence=0 ttl=8 hops=0 payloadSize=13 rssi=0 snr=0.00
[2026-09-02T18:51:43.241+00:00][B] [INFO] Heartbeat packet sent
[2026-09-02T18:51:43.958+00:00][A] [INFO] --------------------------------
[2026-09-02T18:51:43.958+00:00][A] [INFO] [HEARTBEAT TX]
[2026-09-02T18:51:43.963+00:00][A] [INFO] Node ID: 1
[2026-09-02T18:51:43.963+00:00][A] [INFO] type: 2
[2026-09-02T18:51:43.964+00:00][A] [INFO] Destination: 0xFF
[2026-09-02T18:51:43.967+00:00][B] [INFO] [RF RX] type=2 source=0x01 destination=0xFF previousHop=0x01 sequence=217 ackSequence=0 ttl=8 hops=0 payloadSize=13 rssi=-61 snr=10.00
[2026-09-02T18:51:43.969+00:00][A] [INFO] Sequence: 217
[2026-09-02T18:51:43.969+00:00][A] [INFO] Packet ID: 116
[2026-09-02T18:51:43.974+00:00][A] [INFO] Packet Size: 26
[2026-09-02T18:51:43.975+00:00][A] [INFO] Timestamp: 116 ms
[2026-09-02T18:51:43.980+00:00][A] [INFO] Transmission Result: success
[2026-09-02T18:51:43.981+00:00][A] [INFO] --------------------------------
[2026-09-02T18:51:43.985+00:00][A] [INFO] [Heartbeat #116]
[2026-09-02T18:51:43.986+00:00][A] [INFO] Sent
[2026-09-02T18:51:43.986+00:00][A] [INFO] Waiting ACK...
[2026-09-02T18:51:43.986+00:00][A] [INFO] [WAITING ACK]
[2026-09-02T18:51:44.000+00:00][A] [INFO] [RF TX] type=2 source=0x01 destination=0xFF previousHop=0x01 sequence=217 ackSequence=0 ttl=8 hops=0 payloadSize=13 rssi=0 snr=0.00
[2026-09-02T18:51:44.000+00:00][A] [INFO] Heartbeat packet sent
[2026-09-02T18:51:44.216+00:00][B] [WARN] Retry 1
[2026-09-02T18:51:44.283+00:00][B] [INFO] --------------------------------
[2026-09-02T18:51:44.283+00:00][B] [INFO] [HEARTBEAT TX]
[2026-09-02T18:51:44.288+00:00][B] [INFO] Node ID: 2
[2026-09-02T18:51:44.288+00:00][B] [INFO] type: 2
[2026-09-02T18:51:44.289+00:00][B] [INFO] Destination: 0xFF
[2026-09-02T18:51:44.291+00:00][A] [INFO] [RF RX] type=2 source=0x02 destination=0xFF previousHop=0x02 sequence=241 ackSequence=0 ttl=8 hops=0 payloadSize=13 rssi=-59 snr=10.50
[2026-09-02T18:51:44.293+00:00][B] [INFO] Sequence: 241
[2026-09-02T18:51:44.294+00:00][B] [INFO] Packet ID: 111
[2026-09-02T18:51:44.299+00:00][B] [INFO] Packet Size: 26
[2026-09-02T18:51:44.299+00:00][B] [INFO] Timestamp: 111 ms
[2026-09-02T18:51:44.304+00:00][B] [INFO] Transmission Result: success
[2026-09-02T18:51:44.305+00:00][B] [INFO] --------------------------------
[2026-09-02T18:51:44.310+00:00][B] [INFO] [Heartbeat #111]
[2026-09-02T18:51:44.311+00:00][B] [INFO] Sent
[2026-09-02T18:51:44.311+00:00][B] [INFO] Waiting ACK...
[2026-09-02T18:51:44.312+00:00][B] [INFO] [WAITING ACK]
[2026-09-02T18:51:44.325+00:00][B] [INFO] [RF TX] type=2 source=0x02 destination=0xFF previousHop=0x02 sequence=241 ackSequence=0 ttl=8 hops=0 payloadSize=13 rssi=0 snr=0.00
[2026-09-02T18:51:44.325+00:00][B] [INFO] Heartbeat packet sent
[2026-09-02T18:51:44.975+00:00][A] [WARN] Retry 1
[2026-09-02T18:51:45.042+00:00][A] [INFO] --------------------------------
[2026-09-02T18:51:45.043+00:00][A] [INFO] [HEARTBEAT TX]
[2026-09-02T18:51:45.048+00:00][A] [INFO] Node ID: 1
[2026-09-02T18:51:45.048+00:00][A] [INFO] type: 2
[2026-09-02T18:51:45.048+00:00][A] [INFO] Destination: 0xFF
[2026-09-02T18:51:45.051+00:00][B] [INFO] [RF RX] type=2 source=0x01 destination=0xFF previousHop=0x01 sequence=217 ackSequence=0 ttl=8 hops=0 payloadSize=13 rssi=-60 snr=10.00
[2026-09-02T18:51:45.053+00:00][A] [INFO] Sequence: 217
[2026-09-02T18:51:45.053+00:00][A] [INFO] Packet ID: 116
[2026-09-02T18:51:45.058+00:00][A] [INFO] Packet Size: 26
[2026-09-02T18:51:45.059+00:00][A] [INFO] Timestamp: 116 ms
[2026-09-02T18:51:45.064+00:00][A] [INFO] Transmission Result: success
[2026-09-02T18:51:45.065+00:00][A] [INFO] --------------------------------
[2026-09-02T18:51:45.070+00:00][A] [INFO] [Heartbeat #116]
[2026-09-02T18:51:45.070+00:00][A] [INFO] Sent
[2026-09-02T18:51:45.070+00:00][A] [INFO] Waiting ACK...
[2026-09-02T18:51:45.070+00:00][A] [INFO] [WAITING ACK]
[2026-09-02T18:51:45.084+00:00][A] [INFO] [RF TX] type=2 source=0x01 destination=0xFF previousHop=0x01 sequence=217 ackSequence=0 ttl=8 hops=0 payloadSize=13 rssi=0 snr=0.00
[2026-09-02T18:51:45.085+00:00][A] [INFO] Heartbeat packet sent
[2026-09-02T18:51:45.199+00:00][B] [INFO] --------------------------------
[2026-09-02T18:51:45.199+00:00][B] [INFO] [HEARTBEAT TX]
[2026-09-02T18:51:45.204+00:00][B] [INFO] Node ID: 2
[2026-09-02T18:51:45.204+00:00][B] [INFO] type: 2
[2026-09-02T18:51:45.204+00:00][B] [INFO] Destination: 0xFF
[2026-09-02T18:51:45.207+00:00][A] [INFO] [RF RX] type=2 source=0x02 destination=0xFF previousHop=0x02 sequence=242 ackSequence=0 ttl=8 hops=0 payloadSize=13 rssi=-59 snr=9.75
[2026-09-02T18:51:45.209+00:00][B] [INFO] Sequence: 242
[2026-09-02T18:51:45.210+00:00][B] [INFO] Packet ID: 112
[2026-09-02T18:51:45.215+00:00][B] [INFO] Packet Size: 26
[2026-09-02T18:51:45.215+00:00][B] [INFO] Timestamp: 112 ms
[2026-09-02T18:51:45.220+00:00][B] [INFO] Transmission Result: success
[2026-09-02T18:51:45.220+00:00][B] [INFO] --------------------------------
[2026-09-02T18:51:45.226+00:00][B] [INFO] [Heartbeat #112]
[2026-09-02T18:51:45.226+00:00][B] [INFO] Sent
[2026-09-02T18:51:45.226+00:00][B] [INFO] Waiting ACK...
[2026-09-02T18:51:45.226+00:00][B] [INFO] [WAITING ACK]
[2026-09-02T18:51:45.240+00:00][B] [INFO] [RF TX] type=2 source=0x02 destination=0xFF previousHop=0x02 sequence=242 ackSequence=0 ttl=8 hops=0 payloadSize=13 rssi=0 snr=0.00
[2026-09-02T18:51:45.241+00:00][B] [INFO] Heartbeat packet sent
[2026-09-02T18:51:45.958+00:00][A] [INFO] --------------------------------
[2026-09-02T18:51:45.959+00:00][A] [INFO] [HEARTBEAT TX]
[2026-09-02T18:51:45.963+00:00][A] [INFO] Node ID: 1
[2026-09-02T18:51:45.964+00:00][A] [INFO] type: 2
[2026-09-02T18:51:45.964+00:00][A] [INFO] Destination: 0xFF
[2026-09-02T18:51:45.967+00:00][B] [INFO] [RF RX] type=2 source=0x01 destination=0xFF previousHop=0x01 sequence=218 ackSequence=0 ttl=8 hops=0 payloadSize=13 rssi=-61 snr=10.00
[2026-09-02T18:51:45.969+00:00][A] [INFO] Sequence: 218
[2026-09-02T18:51:45.969+00:00][A] [INFO] Packet ID: 117
[2026-09-02T18:51:45.974+00:00][A] [INFO] Packet Size: 26
[2026-09-02T18:51:45.975+00:00][A] [INFO] Timestamp: 117 ms
[2026-09-02T18:51:45.980+00:00][A] [INFO] Transmission Result: success
[2026-09-02T18:51:45.980+00:00][A] [INFO] --------------------------------
[2026-09-02T18:51:45.985+00:00][A] [INFO] [Heartbeat #117]
[2026-09-02T18:51:45.986+00:00][A] [INFO] Sent
[2026-09-02T18:51:45.986+00:00][A] [INFO] Waiting ACK...
[2026-09-02T18:51:45.986+00:00][A] [INFO] [WAITING ACK]
[2026-09-02T18:51:46.000+00:00][A] [INFO] [RF TX] type=2 source=0x01 destination=0xFF previousHop=0x01 sequence=218 ackSequence=0 ttl=8 hops=0 payloadSize=13 rssi=0 snr=0.00
[2026-09-02T18:51:46.000+00:00][A] [INFO] Heartbeat packet sent
[2026-09-02T18:51:46.216+00:00][B] [WARN] Retry 1
[2026-09-02T18:51:46.282+00:00][B] [INFO] --------------------------------
[2026-09-02T18:51:46.283+00:00][B] [INFO] [HEARTBEAT TX]
[2026-09-02T18:51:46.288+00:00][B] [INFO] Node ID: 2
[2026-09-02T18:51:46.288+00:00][B] [INFO] type: 2
[2026-09-02T18:51:46.288+00:00][B] [INFO] Destination: 0xFF
[2026-09-02T18:51:46.291+00:00][A] [INFO] [RF RX] type=2 source=0x02 destination=0xFF previousHop=0x02 sequence=242 ackSequence=0 ttl=8 hops=0 payloadSize=13 rssi=-59 snr=9.75
[2026-09-02T18:51:46.293+00:00][B] [INFO] Sequence: 242
[2026-09-02T18:51:46.293+00:00][B] [INFO] Packet ID: 112
[2026-09-02T18:51:46.299+00:00][B] [INFO] Packet Size: 26
[2026-09-02T18:51:46.299+00:00][B] [INFO] Timestamp: 112 ms
[2026-09-02T18:51:46.304+00:00][B] [INFO] Transmission Result: success
[2026-09-02T18:51:46.305+00:00][B] [INFO] --------------------------------
[2026-09-02T18:51:46.310+00:00][B] [INFO] [Heartbeat #112]
[2026-09-02T18:51:46.310+00:00][B] [INFO] Sent
[2026-09-02T18:51:46.310+00:00][B] [INFO] Waiting ACK...
[2026-09-02T18:51:46.310+00:00][B] [INFO] [WAITING ACK]
[2026-09-02T18:51:46.325+00:00][B] [INFO] [RF TX] type=2 source=0x02 destination=0xFF previousHop=0x02 sequence=242 ackSequence=0 ttl=8 hops=0 payloadSize=13 rssi=0 snr=0.00
[2026-09-02T18:51:46.325+00:00][B] [INFO] Heartbeat packet sent
[2026-09-02T18:51:46.975+00:00][A] [WARN] Retry 1
[2026-09-02T18:51:47.042+00:00][A] [INFO] --------------------------------
[2026-09-02T18:51:47.043+00:00][A] [INFO] [HEARTBEAT TX]
[2026-09-02T18:51:47.047+00:00][A] [INFO] Node ID: 1
[2026-09-02T18:51:47.047+00:00][A] [INFO] type: 2
[2026-09-02T18:51:47.048+00:00][A] [INFO] Destination: 0xFF
[2026-09-02T18:51:47.051+00:00][B] [INFO] [RF RX] type=2 source=0x01 destination=0xFF previousHop=0x01 sequence=218 ackSequence=0 ttl=8 hops=0 payloadSize=13 rssi=-60 snr=10.00
[2026-09-02T18:51:47.053+00:00][A] [INFO] Sequence: 218
[2026-09-02T18:51:47.053+00:00][A] [INFO] Packet ID: 117
[2026-09-02T18:51:47.058+00:00][A] [INFO] Packet Size: 26
[2026-09-02T18:51:47.058+00:00][A] [INFO] Timestamp: 117 ms
[2026-09-02T18:51:47.064+00:00][A] [INFO] Transmission Result: success
[2026-09-02T18:51:47.064+00:00][A] [INFO] --------------------------------
[2026-09-02T18:51:47.069+00:00][A] [INFO] [Heartbeat #117]
[2026-09-02T18:51:47.070+00:00][A] [INFO] Sent
[2026-09-02T18:51:47.070+00:00][A] [INFO] Waiting ACK...
[2026-09-02T18:51:47.070+00:00][A] [INFO] [WAITING ACK]
[2026-09-02T18:51:47.084+00:00][A] [INFO] [RF TX] type=2 source=0x01 destination=0xFF previousHop=0x01 sequence=218 ackSequence=0 ttl=8 hops=0 payloadSize=13 rssi=0 snr=0.00
[2026-09-02T18:51:47.084+00:00][A] [INFO] Heartbeat packet sent
[2026-09-02T18:51:47.199+00:00][B] [INFO] --------------------------------
[2026-09-02T18:51:47.199+00:00][B] [INFO] [HEARTBEAT TX]
[2026-09-02T18:51:47.204+00:00][B] [INFO] Node ID: 2
[2026-09-02T18:51:47.204+00:00][B] [INFO] type: 2
[2026-09-02T18:51:47.204+00:00][B] [INFO] Destination: 0xFF
[2026-09-02T18:51:47.207+00:00][A] [INFO] [RF RX] type=2 source=0x02 destination=0xFF previousHop=0x02 sequence=243 ackSequence=0 ttl=8 hops=0 payloadSize=13 rssi=-59 snr=9.50
[2026-09-02T18:51:47.209+00:00][B] [INFO] Sequence: 243
[2026-09-02T18:51:47.210+00:00][B] [INFO] Packet ID: 113
[2026-09-02T18:51:47.215+00:00][B] [INFO] Packet Size: 26
[2026-09-02T18:51:47.215+00:00][B] [INFO] Timestamp: 113 ms
[2026-09-02T18:51:47.220+00:00][B] [INFO] Transmission Result: success
[2026-09-02T18:51:47.221+00:00][B] [INFO] --------------------------------
[2026-09-02T18:51:47.226+00:00][B] [INFO] [Heartbeat #113]
[2026-09-02T18:51:47.226+00:00][B] [INFO] Sent
[2026-09-02T18:51:47.226+00:00][B] [INFO] Waiting ACK...
[2026-09-02T18:51:47.227+00:00][B] [INFO] [WAITING ACK]
[2026-09-02T18:51:47.240+00:00][B] [INFO] [RF TX] type=2 source=0x02 destination=0xFF previousHop=0x02 sequence=243 ackSequence=0 ttl=8 hops=0 payloadSize=13 rssi=0 snr=0.00
[2026-09-02T18:51:47.241+00:00][B] [INFO] Heartbeat packet sent
[2026-09-02T18:51:47.958+00:00][A] [INFO] --------------------------------
[2026-09-02T18:51:47.959+00:00][A] [INFO] [HEARTBEAT TX]
[2026-09-02T18:51:47.964+00:00][A] [INFO] Node ID: 1
[2026-09-02T18:51:47.964+00:00][A] [INFO] type: 2
[2026-09-02T18:51:47.964+00:00][A] [INFO] Destination: 0xFF
[2026-09-02T18:51:47.967+00:00][B] [INFO] [RF RX] type=2 source=0x01 destination=0xFF previousHop=0x01 sequence=219 ackSequence=0 ttl=8 hops=0 payloadSize=13 rssi=-60 snr=9.75
[2026-09-02T18:51:47.969+00:00][A] [INFO] Sequence: 219
[2026-09-02T18:51:47.970+00:00][A] [INFO] Packet ID: 118
[2026-09-02T18:51:47.974+00:00][A] [INFO] Packet Size: 26
[2026-09-02T18:51:47.975+00:00][A] [INFO] Timestamp: 118 ms
[2026-09-02T18:51:47.980+00:00][A] [INFO] Transmission Result: success
[2026-09-02T18:51:47.981+00:00][A] [INFO] --------------------------------
[2026-09-02T18:51:47.986+00:00][A] [INFO] [Heartbeat #118]
[2026-09-02T18:51:47.986+00:00][A] [INFO] Sent
[2026-09-02T18:51:47.987+00:00][A] [INFO] Waiting ACK...
[2026-09-02T18:51:47.987+00:00][A] [INFO] [WAITING ACK]
[2026-09-02T18:51:48.000+00:00][A] [INFO] [RF TX] type=2 source=0x01 destination=0xFF previousHop=0x01 sequence=219 ackSequence=0 ttl=8 hops=0 payloadSize=13 rssi=0 snr=0.00
[2026-09-02T18:51:48.001+00:00][A] [INFO] Heartbeat packet sent
[2026-09-02T18:51:48.215+00:00][B] [WARN] Retry 1
[2026-09-02T18:51:48.282+00:00][B] [INFO] --------------------------------
[2026-09-02T18:51:48.282+00:00][B] [INFO] [HEARTBEAT TX]
[2026-09-02T18:51:48.288+00:00][B] [INFO] Node ID: 2
[2026-09-02T18:51:48.288+00:00][B] [INFO] type: 2
[2026-09-02T18:51:48.288+00:00][B] [INFO] Destination: 0xFF
[2026-09-02T18:51:48.291+00:00][A] [INFO] [RF RX] type=2 source=0x02 destination=0xFF previousHop=0x02 sequence=243 ackSequence=0 ttl=8 hops=0 payloadSize=13 rssi=-59 snr=10.00
[2026-09-02T18:51:48.293+00:00][B] [INFO] Sequence: 243
[2026-09-02T18:51:48.293+00:00][B] [INFO] Packet ID: 113
[2026-09-02T18:51:48.299+00:00][B] [INFO] Packet Size: 26
[2026-09-02T18:51:48.299+00:00][B] [INFO] Timestamp: 113 ms
[2026-09-02T18:51:48.304+00:00][B] [INFO] Transmission Result: success
[2026-09-02T18:51:48.304+00:00][B] [INFO] --------------------------------
[2026-09-02T18:51:48.310+00:00][B] [INFO] [Heartbeat #113]
[2026-09-02T18:51:48.310+00:00][B] [INFO] Sent
[2026-09-02T18:51:48.310+00:00][B] [INFO] Waiting ACK...
[2026-09-02T18:51:48.310+00:00][B] [INFO] [WAITING ACK]
[2026-09-02T18:51:48.324+00:00][B] [INFO] [RF TX] type=2 source=0x02 destination=0xFF previousHop=0x02 sequence=243 ackSequence=0 ttl=8 hops=0 payloadSize=13 rssi=0 snr=0.00
[2026-09-02T18:51:48.325+00:00][B] [INFO] Heartbeat packet sent
[2026-09-02T18:51:48.975+00:00][A] [WARN] Retry 1
[2026-09-02T18:51:49.042+00:00][A] [INFO] --------------------------------
[2026-09-02T18:51:49.043+00:00][A] [INFO] [HEARTBEAT TX]
[2026-09-02T18:51:49.048+00:00][A] [INFO] Node ID: 1
[2026-09-02T18:51:49.048+00:00][A] [INFO] type: 2
[2026-09-02T18:51:49.048+00:00][A] [INFO] Destination: 0xFF
[2026-09-02T18:51:49.051+00:00][B] [INFO] [RF RX] type=2 source=0x01 destination=0xFF previousHop=0x01 sequence=219 ackSequence=0 ttl=8 hops=0 payloadSize=13 rssi=-61 snr=10.00
[2026-09-02T18:51:49.053+00:00][A] [INFO] Sequence: 219
[2026-09-02T18:51:49.053+00:00][A] [INFO] Packet ID: 118
[2026-09-02T18:51:49.058+00:00][A] [INFO] Packet Size: 26
[2026-09-02T18:51:49.059+00:00][A] [INFO] Timestamp: 118 ms
[2026-09-02T18:51:49.064+00:00][A] [INFO] Transmission Result: success
[2026-09-02T18:51:49.064+00:00][A] [INFO] --------------------------------
[2026-09-02T18:51:49.069+00:00][A] [INFO] [Heartbeat #118]
[2026-09-02T18:51:49.198+00:00][B] [INFO] --------------------------------
