[2026-09-02T18:48:50.091+00:00][B] [INFO] [RF RX] type=1 source=0x01 destination=0x02 previousHop=0x01 sequence=31 ackSequence=0 ttl=8 hops=0 payloadSize=4 rssi=-61 snr=10.00
[2026-09-02T18:48:50.149+00:00][B] [INFO] [RF TX] type=3 source=0x02 destination=0x01 previousHop=0x02 sequence=26 ackSequence=31 ttl=8 hops=0 payloadSize=2 rssi=0 snr=0.00
[2026-09-02T18:48:50.215+00:00][B] [INFO] [RF RX] type=1 source=0x01 destination=0x02 previousHop=0x01 sequence=32 ackSequence=0 ttl=8 hops=0 payloadSize=4 rssi=-61 snr=9.75
[2026-09-02T18:48:50.274+00:00][B] [INFO] [RF TX] type=3 source=0x02 destination=0x01 previousHop=0x02 sequence=27 ackSequence=32 ttl=8 hops=0 payloadSize=2 rssi=0 snr=0.00
[2026-09-02T18:48:50.274+00:00][B] [WARN] Retry 1
[2026-09-02T18:48:50.340+00:00][B] [INFO] --------------------------------
[2026-09-02T18:48:50.340+00:00][B] [INFO] [HEARTBEAT TX]
[2026-09-02T18:48:50.345+00:00][B] [INFO] Node ID: 2
[2026-09-02T18:48:50.346+00:00][B] [INFO] type: 2
[2026-09-02T18:48:50.346+00:00][B] [INFO] Destination: 0xFF
[2026-09-02T18:48:50.351+00:00][B] [INFO] Sequence: 25
[2026-09-02T18:48:50.351+00:00][B] [INFO] Packet ID: 24
[2026-09-02T18:48:50.352+00:00][B] [INFO] Packet Size: 26
[2026-09-02T18:48:50.357+00:00][B] [INFO] Timestamp: 24 ms
[2026-09-02T18:48:50.357+00:00][B] [INFO] Transmission Result: success
[2026-09-02T18:48:50.362+00:00][B] [INFO] --------------------------------
[2026-09-02T18:48:50.363+00:00][B] [INFO] [Heartbeat #24]
[2026-09-02T18:48:50.367+00:00][B] [INFO] Sent
[2026-09-02T18:48:50.368+00:00][B] [INFO] Waiting ACK...
[2026-09-02T18:48:50.368+00:00][B] [INFO] [WAITING ACK]
[2026-09-02T18:48:50.382+00:00][B] [INFO] [RF TX] type=2 source=0x02 destination=0xFF previousHop=0x02 sequence=25 ackSequence=0 ttl=8 hops=0 payloadSize=13 rssi=0 snr=0.00
[2026-09-02T18:48:50.382+00:00][B] [INFO] Heartbeat packet sent
[2026-09-02T18:48:51.045+00:00][B] [INFO] [RF RX] type=2 source=0x01 destination=0xFF previousHop=0x01 sequence=30 ackSequence=0 ttl=8 hops=0 payloadSize=13 rssi=-60 snr=9.50
[2026-09-02T18:48:51.202+00:00][B] [INFO] --------------------------------
[2026-09-02T18:48:51.203+00:00][B] [INFO] [HEARTBEAT TX]
[2026-09-02T18:48:51.208+00:00][B] [INFO] Node ID: 2
[2026-09-02T18:48:51.208+00:00][B] [INFO] type: 2
[2026-09-02T18:48:51.208+00:00][B] [INFO] Destination: 0xFF
[2026-09-02T18:48:51.213+00:00][B] [INFO] Sequence: 28
[2026-09-02T18:48:51.214+00:00][B] [INFO] Packet ID: 25
[2026-09-02T18:48:51.214+00:00][B] [INFO] Packet Size: 26
[2026-09-02T18:48:51.219+00:00][B] [INFO] Timestamp: 25 ms
[2026-09-02T18:48:51.219+00:00][B] [INFO] Transmission Result: success
[2026-09-02T18:48:51.225+00:00][B] [INFO] --------------------------------
[2026-09-02T18:48:51.225+00:00][B] [INFO] [Heartbeat #25]
[2026-09-02T18:48:51.230+00:00][B] [INFO] Sent
[2026-09-02T18:48:51.230+00:00][B] [INFO] Waiting ACK...
[2026-09-02T18:48:51.230+00:00][B] [INFO] [WAITING ACK]
[2026-09-02T18:48:51.244+00:00][B] [INFO] [RF TX] type=2 source=0x02 destination=0xFF previousHop=0x02 sequence=28 ackSequence=0 ttl=8 hops=0 payloadSize=13 rssi=0 snr=0.00
[2026-09-02T18:48:51.244+00:00][B] [INFO] Heartbeat packet sent
[2026-09-02T18:48:51.402+00:00][B] [INFO] [RF RX] type=1 source=0x01 destination=0x02 previousHop=0x01 sequence=33 ackSequence=0 ttl=8 hops=0 payloadSize=4 rssi=-62 snr=10.00
[2026-09-02T18:48:51.459+00:00][B] [INFO] [RF TX] type=3 source=0x02 destination=0x01 previousHop=0x02 sequence=29 ackSequence=33 ttl=8 hops=0 payloadSize=2 rssi=0 snr=0.00
[2026-09-02T18:48:51.525+00:00][B] [INFO] [RF RX] type=1 source=0x01 destination=0x02 previousHop=0x01 sequence=34 ackSequence=0 ttl=8 hops=0 payloadSize=4 rssi=-62 snr=9.75
[2026-09-02T18:48:51.583+00:00][B] [INFO] [RF TX] type=3 source=0x02 destination=0x01 previousHop=0x02 sequence=30 ackSequence=34 ttl=8 hops=0 payloadSize=2 rssi=0 snr=0.00
[2026-09-02T18:48:51.649+00:00][B] [INFO] [RF RX] type=1 source=0x01 destination=0x02 previousHop=0x01 sequence=35 ackSequence=0 ttl=8 hops=0 payloadSize=4 rssi=-62 snr=9.50
[2026-09-02T18:48:51.707+00:00][B] [INFO] [RF TX] type=3 source=0x02 destination=0x01 previousHop=0x02 sequence=31 ackSequence=35 ttl=8 hops=0 payloadSize=2 rssi=0 snr=0.00
[2026-09-02T18:48:51.773+00:00][B] [INFO] [RF RX] type=1 source=0x01 destination=0x02 previousHop=0x01 sequence=36 ackSequence=0 ttl=8 hops=0 payloadSize=4 rssi=-61 snr=9.50
[2026-09-02T18:48:51.830+00:00][B] [INFO] [RF TX] type=3 source=0x02 destination=0x01 previousHop=0x02 sequence=32 ackSequence=36 ttl=8 hops=0 payloadSize=2 rssi=0 snr=0.00
[2026-09-02T18:48:51.897+00:00][B] [INFO] [RF RX] type=1 source=0x01 destination=0x02 previousHop=0x01 sequence=37 ackSequence=0 ttl=8 hops=0 payloadSize=4 rssi=-62 snr=9.50
[2026-09-02T18:48:51.955+00:00][B] [INFO] [RF TX] type=3 source=0x02 destination=0x01 previousHop=0x02 sequence=33 ackSequence=37 ttl=8 hops=0 payloadSize=2 rssi=0 snr=0.00
[2026-09-02T18:48:52.220+00:00][B] [WARN] Retry 1
[2026-09-02T18:48:52.287+00:00][B] [INFO] --------------------------------
[2026-09-02T18:48:52.287+00:00][B] [INFO] [HEARTBEAT TX]
[2026-09-02T18:48:52.292+00:00][B] [INFO] Node ID: 2
[2026-09-02T18:48:52.292+00:00][B] [INFO] type: 2
[2026-09-02T18:48:52.293+00:00][B] [INFO] Destination: 0xFF
[2026-09-02T18:48:52.298+00:00][B] [INFO] Sequence: 28
[2026-09-02T18:48:52.298+00:00][B] [INFO] Packet ID: 25
[2026-09-02T18:48:52.298+00:00][B] [INFO] Packet Size: 26
[2026-09-02T18:48:52.304+00:00][B] [INFO] Timestamp: 25 ms
[2026-09-02T18:48:52.304+00:00][B] [INFO] Transmission Result: success
[2026-09-02T18:48:52.309+00:00][B] [INFO] --------------------------------
[2026-09-02T18:48:52.309+00:00][B] [INFO] [Heartbeat #25]
[2026-09-02T18:48:52.314+00:00][B] [INFO] Sent
[2026-09-02T18:48:52.315+00:00][B] [INFO] Waiting ACK...
[2026-09-02T18:48:52.315+00:00][B] [INFO] [WAITING ACK]
[2026-09-02T18:48:52.328+00:00][B] [INFO] [RF TX] type=2 source=0x02 destination=0xFF previousHop=0x02 sequence=28 ackSequence=0 ttl=8 hops=0 payloadSize=13 rssi=0 snr=0.00
[2026-09-02T18:48:52.329+00:00][B] [INFO] Heartbeat packet sent
[2026-09-02T18:48:53.054+00:00][B] [INFO] [RF RX] type=2 source=0x01 destination=0xFF previousHop=0x01 sequence=38 ackSequence=0 ttl=8 hops=0 payloadSize=13 rssi=-61 snr=9.50
[2026-09-02T18:48:53.203+00:00][B] [INFO] --------------------------------
[2026-09-02T18:48:53.203+00:00][B] [INFO] [HEARTBEAT TX]
[2026-09-02T18:48:53.208+00:00][B] [INFO] Node ID: 2
[2026-09-02T18:48:53.208+00:00][B] [INFO] type: 2
[2026-09-02T18:48:53.208+00:00][B] [INFO] Destination: 0xFF
[2026-09-02T18:48:53.213+00:00][B] [INFO] Sequence: 34
[2026-09-02T18:48:53.214+00:00][B] [INFO] Packet ID: 26
[2026-09-02T18:48:53.214+00:00][B] [INFO] Packet Size: 26
[2026-09-02T18:48:53.219+00:00][B] [INFO] Timestamp: 26 ms
[2026-09-02T18:48:53.219+00:00][B] [INFO] Transmission Result: success
[2026-09-02T18:48:53.225+00:00][B] [INFO] --------------------------------
[2026-09-02T18:48:53.225+00:00][B] [INFO] [Heartbeat #26]
[2026-09-02T18:48:53.230+00:00][B] [INFO] Sent
[2026-09-02T18:48:53.230+00:00][B] [INFO] Waiting ACK...
[2026-09-02T18:48:53.230+00:00][B] [INFO] [WAITING ACK]
[2026-09-02T18:48:53.244+00:00][B] [INFO] [RF TX] type=2 source=0x02 destination=0xFF previousHop=0x02 sequence=34 ackSequence=0 ttl=8 hops=0 payloadSize=13 rssi=0 snr=0.00
[2026-09-02T18:48:53.244+00:00][B] [INFO] Heartbeat packet sent
[2026-09-02T18:48:53.970+00:00][B] [INFO] [RF RX] type=2 source=0x01 destination=0xFF previousHop=0x01 sequence=39 ackSequence=0 ttl=8 hops=0 payloadSize=13 rssi=-62 snr=9.75
[2026-09-02T18:48:54.112+00:00][B] [INFO] [RF TX] type=3 source=0x02 destination=0x01 previousHop=0x02 sequence=35 ackSequence=37 ttl=8 hops=0 payloadSize=2 rssi=0 snr=0.00
[2026-09-02T18:48:54.220+00:00][B] [WARN] Retry 1
[2026-09-02T18:48:54.287+00:00][B] [INFO] --------------------------------
[2026-09-02T18:48:54.288+00:00][B] [INFO] [HEARTBEAT TX]
[2026-09-02T18:48:54.292+00:00][B] [INFO] Node ID: 2
[2026-09-02T18:48:54.292+00:00][B] [INFO] type: 2
[2026-09-02T18:48:54.293+00:00][B] [INFO] Destination: 0xFF
[2026-09-02T18:48:54.298+00:00][B] [INFO] Sequence: 34
[2026-09-02T18:48:54.298+00:00][B] [INFO] Packet ID: 26
[2026-09-02T18:48:54.298+00:00][B] [INFO] Packet Size: 26
[2026-09-02T18:48:54.303+00:00][B] [INFO] Timestamp: 26 ms
[2026-09-02T18:48:54.304+00:00][B] [INFO] Transmission Result: success
[2026-09-02T18:48:54.309+00:00][B] [INFO] --------------------------------
[2026-09-02T18:48:54.310+00:00][B] [INFO] [Heartbeat #26]
[2026-09-02T18:48:54.314+00:00][B] [INFO] Sent
[2026-09-02T18:48:54.315+00:00][B] [INFO] Waiting ACK...
[2026-09-02T18:48:54.316+00:00][B] [INFO] [WAITING ACK]
[2026-09-02T18:48:54.328+00:00][B] [INFO] [RF TX] type=2 source=0x02 destination=0xFF previousHop=0x02 sequence=34 ackSequence=0 ttl=8 hops=0 payloadSize=13 rssi=0 snr=0.00
[2026-09-02T18:48:54.329+00:00][B] [INFO] Heartbeat packet sent
[2026-09-02T18:48:55.054+00:00][B] [INFO] [RF RX] type=2 source=0x01 destination=0xFF previousHop=0x01 sequence=39 ackSequence=0 ttl=8 hops=0 payloadSize=13 rssi=-61 snr=9.75
[2026-09-02T18:48:55.203+00:00][B] [INFO] --------------------------------
[2026-09-02T18:48:55.203+00:00][B] [INFO] [HEARTBEAT TX]
[2026-09-02T18:48:55.208+00:00][B] [INFO] Node ID: 2
[2026-09-02T18:48:55.208+00:00][B] [INFO] type: 2
[2026-09-02T18:48:55.209+00:00][B] [INFO] Destination: 0xFF
[2026-09-02T18:48:55.214+00:00][B] [INFO] Sequence: 36
[2026-09-02T18:48:55.214+00:00][B] [INFO] Packet ID: 27
[2026-09-02T18:48:55.214+00:00][B] [INFO] Packet Size: 26
[2026-09-02T18:48:55.219+00:00][B] [INFO] Timestamp: 27 ms
[2026-09-02T18:48:55.220+00:00][B] [INFO] Transmission Result: success
[2026-09-02T18:48:55.225+00:00][B] [INFO] --------------------------------
[2026-09-02T18:48:55.225+00:00][B] [INFO] [Heartbeat #27]
[2026-09-02T18:48:55.230+00:00][B] [INFO] Sent
[2026-09-02T18:48:55.231+00:00][B] [INFO] Waiting ACK...
[2026-09-02T18:48:55.231+00:00][B] [INFO] [WAITING ACK]
[2026-09-02T18:48:55.244+00:00][B] [INFO] [RF TX] type=2 source=0x02 destination=0xFF previousHop=0x02 sequence=36 ackSequence=0 ttl=8 hops=0 payloadSize=13 rssi=0 snr=0.00
[2026-09-02T18:48:55.245+00:00][B] [INFO] Heartbeat packet sent
[2026-09-02T18:48:55.970+00:00][B] [INFO] [RF RX] type=2 source=0x01 destination=0xFF previousHop=0x01 sequence=40 ackSequence=0 ttl=8 hops=0 payloadSize=13 rssi=-60 snr=10.00
[2026-09-02T18:48:56.212+00:00][B] [INFO] [RF RX] type=1 source=0x01 destination=0x02 previousHop=0x01 sequence=41 ackSequence=0 ttl=8 hops=0 payloadSize=4 rssi=-62 snr=9.75
[2026-09-02T18:48:56.271+00:00][B] [INFO] [RF TX] type=3 source=0x02 destination=0x01 previousHop=0x02 sequence=37 ackSequence=41 ttl=8 hops=0 payloadSize=2 rssi=0 snr=0.00
[2026-09-02T18:48:56.271+00:00][B] [WARN] Retry 1
[2026-09-02T18:48:56.336+00:00][B] [INFO] --------------------------------
[2026-09-02T18:48:56.337+00:00][B] [INFO] [HEARTBEAT TX]
[2026-09-02T18:48:56.342+00:00][B] [INFO] Node ID: 2
[2026-09-02T18:48:56.342+00:00][B] [INFO] type: 2
[2026-09-02T18:48:56.343+00:00][B] [INFO] Destination: 0xFF
[2026-09-02T18:48:56.347+00:00][B] [INFO] Sequence: 36
[2026-09-02T18:48:56.348+00:00][B] [INFO] Packet ID: 27
[2026-09-02T18:48:56.348+00:00][B] [INFO] Packet Size: 26
[2026-09-02T18:48:56.353+00:00][B] [INFO] Timestamp: 27 ms
[2026-09-02T18:48:56.354+00:00][B] [INFO] Transmission Result: success
[2026-09-02T18:48:56.359+00:00][B] [INFO] --------------------------------
[2026-09-02T18:48:56.359+00:00][B] [INFO] [Heartbeat #27]
[2026-09-02T18:48:56.364+00:00][B] [INFO] Sent
[2026-09-02T18:48:56.365+00:00][B] [INFO] Waiting ACK...
[2026-09-02T18:48:56.365+00:00][B] [INFO] [WAITING ACK]
[2026-09-02T18:48:56.378+00:00][B] [INFO] [RF TX] type=2 source=0x02 destination=0xFF previousHop=0x02 sequence=36 ackSequence=0 ttl=8 hops=0 payloadSize=13 rssi=0 snr=0.00
[2026-09-02T18:48:56.379+00:00][B] [INFO] Heartbeat packet sent
[2026-09-02T18:48:57.056+00:00][B] [INFO] [RF RX] type=2 source=0x01 destination=0xFF previousHop=0x01 sequence=40 ackSequence=0 ttl=8 hops=0 payloadSize=13 rssi=-60 snr=10.00
[2026-09-02T18:48:57.203+00:00][B] [INFO] --------------------------------
[2026-09-02T18:48:57.203+00:00][B] [INFO] [HEARTBEAT TX]
[2026-09-02T18:48:57.208+00:00][B] [INFO] Node ID: 2
[2026-09-02T18:48:57.208+00:00][B] [INFO] type: 2
[2026-09-02T18:48:57.209+00:00][B] [INFO] Destination: 0xFF
[2026-09-02T18:48:57.214+00:00][B] [INFO] Sequence: 38
[2026-09-02T18:48:57.214+00:00][B] [INFO] Packet ID: 28
[2026-09-02T18:48:57.215+00:00][B] [INFO] Packet Size: 26
[2026-09-02T18:48:57.219+00:00][B] [INFO] Timestamp: 28 ms
[2026-09-02T18:48:57.220+00:00][B] [INFO] Transmission Result: success
[2026-09-02T18:48:57.225+00:00][B] [INFO] --------------------------------
[2026-09-02T18:48:57.225+00:00][B] [INFO] [Heartbeat #28]
[2026-09-02T18:48:57.230+00:00][B] [INFO] Sent
[2026-09-02T18:48:57.231+00:00][B] [INFO] Waiting ACK...
[2026-09-02T18:48:57.231+00:00][B] [INFO] [WAITING ACK]
[2026-09-02T18:48:57.244+00:00][B] [INFO] [RF TX] type=2 source=0x02 destination=0xFF previousHop=0x02 sequence=38 ackSequence=0 ttl=8 hops=0 payloadSize=13 rssi=0 snr=0.00
[2026-09-02T18:48:57.245+00:00][B] [INFO] Heartbeat packet sent
[2026-09-02T18:48:57.398+00:00][B] [INFO] [RF RX] type=1 source=0x01 destination=0x02 previousHop=0x01 sequence=42 ackSequence=0 ttl=8 hops=0 payloadSize=4 rssi=-62 snr=9.50
[2026-09-02T18:48:57.456+00:00][B] [INFO] [RF TX] type=3 source=0x02 destination=0x01 previousHop=0x02 sequence=39 ackSequence=42 ttl=8 hops=0 payloadSize=2 rssi=0 snr=0.00
[2026-09-02T18:48:57.522+00:00][B] [INFO] [RF RX] type=1 source=0x01 destination=0x02 previousHop=0x01 sequence=43 ackSequence=0 ttl=8 hops=0 payloadSize=4 rssi=-61 snr=9.75
[2026-09-02T18:48:57.580+00:00][B] [INFO] [RF TX] type=3 source=0x02 destination=0x01 previousHop=0x02 sequence=40 ackSequence=43 ttl=8 hops=0 payloadSize=2 rssi=0 snr=0.00
[2026-09-02T18:48:57.646+00:00][B] [INFO] [RF RX] type=1 source=0x01 destination=0x02 previousHop=0x01 sequence=44 ackSequence=0 ttl=8 hops=0 payloadSize=4 rssi=-61 snr=10.25
[2026-09-02T18:48:57.704+00:00][B] [INFO] [RF TX] type=3 source=0x02 destination=0x01 previousHop=0x02 sequence=41 ackSequence=44 ttl=8 hops=0 payloadSize=2 rssi=0 snr=0.00
[2026-09-02T18:48:57.770+00:00][B] [INFO] [RF RX] type=1 source=0x01 destination=0x02 previousHop=0x01 sequence=45 ackSequence=0 ttl=8 hops=0 payloadSize=4 rssi=-61 snr=9.50
[2026-09-02T18:48:57.828+00:00][B] [INFO] [RF TX] type=3 source=0x02 destination=0x01 previousHop=0x02 sequence=42 ackSequence=45 ttl=8 hops=0 payloadSize=2 rssi=0 snr=0.00
[2026-09-02T18:48:57.894+00:00][B] [INFO] [RF RX] type=1 source=0x01 destination=0x02 previousHop=0x01 sequence=46 ackSequence=0 ttl=8 hops=0 payloadSize=4 rssi=-62 snr=9.50
[2026-09-02T18:48:57.952+00:00][B] [INFO] [RF TX] type=3 source=0x02 destination=0x01 previousHop=0x02 sequence=43 ackSequence=46 ttl=8 hops=0 payloadSize=2 rssi=0 snr=0.00
[2026-09-02T18:48:58.220+00:00][B] [WARN] Retry 1
[2026-09-02T18:48:58.287+00:00][B] [INFO] --------------------------------
[2026-09-02T18:48:58.287+00:00][B] [INFO] [HEARTBEAT TX]
[2026-09-02T18:48:58.292+00:00][B] [INFO] Node ID: 2
[2026-09-02T18:48:58.292+00:00][B] [INFO] type: 2
[2026-09-02T18:48:58.293+00:00][B] [INFO] Destination: 0xFF
[2026-09-02T18:48:58.298+00:00][B] [INFO] Sequence: 38
[2026-09-02T18:48:58.298+00:00][B] [INFO] Packet ID: 28
[2026-09-02T18:48:58.298+00:00][B] [INFO] Packet Size: 26
[2026-09-02T18:48:58.303+00:00][B] [INFO] Timestamp: 28 ms
[2026-09-02T18:48:58.303+00:00][B] [INFO] Transmission Result: success
[2026-09-02T18:48:58.309+00:00][B] [INFO] --------------------------------
[2026-09-02T18:48:58.309+00:00][B] [INFO] [Heartbeat #28]
[2026-09-02T18:48:58.314+00:00][B] [INFO] Sent
[2026-09-02T18:48:58.315+00:00][B] [INFO] Waiting ACK...
[2026-09-02T18:48:58.315+00:00][B] [INFO] [WAITING ACK]
[2026-09-02T18:48:58.328+00:00][B] [INFO] [RF TX] type=2 source=0x02 destination=0xFF previousHop=0x02 sequence=38 ackSequence=0 ttl=8 hops=0 payloadSize=13 rssi=0 snr=0.00
[2026-09-02T18:48:58.329+00:00][B] [INFO] Heartbeat packet sent
[2026-09-02T18:48:59.003+00:00][B] [INFO] [RF TX] type=3 source=0x02 destination=0x01 previousHop=0x02 sequence=44 ackSequence=46 ttl=8 hops=0 payloadSize=2 rssi=0 snr=0.00
[2026-09-02T18:48:59.203+00:00][B] [INFO] --------------------------------
[2026-09-02T18:48:59.204+00:00][B] [INFO] [HEARTBEAT TX]
[2026-09-02T18:48:59.208+00:00][B] [INFO] Node ID: 2
[2026-09-02T18:48:59.208+00:00][B] [INFO] type: 2
[2026-09-02T18:48:59.208+00:00][B] [INFO] Destination: 0xFF
[2026-09-02T18:48:59.214+00:00][B] [INFO] Sequence: 45
[2026-09-02T18:48:59.214+00:00][B] [INFO] Packet ID: 29
[2026-09-02T18:48:59.214+00:00][B] [INFO] Packet Size: 26
[2026-09-02T18:48:59.219+00:00][B] [INFO] Timestamp: 29 ms
[2026-09-02T18:48:59.220+00:00][B] [INFO] Transmission Result: success
[2026-09-02T18:48:59.225+00:00][B] [INFO] --------------------------------
[2026-09-02T18:48:59.225+00:00][B] [INFO] [Heartbeat #29]
[2026-09-02T18:48:59.230+00:00][B] [INFO] Sent
[2026-09-02T18:48:59.231+00:00][B] [INFO] Waiting ACK...
[2026-09-02T18:48:59.231+00:00][B] [INFO] [WAITING ACK]
[2026-09-02T18:48:59.244+00:00][B] [INFO] [RF TX] type=2 source=0x02 destination=0xFF previousHop=0x02 sequence=45 ackSequence=0 ttl=8 hops=0 payloadSize=13 rssi=0 snr=0.00
[2026-09-02T18:48:59.245+00:00][B] [INFO] Heartbeat packet sent
[2026-09-02T18:48:59.970+00:00][B] [INFO] [RF RX] type=2 source=0x01 destination=0xFF previousHop=0x01 sequence=48 ackSequence=0 ttl=8 hops=0 payloadSize=13 rssi=-61 snr=9.75
[2026-09-02T18:49:00.112+00:00][B] [INFO] [RF TX] type=3 source=0x02 destination=0x01 previousHop=0x02 sequence=46 ackSequence=46 ttl=8 hops=0 payloadSize=2 rssi=0 snr=0.00
[2026-09-02T18:49:00.220+00:00][B] [WARN] Retry 1
[2026-09-02T18:49:00.287+00:00][B] [INFO] --------------------------------
[2026-09-02T18:49:00.288+00:00][B] [INFO] [HEARTBEAT TX]
[2026-09-02T18:49:00.292+00:00][B] [INFO] Node ID: 2
[2026-09-02T18:49:00.292+00:00][B] [INFO] type: 2
[2026-09-02T18:49:00.293+00:00][B] [INFO] Destination: 0xFF
[2026-09-02T18:49:00.298+00:00][B] [INFO] Sequence: 45
[2026-09-02T18:49:00.298+00:00][B] [INFO] Packet ID: 29
[2026-09-02T18:49:00.298+00:00][B] [INFO] Packet Size: 26
[2026-09-02T18:49:00.303+00:00][B] [INFO] Timestamp: 29 ms
[2026-09-02T18:49:00.304+00:00][B] [INFO] Transmission Result: success
[2026-09-02T18:49:00.309+00:00][B] [INFO] --------------------------------
[2026-09-02T18:49:00.309+00:00][B] [INFO] [Heartbeat #29]
[2026-09-02T18:49:00.314+00:00][B] [INFO] Sent
[2026-09-02T18:49:00.314+00:00][B] [INFO] Waiting ACK...
[2026-09-02T18:49:00.315+00:00][B] [INFO] [WAITING ACK]
[2026-09-02T18:49:00.328+00:00][B] [INFO] [RF TX] type=2 source=0x02 destination=0xFF previousHop=0x02 sequence=45 ackSequence=0 ttl=8 hops=0 payloadSize=13 rssi=0 snr=0.00
[2026-09-02T18:49:00.329+00:00][B] [INFO] Heartbeat packet sent
[2026-09-02T18:49:01.054+00:00][B] [INFO] [RF RX] type=2 source=0x01 destination=0xFF previousHop=0x01 sequence=48 ackSequence=0 ttl=8 hops=0 payloadSize=13 rssi=-60 snr=9.75
[2026-09-02T18:49:01.203+00:00][B] [INFO] --------------------------------
[2026-09-02T18:49:01.203+00:00][B] [INFO] [HEARTBEAT TX]
[2026-09-02T18:49:01.208+00:00][B] [INFO] Node ID: 2
[2026-09-02T18:49:01.208+00:00][B] [INFO] type: 2
[2026-09-02T18:49:01.208+00:00][B] [INFO] Destination: 0xFF
[2026-09-02T18:49:01.214+00:00][B] [INFO] Sequence: 47
[2026-09-02T18:49:01.214+00:00][B] [INFO] Packet ID: 30
[2026-09-02T18:49:01.214+00:00][B] [INFO] Packet Size: 26
[2026-09-02T18:49:01.219+00:00][B] [INFO] Timestamp: 30 ms
[2026-09-02T18:49:01.220+00:00][B] [INFO] Transmission Result: success
[2026-09-02T18:49:01.225+00:00][B] [INFO] --------------------------------
[2026-09-02T18:49:01.225+00:00][B] [INFO] [Heartbeat #30]
[2026-09-02T18:49:01.230+00:00][B] [INFO] Sent
[2026-09-02T18:49:01.231+00:00][B] [INFO] Waiting ACK...
[2026-09-02T18:49:01.231+00:00][B] [INFO] [WAITING ACK]
[2026-09-02T18:49:01.244+00:00][B] [INFO] [RF TX] type=2 source=0x02 destination=0xFF previousHop=0x02 sequence=47 ackSequence=0 ttl=8 hops=0 payloadSize=13 rssi=0 snr=0.00
[2026-09-02T18:49:01.245+00:00][B] [INFO] Heartbeat packet sent
[2026-09-02T18:49:01.970+00:00][B] [INFO] [RF RX] type=2 source=0x01 destination=0xFF previousHop=0x01 sequence=49 ackSequence=0 ttl=8 hops=0 payloadSize=13 rssi=-61 snr=9.50
[2026-09-02T18:49:02.212+00:00][B] [INFO] [RF RX] type=1 source=0x01 destination=0x02 previousHop=0x01 sequence=50 ackSequence=0 ttl=8 hops=0 payloadSize=4 rssi=-61 snr=9.75
[2026-09-02T18:49:02.271+00:00][B] [INFO] [RF TX] type=3 source=0x02 destination=0x01 previousHop=0x02 sequence=48 ackSequence=50 ttl=8 hops=0 payloadSize=2 rssi=0 snr=0.00
[2026-09-02T18:49:02.271+00:00][B] [WARN] Retry 1
[2026-09-02T18:49:02.336+00:00][B] [INFO] --------------------------------
[2026-09-02T18:49:02.337+00:00][B] [INFO] [HEARTBEAT TX]
[2026-09-02T18:49:02.342+00:00][B] [INFO] Node ID: 2
[2026-09-02T18:49:02.342+00:00][B] [INFO] type: 2
[2026-09-02T18:49:02.342+00:00][B] [INFO] Destination: 0xFF
[2026-09-02T18:49:02.347+00:00][B] [INFO] Sequence: 47
[2026-09-02T18:49:02.347+00:00][B] [INFO] Packet ID: 30
[2026-09-02T18:49:02.348+00:00][B] [INFO] Packet Size: 26
[2026-09-02T18:49:02.353+00:00][B] [INFO] Timestamp: 30 ms
[2026-09-02T18:49:02.353+00:00][B] [INFO] Transmission Result: success
[2026-09-02T18:49:02.359+00:00][B] [INFO] --------------------------------
[2026-09-02T18:49:02.359+00:00][B] [INFO] [Heartbeat #30]
[2026-09-02T18:49:02.364+00:00][B] [INFO] Sent
[2026-09-02T18:49:02.364+00:00][B] [INFO] Waiting ACK...
[2026-09-02T18:49:02.365+00:00][B] [INFO] [WAITING ACK]
[2026-09-02T18:49:02.378+00:00][B] [INFO] [RF TX] type=2 source=0x02 destination=0xFF previousHop=0x02 sequence=47 ackSequence=0 ttl=8 hops=0 payloadSize=13 rssi=0 snr=0.00
[2026-09-02T18:49:02.378+00:00][B] [INFO] Heartbeat packet sent
[2026-09-02T18:49:03.054+00:00][B] [INFO] [RF RX] type=2 source=0x01 destination=0xFF previousHop=0x01 sequence=49 ackSequence=0 ttl=8 hops=0 payloadSize=13 rssi=-61 snr=9.50
[2026-09-02T18:49:03.203+00:00][B] [INFO] --------------------------------
[2026-09-02T18:49:03.203+00:00][B] [INFO] [HEARTBEAT TX]
[2026-09-02T18:49:03.208+00:00][B] [INFO] Node ID: 2
[2026-09-02T18:49:03.208+00:00][B] [INFO] type: 2
[2026-09-02T18:49:03.208+00:00][B] [INFO] Destination: 0xFF
[2026-09-02T18:49:03.213+00:00][B] [INFO] Sequence: 49
[2026-09-02T18:49:03.214+00:00][B] [INFO] Packet ID: 31
[2026-09-02T18:49:03.214+00:00][B] [INFO] Packet Size: 26
[2026-09-02T18:49:03.220+00:00][B] [INFO] Timestamp: 31 ms
[2026-09-02T18:49:03.221+00:00][B] [INFO] Transmission Result: success
[2026-09-02T18:49:03.225+00:00][B] [INFO] --------------------------------
[2026-09-02T18:49:03.225+00:00][B] [INFO] [Heartbeat #31]
[2026-09-02T18:49:03.230+00:00][B] [INFO] Sent
[2026-09-02T18:49:03.231+00:00][B] [INFO] Waiting ACK...
[2026-09-02T18:49:03.231+00:00][B] [INFO] [WAITING ACK]
[2026-09-02T18:49:03.244+00:00][B] [INFO] [RF TX] type=2 source=0x02 destination=0xFF previousHop=0x02 sequence=49 ackSequence=0 ttl=8 hops=0 payloadSize=13 rssi=0 snr=0.00
[2026-09-02T18:49:03.245+00:00][B] [INFO] Heartbeat packet sent
[2026-09-02T18:49:03.398+00:00][B] [INFO] [RF RX] type=1 source=0x01 destination=0x02 previousHop=0x01 sequence=51 ackSequence=0 ttl=8 hops=0 payloadSize=4 rssi=-61 snr=9.75
[2026-09-02T18:49:03.456+00:00][B] [INFO] [RF TX] type=3 source=0x02 destination=0x01 previousHop=0x02 sequence=50 ackSequence=51 ttl=8 hops=0 payloadSize=2 rssi=0 snr=0.00
[2026-09-02T18:49:03.522+00:00][B] [INFO] [RF RX] type=1 source=0x01 destination=0x02 previousHop=0x01 sequence=52 ackSequence=0 ttl=8 hops=0 payloadSize=4 rssi=-61 snr=9.50
[2026-09-02T18:49:03.580+00:00][B] [INFO] [RF TX] type=3 source=0x02 destination=0x01 previousHop=0x02 sequence=51 ackSequence=52 ttl=8 hops=0 payloadSize=2 rssi=0 snr=0.00
[2026-09-02T18:49:03.646+00:00][B] [INFO] [RF RX] type=1 source=0x01 destination=0x02 previousHop=0x01 sequence=53 ackSequence=0 ttl=8 hops=0 payloadSize=4 rssi=-62 snr=9.50
[2026-09-02T18:49:03.704+00:00][B] [INFO] [RF TX] type=3 source=0x02 destination=0x01 previousHop=0x02 sequence=52 ackSequence=53 ttl=8 hops=0 payloadSize=2 rssi=0 snr=0.00
[2026-09-02T18:49:03.770+00:00][B] [INFO] [RF RX] type=1 source=0x01 destination=0x02 previousHop=0x01 sequence=54 ackSequence=0 ttl=8 hops=0 payloadSize=4 rssi=-61 snr=9.75
[2026-09-02T18:49:03.827+00:00][B] [INFO] [RF TX] type=3 source=0x02 destination=0x01 previousHop=0x02 sequence=53 ackSequence=54 ttl=8 hops=0 payloadSize=2 rssi=0 snr=0.00
[2026-09-02T18:49:03.894+00:00][B] [INFO] [RF RX] type=1 source=0x01 destination=0x02 previousHop=0x01 sequence=55 ackSequence=0 ttl=8 hops=0 payloadSize=4 rssi=-61 snr=10.00
[2026-09-02T18:49:03.951+00:00][B] [INFO] [RF TX] type=3 source=0x02 destination=0x01 previousHop=0x02 sequence=54 ackSequence=55 ttl=8 hops=0 payloadSize=2 rssi=0 snr=0.00
[2026-09-02T18:49:04.220+00:00][B] [WARN] Retry 1
[2026-09-02T18:49:04.287+00:00][B] [INFO] --------------------------------
[2026-09-02T18:49:04.287+00:00][B] [INFO] [HEARTBEAT TX]
[2026-09-02T18:49:04.292+00:00][B] [INFO] Node ID: 2
[2026-09-02T18:49:04.292+00:00][B] [INFO] type: 2
[2026-09-02T18:49:04.293+00:00][B] [INFO] Destination: 0xFF
[2026-09-02T18:49:04.297+00:00][B] [INFO] Sequence: 49
[2026-09-02T18:49:04.298+00:00][B] [INFO] Packet ID: 31
[2026-09-02T18:49:04.298+00:00][B] [INFO] Packet Size: 26
[2026-09-02T18:49:04.303+00:00][B] [INFO] Timestamp: 31 ms
[2026-09-02T18:49:04.304+00:00][B] [INFO] Transmission Result: success
[2026-09-02T18:49:04.309+00:00][B] [INFO] --------------------------------
[2026-09-02T18:49:04.309+00:00][B] [INFO] [Heartbeat #31]
[2026-09-02T18:49:04.314+00:00][B] [INFO] Sent
[2026-09-02T18:49:04.314+00:00][B] [INFO] Waiting ACK...
[2026-09-02T18:49:04.315+00:00][B] [INFO] [WAITING ACK]
[2026-09-02T18:49:04.328+00:00][B] [INFO] [RF TX] type=2 source=0x02 destination=0xFF previousHop=0x02 sequence=49 ackSequence=0 ttl=8 hops=0 payloadSize=13 rssi=0 snr=0.00
[2026-09-02T18:49:04.329+00:00][B] [INFO] Heartbeat packet sent
[2026-09-02T18:49:05.003+00:00][B] [INFO] [RF TX] type=3 source=0x02 destination=0x01 previousHop=0x02 sequence=55 ackSequence=55 ttl=8 hops=0 payloadSize=2 rssi=0 snr=0.00
[2026-09-02T18:49:05.203+00:00][B] [INFO] --------------------------------
[2026-09-02T18:49:05.203+00:00][B] [INFO] [HEARTBEAT TX]
[2026-09-02T18:49:05.208+00:00][B] [INFO] Node ID: 2
[2026-09-02T18:49:05.208+00:00][B] [INFO] type: 2
[2026-09-02T18:49:05.208+00:00][B] [INFO] Destination: 0xFF
[2026-09-02T18:49:05.213+00:00][B] [INFO] Sequence: 56
[2026-09-02T18:49:05.214+00:00][B] [INFO] Packet ID: 32
[2026-09-02T18:49:05.214+00:00][B] [INFO] Packet Size: 26
[2026-09-02T18:49:05.219+00:00][B] [INFO] Timestamp: 32 ms
[2026-09-02T18:49:05.220+00:00][B] [INFO] Transmission Result: success
[2026-09-02T18:49:05.225+00:00][B] [INFO] --------------------------------
[2026-09-02T18:49:05.225+00:00][B] [INFO] [Heartbeat #32]
[2026-09-02T18:49:05.230+00:00][B] [INFO] Sent
[2026-09-02T18:49:05.231+00:00][B] [INFO] Waiting ACK...
[2026-09-02T18:49:05.231+00:00][B] [INFO] [WAITING ACK]
[2026-09-02T18:49:05.244+00:00][B] [INFO] [RF TX] type=2 source=0x02 destination=0xFF previousHop=0x02 sequence=56 ackSequence=0 ttl=8 hops=0 payloadSize=13 rssi=0 snr=0.00
[2026-09-02T18:49:05.245+00:00][B] [INFO] Heartbeat packet sent
[2026-09-02T18:49:05.970+00:00][B] [INFO] [RF RX] type=2 source=0x01 destination=0xFF previousHop=0x01 sequence=57 ackSequence=0 ttl=8 hops=0 payloadSize=13 rssi=-61 snr=10.00
[2026-09-02T18:49:06.111+00:00][B] [INFO] [RF TX] type=3 source=0x02 destination=0x01 previousHop=0x02 sequence=57 ackSequence=55 ttl=8 hops=0 payloadSize=2 rssi=0 snr=0.00
[2026-09-02T18:49:06.219+00:00][B] [WARN] Retry 1
[2026-09-02T18:49:06.287+00:00][B] [INFO] --------------------------------
[2026-09-02T18:49:06.287+00:00][B] [INFO] [HEARTBEAT TX]
[2026-09-02T18:49:06.292+00:00][B] [INFO] Node ID: 2
[2026-09-02T18:49:06.292+00:00][B] [INFO] type: 2
[2026-09-02T18:49:06.293+00:00][B] [INFO] Destination: 0xFF
[2026-09-02T18:49:06.297+00:00][B] [INFO] Sequence: 56
[2026-09-02T18:49:06.298+00:00][B] [INFO] Packet ID: 32
[2026-09-02T18:49:06.298+00:00][B] [INFO] Packet Size: 26
[2026-09-02T18:49:06.303+00:00][B] [INFO] Timestamp: 32 ms
[2026-09-02T18:49:06.304+00:00][B] [INFO] Transmission Result: success
[2026-09-02T18:49:06.309+00:00][B] [INFO] --------------------------------
[2026-09-02T18:49:06.309+00:00][B] [INFO] [Heartbeat #32]
[2026-09-02T18:49:06.314+00:00][B] [INFO] Sent
[2026-09-02T18:49:06.314+00:00][B] [INFO] Waiting ACK...
[2026-09-02T18:49:06.315+00:00][B] [INFO] [WAITING ACK]
[2026-09-02T18:49:06.328+00:00][B] [INFO] [RF TX] type=2 source=0x02 destination=0xFF previousHop=0x02 sequence=56 ackSequence=0 ttl=8 hops=0 payloadSize=13 rssi=0 snr=0.00
[2026-09-02T18:49:06.329+00:00][B] [INFO] Heartbeat packet sent
[2026-09-02T18:49:07.054+00:00][B] [INFO] [RF RX] type=2 source=0x01 destination=0xFF previousHop=0x01 sequence=57 ackSequence=0 ttl=8 hops=0 payloadSize=13 rssi=-62 snr=9.75
[2026-09-02T18:49:07.203+00:00][B] [INFO] --------------------------------
[2026-09-02T18:49:07.203+00:00][B] [INFO] [HEARTBEAT TX]
[2026-09-02T18:49:07.208+00:00][B] [INFO] Node ID: 2
[2026-09-02T18:49:07.208+00:00][B] [INFO] type: 2
[2026-09-02T18:49:07.208+00:00][B] [INFO] Destination: 0xFF
[2026-09-02T18:49:07.213+00:00][B] [INFO] Sequence: 58
[2026-09-02T18:49:07.214+00:00][B] [INFO] Packet ID: 33
[2026-09-02T18:49:07.214+00:00][B] [INFO] Packet Size: 26
[2026-09-02T18:49:07.219+00:00][B] [INFO] Timestamp: 33 ms
[2026-09-02T18:49:07.219+00:00][B] [INFO] Transmission Result: success
[2026-09-02T18:49:07.224+00:00][B] [INFO] --------------------------------
[2026-09-02T18:49:07.224+00:00][B] [INFO] [Heartbeat #33]
[2026-09-02T18:49:07.230+00:00][B] [INFO] Sent
[2026-09-02T18:49:07.230+00:00][B] [INFO] Waiting ACK...
[2026-09-02T18:49:07.230+00:00][B] [INFO] [WAITING ACK]
[2026-09-02T18:49:07.244+00:00][B] [INFO] [RF TX] type=2 source=0x02 destination=0xFF previousHop=0x02 sequence=58 ackSequence=0 ttl=8 hops=0 payloadSize=13 rssi=0 snr=0.00
[2026-09-02T18:49:07.244+00:00][B] [INFO] Heartbeat packet sent
[2026-09-02T18:49:07.970+00:00][B] [INFO] [RF RX] type=2 source=0x01 destination=0xFF previousHop=0x01 sequence=58 ackSequence=0 ttl=8 hops=0 payloadSize=13 rssi=-61 snr=9.75
[2026-09-02T18:49:08.211+00:00][B] [INFO] [RF RX] type=1 source=0x01 destination=0x02 previousHop=0x01 sequence=59 ackSequence=0 ttl=8 hops=0 payloadSize=4 rssi=-62 snr=9.75
[2026-09-02T18:49:08.270+00:00][B] [INFO] [RF TX] type=3 source=0x02 destination=0x01 previousHop=0x02 sequence=59 ackSequence=59 ttl=8 hops=0 payloadSize=2 rssi=0 snr=0.00
[2026-09-02T18:49:08.271+00:00][B] [WARN] Retry 1
[2026-09-02T18:49:08.336+00:00][B] [INFO] --------------------------------
[2026-09-02T18:49:08.337+00:00][B] [INFO] [HEARTBEAT TX]
[2026-09-02T18:49:08.341+00:00][B] [INFO] Node ID: 2
[2026-09-02T18:49:08.342+00:00][B] [INFO] type: 2
[2026-09-02T18:49:08.342+00:00][B] [INFO] Destination: 0xFF
[2026-09-02T18:49:08.347+00:00][B] [INFO] Sequence: 58
[2026-09-02T18:49:08.347+00:00][B] [INFO] Packet ID: 33
[2026-09-02T18:49:08.348+00:00][B] [INFO] Packet Size: 26
[2026-09-02T18:49:08.353+00:00][B] [INFO] Timestamp: 33 ms
[2026-09-02T18:49:08.353+00:00][B] [INFO] Transmission Result: success
[2026-09-02T18:49:08.358+00:00][B] [INFO] --------------------------------
[2026-09-02T18:49:08.359+00:00][B] [INFO] [Heartbeat #33]
[2026-09-02T18:49:08.364+00:00][B] [INFO] Sent
[2026-09-02T18:49:08.364+00:00][B] [INFO] Waiting ACK...
[2026-09-02T18:49:08.364+00:00][B] [INFO] [WAITING ACK]
[2026-09-02T18:49:08.378+00:00][B] [INFO] [RF TX] type=2 source=0x02 destination=0xFF previousHop=0x02 sequence=58 ackSequence=0 ttl=8 hops=0 payloadSize=13 rssi=0 snr=0.00
[2026-09-02T18:49:08.378+00:00][B] [INFO] Heartbeat packet sent
[2026-09-02T18:49:09.055+00:00][B] [INFO] [RF RX] type=2 source=0x01 destination=0xFF previousHop=0x01 sequence=58 ackSequence=0 ttl=8 hops=0 payloadSize=13 rssi=-62 snr=9.75
[2026-09-02T18:49:09.203+00:00][B] [INFO] --------------------------------
[2026-09-02T18:49:09.203+00:00][B] [INFO] [HEARTBEAT TX]
[2026-09-02T18:49:09.208+00:00][B] [INFO] Node ID: 2
[2026-09-02T18:49:09.208+00:00][B] [INFO] type: 2
[2026-09-02T18:49:09.208+00:00][B] [INFO] Destination: 0xFF
[2026-09-02T18:49:09.213+00:00][B] [INFO] Sequence: 60
[2026-09-02T18:49:09.214+00:00][B] [INFO] Packet ID: 34
[2026-09-02T18:49:09.214+00:00][B] [INFO] Packet Size: 26
[2026-09-02T18:49:09.219+00:00][B] [INFO] Timestamp: 34 ms
[2026-09-02T18:49:09.219+00:00][B] [INFO] Transmission Result: success
[2026-09-02T18:49:09.225+00:00][B] [INFO] --------------------------------
[2026-09-02T18:49:09.225+00:00][B] [INFO] [Heartbeat #34]
[2026-09-02T18:49:09.230+00:00][B] [INFO] Sent
[2026-09-02T18:49:09.231+00:00][B] [INFO] Waiting ACK...
[2026-09-02T18:49:09.232+00:00][B] [INFO] [WAITING ACK]
[2026-09-02T18:49:09.244+00:00][B] [INFO] [RF TX] type=2 source=0x02 destination=0xFF previousHop=0x02 sequence=60 ackSequence=0 ttl=8 hops=0 payloadSize=13 rssi=0 snr=0.00
[2026-09-02T18:49:09.245+00:00][B] [INFO] Heartbeat packet sent
[2026-09-02T18:49:09.398+00:00][B] [INFO] [RF RX] type=1 source=0x01 destination=0x02 previousHop=0x01 sequence=60 ackSequence=0 ttl=8 hops=0 payloadSize=4 rssi=-61 snr=9.75
[2026-09-02T18:49:09.456+00:00][B] [INFO] [RF TX] type=3 source=0x02 destination=0x01 previousHop=0x02 sequence=61 ackSequence=60 ttl=8 hops=0 payloadSize=2 rssi=0 snr=0.00
[2026-09-02T18:49:09.522+00:00][B] [INFO] [RF RX] type=1 source=0x01 destination=0x02 previousHop=0x01 sequence=61 ackSequence=0 ttl=8 hops=0 payloadSize=4 rssi=-61 snr=9.25
[2026-09-02T18:49:09.580+00:00][B] [INFO] [RF TX] type=3 source=0x02 destination=0x01 previousHop=0x02 sequence=62 ackSequence=61 ttl=8 hops=0 payloadSize=2 rssi=0 snr=0.00
[2026-09-02T18:49:09.646+00:00][B] [INFO] [RF RX] type=1 source=0x01 destination=0x02 previousHop=0x01 sequence=62 ackSequence=0 ttl=8 hops=0 payloadSize=4 rssi=-61 snr=10.00
[2026-09-02T18:49:09.703+00:00][B] [INFO] [RF TX] type=3 source=0x02 destination=0x01 previousHop=0x02 sequence=63 ackSequence=62 ttl=8 hops=0 payloadSize=2 rssi=0 snr=0.00
[2026-09-02T18:49:09.770+00:00][B] [INFO] [RF RX] type=1 source=0x01 destination=0x02 previousHop=0x01 sequence=63 ackSequence=0 ttl=8 hops=0 payloadSize=4 rssi=-62 snr=10.00
[2026-09-02T18:49:09.827+00:00][B] [INFO] [RF TX] type=3 source=0x02 destination=0x01 previousHop=0x02 sequence=64 ackSequence=63 ttl=8 hops=0 payloadSize=2 rssi=0 snr=0.00
[2026-09-02T18:49:09.894+00:00][B] [INFO] [RF RX] type=1 source=0x01 destination=0x02 previousHop=0x01 sequence=64 ackSequence=0 ttl=8 hops=0 payloadSize=4 rssi=-62 snr=9.50
[2026-09-02T18:49:09.952+00:00][B] [INFO] [RF TX] type=3 source=0x02 destination=0x01 previousHop=0x02 sequence=65 ackSequence=64 ttl=8 hops=0 payloadSize=2 rssi=0 snr=0.00
[2026-09-02T18:49:10.220+00:00][B] [WARN] Retry 1
[2026-09-02T18:49:10.286+00:00][B] [INFO] --------------------------------
[2026-09-02T18:49:10.286+00:00][B] [INFO] [HEARTBEAT TX]
[2026-09-02T18:49:10.291+00:00][B] [INFO] Node ID: 2
[2026-09-02T18:49:10.292+00:00][B] [INFO] type: 2
[2026-09-02T18:49:10.292+00:00][B] [INFO] Destination: 0xFF
[2026-09-02T18:49:10.297+00:00][B] [INFO] Sequence: 60
[2026-09-02T18:49:10.297+00:00][B] [INFO] Packet ID: 34
[2026-09-02T18:49:10.297+00:00][B] [INFO] Packet Size: 26
[2026-09-02T18:49:10.302+00:00][B] [INFO] Timestamp: 34 ms
[2026-09-02T18:49:10.303+00:00][B] [INFO] Transmission Result: success
[2026-09-02T18:49:10.308+00:00][B] [INFO] --------------------------------
[2026-09-02T18:49:10.308+00:00][B] [INFO] [Heartbeat #34]
[2026-09-02T18:49:10.314+00:00][B] [INFO] Sent
[2026-09-02T18:49:10.314+00:00][B] [INFO] Waiting ACK...
[2026-09-02T18:49:10.314+00:00][B] [INFO] [WAITING ACK]
[2026-09-02T18:49:10.328+00:00][B] [INFO] [RF TX] type=2 source=0x02 destination=0xFF previousHop=0x02 sequence=60 ackSequence=0 ttl=8 hops=0 payloadSize=13 rssi=0 snr=0.00
[2026-09-02T18:49:10.328+00:00][B] [INFO] Heartbeat packet sent
[2026-09-02T18:49:11.003+00:00][B] [INFO] [RF TX] type=3 source=0x02 destination=0x01 previousHop=0x02 sequence=66 ackSequence=64 ttl=8 hops=0 payloadSize=2 rssi=0 snr=0.00
[2026-09-02T18:49:11.203+00:00][B] [INFO] --------------------------------
[2026-09-02T18:49:11.203+00:00][B] [INFO] [HEARTBEAT TX]
[2026-09-02T18:49:11.208+00:00][B] [INFO] Node ID: 2
[2026-09-02T18:49:11.208+00:00][B] [INFO] type: 2
[2026-09-02T18:49:11.208+00:00][B] [INFO] Destination: 0xFF
[2026-09-02T18:49:11.213+00:00][B] [INFO] Sequence: 67
[2026-09-02T18:49:11.214+00:00][B] [INFO] Packet ID: 35
[2026-09-02T18:49:11.214+00:00][B] [INFO] Packet Size: 26
[2026-09-02T18:49:11.219+00:00][B] [INFO] Timestamp: 35 ms
[2026-09-02T18:49:11.220+00:00][B] [INFO] Transmission Result: success
[2026-09-02T18:49:11.225+00:00][B] [INFO] --------------------------------
[2026-09-02T18:49:11.225+00:00][B] [INFO] [Heartbeat #35]
[2026-09-02T18:49:11.230+00:00][B] [INFO] Sent
[2026-09-02T18:49:11.231+00:00][B] [INFO] Waiting ACK...
[2026-09-02T18:49:11.231+00:00][B] [INFO] [WAITING ACK]
[2026-09-02T18:49:11.244+00:00][B] [INFO] [RF TX] type=2 source=0x02 destination=0xFF previousHop=0x02 sequence=67 ackSequence=0 ttl=8 hops=0 payloadSize=13 rssi=0 snr=0.00
[2026-09-02T18:49:11.244+00:00][B] [INFO] Heartbeat packet sent
[2026-09-02T18:49:11.970+00:00][B] [INFO] [RF RX] type=2 source=0x01 destination=0xFF previousHop=0x01 sequence=66 ackSequence=0 ttl=8 hops=0 payloadSize=13 rssi=-62 snr=9.75
[2026-09-02T18:49:12.111+00:00][B] [INFO] [RF TX] type=3 source=0x02 destination=0x01 previousHop=0x02 sequence=68 ackSequence=64 ttl=8 hops=0 payloadSize=2 rssi=0 snr=0.00
[2026-09-02T18:49:12.219+00:00][B] [WARN] Retry 1
[2026-09-02T18:49:12.287+00:00][B] [INFO] --------------------------------
[2026-09-02T18:49:12.287+00:00][B] [INFO] [HEARTBEAT TX]
[2026-09-02T18:49:12.292+00:00][B] [INFO] Node ID: 2
[2026-09-02T18:49:12.292+00:00][B] [INFO] type: 2
[2026-09-02T18:49:12.293+00:00][B] [INFO] Destination: 0xFF
[2026-09-02T18:49:12.297+00:00][B] [INFO] Sequence: 67
[2026-09-02T18:49:12.298+00:00][B] [INFO] Packet ID: 35
[2026-09-02T18:49:12.298+00:00][B] [INFO] Packet Size: 26
[2026-09-02T18:49:12.303+00:00][B] [INFO] Timestamp: 35 ms
[2026-09-02T18:49:12.303+00:00][B] [INFO] Transmission Result: success
[2026-09-02T18:49:12.308+00:00][B] [INFO] --------------------------------
[2026-09-02T18:49:12.309+00:00][B] [INFO] [Heartbeat #35]
[2026-09-02T18:49:12.314+00:00][B] [INFO] Sent
[2026-09-02T18:49:12.314+00:00][B] [INFO] Waiting ACK...
[2026-09-02T18:49:12.314+00:00][B] [INFO] [WAITING ACK]
[2026-09-02T18:49:12.328+00:00][B] [INFO] [RF TX] type=2 source=0x02 destination=0xFF previousHop=0x02 sequence=67 ackSequence=0 ttl=8 hops=0 payloadSize=13 rssi=0 snr=0.00
[2026-09-02T18:49:12.328+00:00][B] [INFO] Heartbeat packet sent
[2026-09-02T18:49:13.054+00:00][B] [INFO] [RF RX] type=2 source=0x01 destination=0xFF previousHop=0x01 sequence=66 ackSequence=0 ttl=8 hops=0 payloadSize=13 rssi=-61 snr=10.00
[2026-09-02T18:49:13.203+00:00][B] [INFO] --------------------------------
[2026-09-02T18:49:13.203+00:00][B] [INFO] [HEARTBEAT TX]
[2026-09-02T18:49:13.208+00:00][B] [INFO] Node ID: 2
[2026-09-02T18:49:13.208+00:00][B] [INFO] type: 2
[2026-09-02T18:49:13.208+00:00][B] [INFO] Destination: 0xFF
[2026-09-02T18:49:13.213+00:00][B] [INFO] Sequence: 69
[2026-09-02T18:49:13.214+00:00][B] [INFO] Packet ID: 36
[2026-09-02T18:49:13.214+00:00][B] [INFO] Packet Size: 26
[2026-09-02T18:49:13.219+00:00][B] [INFO] Timestamp: 36 ms
[2026-09-02T18:49:13.219+00:00][B] [INFO] Transmission Result: success
[2026-09-02T18:49:13.225+00:00][B] [INFO] --------------------------------
[2026-09-02T18:49:13.225+00:00][B] [INFO] [Heartbeat #36]
[2026-09-02T18:49:13.230+00:00][B] [INFO] Sent
[2026-09-02T18:49:13.230+00:00][B] [INFO] Waiting ACK...
[2026-09-02T18:49:13.230+00:00][B] [INFO] [WAITING ACK]
[2026-09-02T18:49:13.244+00:00][B] [INFO] [RF TX] type=2 source=0x02 destination=0xFF previousHop=0x02 sequence=69 ackSequence=0 ttl=8 hops=0 payloadSize=13 rssi=0 snr=0.00
[2026-09-02T18:49:13.244+00:00][B] [INFO] Heartbeat packet sent
[2026-09-02T18:49:13.970+00:00][B] [INFO] [RF RX] type=2 source=0x01 destination=0xFF previousHop=0x01 sequence=67 ackSequence=0 ttl=8 hops=0 payloadSize=13 rssi=-61 snr=9.25
[2026-09-02T18:49:14.211+00:00][B] [INFO] [RF RX] type=1 source=0x01 destination=0x02 previousHop=0x01 sequence=68 ackSequence=0 ttl=8 hops=0 payloadSize=4 rssi=-61 snr=10.50
[2026-09-02T18:49:14.271+00:00][B] [INFO] [RF TX] type=3 source=0x02 destination=0x01 previousHop=0x02 sequence=70 ackSequence=68 ttl=8 hops=0 payloadSize=2 rssi=0 snr=0.00
[2026-09-02T18:49:14.271+00:00][B] [WARN] Retry 1
[2026-09-02T18:49:14.336+00:00][B] [INFO] --------------------------------
[2026-09-02T18:49:14.337+00:00][B] [INFO] [HEARTBEAT TX]
[2026-09-02T18:49:14.341+00:00][B] [INFO] Node ID: 2
[2026-09-02T18:49:14.342+00:00][B] [INFO] type: 2
[2026-09-02T18:49:14.342+00:00][B] [INFO] Destination: 0xFF
[2026-09-02T18:49:14.347+00:00][B] [INFO] Sequence: 69
[2026-09-02T18:49:14.348+00:00][B] [INFO] Packet ID: 36
[2026-09-02T18:49:14.348+00:00][B] [INFO] Packet Size: 26
[2026-09-02T18:49:14.353+00:00][B] [INFO] Timestamp: 36 ms
[2026-09-02T18:49:14.353+00:00][B] [INFO] Transmission Result: success
[2026-09-02T18:49:14.358+00:00][B] [INFO] --------------------------------
[2026-09-02T18:49:14.358+00:00][B] [INFO] [Heartbeat #36]
[2026-09-02T18:49:14.364+00:00][B] [INFO] Sent
[2026-09-02T18:49:14.364+00:00][B] [INFO] Waiting ACK...
[2026-09-02T18:49:14.364+00:00][B] [INFO] [WAITING ACK]
[2026-09-02T18:49:14.378+00:00][B] [INFO] [RF TX] type=2 source=0x02 destination=0xFF previousHop=0x02 sequence=69 ackSequence=0 ttl=8 hops=0 payloadSize=13 rssi=0 snr=0.00
[2026-09-02T18:49:14.378+00:00][B] [INFO] Heartbeat packet sent
[2026-09-02T18:49:15.054+00:00][B] [INFO] [RF RX] type=2 source=0x01 destination=0xFF previousHop=0x01 sequence=67 ackSequence=0 ttl=8 hops=0 payloadSize=13 rssi=-60 snr=9.50
[2026-09-02T18:49:15.203+00:00][B] [INFO] --------------------------------
[2026-09-02T18:49:15.203+00:00][B] [INFO] [HEARTBEAT TX]
[2026-09-02T18:49:15.208+00:00][B] [INFO] Node ID: 2
[2026-09-02T18:49:15.208+00:00][B] [INFO] type: 2
[2026-09-02T18:49:15.208+00:00][B] [INFO] Destination: 0xFF
[2026-09-02T18:49:15.213+00:00][B] [INFO] Sequence: 71
[2026-09-02T18:49:15.214+00:00][B] [INFO] Packet ID: 37
[2026-09-02T18:49:15.214+00:00][B] [INFO] Packet Size: 26
[2026-09-02T18:49:15.219+00:00][B] [INFO] Timestamp: 37 ms
[2026-09-02T18:49:15.220+00:00][B] [INFO] Transmission Result: success
[2026-09-02T18:49:15.224+00:00][B] [INFO] --------------------------------
[2026-09-02T18:49:15.225+00:00][B] [INFO] [Heartbeat #37]
[2026-09-02T18:49:15.230+00:00][B] [INFO] Sent
[2026-09-02T18:49:15.230+00:00][B] [INFO] Waiting ACK...
[2026-09-02T18:49:15.231+00:00][B] [INFO] [WAITING ACK]
[2026-09-02T18:49:15.244+00:00][B] [INFO] [RF TX] type=2 source=0x02 destination=0xFF previousHop=0x02 sequence=71 ackSequence=0 ttl=8 hops=0 payloadSize=13 rssi=0 snr=0.00
[2026-09-02T18:49:15.244+00:00][B] [INFO] Heartbeat packet sent
[2026-09-02T18:49:15.398+00:00][B] [INFO] [RF RX] type=1 source=0x01 destination=0x02 previousHop=0x01 sequence=69 ackSequence=0 ttl=8 hops=0 payloadSize=4 rssi=-61 snr=10.00
[2026-09-02T18:49:15.456+00:00][B] [INFO] [RF TX] type=3 source=0x02 destination=0x01 previousHop=0x02 sequence=72 ackSequence=69 ttl=8 hops=0 payloadSize=2 rssi=0 snr=0.00
[2026-09-02T18:49:15.522+00:00][B] [INFO] [RF RX] type=1 source=0x01 destination=0x02 previousHop=0x01 sequence=70 ackSequence=0 ttl=8 hops=0 payloadSize=4 rssi=-62 snr=9.75
[2026-09-02T18:49:15.580+00:00][B] [INFO] [RF TX] type=3 source=0x02 destination=0x01 previousHop=0x02 sequence=73 ackSequence=70 ttl=8 hops=0 payloadSize=2 rssi=0 snr=0.00
[2026-09-02T18:49:15.646+00:00][B] [INFO] [RF RX] type=1 source=0x01 destination=0x02 previousHop=0x01 sequence=71 ackSequence=0 ttl=8 hops=0 payloadSize=4 rssi=-62 snr=10.00
[2026-09-02T18:49:15.704+00:00][B] [INFO] [RF TX] type=3 source=0x02 destination=0x01 previousHop=0x02 sequence=74 ackSequence=71 ttl=8 hops=0 payloadSize=2 rssi=0 snr=0.00
[2026-09-02T18:49:15.770+00:00][B] [INFO] [RF RX] type=1 source=0x01 destination=0x02 previousHop=0x01 sequence=72 ackSequence=0 ttl=8 hops=0 payloadSize=4 rssi=-61 snr=10.25
[2026-09-02T18:49:15.827+00:00][B] [INFO] [RF TX] type=3 source=0x02 destination=0x01 previousHop=0x02 sequence=75 ackSequence=72 ttl=8 hops=0 payloadSize=2 rssi=0 snr=0.00
[2026-09-02T18:49:15.894+00:00][B] [INFO] [RF RX] type=1 source=0x01 destination=0x02 previousHop=0x01 sequence=73 ackSequence=0 ttl=8 hops=0 payloadSize=4 rssi=-62 snr=10.25
[2026-09-02T18:49:15.951+00:00][B] [INFO] [RF TX] type=3 source=0x02 destination=0x01 previousHop=0x02 sequence=76 ackSequence=73 ttl=8 hops=0 payloadSize=2 rssi=0 snr=0.00
[2026-09-02T18:49:16.219+00:00][B] [WARN] Retry 1
[2026-09-02T18:49:16.286+00:00][B] [INFO] --------------------------------
[2026-09-02T18:49:16.287+00:00][B] [INFO] [HEARTBEAT TX]
[2026-09-02T18:49:16.291+00:00][B] [INFO] Node ID: 2
[2026-09-02T18:49:16.292+00:00][B] [INFO] type: 2
[2026-09-02T18:49:16.292+00:00][B] [INFO] Destination: 0xFF
[2026-09-02T18:49:16.297+00:00][B] [INFO] Sequence: 71
[2026-09-02T18:49:16.298+00:00][B] [INFO] Packet ID: 37
[2026-09-02T18:49:16.298+00:00][B] [INFO] Packet Size: 26
[2026-09-02T18:49:16.303+00:00][B] [INFO] Timestamp: 37 ms
[2026-09-02T18:49:16.303+00:00][B] [INFO] Transmission Result: success
[2026-09-02T18:49:16.308+00:00][B] [INFO] --------------------------------
[2026-09-02T18:49:16.309+00:00][B] [INFO] [Heartbeat #37]
[2026-09-02T18:49:16.314+00:00][B] [INFO] Sent
[2026-09-02T18:49:16.314+00:00][B] [INFO] Waiting ACK...
[2026-09-02T18:49:16.315+00:00][B] [INFO] [WAITING ACK]
[2026-09-02T18:49:16.328+00:00][B] [INFO] [RF TX] type=2 source=0x02 destination=0xFF previousHop=0x02 sequence=71 ackSequence=0 ttl=8 hops=0 payloadSize=13 rssi=0 snr=0.00
[2026-09-02T18:49:16.329+00:00][B] [INFO] Heartbeat packet sent
[2026-09-02T18:49:17.003+00:00][B] [INFO] [RF TX] type=3 source=0x02 destination=0x01 previousHop=0x02 sequence=77 ackSequence=73 ttl=8 hops=0 payloadSize=2 rssi=0 snr=0.00
[2026-09-02T18:49:17.202+00:00][B] [INFO] --------------------------------
[2026-09-02T18:49:17.203+00:00][B] [INFO] [HEARTBEAT TX]
[2026-09-02T18:49:17.207+00:00][B] [INFO] Node ID: 2
[2026-09-02T18:49:17.208+00:00][B] [INFO] type: 2
[2026-09-02T18:49:17.208+00:00][B] [INFO] Destination: 0xFF
[2026-09-02T18:49:17.213+00:00][B] [INFO] Sequence: 78
[2026-09-02T18:49:17.214+00:00][B] [INFO] Packet ID: 38
[2026-09-02T18:49:17.214+00:00][B] [INFO] Packet Size: 26
[2026-09-02T18:49:17.219+00:00][B] [INFO] Timestamp: 38 ms
[2026-09-02T18:49:17.219+00:00][B] [INFO] Transmission Result: success
[2026-09-02T18:49:17.224+00:00][B] [INFO] --------------------------------
[2026-09-02T18:49:17.225+00:00][B] [INFO] [Heartbeat #38]
[2026-09-02T18:49:17.230+00:00][B] [INFO] Sent
[2026-09-02T18:49:17.230+00:00][B] [INFO] Waiting ACK...
[2026-09-02T18:49:17.231+00:00][B] [INFO] [WAITING ACK]
[2026-09-02T18:49:17.244+00:00][B] [INFO] [RF TX] type=2 source=0x02 destination=0xFF previousHop=0x02 sequence=78 ackSequence=0 ttl=8 hops=0 payloadSize=13 rssi=0 snr=0.00
[2026-09-02T18:49:17.244+00:00][B] [INFO] Heartbeat packet sent
[2026-09-02T18:49:17.970+00:00][B] [INFO] [RF RX] type=2 source=0x01 destination=0xFF previousHop=0x01 sequence=75 ackSequence=0 ttl=8 hops=0 payloadSize=13 rssi=-62 snr=9.75
[2026-09-02T18:49:18.111+00:00][B] [INFO] [RF TX] type=3 source=0x02 destination=0x01 previousHop=0x02 sequence=79 ackSequence=73 ttl=8 hops=0 payloadSize=2 rssi=0 snr=0.00
[2026-09-02T18:49:18.219+00:00][B] [WARN] Retry 1
[2026-09-02T18:49:18.286+00:00][B] [INFO] --------------------------------
[2026-09-02T18:49:18.287+00:00][B] [INFO] [HEARTBEAT TX]
[2026-09-02T18:49:18.291+00:00][B] [INFO] Node ID: 2
[2026-09-02T18:49:18.292+00:00][B] [INFO] type: 2
[2026-09-02T18:49:18.292+00:00][B] [INFO] Destination: 0xFF
[2026-09-02T18:49:18.297+00:00][B] [INFO] Sequence: 78
[2026-09-02T18:49:18.297+00:00][B] [INFO] Packet ID: 38
[2026-09-02T18:49:18.298+00:00][B] [INFO] Packet Size: 26
[2026-09-02T18:49:18.303+00:00][B] [INFO] Timestamp: 38 ms
[2026-09-02T18:49:18.303+00:00][B] [INFO] Transmission Result: success
[2026-09-02T18:49:18.308+00:00][B] [INFO] --------------------------------
[2026-09-02T18:49:18.309+00:00][B] [INFO] [Heartbeat #38]
[2026-09-02T18:49:18.314+00:00][B] [INFO] Sent
[2026-09-02T18:49:18.314+00:00][B] [INFO] Waiting ACK...
[2026-09-02T18:49:18.314+00:00][B] [INFO] [WAITING ACK]
[2026-09-02T18:49:18.328+00:00][B] [INFO] [RF TX] type=2 source=0x02 destination=0xFF previousHop=0x02 sequence=78 ackSequence=0 ttl=8 hops=0 payloadSize=13 rssi=0 snr=0.00
[2026-09-02T18:49:18.328+00:00][B] [INFO] Heartbeat packet sent
[2026-09-02T18:49:19.054+00:00][B] [INFO] [RF RX] type=2 source=0x01 destination=0xFF previousHop=0x01 sequence=75 ackSequence=0 ttl=8 hops=0 payloadSize=13 rssi=-61 snr=9.75
[2026-09-02T18:49:19.202+00:00][B] [INFO] --------------------------------
[2026-09-02T18:49:19.203+00:00][B] [INFO] [HEARTBEAT TX]
[2026-09-02T18:49:19.207+00:00][B] [INFO] Node ID: 2
[2026-09-02T18:49:19.208+00:00][B] [INFO] type: 2
[2026-09-02T18:49:19.208+00:00][B] [INFO] Destination: 0xFF
[2026-09-02T18:49:19.213+00:00][B] [INFO] Sequence: 80
[2026-09-02T18:49:19.214+00:00][B] [INFO] Packet ID: 39
[2026-09-02T18:49:19.214+00:00][B] [INFO] Packet Size: 26
[2026-09-02T18:49:19.219+00:00][B] [INFO] Timestamp: 39 ms
[2026-09-02T18:49:19.219+00:00][B] [INFO] Transmission Result: success
[2026-09-02T18:49:19.224+00:00][B] [INFO] --------------------------------
[2026-09-02T18:49:19.225+00:00][B] [INFO] [Heartbeat #39]
[2026-09-02T18:49:19.230+00:00][B] [INFO] Sent
[2026-09-02T18:49:19.230+00:00][B] [INFO] Waiting ACK...
[2026-09-02T18:49:19.231+00:00][B] [INFO] [WAITING ACK]
[2026-09-02T18:49:19.244+00:00][B] [INFO] [RF TX] type=2 source=0x02 destination=0xFF previousHop=0x02 sequence=80 ackSequence=0 ttl=8 hops=0 payloadSize=13 rssi=0 snr=0.00
[2026-09-02T18:49:19.244+00:00][B] [INFO] Heartbeat packet sent
[2026-09-02T18:49:19.970+00:00][B] [INFO] [RF RX] type=2 source=0x01 destination=0xFF previousHop=0x01 sequence=76 ackSequence=0 ttl=8 hops=0 payloadSize=13 rssi=-60 snr=9.75
[2026-09-02T18:49:20.211+00:00][B] [INFO] [RF RX] type=1 source=0x01 destination=0x02 previousHop=0x01 sequence=77 ackSequence=0 ttl=8 hops=0 payloadSize=4 rssi=-61 snr=9.75
[2026-09-02T18:49:20.271+00:00][B] [INFO] [RF TX] type=3 source=0x02 destination=0x01 previousHop=0x02 sequence=81 ackSequence=77 ttl=8 hops=0 payloadSize=2 rssi=0 snr=0.00
[2026-09-02T18:49:20.272+00:00][B] [WARN] Retry 1
[2026-09-02T18:49:20.336+00:00][B] [INFO] --------------------------------
[2026-09-02T18:49:20.336+00:00][B] [INFO] [HEARTBEAT TX]
[2026-09-02T18:49:20.341+00:00][B] [INFO] Node ID: 2
[2026-09-02T18:49:20.341+00:00][B] [INFO] type: 2
[2026-09-02T18:49:20.342+00:00][B] [INFO] Destination: 0xFF
[2026-09-02T18:49:20.347+00:00][B] [INFO] Sequence: 80
[2026-09-02T18:49:20.347+00:00][B] [INFO] Packet ID: 39
[2026-09-02T18:49:20.348+00:00][B] [INFO] Packet Size: 26
[2026-09-02T18:49:20.352+00:00][B] [INFO] Timestamp: 39 ms
[2026-09-02T18:49:20.353+00:00][B] [INFO] Transmission Result: success
[2026-09-02T18:49:20.358+00:00][B] [INFO] --------------------------------
[2026-09-02T18:49:20.358+00:00][B] [INFO] [Heartbeat #39]
[2026-09-02T18:49:20.364+00:00][B] [INFO] Sent
[2026-09-02T18:49:20.364+00:00][B] [INFO] Waiting ACK...
[2026-09-02T18:49:20.364+00:00][B] [INFO] [WAITING ACK]
[2026-09-02T18:49:20.378+00:00][B] [INFO] [RF TX] type=2 source=0x02 destination=0xFF previousHop=0x02 sequence=80 ackSequence=0 ttl=8 hops=0 payloadSize=13 rssi=0 snr=0.00
[2026-09-02T18:49:20.378+00:00][B] [INFO] Heartbeat packet sent
[2026-09-02T18:49:21.054+00:00][B] [INFO] [RF RX] type=2 source=0x01 destination=0xFF previousHop=0x01 sequence=76 ackSequence=0 ttl=8 hops=0 payloadSize=13 rssi=-61 snr=10.00
[2026-09-02T18:49:21.202+00:00][B] [INFO] --------------------------------
[2026-09-02T18:49:21.203+00:00][B] [INFO] [HEARTBEAT TX]
[2026-09-02T18:49:21.207+00:00][B] [INFO] Node ID: 2
[2026-09-02T18:49:21.208+00:00][B] [INFO] type: 2
[2026-09-02T18:49:21.208+00:00][B] [INFO] Destination: 0xFF
[2026-09-02T18:49:21.213+00:00][B] [INFO] Sequence: 82
[2026-09-02T18:49:21.214+00:00][B] [INFO] Packet ID: 40
[2026-09-02T18:49:21.214+00:00][B] [INFO] Packet Size: 26
[2026-09-02T18:49:21.219+00:00][B] [INFO] Timestamp: 40 ms
[2026-09-02T18:49:21.219+00:00][B] [INFO] Transmission Result: success
[2026-09-02T18:49:21.224+00:00][B] [INFO] --------------------------------
[2026-09-02T18:49:21.225+00:00][B] [INFO] [Heartbeat #40]
[2026-09-02T18:49:21.230+00:00][B] [INFO] Sent
[2026-09-02T18:49:21.230+00:00][B] [INFO] Waiting ACK...
[2026-09-02T18:49:21.231+00:00][B] [INFO] [WAITING ACK]
[2026-09-02T18:49:21.244+00:00][B] [INFO] [RF TX] type=2 source=0x02 destination=0xFF previousHop=0x02 sequence=82 ackSequence=0 ttl=8 hops=0 payloadSize=13 rssi=0 snr=0.00
[2026-09-02T18:49:21.244+00:00][B] [INFO] Heartbeat packet sent
[2026-09-02T18:49:21.398+00:00][B] [INFO] [RF RX] type=1 source=0x01 destination=0x02 previousHop=0x01 sequence=78 ackSequence=0 ttl=8 hops=0 payloadSize=4 rssi=-62 snr=9.25
[2026-09-02T18:49:21.455+00:00][B] [INFO] [RF TX] type=3 source=0x02 destination=0x01 previousHop=0x02 sequence=83 ackSequence=78 ttl=8 hops=0 payloadSize=2 rssi=0 snr=0.00
[2026-09-02T18:49:21.522+00:00][B] [INFO] [RF RX] type=1 source=0x01 destination=0x02 previousHop=0x01 sequence=79 ackSequence=0 ttl=8 hops=0 payloadSize=4 rssi=-63 snr=9.50
[2026-09-02T18:49:21.579+00:00][B] [INFO] [RF TX] type=3 source=0x02 destination=0x01 previousHop=0x02 sequence=84 ackSequence=79 ttl=8 hops=0 payloadSize=2 rssi=0 snr=0.00
[2026-09-02T18:49:21.646+00:00][B] [INFO] [RF RX] type=1 source=0x01 destination=0x02 previousHop=0x01 sequence=80 ackSequence=0 ttl=8 hops=0 payloadSize=4 rssi=-63 snr=9.25
[2026-09-02T18:49:21.703+00:00][B] [INFO] [RF TX] type=3 source=0x02 destination=0x01 previousHop=0x02 sequence=85 ackSequence=80 ttl=8 hops=0 payloadSize=2 rssi=0 snr=0.00
[2026-09-02T18:49:21.769+00:00][B] [INFO] [RF RX] type=1 source=0x01 destination=0x02 previousHop=0x01 sequence=81 ackSequence=0 ttl=8 hops=0 payloadSize=4 rssi=-62 snr=9.50
[2026-09-02T18:49:21.827+00:00][B] [INFO] [RF TX] type=3 source=0x02 destination=0x01 previousHop=0x02 sequence=86 ackSequence=81 ttl=8 hops=0 payloadSize=2 rssi=0 snr=0.00
[2026-09-02T18:49:21.893+00:00][B] [INFO] [RF RX] type=1 source=0x01 destination=0x02 previousHop=0x01 sequence=82 ackSequence=0 ttl=8 hops=0 payloadSize=4 rssi=-62 snr=9.50
[2026-09-02T18:49:21.951+00:00][B] [INFO] [RF TX] type=3 source=0x02 destination=0x01 previousHop=0x02 sequence=87 ackSequence=82 ttl=8 hops=0 payloadSize=2 rssi=0 snr=0.00
[2026-09-02T18:49:22.219+00:00][B] [WARN] Retry 1
[2026-09-02T18:49:22.286+00:00][B] [INFO] --------------------------------
[2026-09-02T18:49:22.287+00:00][B] [INFO] [HEARTBEAT TX]
[2026-09-02T18:49:22.291+00:00][B] [INFO] Node ID: 2
[2026-09-02T18:49:22.292+00:00][B] [INFO] type: 2
[2026-09-02T18:49:22.292+00:00][B] [INFO] Destination: 0xFF
[2026-09-02T18:49:22.297+00:00][B] [INFO] Sequence: 82
[2026-09-02T18:49:22.297+00:00][B] [INFO] Packet ID: 40
[2026-09-02T18:49:22.298+00:00][B] [INFO] Packet Size: 26
[2026-09-02T18:49:22.303+00:00][B] [INFO] Timestamp: 40 ms
[2026-09-02T18:49:22.303+00:00][B] [INFO] Transmission Result: success
[2026-09-02T18:49:22.308+00:00][B] [INFO] --------------------------------
[2026-09-02T18:49:22.309+00:00][B] [INFO] [Heartbeat #40]
[2026-09-02T18:49:22.314+00:00][B] [INFO] Sent
[2026-09-02T18:49:22.314+00:00][B] [INFO] Waiting ACK...
[2026-09-02T18:49:22.315+00:00][B] [INFO] [WAITING ACK]
[2026-09-02T18:49:22.328+00:00][B] [INFO] [RF TX] type=2 source=0x02 destination=0xFF previousHop=0x02 sequence=82 ackSequence=0 ttl=8 hops=0 payloadSize=13 rssi=0 snr=0.00
[2026-09-02T18:49:22.328+00:00][B] [INFO] Heartbeat packet sent
[2026-09-02T18:49:23.003+00:00][B] [INFO] [RF TX] type=3 source=0x02 destination=0x01 previousHop=0x02 sequence=88 ackSequence=82 ttl=8 hops=0 payloadSize=2 rssi=0 snr=0.00
[2026-09-02T18:49:23.203+00:00][B] [INFO] --------------------------------
[2026-09-02T18:49:23.203+00:00][B] [INFO] [HEARTBEAT TX]
[2026-09-02T18:49:23.207+00:00][B] [INFO] Node ID: 2
[2026-09-02T18:49:23.208+00:00][B] [INFO] type: 2
[2026-09-02T18:49:23.208+00:00][B] [INFO] Destination: 0xFF
[2026-09-02T18:49:23.214+00:00][B] [INFO] Sequence: 89
[2026-09-02T18:49:23.215+00:00][B] [INFO] Packet ID: 41
[2026-09-02T18:49:23.215+00:00][B] [INFO] Packet Size: 26
[2026-09-02T18:49:23.218+00:00][B] [INFO] Timestamp: 41 ms
[2026-09-02T18:49:23.219+00:00][B] [INFO] Transmission Result: success
[2026-09-02T18:49:23.224+00:00][B] [INFO] --------------------------------
[2026-09-02T18:49:23.224+00:00][B] [INFO] [Heartbeat #41]
[2026-09-02T18:49:23.230+00:00][B] [INFO] Sent
[2026-09-02T18:49:23.230+00:00][B] [INFO] Waiting ACK...
[2026-09-02T18:49:23.230+00:00][B] [INFO] [WAITING ACK]
[2026-09-02T18:49:23.244+00:00][B] [INFO] [RF TX] type=2 source=0x02 destination=0xFF previousHop=0x02 sequence=89 ackSequence=0 ttl=8 hops=0 payloadSize=13 rssi=0 snr=0.00
[2026-09-02T18:49:23.244+00:00][B] [INFO] Heartbeat packet sent
[2026-09-02T18:49:23.970+00:00][B] [INFO] [RF RX] type=2 source=0x01 destination=0xFF previousHop=0x01 sequence=84 ackSequence=0 ttl=8 hops=0 payloadSize=13 rssi=-61 snr=10.00
[2026-09-02T18:49:24.111+00:00][B] [INFO] [RF TX] type=3 source=0x02 destination=0x01 previousHop=0x02 sequence=90 ackSequence=82 ttl=8 hops=0 payloadSize=2 rssi=0 snr=0.00
[2026-09-02T18:49:24.219+00:00][B] [WARN] Retry 1
[2026-09-02T18:49:24.286+00:00][B] [INFO] --------------------------------
[2026-09-02T18:49:24.287+00:00][B] [INFO] [HEARTBEAT TX]
[2026-09-02T18:49:24.291+00:00][B] [INFO] Node ID: 2
[2026-09-02T18:49:24.292+00:00][B] [INFO] type: 2
[2026-09-02T18:49:24.292+00:00][B] [INFO] Destination: 0xFF
[2026-09-02T18:49:24.297+00:00][B] [INFO] Sequence: 89
[2026-09-02T18:49:24.298+00:00][B] [INFO] Packet ID: 41
[2026-09-02T18:49:24.298+00:00][B] [INFO] Packet Size: 26
[2026-09-02T18:49:24.303+00:00][B] [INFO] Timestamp: 41 ms
[2026-09-02T18:49:24.303+00:00][B] [INFO] Transmission Result: success
[2026-09-02T18:49:24.308+00:00][B] [INFO] --------------------------------
[2026-09-02T18:49:24.309+00:00][B] [INFO] [Heartbeat #41]
[2026-09-02T18:49:24.314+00:00][B] [INFO] Sent
[2026-09-02T18:49:24.315+00:00][B] [INFO] Waiting ACK...
[2026-09-02T18:49:24.315+00:00][B] [INFO] [WAITING ACK]
[2026-09-02T18:49:24.328+00:00][B] [INFO] [RF TX] type=2 source=0x02 destination=0xFF previousHop=0x02 sequence=89 ackSequence=0 ttl=8 hops=0 payloadSize=13 rssi=0 snr=0.00
[2026-09-02T18:49:24.328+00:00][B] [INFO] Heartbeat packet sent
[2026-09-02T18:49:25.054+00:00][B] [INFO] [RF RX] type=2 source=0x01 destination=0xFF previousHop=0x01 sequence=84 ackSequence=0 ttl=8 hops=0 payloadSize=13 rssi=-60 snr=10.00
[2026-09-02T18:49:25.202+00:00][B] [INFO] --------------------------------
[2026-09-02T18:49:25.203+00:00][B] [INFO] [HEARTBEAT TX]
[2026-09-02T18:49:25.207+00:00][B] [INFO] Node ID: 2
[2026-09-02T18:49:25.208+00:00][B] [INFO] type: 2
[2026-09-02T18:49:25.208+00:00][B] [INFO] Destination: 0xFF
[2026-09-02T18:49:25.213+00:00][B] [INFO] Sequence: 91
[2026-09-02T18:49:25.213+00:00][B] [INFO] Packet ID: 42
[2026-09-02T18:49:25.213+00:00][B] [INFO] Packet Size: 26
[2026-09-02T18:49:25.218+00:00][B] [INFO] Timestamp: 42 ms
[2026-09-02T18:49:25.219+00:00][B] [INFO] Transmission Result: success
[2026-09-02T18:49:25.224+00:00][B] [INFO] --------------------------------
[2026-09-02T18:49:25.224+00:00][B] [INFO] [Heartbeat #42]
[2026-09-02T18:49:25.230+00:00][B] [INFO] Sent
[2026-09-02T18:49:25.230+00:00][B] [INFO] Waiting ACK...
[2026-09-02T18:49:25.230+00:00][B] [INFO] [WAITING ACK]
[2026-09-02T18:49:25.244+00:00][B] [INFO] [RF TX] type=2 source=0x02 destination=0xFF previousHop=0x02 sequence=91 ackSequence=0 ttl=8 hops=0 payloadSize=13 rssi=0 snr=0.00
[2026-09-02T18:49:25.246+00:00][B] [INFO] Heartbeat packet sent
[2026-09-02T18:49:25.970+00:00][B] [INFO] [RF RX] type=2 source=0x01 destination=0xFF previousHop=0x01 sequence=85 ackSequence=0 ttl=8 hops=0 payloadSize=13 rssi=-60 snr=9.75
[2026-09-02T18:49:26.211+00:00][B] [INFO] [RF RX] type=1 source=0x01 destination=0x02 previousHop=0x01 sequence=86 ackSequence=0 ttl=8 hops=0 payloadSize=4 rssi=-61 snr=9.75
[2026-09-02T18:49:26.270+00:00][B] [INFO] [RF TX] type=3 source=0x02 destination=0x01 previousHop=0x02 sequence=92 ackSequence=86 ttl=8 hops=0 payloadSize=2 rssi=0 snr=0.00
[2026-09-02T18:49:26.270+00:00][B] [WARN] Retry 1
[2026-09-02T18:49:26.335+00:00][B] [INFO] --------------------------------
[2026-09-02T18:49:26.335+00:00][B] [INFO] [HEARTBEAT TX]
[2026-09-02T18:49:26.341+00:00][B] [INFO] Node ID: 2
[2026-09-02T18:49:26.341+00:00][B] [INFO] type: 2
[2026-09-02T18:49:26.341+00:00][B] [INFO] Destination: 0xFF
[2026-09-02T18:49:26.347+00:00][B] [INFO] Sequence: 91
[2026-09-02T18:49:26.347+00:00][B] [INFO] Packet ID: 42
[2026-09-02T18:49:26.347+00:00][B] [INFO] Packet Size: 26
[2026-09-02T18:49:26.352+00:00][B] [INFO] Timestamp: 42 ms
[2026-09-02T18:49:26.352+00:00][B] [INFO] Transmission Result: success
[2026-09-02T18:49:26.358+00:00][B] [INFO] --------------------------------
[2026-09-02T18:49:26.358+00:00][B] [INFO] [Heartbeat #42]
[2026-09-02T18:49:26.363+00:00][B] [INFO] Sent
[2026-09-02T18:49:26.363+00:00][B] [INFO] Waiting ACK...
[2026-09-02T18:49:26.363+00:00][B] [INFO] [WAITING ACK]
[2026-09-02T18:49:26.377+00:00][B] [INFO] [RF TX] type=2 source=0x02 destination=0xFF previousHop=0x02 sequence=91 ackSequence=0 ttl=8 hops=0 payloadSize=13 rssi=0 snr=0.00
[2026-09-02T18:49:26.377+00:00][B] [INFO] Heartbeat packet sent
[2026-09-02T18:49:27.054+00:00][B] [INFO] [RF RX] type=2 source=0x01 destination=0xFF previousHop=0x01 sequence=85 ackSequence=0 ttl=8 hops=0 payloadSize=13 rssi=-61 snr=9.75
[2026-09-02T18:49:27.202+00:00][B] [INFO] --------------------------------
[2026-09-02T18:49:27.203+00:00][B] [INFO] [HEARTBEAT TX]
[2026-09-02T18:49:27.207+00:00][B] [INFO] Node ID: 2
[2026-09-02T18:49:27.207+00:00][B] [INFO] type: 2
[2026-09-02T18:49:27.208+00:00][B] [INFO] Destination: 0xFF
[2026-09-02T18:49:27.213+00:00][B] [INFO] Sequence: 93
[2026-09-02T18:49:27.213+00:00][B] [INFO] Packet ID: 43
[2026-09-02T18:49:27.214+00:00][B] [INFO] Packet Size: 26
[2026-09-02T18:49:27.218+00:00][B] [INFO] Timestamp: 43 ms
[2026-09-02T18:49:27.219+00:00][B] [INFO] Transmission Result: success
[2026-09-02T18:49:27.224+00:00][B] [INFO] --------------------------------
[2026-09-02T18:49:27.224+00:00][B] [INFO] [Heartbeat #43]
[2026-09-02T18:49:27.229+00:00][B] [INFO] Sent
[2026-09-02T18:49:27.230+00:00][B] [INFO] Waiting ACK...
[2026-09-02T18:49:27.230+00:00][B] [INFO] [WAITING ACK]
[2026-09-02T18:49:27.244+00:00][B] [INFO] [RF TX] type=2 source=0x02 destination=0xFF previousHop=0x02 sequence=93 ackSequence=0 ttl=8 hops=0 payloadSize=13 rssi=0 snr=0.00
[2026-09-02T18:49:27.244+00:00][B] [INFO] Heartbeat packet sent
[2026-09-02T18:49:27.398+00:00][B] [INFO] [RF RX] type=1 source=0x01 destination=0x02 previousHop=0x01 sequence=87 ackSequence=0 ttl=8 hops=0 payloadSize=4 rssi=-62 snr=10.00
[2026-09-02T18:49:27.455+00:00][B] [INFO] [RF TX] type=3 source=0x02 destination=0x01 previousHop=0x02 sequence=94 ackSequence=87 ttl=8 hops=0 payloadSize=2 rssi=0 snr=0.00
[2026-09-02T18:49:27.522+00:00][B] [INFO] [RF RX] type=1 source=0x01 destination=0x02 previousHop=0x01 sequence=88 ackSequence=0 ttl=8 hops=0 payloadSize=4 rssi=-62 snr=9.75
[2026-09-02T18:49:27.579+00:00][B] [INFO] [RF TX] type=3 source=0x02 destination=0x01 previousHop=0x02 sequence=95 ackSequence=88 ttl=8 hops=0 payloadSize=2 rssi=0 snr=0.00
[2026-09-02T18:49:27.646+00:00][B] [INFO] [RF RX] type=1 source=0x01 destination=0x02 previousHop=0x01 sequence=89 ackSequence=0 ttl=8 hops=0 payloadSize=4 rssi=-61 snr=9.75
[2026-09-02T18:49:27.703+00:00][B] [INFO] [RF TX] type=3 source=0x02 destination=0x01 previousHop=0x02 sequence=96 ackSequence=89 ttl=8 hops=0 payloadSize=2 rssi=0 snr=0.00
[2026-09-02T18:49:27.770+00:00][B] [INFO] [RF RX] type=1 source=0x01 destination=0x02 previousHop=0x01 sequence=90 ackSequence=0 ttl=8 hops=0 payloadSize=4 rssi=-62 snr=10.00
[2026-09-02T18:49:27.827+00:00][B] [INFO] [RF TX] type=3 source=0x02 destination=0x01 previousHop=0x02 sequence=97 ackSequence=90 ttl=8 hops=0 payloadSize=2 rssi=0 snr=0.00
[2026-09-02T18:49:27.893+00:00][B] [INFO] [RF RX] type=1 source=0x01 destination=0x02 previousHop=0x01 sequence=91 ackSequence=0 ttl=8 hops=0 payloadSize=4 rssi=-62 snr=10.00
[2026-09-02T18:49:27.951+00:00][B] [INFO] [RF TX] type=3 source=0x02 destination=0x01 previousHop=0x02 sequence=98 ackSequence=91 ttl=8 hops=0 payloadSize=2 rssi=0 snr=0.00
[2026-09-02T18:49:28.219+00:00][B] [WARN] Retry 1
[2026-09-02T18:49:28.286+00:00][B] [INFO] --------------------------------
[2026-09-02T18:49:28.286+00:00][B] [INFO] [HEARTBEAT TX]
[2026-09-02T18:49:28.291+00:00][B] [INFO] Node ID: 2
[2026-09-02T18:49:28.291+00:00][B] [INFO] type: 2
[2026-09-02T18:49:28.291+00:00][B] [INFO] Destination: 0xFF
[2026-09-02T18:49:28.296+00:00][B] [INFO] Sequence: 93
[2026-09-02T18:49:28.297+00:00][B] [INFO] Packet ID: 43
[2026-09-02T18:49:28.297+00:00][B] [INFO] Packet Size: 26
[2026-09-02T18:49:28.302+00:00][B] [INFO] Timestamp: 43 ms
[2026-09-02T18:49:28.302+00:00][B] [INFO] Transmission Result: success
[2026-09-02T18:49:28.308+00:00][B] [INFO] --------------------------------
[2026-09-02T18:49:28.308+00:00][B] [INFO] [Heartbeat #43]
[2026-09-02T18:49:28.313+00:00][B] [INFO] Sent
[2026-09-02T18:49:28.313+00:00][B] [INFO] Waiting ACK...
[2026-09-02T18:49:28.314+00:00][B] [INFO] [WAITING ACK]
[2026-09-02T18:49:28.327+00:00][B] [INFO] [RF TX] type=2 source=0x02 destination=0xFF previousHop=0x02 sequence=93 ackSequence=0 ttl=8 hops=0 payloadSize=13 rssi=0 snr=0.00
[2026-09-02T18:49:28.328+00:00][B] [INFO] Heartbeat packet sent
[2026-09-02T18:49:29.003+00:00][B] [INFO] [RF TX] type=3 source=0x02 destination=0x01 previousHop=0x02 sequence=99 ackSequence=91 ttl=8 hops=0 payloadSize=2 rssi=0 snr=0.00
[2026-09-02T18:49:29.203+00:00][B] [INFO] --------------------------------
[2026-09-02T18:49:29.203+00:00][B] [INFO] [HEARTBEAT TX]
[2026-09-02T18:49:29.207+00:00][B] [INFO] Node ID: 2
[2026-09-02T18:49:29.208+00:00][B] [INFO] type: 2
[2026-09-02T18:49:29.208+00:00][B] [INFO] Destination: 0xFF
[2026-09-02T18:49:29.213+00:00][B] [INFO] Sequence: 100
[2026-09-02T18:49:29.213+00:00][B] [INFO] Packet ID: 44
[2026-09-02T18:49:29.218+00:00][B] [INFO] Packet Size: 26
[2026-09-02T18:49:29.219+00:00][B] [INFO] Timestamp: 44 ms
[2026-09-02T18:49:29.220+00:00][B] [INFO] Transmission Result: success
[2026-09-02T18:49:29.224+00:00][B] [INFO] --------------------------------
[2026-09-02T18:49:29.224+00:00][B] [INFO] [Heartbeat #44]
[2026-09-02T18:49:29.229+00:00][B] [INFO] Sent
[2026-09-02T18:49:29.230+00:00][B] [INFO] Waiting ACK...
[2026-09-02T18:49:29.231+00:00][B] [INFO] [WAITING ACK]
[2026-09-02T18:49:29.244+00:00][B] [INFO] [RF TX] type=2 source=0x02 destination=0xFF previousHop=0x02 sequence=100 ackSequence=0 ttl=8 hops=0 payloadSize=13 rssi=0 snr=0.00
[2026-09-02T18:49:29.244+00:00][B] [INFO] Heartbeat packet sent
[2026-09-02T18:49:29.970+00:00][B] [INFO] [RF RX] type=2 source=0x01 destination=0xFF previousHop=0x01 sequence=93 ackSequence=0 ttl=8 hops=0 payloadSize=13 rssi=-61 snr=9.50
[2026-09-02T18:49:30.111+00:00][B] [INFO] [RF TX] type=3 source=0x02 destination=0x01 previousHop=0x02 sequence=101 ackSequence=91 ttl=8 hops=0 payloadSize=2 rssi=0 snr=0.00
[2026-09-02T18:49:30.219+00:00][B] [WARN] Retry 1
[2026-09-02T18:49:30.286+00:00][B] [INFO] --------------------------------
[2026-09-02T18:49:30.287+00:00][B] [INFO] [HEARTBEAT TX]
[2026-09-02T18:49:30.291+00:00][B] [INFO] Node ID: 2
[2026-09-02T18:49:30.292+00:00][B] [INFO] type: 2
[2026-09-02T18:49:30.292+00:00][B] [INFO] Destination: 0xFF
[2026-09-02T18:49:30.297+00:00][B] [INFO] Sequence: 100
[2026-09-02T18:49:30.298+00:00][B] [INFO] Packet ID: 44
[2026-09-02T18:49:30.302+00:00][B] [INFO] Packet Size: 26
[2026-09-02T18:49:30.303+00:00][B] [INFO] Timestamp: 44 ms
[2026-09-02T18:49:30.303+00:00][B] [INFO] Transmission Result: success
[2026-09-02T18:49:30.308+00:00][B] [INFO] --------------------------------
[2026-09-02T18:49:30.308+00:00][B] [INFO] [Heartbeat #44]
[2026-09-02T18:49:30.314+00:00][B] [INFO] Sent
[2026-09-02T18:49:30.314+00:00][B] [INFO] Waiting ACK...
[2026-09-02T18:49:30.315+00:00][B] [INFO] [WAITING ACK]
[2026-09-02T18:49:30.328+00:00][B] [INFO] [RF TX] type=2 source=0x02 destination=0xFF previousHop=0x02 sequence=100 ackSequence=0 ttl=8 hops=0 payloadSize=13 rssi=0 snr=0.00
[2026-09-02T18:49:30.328+00:00][B] [INFO] Heartbeat packet sent
[2026-09-02T18:49:31.054+00:00][B] [INFO] [RF RX] type=2 source=0x01 destination=0xFF previousHop=0x01 sequence=93 ackSequence=0 ttl=8 hops=0 payloadSize=13 rssi=-61 snr=9.75
[2026-09-02T18:49:31.202+00:00][B] [INFO] --------------------------------
[2026-09-02T18:49:31.203+00:00][B] [INFO] [HEARTBEAT TX]
[2026-09-02T18:49:31.207+00:00][B] [INFO] Node ID: 2
[2026-09-02T18:49:31.208+00:00][B] [INFO] type: 2
[2026-09-02T18:49:31.208+00:00][B] [INFO] Destination: 0xFF
[2026-09-02T18:49:31.213+00:00][B] [INFO] Sequence: 102
[2026-09-02T18:49:31.213+00:00][B] [INFO] Packet ID: 45
[2026-09-02T18:49:31.218+00:00][B] [INFO] Packet Size: 26
[2026-09-02T18:49:31.219+00:00][B] [INFO] Timestamp: 45 ms
[2026-09-02T18:49:31.219+00:00][B] [INFO] Transmission Result: success
[2026-09-02T18:49:31.224+00:00][B] [INFO] --------------------------------
[2026-09-02T18:49:31.224+00:00][B] [INFO] [Heartbeat #45]
[2026-09-02T18:49:31.229+00:00][B] [INFO] Sent
[2026-09-02T18:49:31.230+00:00][B] [INFO] Waiting ACK...
[2026-09-02T18:49:31.230+00:00][B] [INFO] [WAITING ACK]
[2026-09-02T18:49:31.244+00:00][B] [INFO] [RF TX] type=2 source=0x02 destination=0xFF previousHop=0x02 sequence=102 ackSequence=0 ttl=8 hops=0 payloadSize=13 rssi=0 snr=0.00
[2026-09-02T18:49:31.244+00:00][B] [INFO] Heartbeat packet sent
[2026-09-02T18:49:31.970+00:00][B] [INFO] [RF RX] type=2 source=0x01 destination=0xFF previousHop=0x01 sequence=94 ackSequence=0 ttl=8 hops=0 payloadSize=13 rssi=-62 snr=9.50
[2026-09-02T18:49:32.211+00:00][B] [INFO] [RF RX] type=1 source=0x01 destination=0x02 previousHop=0x01 sequence=95 ackSequence=0 ttl=8 hops=0 payloadSize=4 rssi=-62 snr=10.25
[2026-09-02T18:49:32.270+00:00][B] [INFO] [RF TX] type=3 source=0x02 destination=0x01 previousHop=0x02 sequence=103 ackSequence=95 ttl=8 hops=0 payloadSize=2 rssi=0 snr=0.00
[2026-09-02T18:49:32.271+00:00][B] [WARN] Retry 1
[2026-09-02T18:49:32.336+00:00][B] [INFO] --------------------------------
[2026-09-02T18:49:32.336+00:00][B] [INFO] [HEARTBEAT TX]
[2026-09-02T18:49:32.341+00:00][B] [INFO] Node ID: 2
[2026-09-02T18:49:32.341+00:00][B] [INFO] type: 2
[2026-09-02T18:49:32.342+00:00][B] [INFO] Destination: 0xFF
[2026-09-02T18:49:32.347+00:00][B] [INFO] Sequence: 102
[2026-09-02T18:49:32.348+00:00][B] [INFO] Packet ID: 45
[2026-09-02T18:49:32.352+00:00][B] [INFO] Packet Size: 26
[2026-09-02T18:49:32.353+00:00][B] [INFO] Timestamp: 45 ms
[2026-09-02T18:49:32.353+00:00][B] [INFO] Transmission Result: success
[2026-09-02T18:49:32.358+00:00][B] [INFO] --------------------------------
[2026-09-02T18:49:32.358+00:00][B] [INFO] [Heartbeat #45]
[2026-09-02T18:49:32.363+00:00][B] [INFO] Sent
[2026-09-02T18:49:32.364+00:00][B] [INFO] Waiting ACK...
[2026-09-02T18:49:32.364+00:00][B] [INFO] [WAITING ACK]
[2026-09-02T18:49:32.377+00:00][B] [INFO] [RF TX] type=2 source=0x02 destination=0xFF previousHop=0x02 sequence=102 ackSequence=0 ttl=8 hops=0 payloadSize=13 rssi=0 snr=0.00
[2026-09-02T18:49:32.378+00:00][B] [INFO] Heartbeat packet sent
[2026-09-02T18:49:33.053+00:00][B] [INFO] [RF RX] type=2 source=0x01 destination=0xFF previousHop=0x01 sequence=94 ackSequence=0 ttl=8 hops=0 payloadSize=13 rssi=-62 snr=9.50
[2026-09-02T18:49:33.202+00:00][B] [INFO] --------------------------------
[2026-09-02T18:49:33.202+00:00][B] [INFO] [HEARTBEAT TX]
[2026-09-02T18:49:33.207+00:00][B] [INFO] Node ID: 2
[2026-09-02T18:49:33.207+00:00][B] [INFO] type: 2
[2026-09-02T18:49:33.207+00:00][B] [INFO] Destination: 0xFF
[2026-09-02T18:49:33.212+00:00][B] [INFO] Sequence: 104
[2026-09-02T18:49:33.213+00:00][B] [INFO] Packet ID: 46
[2026-09-02T18:49:33.218+00:00][B] [INFO] Packet Size: 26
[2026-09-02T18:49:33.219+00:00][B] [INFO] Timestamp: 46 ms
[2026-09-02T18:49:33.219+00:00][B] [INFO] Transmission Result: success
[2026-09-02T18:49:33.224+00:00][B] [INFO] --------------------------------
[2026-09-02T18:49:33.224+00:00][B] [INFO] [Heartbeat #46]
[2026-09-02T18:49:33.229+00:00][B] [INFO] Sent
[2026-09-02T18:49:33.229+00:00][B] [INFO] Waiting ACK...
[2026-09-02T18:49:33.230+00:00][B] [INFO] [WAITING ACK]
[2026-09-02T18:49:33.244+00:00][B] [INFO] [RF TX] type=2 source=0x02 destination=0xFF previousHop=0x02 sequence=104 ackSequence=0 ttl=8 hops=0 payloadSize=13 rssi=0 snr=0.00
[2026-09-02T18:49:33.244+00:00][B] [INFO] Heartbeat packet sent
[2026-09-02T18:49:33.398+00:00][B] [INFO] [RF RX] type=1 source=0x01 destination=0x02 previousHop=0x01 sequence=96 ackSequence=0 ttl=8 hops=0 payloadSize=4 rssi=-61 snr=9.75
[2026-09-02T18:49:33.455+00:00][B] [INFO] [RF TX] type=3 source=0x02 destination=0x01 previousHop=0x02 sequence=105 ackSequence=96 ttl=8 hops=0 payloadSize=2 rssi=0 snr=0.00
[2026-09-02T18:49:33.522+00:00][B] [INFO] [RF RX] type=1 source=0x01 destination=0x02 previousHop=0x01 sequence=97 ackSequence=0 ttl=8 hops=0 payloadSize=4 rssi=-62 snr=9.50
[2026-09-02T18:49:33.579+00:00][B] [INFO] [RF TX] type=3 source=0x02 destination=0x01 previousHop=0x02 sequence=106 ackSequence=97 ttl=8 hops=0 payloadSize=2 rssi=0 snr=0.00
[2026-09-02T18:49:33.645+00:00][B] [INFO] [RF RX] type=1 source=0x01 destination=0x02 previousHop=0x01 sequence=98 ackSequence=0 ttl=8 hops=0 payloadSize=4 rssi=-63 snr=9.25
[2026-09-02T18:49:33.703+00:00][B] [INFO] [RF TX] type=3 source=0x02 destination=0x01 previousHop=0x02 sequence=107 ackSequence=98 ttl=8 hops=0 payloadSize=2 rssi=0 snr=0.00
[2026-09-02T18:49:33.769+00:00][B] [INFO] [RF RX] type=1 source=0x01 destination=0x02 previousHop=0x01 sequence=99 ackSequence=0 ttl=8 hops=0 payloadSize=4 rssi=-61 snr=10.00
[2026-09-02T18:49:33.827+00:00][B] [INFO] [RF TX] type=3 source=0x02 destination=0x01 previousHop=0x02 sequence=108 ackSequence=99 ttl=8 hops=0 payloadSize=2 rssi=0 snr=0.00
[2026-09-02T18:49:33.893+00:00][B] [INFO] [RF RX] type=1 source=0x01 destination=0x02 previousHop=0x01 sequence=100 ackSequence=0 ttl=8 hops=0 payloadSize=4 rssi=-62 snr=9.75
[2026-09-02T18:49:33.951+00:00][B] [INFO] [RF TX] type=3 source=0x02 destination=0x01 previousHop=0x02 sequence=109 ackSequence=100 ttl=8 hops=0 payloadSize=2 rssi=0 snr=0.00
[2026-09-02T18:49:34.219+00:00][B] [WARN] Retry 1
[2026-09-02T18:49:34.286+00:00][B] [INFO] --------------------------------
[2026-09-02T18:49:34.287+00:00][B] [INFO] [HEARTBEAT TX]
[2026-09-02T18:49:34.291+00:00][B] [INFO] Node ID: 2
[2026-09-02T18:49:34.291+00:00][B] [INFO] type: 2
[2026-09-02T18:49:34.292+00:00][B] [INFO] Destination: 0xFF
[2026-09-02T18:49:34.297+00:00][B] [INFO] Sequence: 104
[2026-09-02T18:49:34.297+00:00][B] [INFO] Packet ID: 46
[2026-09-02T18:49:34.302+00:00][B] [INFO] Packet Size: 26
[2026-09-02T18:49:34.302+00:00][B] [INFO] Timestamp: 46 ms
[2026-09-02T18:49:34.303+00:00][B] [INFO] Transmission Result: success
[2026-09-02T18:49:34.308+00:00][B] [INFO] --------------------------------
[2026-09-02T18:49:34.308+00:00][B] [INFO] [Heartbeat #46]
[2026-09-02T18:49:34.314+00:00][B] [INFO] Sent
[2026-09-02T18:49:34.314+00:00][B] [INFO] Waiting ACK...
[2026-09-02T18:49:34.314+00:00][B] [INFO] [WAITING ACK]
[2026-09-02T18:49:34.327+00:00][B] [INFO] [RF TX] type=2 source=0x02 destination=0xFF previousHop=0x02 sequence=104 ackSequence=0 ttl=8 hops=0 payloadSize=13 rssi=0 snr=0.00
[2026-09-02T18:49:34.328+00:00][B] [INFO] Heartbeat packet sent
[2026-09-02T18:49:35.054+00:00][B] [INFO] [RF RX] type=2 source=0x01 destination=0xFF previousHop=0x01 sequence=101 ackSequence=0 ttl=8 hops=0 payloadSize=13 rssi=-61 snr=9.75
[2026-09-02T18:49:35.205+00:00][B] [INFO] --------------------------------
[2026-09-02T18:49:35.206+00:00][B] [INFO] [HEARTBEAT TX]
[2026-09-02T18:49:35.207+00:00][B] [INFO] Node ID: 2
[2026-09-02T18:49:35.207+00:00][B] [INFO] type: 2
[2026-09-02T18:49:35.207+00:00][B] [INFO] Destination: 0xFF
[2026-09-02T18:49:35.213+00:00][B] [INFO] Sequence: 110
[2026-09-02T18:49:35.213+00:00][B] [INFO] Packet ID: 47
[2026-09-02T18:49:35.218+00:00][B] [INFO] Packet Size: 26
[2026-09-02T18:49:35.218+00:00][B] [INFO] Timestamp: 47 ms
[2026-09-02T18:49:35.219+00:00][B] [INFO] Transmission Result: success
[2026-09-02T18:49:35.224+00:00][B] [INFO] --------------------------------
[2026-09-02T18:49:35.224+00:00][B] [INFO] [Heartbeat #47]
[2026-09-02T18:49:35.229+00:00][B] [INFO] Sent
[2026-09-02T18:49:35.230+00:00][B] [INFO] Waiting ACK...
[2026-09-02T18:49:35.230+00:00][B] [INFO] [WAITING ACK]
[2026-09-02T18:49:35.244+00:00][B] [INFO] [RF TX] type=2 source=0x02 destination=0xFF previousHop=0x02 sequence=110 ackSequence=0 ttl=8 hops=0 payloadSize=13 rssi=0 snr=0.00
[2026-09-02T18:49:35.244+00:00][B] [INFO] Heartbeat packet sent
[2026-09-02T18:49:35.969+00:00][B] [INFO] [RF RX] type=2 source=0x01 destination=0xFF previousHop=0x01 sequence=102 ackSequence=0 ttl=8 hops=0 payloadSize=13 rssi=-61 snr=9.75
[2026-09-02T18:49:36.111+00:00][B] [INFO] [RF TX] type=3 source=0x02 destination=0x01 previousHop=0x02 sequence=111 ackSequence=100 ttl=8 hops=0 payloadSize=2 rssi=0 snr=0.00
[2026-09-02T18:49:36.219+00:00][B] [WARN] Retry 1
[2026-09-02T18:49:36.286+00:00][B] [INFO] --------------------------------
[2026-09-02T18:49:36.287+00:00][B] [INFO] [HEARTBEAT TX]
[2026-09-02T18:49:36.291+00:00][B] [INFO] Node ID: 2
[2026-09-02T18:49:36.291+00:00][B] [INFO] type: 2
[2026-09-02T18:49:36.292+00:00][B] [INFO] Destination: 0xFF
[2026-09-02T18:49:36.297+00:00][B] [INFO] Sequence: 110
[2026-09-02T18:49:36.297+00:00][B] [INFO] Packet ID: 47
[2026-09-02T18:49:36.302+00:00][B] [INFO] Packet Size: 26
[2026-09-02T18:49:36.302+00:00][B] [INFO] Timestamp: 47 ms
[2026-09-02T18:49:36.303+00:00][B] [INFO] Transmission Result: success
[2026-09-02T18:49:36.308+00:00][B] [INFO] --------------------------------
[2026-09-02T18:49:36.308+00:00][B] [INFO] [Heartbeat #47]
[2026-09-02T18:49:36.313+00:00][B] [INFO] Sent
[2026-09-02T18:49:36.314+00:00][B] [INFO] Waiting ACK...
[2026-09-02T18:49:36.314+00:00][B] [INFO] [WAITING ACK]
[2026-09-02T18:49:36.327+00:00][B] [INFO] [RF TX] type=2 source=0x02 destination=0xFF previousHop=0x02 sequence=110 ackSequence=0 ttl=8 hops=0 payloadSize=13 rssi=0 snr=0.00
[2026-09-02T18:49:36.328+00:00][B] [INFO] Heartbeat packet sent
[2026-09-02T18:49:37.054+00:00][B] [INFO] [RF RX] type=2 source=0x01 destination=0xFF previousHop=0x01 sequence=102 ackSequence=0 ttl=8 hops=0 payloadSize=13 rssi=-61 snr=9.75
[2026-09-02T18:49:37.202+00:00][B] [INFO] --------------------------------
[2026-09-02T18:49:37.202+00:00][B] [INFO] [HEARTBEAT TX]
[2026-09-02T18:49:37.207+00:00][B] [INFO] Node ID: 2
[2026-09-02T18:49:37.207+00:00][B] [INFO] type: 2
[2026-09-02T18:49:37.208+00:00][B] [INFO] Destination: 0xFF
[2026-09-02T18:49:37.213+00:00][B] [INFO] Sequence: 112
[2026-09-02T18:49:37.213+00:00][B] [INFO] Packet ID: 48
[2026-09-02T18:49:37.218+00:00][B] [INFO] Packet Size: 26
[2026-09-02T18:49:37.219+00:00][B] [INFO] Timestamp: 48 ms
[2026-09-02T18:49:37.219+00:00][B] [INFO] Transmission Result: success
[2026-09-02T18:49:37.224+00:00][B] [INFO] --------------------------------
[2026-09-02T18:49:37.224+00:00][B] [INFO] [Heartbeat #48]
[2026-09-02T18:49:37.229+00:00][B] [INFO] Sent
[2026-09-02T18:49:37.230+00:00][B] [INFO] Waiting ACK...
[2026-09-02T18:49:37.230+00:00][B] [INFO] [WAITING ACK]
[2026-09-02T18:49:37.243+00:00][B] [INFO] [RF TX] type=2 source=0x02 destination=0xFF previousHop=0x02 sequence=112 ackSequence=0 ttl=8 hops=0 payloadSize=13 rssi=0 snr=0.00
[2026-09-02T18:49:37.244+00:00][B] [INFO] Heartbeat packet sent
[2026-09-02T18:49:37.970+00:00][B] [INFO] [RF RX] type=2 source=0x01 destination=0xFF previousHop=0x01 sequence=103 ackSequence=0 ttl=8 hops=0 payloadSize=13 rssi=-61 snr=10.25
[2026-09-02T18:49:38.211+00:00][B] [INFO] [RF RX] type=1 source=0x01 destination=0x02 previousHop=0x01 sequence=104 ackSequence=0 ttl=8 hops=0 payloadSize=4 rssi=-62 snr=9.50
[2026-09-02T18:49:38.270+00:00][B] [INFO] [RF TX] type=3 source=0x02 destination=0x01 previousHop=0x02 sequence=113 ackSequence=104 ttl=8 hops=0 payloadSize=2 rssi=0 snr=0.00
[2026-09-02T18:49:38.270+00:00][B] [WARN] Retry 1
[2026-09-02T18:49:38.335+00:00][B] [INFO] --------------------------------
[2026-09-02T18:49:38.335+00:00][B] [INFO] [HEARTBEAT TX]
[2026-09-02T18:49:38.341+00:00][B] [INFO] Node ID: 2
[2026-09-02T18:49:38.341+00:00][B] [INFO] type: 2
[2026-09-02T18:49:38.341+00:00][B] [INFO] Destination: 0xFF
[2026-09-02T18:49:38.346+00:00][B] [INFO] Sequence: 112
[2026-09-02T18:49:38.347+00:00][B] [INFO] Packet ID: 48
[2026-09-02T18:49:38.352+00:00][B] [INFO] Packet Size: 26
[2026-09-02T18:49:38.352+00:00][B] [INFO] Timestamp: 48 ms
[2026-09-02T18:49:38.353+00:00][B] [INFO] Transmission Result: success
[2026-09-02T18:49:38.358+00:00][B] [INFO] --------------------------------
[2026-09-02T18:49:38.358+00:00][B] [INFO] [Heartbeat #48]
[2026-09-02T18:49:38.363+00:00][B] [INFO] Sent
[2026-09-02T18:49:38.363+00:00][B] [INFO] Waiting ACK...
[2026-09-02T18:49:38.364+00:00][B] [INFO] [WAITING ACK]
[2026-09-02T18:49:38.377+00:00][B] [INFO] [RF TX] type=2 source=0x02 destination=0xFF previousHop=0x02 sequence=112 ackSequence=0 ttl=8 hops=0 payloadSize=13 rssi=0 snr=0.00
[2026-09-02T18:49:38.378+00:00][B] [INFO] Heartbeat packet sent
[2026-09-02T18:49:39.054+00:00][B] [INFO] [RF RX] type=2 source=0x01 destination=0xFF previousHop=0x01 sequence=103 ackSequence=0 ttl=8 hops=0 payloadSize=13 rssi=-61 snr=10.25
[2026-09-02T18:49:39.202+00:00][B] [INFO] --------------------------------
[2026-09-02T18:49:39.202+00:00][B] [INFO] [HEARTBEAT TX]
[2026-09-02T18:49:39.207+00:00][B] [INFO] Node ID: 2
[2026-09-02T18:49:39.207+00:00][B] [INFO] type: 2
[2026-09-02T18:49:39.207+00:00][B] [INFO] Destination: 0xFF
[2026-09-02T18:49:39.213+00:00][B] [INFO] Sequence: 114
[2026-09-02T18:49:39.213+00:00][B] [INFO] Packet ID: 49
[2026-09-02T18:49:39.218+00:00][B] [INFO] Packet Size: 26
[2026-09-02T18:49:39.218+00:00][B] [INFO] Timestamp: 49 ms
[2026-09-02T18:49:39.219+00:00][B] [INFO] Transmission Result: success
[2026-09-02T18:49:39.224+00:00][B] [INFO] --------------------------------
[2026-09-02T18:49:39.224+00:00][B] [INFO] [Heartbeat #49]
[2026-09-02T18:49:39.229+00:00][B] [INFO] Sent
[2026-09-02T18:49:39.230+00:00][B] [INFO] Waiting ACK...
[2026-09-02T18:49:39.230+00:00][B] [INFO] [WAITING ACK]
[2026-09-02T18:49:39.243+00:00][B] [INFO] [RF TX] type=2 source=0x02 destination=0xFF previousHop=0x02 sequence=114 ackSequence=0 ttl=8 hops=0 payloadSize=13 rssi=0 snr=0.00
[2026-09-02T18:49:39.244+00:00][B] [INFO] Heartbeat packet sent
[2026-09-02T18:49:39.398+00:00][B] [INFO] [RF RX] type=1 source=0x01 destination=0x02 previousHop=0x01 sequence=105 ackSequence=0 ttl=8 hops=0 payloadSize=4 rssi=-62 snr=10.00
[2026-09-02T18:49:39.455+00:00][B] [INFO] [RF TX] type=3 source=0x02 destination=0x01 previousHop=0x02 sequence=115 ackSequence=105 ttl=8 hops=0 payloadSize=2 rssi=0 snr=0.00
[2026-09-02T18:49:39.522+00:00][B] [INFO] [RF RX] type=1 source=0x01 destination=0x02 previousHop=0x01 sequence=106 ackSequence=0 ttl=8 hops=0 payloadSize=4 rssi=-62 snr=9.75
[2026-09-02T18:49:39.579+00:00][B] [INFO] [RF TX] type=3 source=0x02 destination=0x01 previousHop=0x02 sequence=116 ackSequence=106 ttl=8 hops=0 payloadSize=2 rssi=0 snr=0.00
[2026-09-02T18:49:39.646+00:00][B] [INFO] [RF RX] type=1 source=0x01 destination=0x02 previousHop=0x01 sequence=107 ackSequence=0 ttl=8 hops=0 payloadSize=4 rssi=-62 snr=10.00
[2026-09-02T18:49:39.703+00:00][B] [INFO] [RF TX] type=3 source=0x02 destination=0x01 previousHop=0x02 sequence=117 ackSequence=107 ttl=8 hops=0 payloadSize=2 rssi=0 snr=0.00
[2026-09-02T18:49:39.770+00:00][B] [INFO] [RF RX] type=1 source=0x01 destination=0x02 previousHop=0x01 sequence=108 ackSequence=0 ttl=8 hops=0 payloadSize=4 rssi=-62 snr=10.00
[2026-09-02T18:49:39.827+00:00][B] [INFO] [RF TX] type=3 source=0x02 destination=0x01 previousHop=0x02 sequence=118 ackSequence=108 ttl=8 hops=0 payloadSize=2 rssi=0 snr=0.00
[2026-09-02T18:49:39.894+00:00][B] [INFO] [RF RX] type=1 source=0x01 destination=0x02 previousHop=0x01 sequence=109 ackSequence=0 ttl=8 hops=0 payloadSize=4 rssi=-62 snr=9.50
[2026-09-02T18:49:39.951+00:00][B] [INFO] [RF TX] type=3 source=0x02 destination=0x01 previousHop=0x02 sequence=119 ackSequence=109 ttl=8 hops=0 payloadSize=2 rssi=0 snr=0.00
[2026-09-02T18:49:40.218+00:00][B] [WARN] Retry 1
[2026-09-02T18:49:40.286+00:00][B] [INFO] --------------------------------
[2026-09-02T18:49:40.286+00:00][B] [INFO] [HEARTBEAT TX]
[2026-09-02T18:49:40.291+00:00][B] [INFO] Node ID: 2
[2026-09-02T18:49:40.291+00:00][B] [INFO] type: 2
[2026-09-02T18:49:40.291+00:00][B] [INFO] Destination: 0xFF
[2026-09-02T18:49:40.297+00:00][B] [INFO] Sequence: 114
[2026-09-02T18:49:40.297+00:00][B] [INFO] Packet ID: 49
[2026-09-02T18:49:40.302+00:00][B] [INFO] Packet Size: 26
[2026-09-02T18:49:40.302+00:00][B] [INFO] Timestamp: 49 ms
[2026-09-02T18:49:40.303+00:00][B] [INFO] Transmission Result: success
[2026-09-02T18:49:40.308+00:00][B] [INFO] --------------------------------
[2026-09-02T18:49:40.308+00:00][B] [INFO] [Heartbeat #49]
[2026-09-02T18:49:40.313+00:00][B] [INFO] Sent
[2026-09-02T18:49:40.314+00:00][B] [INFO] Waiting ACK...
[2026-09-02T18:49:40.314+00:00][B] [INFO] [WAITING ACK]
[2026-09-02T18:49:40.328+00:00][B] [INFO] [RF TX] type=2 source=0x02 destination=0xFF previousHop=0x02 sequence=114 ackSequence=0 ttl=8 hops=0 payloadSize=13 rssi=0 snr=0.00
[2026-09-02T18:49:40.328+00:00][B] [INFO] Heartbeat packet sent
[2026-09-02T18:49:41.003+00:00][B] [INFO] [RF TX] type=3 source=0x02 destination=0x01 previousHop=0x02 sequence=120 ackSequence=109 ttl=8 hops=0 payloadSize=2 rssi=0 snr=0.00
[2026-09-02T18:49:41.202+00:00][B] [INFO] --------------------------------
[2026-09-02T18:49:41.202+00:00][B] [INFO] [HEARTBEAT TX]
[2026-09-02T18:49:41.207+00:00][B] [INFO] Node ID: 2
[2026-09-02T18:49:41.207+00:00][B] [INFO] type: 2
[2026-09-02T18:49:41.207+00:00][B] [INFO] Destination: 0xFF
[2026-09-02T18:49:41.213+00:00][B] [INFO] Sequence: 121
[2026-09-02T18:49:41.213+00:00][B] [INFO] Packet ID: 50
[2026-09-02T18:49:41.218+00:00][B] [INFO] Packet Size: 26
[2026-09-02T18:49:41.218+00:00][B] [INFO] Timestamp: 50 ms
[2026-09-02T18:49:41.219+00:00][B] [INFO] Transmission Result: success
[2026-09-02T18:49:41.224+00:00][B] [INFO] --------------------------------
[2026-09-02T18:49:41.224+00:00][B] [INFO] [Heartbeat #50]
[2026-09-02T18:49:41.229+00:00][B] [INFO] Sent
[2026-09-02T18:49:41.230+00:00][B] [INFO] Waiting ACK...
[2026-09-02T18:49:41.230+00:00][B] [INFO] [WAITING ACK]
[2026-09-02T18:49:41.243+00:00][B] [INFO] [RF TX] type=2 source=0x02 destination=0xFF previousHop=0x02 sequence=121 ackSequence=0 ttl=8 hops=0 payloadSize=13 rssi=0 snr=0.00
[2026-09-02T18:49:41.244+00:00][B] [INFO] Heartbeat packet sent
[2026-09-02T18:49:41.970+00:00][B] [INFO] [RF RX] type=2 source=0x01 destination=0xFF previousHop=0x01 sequence=111 ackSequence=0 ttl=8 hops=0 payloadSize=13 rssi=-62 snr=9.25
[2026-09-02T18:49:42.111+00:00][B] [INFO] [RF TX] type=3 source=0x02 destination=0x01 previousHop=0x02 sequence=122 ackSequence=109 ttl=8 hops=0 payloadSize=2 rssi=0 snr=0.00
[2026-09-02T18:49:42.219+00:00][B] [WARN] Retry 1
[2026-09-02T18:49:42.286+00:00][B] [INFO] --------------------------------
[2026-09-02T18:49:42.286+00:00][B] [INFO] [HEARTBEAT TX]
[2026-09-02T18:49:42.291+00:00][B] [INFO] Node ID: 2
[2026-09-02T18:49:42.291+00:00][B] [INFO] type: 2
[2026-09-02T18:49:42.291+00:00][B] [INFO] Destination: 0xFF
[2026-09-02T18:49:42.296+00:00][B] [INFO] Sequence: 121
[2026-09-02T18:49:42.296+00:00][B] [INFO] Packet ID: 50
[2026-09-02T18:49:42.302+00:00][B] [INFO] Packet Size: 26
[2026-09-02T18:49:42.302+00:00][B] [INFO] Timestamp: 50 ms
[2026-09-02T18:49:42.302+00:00][B] [INFO] Transmission Result: success
[2026-09-02T18:49:42.307+00:00][B] [INFO] --------------------------------
[2026-09-02T18:49:42.308+00:00][B] [INFO] [Heartbeat #50]
[2026-09-02T18:49:42.313+00:00][B] [INFO] Sent
[2026-09-02T18:49:42.313+00:00][B] [INFO] Waiting ACK...
[2026-09-02T18:49:42.313+00:00][B] [INFO] [WAITING ACK]
[2026-09-02T18:49:42.327+00:00][B] [INFO] [RF TX] type=2 source=0x02 destination=0xFF previousHop=0x02 sequence=121 ackSequence=0 ttl=8 hops=0 payloadSize=13 rssi=0 snr=0.00
[2026-09-02T18:49:42.327+00:00][B] [INFO] Heartbeat packet sent
[2026-09-02T18:49:43.054+00:00][B] [INFO] [RF RX] type=2 source=0x01 destination=0xFF previousHop=0x01 sequence=111 ackSequence=0 ttl=8 hops=0 payloadSize=13 rssi=-62 snr=9.50
[2026-09-02T18:49:43.201+00:00][B] [INFO] --------------------------------
[2026-09-02T18:49:43.201+00:00][B] [INFO] [HEARTBEAT TX]
[2026-09-02T18:49:43.207+00:00][B] [INFO] Node ID: 2
[2026-09-02T18:49:43.207+00:00][B] [INFO] type: 2
[2026-09-02T18:49:43.207+00:00][B] [INFO] Destination: 0xFF
[2026-09-02T18:49:43.212+00:00][B] [INFO] Sequence: 123
[2026-09-02T18:49:43.212+00:00][B] [INFO] Packet ID: 51
[2026-09-02T18:49:43.218+00:00][B] [INFO] Packet Size: 26
[2026-09-02T18:49:43.218+00:00][B] [INFO] Timestamp: 51 ms
[2026-09-02T18:49:43.218+00:00][B] [INFO] Transmission Result: success
[2026-09-02T18:49:43.223+00:00][B] [INFO] --------------------------------
[2026-09-02T18:49:43.224+00:00][B] [INFO] [Heartbeat #51]
[2026-09-02T18:49:43.229+00:00][B] [INFO] Sent
[2026-09-02T18:49:43.229+00:00][B] [INFO] Waiting ACK...
[2026-09-02T18:49:43.229+00:00][B] [INFO] [WAITING ACK]
[2026-09-02T18:49:43.243+00:00][B] [INFO] [RF TX] type=2 source=0x02 destination=0xFF previousHop=0x02 sequence=123 ackSequence=0 ttl=8 hops=0 payloadSize=13 rssi=0 snr=0.00
[2026-09-02T18:49:43.243+00:00][B] [INFO] Heartbeat packet sent
[2026-09-02T18:49:43.969+00:00][B] [INFO] [RF RX] type=2 source=0x01 destination=0xFF previousHop=0x01 sequence=112 ackSequence=0 ttl=8 hops=0 payloadSize=13 rssi=-61 snr=10.00
[2026-09-02T18:49:44.211+00:00][B] [INFO] [RF RX] type=1 source=0x01 destination=0x02 previousHop=0x01 sequence=113 ackSequence=0 ttl=8 hops=0 payloadSize=4 rssi=-62 snr=9.75
[2026-09-02T18:49:44.270+00:00][B] [INFO] [RF TX] type=3 source=0x02 destination=0x01 previousHop=0x02 sequence=124 ackSequence=113 ttl=8 hops=0 payloadSize=2 rssi=0 snr=0.00
[2026-09-02T18:49:44.270+00:00][B] [WARN] Retry 1
[2026-09-02T18:49:44.335+00:00][B] [INFO] --------------------------------
[2026-09-02T18:49:44.335+00:00][B] [INFO] [HEARTBEAT TX]
[2026-09-02T18:49:44.341+00:00][B] [INFO] Node ID: 2
[2026-09-02T18:49:44.341+00:00][B] [INFO] type: 2
[2026-09-02T18:49:44.341+00:00][B] [INFO] Destination: 0xFF
[2026-09-02T18:49:44.346+00:00][B] [INFO] Sequence: 123
[2026-09-02T18:49:44.346+00:00][B] [INFO] Packet ID: 51
[2026-09-02T18:49:44.352+00:00][B] [INFO] Packet Size: 26
[2026-09-02T18:49:44.352+00:00][B] [INFO] Timestamp: 51 ms
[2026-09-02T18:49:44.352+00:00][B] [INFO] Transmission Result: success
[2026-09-02T18:49:44.357+00:00][B] [INFO] --------------------------------
[2026-09-02T18:49:44.358+00:00][B] [INFO] [Heartbeat #51]
[2026-09-02T18:49:44.363+00:00][B] [INFO] Sent
[2026-09-02T18:49:44.363+00:00][B] [INFO] Waiting ACK...
[2026-09-02T18:49:44.363+00:00][B] [INFO] [WAITING ACK]
[2026-09-02T18:49:44.377+00:00][B] [INFO] [RF TX] type=2 source=0x02 destination=0xFF previousHop=0x02 sequence=123 ackSequence=0 ttl=8 hops=0 payloadSize=13 rssi=0 snr=0.00
[2026-09-02T18:49:44.377+00:00][B] [INFO] Heartbeat packet sent
[2026-09-02T18:49:45.053+00:00][B] [INFO] [RF RX] type=2 source=0x01 destination=0xFF previousHop=0x01 sequence=112 ackSequence=0 ttl=8 hops=0 payloadSize=13 rssi=-61 snr=10.00
[2026-09-02T18:49:45.202+00:00][B] [INFO] --------------------------------
[2026-09-02T18:49:45.203+00:00][B] [INFO] [HEARTBEAT TX]
[2026-09-02T18:49:45.207+00:00][B] [INFO] Node ID: 2
[2026-09-02T18:49:45.207+00:00][B] [INFO] type: 2
[2026-09-02T18:49:45.207+00:00][B] [INFO] Destination: 0xFF
[2026-09-02T18:49:45.212+00:00][B] [INFO] Sequence: 125
[2026-09-02T18:49:45.213+00:00][B] [INFO] Packet ID: 52
[2026-09-02T18:49:45.218+00:00][B] [INFO] Packet Size: 26
[2026-09-02T18:49:45.218+00:00][B] [INFO] Timestamp: 52 ms
[2026-09-02T18:49:45.219+00:00][B] [INFO] Transmission Result: success
[2026-09-02T18:49:45.224+00:00][B] [INFO] --------------------------------
[2026-09-02T18:49:45.224+00:00][B] [INFO] [Heartbeat #52]
[2026-09-02T18:49:45.229+00:00][B] [INFO] Sent
[2026-09-02T18:49:45.229+00:00][B] [INFO] Waiting ACK...
[2026-09-02T18:49:45.230+00:00][B] [INFO] [WAITING ACK]
[2026-09-02T18:49:45.243+00:00][B] [INFO] [RF TX] type=2 source=0x02 destination=0xFF previousHop=0x02 sequence=125 ackSequence=0 ttl=8 hops=0 payloadSize=13 rssi=0 snr=0.00
[2026-09-02T18:49:45.244+00:00][B] [INFO] Heartbeat packet sent
[2026-09-02T18:49:45.397+00:00][B] [INFO] [RF RX] type=1 source=0x01 destination=0x02 previousHop=0x01 sequence=114 ackSequence=0 ttl=8 hops=0 payloadSize=4 rssi=-61 snr=9.50
[2026-09-02T18:49:45.455+00:00][B] [INFO] [RF TX] type=3 source=0x02 destination=0x01 previousHop=0x02 sequence=126 ackSequence=114 ttl=8 hops=0 payloadSize=2 rssi=0 snr=0.00
[2026-09-02T18:49:45.521+00:00][B] [INFO] [RF RX] type=1 source=0x01 destination=0x02 previousHop=0x01 sequence=115 ackSequence=0 ttl=8 hops=0 payloadSize=4 rssi=-63 snr=9.75
[2026-09-02T18:49:45.579+00:00][B] [INFO] [RF TX] type=3 source=0x02 destination=0x01 previousHop=0x02 sequence=127 ackSequence=115 ttl=8 hops=0 payloadSize=2 rssi=0 snr=0.00
[2026-09-02T18:49:45.645+00:00][B] [INFO] [RF RX] type=1 source=0x01 destination=0x02 previousHop=0x01 sequence=116 ackSequence=0 ttl=8 hops=0 payloadSize=4 rssi=-62 snr=9.75
[2026-09-02T18:49:45.703+00:00][B] [INFO] [RF TX] type=3 source=0x02 destination=0x01 previousHop=0x02 sequence=128 ackSequence=116 ttl=8 hops=0 payloadSize=2 rssi=0 snr=0.00
[2026-09-02T18:49:45.769+00:00][B] [INFO] [RF RX] type=1 source=0x01 destination=0x02 previousHop=0x01 sequence=117 ackSequence=0 ttl=8 hops=0 payloadSize=4 rssi=-62 snr=9.50
[2026-09-02T18:49:45.830+00:00][B] [INFO] [RF TX] type=3 source=0x02 destination=0x01 previousHop=0x02 sequence=129 ackSequence=117 ttl=8 hops=0 payloadSize=2 rssi=0 snr=0.00
[2026-09-02T18:49:45.893+00:00][B] [INFO] [RF RX] type=1 source=0x01 destination=0x02 previousHop=0x01 sequence=118 ackSequence=0 ttl=8 hops=0 payloadSize=4 rssi=-62 snr=9.75
[2026-09-02T18:49:45.951+00:00][B] [INFO] [RF TX] type=3 source=0x02 destination=0x01 previousHop=0x02 sequence=130 ackSequence=118 ttl=8 hops=0 payloadSize=2 rssi=0 snr=0.00
[2026-09-02T18:49:46.219+00:00][B] [WARN] Retry 1
[2026-09-02T18:49:46.286+00:00][B] [INFO] --------------------------------
[2026-09-02T18:49:46.287+00:00][B] [INFO] [HEARTBEAT TX]
[2026-09-02T18:49:46.291+00:00][B] [INFO] Node ID: 2
[2026-09-02T18:49:46.291+00:00][B] [INFO] type: 2
[2026-09-02T18:49:46.291+00:00][B] [INFO] Destination: 0xFF
[2026-09-02T18:49:46.296+00:00][B] [INFO] Sequence: 125
[2026-09-02T18:49:46.297+00:00][B] [INFO] Packet ID: 52
[2026-09-02T18:49:46.302+00:00][B] [INFO] Packet Size: 26
[2026-09-02T18:49:46.302+00:00][B] [INFO] Timestamp: 52 ms
[2026-09-02T18:49:46.303+00:00][B] [INFO] Transmission Result: success
[2026-09-02T18:49:46.308+00:00][B] [INFO] --------------------------------
[2026-09-02T18:49:46.308+00:00][B] [INFO] [Heartbeat #52]
[2026-09-02T18:49:46.313+00:00][B] [INFO] Sent
[2026-09-02T18:49:46.313+00:00][B] [INFO] Waiting ACK...
[2026-09-02T18:49:46.314+00:00][B] [INFO] [WAITING ACK]
[2026-09-02T18:49:46.327+00:00][B] [INFO] [RF TX] type=2 source=0x02 destination=0xFF previousHop=0x02 sequence=125 ackSequence=0 ttl=8 hops=0 payloadSize=13 rssi=0 snr=0.00
[2026-09-02T18:49:46.328+00:00][B] [INFO] Heartbeat packet sent
[2026-09-02T18:49:47.003+00:00][B] [INFO] [RF TX] type=3 source=0x02 destination=0x01 previousHop=0x02 sequence=131 ackSequence=118 ttl=8 hops=0 payloadSize=2 rssi=0 snr=0.00
[2026-09-02T18:49:47.203+00:00][B] [INFO] --------------------------------
[2026-09-02T18:49:47.203+00:00][B] [INFO] [HEARTBEAT TX]
[2026-09-02T18:49:47.207+00:00][B] [INFO] Node ID: 2
[2026-09-02T18:49:47.207+00:00][B] [INFO] type: 2
[2026-09-02T18:49:47.207+00:00][B] [INFO] Destination: 0xFF
[2026-09-02T18:49:47.212+00:00][B] [INFO] Sequence: 132
[2026-09-02T18:49:47.213+00:00][B] [INFO] Packet ID: 53
[2026-09-02T18:49:47.218+00:00][B] [INFO] Packet Size: 26
[2026-09-02T18:49:47.218+00:00][B] [INFO] Timestamp: 53 ms
[2026-09-02T18:49:47.219+00:00][B] [INFO] Transmission Result: success
[2026-09-02T18:49:47.224+00:00][B] [INFO] --------------------------------
[2026-09-02T18:49:47.224+00:00][B] [INFO] [Heartbeat #53]
[2026-09-02T18:49:47.229+00:00][B] [INFO] Sent
[2026-09-02T18:49:47.229+00:00][B] [INFO] Waiting ACK...
[2026-09-02T18:49:47.230+00:00][B] [INFO] [WAITING ACK]
[2026-09-02T18:49:47.243+00:00][B] [INFO] [RF TX] type=2 source=0x02 destination=0xFF previousHop=0x02 sequence=132 ackSequence=0 ttl=8 hops=0 payloadSize=13 rssi=0 snr=0.00
[2026-09-02T18:49:47.244+00:00][B] [INFO] Heartbeat packet sent
[2026-09-02T18:49:47.969+00:00][B] [INFO] [RF RX] type=2 source=0x01 destination=0xFF previousHop=0x01 sequence=120 ackSequence=0 ttl=8 hops=0 payloadSize=13 rssi=-61 snr=9.75
[2026-09-02T18:49:48.111+00:00][B] [INFO] [RF TX] type=3 source=0x02 destination=0x01 previousHop=0x02 sequence=133 ackSequence=118 ttl=8 hops=0 payloadSize=2 rssi=0 snr=0.00
[2026-09-02T18:49:48.219+00:00][B] [WARN] Retry 1
[2026-09-02T18:49:48.286+00:00][B] [INFO] --------------------------------
[2026-09-02T18:49:48.286+00:00][B] [INFO] [HEARTBEAT TX]
[2026-09-02T18:49:48.291+00:00][B] [INFO] Node ID: 2
[2026-09-02T18:49:48.291+00:00][B] [INFO] type: 2
[2026-09-02T18:49:48.291+00:00][B] [INFO] Destination: 0xFF
[2026-09-02T18:49:48.297+00:00][B] [INFO] Sequence: 132
[2026-09-02T18:49:48.298+00:00][B] [INFO] Packet ID: 53
[2026-09-02T18:49:48.302+00:00][B] [INFO] Packet Size: 26
[2026-09-02T18:49:48.302+00:00][B] [INFO] Timestamp: 53 ms
[2026-09-02T18:49:48.302+00:00][B] [INFO] Transmission Result: success
[2026-09-02T18:49:48.307+00:00][B] [INFO] --------------------------------
[2026-09-02T18:49:48.308+00:00][B] [INFO] [Heartbeat #53]
[2026-09-02T18:49:48.313+00:00][B] [INFO] Sent
[2026-09-02T18:49:48.313+00:00][B] [INFO] Waiting ACK...
[2026-09-02T18:49:48.314+00:00][B] [INFO] [WAITING ACK]
[2026-09-02T18:49:48.327+00:00][B] [INFO] [RF TX] type=2 source=0x02 destination=0xFF previousHop=0x02 sequence=132 ackSequence=0 ttl=8 hops=0 payloadSize=13 rssi=0 snr=0.00
[2026-09-02T18:49:48.328+00:00][B] [INFO] Heartbeat packet sent
[2026-09-02T18:49:49.053+00:00][B] [INFO] [RF RX] type=2 source=0x01 destination=0xFF previousHop=0x01 sequence=120 ackSequence=0 ttl=8 hops=0 payloadSize=13 rssi=-61 snr=9.50
[2026-09-02T18:49:49.202+00:00][B] [INFO] --------------------------------
[2026-09-02T18:49:49.202+00:00][B] [INFO] [HEARTBEAT TX]
[2026-09-02T18:49:49.207+00:00][B] [INFO] Node ID: 2
[2026-09-02T18:49:49.207+00:00][B] [INFO] type: 2
[2026-09-02T18:49:49.208+00:00][B] [INFO] Destination: 0xFF
[2026-09-02T18:49:49.212+00:00][B] [INFO] Sequence: 134
[2026-09-02T18:49:49.213+00:00][B] [INFO] Packet ID: 54
[2026-09-02T18:49:49.218+00:00][B] [INFO] Packet Size: 26
[2026-09-02T18:49:49.218+00:00][B] [INFO] Timestamp: 54 ms
[2026-09-02T18:49:49.219+00:00][B] [INFO] Transmission Result: success
[2026-09-02T18:49:49.224+00:00][B] [INFO] --------------------------------
[2026-09-02T18:49:49.224+00:00][B] [INFO] [Heartbeat #54]
[2026-09-02T18:49:49.229+00:00][B] [INFO] Sent
[2026-09-02T18:49:49.229+00:00][B] [INFO] Waiting ACK...
[2026-09-02T18:49:49.230+00:00][B] [INFO] [WAITING ACK]
[2026-09-02T18:49:49.243+00:00][B] [INFO] [RF TX] type=2 source=0x02 destination=0xFF previousHop=0x02 sequence=134 ackSequence=0 ttl=8 hops=0 payloadSize=13 rssi=0 snr=0.00
[2026-09-02T18:49:49.244+00:00][B] [INFO] Heartbeat packet sent
[2026-09-02T18:49:49.969+00:00][B] [INFO] [RF RX] type=2 source=0x01 destination=0xFF previousHop=0x01 sequence=121 ackSequence=0 ttl=8 hops=0 payloadSize=13 rssi=-60 snr=9.75
[2026-09-02T18:49:50.211+00:00][B] [INFO] [RF RX] type=1 source=0x01 destination=0x02 previousHop=0x01 sequence=122 ackSequence=0 ttl=8 hops=0 payloadSize=4 rssi=-62 snr=10.00
[2026-09-02T18:49:50.270+00:00][B] [INFO] [RF TX] type=3 source=0x02 destination=0x01 previousHop=0x02 sequence=135 ackSequence=122 ttl=8 hops=0 payloadSize=2 rssi=0 snr=0.00
[2026-09-02T18:49:50.270+00:00][B] [WARN] Retry 1
[2026-09-02T18:49:50.335+00:00][B] [INFO] --------------------------------
[2026-09-02T18:49:50.336+00:00][B] [INFO] [HEARTBEAT TX]
[2026-09-02T18:49:50.341+00:00][B] [INFO] Node ID: 2
[2026-09-02T18:49:50.341+00:00][B] [INFO] type: 2
[2026-09-02T18:49:50.341+00:00][B] [INFO] Destination: 0xFF
[2026-09-02T18:49:50.346+00:00][B] [INFO] Sequence: 134
[2026-09-02T18:49:50.347+00:00][B] [INFO] Packet ID: 54
[2026-09-02T18:49:50.351+00:00][B] [INFO] Packet Size: 26
[2026-09-02T18:49:50.352+00:00][B] [INFO] Timestamp: 54 ms
[2026-09-02T18:49:50.353+00:00][B] [INFO] Transmission Result: success
[2026-09-02T18:49:50.357+00:00][B] [INFO] --------------------------------
[2026-09-02T18:49:50.358+00:00][B] [INFO] [Heartbeat #54]
[2026-09-02T18:49:50.363+00:00][B] [INFO] Sent
[2026-09-02T18:49:50.364+00:00][B] [INFO] Waiting ACK...
[2026-09-02T18:49:50.364+00:00][B] [INFO] [WAITING ACK]
[2026-09-02T18:49:50.377+00:00][B] [INFO] [RF TX] type=2 source=0x02 destination=0xFF previousHop=0x02 sequence=134 ackSequence=0 ttl=8 hops=0 payloadSize=13 rssi=0 snr=0.00
[2026-09-02T18:49:50.378+00:00][B] [INFO] Heartbeat packet sent
[2026-09-02T18:49:51.053+00:00][B] [INFO] [RF RX] type=2 source=0x01 destination=0xFF previousHop=0x01 sequence=121 ackSequence=0 ttl=8 hops=0 payloadSize=13 rssi=-61 snr=10.00
[2026-09-02T18:49:51.201+00:00][B] [INFO] --------------------------------
[2026-09-02T18:49:51.202+00:00][B] [INFO] [HEARTBEAT TX]
[2026-09-02T18:49:51.207+00:00][B] [INFO] Node ID: 2
[2026-09-02T18:49:51.207+00:00][B] [INFO] type: 2
[2026-09-02T18:49:51.207+00:00][B] [INFO] Destination: 0xFF
[2026-09-02T18:49:51.212+00:00][B] [INFO] Sequence: 136
[2026-09-02T18:49:51.213+00:00][B] [INFO] Packet ID: 55
[2026-09-02T18:49:51.218+00:00][B] [INFO] Packet Size: 26
[2026-09-02T18:49:51.218+00:00][B] [INFO] Timestamp: 55 ms
[2026-09-02T18:49:51.218+00:00][B] [INFO] Transmission Result: success
[2026-09-02T18:49:51.223+00:00][B] [INFO] --------------------------------
[2026-09-02T18:49:51.224+00:00][B] [INFO] [Heartbeat #55]
[2026-09-02T18:49:51.229+00:00][B] [INFO] Sent
[2026-09-02T18:49:51.229+00:00][B] [INFO] Waiting ACK...
[2026-09-02T18:49:51.230+00:00][B] [INFO] [WAITING ACK]
[2026-09-02T18:49:51.243+00:00][B] [INFO] [RF TX] type=2 source=0x02 destination=0xFF previousHop=0x02 sequence=136 ackSequence=0 ttl=8 hops=0 payloadSize=13 rssi=0 snr=0.00
[2026-09-02T18:49:51.244+00:00][B] [INFO] Heartbeat packet sent
[2026-09-02T18:49:51.398+00:00][B] [INFO] [RF RX] type=1 source=0x01 destination=0x02 previousHop=0x01 sequence=123 ackSequence=0 ttl=8 hops=0 payloadSize=4 rssi=-61 snr=10.00
[2026-09-02T18:49:51.455+00:00][B] [INFO] [RF TX] type=3 source=0x02 destination=0x01 previousHop=0x02 sequence=137 ackSequence=123 ttl=8 hops=0 payloadSize=2 rssi=0 snr=0.00
[2026-09-02T18:49:51.521+00:00][B] [INFO] [RF RX] type=1 source=0x01 destination=0x02 previousHop=0x01 sequence=124 ackSequence=0 ttl=8 hops=0 payloadSize=4 rssi=-62 snr=9.50
[2026-09-02T18:49:51.579+00:00][B] [INFO] [RF TX] type=3 source=0x02 destination=0x01 previousHop=0x02 sequence=138 ackSequence=124 ttl=8 hops=0 payloadSize=2 rssi=0 snr=0.00
[2026-09-02T18:49:51.645+00:00][B] [INFO] [RF RX] type=1 source=0x01 destination=0x02 previousHop=0x01 sequence=125 ackSequence=0 ttl=8 hops=0 payloadSize=4 rssi=-62 snr=9.25
[2026-09-02T18:49:51.703+00:00][B] [INFO] [RF TX] type=3 source=0x02 destination=0x01 previousHop=0x02 sequence=139 ackSequence=125 ttl=8 hops=0 payloadSize=2 rssi=0 snr=0.00
[2026-09-02T18:49:51.769+00:00][B] [INFO] [RF RX] type=1 source=0x01 destination=0x02 previousHop=0x01 sequence=126 ackSequence=0 ttl=8 hops=0 payloadSize=4 rssi=-61 snr=10.00
[2026-09-02T18:49:51.827+00:00][B] [INFO] [RF TX] type=3 source=0x02 destination=0x01 previousHop=0x02 sequence=140 ackSequence=126 ttl=8 hops=0 payloadSize=2 rssi=0 snr=0.00
[2026-09-02T18:49:51.893+00:00][B] [INFO] [RF RX] type=1 source=0x01 destination=0x02 previousHop=0x01 sequence=127 ackSequence=0 ttl=8 hops=0 payloadSize=4 rssi=-61 snr=9.50
[2026-09-02T18:49:51.951+00:00][B] [INFO] [RF TX] type=3 source=0x02 destination=0x01 previousHop=0x02 sequence=141 ackSequence=127 ttl=8 hops=0 payloadSize=2 rssi=0 snr=0.00
[2026-09-02T18:49:52.218+00:00][B] [WARN] Retry 1
[2026-09-02T18:49:52.286+00:00][B] [INFO] --------------------------------
[2026-09-02T18:49:52.286+00:00][B] [INFO] [HEARTBEAT TX]
[2026-09-02T18:49:52.291+00:00][B] [INFO] Node ID: 2
[2026-09-02T18:49:52.291+00:00][B] [INFO] type: 2
[2026-09-02T18:49:52.292+00:00][B] [INFO] Destination: 0xFF
[2026-09-02T18:49:52.296+00:00][B] [INFO] Sequence: 136
[2026-09-02T18:49:52.297+00:00][B] [INFO] Packet ID: 55
[2026-09-02T18:49:52.302+00:00][B] [INFO] Packet Size: 26
[2026-09-02T18:49:52.302+00:00][B] [INFO] Timestamp: 55 ms
[2026-09-02T18:49:52.303+00:00][B] [INFO] Transmission Result: success
[2026-09-02T18:49:52.308+00:00][B] [INFO] --------------------------------
[2026-09-02T18:49:52.308+00:00][B] [INFO] [Heartbeat #55]
[2026-09-02T18:49:52.313+00:00][B] [INFO] Sent
[2026-09-02T18:49:52.313+00:00][B] [INFO] Waiting ACK...
[2026-09-02T18:49:52.314+00:00][B] [INFO] [WAITING ACK]
[2026-09-02T18:49:52.327+00:00][B] [INFO] [RF TX] type=2 source=0x02 destination=0xFF previousHop=0x02 sequence=136 ackSequence=0 ttl=8 hops=0 payloadSize=13 rssi=0 snr=0.00
[2026-09-02T18:49:52.328+00:00][B] [INFO] Heartbeat packet sent
[2026-09-02T18:49:53.002+00:00][B] [INFO] [RF TX] type=3 source=0x02 destination=0x01 previousHop=0x02 sequence=142 ackSequence=127 ttl=8 hops=0 payloadSize=2 rssi=0 snr=0.00
[2026-09-02T18:49:53.202+00:00][B] [INFO] --------------------------------
[2026-09-02T18:49:53.202+00:00][B] [INFO] [HEARTBEAT TX]
[2026-09-02T18:49:53.207+00:00][B] [INFO] Node ID: 2
[2026-09-02T18:49:53.207+00:00][B] [INFO] type: 2
[2026-09-02T18:49:53.208+00:00][B] [INFO] Destination: 0xFF
[2026-09-02T18:49:53.212+00:00][B] [INFO] Sequence: 143
[2026-09-02T18:49:53.213+00:00][B] [INFO] Packet ID: 56
[2026-09-02T18:49:53.218+00:00][B] [INFO] Packet Size: 26
[2026-09-02T18:49:53.218+00:00][B] [INFO] Timestamp: 56 ms
[2026-09-02T18:49:53.219+00:00][B] [INFO] Transmission Result: success
[2026-09-02T18:49:53.223+00:00][B] [INFO] --------------------------------
[2026-09-02T18:49:53.224+00:00][B] [INFO] [Heartbeat #56]
[2026-09-02T18:49:53.229+00:00][B] [INFO] Sent
[2026-09-02T18:49:53.229+00:00][B] [INFO] Waiting ACK...
[2026-09-02T18:49:53.230+00:00][B] [INFO] [WAITING ACK]
[2026-09-02T18:49:53.243+00:00][B] [INFO] [RF TX] type=2 source=0x02 destination=0xFF previousHop=0x02 sequence=143 ackSequence=0 ttl=8 hops=0 payloadSize=13 rssi=0 snr=0.00
[2026-09-02T18:49:53.244+00:00][B] [INFO] Heartbeat packet sent
[2026-09-02T18:49:53.969+00:00][B] [INFO] [RF RX] type=2 source=0x01 destination=0xFF previousHop=0x01 sequence=129 ackSequence=0 ttl=8 hops=0 payloadSize=13 rssi=-62 snr=9.75
[2026-09-02T18:49:54.111+00:00][B] [INFO] [RF TX] type=3 source=0x02 destination=0x01 previousHop=0x02 sequence=144 ackSequence=127 ttl=8 hops=0 payloadSize=2 rssi=0 snr=0.00
[2026-09-02T18:49:54.219+00:00][B] [WARN] Retry 1
[2026-09-02T18:49:54.286+00:00][B] [INFO] --------------------------------
[2026-09-02T18:49:54.286+00:00][B] [INFO] [HEARTBEAT TX]
[2026-09-02T18:49:54.291+00:00][B] [INFO] Node ID: 2
[2026-09-02T18:49:54.291+00:00][B] [INFO] type: 2
[2026-09-02T18:49:54.291+00:00][B] [INFO] Destination: 0xFF
[2026-09-02T18:49:54.296+00:00][B] [INFO] Sequence: 143
[2026-09-02T18:49:54.297+00:00][B] [INFO] Packet ID: 56
[2026-09-02T18:49:54.301+00:00][B] [INFO] Packet Size: 26
[2026-09-02T18:49:54.302+00:00][B] [INFO] Timestamp: 56 ms
[2026-09-02T18:49:54.303+00:00][B] [INFO] Transmission Result: success
[2026-09-02T18:49:54.308+00:00][B] [INFO] --------------------------------
[2026-09-02T18:49:54.308+00:00][B] [INFO] [Heartbeat #56]
[2026-09-02T18:49:54.313+00:00][B] [INFO] Sent
[2026-09-02T18:49:54.314+00:00][B] [INFO] Waiting ACK...
[2026-09-02T18:49:54.314+00:00][B] [INFO] [WAITING ACK]
[2026-09-02T18:49:54.328+00:00][B] [INFO] [RF TX] type=2 source=0x02 destination=0xFF previousHop=0x02 sequence=143 ackSequence=0 ttl=8 hops=0 payloadSize=13 rssi=0 snr=0.00
[2026-09-02T18:49:54.328+00:00][B] [INFO] Heartbeat packet sent
[2026-09-02T18:49:55.053+00:00][B] [INFO] [RF RX] type=2 source=0x01 destination=0xFF previousHop=0x01 sequence=129 ackSequence=0 ttl=8 hops=0 payloadSize=13 rssi=-61 snr=9.50
[2026-09-02T18:49:55.201+00:00][B] [INFO] --------------------------------
[2026-09-02T18:49:55.201+00:00][B] [INFO] [HEARTBEAT TX]
[2026-09-02T18:49:55.207+00:00][B] [INFO] Node ID: 2
[2026-09-02T18:49:55.207+00:00][B] [INFO] type: 2
[2026-09-02T18:49:55.207+00:00][B] [INFO] Destination: 0xFF
[2026-09-02T18:49:55.212+00:00][B] [INFO] Sequence: 145
[2026-09-02T18:49:55.213+00:00][B] [INFO] Packet ID: 57
[2026-09-02T18:49:55.217+00:00][B] [INFO] Packet Size: 26
[2026-09-02T18:49:55.218+00:00][B] [INFO] Timestamp: 57 ms
[2026-09-02T18:49:55.218+00:00][B] [INFO] Transmission Result: success
[2026-09-02T18:49:55.223+00:00][B] [INFO] --------------------------------
[2026-09-02T18:49:55.224+00:00][B] [INFO] [Heartbeat #57]
[2026-09-02T18:49:55.229+00:00][B] [INFO] Sent
[2026-09-02T18:49:55.229+00:00][B] [INFO] Waiting ACK...
[2026-09-02T18:49:55.229+00:00][B] [INFO] [WAITING ACK]
[2026-09-02T18:49:55.243+00:00][B] [INFO] [RF TX] type=2 source=0x02 destination=0xFF previousHop=0x02 sequence=145 ackSequence=0 ttl=8 hops=0 payloadSize=13 rssi=0 snr=0.00
[2026-09-02T18:49:55.243+00:00][B] [INFO] Heartbeat packet sent
[2026-09-02T18:49:55.969+00:00][B] [INFO] [RF RX] type=2 source=0x01 destination=0xFF previousHop=0x01 sequence=130 ackSequence=0 ttl=8 hops=0 payloadSize=13 rssi=-61 snr=10.00
[2026-09-02T18:49:56.211+00:00][B] [INFO] [RF RX] type=1 source=0x01 destination=0x02 previousHop=0x01 sequence=131 ackSequence=0 ttl=8 hops=0 payloadSize=4 rssi=-61 snr=10.00
[2026-09-02T18:49:56.270+00:00][B] [INFO] [RF TX] type=3 source=0x02 destination=0x01 previousHop=0x02 sequence=146 ackSequence=131 ttl=8 hops=0 payloadSize=2 rssi=0 snr=0.00
[2026-09-02T18:49:56.271+00:00][B] [WARN] Retry 1
[2026-09-02T18:49:56.335+00:00][B] [INFO] --------------------------------
[2026-09-02T18:49:56.336+00:00][B] [INFO] [HEARTBEAT TX]
[2026-09-02T18:49:56.340+00:00][B] [INFO] Node ID: 2
[2026-09-02T18:49:56.341+00:00][B] [INFO] type: 2
[2026-09-02T18:49:56.341+00:00][B] [INFO] Destination: 0xFF
[2026-09-02T18:49:56.346+00:00][B] [INFO] Sequence: 145
[2026-09-02T18:49:56.346+00:00][B] [INFO] Packet ID: 57
[2026-09-02T18:49:56.351+00:00][B] [INFO] Packet Size: 26
[2026-09-02T18:49:56.352+00:00][B] [INFO] Timestamp: 57 ms
[2026-09-02T18:49:56.352+00:00][B] [INFO] Transmission Result: success
[2026-09-02T18:49:56.357+00:00][B] [INFO] --------------------------------
[2026-09-02T18:49:56.358+00:00][B] [INFO] [Heartbeat #57]
[2026-09-02T18:49:56.363+00:00][B] [INFO] Sent
[2026-09-02T18:49:56.363+00:00][B] [INFO] Waiting ACK...
[2026-09-02T18:49:56.364+00:00][B] [INFO] [WAITING ACK]
[2026-09-02T18:49:56.377+00:00][B] [INFO] [RF TX] type=2 source=0x02 destination=0xFF previousHop=0x02 sequence=145 ackSequence=0 ttl=8 hops=0 payloadSize=13 rssi=0 snr=0.00
[2026-09-02T18:49:56.377+00:00][B] [INFO] Heartbeat packet sent
[2026-09-02T18:49:57.053+00:00][B] [INFO] [RF RX] type=2 source=0x01 destination=0xFF previousHop=0x01 sequence=130 ackSequence=0 ttl=8 hops=0 payloadSize=13 rssi=-61 snr=10.00
[2026-09-02T18:49:57.202+00:00][B] [INFO] --------------------------------
[2026-09-02T18:49:57.202+00:00][B] [INFO] [HEARTBEAT TX]
[2026-09-02T18:49:57.207+00:00][B] [INFO] Node ID: 2
[2026-09-02T18:49:57.207+00:00][B] [INFO] type: 2
[2026-09-02T18:49:57.207+00:00][B] [INFO] Destination: 0xFF
[2026-09-02T18:49:57.212+00:00][B] [INFO] Sequence: 147
[2026-09-02T18:49:57.213+00:00][B] [INFO] Packet ID: 58
[2026-09-02T18:49:57.217+00:00][B] [INFO] Packet Size: 26
[2026-09-02T18:49:57.218+00:00][B] [INFO] Timestamp: 58 ms
[2026-09-02T18:49:57.219+00:00][B] [INFO] Transmission Result: success
[2026-09-02T18:49:57.223+00:00][B] [INFO] --------------------------------
[2026-09-02T18:49:57.224+00:00][B] [INFO] [Heartbeat #58]
[2026-09-02T18:49:57.229+00:00][B] [INFO] Sent
[2026-09-02T18:49:57.229+00:00][B] [INFO] Waiting ACK...
[2026-09-02T18:49:57.230+00:00][B] [INFO] [WAITING ACK]
[2026-09-02T18:49:57.243+00:00][B] [INFO] [RF TX] type=2 source=0x02 destination=0xFF previousHop=0x02 sequence=147 ackSequence=0 ttl=8 hops=0 payloadSize=13 rssi=0 snr=0.00
[2026-09-02T18:49:57.243+00:00][B] [INFO] Heartbeat packet sent
[2026-09-02T18:49:57.398+00:00][B] [INFO] [RF RX] type=1 source=0x01 destination=0x02 previousHop=0x01 sequence=132 ackSequence=0 ttl=8 hops=0 payloadSize=4 rssi=-62 snr=9.75
[2026-09-02T18:49:57.455+00:00][B] [INFO] [RF TX] type=3 source=0x02 destination=0x01 previousHop=0x02 sequence=148 ackSequence=132 ttl=8 hops=0 payloadSize=2 rssi=0 snr=0.00
[2026-09-02T18:49:57.521+00:00][B] [INFO] [RF RX] type=1 source=0x01 destination=0x02 previousHop=0x01 sequence=133 ackSequence=0 ttl=8 hops=0 payloadSize=4 rssi=-61 snr=9.50
[2026-09-02T18:49:57.579+00:00][B] [INFO] [RF TX] type=3 source=0x02 destination=0x01 previousHop=0x02 sequence=149 ackSequence=133 ttl=8 hops=0 payloadSize=2 rssi=0 snr=0.00
[2026-09-02T18:49:57.645+00:00][B] [INFO] [RF RX] type=1 source=0x01 destination=0x02 previousHop=0x01 sequence=134 ackSequence=0 ttl=8 hops=0 payloadSize=4 rssi=-62 snr=9.75
[2026-09-02T18:49:57.703+00:00][B] [INFO] [RF TX] type=3 source=0x02 destination=0x01 previousHop=0x02 sequence=150 ackSequence=134 ttl=8 hops=0 payloadSize=2 rssi=0 snr=0.00
[2026-09-02T18:49:57.769+00:00][B] [INFO] [RF RX] type=1 source=0x01 destination=0x02 previousHop=0x01 sequence=135 ackSequence=0 ttl=8 hops=0 payloadSize=4 rssi=-62 snr=9.75
[2026-09-02T18:49:57.827+00:00][B] [INFO] [RF TX] type=3 source=0x02 destination=0x01 previousHop=0x02 sequence=151 ackSequence=135 ttl=8 hops=0 payloadSize=2 rssi=0 snr=0.00
[2026-09-02T18:49:57.893+00:00][B] [INFO] [RF RX] type=1 source=0x01 destination=0x02 previousHop=0x01 sequence=136 ackSequence=0 ttl=8 hops=0 payloadSize=4 rssi=-62 snr=9.75
[2026-09-02T18:49:57.950+00:00][B] [INFO] [RF TX] type=3 source=0x02 destination=0x01 previousHop=0x02 sequence=152 ackSequence=136 ttl=8 hops=0 payloadSize=2 rssi=0 snr=0.00
[2026-09-02T18:49:58.218+00:00][B] [WARN] Retry 1
[2026-09-02T18:49:58.285+00:00][B] [INFO] --------------------------------
[2026-09-02T18:49:58.286+00:00][B] [INFO] [HEARTBEAT TX]
[2026-09-02T18:49:58.290+00:00][B] [INFO] Node ID: 2
[2026-09-02T18:49:58.291+00:00][B] [INFO] type: 2
[2026-09-02T18:49:58.291+00:00][B] [INFO] Destination: 0xFF
[2026-09-02T18:49:58.296+00:00][B] [INFO] Sequence: 147
[2026-09-02T18:49:58.296+00:00][B] [INFO] Packet ID: 58
[2026-09-02T18:49:58.301+00:00][B] [INFO] Packet Size: 26
[2026-09-02T18:49:58.302+00:00][B] [INFO] Timestamp: 58 ms
[2026-09-02T18:49:58.302+00:00][B] [INFO] Transmission Result: success
[2026-09-02T18:49:58.307+00:00][B] [INFO] --------------------------------
[2026-09-02T18:49:58.308+00:00][B] [INFO] [Heartbeat #58]
[2026-09-02T18:49:58.313+00:00][B] [INFO] Sent
[2026-09-02T18:49:58.313+00:00][B] [INFO] Waiting ACK...
[2026-09-02T18:49:58.313+00:00][B] [INFO] [WAITING ACK]
[2026-09-02T18:49:58.327+00:00][B] [INFO] [RF TX] type=2 source=0x02 destination=0xFF previousHop=0x02 sequence=147 ackSequence=0 ttl=8 hops=0 payloadSize=13 rssi=0 snr=0.00
[2026-09-02T18:49:58.327+00:00][B] [INFO] Heartbeat packet sent
[2026-09-02T18:49:59.002+00:00][B] [INFO] [RF TX] type=3 source=0x02 destination=0x01 previousHop=0x02 sequence=153 ackSequence=136 ttl=8 hops=0 payloadSize=2 rssi=0 snr=0.00
[2026-09-02T18:49:59.201+00:00][B] [INFO] --------------------------------
[2026-09-02T18:49:59.202+00:00][B] [INFO] [HEARTBEAT TX]
[2026-09-02T18:49:59.206+00:00][B] [INFO] Node ID: 2
[2026-09-02T18:49:59.207+00:00][B] [INFO] type: 2
[2026-09-02T18:49:59.207+00:00][B] [INFO] Destination: 0xFF
[2026-09-02T18:49:59.212+00:00][B] [INFO] Sequence: 154
[2026-09-02T18:49:59.212+00:00][B] [INFO] Packet ID: 59
[2026-09-02T18:49:59.217+00:00][B] [INFO] Packet Size: 26
[2026-09-02T18:49:59.218+00:00][B] [INFO] Timestamp: 59 ms
[2026-09-02T18:49:59.218+00:00][B] [INFO] Transmission Result: success
[2026-09-02T18:49:59.223+00:00][B] [INFO] --------------------------------
[2026-09-02T18:49:59.224+00:00][B] [INFO] [Heartbeat #59]
[2026-09-02T18:49:59.229+00:00][B] [INFO] Sent
[2026-09-02T18:49:59.229+00:00][B] [INFO] Waiting ACK...
[2026-09-02T18:49:59.230+00:00][B] [INFO] [WAITING ACK]
[2026-09-02T18:49:59.243+00:00][B] [INFO] [RF TX] type=2 source=0x02 destination=0xFF previousHop=0x02 sequence=154 ackSequence=0 ttl=8 hops=0 payloadSize=13 rssi=0 snr=0.00
[2026-09-02T18:49:59.243+00:00][B] [INFO] Heartbeat packet sent
[2026-09-02T18:49:59.969+00:00][B] [INFO] [RF RX] type=2 source=0x01 destination=0xFF previousHop=0x01 sequence=138 ackSequence=0 ttl=8 hops=0 payloadSize=13 rssi=-61 snr=9.75
[2026-09-02T18:50:00.111+00:00][B] [INFO] [RF TX] type=3 source=0x02 destination=0x01 previousHop=0x02 sequence=155 ackSequence=136 ttl=8 hops=0 payloadSize=2 rssi=0 snr=0.00
[2026-09-02T18:50:29.200+00:00][B] [INFO] --------------------------------
[2026-09-02T18:50:29.201+00:00][B] [INFO] [HEARTBEAT TX]
[2026-09-02T18:50:29.206+00:00][B] [INFO] Node ID: 2
[2026-09-02T18:50:29.206+00:00][B] [INFO] type: 2
[2026-09-02T18:50:29.206+00:00][B] [INFO] Destination: 0xFF
[2026-09-02T18:50:29.211+00:00][B] [INFO] Sequence: 204
[2026-09-02T18:50:29.211+00:00][B] [INFO] Packet ID: 74
[2026-09-02T18:50:29.217+00:00][B] [INFO] Packet Size: 26
[2026-09-02T18:50:29.217+00:00][B] [INFO] Timestamp: 74 ms
[2026-09-02T18:50:29.217+00:00][B] [INFO] Transmission Result: success
[2026-09-02T18:50:29.222+00:00][B] [INFO] --------------------------------
[2026-09-02T18:50:29.222+00:00][B] [INFO] [Heartbeat #74]
[2026-09-02T18:50:29.228+00:00][B] [INFO] Sent
[2026-09-02T18:50:29.228+00:00][B] [INFO] Waiting ACK...
[2026-09-02T18:50:29.228+00:00][B] [INFO] [WAITING ACK]
[2026-09-02T18:50:29.242+00:00][B] [INFO] [RF TX] type=2 source=0x02 destination=0xFF previousHop=0x02 sequence=204 ackSequence=0 ttl=8 hops=0 payloadSize=13 rssi=0 snr=0.00
[2026-09-02T18:50:29.242+00:00][B] [INFO] Heartbeat packet sent
[2026-09-02T18:50:29.968+00:00][B] [INFO] [RF RX] type=2 source=0x01 destination=0xFF previousHop=0x01 sequence=180 ackSequence=0 ttl=8 hops=0 payloadSize=13 rssi=-61 snr=9.75
[2026-09-02T18:50:30.217+00:00][B] [WARN] Retry 1
[2026-09-02T18:50:30.284+00:00][B] [INFO] --------------------------------
[2026-09-02T18:50:30.285+00:00][B] [INFO] [HEARTBEAT TX]
[2026-09-02T18:50:30.290+00:00][B] [INFO] Node ID: 2
[2026-09-02T18:50:30.290+00:00][B] [INFO] type: 2
[2026-09-02T18:50:30.290+00:00][B] [INFO] Destination: 0xFF
[2026-09-02T18:50:30.295+00:00][B] [INFO] Sequence: 204
[2026-09-02T18:50:30.295+00:00][B] [INFO] Packet ID: 74
[2026-09-02T18:50:30.300+00:00][B] [INFO] Packet Size: 26
[2026-09-02T18:50:30.301+00:00][B] [INFO] Timestamp: 74 ms
[2026-09-02T18:50:30.301+00:00][B] [INFO] Transmission Result: success
[2026-09-02T18:50:30.306+00:00][B] [INFO] --------------------------------
[2026-09-02T18:50:30.307+00:00][B] [INFO] [Heartbeat #74]
[2026-09-02T18:50:30.312+00:00][B] [INFO] Sent
[2026-09-02T18:50:30.312+00:00][B] [INFO] Waiting ACK...
[2026-09-02T18:50:30.312+00:00][B] [INFO] [WAITING ACK]
[2026-09-02T18:50:30.326+00:00][B] [INFO] [RF TX] type=2 source=0x02 destination=0xFF previousHop=0x02 sequence=204 ackSequence=0 ttl=8 hops=0 payloadSize=13 rssi=0 snr=0.00
[2026-09-02T18:50:30.326+00:00][B] [INFO] Heartbeat packet sent
[2026-09-02T18:50:31.052+00:00][B] [INFO] [RF RX] type=2 source=0x01 destination=0xFF previousHop=0x01 sequence=180 ackSequence=0 ttl=8 hops=0 payloadSize=13 rssi=-61 snr=9.25
[2026-09-02T18:50:31.200+00:00][B] [INFO] --------------------------------
[2026-09-02T18:50:31.201+00:00][B] [INFO] [HEARTBEAT TX]
[2026-09-02T18:50:31.206+00:00][B] [INFO] Node ID: 2
[2026-09-02T18:50:31.206+00:00][B] [INFO] type: 2
[2026-09-02T18:50:31.206+00:00][B] [INFO] Destination: 0xFF
[2026-09-02T18:50:31.211+00:00][B] [INFO] Sequence: 205
[2026-09-02T18:50:31.212+00:00][B] [INFO] Packet ID: 75
[2026-09-02T18:50:31.217+00:00][B] [INFO] Packet Size: 26
[2026-09-02T18:50:31.217+00:00][B] [INFO] Timestamp: 75 ms
[2026-09-02T18:50:31.217+00:00][B] [INFO] Transmission Result: success
[2026-09-02T18:50:31.223+00:00][B] [INFO] --------------------------------
[2026-09-02T18:50:31.223+00:00][B] [INFO] [Heartbeat #75]
[2026-09-02T18:50:31.228+00:00][B] [INFO] Sent
[2026-09-02T18:50:31.228+00:00][B] [INFO] Waiting ACK...
[2026-09-02T18:50:31.228+00:00][B] [INFO] [WAITING ACK]
[2026-09-02T18:50:31.242+00:00][B] [INFO] [RF TX] type=2 source=0x02 destination=0xFF previousHop=0x02 sequence=205 ackSequence=0 ttl=8 hops=0 payloadSize=13 rssi=0 snr=0.00
[2026-09-02T18:50:31.243+00:00][B] [INFO] Heartbeat packet sent
[2026-09-02T18:50:31.969+00:00][B] [INFO] [RF RX] type=2 source=0x01 destination=0xFF previousHop=0x01 sequence=181 ackSequence=0 ttl=8 hops=0 payloadSize=13 rssi=-61 snr=10.00
[2026-09-02T18:50:32.217+00:00][B] [WARN] Retry 1
[2026-09-02T18:50:32.284+00:00][B] [INFO] --------------------------------
[2026-09-02T18:50:32.286+00:00][B] [INFO] [HEARTBEAT TX]
[2026-09-02T18:50:32.290+00:00][B] [INFO] Node ID: 2
[2026-09-02T18:50:32.290+00:00][B] [INFO] type: 2
[2026-09-02T18:50:32.290+00:00][B] [INFO] Destination: 0xFF
[2026-09-02T18:50:32.295+00:00][B] [INFO] Sequence: 205
[2026-09-02T18:50:32.295+00:00][B] [INFO] Packet ID: 75
[2026-09-02T18:50:32.301+00:00][B] [INFO] Packet Size: 26
[2026-09-02T18:50:32.301+00:00][B] [INFO] Timestamp: 75 ms
[2026-09-02T18:50:32.301+00:00][B] [INFO] Transmission Result: success
[2026-09-02T18:50:32.307+00:00][B] [INFO] --------------------------------
[2026-09-02T18:50:32.307+00:00][B] [INFO] [Heartbeat #75]
[2026-09-02T18:50:32.312+00:00][B] [INFO] Sent
[2026-09-02T18:50:32.312+00:00][B] [INFO] Waiting ACK...
[2026-09-02T18:50:32.313+00:00][B] [INFO] [WAITING ACK]
[2026-09-02T18:50:32.326+00:00][B] [INFO] [RF TX] type=2 source=0x02 destination=0xFF previousHop=0x02 sequence=205 ackSequence=0 ttl=8 hops=0 payloadSize=13 rssi=0 snr=0.00
[2026-09-02T18:50:32.327+00:00][B] [INFO] Heartbeat packet sent
[2026-09-02T18:50:33.053+00:00][B] [INFO] [RF RX] type=2 source=0x01 destination=0xFF previousHop=0x01 sequence=181 ackSequence=0 ttl=8 hops=0 payloadSize=13 rssi=-61 snr=10.00
[2026-09-02T18:50:33.201+00:00][B] [INFO] --------------------------------
[2026-09-02T18:50:33.201+00:00][B] [INFO] [HEARTBEAT TX]
[2026-09-02T18:50:33.206+00:00][B] [INFO] Node ID: 2
[2026-09-02T18:50:33.206+00:00][B] [INFO] type: 2
[2026-09-02T18:50:33.206+00:00][B] [INFO] Destination: 0xFF
[2026-09-02T18:50:33.211+00:00][B] [INFO] Sequence: 206
[2026-09-02T18:50:33.212+00:00][B] [INFO] Packet ID: 76
[2026-09-02T18:50:33.217+00:00][B] [INFO] Packet Size: 26
[2026-09-02T18:50:33.217+00:00][B] [INFO] Timestamp: 76 ms
[2026-09-02T18:50:33.218+00:00][B] [INFO] Transmission Result: success
[2026-09-02T18:50:33.223+00:00][B] [INFO] --------------------------------
[2026-09-02T18:50:33.223+00:00][B] [INFO] [Heartbeat #76]
[2026-09-02T18:50:33.228+00:00][B] [INFO] Sent
[2026-09-02T18:50:33.228+00:00][B] [INFO] Waiting ACK...
[2026-09-02T18:50:33.229+00:00][B] [INFO] [WAITING ACK]
[2026-09-02T18:50:33.242+00:00][B] [INFO] [RF TX] type=2 source=0x02 destination=0xFF previousHop=0x02 sequence=206 ackSequence=0 ttl=8 hops=0 payloadSize=13 rssi=0 snr=0.00
[2026-09-02T18:50:33.243+00:00][B] [INFO] Heartbeat packet sent
[2026-09-02T18:50:33.968+00:00][B] [INFO] [RF RX] type=2 source=0x01 destination=0xFF previousHop=0x01 sequence=182 ackSequence=0 ttl=8 hops=0 payloadSize=13 rssi=-62 snr=9.50
[2026-09-02T18:50:34.217+00:00][B] [WARN] Retry 1
[2026-09-02T18:50:34.284+00:00][B] [INFO] --------------------------------
[2026-09-02T18:50:34.285+00:00][B] [INFO] [HEARTBEAT TX]
[2026-09-02T18:50:34.290+00:00][B] [INFO] Node ID: 2
[2026-09-02T18:50:34.290+00:00][B] [INFO] type: 2
[2026-09-02T18:50:34.290+00:00][B] [INFO] Destination: 0xFF
[2026-09-02T18:50:34.295+00:00][B] [INFO] Sequence: 206
[2026-09-02T18:50:34.296+00:00][B] [INFO] Packet ID: 76
[2026-09-02T18:50:34.301+00:00][B] [INFO] Packet Size: 26
[2026-09-02T18:50:34.301+00:00][B] [INFO] Timestamp: 76 ms
[2026-09-02T18:50:34.301+00:00][B] [INFO] Transmission Result: success
[2026-09-02T18:50:34.307+00:00][B] [INFO] --------------------------------
[2026-09-02T18:50:34.307+00:00][B] [INFO] [Heartbeat #76]
[2026-09-02T18:50:34.312+00:00][B] [INFO] Sent
[2026-09-02T18:50:34.312+00:00][B] [INFO] Waiting ACK...
[2026-09-02T18:50:34.312+00:00][B] [INFO] [WAITING ACK]
[2026-09-02T18:50:34.326+00:00][B] [INFO] [RF TX] type=2 source=0x02 destination=0xFF previousHop=0x02 sequence=206 ackSequence=0 ttl=8 hops=0 payloadSize=13 rssi=0 snr=0.00
[2026-09-02T18:50:34.327+00:00][B] [INFO] Heartbeat packet sent
[2026-09-02T18:50:35.052+00:00][B] [INFO] [RF RX] type=2 source=0x01 destination=0xFF previousHop=0x01 sequence=182 ackSequence=0 ttl=8 hops=0 payloadSize=13 rssi=-61 snr=9.50
[2026-09-02T18:50:35.200+00:00][B] [INFO] --------------------------------
[2026-09-02T18:50:35.200+00:00][B] [INFO] [HEARTBEAT TX]
[2026-09-02T18:50:35.206+00:00][B] [INFO] Node ID: 2
[2026-09-02T18:50:35.206+00:00][B] [INFO] type: 2
[2026-09-02T18:50:35.206+00:00][B] [INFO] Destination: 0xFF
[2026-09-02T18:50:35.211+00:00][B] [INFO] Sequence: 207
[2026-09-02T18:50:35.212+00:00][B] [INFO] Packet ID: 77
[2026-09-02T18:50:35.217+00:00][B] [INFO] Packet Size: 26
[2026-09-02T18:50:35.217+00:00][B] [INFO] Timestamp: 77 ms
[2026-09-02T18:50:35.217+00:00][B] [INFO] Transmission Result: success
[2026-09-02T18:50:35.223+00:00][B] [INFO] --------------------------------
[2026-09-02T18:50:35.223+00:00][B] [INFO] [Heartbeat #77]
[2026-09-02T18:50:35.228+00:00][B] [INFO] Sent
[2026-09-02T18:50:35.228+00:00][B] [INFO] Waiting ACK...
[2026-09-02T18:50:35.229+00:00][B] [INFO] [WAITING ACK]
[2026-09-02T18:50:35.242+00:00][B] [INFO] [RF TX] type=2 source=0x02 destination=0xFF previousHop=0x02 sequence=207 ackSequence=0 ttl=8 hops=0 payloadSize=13 rssi=0 snr=0.00
[2026-09-02T18:50:35.243+00:00][B] [INFO] Heartbeat packet sent
[2026-09-02T18:50:35.968+00:00][B] [INFO] [RF RX] type=2 source=0x01 destination=0xFF previousHop=0x01 sequence=183 ackSequence=0 ttl=8 hops=0 payloadSize=13 rssi=-61 snr=10.00
[2026-09-02T18:50:36.217+00:00][B] [WARN] Retry 1
[2026-09-02T18:50:36.284+00:00][B] [INFO] --------------------------------
[2026-09-02T18:50:36.285+00:00][B] [INFO] [HEARTBEAT TX]
[2026-09-02T18:50:36.290+00:00][B] [INFO] Node ID: 2
[2026-09-02T18:50:36.290+00:00][B] [INFO] type: 2
[2026-09-02T18:50:36.290+00:00][B] [INFO] Destination: 0xFF
[2026-09-02T18:50:36.295+00:00][B] [INFO] Sequence: 207
[2026-09-02T18:50:36.296+00:00][B] [INFO] Packet ID: 77
[2026-09-02T18:50:36.301+00:00][B] [INFO] Packet Size: 26
[2026-09-02T18:50:36.301+00:00][B] [INFO] Timestamp: 77 ms
[2026-09-02T18:50:36.301+00:00][B] [INFO] Transmission Result: success
[2026-09-02T18:50:36.307+00:00][B] [INFO] --------------------------------
[2026-09-02T18:50:36.307+00:00][B] [INFO] [Heartbeat #77]
[2026-09-02T18:50:36.312+00:00][B] [INFO] Sent
[2026-09-02T18:50:36.313+00:00][B] [INFO] Waiting ACK...
[2026-09-02T18:50:36.313+00:00][B] [INFO] [WAITING ACK]
[2026-09-02T18:50:36.326+00:00][B] [INFO] [RF TX] type=2 source=0x02 destination=0xFF previousHop=0x02 sequence=207 ackSequence=0 ttl=8 hops=0 payloadSize=13 rssi=0 snr=0.00
[2026-09-02T18:50:36.326+00:00][B] [INFO] Heartbeat packet sent
[2026-09-02T18:50:37.052+00:00][B] [INFO] [RF RX] type=2 source=0x01 destination=0xFF previousHop=0x01 sequence=183 ackSequence=0 ttl=8 hops=0 payloadSize=13 rssi=-61 snr=9.75
[2026-09-02T18:50:37.201+00:00][B] [INFO] --------------------------------
[2026-09-02T18:50:37.201+00:00][B] [INFO] [HEARTBEAT TX]
[2026-09-02T18:50:37.205+00:00][B] [INFO] Node ID: 2
[2026-09-02T18:50:37.206+00:00][B] [INFO] type: 2
[2026-09-02T18:50:37.206+00:00][B] [INFO] Destination: 0xFF
[2026-09-02T18:50:37.211+00:00][B] [INFO] Sequence: 208
[2026-09-02T18:50:37.212+00:00][B] [INFO] Packet ID: 78
[2026-09-02T18:50:37.216+00:00][B] [INFO] Packet Size: 26
[2026-09-02T18:50:37.217+00:00][B] [INFO] Timestamp: 78 ms
[2026-09-02T18:50:37.217+00:00][B] [INFO] Transmission Result: success
[2026-09-02T18:50:37.222+00:00][B] [INFO] --------------------------------
[2026-09-02T18:50:37.223+00:00][B] [INFO] [Heartbeat #78]
[2026-09-02T18:50:37.228+00:00][B] [INFO] Sent
[2026-09-02T18:50:37.228+00:00][B] [INFO] Waiting ACK...
[2026-09-02T18:50:37.229+00:00][B] [INFO] [WAITING ACK]
[2026-09-02T18:50:37.242+00:00][B] [INFO] [RF TX] type=2 source=0x02 destination=0xFF previousHop=0x02 sequence=208 ackSequence=0 ttl=8 hops=0 payloadSize=13 rssi=0 snr=0.00
[2026-09-02T18:50:37.243+00:00][B] [INFO] Heartbeat packet sent
[2026-09-02T18:50:37.968+00:00][B] [INFO] [RF RX] type=2 source=0x01 destination=0xFF previousHop=0x01 sequence=184 ackSequence=0 ttl=8 hops=0 payloadSize=13 rssi=-62 snr=9.75
[2026-09-02T18:50:38.218+00:00][B] [WARN] Retry 1
[2026-09-02T18:50:38.284+00:00][B] [INFO] --------------------------------
[2026-09-02T18:50:38.284+00:00][B] [INFO] [HEARTBEAT TX]
[2026-09-02T18:50:38.289+00:00][B] [INFO] Node ID: 2
[2026-09-02T18:50:38.290+00:00][B] [INFO] type: 2
[2026-09-02T18:50:38.290+00:00][B] [INFO] Destination: 0xFF
[2026-09-02T18:50:38.295+00:00][B] [INFO] Sequence: 208
[2026-09-02T18:50:38.295+00:00][B] [INFO] Packet ID: 78
[2026-09-02T18:50:38.300+00:00][B] [INFO] Packet Size: 26
[2026-09-02T18:50:38.301+00:00][B] [INFO] Timestamp: 78 ms
[2026-09-02T18:50:38.301+00:00][B] [INFO] Transmission Result: success
[2026-09-02T18:50:38.306+00:00][B] [INFO] --------------------------------
[2026-09-02T18:50:38.307+00:00][B] [INFO] [Heartbeat #78]
[2026-09-02T18:50:38.312+00:00][B] [INFO] Sent
[2026-09-02T18:50:38.312+00:00][B] [INFO] Waiting ACK...
[2026-09-02T18:50:38.313+00:00][B] [INFO] [WAITING ACK]
[2026-09-02T18:50:38.326+00:00][B] [INFO] [RF TX] type=2 source=0x02 destination=0xFF previousHop=0x02 sequence=208 ackSequence=0 ttl=8 hops=0 payloadSize=13 rssi=0 snr=0.00
[2026-09-02T18:50:38.326+00:00][B] [INFO] Heartbeat packet sent
[2026-09-02T18:50:39.052+00:00][B] [INFO] [RF RX] type=2 source=0x01 destination=0xFF previousHop=0x01 sequence=184 ackSequence=0 ttl=8 hops=0 payloadSize=13 rssi=-61 snr=9.75
[2026-09-02T18:50:39.200+00:00][B] [INFO] --------------------------------
[2026-09-02T18:50:39.200+00:00][B] [INFO] [HEARTBEAT TX]
[2026-09-02T18:50:39.205+00:00][B] [INFO] Node ID: 2
[2026-09-02T18:50:39.205+00:00][B] [INFO] type: 2
[2026-09-02T18:50:39.206+00:00][B] [INFO] Destination: 0xFF
[2026-09-02T18:50:39.211+00:00][B] [INFO] Sequence: 209
[2026-09-02T18:50:39.211+00:00][B] [INFO] Packet ID: 79
[2026-09-02T18:50:39.216+00:00][B] [INFO] Packet Size: 26
[2026-09-02T18:50:39.217+00:00][B] [INFO] Timestamp: 79 ms
[2026-09-02T18:50:39.217+00:00][B] [INFO] Transmission Result: success
[2026-09-02T18:50:39.222+00:00][B] [INFO] --------------------------------
[2026-09-02T18:50:39.223+00:00][B] [INFO] [Heartbeat #79]
[2026-09-02T18:50:39.228+00:00][B] [INFO] Sent
[2026-09-02T18:50:39.228+00:00][B] [INFO] Waiting ACK...
[2026-09-02T18:50:39.228+00:00][B] [INFO] [WAITING ACK]
[2026-09-02T18:50:39.242+00:00][B] [INFO] [RF TX] type=2 source=0x02 destination=0xFF previousHop=0x02 sequence=209 ackSequence=0 ttl=8 hops=0 payloadSize=13 rssi=0 snr=0.00
[2026-09-02T18:50:39.242+00:00][B] [INFO] Heartbeat packet sent
[2026-09-02T18:50:39.968+00:00][B] [INFO] [RF RX] type=2 source=0x01 destination=0xFF previousHop=0x01 sequence=185 ackSequence=0 ttl=8 hops=0 payloadSize=13 rssi=-61 snr=10.00
[2026-09-02T18:50:40.217+00:00][B] [WARN] Retry 1
[2026-09-02T18:50:40.284+00:00][B] [INFO] --------------------------------
[2026-09-02T18:50:40.284+00:00][B] [INFO] [HEARTBEAT TX]
[2026-09-02T18:50:40.289+00:00][B] [INFO] Node ID: 2
[2026-09-02T18:50:40.290+00:00][B] [INFO] type: 2
[2026-09-02T18:50:40.290+00:00][B] [INFO] Destination: 0xFF
[2026-09-02T18:50:40.296+00:00][B] [INFO] Sequence: 209
[2026-09-02T18:50:40.296+00:00][B] [INFO] Packet ID: 79
[2026-09-02T18:50:40.300+00:00][B] [INFO] Packet Size: 26
[2026-09-02T18:50:40.301+00:00][B] [INFO] Timestamp: 79 ms
[2026-09-02T18:50:40.301+00:00][B] [INFO] Transmission Result: success
[2026-09-02T18:50:40.306+00:00][B] [INFO] --------------------------------
[2026-09-02T18:50:40.306+00:00][B] [INFO] [Heartbeat #79]
[2026-09-02T18:50:40.312+00:00][B] [INFO] Sent
[2026-09-02T18:50:40.312+00:00][B] [INFO] Waiting ACK...
[2026-09-02T18:50:40.312+00:00][B] [INFO] [WAITING ACK]
[2026-09-02T18:50:40.326+00:00][B] [INFO] [RF TX] type=2 source=0x02 destination=0xFF previousHop=0x02 sequence=209 ackSequence=0 ttl=8 hops=0 payloadSize=13 rssi=0 snr=0.00
[2026-09-02T18:50:40.326+00:00][B] [INFO] Heartbeat packet sent
[2026-09-02T18:50:41.052+00:00][B] [INFO] [RF RX] type=2 source=0x01 destination=0xFF previousHop=0x01 sequence=185 ackSequence=0 ttl=8 hops=0 payloadSize=13 rssi=-61 snr=9.75
[2026-09-02T18:50:41.200+00:00][B] [INFO] --------------------------------
[2026-09-02T18:50:41.201+00:00][B] [INFO] [HEARTBEAT TX]
[2026-09-02T18:50:41.205+00:00][B] [INFO] Node ID: 2
[2026-09-02T18:50:41.206+00:00][B] [INFO] type: 2
[2026-09-02T18:50:41.206+00:00][B] [INFO] Destination: 0xFF
[2026-09-02T18:50:41.214+00:00][B] [INFO] Sequence: 210
[2026-09-02T18:50:41.214+00:00][B] [INFO] Packet ID: 80
[2026-09-02T18:50:41.216+00:00][B] [INFO] Packet Size: 26
[2026-09-02T18:50:41.217+00:00][B] [INFO] Timestamp: 80 ms
[2026-09-02T18:50:41.217+00:00][B] [INFO] Transmission Result: success
[2026-09-02T18:50:41.222+00:00][B] [INFO] --------------------------------
[2026-09-02T18:50:41.222+00:00][B] [INFO] [Heartbeat #80]
[2026-09-02T18:50:41.227+00:00][B] [INFO] Sent
[2026-09-02T18:50:41.228+00:00][B] [INFO] Waiting ACK...
[2026-09-02T18:50:41.228+00:00][B] [INFO] [WAITING ACK]
[2026-09-02T18:50:41.242+00:00][B] [INFO] [RF TX] type=2 source=0x02 destination=0xFF previousHop=0x02 sequence=210 ackSequence=0 ttl=8 hops=0 payloadSize=13 rssi=0 snr=0.00
[2026-09-02T18:50:41.242+00:00][B] [INFO] Heartbeat packet sent
[2026-09-02T18:50:41.968+00:00][B] [INFO] [RF RX] type=2 source=0x01 destination=0xFF previousHop=0x01 sequence=186 ackSequence=0 ttl=8 hops=0 payloadSize=13 rssi=-62 snr=10.25
[2026-09-02T18:50:42.217+00:00][B] [WARN] Retry 1
[2026-09-02T18:50:42.284+00:00][B] [INFO] --------------------------------
[2026-09-02T18:50:42.284+00:00][B] [INFO] [HEARTBEAT TX]
[2026-09-02T18:50:42.289+00:00][B] [INFO] Node ID: 2
[2026-09-02T18:50:42.290+00:00][B] [INFO] type: 2
[2026-09-02T18:50:42.290+00:00][B] [INFO] Destination: 0xFF
[2026-09-02T18:50:42.295+00:00][B] [INFO] Sequence: 210
[2026-09-02T18:50:42.295+00:00][B] [INFO] Packet ID: 80
[2026-09-02T18:50:42.300+00:00][B] [INFO] Packet Size: 26
[2026-09-02T18:50:42.301+00:00][B] [INFO] Timestamp: 80 ms
[2026-09-02T18:50:42.301+00:00][B] [INFO] Transmission Result: success
[2026-09-02T18:50:42.306+00:00][B] [INFO] --------------------------------
[2026-09-02T18:50:42.306+00:00][B] [INFO] [Heartbeat #80]
[2026-09-02T18:50:42.311+00:00][B] [INFO] Sent
[2026-09-02T18:50:42.312+00:00][B] [INFO] Waiting ACK...
[2026-09-02T18:50:42.312+00:00][B] [INFO] [WAITING ACK]
[2026-09-02T18:50:42.326+00:00][B] [INFO] [RF TX] type=2 source=0x02 destination=0xFF previousHop=0x02 sequence=210 ackSequence=0 ttl=8 hops=0 payloadSize=13 rssi=0 snr=0.00
[2026-09-02T18:50:42.326+00:00][B] [INFO] Heartbeat packet sent
[2026-09-02T18:50:43.052+00:00][B] [INFO] [RF RX] type=2 source=0x01 destination=0xFF previousHop=0x01 sequence=186 ackSequence=0 ttl=8 hops=0 payloadSize=13 rssi=-61 snr=9.75
[2026-09-02T18:50:43.200+00:00][B] [INFO] --------------------------------
[2026-09-02T18:50:43.200+00:00][B] [INFO] [HEARTBEAT TX]
[2026-09-02T18:50:43.205+00:00][B] [INFO] Node ID: 2
[2026-09-02T18:50:43.206+00:00][B] [INFO] type: 2
[2026-09-02T18:50:43.206+00:00][B] [INFO] Destination: 0xFF
[2026-09-02T18:50:43.211+00:00][B] [INFO] Sequence: 211
[2026-09-02T18:50:43.211+00:00][B] [INFO] Packet ID: 81
[2026-09-02T18:50:43.216+00:00][B] [INFO] Packet Size: 26
[2026-09-02T18:50:43.217+00:00][B] [INFO] Timestamp: 81 ms
[2026-09-02T18:50:43.217+00:00][B] [INFO] Transmission Result: success
[2026-09-02T18:50:43.222+00:00][B] [INFO] --------------------------------
[2026-09-02T18:50:43.223+00:00][B] [INFO] [Heartbeat #81]
[2026-09-02T18:50:43.227+00:00][B] [INFO] Sent
[2026-09-02T18:50:43.228+00:00][B] [INFO] Waiting ACK...
[2026-09-02T18:50:43.228+00:00][B] [INFO] [WAITING ACK]
[2026-09-02T18:50:43.242+00:00][B] [INFO] [RF TX] type=2 source=0x02 destination=0xFF previousHop=0x02 sequence=211 ackSequence=0 ttl=8 hops=0 payloadSize=13 rssi=0 snr=0.00
[2026-09-02T18:50:43.242+00:00][B] [INFO] Heartbeat packet sent
[2026-09-02T18:50:43.968+00:00][B] [INFO] [RF RX] type=2 source=0x01 destination=0xFF previousHop=0x01 sequence=187 ackSequence=0 ttl=8 hops=0 payloadSize=13 rssi=-61 snr=9.00
[2026-09-02T18:50:44.217+00:00][B] [WARN] Retry 1
[2026-09-02T18:50:44.284+00:00][B] [INFO] --------------------------------
[2026-09-02T18:50:44.287+00:00][B] [INFO] [HEARTBEAT TX]
[2026-09-02T18:50:44.289+00:00][B] [INFO] Node ID: 2
[2026-09-02T18:50:44.289+00:00][B] [INFO] type: 2
[2026-09-02T18:50:44.290+00:00][B] [INFO] Destination: 0xFF
[2026-09-02T18:50:44.295+00:00][B] [INFO] Sequence: 211
[2026-09-02T18:50:44.295+00:00][B] [INFO] Packet ID: 81
[2026-09-02T18:50:44.300+00:00][B] [INFO] Packet Size: 26
[2026-09-02T18:50:44.300+00:00][B] [INFO] Timestamp: 81 ms
[2026-09-02T18:50:44.301+00:00][B] [INFO] Transmission Result: success
[2026-09-02T18:50:44.306+00:00][B] [INFO] --------------------------------
[2026-09-02T18:50:44.306+00:00][B] [INFO] [Heartbeat #81]
[2026-09-02T18:50:44.311+00:00][B] [INFO] Sent
[2026-09-02T18:50:44.312+00:00][B] [INFO] Waiting ACK...
[2026-09-02T18:50:44.312+00:00][B] [INFO] [WAITING ACK]
[2026-09-02T18:50:44.326+00:00][B] [INFO] [RF TX] type=2 source=0x02 destination=0xFF previousHop=0x02 sequence=211 ackSequence=0 ttl=8 hops=0 payloadSize=13 rssi=0 snr=0.00
[2026-09-02T18:50:44.326+00:00][B] [INFO] Heartbeat packet sent
[2026-09-02T18:50:45.052+00:00][B] [INFO] [RF RX] type=2 source=0x01 destination=0xFF previousHop=0x01 sequence=187 ackSequence=0 ttl=8 hops=0 payloadSize=13 rssi=-61 snr=9.50
[2026-09-02T18:50:45.200+00:00][B] [INFO] --------------------------------
[2026-09-02T18:50:45.201+00:00][B] [INFO] [HEARTBEAT TX]
[2026-09-02T18:50:45.205+00:00][B] [INFO] Node ID: 2
[2026-09-02T18:50:45.206+00:00][B] [INFO] type: 2
[2026-09-02T18:50:45.206+00:00][B] [INFO] Destination: 0xFF
[2026-09-02T18:50:45.211+00:00][B] [INFO] Sequence: 212
[2026-09-02T18:50:45.211+00:00][B] [INFO] Packet ID: 82
[2026-09-02T18:50:45.216+00:00][B] [INFO] Packet Size: 26
[2026-09-02T18:50:45.217+00:00][B] [INFO] Timestamp: 82 ms
[2026-09-02T18:50:45.217+00:00][B] [INFO] Transmission Result: success
[2026-09-02T18:50:45.222+00:00][B] [INFO] --------------------------------
[2026-09-02T18:50:45.223+00:00][B] [INFO] [Heartbeat #82]
[2026-09-02T18:50:45.228+00:00][B] [INFO] Sent
[2026-09-02T18:50:45.228+00:00][B] [INFO] Waiting ACK...
[2026-09-02T18:50:45.228+00:00][B] [INFO] [WAITING ACK]
[2026-09-02T18:50:45.242+00:00][B] [INFO] [RF TX] type=2 source=0x02 destination=0xFF previousHop=0x02 sequence=212 ackSequence=0 ttl=8 hops=0 payloadSize=13 rssi=0 snr=0.00
[2026-09-02T18:50:45.242+00:00][B] [INFO] Heartbeat packet sent
[2026-09-02T18:50:45.968+00:00][B] [INFO] [RF RX] type=2 source=0x01 destination=0xFF previousHop=0x01 sequence=188 ackSequence=0 ttl=8 hops=0 payloadSize=13 rssi=-61 snr=10.00
[2026-09-02T18:50:46.217+00:00][B] [WARN] Retry 1
[2026-09-02T18:50:46.284+00:00][B] [INFO] --------------------------------
[2026-09-02T18:50:46.285+00:00][B] [INFO] [HEARTBEAT TX]
[2026-09-02T18:50:46.289+00:00][B] [INFO] Node ID: 2
[2026-09-02T18:50:46.290+00:00][B] [INFO] type: 2
[2026-09-02T18:50:46.290+00:00][B] [INFO] Destination: 0xFF
[2026-09-02T18:50:46.295+00:00][B] [INFO] Sequence: 212
[2026-09-02T18:50:46.295+00:00][B] [INFO] Packet ID: 82
[2026-09-02T18:50:46.300+00:00][B] [INFO] Packet Size: 26
[2026-09-02T18:50:46.300+00:00][B] [INFO] Timestamp: 82 ms
[2026-09-02T18:50:46.301+00:00][B] [INFO] Transmission Result: success
[2026-09-02T18:50:46.306+00:00][B] [INFO] --------------------------------
[2026-09-02T18:50:46.306+00:00][B] [INFO] [Heartbeat #82]
[2026-09-02T18:50:46.311+00:00][B] [INFO] Sent
[2026-09-02T18:50:46.312+00:00][B] [INFO] Waiting ACK...
[2026-09-02T18:50:46.312+00:00][B] [INFO] [WAITING ACK]
[2026-09-02T18:50:46.326+00:00][B] [INFO] [RF TX] type=2 source=0x02 destination=0xFF previousHop=0x02 sequence=212 ackSequence=0 ttl=8 hops=0 payloadSize=13 rssi=0 snr=0.00
[2026-09-02T18:50:46.326+00:00][B] [INFO] Heartbeat packet sent
[2026-09-02T18:50:47.052+00:00][B] [INFO] [RF RX] type=2 source=0x01 destination=0xFF previousHop=0x01 sequence=188 ackSequence=0 ttl=8 hops=0 payloadSize=13 rssi=-60 snr=10.00
[2026-09-02T18:50:47.200+00:00][B] [INFO] --------------------------------
[2026-09-02T18:50:47.201+00:00][B] [INFO] [HEARTBEAT TX]
[2026-09-02T18:50:47.205+00:00][B] [INFO] Node ID: 2
[2026-09-02T18:50:47.206+00:00][B] [INFO] type: 2
[2026-09-02T18:50:47.206+00:00][B] [INFO] Destination: 0xFF
[2026-09-02T18:50:47.211+00:00][B] [INFO] Sequence: 213
[2026-09-02T18:50:47.211+00:00][B] [INFO] Packet ID: 83
[2026-09-02T18:50:47.216+00:00][B] [INFO] Packet Size: 26
[2026-09-02T18:50:47.216+00:00][B] [INFO] Timestamp: 83 ms
[2026-09-02T18:50:47.217+00:00][B] [INFO] Transmission Result: success
[2026-09-02T18:50:47.222+00:00][B] [INFO] --------------------------------
[2026-09-02T18:50:47.222+00:00][B] [INFO] [Heartbeat #83]
[2026-09-02T18:50:47.227+00:00][B] [INFO] Sent
[2026-09-02T18:50:47.228+00:00][B] [INFO] Waiting ACK...
[2026-09-02T18:50:47.228+00:00][B] [INFO] [WAITING ACK]
[2026-09-02T18:50:47.242+00:00][B] [INFO] [RF TX] type=2 source=0x02 destination=0xFF previousHop=0x02 sequence=213 ackSequence=0 ttl=8 hops=0 payloadSize=13 rssi=0 snr=0.00
[2026-09-02T18:50:47.242+00:00][B] [INFO] Heartbeat packet sent
[2026-09-02T18:50:47.968+00:00][B] [INFO] [RF RX] type=2 source=0x01 destination=0xFF previousHop=0x01 sequence=189 ackSequence=0 ttl=8 hops=0 payloadSize=13 rssi=-60 snr=9.75
[2026-09-02T18:50:48.217+00:00][B] [WARN] Retry 1
[2026-09-02T18:50:48.284+00:00][B] [INFO] --------------------------------
[2026-09-02T18:50:48.285+00:00][B] [INFO] [HEARTBEAT TX]
[2026-09-02T18:50:48.289+00:00][B] [INFO] Node ID: 2
[2026-09-02T18:50:48.289+00:00][B] [INFO] type: 2
[2026-09-02T18:50:48.290+00:00][B] [INFO] Destination: 0xFF
[2026-09-02T18:50:48.295+00:00][B] [INFO] Sequence: 213
[2026-09-02T18:50:48.295+00:00][B] [INFO] Packet ID: 83
[2026-09-02T18:50:48.300+00:00][B] [INFO] Packet Size: 26
[2026-09-02T18:50:48.300+00:00][B] [INFO] Timestamp: 83 ms
[2026-09-02T18:50:48.301+00:00][B] [INFO] Transmission Result: success
[2026-09-02T18:50:48.306+00:00][B] [INFO] --------------------------------
[2026-09-02T18:50:48.307+00:00][B] [INFO] [Heartbeat #83]
[2026-09-02T18:50:48.311+00:00][B] [INFO] Sent
[2026-09-02T18:50:48.312+00:00][B] [INFO] Waiting ACK...
[2026-09-02T18:50:48.312+00:00][B] [INFO] [WAITING ACK]
[2026-09-02T18:50:48.326+00:00][B] [INFO] [RF TX] type=2 source=0x02 destination=0xFF previousHop=0x02 sequence=213 ackSequence=0 ttl=8 hops=0 payloadSize=13 rssi=0 snr=0.00
[2026-09-02T18:50:48.326+00:00][B] [INFO] Heartbeat packet sent
[2026-09-02T18:50:49.052+00:00][B] [INFO] [RF RX] type=2 source=0x01 destination=0xFF previousHop=0x01 sequence=189 ackSequence=0 ttl=8 hops=0 payloadSize=13 rssi=-61 snr=10.00
[2026-09-02T18:50:49.200+00:00][B] [INFO] --------------------------------
[2026-09-02T18:50:49.201+00:00][B] [INFO] [HEARTBEAT TX]
[2026-09-02T18:50:49.206+00:00][B] [INFO] Node ID: 2
[2026-09-02T18:50:49.206+00:00][B] [INFO] type: 2
[2026-09-02T18:50:49.206+00:00][B] [INFO] Destination: 0xFF
[2026-09-02T18:50:49.211+00:00][B] [INFO] Sequence: 214
[2026-09-02T18:50:49.211+00:00][B] [INFO] Packet ID: 84
[2026-09-02T18:50:49.216+00:00][B] [INFO] Packet Size: 26
[2026-09-02T18:50:49.216+00:00][B] [INFO] Timestamp: 84 ms
[2026-09-02T18:50:49.217+00:00][B] [INFO] Transmission Result: success
[2026-09-02T18:50:49.222+00:00][B] [INFO] --------------------------------
[2026-09-02T18:50:49.222+00:00][B] [INFO] [Heartbeat #84]
[2026-09-02T18:50:49.227+00:00][B] [INFO] Sent
[2026-09-02T18:50:49.228+00:00][B] [INFO] Waiting ACK...
[2026-09-02T18:50:49.228+00:00][B] [INFO] [WAITING ACK]
[2026-09-02T18:50:49.242+00:00][B] [INFO] [RF TX] type=2 source=0x02 destination=0xFF previousHop=0x02 sequence=214 ackSequence=0 ttl=8 hops=0 payloadSize=13 rssi=0 snr=0.00
[2026-09-02T18:50:49.242+00:00][B] [INFO] Heartbeat packet sent
[2026-09-02T18:50:49.968+00:00][B] [INFO] [RF RX] type=2 source=0x01 destination=0xFF previousHop=0x01 sequence=190 ackSequence=0 ttl=8 hops=0 payloadSize=13 rssi=-61 snr=10.00
[2026-09-02T18:50:50.217+00:00][B] [WARN] Retry 1
[2026-09-02T18:50:50.284+00:00][B] [INFO] --------------------------------
[2026-09-02T18:50:50.285+00:00][B] [INFO] [HEARTBEAT TX]
[2026-09-02T18:50:50.289+00:00][B] [INFO] Node ID: 2
[2026-09-02T18:50:50.290+00:00][B] [INFO] type: 2
[2026-09-02T18:50:50.290+00:00][B] [INFO] Destination: 0xFF
[2026-09-02T18:50:50.295+00:00][B] [INFO] Sequence: 214
[2026-09-02T18:50:50.295+00:00][B] [INFO] Packet ID: 84
[2026-09-02T18:50:50.300+00:00][B] [INFO] Packet Size: 26
[2026-09-02T18:50:50.301+00:00][B] [INFO] Timestamp: 84 ms
[2026-09-02T18:50:50.301+00:00][B] [INFO] Transmission Result: success
[2026-09-02T18:50:50.306+00:00][B] [INFO] --------------------------------
[2026-09-02T18:50:50.307+00:00][B] [INFO] [Heartbeat #84]
[2026-09-02T18:50:50.311+00:00][B] [INFO] Sent
[2026-09-02T18:50:50.312+00:00][B] [INFO] Waiting ACK...
[2026-09-02T18:50:50.312+00:00][B] [INFO] [WAITING ACK]
[2026-09-02T18:50:50.326+00:00][B] [INFO] [RF TX] type=2 source=0x02 destination=0xFF previousHop=0x02 sequence=214 ackSequence=0 ttl=8 hops=0 payloadSize=13 rssi=0 snr=0.00
[2026-09-02T18:50:50.327+00:00][B] [INFO] Heartbeat packet sent
[2026-09-02T18:50:51.052+00:00][B] [INFO] [RF RX] type=2 source=0x01 destination=0xFF previousHop=0x01 sequence=190 ackSequence=0 ttl=8 hops=0 payloadSize=13 rssi=-61 snr=9.75
[2026-09-02T18:50:51.200+00:00][B] [INFO] --------------------------------
[2026-09-02T18:50:51.200+00:00][B] [INFO] [HEARTBEAT TX]
[2026-09-02T18:50:51.205+00:00][B] [INFO] Node ID: 2
[2026-09-02T18:50:51.206+00:00][B] [INFO] type: 2
[2026-09-02T18:50:51.206+00:00][B] [INFO] Destination: 0xFF
[2026-09-02T18:50:51.211+00:00][B] [INFO] Sequence: 215
[2026-09-02T18:50:51.211+00:00][B] [INFO] Packet ID: 85
[2026-09-02T18:50:51.216+00:00][B] [INFO] Packet Size: 26
[2026-09-02T18:50:51.216+00:00][B] [INFO] Timestamp: 85 ms
[2026-09-02T18:50:51.217+00:00][B] [INFO] Transmission Result: success
[2026-09-02T18:50:51.222+00:00][B] [INFO] --------------------------------
[2026-09-02T18:50:51.222+00:00][B] [INFO] [Heartbeat #85]
[2026-09-02T18:50:51.227+00:00][B] [INFO] Sent
[2026-09-02T18:50:51.228+00:00][B] [INFO] Waiting ACK...
[2026-09-02T18:50:51.228+00:00][B] [INFO] [WAITING ACK]
[2026-09-02T18:50:51.242+00:00][B] [INFO] [RF TX] type=2 source=0x02 destination=0xFF previousHop=0x02 sequence=215 ackSequence=0 ttl=8 hops=0 payloadSize=13 rssi=0 snr=0.00
[2026-09-02T18:50:51.242+00:00][B] [INFO] Heartbeat packet sent
[2026-09-02T18:50:51.968+00:00][B] [INFO] [RF RX] type=2 source=0x01 destination=0xFF previousHop=0x01 sequence=191 ackSequence=0 ttl=8 hops=0 payloadSize=13 rssi=-61 snr=9.50
[2026-09-02T18:50:52.217+00:00][B] [WARN] Retry 1
[2026-09-02T18:50:52.284+00:00][B] [INFO] --------------------------------
[2026-09-02T18:50:52.284+00:00][B] [INFO] [HEARTBEAT TX]
[2026-09-02T18:50:52.289+00:00][B] [INFO] Node ID: 2
[2026-09-02T18:50:52.290+00:00][B] [INFO] type: 2
[2026-09-02T18:50:52.290+00:00][B] [INFO] Destination: 0xFF
[2026-09-02T18:50:52.295+00:00][B] [INFO] Sequence: 215
[2026-09-02T18:50:52.295+00:00][B] [INFO] Packet ID: 85
[2026-09-02T18:50:52.300+00:00][B] [INFO] Packet Size: 26
[2026-09-02T18:50:52.301+00:00][B] [INFO] Timestamp: 85 ms
[2026-09-02T18:50:52.301+00:00][B] [INFO] Transmission Result: success
[2026-09-02T18:50:52.306+00:00][B] [INFO] --------------------------------
[2026-09-02T18:50:52.306+00:00][B] [INFO] [Heartbeat #85]
[2026-09-02T18:50:52.311+00:00][B] [INFO] Sent
[2026-09-02T18:50:52.312+00:00][B] [INFO] Waiting ACK...
[2026-09-02T18:50:52.312+00:00][B] [INFO] [WAITING ACK]
[2026-09-02T18:50:52.325+00:00][B] [INFO] [RF TX] type=2 source=0x02 destination=0xFF previousHop=0x02 sequence=215 ackSequence=0 ttl=8 hops=0 payloadSize=13 rssi=0 snr=0.00
[2026-09-02T18:50:52.326+00:00][B] [INFO] Heartbeat packet sent
[2026-09-02T18:50:53.052+00:00][B] [INFO] [RF RX] type=2 source=0x01 destination=0xFF previousHop=0x01 sequence=191 ackSequence=0 ttl=8 hops=0 payloadSize=13 rssi=-61 snr=9.50
[2026-09-02T18:50:53.200+00:00][B] [INFO] --------------------------------
[2026-09-02T18:50:53.200+00:00][B] [INFO] [HEARTBEAT TX]
[2026-09-02T18:50:53.205+00:00][B] [INFO] Node ID: 2
[2026-09-02T18:50:53.206+00:00][B] [INFO] type: 2
[2026-09-02T18:50:53.206+00:00][B] [INFO] Destination: 0xFF
[2026-09-02T18:50:53.211+00:00][B] [INFO] Sequence: 216
[2026-09-02T18:50:53.211+00:00][B] [INFO] Packet ID: 86
[2026-09-02T18:50:53.216+00:00][B] [INFO] Packet Size: 26
[2026-09-02T18:50:53.216+00:00][B] [INFO] Timestamp: 86 ms
[2026-09-02T18:50:53.217+00:00][B] [INFO] Transmission Result: success
[2026-09-02T18:50:53.222+00:00][B] [INFO] --------------------------------
[2026-09-02T18:50:53.222+00:00][B] [INFO] [Heartbeat #86]
[2026-09-02T18:50:53.227+00:00][B] [INFO] Sent
[2026-09-02T18:50:53.228+00:00][B] [INFO] Waiting ACK...
[2026-09-02T18:50:53.228+00:00][B] [INFO] [WAITING ACK]
[2026-09-02T18:50:53.241+00:00][B] [INFO] [RF TX] type=2 source=0x02 destination=0xFF previousHop=0x02 sequence=216 ackSequence=0 ttl=8 hops=0 payloadSize=13 rssi=0 snr=0.00
[2026-09-02T18:50:53.242+00:00][B] [INFO] Heartbeat packet sent
[2026-09-02T18:50:53.968+00:00][B] [INFO] [RF RX] type=2 source=0x01 destination=0xFF previousHop=0x01 sequence=192 ackSequence=0 ttl=8 hops=0 payloadSize=13 rssi=-61 snr=9.25
[2026-09-02T18:50:54.217+00:00][B] [WARN] Retry 1
[2026-09-02T18:50:54.285+00:00][B] [INFO] --------------------------------
[2026-09-02T18:50:54.285+00:00][B] [INFO] [HEARTBEAT TX]
[2026-09-02T18:50:54.289+00:00][B] [INFO] Node ID: 2
[2026-09-02T18:50:54.289+00:00][B] [INFO] type: 2
[2026-09-02T18:50:54.290+00:00][B] [INFO] Destination: 0xFF
[2026-09-02T18:50:54.295+00:00][B] [INFO] Sequence: 216
[2026-09-02T18:50:54.295+00:00][B] [INFO] Packet ID: 86
[2026-09-02T18:50:54.300+00:00][B] [INFO] Packet Size: 26
[2026-09-02T18:50:54.300+00:00][B] [INFO] Timestamp: 86 ms
[2026-09-02T18:50:54.301+00:00][B] [INFO] Transmission Result: success
[2026-09-02T18:50:54.306+00:00][B] [INFO] --------------------------------
[2026-09-02T18:50:54.306+00:00][B] [INFO] [Heartbeat #86]
[2026-09-02T18:50:54.311+00:00][B] [INFO] Sent
[2026-09-02T18:50:54.312+00:00][B] [INFO] Waiting ACK...
[2026-09-02T18:50:54.312+00:00][B] [INFO] [WAITING ACK]
[2026-09-02T18:50:54.326+00:00][B] [INFO] [RF TX] type=2 source=0x02 destination=0xFF previousHop=0x02 sequence=216 ackSequence=0 ttl=8 hops=0 payloadSize=13 rssi=0 snr=0.00
[2026-09-02T18:50:54.326+00:00][B] [INFO] Heartbeat packet sent
[2026-09-02T18:50:55.052+00:00][B] [INFO] [RF RX] type=2 source=0x01 destination=0xFF previousHop=0x01 sequence=192 ackSequence=0 ttl=8 hops=0 payloadSize=13 rssi=-60 snr=9.75
[2026-09-02T18:50:55.200+00:00][B] [INFO] --------------------------------
[2026-09-02T18:50:55.200+00:00][B] [INFO] [HEARTBEAT TX]
[2026-09-02T18:50:55.205+00:00][B] [INFO] Node ID: 2
[2026-09-02T18:50:55.205+00:00][B] [INFO] type: 2
[2026-09-02T18:50:55.206+00:00][B] [INFO] Destination: 0xFF
[2026-09-02T18:50:55.211+00:00][B] [INFO] Sequence: 217
[2026-09-02T18:50:55.211+00:00][B] [INFO] Packet ID: 87
[2026-09-02T18:50:55.216+00:00][B] [INFO] Packet Size: 26
[2026-09-02T18:50:55.216+00:00][B] [INFO] Timestamp: 87 ms
[2026-09-02T18:50:55.217+00:00][B] [INFO] Transmission Result: success
[2026-09-02T18:50:55.222+00:00][B] [INFO] --------------------------------
[2026-09-02T18:50:55.222+00:00][B] [INFO] [Heartbeat #87]
[2026-09-02T18:50:55.227+00:00][B] [INFO] Sent
[2026-09-02T18:50:55.228+00:00][B] [INFO] Waiting ACK...
[2026-09-02T18:50:55.228+00:00][B] [INFO] [WAITING ACK]
[2026-09-02T18:50:55.241+00:00][B] [INFO] [RF TX] type=2 source=0x02 destination=0xFF previousHop=0x02 sequence=217 ackSequence=0 ttl=8 hops=0 payloadSize=13 rssi=0 snr=0.00
[2026-09-02T18:50:55.242+00:00][B] [INFO] Heartbeat packet sent
[2026-09-02T18:50:55.968+00:00][B] [INFO] [RF RX] type=2 source=0x01 destination=0xFF previousHop=0x01 sequence=193 ackSequence=0 ttl=8 hops=0 payloadSize=13 rssi=-60 snr=10.25
[2026-09-02T18:50:56.217+00:00][B] [WARN] Retry 1
[2026-09-02T18:50:56.283+00:00][B] [INFO] --------------------------------
[2026-09-02T18:50:56.284+00:00][B] [INFO] [HEARTBEAT TX]
[2026-09-02T18:50:56.289+00:00][B] [INFO] Node ID: 2
[2026-09-02T18:50:56.289+00:00][B] [INFO] type: 2
[2026-09-02T18:50:56.289+00:00][B] [INFO] Destination: 0xFF
[2026-09-02T18:50:56.295+00:00][B] [INFO] Sequence: 217
[2026-09-02T18:50:56.295+00:00][B] [INFO] Packet ID: 87
[2026-09-02T18:50:56.300+00:00][B] [INFO] Packet Size: 26
[2026-09-02T18:50:56.300+00:00][B] [INFO] Timestamp: 87 ms
[2026-09-02T18:50:56.301+00:00][B] [INFO] Transmission Result: success
[2026-09-02T18:50:56.306+00:00][B] [INFO] --------------------------------
[2026-09-02T18:50:56.306+00:00][B] [INFO] [Heartbeat #87]
[2026-09-02T18:50:56.311+00:00][B] [INFO] Sent
[2026-09-02T18:50:56.311+00:00][B] [INFO] Waiting ACK...
[2026-09-02T18:50:56.312+00:00][B] [INFO] [WAITING ACK]
[2026-09-02T18:50:56.325+00:00][B] [INFO] [RF TX] type=2 source=0x02 destination=0xFF previousHop=0x02 sequence=217 ackSequence=0 ttl=8 hops=0 payloadSize=13 rssi=0 snr=0.00
[2026-09-02T18:50:56.326+00:00][B] [INFO] Heartbeat packet sent
[2026-09-02T18:50:57.052+00:00][B] [INFO] [RF RX] type=2 source=0x01 destination=0xFF previousHop=0x01 sequence=193 ackSequence=0 ttl=8 hops=0 payloadSize=13 rssi=-59 snr=10.50
[2026-09-02T18:50:57.200+00:00][B] [INFO] --------------------------------
[2026-09-02T18:50:57.201+00:00][B] [INFO] [HEARTBEAT TX]
[2026-09-02T18:50:57.205+00:00][B] [INFO] Node ID: 2
[2026-09-02T18:50:57.205+00:00][B] [INFO] type: 2
[2026-09-02T18:50:57.206+00:00][B] [INFO] Destination: 0xFF
[2026-09-02T18:50:57.211+00:00][B] [INFO] Sequence: 218
[2026-09-02T18:50:57.211+00:00][B] [INFO] Packet ID: 88
[2026-09-02T18:50:57.216+00:00][B] [INFO] Packet Size: 26
[2026-09-02T18:50:57.217+00:00][B] [INFO] Timestamp: 88 ms
[2026-09-02T18:50:57.217+00:00][B] [INFO] Transmission Result: success
[2026-09-02T18:50:57.222+00:00][B] [INFO] --------------------------------
[2026-09-02T18:50:57.223+00:00][B] [INFO] [Heartbeat #88]
[2026-09-02T18:50:57.227+00:00][B] [INFO] Sent
[2026-09-02T18:50:57.228+00:00][B] [INFO] Waiting ACK...
[2026-09-02T18:50:57.228+00:00][B] [INFO] [WAITING ACK]
[2026-09-02T18:50:57.241+00:00][B] [INFO] [RF TX] type=2 source=0x02 destination=0xFF previousHop=0x02 sequence=218 ackSequence=0 ttl=8 hops=0 payloadSize=13 rssi=0 snr=0.00
[2026-09-02T18:50:57.242+00:00][B] [INFO] Heartbeat packet sent
[2026-09-02T18:50:57.968+00:00][B] [INFO] [RF RX] type=2 source=0x01 destination=0xFF previousHop=0x01 sequence=194 ackSequence=0 ttl=8 hops=0 payloadSize=13 rssi=-60 snr=9.75
[2026-09-02T18:50:58.217+00:00][B] [WARN] Retry 1
[2026-09-02T18:50:58.284+00:00][B] [INFO] --------------------------------
[2026-09-02T18:50:58.284+00:00][B] [INFO] [HEARTBEAT TX]
[2026-09-02T18:50:58.289+00:00][B] [INFO] Node ID: 2
[2026-09-02T18:50:58.289+00:00][B] [INFO] type: 2
[2026-09-02T18:50:58.290+00:00][B] [INFO] Destination: 0xFF
[2026-09-02T18:50:58.294+00:00][B] [INFO] Sequence: 218
[2026-09-02T18:50:58.295+00:00][B] [INFO] Packet ID: 88
[2026-09-02T18:50:58.300+00:00][B] [INFO] Packet Size: 26
[2026-09-02T18:50:58.300+00:00][B] [INFO] Timestamp: 88 ms
[2026-09-02T18:50:58.300+00:00][B] [INFO] Transmission Result: success
[2026-09-02T18:50:58.306+00:00][B] [INFO] --------------------------------
[2026-09-02T18:50:58.306+00:00][B] [INFO] [Heartbeat #88]
[2026-09-02T18:50:58.311+00:00][B] [INFO] Sent
[2026-09-02T18:50:58.311+00:00][B] [INFO] Waiting ACK...
[2026-09-02T18:50:58.311+00:00][B] [INFO] [WAITING ACK]
[2026-09-02T18:50:58.325+00:00][B] [INFO] [RF TX] type=2 source=0x02 destination=0xFF previousHop=0x02 sequence=218 ackSequence=0 ttl=8 hops=0 payloadSize=13 rssi=0 snr=0.00
[2026-09-02T18:50:58.326+00:00][B] [INFO] Heartbeat packet sent
[2026-09-02T18:50:59.052+00:00][B] [INFO] [RF RX] type=2 source=0x01 destination=0xFF previousHop=0x01 sequence=194 ackSequence=0 ttl=8 hops=0 payloadSize=13 rssi=-60 snr=9.75
[2026-09-02T18:50:59.199+00:00][B] [INFO] --------------------------------
[2026-09-02T18:50:59.199+00:00][B] [INFO] [HEARTBEAT TX]
[2026-09-02T18:50:59.205+00:00][B] [INFO] Node ID: 2
[2026-09-02T18:50:59.205+00:00][B] [INFO] type: 2
[2026-09-02T18:50:59.205+00:00][B] [INFO] Destination: 0xFF
[2026-09-02T18:50:59.210+00:00][B] [INFO] Sequence: 219
[2026-09-02T18:50:59.210+00:00][B] [INFO] Packet ID: 89
[2026-09-02T18:50:59.216+00:00][B] [INFO] Packet Size: 26
[2026-09-02T18:50:59.216+00:00][B] [INFO] Timestamp: 89 ms
[2026-09-02T18:50:59.216+00:00][B] [INFO] Transmission Result: success
[2026-09-02T18:50:59.222+00:00][B] [INFO] --------------------------------
[2026-09-02T18:50:59.222+00:00][B] [INFO] [Heartbeat #89]
[2026-09-02T18:50:59.227+00:00][B] [INFO] Sent
[2026-09-02T18:50:59.227+00:00][B] [INFO] Waiting ACK...
[2026-09-02T18:50:59.227+00:00][B] [INFO] [WAITING ACK]
[2026-09-02T18:50:59.244+00:00][B] [INFO] [RF TX] type=2 source=0x02 destination=0xFF previousHop=0x02 sequence=219 ackSequence=0 ttl=8 hops=0 payloadSize=13 rssi=0 snr=0.00
[2026-09-02T18:50:59.244+00:00][B] [INFO] Heartbeat packet sent
[2026-09-02T18:50:59.968+00:00][B] [INFO] [RF RX] type=2 source=0x01 destination=0xFF previousHop=0x01 sequence=195 ackSequence=0 ttl=8 hops=0 payloadSize=13 rssi=-60 snr=9.50
[2026-09-02T18:51:00.217+00:00][B] [WARN] Retry 1
[2026-09-02T18:51:00.284+00:00][B] [INFO] --------------------------------
[2026-09-02T18:51:00.284+00:00][B] [INFO] [HEARTBEAT TX]
[2026-09-02T18:51:00.289+00:00][B] [INFO] Node ID: 2
[2026-09-02T18:51:00.289+00:00][B] [INFO] type: 2
[2026-09-02T18:51:00.290+00:00][B] [INFO] Destination: 0xFF
[2026-09-02T18:51:00.294+00:00][B] [INFO] Sequence: 219
[2026-09-02T18:51:00.295+00:00][B] [INFO] Packet ID: 89
[2026-09-02T18:51:00.300+00:00][B] [INFO] Packet Size: 26
[2026-09-02T18:51:00.300+00:00][B] [INFO] Timestamp: 89 ms
[2026-09-02T18:51:00.301+00:00][B] [INFO] Transmission Result: success
[2026-09-02T18:51:00.306+00:00][B] [INFO] --------------------------------
[2026-09-02T18:51:00.306+00:00][B] [INFO] [Heartbeat #89]
[2026-09-02T18:51:00.311+00:00][B] [INFO] Sent
[2026-09-02T18:51:00.311+00:00][B] [INFO] Waiting ACK...
[2026-09-02T18:51:00.311+00:00][B] [INFO] [WAITING ACK]
[2026-09-02T18:51:00.325+00:00][B] [INFO] [RF TX] type=2 source=0x02 destination=0xFF previousHop=0x02 sequence=219 ackSequence=0 ttl=8 hops=0 payloadSize=13 rssi=0 snr=0.00
[2026-09-02T18:51:00.326+00:00][B] [INFO] Heartbeat packet sent
[2026-09-02T18:51:01.052+00:00][B] [INFO] [RF RX] type=2 source=0x01 destination=0xFF previousHop=0x01 sequence=195 ackSequence=0 ttl=8 hops=0 payloadSize=13 rssi=-60 snr=9.75
[2026-09-02T18:51:01.200+00:00][B] [INFO] --------------------------------
[2026-09-02T18:51:01.200+00:00][B] [INFO] [HEARTBEAT TX]
[2026-09-02T18:51:01.205+00:00][B] [INFO] Node ID: 2
[2026-09-02T18:51:01.205+00:00][B] [INFO] type: 2
[2026-09-02T18:51:01.206+00:00][B] [INFO] Destination: 0xFF
[2026-09-02T18:51:01.210+00:00][B] [INFO] Sequence: 220
[2026-09-02T18:51:01.211+00:00][B] [INFO] Packet ID: 90
[2026-09-02T18:51:01.216+00:00][B] [INFO] Packet Size: 26
[2026-09-02T18:51:01.216+00:00][B] [INFO] Timestamp: 90 ms
[2026-09-02T18:51:01.217+00:00][B] [INFO] Transmission Result: success
[2026-09-02T18:51:01.222+00:00][B] [INFO] --------------------------------
[2026-09-02T18:51:01.222+00:00][B] [INFO] [Heartbeat #90]
[2026-09-02T18:51:01.227+00:00][B] [INFO] Sent
[2026-09-02T18:51:01.228+00:00][B] [INFO] Waiting ACK...
[2026-09-02T18:51:01.228+00:00][B] [INFO] [WAITING ACK]
[2026-09-02T18:51:01.241+00:00][B] [INFO] [RF TX] type=2 source=0x02 destination=0xFF previousHop=0x02 sequence=220 ackSequence=0 ttl=8 hops=0 payloadSize=13 rssi=0 snr=0.00
[2026-09-02T18:51:01.242+00:00][B] [INFO] Heartbeat packet sent
[2026-09-02T18:51:01.968+00:00][B] [INFO] [RF RX] type=2 source=0x01 destination=0xFF previousHop=0x01 sequence=196 ackSequence=0 ttl=8 hops=0 payloadSize=13 rssi=-61 snr=9.50
[2026-09-02T18:51:02.217+00:00][B] [WARN] Retry 1
[2026-09-02T18:51:02.284+00:00][B] [INFO] --------------------------------
[2026-09-02T18:51:02.284+00:00][B] [INFO] [HEARTBEAT TX]
[2026-09-02T18:51:02.289+00:00][B] [INFO] Node ID: 2
[2026-09-02T18:51:02.289+00:00][B] [INFO] type: 2
[2026-09-02T18:51:02.290+00:00][B] [INFO] Destination: 0xFF
[2026-09-02T18:51:02.294+00:00][B] [INFO] Sequence: 220
[2026-09-02T18:51:02.294+00:00][B] [INFO] Packet ID: 90
[2026-09-02T18:51:02.300+00:00][B] [INFO] Packet Size: 26
[2026-09-02T18:51:02.300+00:00][B] [INFO] Timestamp: 90 ms
[2026-09-02T18:51:02.301+00:00][B] [INFO] Transmission Result: success
[2026-09-02T18:51:02.306+00:00][B] [INFO] --------------------------------
[2026-09-02T18:51:02.306+00:00][B] [INFO] [Heartbeat #90]
[2026-09-02T18:51:02.311+00:00][B] [INFO] Sent
[2026-09-02T18:51:02.311+00:00][B] [INFO] Waiting ACK...
[2026-09-02T18:51:02.311+00:00][B] [INFO] [WAITING ACK]
[2026-09-02T18:51:02.325+00:00][B] [INFO] [RF TX] type=2 source=0x02 destination=0xFF previousHop=0x02 sequence=220 ackSequence=0 ttl=8 hops=0 payloadSize=13 rssi=0 snr=0.00
[2026-09-02T18:51:02.326+00:00][B] [INFO] Heartbeat packet sent
[2026-09-02T18:51:03.052+00:00][B] [INFO] [RF RX] type=2 source=0x01 destination=0xFF previousHop=0x01 sequence=196 ackSequence=0 ttl=8 hops=0 payloadSize=13 rssi=-60 snr=9.50
[2026-09-02T18:51:03.200+00:00][B] [INFO] --------------------------------
[2026-09-02T18:51:03.200+00:00][B] [INFO] [HEARTBEAT TX]
[2026-09-02T18:51:03.205+00:00][B] [INFO] Node ID: 2
[2026-09-02T18:51:03.205+00:00][B] [INFO] type: 2
[2026-09-02T18:51:03.206+00:00][B] [INFO] Destination: 0xFF
[2026-09-02T18:51:03.211+00:00][B] [INFO] Sequence: 221
[2026-09-02T18:51:03.211+00:00][B] [INFO] Packet ID: 91
[2026-09-02T18:51:03.216+00:00][B] [INFO] Packet Size: 26
[2026-09-02T18:51:03.216+00:00][B] [INFO] Timestamp: 91 ms
[2026-09-02T18:51:03.217+00:00][B] [INFO] Transmission Result: success
[2026-09-02T18:51:03.222+00:00][B] [INFO] --------------------------------
[2026-09-02T18:51:03.222+00:00][B] [INFO] [Heartbeat #91]
[2026-09-02T18:51:03.227+00:00][B] [INFO] Sent
[2026-09-02T18:51:03.228+00:00][B] [INFO] Waiting ACK...
[2026-09-02T18:51:03.228+00:00][B] [INFO] [WAITING ACK]
[2026-09-02T18:51:03.241+00:00][B] [INFO] [RF TX] type=2 source=0x02 destination=0xFF previousHop=0x02 sequence=221 ackSequence=0 ttl=8 hops=0 payloadSize=13 rssi=0 snr=0.00
[2026-09-02T18:51:03.242+00:00][B] [INFO] Heartbeat packet sent
[2026-09-02T18:51:03.968+00:00][B] [INFO] [RF RX] type=2 source=0x01 destination=0xFF previousHop=0x01 sequence=197 ackSequence=0 ttl=8 hops=0 payloadSize=13 rssi=-60 snr=9.50
[2026-09-02T18:51:04.217+00:00][B] [WARN] Retry 1
[2026-09-02T18:51:04.284+00:00][B] [INFO] --------------------------------
[2026-09-02T18:51:04.284+00:00][B] [INFO] [HEARTBEAT TX]
[2026-09-02T18:51:04.289+00:00][B] [INFO] Node ID: 2
[2026-09-02T18:51:04.289+00:00][B] [INFO] type: 2
[2026-09-02T18:51:04.290+00:00][B] [INFO] Destination: 0xFF
[2026-09-02T18:51:04.294+00:00][B] [INFO] Sequence: 221
[2026-09-02T18:51:04.295+00:00][B] [INFO] Packet ID: 91
[2026-09-02T18:51:04.300+00:00][B] [INFO] Packet Size: 26
[2026-09-02T18:51:04.300+00:00][B] [INFO] Timestamp: 91 ms
[2026-09-02T18:51:04.301+00:00][B] [INFO] Transmission Result: success
[2026-09-02T18:51:04.306+00:00][B] [INFO] --------------------------------
[2026-09-02T18:51:04.306+00:00][B] [INFO] [Heartbeat #91]
[2026-09-02T18:51:04.311+00:00][B] [INFO] Sent
[2026-09-02T18:51:04.311+00:00][B] [INFO] Waiting ACK...
[2026-09-02T18:51:04.312+00:00][B] [INFO] [WAITING ACK]
[2026-09-02T18:51:04.325+00:00][B] [INFO] [RF TX] type=2 source=0x02 destination=0xFF previousHop=0x02 sequence=221 ackSequence=0 ttl=8 hops=0 payloadSize=13 rssi=0 snr=0.00
[2026-09-02T18:51:04.326+00:00][B] [INFO] Heartbeat packet sent
[2026-09-02T18:51:05.052+00:00][B] [INFO] [RF RX] type=2 source=0x01 destination=0xFF previousHop=0x01 sequence=197 ackSequence=0 ttl=8 hops=0 payloadSize=13 rssi=-61 snr=10.00
[2026-09-02T18:51:05.200+00:00][B] [INFO] --------------------------------
[2026-09-02T18:51:05.200+00:00][B] [INFO] [HEARTBEAT TX]
[2026-09-02T18:51:05.205+00:00][B] [INFO] Node ID: 2
[2026-09-02T18:51:05.205+00:00][B] [INFO] type: 2
[2026-09-02T18:51:05.205+00:00][B] [INFO] Destination: 0xFF
[2026-09-02T18:51:05.210+00:00][B] [INFO] Sequence: 222
[2026-09-02T18:51:05.211+00:00][B] [INFO] Packet ID: 92
[2026-09-02T18:51:05.216+00:00][B] [INFO] Packet Size: 26
[2026-09-02T18:51:05.216+00:00][B] [INFO] Timestamp: 92 ms
[2026-09-02T18:51:05.216+00:00][B] [INFO] Transmission Result: success
[2026-09-02T18:51:05.222+00:00][B] [INFO] --------------------------------
[2026-09-02T18:51:05.222+00:00][B] [INFO] [Heartbeat #92]
[2026-09-02T18:51:05.227+00:00][B] [INFO] Sent
[2026-09-02T18:51:05.227+00:00][B] [INFO] Waiting ACK...
[2026-09-02T18:51:05.227+00:00][B] [INFO] [WAITING ACK]
[2026-09-02T18:51:05.241+00:00][B] [INFO] [RF TX] type=2 source=0x02 destination=0xFF previousHop=0x02 sequence=222 ackSequence=0 ttl=8 hops=0 payloadSize=13 rssi=0 snr=0.00
[2026-09-02T18:51:05.242+00:00][B] [INFO] Heartbeat packet sent
[2026-09-02T18:51:05.969+00:00][B] [INFO] [RF RX] type=2 source=0x01 destination=0xFF previousHop=0x01 sequence=198 ackSequence=0 ttl=8 hops=0 payloadSize=13 rssi=-60 snr=9.50
[2026-09-02T18:51:06.217+00:00][B] [WARN] Retry 1
[2026-09-02T18:51:06.284+00:00][B] [INFO] --------------------------------
[2026-09-02T18:51:06.284+00:00][B] [INFO] [HEARTBEAT TX]
[2026-09-02T18:51:06.289+00:00][B] [INFO] Node ID: 2
[2026-09-02T18:51:06.289+00:00][B] [INFO] type: 2
[2026-09-02T18:51:06.290+00:00][B] [INFO] Destination: 0xFF
[2026-09-02T18:51:06.294+00:00][B] [INFO] Sequence: 222
[2026-09-02T18:51:06.295+00:00][B] [INFO] Packet ID: 92
[2026-09-02T18:51:06.300+00:00][B] [INFO] Packet Size: 26
[2026-09-02T18:51:06.300+00:00][B] [INFO] Timestamp: 92 ms
[2026-09-02T18:51:06.301+00:00][B] [INFO] Transmission Result: success
[2026-09-02T18:51:06.306+00:00][B] [INFO] --------------------------------
[2026-09-02T18:51:06.306+00:00][B] [INFO] [Heartbeat #92]
[2026-09-02T18:51:06.311+00:00][B] [INFO] Sent
[2026-09-02T18:51:06.311+00:00][B] [INFO] Waiting ACK...
[2026-09-02T18:51:06.312+00:00][B] [INFO] [WAITING ACK]
[2026-09-02T18:51:06.325+00:00][B] [INFO] [RF TX] type=2 source=0x02 destination=0xFF previousHop=0x02 sequence=222 ackSequence=0 ttl=8 hops=0 payloadSize=13 rssi=0 snr=0.00
[2026-09-02T18:51:06.326+00:00][B] [INFO] Heartbeat packet sent
[2026-09-02T18:51:07.052+00:00][B] [INFO] [RF RX] type=2 source=0x01 destination=0xFF previousHop=0x01 sequence=198 ackSequence=0 ttl=8 hops=0 payloadSize=13 rssi=-60 snr=9.75
[2026-09-02T18:51:07.199+00:00][B] [INFO] --------------------------------
[2026-09-02T18:51:07.200+00:00][B] [INFO] [HEARTBEAT TX]
[2026-09-02T18:51:07.205+00:00][B] [INFO] Node ID: 2
[2026-09-02T18:51:07.205+00:00][B] [INFO] type: 2
[2026-09-02T18:51:07.206+00:00][B] [INFO] Destination: 0xFF
[2026-09-02T18:51:07.210+00:00][B] [INFO] Sequence: 223
[2026-09-02T18:51:07.211+00:00][B] [INFO] Packet ID: 93
[2026-09-02T18:51:07.216+00:00][B] [INFO] Packet Size: 26
[2026-09-02T18:51:07.216+00:00][B] [INFO] Timestamp: 93 ms
[2026-09-02T18:51:07.216+00:00][B] [INFO] Transmission Result: success
[2026-09-02T18:51:07.222+00:00][B] [INFO] --------------------------------
[2026-09-02T18:51:07.222+00:00][B] [INFO] [Heartbeat #93]
[2026-09-02T18:51:07.227+00:00][B] [INFO] Sent
[2026-09-02T18:51:07.227+00:00][B] [INFO] Waiting ACK...
[2026-09-02T18:51:07.228+00:00][B] [INFO] [WAITING ACK]
[2026-09-02T18:51:07.241+00:00][B] [INFO] [RF TX] type=2 source=0x02 destination=0xFF previousHop=0x02 sequence=223 ackSequence=0 ttl=8 hops=0 payloadSize=13 rssi=0 snr=0.00
[2026-09-02T18:51:07.242+00:00][B] [INFO] Heartbeat packet sent
[2026-09-02T18:51:07.968+00:00][B] [INFO] [RF RX] type=2 source=0x01 destination=0xFF previousHop=0x01 sequence=199 ackSequence=0 ttl=8 hops=0 payloadSize=13 rssi=-60 snr=9.75
[2026-09-02T18:51:08.216+00:00][B] [WARN] Retry 1
[2026-09-02T18:51:08.284+00:00][B] [INFO] --------------------------------
[2026-09-02T18:51:08.284+00:00][B] [INFO] [HEARTBEAT TX]
[2026-09-02T18:51:08.289+00:00][B] [INFO] Node ID: 2
[2026-09-02T18:51:08.289+00:00][B] [INFO] type: 2
[2026-09-02T18:51:08.290+00:00][B] [INFO] Destination: 0xFF
[2026-09-02T18:51:08.294+00:00][B] [INFO] Sequence: 223
[2026-09-02T18:51:08.294+00:00][B] [INFO] Packet ID: 93
[2026-09-02T18:51:08.300+00:00][B] [INFO] Packet Size: 26
[2026-09-02T18:51:08.300+00:00][B] [INFO] Timestamp: 93 ms
[2026-09-02T18:51:08.300+00:00][B] [INFO] Transmission Result: success
[2026-09-02T18:51:08.305+00:00][B] [INFO] --------------------------------
[2026-09-02T18:51:08.306+00:00][B] [INFO] [Heartbeat #93]
[2026-09-02T18:51:08.311+00:00][B] [INFO] Sent
[2026-09-02T18:51:08.312+00:00][B] [INFO] Waiting ACK...
[2026-09-02T18:51:08.312+00:00][B] [INFO] [WAITING ACK]
[2026-09-02T18:51:08.325+00:00][B] [INFO] [RF TX] type=2 source=0x02 destination=0xFF previousHop=0x02 sequence=223 ackSequence=0 ttl=8 hops=0 payloadSize=13 rssi=0 snr=0.00
[2026-09-02T18:51:08.326+00:00][B] [INFO] Heartbeat packet sent
[2026-09-02T18:51:09.052+00:00][B] [INFO] [RF RX] type=2 source=0x01 destination=0xFF previousHop=0x01 sequence=199 ackSequence=0 ttl=8 hops=0 payloadSize=13 rssi=-61 snr=9.75
[2026-09-02T18:51:09.200+00:00][B] [INFO] --------------------------------
[2026-09-02T18:51:09.200+00:00][B] [INFO] [HEARTBEAT TX]
[2026-09-02T18:51:09.205+00:00][B] [INFO] Node ID: 2
[2026-09-02T18:51:09.205+00:00][B] [INFO] type: 2
[2026-09-02T18:51:09.206+00:00][B] [INFO] Destination: 0xFF
[2026-09-02T18:51:09.210+00:00][B] [INFO] Sequence: 224
[2026-09-02T18:51:09.211+00:00][B] [INFO] Packet ID: 94
[2026-09-02T18:51:09.216+00:00][B] [INFO] Packet Size: 26
[2026-09-02T18:51:09.216+00:00][B] [INFO] Timestamp: 94 ms
[2026-09-02T18:51:09.216+00:00][B] [INFO] Transmission Result: success
[2026-09-02T18:51:09.222+00:00][B] [INFO] --------------------------------
[2026-09-02T18:51:09.222+00:00][B] [INFO] [Heartbeat #94]
[2026-09-02T18:51:09.227+00:00][B] [INFO] Sent
[2026-09-02T18:51:09.228+00:00][B] [INFO] Waiting ACK...
[2026-09-02T18:51:09.228+00:00][B] [INFO] [WAITING ACK]
[2026-09-02T18:51:09.241+00:00][B] [INFO] [RF TX] type=2 source=0x02 destination=0xFF previousHop=0x02 sequence=224 ackSequence=0 ttl=8 hops=0 payloadSize=13 rssi=0 snr=0.00
[2026-09-02T18:51:09.242+00:00][B] [INFO] Heartbeat packet sent
[2026-09-02T18:51:09.968+00:00][B] [INFO] [RF RX] type=2 source=0x01 destination=0xFF previousHop=0x01 sequence=200 ackSequence=0 ttl=8 hops=0 payloadSize=13 rssi=-60 snr=9.50
[2026-09-02T18:51:10.217+00:00][B] [WARN] Retry 1
[2026-09-02T18:51:10.284+00:00][B] [INFO] --------------------------------
[2026-09-02T18:51:10.284+00:00][B] [INFO] [HEARTBEAT TX]
[2026-09-02T18:51:10.289+00:00][B] [INFO] Node ID: 2
[2026-09-02T18:51:10.289+00:00][B] [INFO] type: 2
[2026-09-02T18:51:10.289+00:00][B] [INFO] Destination: 0xFF
[2026-09-02T18:51:10.294+00:00][B] [INFO] Sequence: 224
[2026-09-02T18:51:10.295+00:00][B] [INFO] Packet ID: 94
[2026-09-02T18:51:10.300+00:00][B] [INFO] Packet Size: 26
[2026-09-02T18:51:10.300+00:00][B] [INFO] Timestamp: 94 ms
[2026-09-02T18:51:10.301+00:00][B] [INFO] Transmission Result: success
[2026-09-02T18:51:10.307+00:00][B] [INFO] --------------------------------
[2026-09-02T18:51:10.307+00:00][B] [INFO] [Heartbeat #94]
[2026-09-02T18:51:10.311+00:00][B] [INFO] Sent
[2026-09-02T18:51:10.311+00:00][B] [INFO] Waiting ACK...
[2026-09-02T18:51:10.311+00:00][B] [INFO] [WAITING ACK]
[2026-09-02T18:51:10.325+00:00][B] [INFO] [RF TX] type=2 source=0x02 destination=0xFF previousHop=0x02 sequence=224 ackSequence=0 ttl=8 hops=0 payloadSize=13 rssi=0 snr=0.00
[2026-09-02T18:51:10.326+00:00][B] [INFO] Heartbeat packet sent
[2026-09-02T18:51:11.052+00:00][B] [INFO] [RF RX] type=2 source=0x01 destination=0xFF previousHop=0x01 sequence=200 ackSequence=0 ttl=8 hops=0 payloadSize=13 rssi=-61 snr=9.50
[2026-09-02T18:51:11.199+00:00][B] [INFO] --------------------------------
[2026-09-02T18:51:11.199+00:00][B] [INFO] [HEARTBEAT TX]
[2026-09-02T18:51:11.204+00:00][B] [INFO] Node ID: 2
[2026-09-02T18:51:11.205+00:00][B] [INFO] type: 2
[2026-09-02T18:51:11.205+00:00][B] [INFO] Destination: 0xFF
[2026-09-02T18:51:11.210+00:00][B] [INFO] Sequence: 225
[2026-09-02T18:51:11.210+00:00][B] [INFO] Packet ID: 95
[2026-09-02T18:51:11.216+00:00][B] [INFO] Packet Size: 26
[2026-09-02T18:51:11.216+00:00][B] [INFO] Timestamp: 95 ms
[2026-09-02T18:51:11.216+00:00][B] [INFO] Transmission Result: success
[2026-09-02T18:51:11.221+00:00][B] [INFO] --------------------------------
[2026-09-02T18:51:11.221+00:00][B] [INFO] [Heartbeat #95]
[2026-09-02T18:51:11.227+00:00][B] [INFO] Sent
[2026-09-02T18:51:11.227+00:00][B] [INFO] Waiting ACK...
[2026-09-02T18:51:11.227+00:00][B] [INFO] [WAITING ACK]
[2026-09-02T18:51:11.241+00:00][B] [INFO] [RF TX] type=2 source=0x02 destination=0xFF previousHop=0x02 sequence=225 ackSequence=0 ttl=8 hops=0 payloadSize=13 rssi=0 snr=0.00
[2026-09-02T18:51:11.241+00:00][B] [INFO] Heartbeat packet sent
[2026-09-02T18:51:11.968+00:00][B] [INFO] [RF RX] type=2 source=0x01 destination=0xFF previousHop=0x01 sequence=201 ackSequence=0 ttl=8 hops=0 payloadSize=13 rssi=-59 snr=10.00
[2026-09-02T18:51:12.216+00:00][B] [WARN] Retry 1
[2026-09-02T18:51:12.283+00:00][B] [INFO] --------------------------------
[2026-09-02T18:51:12.284+00:00][B] [INFO] [HEARTBEAT TX]
[2026-09-02T18:51:12.289+00:00][B] [INFO] Node ID: 2
[2026-09-02T18:51:12.289+00:00][B] [INFO] type: 2
[2026-09-02T18:51:12.289+00:00][B] [INFO] Destination: 0xFF
[2026-09-02T18:51:12.294+00:00][B] [INFO] Sequence: 225
[2026-09-02T18:51:12.294+00:00][B] [INFO] Packet ID: 95
[2026-09-02T18:51:12.300+00:00][B] [INFO] Packet Size: 26
[2026-09-02T18:51:12.300+00:00][B] [INFO] Timestamp: 95 ms
[2026-09-02T18:51:12.300+00:00][B] [INFO] Transmission Result: success
[2026-09-02T18:51:12.306+00:00][B] [INFO] --------------------------------
[2026-09-02T18:51:12.306+00:00][B] [INFO] [Heartbeat #95]
[2026-09-02T18:51:12.311+00:00][B] [INFO] Sent
[2026-09-02T18:51:12.311+00:00][B] [INFO] Waiting ACK...
[2026-09-02T18:51:12.311+00:00][B] [INFO] [WAITING ACK]
[2026-09-02T18:51:12.325+00:00][B] [INFO] [RF TX] type=2 source=0x02 destination=0xFF previousHop=0x02 sequence=225 ackSequence=0 ttl=8 hops=0 payloadSize=13 rssi=0 snr=0.00
[2026-09-02T18:51:12.325+00:00][B] [INFO] Heartbeat packet sent
[2026-09-02T18:51:13.052+00:00][B] [INFO] [RF RX] type=2 source=0x01 destination=0xFF previousHop=0x01 sequence=201 ackSequence=0 ttl=8 hops=0 payloadSize=13 rssi=-60 snr=9.75
[2026-09-02T18:51:13.200+00:00][B] [INFO] --------------------------------
[2026-09-02T18:51:13.200+00:00][B] [INFO] [HEARTBEAT TX]
[2026-09-02T18:51:13.205+00:00][B] [INFO] Node ID: 2
[2026-09-02T18:51:13.205+00:00][B] [INFO] type: 2
[2026-09-02T18:51:13.205+00:00][B] [INFO] Destination: 0xFF
[2026-09-02T18:51:13.210+00:00][B] [INFO] Sequence: 226
[2026-09-02T18:51:13.211+00:00][B] [INFO] Packet ID: 96
[2026-09-02T18:51:13.216+00:00][B] [INFO] Packet Size: 26
[2026-09-02T18:51:13.216+00:00][B] [INFO] Timestamp: 96 ms
[2026-09-02T18:51:13.217+00:00][B] [INFO] Transmission Result: success
[2026-09-02T18:51:13.222+00:00][B] [INFO] --------------------------------
[2026-09-02T18:51:13.222+00:00][B] [INFO] [Heartbeat #96]
[2026-09-02T18:51:13.227+00:00][B] [INFO] Sent
[2026-09-02T18:51:13.227+00:00][B] [INFO] Waiting ACK...
[2026-09-02T18:51:13.228+00:00][B] [INFO] [WAITING ACK]
[2026-09-02T18:51:13.241+00:00][B] [INFO] [RF TX] type=2 source=0x02 destination=0xFF previousHop=0x02 sequence=226 ackSequence=0 ttl=8 hops=0 payloadSize=13 rssi=0 snr=0.00
[2026-09-02T18:51:13.242+00:00][B] [INFO] Heartbeat packet sent
[2026-09-02T18:51:13.970+00:00][B] [INFO] [RF RX] type=2 source=0x01 destination=0xFF previousHop=0x01 sequence=202 ackSequence=0 ttl=8 hops=0 payloadSize=13 rssi=-60 snr=9.50
[2026-09-02T18:51:14.216+00:00][B] [WARN] Retry 1
[2026-09-02T18:51:14.283+00:00][B] [INFO] --------------------------------
[2026-09-02T18:51:14.283+00:00][B] [INFO] [HEARTBEAT TX]
[2026-09-02T18:51:14.288+00:00][B] [INFO] Node ID: 2
[2026-09-02T18:51:14.289+00:00][B] [INFO] type: 2
[2026-09-02T18:51:14.289+00:00][B] [INFO] Destination: 0xFF
[2026-09-02T18:51:14.294+00:00][B] [INFO] Sequence: 226
[2026-09-02T18:51:14.294+00:00][B] [INFO] Packet ID: 96
[2026-09-02T18:51:14.300+00:00][B] [INFO] Packet Size: 26
[2026-09-02T18:51:14.300+00:00][B] [INFO] Timestamp: 96 ms
[2026-09-02T18:51:14.300+00:00][B] [INFO] Transmission Result: success
[2026-09-02T18:51:14.305+00:00][B] [INFO] --------------------------------
[2026-09-02T18:51:14.306+00:00][B] [INFO] [Heartbeat #96]
[2026-09-02T18:51:14.311+00:00][B] [INFO] Sent
[2026-09-02T18:51:14.311+00:00][B] [INFO] Waiting ACK...
[2026-09-02T18:51:14.311+00:00][B] [INFO] [WAITING ACK]
[2026-09-02T18:51:14.325+00:00][B] [INFO] [RF TX] type=2 source=0x02 destination=0xFF previousHop=0x02 sequence=226 ackSequence=0 ttl=8 hops=0 payloadSize=13 rssi=0 snr=0.00
[2026-09-02T18:51:14.326+00:00][B] [INFO] Heartbeat packet sent
[2026-09-02T18:51:15.052+00:00][B] [INFO] [RF RX] type=2 source=0x01 destination=0xFF previousHop=0x01 sequence=202 ackSequence=0 ttl=8 hops=0 payloadSize=13 rssi=-60 snr=9.50
[2026-09-02T18:51:15.199+00:00][B] [INFO] --------------------------------
[2026-09-02T18:51:15.200+00:00][B] [INFO] [HEARTBEAT TX]
[2026-09-02T18:51:15.205+00:00][B] [INFO] Node ID: 2
[2026-09-02T18:51:15.205+00:00][B] [INFO] type: 2
[2026-09-02T18:51:15.205+00:00][B] [INFO] Destination: 0xFF
[2026-09-02T18:51:15.210+00:00][B] [INFO] Sequence: 227
[2026-09-02T18:51:15.210+00:00][B] [INFO] Packet ID: 97
[2026-09-02T18:51:15.215+00:00][B] [INFO] Packet Size: 26
[2026-09-02T18:51:15.216+00:00][B] [INFO] Timestamp: 97 ms
[2026-09-02T18:51:15.216+00:00][B] [INFO] Transmission Result: success
[2026-09-02T18:51:15.221+00:00][B] [INFO] --------------------------------
[2026-09-02T18:51:15.222+00:00][B] [INFO] [Heartbeat #97]
[2026-09-02T18:51:15.227+00:00][B] [INFO] Sent
[2026-09-02T18:51:15.227+00:00][B] [INFO] Waiting ACK...
[2026-09-02T18:51:15.227+00:00][B] [INFO] [WAITING ACK]
[2026-09-02T18:51:15.241+00:00][B] [INFO] [RF TX] type=2 source=0x02 destination=0xFF previousHop=0x02 sequence=227 ackSequence=0 ttl=8 hops=0 payloadSize=13 rssi=0 snr=0.00
[2026-09-02T18:51:15.242+00:00][B] [INFO] Heartbeat packet sent
[2026-09-02T18:51:15.968+00:00][B] [INFO] [RF RX] type=2 source=0x01 destination=0xFF previousHop=0x01 sequence=203 ackSequence=0 ttl=8 hops=0 payloadSize=13 rssi=-59 snr=9.50
[2026-09-02T18:51:16.216+00:00][B] [WARN] Retry 1
[2026-09-02T18:51:16.283+00:00][B] [INFO] --------------------------------
[2026-09-02T18:51:16.283+00:00][B] [INFO] [HEARTBEAT TX]
[2026-09-02T18:51:16.288+00:00][B] [INFO] Node ID: 2
[2026-09-02T18:51:16.289+00:00][B] [INFO] type: 2
[2026-09-02T18:51:16.289+00:00][B] [INFO] Destination: 0xFF
[2026-09-02T18:51:16.294+00:00][B] [INFO] Sequence: 227
[2026-09-02T18:51:16.294+00:00][B] [INFO] Packet ID: 97
[2026-09-02T18:51:16.300+00:00][B] [INFO] Packet Size: 26
[2026-09-02T18:51:16.300+00:00][B] [INFO] Timestamp: 97 ms
[2026-09-02T18:51:16.300+00:00][B] [INFO] Transmission Result: success
[2026-09-02T18:51:16.305+00:00][B] [INFO] --------------------------------
[2026-09-02T18:51:16.306+00:00][B] [INFO] [Heartbeat #97]
[2026-09-02T18:51:16.311+00:00][B] [INFO] Sent
[2026-09-02T18:51:16.311+00:00][B] [INFO] Waiting ACK...
[2026-09-02T18:51:16.311+00:00][B] [INFO] [WAITING ACK]
[2026-09-02T18:51:16.325+00:00][B] [INFO] [RF TX] type=2 source=0x02 destination=0xFF previousHop=0x02 sequence=227 ackSequence=0 ttl=8 hops=0 payloadSize=13 rssi=0 snr=0.00
[2026-09-02T18:51:16.326+00:00][B] [INFO] Heartbeat packet sent
[2026-09-02T18:51:17.051+00:00][B] [INFO] [RF RX] type=2 source=0x01 destination=0xFF previousHop=0x01 sequence=203 ackSequence=0 ttl=8 hops=0 payloadSize=13 rssi=-59 snr=9.75
[2026-09-02T18:51:17.199+00:00][B] [INFO] --------------------------------
[2026-09-02T18:51:17.200+00:00][B] [INFO] [HEARTBEAT TX]
[2026-09-02T18:51:17.205+00:00][B] [INFO] Node ID: 2
[2026-09-02T18:51:17.205+00:00][B] [INFO] type: 2
[2026-09-02T18:51:17.205+00:00][B] [INFO] Destination: 0xFF
[2026-09-02T18:51:17.210+00:00][B] [INFO] Sequence: 228
[2026-09-02T18:51:17.210+00:00][B] [INFO] Packet ID: 98
[2026-09-02T18:51:17.215+00:00][B] [INFO] Packet Size: 26
[2026-09-02T18:51:17.216+00:00][B] [INFO] Timestamp: 98 ms
[2026-09-02T18:51:17.216+00:00][B] [INFO] Transmission Result: success
[2026-09-02T18:51:17.222+00:00][B] [INFO] --------------------------------
[2026-09-02T18:51:17.222+00:00][B] [INFO] [Heartbeat #98]
[2026-09-02T18:51:17.227+00:00][B] [INFO] Sent
[2026-09-02T18:51:17.227+00:00][B] [INFO] Waiting ACK...
[2026-09-02T18:51:17.227+00:00][B] [INFO] [WAITING ACK]
[2026-09-02T18:51:17.241+00:00][B] [INFO] [RF TX] type=2 source=0x02 destination=0xFF previousHop=0x02 sequence=228 ackSequence=0 ttl=8 hops=0 payloadSize=13 rssi=0 snr=0.00
[2026-09-02T18:51:17.241+00:00][B] [INFO] Heartbeat packet sent
[2026-09-02T18:51:17.967+00:00][B] [INFO] [RF RX] type=2 source=0x01 destination=0xFF previousHop=0x01 sequence=204 ackSequence=0 ttl=8 hops=0 payloadSize=13 rssi=-61 snr=9.75
[2026-09-02T18:51:18.216+00:00][B] [WARN] Retry 1
[2026-09-02T18:51:18.283+00:00][B] [INFO] --------------------------------
[2026-09-02T18:51:18.283+00:00][B] [INFO] [HEARTBEAT TX]
[2026-09-02T18:51:18.288+00:00][B] [INFO] Node ID: 2
[2026-09-02T18:51:18.289+00:00][B] [INFO] type: 2
[2026-09-02T18:51:18.289+00:00][B] [INFO] Destination: 0xFF
[2026-09-02T18:51:18.294+00:00][B] [INFO] Sequence: 228
[2026-09-02T18:51:18.294+00:00][B] [INFO] Packet ID: 98
[2026-09-02T18:51:18.299+00:00][B] [INFO] Packet Size: 26
[2026-09-02T18:51:18.300+00:00][B] [INFO] Timestamp: 98 ms
[2026-09-02T18:51:18.300+00:00][B] [INFO] Transmission Result: success
[2026-09-02T18:51:18.305+00:00][B] [INFO] --------------------------------
[2026-09-02T18:51:18.305+00:00][B] [INFO] [Heartbeat #98]
[2026-09-02T18:51:18.311+00:00][B] [INFO] Sent
[2026-09-02T18:51:18.311+00:00][B] [INFO] Waiting ACK...
[2026-09-02T18:51:18.311+00:00][B] [INFO] [WAITING ACK]
[2026-09-02T18:51:18.325+00:00][B] [INFO] [RF TX] type=2 source=0x02 destination=0xFF previousHop=0x02 sequence=228 ackSequence=0 ttl=8 hops=0 payloadSize=13 rssi=0 snr=0.00
[2026-09-02T18:51:18.325+00:00][B] [INFO] Heartbeat packet sent
[2026-09-02T18:51:19.052+00:00][B] [INFO] [RF RX] type=2 source=0x01 destination=0xFF previousHop=0x01 sequence=204 ackSequence=0 ttl=8 hops=0 payloadSize=13 rssi=-62 snr=9.75
[2026-09-02T18:51:19.199+00:00][B] [INFO] --------------------------------
[2026-09-02T18:51:19.200+00:00][B] [INFO] [HEARTBEAT TX]
[2026-09-02T18:51:19.204+00:00][B] [INFO] Node ID: 2
[2026-09-02T18:51:19.205+00:00][B] [INFO] type: 2
[2026-09-02T18:51:19.205+00:00][B] [INFO] Destination: 0xFF
[2026-09-02T18:51:19.210+00:00][B] [INFO] Sequence: 229
[2026-09-02T18:51:19.211+00:00][B] [INFO] Packet ID: 99
[2026-09-02T18:51:19.215+00:00][B] [INFO] Packet Size: 26
[2026-09-02T18:51:19.216+00:00][B] [INFO] Timestamp: 99 ms
[2026-09-02T18:51:19.216+00:00][B] [INFO] Transmission Result: success
[2026-09-02T18:51:19.221+00:00][B] [INFO] --------------------------------
[2026-09-02T18:51:19.222+00:00][B] [INFO] [Heartbeat #99]
[2026-09-02T18:51:19.227+00:00][B] [INFO] Sent
[2026-09-02T18:51:19.227+00:00][B] [INFO] Waiting ACK...
[2026-09-02T18:51:19.227+00:00][B] [INFO] [WAITING ACK]
[2026-09-02T18:51:19.241+00:00][B] [INFO] [RF TX] type=2 source=0x02 destination=0xFF previousHop=0x02 sequence=229 ackSequence=0 ttl=8 hops=0 payloadSize=13 rssi=0 snr=0.00
[2026-09-02T18:51:19.241+00:00][B] [INFO] Heartbeat packet sent
[2026-09-02T18:51:19.967+00:00][B] [INFO] [RF RX] type=2 source=0x01 destination=0xFF previousHop=0x01 sequence=205 ackSequence=0 ttl=8 hops=0 payloadSize=13 rssi=-61 snr=9.75
[2026-09-02T18:51:20.216+00:00][B] [WARN] Retry 1
[2026-09-02T18:51:20.283+00:00][B] [INFO] --------------------------------
[2026-09-02T18:51:20.284+00:00][B] [INFO] [HEARTBEAT TX]
[2026-09-02T18:51:20.289+00:00][B] [INFO] Node ID: 2
[2026-09-02T18:51:20.289+00:00][B] [INFO] type: 2
[2026-09-02T18:51:20.289+00:00][B] [INFO] Destination: 0xFF
[2026-09-02T18:51:20.294+00:00][B] [INFO] Sequence: 229
[2026-09-02T18:51:20.294+00:00][B] [INFO] Packet ID: 99
[2026-09-02T18:51:20.299+00:00][B] [INFO] Packet Size: 26
[2026-09-02T18:51:20.300+00:00][B] [INFO] Timestamp: 99 ms
[2026-09-02T18:51:20.300+00:00][B] [INFO] Transmission Result: success
[2026-09-02T18:51:20.306+00:00][B] [INFO] --------------------------------
[2026-09-02T18:51:20.306+00:00][B] [INFO] [Heartbeat #99]
[2026-09-02T18:51:20.311+00:00][B] [INFO] Sent
[2026-09-02T18:51:20.311+00:00][B] [INFO] Waiting ACK...
[2026-09-02T18:51:20.311+00:00][B] [INFO] [WAITING ACK]
[2026-09-02T18:51:20.325+00:00][B] [INFO] [RF TX] type=2 source=0x02 destination=0xFF previousHop=0x02 sequence=229 ackSequence=0 ttl=8 hops=0 payloadSize=13 rssi=0 snr=0.00
[2026-09-02T18:51:20.325+00:00][B] [INFO] Heartbeat packet sent
[2026-09-02T18:51:21.051+00:00][B] [INFO] [RF RX] type=2 source=0x01 destination=0xFF previousHop=0x01 sequence=205 ackSequence=0 ttl=8 hops=0 payloadSize=13 rssi=-60 snr=9.75
[2026-09-02T18:51:21.199+00:00][B] [INFO] --------------------------------
[2026-09-02T18:51:21.200+00:00][B] [INFO] [HEARTBEAT TX]
[2026-09-02T18:51:21.204+00:00][B] [INFO] Node ID: 2
[2026-09-02T18:51:21.205+00:00][B] [INFO] type: 2
[2026-09-02T18:51:21.205+00:00][B] [INFO] Destination: 0xFF
[2026-09-02T18:51:21.210+00:00][B] [INFO] Sequence: 230
[2026-09-02T18:51:21.210+00:00][B] [INFO] Packet ID: 100
[2026-09-02T18:51:21.215+00:00][B] [INFO] Packet Size: 26
[2026-09-02T18:51:21.216+00:00][B] [INFO] Timestamp: 100 ms
[2026-09-02T18:51:21.221+00:00][B] [INFO] Transmission Result: success
[2026-09-02T18:51:21.221+00:00][B] [INFO] --------------------------------
[2026-09-02T18:51:21.226+00:00][B] [INFO] [Heartbeat #100]
[2026-09-02T18:51:21.227+00:00][B] [INFO] Sent
[2026-09-02T18:51:21.227+00:00][B] [INFO] Waiting ACK...
[2026-09-02T18:51:21.227+00:00][B] [INFO] [WAITING ACK]
[2026-09-02T18:51:21.241+00:00][B] [INFO] [RF TX] type=2 source=0x02 destination=0xFF previousHop=0x02 sequence=230 ackSequence=0 ttl=8 hops=0 payloadSize=13 rssi=0 snr=0.00
[2026-09-02T18:51:21.241+00:00][B] [INFO] Heartbeat packet sent
[2026-09-02T18:51:21.967+00:00][B] [INFO] [RF RX] type=2 source=0x01 destination=0xFF previousHop=0x01 sequence=206 ackSequence=0 ttl=8 hops=0 payloadSize=13 rssi=-62 snr=9.75
[2026-09-02T18:51:22.216+00:00][B] [WARN] Retry 1
[2026-09-02T18:51:22.283+00:00][B] [INFO] --------------------------------
[2026-09-02T18:51:22.284+00:00][B] [INFO] [HEARTBEAT TX]
[2026-09-02T18:51:22.288+00:00][B] [INFO] Node ID: 2
[2026-09-02T18:51:22.289+00:00][B] [INFO] type: 2
[2026-09-02T18:51:22.289+00:00][B] [INFO] Destination: 0xFF
[2026-09-02T18:51:22.294+00:00][B] [INFO] Sequence: 230
[2026-09-02T18:51:22.294+00:00][B] [INFO] Packet ID: 100
[2026-09-02T18:51:22.299+00:00][B] [INFO] Packet Size: 26
[2026-09-02T18:51:22.300+00:00][B] [INFO] Timestamp: 100 ms
[2026-09-02T18:51:22.305+00:00][B] [INFO] Transmission Result: success
[2026-09-02T18:51:22.306+00:00][B] [INFO] --------------------------------
[2026-09-02T18:51:22.310+00:00][B] [INFO] [Heartbeat #100]
[2026-09-02T18:51:22.311+00:00][B] [INFO] Sent
[2026-09-02T18:51:22.311+00:00][B] [INFO] Waiting ACK...
[2026-09-02T18:51:22.311+00:00][B] [INFO] [WAITING ACK]
[2026-09-02T18:51:22.325+00:00][B] [INFO] [RF TX] type=2 source=0x02 destination=0xFF previousHop=0x02 sequence=230 ackSequence=0 ttl=8 hops=0 payloadSize=13 rssi=0 snr=0.00
[2026-09-02T18:51:22.326+00:00][B] [INFO] Heartbeat packet sent
[2026-09-02T18:51:23.051+00:00][B] [INFO] [RF RX] type=2 source=0x01 destination=0xFF previousHop=0x01 sequence=206 ackSequence=0 ttl=8 hops=0 payloadSize=13 rssi=-61 snr=9.50
[2026-09-02T18:51:23.199+00:00][B] [INFO] --------------------------------
[2026-09-02T18:51:23.200+00:00][B] [INFO] [HEARTBEAT TX]
[2026-09-02T18:51:23.205+00:00][B] [INFO] Node ID: 2
[2026-09-02T18:51:23.205+00:00][B] [INFO] type: 2
[2026-09-02T18:51:23.205+00:00][B] [INFO] Destination: 0xFF
[2026-09-02T18:51:23.210+00:00][B] [INFO] Sequence: 231
[2026-09-02T18:51:23.210+00:00][B] [INFO] Packet ID: 101
[2026-09-02T18:51:23.215+00:00][B] [INFO] Packet Size: 26
[2026-09-02T18:51:23.216+00:00][B] [INFO] Timestamp: 101 ms
[2026-09-02T18:51:23.221+00:00][B] [INFO] Transmission Result: success
[2026-09-02T18:51:23.222+00:00][B] [INFO] --------------------------------
[2026-09-02T18:51:23.226+00:00][B] [INFO] [Heartbeat #101]
[2026-09-02T18:51:23.227+00:00][B] [INFO] Sent
[2026-09-02T18:51:23.227+00:00][B] [INFO] Waiting ACK...
[2026-09-02T18:51:23.227+00:00][B] [INFO] [WAITING ACK]
[2026-09-02T18:51:23.241+00:00][B] [INFO] [RF TX] type=2 source=0x02 destination=0xFF previousHop=0x02 sequence=231 ackSequence=0 ttl=8 hops=0 payloadSize=13 rssi=0 snr=0.00
[2026-09-02T18:51:23.242+00:00][B] [INFO] Heartbeat packet sent
[2026-09-02T18:51:23.967+00:00][B] [INFO] [RF RX] type=2 source=0x01 destination=0xFF previousHop=0x01 sequence=207 ackSequence=0 ttl=8 hops=0 payloadSize=13 rssi=-61 snr=10.00
[2026-09-02T18:51:24.216+00:00][B] [WARN] Retry 1
[2026-09-02T18:51:24.283+00:00][B] [INFO] --------------------------------
[2026-09-02T18:51:24.284+00:00][B] [INFO] [HEARTBEAT TX]
[2026-09-02T18:51:24.288+00:00][B] [INFO] Node ID: 2
[2026-09-02T18:51:24.289+00:00][B] [INFO] type: 2
[2026-09-02T18:51:24.289+00:00][B] [INFO] Destination: 0xFF
[2026-09-02T18:51:24.294+00:00][B] [INFO] Sequence: 231
[2026-09-02T18:51:24.294+00:00][B] [INFO] Packet ID: 101
[2026-09-02T18:51:24.299+00:00][B] [INFO] Packet Size: 26
[2026-09-02T18:51:24.300+00:00][B] [INFO] Timestamp: 101 ms
[2026-09-02T18:51:24.305+00:00][B] [INFO] Transmission Result: success
[2026-09-02T18:51:24.305+00:00][B] [INFO] --------------------------------
[2026-09-02T18:51:24.310+00:00][B] [INFO] [Heartbeat #101]
[2026-09-02T18:51:24.311+00:00][B] [INFO] Sent
[2026-09-02T18:51:24.311+00:00][B] [INFO] Waiting ACK...
[2026-09-02T18:51:24.311+00:00][B] [INFO] [WAITING ACK]
[2026-09-02T18:51:24.325+00:00][B] [INFO] [RF TX] type=2 source=0x02 destination=0xFF previousHop=0x02 sequence=231 ackSequence=0 ttl=8 hops=0 payloadSize=13 rssi=0 snr=0.00
[2026-09-02T18:51:24.326+00:00][B] [INFO] Heartbeat packet sent
[2026-09-02T18:51:25.052+00:00][B] [INFO] [RF RX] type=2 source=0x01 destination=0xFF previousHop=0x01 sequence=207 ackSequence=0 ttl=8 hops=0 payloadSize=13 rssi=-62 snr=10.25
[2026-09-02T18:51:25.199+00:00][B] [INFO] --------------------------------
[2026-09-02T18:51:25.199+00:00][B] [INFO] [HEARTBEAT TX]
[2026-09-02T18:51:25.204+00:00][B] [INFO] Node ID: 2
[2026-09-02T18:51:25.205+00:00][B] [INFO] type: 2
[2026-09-02T18:51:25.205+00:00][B] [INFO] Destination: 0xFF
[2026-09-02T18:51:25.210+00:00][B] [INFO] Sequence: 232
[2026-09-02T18:51:25.210+00:00][B] [INFO] Packet ID: 102
[2026-09-02T18:51:25.215+00:00][B] [INFO] Packet Size: 26
[2026-09-02T18:51:25.216+00:00][B] [INFO] Timestamp: 102 ms
[2026-09-02T18:51:25.221+00:00][B] [INFO] Transmission Result: success
[2026-09-02T18:51:25.221+00:00][B] [INFO] --------------------------------
[2026-09-02T18:51:25.226+00:00][B] [INFO] [Heartbeat #102]
[2026-09-02T18:51:25.227+00:00][B] [INFO] Sent
[2026-09-02T18:51:25.227+00:00][B] [INFO] Waiting ACK...
[2026-09-02T18:51:25.227+00:00][B] [INFO] [WAITING ACK]
[2026-09-02T18:51:25.241+00:00][B] [INFO] [RF TX] type=2 source=0x02 destination=0xFF previousHop=0x02 sequence=232 ackSequence=0 ttl=8 hops=0 payloadSize=13 rssi=0 snr=0.00
[2026-09-02T18:51:25.241+00:00][B] [INFO] Heartbeat packet sent
[2026-09-02T18:51:25.967+00:00][B] [INFO] [RF RX] type=2 source=0x01 destination=0xFF previousHop=0x01 sequence=208 ackSequence=0 ttl=8 hops=0 payloadSize=13 rssi=-61 snr=10.00
[2026-09-02T18:51:26.218+00:00][B] [WARN] Retry 1
[2026-09-02T18:51:26.284+00:00][B] [INFO] --------------------------------
[2026-09-02T18:51:26.287+00:00][B] [INFO] [HEARTBEAT TX]
[2026-09-02T18:51:26.311+00:00][B] [INFO] Node ID: 2
[2026-09-02T18:51:26.311+00:00][B] [INFO] type: 2
[2026-09-02T18:51:26.311+00:00][B] [INFO] Destination: 0xFF
[2026-09-02T18:51:26.312+00:00][B] [INFO] Sequence: 232
[2026-09-02T18:51:26.312+00:00][B] [INFO] Packet ID: 102
[2026-09-02T18:51:26.313+00:00][B] [INFO] Packet Size: 26
[2026-09-02T18:51:26.314+00:00][B] [INFO] Timestamp: 102 ms
[2026-09-02T18:51:26.314+00:00][B] [INFO] Transmission Result: success
[2026-09-02T18:51:26.314+00:00][B] [INFO] --------------------------------
[2026-09-02T18:51:26.315+00:00][B] [INFO] [Heartbeat #102]
[2026-09-02T18:51:26.316+00:00][B] [INFO] Sent
[2026-09-02T18:51:26.316+00:00][B] [INFO] Waiting ACK...
[2026-09-02T18:51:26.316+00:00][B] [INFO] [WAITING ACK]
[2026-09-02T18:51:26.330+00:00][B] [INFO] [RF TX] type=2 source=0x02 destination=0xFF previousHop=0x02 sequence=232 ackSequence=0 ttl=8 hops=0 payloadSize=13 rssi=0 snr=0.00
[2026-09-02T18:51:26.330+00:00][B] [INFO] Heartbeat packet sent
[2026-09-02T18:51:27.051+00:00][B] [INFO] [RF RX] type=2 source=0x01 destination=0xFF previousHop=0x01 sequence=208 ackSequence=0 ttl=8 hops=0 payloadSize=13 rssi=-61 snr=10.00
[2026-09-02T18:51:27.199+00:00][B] [INFO] --------------------------------
[2026-09-02T18:51:27.199+00:00][B] [INFO] [HEARTBEAT TX]
[2026-09-02T18:51:27.204+00:00][B] [INFO] Node ID: 2
[2026-09-02T18:51:27.205+00:00][B] [INFO] type: 2
[2026-09-02T18:51:27.205+00:00][B] [INFO] Destination: 0xFF
[2026-09-02T18:51:27.210+00:00][B] [INFO] Sequence: 233
[2026-09-02T18:51:27.210+00:00][B] [INFO] Packet ID: 103
[2026-09-02T18:51:27.215+00:00][B] [INFO] Packet Size: 26
[2026-09-02T18:51:27.216+00:00][B] [INFO] Timestamp: 103 ms
[2026-09-02T18:51:27.221+00:00][B] [INFO] Transmission Result: success
[2026-09-02T18:51:27.221+00:00][B] [INFO] --------------------------------
[2026-09-02T18:51:27.226+00:00][B] [INFO] [Heartbeat #103]
[2026-09-02T18:51:27.226+00:00][B] [INFO] Sent
[2026-09-02T18:51:27.227+00:00][B] [INFO] Waiting ACK...
[2026-09-02T18:51:27.227+00:00][B] [INFO] [WAITING ACK]
[2026-09-02T18:51:27.241+00:00][B] [INFO] [RF TX] type=2 source=0x02 destination=0xFF previousHop=0x02 sequence=233 ackSequence=0 ttl=8 hops=0 payloadSize=13 rssi=0 snr=0.00
[2026-09-02T18:51:27.241+00:00][B] [INFO] Heartbeat packet sent
[2026-09-02T18:51:27.967+00:00][B] [INFO] [RF RX] type=2 source=0x01 destination=0xFF previousHop=0x01 sequence=209 ackSequence=0 ttl=8 hops=0 payloadSize=13 rssi=-61 snr=9.25
[2026-09-02T18:51:28.216+00:00][B] [WARN] Retry 1
[2026-09-02T18:51:28.283+00:00][B] [INFO] --------------------------------
[2026-09-02T18:51:28.283+00:00][B] [INFO] [HEARTBEAT TX]
[2026-09-02T18:51:28.288+00:00][B] [INFO] Node ID: 2
[2026-09-02T18:51:28.289+00:00][B] [INFO] type: 2
[2026-09-02T18:51:28.289+00:00][B] [INFO] Destination: 0xFF
[2026-09-02T18:51:28.294+00:00][B] [INFO] Sequence: 233
[2026-09-02T18:51:28.294+00:00][B] [INFO] Packet ID: 103
[2026-09-02T18:51:28.299+00:00][B] [INFO] Packet Size: 26
[2026-09-02T18:51:28.300+00:00][B] [INFO] Timestamp: 103 ms
[2026-09-02T18:51:28.305+00:00][B] [INFO] Transmission Result: success
[2026-09-02T18:51:28.305+00:00][B] [INFO] --------------------------------
[2026-09-02T18:51:28.310+00:00][B] [INFO] [Heartbeat #103]
[2026-09-02T18:51:28.311+00:00][B] [INFO] Sent
[2026-09-02T18:51:28.311+00:00][B] [INFO] Waiting ACK...
[2026-09-02T18:51:28.311+00:00][B] [INFO] [WAITING ACK]
[2026-09-02T18:51:28.325+00:00][B] [INFO] [RF TX] type=2 source=0x02 destination=0xFF previousHop=0x02 sequence=233 ackSequence=0 ttl=8 hops=0 payloadSize=13 rssi=0 snr=0.00
[2026-09-02T18:51:28.325+00:00][B] [INFO] Heartbeat packet sent
[2026-09-02T18:51:29.051+00:00][B] [INFO] [RF RX] type=2 source=0x01 destination=0xFF previousHop=0x01 sequence=209 ackSequence=0 ttl=8 hops=0 payloadSize=13 rssi=-62 snr=9.50
[2026-09-02T18:51:29.199+00:00][B] [INFO] --------------------------------
[2026-09-02T18:51:29.200+00:00][B] [INFO] [HEARTBEAT TX]
[2026-09-02T18:51:29.204+00:00][B] [INFO] Node ID: 2
[2026-09-02T18:51:29.205+00:00][B] [INFO] type: 2
[2026-09-02T18:51:29.205+00:00][B] [INFO] Destination: 0xFF
[2026-09-02T18:51:29.210+00:00][B] [INFO] Sequence: 234
[2026-09-02T18:51:29.210+00:00][B] [INFO] Packet ID: 104
[2026-09-02T18:51:29.215+00:00][B] [INFO] Packet Size: 26
[2026-09-02T18:51:29.216+00:00][B] [INFO] Timestamp: 104 ms
[2026-09-02T18:51:29.221+00:00][B] [INFO] Transmission Result: success
[2026-09-02T18:51:29.221+00:00][B] [INFO] --------------------------------
[2026-09-02T18:51:29.226+00:00][B] [INFO] [Heartbeat #104]
[2026-09-02T18:51:29.227+00:00][B] [INFO] Sent
[2026-09-02T18:51:29.227+00:00][B] [INFO] Waiting ACK...
[2026-09-02T18:51:29.228+00:00][B] [INFO] [WAITING ACK]
[2026-09-02T18:51:29.241+00:00][B] [INFO] [RF TX] type=2 source=0x02 destination=0xFF previousHop=0x02 sequence=234 ackSequence=0 ttl=8 hops=0 payloadSize=13 rssi=0 snr=0.00
[2026-09-02T18:51:29.242+00:00][B] [INFO] Heartbeat packet sent
[2026-09-02T18:51:29.967+00:00][B] [INFO] [RF RX] type=2 source=0x01 destination=0xFF previousHop=0x01 sequence=210 ackSequence=0 ttl=8 hops=0 payloadSize=13 rssi=-61 snr=9.25
[2026-09-02T18:51:30.216+00:00][B] [WARN] Retry 1
[2026-09-02T18:51:30.283+00:00][B] [INFO] --------------------------------
[2026-09-02T18:51:30.283+00:00][B] [INFO] [HEARTBEAT TX]
[2026-09-02T18:51:30.288+00:00][B] [INFO] Node ID: 2
[2026-09-02T18:51:30.289+00:00][B] [INFO] type: 2
[2026-09-02T18:51:30.289+00:00][B] [INFO] Destination: 0xFF
[2026-09-02T18:51:30.294+00:00][B] [INFO] Sequence: 234
[2026-09-02T18:51:30.294+00:00][B] [INFO] Packet ID: 104
[2026-09-02T18:51:30.299+00:00][B] [INFO] Packet Size: 26
[2026-09-02T18:51:30.300+00:00][B] [INFO] Timestamp: 104 ms
[2026-09-02T18:51:30.305+00:00][B] [INFO] Transmission Result: success
[2026-09-02T18:51:30.305+00:00][B] [INFO] --------------------------------
[2026-09-02T18:51:30.311+00:00][B] [INFO] [Heartbeat #104]
[2026-09-02T18:51:30.311+00:00][B] [INFO] Sent
[2026-09-02T18:51:30.311+00:00][B] [INFO] Waiting ACK...
[2026-09-02T18:51:30.312+00:00][B] [INFO] [WAITING ACK]
[2026-09-02T18:51:30.325+00:00][B] [INFO] [RF TX] type=2 source=0x02 destination=0xFF previousHop=0x02 sequence=234 ackSequence=0 ttl=8 hops=0 payloadSize=13 rssi=0 snr=0.00
[2026-09-02T18:51:30.325+00:00][B] [INFO] Heartbeat packet sent
[2026-09-02T18:51:31.051+00:00][B] [INFO] [RF RX] type=2 source=0x01 destination=0xFF previousHop=0x01 sequence=210 ackSequence=0 ttl=8 hops=0 payloadSize=13 rssi=-61 snr=9.75
[2026-09-02T18:51:31.199+00:00][B] [INFO] --------------------------------
[2026-09-02T18:51:31.199+00:00][B] [INFO] [HEARTBEAT TX]
[2026-09-02T18:51:31.204+00:00][B] [INFO] Node ID: 2
[2026-09-02T18:51:31.204+00:00][B] [INFO] type: 2
[2026-09-02T18:51:31.204+00:00][B] [INFO] Destination: 0xFF
[2026-09-02T18:51:31.210+00:00][B] [INFO] Sequence: 235
[2026-09-02T18:51:31.210+00:00][B] [INFO] Packet ID: 105
[2026-09-02T18:51:31.215+00:00][B] [INFO] Packet Size: 26
[2026-09-02T18:51:31.215+00:00][B] [INFO] Timestamp: 105 ms
[2026-09-02T18:51:31.221+00:00][B] [INFO] Transmission Result: success
[2026-09-02T18:51:31.221+00:00][B] [INFO] --------------------------------
[2026-09-02T18:51:31.226+00:00][B] [INFO] [Heartbeat #105]
[2026-09-02T18:51:31.226+00:00][B] [INFO] Sent
[2026-09-02T18:51:31.227+00:00][B] [INFO] Waiting ACK...
[2026-09-02T18:51:31.227+00:00][B] [INFO] [WAITING ACK]
[2026-09-02T18:51:31.241+00:00][B] [INFO] [RF TX] type=2 source=0x02 destination=0xFF previousHop=0x02 sequence=235 ackSequence=0 ttl=8 hops=0 payloadSize=13 rssi=0 snr=0.00
[2026-09-02T18:51:31.241+00:00][B] [INFO] Heartbeat packet sent
[2026-09-02T18:51:31.967+00:00][B] [INFO] [RF RX] type=2 source=0x01 destination=0xFF previousHop=0x01 sequence=211 ackSequence=0 ttl=8 hops=0 payloadSize=13 rssi=-61 snr=9.75
[2026-09-02T18:51:32.216+00:00][B] [WARN] Retry 1
[2026-09-02T18:51:32.283+00:00][B] [INFO] --------------------------------
[2026-09-02T18:51:32.283+00:00][B] [INFO] [HEARTBEAT TX]
[2026-09-02T18:51:32.288+00:00][B] [INFO] Node ID: 2
[2026-09-02T18:51:32.288+00:00][B] [INFO] type: 2
[2026-09-02T18:51:32.288+00:00][B] [INFO] Destination: 0xFF
[2026-09-02T18:51:32.294+00:00][B] [INFO] Sequence: 235
[2026-09-02T18:51:32.294+00:00][B] [INFO] Packet ID: 105
[2026-09-02T18:51:32.299+00:00][B] [INFO] Packet Size: 26
[2026-09-02T18:51:32.300+00:00][B] [INFO] Timestamp: 105 ms
[2026-09-02T18:51:32.305+00:00][B] [INFO] Transmission Result: success
[2026-09-02T18:51:32.305+00:00][B] [INFO] --------------------------------
[2026-09-02T18:51:32.310+00:00][B] [INFO] [Heartbeat #105]
[2026-09-02T18:51:32.311+00:00][B] [INFO] Sent
[2026-09-02T18:51:32.311+00:00][B] [INFO] Waiting ACK...
[2026-09-02T18:51:32.311+00:00][B] [INFO] [WAITING ACK]
[2026-09-02T18:51:32.325+00:00][B] [INFO] [RF TX] type=2 source=0x02 destination=0xFF previousHop=0x02 sequence=235 ackSequence=0 ttl=8 hops=0 payloadSize=13 rssi=0 snr=0.00
[2026-09-02T18:51:32.326+00:00][B] [INFO] Heartbeat packet sent
[2026-09-02T18:51:33.051+00:00][B] [INFO] [RF RX] type=2 source=0x01 destination=0xFF previousHop=0x01 sequence=211 ackSequence=0 ttl=8 hops=0 payloadSize=13 rssi=-62 snr=9.50
[2026-09-02T18:51:33.199+00:00][B] [INFO] --------------------------------
[2026-09-02T18:51:33.199+00:00][B] [INFO] [HEARTBEAT TX]
[2026-09-02T18:51:33.204+00:00][B] [INFO] Node ID: 2
[2026-09-02T18:51:33.205+00:00][B] [INFO] type: 2
[2026-09-02T18:51:33.205+00:00][B] [INFO] Destination: 0xFF
[2026-09-02T18:51:33.210+00:00][B] [INFO] Sequence: 236
[2026-09-02T18:51:33.210+00:00][B] [INFO] Packet ID: 106
[2026-09-02T18:51:33.215+00:00][B] [INFO] Packet Size: 26
[2026-09-02T18:51:33.216+00:00][B] [INFO] Timestamp: 106 ms
[2026-09-02T18:51:33.221+00:00][B] [INFO] Transmission Result: success
[2026-09-02T18:51:33.223+00:00][B] [INFO] --------------------------------
[2026-09-02T18:51:33.226+00:00][B] [INFO] [Heartbeat #106]
[2026-09-02T18:51:33.227+00:00][B] [INFO] Sent
[2026-09-02T18:51:33.227+00:00][B] [INFO] Waiting ACK...
[2026-09-02T18:51:33.227+00:00][B] [INFO] [WAITING ACK]
[2026-09-02T18:51:33.241+00:00][B] [INFO] [RF TX] type=2 source=0x02 destination=0xFF previousHop=0x02 sequence=236 ackSequence=0 ttl=8 hops=0 payloadSize=13 rssi=0 snr=0.00
[2026-09-02T18:51:33.241+00:00][B] [INFO] Heartbeat packet sent
[2026-09-02T18:51:33.967+00:00][B] [INFO] [RF RX] type=2 source=0x01 destination=0xFF previousHop=0x01 sequence=212 ackSequence=0 ttl=8 hops=0 payloadSize=13 rssi=-61 snr=9.25
[2026-09-02T18:51:34.216+00:00][B] [WARN] Retry 1
[2026-09-02T18:51:34.283+00:00][B] [INFO] --------------------------------
[2026-09-02T18:51:34.283+00:00][B] [INFO] [HEARTBEAT TX]
[2026-09-02T18:51:34.288+00:00][B] [INFO] Node ID: 2
[2026-09-02T18:51:34.288+00:00][B] [INFO] type: 2
[2026-09-02T18:51:34.288+00:00][B] [INFO] Destination: 0xFF
[2026-09-02T18:51:34.294+00:00][B] [INFO] Sequence: 236
[2026-09-02T18:51:34.294+00:00][B] [INFO] Packet ID: 106
[2026-09-02T18:51:34.299+00:00][B] [INFO] Packet Size: 26
[2026-09-02T18:51:34.299+00:00][B] [INFO] Timestamp: 106 ms
[2026-09-02T18:51:34.304+00:00][B] [INFO] Transmission Result: success
[2026-09-02T18:51:34.305+00:00][B] [INFO] --------------------------------
[2026-09-02T18:51:34.310+00:00][B] [INFO] [Heartbeat #106]
[2026-09-02T18:51:34.310+00:00][B] [INFO] Sent
[2026-09-02T18:51:34.311+00:00][B] [INFO] Waiting ACK...
[2026-09-02T18:51:34.311+00:00][B] [INFO] [WAITING ACK]
[2026-09-02T18:51:34.325+00:00][B] [INFO] [RF TX] type=2 source=0x02 destination=0xFF previousHop=0x02 sequence=236 ackSequence=0 ttl=8 hops=0 payloadSize=13 rssi=0 snr=0.00
[2026-09-02T18:51:34.325+00:00][B] [INFO] Heartbeat packet sent
[2026-09-02T18:51:35.051+00:00][B] [INFO] [RF RX] type=2 source=0x01 destination=0xFF previousHop=0x01 sequence=212 ackSequence=0 ttl=8 hops=0 payloadSize=13 rssi=-61 snr=9.50
[2026-09-02T18:51:35.199+00:00][B] [INFO] --------------------------------
[2026-09-02T18:51:35.200+00:00][B] [INFO] [HEARTBEAT TX]
[2026-09-02T18:51:35.204+00:00][B] [INFO] Node ID: 2
[2026-09-02T18:51:35.205+00:00][B] [INFO] type: 2
[2026-09-02T18:51:35.205+00:00][B] [INFO] Destination: 0xFF
[2026-09-02T18:51:35.210+00:00][B] [INFO] Sequence: 237
[2026-09-02T18:51:35.210+00:00][B] [INFO] Packet ID: 107
[2026-09-02T18:51:35.215+00:00][B] [INFO] Packet Size: 26
[2026-09-02T18:51:35.216+00:00][B] [INFO] Timestamp: 107 ms
[2026-09-02T18:51:35.221+00:00][B] [INFO] Transmission Result: success
[2026-09-02T18:51:35.221+00:00][B] [INFO] --------------------------------
[2026-09-02T18:51:35.226+00:00][B] [INFO] [Heartbeat #107]
[2026-09-02T18:51:35.227+00:00][B] [INFO] Sent
[2026-09-02T18:51:35.227+00:00][B] [INFO] Waiting ACK...
[2026-09-02T18:51:35.227+00:00][B] [INFO] [WAITING ACK]
[2026-09-02T18:51:35.241+00:00][B] [INFO] [RF TX] type=2 source=0x02 destination=0xFF previousHop=0x02 sequence=237 ackSequence=0 ttl=8 hops=0 payloadSize=13 rssi=0 snr=0.00
[2026-09-02T18:51:35.241+00:00][B] [INFO] Heartbeat packet sent
[2026-09-02T18:51:35.967+00:00][B] [INFO] [RF RX] type=2 source=0x01 destination=0xFF previousHop=0x01 sequence=213 ackSequence=0 ttl=8 hops=0 payloadSize=13 rssi=-61 snr=9.75
[2026-09-02T18:51:36.216+00:00][B] [WARN] Retry 1
[2026-09-02T18:51:36.283+00:00][B] [INFO] --------------------------------
[2026-09-02T18:51:36.283+00:00][B] [INFO] [HEARTBEAT TX]
[2026-09-02T18:51:36.288+00:00][B] [INFO] Node ID: 2
[2026-09-02T18:51:36.288+00:00][B] [INFO] type: 2
[2026-09-02T18:51:36.289+00:00][B] [INFO] Destination: 0xFF
[2026-09-02T18:51:36.293+00:00][B] [INFO] Sequence: 237
[2026-09-02T18:51:36.294+00:00][B] [INFO] Packet ID: 107
[2026-09-02T18:51:36.299+00:00][B] [INFO] Packet Size: 26
[2026-09-02T18:51:36.299+00:00][B] [INFO] Timestamp: 107 ms
[2026-09-02T18:51:36.304+00:00][B] [INFO] Transmission Result: success
[2026-09-02T18:51:36.305+00:00][B] [INFO] --------------------------------
[2026-09-02T18:51:36.310+00:00][B] [INFO] [Heartbeat #107]
[2026-09-02T18:51:36.310+00:00][B] [INFO] Sent
[2026-09-02T18:51:36.310+00:00][B] [INFO] Waiting ACK...
[2026-09-02T18:51:36.311+00:00][B] [INFO] [WAITING ACK]
[2026-09-02T18:51:36.325+00:00][B] [INFO] [RF TX] type=2 source=0x02 destination=0xFF previousHop=0x02 sequence=237 ackSequence=0 ttl=8 hops=0 payloadSize=13 rssi=0 snr=0.00
[2026-09-02T18:51:36.325+00:00][B] [INFO] Heartbeat packet sent
[2026-09-02T18:51:37.051+00:00][B] [INFO] [RF RX] type=2 source=0x01 destination=0xFF previousHop=0x01 sequence=213 ackSequence=0 ttl=8 hops=0 payloadSize=13 rssi=-60 snr=9.50
[2026-09-02T18:51:37.199+00:00][B] [INFO] --------------------------------
[2026-09-02T18:51:37.199+00:00][B] [INFO] [HEARTBEAT TX]
[2026-09-02T18:51:37.204+00:00][B] [INFO] Node ID: 2
[2026-09-02T18:51:37.204+00:00][B] [INFO] type: 2
[2026-09-02T18:51:37.205+00:00][B] [INFO] Destination: 0xFF
[2026-09-02T18:51:37.210+00:00][B] [INFO] Sequence: 238
[2026-09-02T18:51:37.210+00:00][B] [INFO] Packet ID: 108
[2026-09-02T18:51:37.215+00:00][B] [INFO] Packet Size: 26
[2026-09-02T18:51:37.215+00:00][B] [INFO] Timestamp: 108 ms
[2026-09-02T18:51:37.221+00:00][B] [INFO] Transmission Result: success
[2026-09-02T18:51:37.221+00:00][B] [INFO] --------------------------------
[2026-09-02T18:51:37.226+00:00][B] [INFO] [Heartbeat #108]
[2026-09-02T18:51:37.226+00:00][B] [INFO] Sent
[2026-09-02T18:51:37.227+00:00][B] [INFO] Waiting ACK...
[2026-09-02T18:51:37.227+00:00][B] [INFO] [WAITING ACK]
[2026-09-02T18:51:37.241+00:00][B] [INFO] [RF TX] type=2 source=0x02 destination=0xFF previousHop=0x02 sequence=238 ackSequence=0 ttl=8 hops=0 payloadSize=13 rssi=0 snr=0.00
[2026-09-02T18:51:37.241+00:00][B] [INFO] Heartbeat packet sent
[2026-09-02T18:51:37.967+00:00][B] [INFO] [RF RX] type=2 source=0x01 destination=0xFF previousHop=0x01 sequence=214 ackSequence=0 ttl=8 hops=0 payloadSize=13 rssi=-61 snr=9.50
[2026-09-02T18:51:38.216+00:00][B] [WARN] Retry 1
[2026-09-02T18:51:38.283+00:00][B] [INFO] --------------------------------
[2026-09-02T18:51:38.283+00:00][B] [INFO] [HEARTBEAT TX]
[2026-09-02T18:51:38.288+00:00][B] [INFO] Node ID: 2
[2026-09-02T18:51:38.288+00:00][B] [INFO] type: 2
[2026-09-02T18:51:38.289+00:00][B] [INFO] Destination: 0xFF
[2026-09-02T18:51:38.294+00:00][B] [INFO] Sequence: 238
[2026-09-02T18:51:38.294+00:00][B] [INFO] Packet ID: 108
[2026-09-02T18:51:38.299+00:00][B] [INFO] Packet Size: 26
[2026-09-02T18:51:38.299+00:00][B] [INFO] Timestamp: 108 ms
[2026-09-02T18:51:38.304+00:00][B] [INFO] Transmission Result: success
[2026-09-02T18:51:38.305+00:00][B] [INFO] --------------------------------
[2026-09-02T18:51:38.310+00:00][B] [INFO] [Heartbeat #108]
[2026-09-02T18:51:38.310+00:00][B] [INFO] Sent
[2026-09-02T18:51:38.311+00:00][B] [INFO] Waiting ACK...
[2026-09-02T18:51:38.311+00:00][B] [INFO] [WAITING ACK]
[2026-09-02T18:51:38.325+00:00][B] [INFO] [RF TX] type=2 source=0x02 destination=0xFF previousHop=0x02 sequence=238 ackSequence=0 ttl=8 hops=0 payloadSize=13 rssi=0 snr=0.00
[2026-09-02T18:51:38.325+00:00][B] [INFO] Heartbeat packet sent
[2026-09-02T18:51:39.051+00:00][B] [INFO] [RF RX] type=2 source=0x01 destination=0xFF previousHop=0x01 sequence=214 ackSequence=0 ttl=8 hops=0 payloadSize=13 rssi=-61 snr=9.75
[2026-09-02T18:51:39.199+00:00][B] [INFO] --------------------------------
[2026-09-02T18:51:39.199+00:00][B] [INFO] [HEARTBEAT TX]
[2026-09-02T18:51:39.204+00:00][B] [INFO] Node ID: 2
[2026-09-02T18:51:39.204+00:00][B] [INFO] type: 2
[2026-09-02T18:51:39.205+00:00][B] [INFO] Destination: 0xFF
[2026-09-02T18:51:39.209+00:00][B] [INFO] Sequence: 239
[2026-09-02T18:51:39.210+00:00][B] [INFO] Packet ID: 109
[2026-09-02T18:51:39.215+00:00][B] [INFO] Packet Size: 26
[2026-09-02T18:51:39.215+00:00][B] [INFO] Timestamp: 109 ms
[2026-09-02T18:51:39.220+00:00][B] [INFO] Transmission Result: success
[2026-09-02T18:51:39.221+00:00][B] [INFO] --------------------------------
[2026-09-02T18:51:39.226+00:00][B] [INFO] [Heartbeat #109]
[2026-09-02T18:51:39.226+00:00][B] [INFO] Sent
[2026-09-02T18:51:39.227+00:00][B] [INFO] Waiting ACK...
[2026-09-02T18:51:39.227+00:00][B] [INFO] [WAITING ACK]
[2026-09-02T18:51:39.241+00:00][B] [INFO] [RF TX] type=2 source=0x02 destination=0xFF previousHop=0x02 sequence=239 ackSequence=0 ttl=8 hops=0 payloadSize=13 rssi=0 snr=0.00
[2026-09-02T18:51:39.241+00:00][B] [INFO] Heartbeat packet sent
[2026-09-02T18:51:39.967+00:00][B] [INFO] [RF RX] type=2 source=0x01 destination=0xFF previousHop=0x01 sequence=215 ackSequence=0 ttl=8 hops=0 payloadSize=13 rssi=-61 snr=9.75
[2026-09-02T18:51:40.216+00:00][B] [WARN] Retry 1
[2026-09-02T18:51:40.283+00:00][B] [INFO] --------------------------------
[2026-09-02T18:51:40.283+00:00][B] [INFO] [HEARTBEAT TX]
[2026-09-02T18:51:40.288+00:00][B] [INFO] Node ID: 2
[2026-09-02T18:51:40.288+00:00][B] [INFO] type: 2
[2026-09-02T18:51:40.289+00:00][B] [INFO] Destination: 0xFF
[2026-09-02T18:51:40.294+00:00][B] [INFO] Sequence: 239
[2026-09-02T18:51:40.294+00:00][B] [INFO] Packet ID: 109
[2026-09-02T18:51:40.299+00:00][B] [INFO] Packet Size: 26
[2026-09-02T18:51:40.299+00:00][B] [INFO] Timestamp: 109 ms
[2026-09-02T18:51:40.304+00:00][B] [INFO] Transmission Result: success
[2026-09-02T18:51:40.305+00:00][B] [INFO] --------------------------------
[2026-09-02T18:51:40.311+00:00][B] [INFO] [Heartbeat #109]
[2026-09-02T18:51:40.311+00:00][B] [INFO] Sent
[2026-09-02T18:51:40.311+00:00][B] [INFO] Waiting ACK...
[2026-09-02T18:51:40.312+00:00][B] [INFO] [WAITING ACK]
[2026-09-02T18:51:40.325+00:00][B] [INFO] [RF TX] type=2 source=0x02 destination=0xFF previousHop=0x02 sequence=239 ackSequence=0 ttl=8 hops=0 payloadSize=13 rssi=0 snr=0.00
[2026-09-02T18:51:40.325+00:00][B] [INFO] Heartbeat packet sent
[2026-09-02T18:51:41.051+00:00][B] [INFO] [RF RX] type=2 source=0x01 destination=0xFF previousHop=0x01 sequence=215 ackSequence=0 ttl=8 hops=0 payloadSize=13 rssi=-61 snr=9.75
[2026-09-02T18:51:41.199+00:00][B] [INFO] --------------------------------
[2026-09-02T18:51:41.199+00:00][B] [INFO] [HEARTBEAT TX]
[2026-09-02T18:51:41.204+00:00][B] [INFO] Node ID: 2
[2026-09-02T18:51:41.204+00:00][B] [INFO] type: 2
[2026-09-02T18:51:41.204+00:00][B] [INFO] Destination: 0xFF
[2026-09-02T18:51:41.209+00:00][B] [INFO] Sequence: 240
[2026-09-02T18:51:41.210+00:00][B] [INFO] Packet ID: 110
[2026-09-02T18:51:41.215+00:00][B] [INFO] Packet Size: 26
[2026-09-02T18:51:41.215+00:00][B] [INFO] Timestamp: 110 ms
[2026-09-02T18:51:41.220+00:00][B] [INFO] Transmission Result: success
[2026-09-02T18:51:41.221+00:00][B] [INFO] --------------------------------
[2026-09-02T18:51:41.226+00:00][B] [INFO] [Heartbeat #110]
[2026-09-02T18:51:41.226+00:00][B] [INFO] Sent
[2026-09-02T18:51:41.227+00:00][B] [INFO] Waiting ACK...
[2026-09-02T18:51:41.227+00:00][B] [INFO] [WAITING ACK]
[2026-09-02T18:51:41.241+00:00][B] [INFO] [RF TX] type=2 source=0x02 destination=0xFF previousHop=0x02 sequence=240 ackSequence=0 ttl=8 hops=0 payloadSize=13 rssi=0 snr=0.00
[2026-09-02T18:51:41.241+00:00][B] [INFO] Heartbeat packet sent
[2026-09-02T18:51:41.972+00:00][B] [INFO] [RF RX] type=2 source=0x01 destination=0xFF previousHop=0x01 sequence=216 ackSequence=0 ttl=8 hops=0 payloadSize=13 rssi=-61 snr=9.50
[2026-09-02T18:51:42.216+00:00][B] [WARN] Retry 1
[2026-09-02T18:51:42.282+00:00][B] [INFO] --------------------------------
[2026-09-02T18:51:42.283+00:00][B] [INFO] [HEARTBEAT TX]
[2026-09-02T18:51:42.288+00:00][B] [INFO] Node ID: 2
[2026-09-02T18:51:42.288+00:00][B] [INFO] type: 2
[2026-09-02T18:51:42.288+00:00][B] [INFO] Destination: 0xFF
[2026-09-02T18:51:42.293+00:00][B] [INFO] Sequence: 240
[2026-09-02T18:51:42.294+00:00][B] [INFO] Packet ID: 110
[2026-09-02T18:51:42.300+00:00][B] [INFO] Packet Size: 26
[2026-09-02T18:51:42.301+00:00][B] [INFO] Timestamp: 110 ms
[2026-09-02T18:51:42.304+00:00][B] [INFO] Transmission Result: success
[2026-09-02T18:51:42.305+00:00][B] [INFO] --------------------------------
[2026-09-02T18:51:42.310+00:00][B] [INFO] [Heartbeat #110]
[2026-09-02T18:51:42.310+00:00][B] [INFO] Sent
[2026-09-02T18:51:42.310+00:00][B] [INFO] Waiting ACK...
[2026-09-02T18:51:42.310+00:00][B] [INFO] [WAITING ACK]
[2026-09-02T18:51:42.325+00:00][B] [INFO] [RF TX] type=2 source=0x02 destination=0xFF previousHop=0x02 sequence=240 ackSequence=0 ttl=8 hops=0 payloadSize=13 rssi=0 snr=0.00
[2026-09-02T18:51:42.325+00:00][B] [INFO] Heartbeat packet sent
[2026-09-02T18:51:43.051+00:00][B] [INFO] [RF RX] type=2 source=0x01 destination=0xFF previousHop=0x01 sequence=216 ackSequence=0 ttl=8 hops=0 payloadSize=13 rssi=-62 snr=9.50
[2026-09-02T18:51:43.198+00:00][B] [INFO] --------------------------------
[2026-09-02T18:51:43.199+00:00][B] [INFO] [HEARTBEAT TX]
[2026-09-02T18:51:43.204+00:00][B] [INFO] Node ID: 2
[2026-09-02T18:51:43.204+00:00][B] [INFO] type: 2
[2026-09-02T18:51:43.204+00:00][B] [INFO] Destination: 0xFF
[2026-09-02T18:51:43.209+00:00][B] [INFO] Sequence: 241
[2026-09-02T18:51:43.210+00:00][B] [INFO] Packet ID: 111
[2026-09-02T18:51:43.215+00:00][B] [INFO] Packet Size: 26
[2026-09-02T18:51:43.215+00:00][B] [INFO] Timestamp: 111 ms
[2026-09-02T18:51:43.220+00:00][B] [INFO] Transmission Result: success
[2026-09-02T18:51:43.221+00:00][B] [INFO] --------------------------------
[2026-09-02T18:51:43.226+00:00][B] [INFO] [Heartbeat #111]
[2026-09-02T18:51:43.226+00:00][B] [INFO] Sent
[2026-09-02T18:51:43.226+00:00][B] [INFO] Waiting ACK...
[2026-09-02T18:51:43.227+00:00][B] [INFO] [WAITING ACK]
[2026-09-02T18:51:43.241+00:00][B] [INFO] [RF TX] type=2 source=0x02 destination=0xFF previousHop=0x02 sequence=241 ackSequence=0 ttl=8 hops=0 payloadSize=13 rssi=0 snr=0.00
[2026-09-02T18:51:43.241+00:00][B] [INFO] Heartbeat packet sent
[2026-09-02T18:51:43.967+00:00][B] [INFO] [RF RX] type=2 source=0x01 destination=0xFF previousHop=0x01 sequence=217 ackSequence=0 ttl=8 hops=0 payloadSize=13 rssi=-61 snr=10.00
[2026-09-02T18:51:44.216+00:00][B] [WARN] Retry 1
[2026-09-02T18:51:44.283+00:00][B] [INFO] --------------------------------
[2026-09-02T18:51:44.283+00:00][B] [INFO] [HEARTBEAT TX]
[2026-09-02T18:51:44.288+00:00][B] [INFO] Node ID: 2
[2026-09-02T18:51:44.288+00:00][B] [INFO] type: 2
[2026-09-02T18:51:44.289+00:00][B] [INFO] Destination: 0xFF
[2026-09-02T18:51:44.293+00:00][B] [INFO] Sequence: 241
[2026-09-02T18:51:44.294+00:00][B] [INFO] Packet ID: 111
[2026-09-02T18:51:44.299+00:00][B] [INFO] Packet Size: 26
[2026-09-02T18:51:44.299+00:00][B] [INFO] Timestamp: 111 ms
[2026-09-02T18:51:44.304+00:00][B] [INFO] Transmission Result: success
[2026-09-02T18:51:44.305+00:00][B] [INFO] --------------------------------
[2026-09-02T18:51:44.310+00:00][B] [INFO] [Heartbeat #111]
[2026-09-02T18:51:44.311+00:00][B] [INFO] Sent
[2026-09-02T18:51:44.311+00:00][B] [INFO] Waiting ACK...
[2026-09-02T18:51:44.312+00:00][B] [INFO] [WAITING ACK]
[2026-09-02T18:51:44.325+00:00][B] [INFO] [RF TX] type=2 source=0x02 destination=0xFF previousHop=0x02 sequence=241 ackSequence=0 ttl=8 hops=0 payloadSize=13 rssi=0 snr=0.00
[2026-09-02T18:51:44.325+00:00][B] [INFO] Heartbeat packet sent
[2026-09-02T18:51:45.051+00:00][B] [INFO] [RF RX] type=2 source=0x01 destination=0xFF previousHop=0x01 sequence=217 ackSequence=0 ttl=8 hops=0 payloadSize=13 rssi=-60 snr=10.00
[2026-09-02T18:51:45.199+00:00][B] [INFO] --------------------------------
[2026-09-02T18:51:45.199+00:00][B] [INFO] [HEARTBEAT TX]
[2026-09-02T18:51:45.204+00:00][B] [INFO] Node ID: 2
[2026-09-02T18:51:45.204+00:00][B] [INFO] type: 2
[2026-09-02T18:51:45.204+00:00][B] [INFO] Destination: 0xFF
[2026-09-02T18:51:45.209+00:00][B] [INFO] Sequence: 242
[2026-09-02T18:51:45.210+00:00][B] [INFO] Packet ID: 112
[2026-09-02T18:51:45.215+00:00][B] [INFO] Packet Size: 26
[2026-09-02T18:51:45.215+00:00][B] [INFO] Timestamp: 112 ms
[2026-09-02T18:51:45.220+00:00][B] [INFO] Transmission Result: success
[2026-09-02T18:51:45.220+00:00][B] [INFO] --------------------------------
[2026-09-02T18:51:45.226+00:00][B] [INFO] [Heartbeat #112]
[2026-09-02T18:51:45.226+00:00][B] [INFO] Sent
[2026-09-02T18:51:45.226+00:00][B] [INFO] Waiting ACK...
[2026-09-02T18:51:45.226+00:00][B] [INFO] [WAITING ACK]
[2026-09-02T18:51:45.240+00:00][B] [INFO] [RF TX] type=2 source=0x02 destination=0xFF previousHop=0x02 sequence=242 ackSequence=0 ttl=8 hops=0 payloadSize=13 rssi=0 snr=0.00
[2026-09-02T18:51:45.241+00:00][B] [INFO] Heartbeat packet sent
[2026-09-02T18:51:45.967+00:00][B] [INFO] [RF RX] type=2 source=0x01 destination=0xFF previousHop=0x01 sequence=218 ackSequence=0 ttl=8 hops=0 payloadSize=13 rssi=-61 snr=10.00
[2026-09-02T18:51:46.216+00:00][B] [WARN] Retry 1
[2026-09-02T18:51:46.282+00:00][B] [INFO] --------------------------------
[2026-09-02T18:51:46.283+00:00][B] [INFO] [HEARTBEAT TX]
[2026-09-02T18:51:46.288+00:00][B] [INFO] Node ID: 2
[2026-09-02T18:51:46.288+00:00][B] [INFO] type: 2
[2026-09-02T18:51:46.288+00:00][B] [INFO] Destination: 0xFF
[2026-09-02T18:51:46.293+00:00][B] [INFO] Sequence: 242
[2026-09-02T18:51:46.293+00:00][B] [INFO] Packet ID: 112
[2026-09-02T18:51:46.299+00:00][B] [INFO] Packet Size: 26
[2026-09-02T18:51:46.299+00:00][B] [INFO] Timestamp: 112 ms
[2026-09-02T18:51:46.304+00:00][B] [INFO] Transmission Result: success
[2026-09-02T18:51:46.305+00:00][B] [INFO] --------------------------------
[2026-09-02T18:51:46.310+00:00][B] [INFO] [Heartbeat #112]
[2026-09-02T18:51:46.310+00:00][B] [INFO] Sent
[2026-09-02T18:51:46.310+00:00][B] [INFO] Waiting ACK...
[2026-09-02T18:51:46.310+00:00][B] [INFO] [WAITING ACK]
[2026-09-02T18:51:46.325+00:00][B] [INFO] [RF TX] type=2 source=0x02 destination=0xFF previousHop=0x02 sequence=242 ackSequence=0 ttl=8 hops=0 payloadSize=13 rssi=0 snr=0.00
[2026-09-02T18:51:46.325+00:00][B] [INFO] Heartbeat packet sent
[2026-09-02T18:51:47.051+00:00][B] [INFO] [RF RX] type=2 source=0x01 destination=0xFF previousHop=0x01 sequence=218 ackSequence=0 ttl=8 hops=0 payloadSize=13 rssi=-60 snr=10.00
[2026-09-02T18:51:47.199+00:00][B] [INFO] --------------------------------
[2026-09-02T18:51:47.199+00:00][B] [INFO] [HEARTBEAT TX]
[2026-09-02T18:51:47.204+00:00][B] [INFO] Node ID: 2
[2026-09-02T18:51:47.204+00:00][B] [INFO] type: 2
[2026-09-02T18:51:47.204+00:00][B] [INFO] Destination: 0xFF
[2026-09-02T18:51:47.209+00:00][B] [INFO] Sequence: 243
[2026-09-02T18:51:47.210+00:00][B] [INFO] Packet ID: 113
[2026-09-02T18:51:47.215+00:00][B] [INFO] Packet Size: 26
[2026-09-02T18:51:47.215+00:00][B] [INFO] Timestamp: 113 ms
[2026-09-02T18:51:47.220+00:00][B] [INFO] Transmission Result: success
[2026-09-02T18:51:47.221+00:00][B] [INFO] --------------------------------
[2026-09-02T18:51:47.226+00:00][B] [INFO] [Heartbeat #113]
[2026-09-02T18:51:47.226+00:00][B] [INFO] Sent
[2026-09-02T18:51:47.226+00:00][B] [INFO] Waiting ACK...
[2026-09-02T18:51:47.227+00:00][B] [INFO] [WAITING ACK]
[2026-09-02T18:51:47.240+00:00][B] [INFO] [RF TX] type=2 source=0x02 destination=0xFF previousHop=0x02 sequence=243 ackSequence=0 ttl=8 hops=0 payloadSize=13 rssi=0 snr=0.00
[2026-09-02T18:51:47.241+00:00][B] [INFO] Heartbeat packet sent
[2026-09-02T18:51:47.967+00:00][B] [INFO] [RF RX] type=2 source=0x01 destination=0xFF previousHop=0x01 sequence=219 ackSequence=0 ttl=8 hops=0 payloadSize=13 rssi=-60 snr=9.75
[2026-09-02T18:51:48.215+00:00][B] [WARN] Retry 1
[2026-09-02T18:51:48.282+00:00][B] [INFO] --------------------------------
[2026-09-02T18:51:48.282+00:00][B] [INFO] [HEARTBEAT TX]
[2026-09-02T18:51:48.288+00:00][B] [INFO] Node ID: 2
[2026-09-02T18:51:48.288+00:00][B] [INFO] type: 2
[2026-09-02T18:51:48.288+00:00][B] [INFO] Destination: 0xFF
[2026-09-02T18:51:48.293+00:00][B] [INFO] Sequence: 243
[2026-09-02T18:51:48.293+00:00][B] [INFO] Packet ID: 113
[2026-09-02T18:51:48.299+00:00][B] [INFO] Packet Size: 26
[2026-09-02T18:51:48.299+00:00][B] [INFO] Timestamp: 113 ms
[2026-09-02T18:51:48.304+00:00][B] [INFO] Transmission Result: success
[2026-09-02T18:51:48.304+00:00][B] [INFO] --------------------------------
[2026-09-02T18:51:48.310+00:00][B] [INFO] [Heartbeat #113]
[2026-09-02T18:51:48.310+00:00][B] [INFO] Sent
[2026-09-02T18:51:48.310+00:00][B] [INFO] Waiting ACK...
[2026-09-02T18:51:48.310+00:00][B] [INFO] [WAITING ACK]
[2026-09-02T18:51:48.324+00:00][B] [INFO] [RF TX] type=2 source=0x02 destination=0xFF previousHop=0x02 sequence=243 ackSequence=0 ttl=8 hops=0 payloadSize=13 rssi=0 snr=0.00
[2026-09-02T18:51:48.325+00:00][B] [INFO] Heartbeat packet sent
[2026-09-02T18:51:49.051+00:00][B] [INFO] [RF RX] type=2 source=0x01 destination=0xFF previousHop=0x01 sequence=219 ackSequence=0 ttl=8 hops=0 payloadSize=13 rssi=-61 snr=10.00
[2026-09-02T18:51:49.198+00:00][B] [INFO] --------------------------------
