[2026-09-02T19:02:50.427+00:00][A] ESP-ROM:esp32s3-20210327
[2026-09-02T19:02:50.435+00:00][A] Build:Mar 27 2021
[2026-09-02T19:02:50.441+00:00][A] rst:0x1 (POWERON),boot:0x8 (SPI_FAST_FLASH_BOOT)
[2026-09-02T19:02:50.441+00:00][A] SPIWP:0xee
[2026-09-02T19:02:50.441+00:00][A] mode:DIO, clock div:1
[2026-09-02T19:02:50.446+00:00][A] load:0x3fce3808,len:0x4bc
[2026-09-02T19:02:50.446+00:00][A] load:0x403c9700,len:0xbd8
[2026-09-02T19:02:50.447+00:00][A] load:0x403cc700,len:0x2a0c
[2026-09-02T19:02:50.447+00:00][A] entry 0x403c98d0
[2026-09-02T19:02:52.538+00:00][A] [INFO] ================================
[2026-09-02T19:02:52.544+00:00][A] [INFO] Jalari BoatNode Firmware
[2026-09-02T19:02:52.544+00:00][A] [INFO] 0.1.0
[2026-09-02T19:02:52.544+00:00][A] [INFO] ================================
[2026-09-02T19:02:52.556+00:00][A] [INFO] LoRa ready
[2026-09-02T19:02:52.623+00:00][A] [INFO] --------------------------------
[2026-09-02T19:02:52.623+00:00][A] [INFO] [HEARTBEAT TX]
[2026-09-02T19:02:52.629+00:00][A] [INFO] Node ID: 1
[2026-09-02T19:02:52.629+00:00][A] [INFO] type: 2
[2026-09-02T19:02:52.629+00:00][A] [INFO] Destination: 0xFF
[2026-09-02T19:02:52.634+00:00][A] [INFO] Sequence: 0
[2026-09-02T19:02:52.634+00:00][A] [INFO] Packet ID: 1
[2026-09-02T19:02:52.634+00:00][A] [INFO] Packet Size: 26
[2026-09-02T19:02:52.640+00:00][A] [INFO] Timestamp: 1 ms
[2026-09-02T19:02:52.640+00:00][A] [INFO] Transmission Result: success
[2026-09-02T19:02:52.645+00:00][A] [INFO] --------------------------------
[2026-09-02T19:02:52.645+00:00][A] [INFO] [Heartbeat #1]
[2026-09-02T19:02:52.651+00:00][A] [INFO] Sent
[2026-09-02T19:02:52.651+00:00][A] [INFO] Waiting ACK...
[2026-09-02T19:02:52.651+00:00][A] [INFO] [WAITING ACK]
[2026-09-02T19:02:52.662+00:00][A] [INFO] [RF TX] type=2 source=0x01 destination=0xFF previousHop=0x01 sequence=0 ackSequence=0 ttl=8 hops=0 payloadSize=13 rssi=0 snr=0.00
[2026-09-02T19:02:52.664+00:00][A] [INFO] Heartbeat packet sent
[2026-09-02T19:02:53.640+00:00][A] [WARN] Retry 1
[2026-09-02T19:02:53.707+00:00][A] [INFO] --------------------------------
[2026-09-02T19:02:53.708+00:00][A] [INFO] [HEARTBEAT TX]
[2026-09-02T19:02:53.712+00:00][A] [INFO] Node ID: 1
[2026-09-02T19:02:53.712+00:00][A] [INFO] type: 2
[2026-09-02T19:02:53.712+00:00][A] [INFO] Destination: 0xFF
[2026-09-02T19:02:53.718+00:00][A] [INFO] Sequence: 0
[2026-09-02T19:02:53.718+00:00][A] [INFO] Packet ID: 1
[2026-09-02T19:02:53.718+00:00][A] [INFO] Packet Size: 26
[2026-09-02T19:02:53.723+00:00][A] [INFO] Timestamp: 1 ms
[2026-09-02T19:02:53.724+00:00][A] [INFO] Transmission Result: success
[2026-09-02T19:02:53.729+00:00][A] [INFO] --------------------------------
[2026-09-02T19:02:53.729+00:00][A] [INFO] [Heartbeat #1]
[2026-09-02T19:02:53.734+00:00][A] [INFO] Sent
[2026-09-02T19:02:53.734+00:00][A] [INFO] Waiting ACK...
[2026-09-02T19:02:53.735+00:00][A] [INFO] [WAITING ACK]
[2026-09-02T19:02:53.746+00:00][A] [INFO] [RF TX] type=2 source=0x01 destination=0xFF previousHop=0x01 sequence=0 ackSequence=0 ttl=8 hops=0 payloadSize=13 rssi=0 snr=0.00
[2026-09-02T19:02:53.748+00:00][A] [INFO] Heartbeat packet sent
[2026-09-02T19:02:54.623+00:00][A] [INFO] --------------------------------
[2026-09-02T19:02:54.623+00:00][A] [INFO] [HEARTBEAT TX]
[2026-09-02T19:02:54.628+00:00][A] [INFO] Node ID: 1
[2026-09-02T19:02:54.628+00:00][A] [INFO] type: 2
[2026-09-02T19:02:54.629+00:00][A] [INFO] Destination: 0xFF
[2026-09-02T19:02:54.633+00:00][A] [INFO] Sequence: 1
[2026-09-02T19:02:54.634+00:00][A] [INFO] Packet ID: 2
[2026-09-02T19:02:54.634+00:00][A] [INFO] Packet Size: 26
[2026-09-02T19:02:54.639+00:00][A] [INFO] Timestamp: 2 ms
[2026-09-02T19:02:54.640+00:00][A] [INFO] Transmission Result: success
[2026-09-02T19:02:54.645+00:00][A] [INFO] --------------------------------
[2026-09-02T19:02:54.645+00:00][A] [INFO] [Heartbeat #2]
[2026-09-02T19:02:54.650+00:00][A] [INFO] Sent
[2026-09-02T19:02:54.651+00:00][A] [INFO] Waiting ACK...
[2026-09-02T19:02:54.651+00:00][A] [INFO] [WAITING ACK]
[2026-09-02T19:02:54.662+00:00][A] [INFO] [RF TX] type=2 source=0x01 destination=0xFF previousHop=0x01 sequence=1 ackSequence=0 ttl=8 hops=0 payloadSize=13 rssi=0 snr=0.00
[2026-09-02T19:02:54.664+00:00][A] [INFO] Heartbeat packet sent
[2026-09-02T19:02:55.503+00:00][A] [INFO] [RF RX] type=1 source=0x02 destination=0x01 previousHop=0x02 sequence=2 ackSequence=0 ttl=8 hops=0 payloadSize=4 rssi=-60 snr=10.00
[2026-09-02T19:02:55.561+00:00][A] [INFO] [RF TX] type=3 source=0x01 destination=0x02 previousHop=0x01 sequence=2 ackSequence=2 ttl=8 hops=0 payloadSize=2 rssi=0 snr=0.00
[2026-09-02T19:02:55.627+00:00][A] [INFO] [RF RX] type=1 source=0x02 destination=0x01 previousHop=0x02 sequence=3 ackSequence=0 ttl=8 hops=0 payloadSize=4 rssi=-60 snr=9.50
[2026-09-02T19:02:55.686+00:00][A] [INFO] [RF TX] type=3 source=0x01 destination=0x02 previousHop=0x01 sequence=3 ackSequence=3 ttl=8 hops=0 payloadSize=2 rssi=0 snr=0.00
[2026-09-02T19:02:55.686+00:00][A] [WARN] Retry 1
[2026-09-02T19:02:55.752+00:00][A] [INFO] --------------------------------
[2026-09-02T19:02:55.752+00:00][A] [INFO] [HEARTBEAT TX]
[2026-09-02T19:02:55.757+00:00][A] [INFO] Node ID: 1
[2026-09-02T19:02:55.757+00:00][A] [INFO] type: 2
[2026-09-02T19:02:55.758+00:00][A] [INFO] Destination: 0xFF
[2026-09-02T19:02:55.763+00:00][A] [INFO] Sequence: 1
[2026-09-02T19:02:55.763+00:00][A] [INFO] Packet ID: 2
[2026-09-02T19:02:55.763+00:00][A] [INFO] Packet Size: 26
[2026-09-02T19:02:55.768+00:00][A] [INFO] Timestamp: 2 ms
[2026-09-02T19:02:55.769+00:00][A] [INFO] Transmission Result: success
[2026-09-02T19:02:55.774+00:00][A] [INFO] --------------------------------
[2026-09-02T19:02:55.775+00:00][A] [INFO] [Heartbeat #2]
[2026-09-02T19:02:55.779+00:00][A] [INFO] Sent
[2026-09-02T19:02:55.779+00:00][A] [INFO] Waiting ACK...
[2026-09-02T19:02:55.780+00:00][A] [INFO] [WAITING ACK]
[2026-09-02T19:02:55.791+00:00][A] [INFO] [RF TX] type=2 source=0x01 destination=0xFF previousHop=0x01 sequence=1 ackSequence=0 ttl=8 hops=0 payloadSize=13 rssi=0 snr=0.00
[2026-09-02T19:02:55.793+00:00][A] [INFO] Heartbeat packet sent
[2026-09-02T19:02:56.623+00:00][A] [INFO] --------------------------------
[2026-09-02T19:02:56.623+00:00][A] [INFO] [HEARTBEAT TX]
[2026-09-02T19:02:56.629+00:00][A] [INFO] Node ID: 1
[2026-09-02T19:02:56.629+00:00][A] [INFO] type: 2
[2026-09-02T19:02:56.629+00:00][A] [INFO] Destination: 0xFF
[2026-09-02T19:02:56.633+00:00][A] [INFO] Sequence: 4
[2026-09-02T19:02:56.634+00:00][A] [INFO] Packet ID: 3
[2026-09-02T19:02:56.634+00:00][A] [INFO] Packet Size: 26
[2026-09-02T19:02:56.639+00:00][A] [INFO] Timestamp: 3 ms
[2026-09-02T19:02:56.639+00:00][A] [INFO] Transmission Result: success
[2026-09-02T19:02:56.645+00:00][A] [INFO] --------------------------------
[2026-09-02T19:02:56.645+00:00][A] [INFO] [Heartbeat #3]
[2026-09-02T19:02:56.650+00:00][A] [INFO] Sent
[2026-09-02T19:02:56.650+00:00][A] [INFO] Waiting ACK...
[2026-09-02T19:02:56.651+00:00][A] [INFO] [WAITING ACK]
[2026-09-02T19:02:56.662+00:00][A] [INFO] [RF TX] type=2 source=0x01 destination=0xFF previousHop=0x01 sequence=4 ackSequence=0 ttl=8 hops=0 payloadSize=13 rssi=0 snr=0.00
[2026-09-02T19:02:56.664+00:00][A] [INFO] Heartbeat packet sent
[2026-09-02T19:02:56.771+00:00][A] [INFO] [RF TX] type=3 source=0x01 destination=0x02 previousHop=0x01 sequence=5 ackSequence=3 ttl=8 hops=0 payloadSize=2 rssi=0 snr=0.00
[2026-09-02T19:02:57.640+00:00][A] [WARN] Retry 1
[2026-09-02T19:02:57.707+00:00][A] [INFO] --------------------------------
[2026-09-02T19:02:57.708+00:00][A] [INFO] [HEARTBEAT TX]
[2026-09-02T19:02:57.712+00:00][A] [INFO] Node ID: 1
[2026-09-02T19:02:57.712+00:00][A] [INFO] type: 2
[2026-09-02T19:02:57.712+00:00][A] [INFO] Destination: 0xFF
[2026-09-02T19:02:57.717+00:00][A] [INFO] Sequence: 4
[2026-09-02T19:02:57.718+00:00][A] [INFO] Packet ID: 3
[2026-09-02T19:02:57.718+00:00][A] [INFO] Packet Size: 26
[2026-09-02T19:02:57.723+00:00][A] [INFO] Timestamp: 3 ms
[2026-09-02T19:02:57.724+00:00][A] [INFO] Transmission Result: success
[2026-09-02T19:02:57.729+00:00][A] [INFO] --------------------------------
[2026-09-02T19:02:57.729+00:00][A] [INFO] [Heartbeat #3]
[2026-09-02T19:02:57.734+00:00][A] [INFO] Sent
[2026-09-02T19:02:57.734+00:00][A] [INFO] Waiting ACK...
[2026-09-02T19:02:57.735+00:00][A] [INFO] [WAITING ACK]
[2026-09-02T19:02:57.746+00:00][A] [INFO] [RF TX] type=2 source=0x01 destination=0xFF previousHop=0x01 sequence=4 ackSequence=0 ttl=8 hops=0 payloadSize=13 rssi=0 snr=0.00
[2026-09-02T19:02:57.748+00:00][A] [INFO] Heartbeat packet sent
[2026-09-02T19:02:57.855+00:00][A] [INFO] [RF TX] type=3 source=0x01 destination=0x02 previousHop=0x01 sequence=6 ackSequence=3 ttl=8 hops=0 payloadSize=2 rssi=0 snr=0.00
[2026-09-02T19:02:58.623+00:00][A] [INFO] --------------------------------
[2026-09-02T19:02:58.623+00:00][A] [INFO] [HEARTBEAT TX]
[2026-09-02T19:02:58.628+00:00][A] [INFO] Node ID: 1
[2026-09-02T19:02:58.628+00:00][A] [INFO] type: 2
[2026-09-02T19:02:58.628+00:00][A] [INFO] Destination: 0xFF
[2026-09-02T19:02:58.634+00:00][A] [INFO] Sequence: 7
[2026-09-02T19:02:58.634+00:00][A] [INFO] Packet ID: 4
[2026-09-02T19:02:58.635+00:00][A] [INFO] Packet Size: 26
[2026-09-02T19:02:58.639+00:00][A] [INFO] Timestamp: 4 ms
[2026-09-02T19:02:58.639+00:00][A] [INFO] Transmission Result: success
[2026-09-02T19:02:58.645+00:00][A] [INFO] --------------------------------
[2026-09-02T19:02:58.645+00:00][A] [INFO] [Heartbeat #4]
[2026-09-02T19:02:58.650+00:00][A] [INFO] Sent
[2026-09-02T19:02:58.650+00:00][A] [INFO] Waiting ACK...
[2026-09-02T19:02:58.651+00:00][A] [INFO] [WAITING ACK]
[2026-09-02T19:02:58.662+00:00][A] [INFO] [RF TX] type=2 source=0x01 destination=0xFF previousHop=0x01 sequence=7 ackSequence=0 ttl=8 hops=0 payloadSize=13 rssi=0 snr=0.00
[2026-09-02T19:02:58.664+00:00][A] [INFO] Heartbeat packet sent
[2026-09-02T19:02:58.917+00:00][A] [INFO] [RF TX] type=3 source=0x01 destination=0x02 previousHop=0x01 sequence=8 ackSequence=3 ttl=8 hops=0 payloadSize=2 rssi=0 snr=0.00
[2026-09-02T19:02:59.640+00:00][A] [WARN] Retry 1
[2026-09-02T19:02:59.707+00:00][A] [INFO] --------------------------------
[2026-09-02T19:02:59.708+00:00][A] [INFO] [HEARTBEAT TX]
[2026-09-02T19:02:59.712+00:00][A] [INFO] Node ID: 1
[2026-09-02T19:02:59.712+00:00][A] [INFO] type: 2
[2026-09-02T19:02:59.712+00:00][A] [INFO] Destination: 0xFF
[2026-09-02T19:02:59.717+00:00][A] [INFO] Sequence: 7
[2026-09-02T19:02:59.718+00:00][A] [INFO] Packet ID: 4
[2026-09-02T19:02:59.718+00:00][A] [INFO] Packet Size: 26
[2026-09-02T19:02:59.723+00:00][A] [INFO] Timestamp: 4 ms
[2026-09-02T19:02:59.723+00:00][A] [INFO] Transmission Result: success
[2026-09-02T19:02:59.729+00:00][A] [INFO] --------------------------------
[2026-09-02T19:02:59.729+00:00][A] [INFO] [Heartbeat #4]
[2026-09-02T19:02:59.734+00:00][A] [INFO] Sent
[2026-09-02T19:02:59.734+00:00][A] [INFO] Waiting ACK...
[2026-09-02T19:02:59.734+00:00][A] [INFO] [WAITING ACK]
[2026-09-02T19:02:59.745+00:00][A] [INFO] [RF TX] type=2 source=0x01 destination=0xFF previousHop=0x01 sequence=7 ackSequence=0 ttl=8 hops=0 payloadSize=13 rssi=0 snr=0.00
[2026-09-02T19:02:59.748+00:00][A] [INFO] Heartbeat packet sent
[2026-09-02T19:02:59.933+00:00][A] [INFO] [RF RX] type=1 source=0x02 destination=0x01 previousHop=0x02 sequence=6 ackSequence=0 ttl=8 hops=0 payloadSize=4 rssi=-59 snr=10.25
[2026-09-02T19:02:59.990+00:00][A] [INFO] [RF TX] type=3 source=0x01 destination=0x02 previousHop=0x01 sequence=9 ackSequence=6 ttl=8 hops=0 payloadSize=2 rssi=0 snr=0.00
[2026-09-02T19:03:00.056+00:00][A] [INFO] [RF RX] type=1 source=0x02 destination=0x01 previousHop=0x02 sequence=7 ackSequence=0 ttl=8 hops=0 payloadSize=4 rssi=-60 snr=9.50
[2026-09-02T19:03:00.114+00:00][A] [INFO] [RF TX] type=3 source=0x01 destination=0x02 previousHop=0x01 sequence=10 ackSequence=7 ttl=8 hops=0 payloadSize=2 rssi=0 snr=0.00
[2026-09-02T19:03:00.180+00:00][A] [INFO] [RF RX] type=1 source=0x02 destination=0x01 previousHop=0x02 sequence=8 ackSequence=0 ttl=8 hops=0 payloadSize=4 rssi=-60 snr=10.25
[2026-09-02T19:03:00.238+00:00][A] [INFO] [RF TX] type=3 source=0x01 destination=0x02 previousHop=0x01 sequence=11 ackSequence=8 ttl=8 hops=0 payloadSize=2 rssi=0 snr=0.00
[2026-09-02T19:03:00.304+00:00][A] [INFO] [RF RX] type=1 source=0x02 destination=0x01 previousHop=0x02 sequence=9 ackSequence=0 ttl=8 hops=0 payloadSize=4 rssi=-60 snr=9.75
[2026-09-02T19:03:00.361+00:00][A] [INFO] [RF TX] type=3 source=0x01 destination=0x02 previousHop=0x01 sequence=12 ackSequence=9 ttl=8 hops=0 payloadSize=2 rssi=0 snr=0.00
[2026-09-02T19:03:00.428+00:00][A] [INFO] [RF RX] type=1 source=0x02 destination=0x01 previousHop=0x02 sequence=10 ackSequence=0 ttl=8 hops=0 payloadSize=4 rssi=-60 snr=9.50
[2026-09-02T19:03:00.485+00:00][A] [INFO] [RF TX] type=3 source=0x01 destination=0x02 previousHop=0x01 sequence=13 ackSequence=10 ttl=8 hops=0 payloadSize=2 rssi=0 snr=0.00
[2026-09-02T19:03:00.552+00:00][A] [INFO] [RF RX] type=1 source=0x02 destination=0x01 previousHop=0x02 sequence=11 ackSequence=0 ttl=8 hops=0 payloadSize=4 rssi=-60 snr=9.25
[2026-09-02T19:03:00.609+00:00][A] [INFO] [RF TX] type=3 source=0x01 destination=0x02 previousHop=0x01 sequence=14 ackSequence=11 ttl=8 hops=0 payloadSize=2 rssi=0 snr=0.00
[2026-09-02T19:03:00.676+00:00][A] [INFO] --------------------------------
[2026-09-02T19:03:00.677+00:00][A] [INFO] [HEARTBEAT TX]
[2026-09-02T19:03:00.682+00:00][A] [INFO] Node ID: 1
[2026-09-02T19:03:00.682+00:00][A] [INFO] type: 2
[2026-09-02T19:03:00.682+00:00][A] [INFO] Destination: 0xFF
[2026-09-02T19:03:00.687+00:00][A] [INFO] Sequence: 15
[2026-09-02T19:03:00.688+00:00][A] [INFO] Packet ID: 5
[2026-09-02T19:03:00.688+00:00][A] [INFO] Packet Size: 26
[2026-09-02T19:03:00.693+00:00][A] [INFO] Timestamp: 5 ms
[2026-09-02T19:03:00.693+00:00][A] [INFO] Transmission Result: success
[2026-09-02T19:03:00.698+00:00][A] [INFO] --------------------------------
[2026-09-02T19:03:00.699+00:00][A] [INFO] [Heartbeat #5]
[2026-09-02T19:03:00.704+00:00][A] [INFO] Sent
[2026-09-02T19:03:00.704+00:00][A] [INFO] Waiting ACK...
[2026-09-02T19:03:00.704+00:00][A] [INFO] [WAITING ACK]
[2026-09-02T19:03:00.718+00:00][A] [INFO] [RF TX] type=2 source=0x01 destination=0xFF previousHop=0x01 sequence=15 ackSequence=0 ttl=8 hops=0 payloadSize=13 rssi=0 snr=0.00
[2026-09-02T19:03:00.718+00:00][A] [INFO] Heartbeat packet sent
[2026-09-02T19:03:01.661+00:00][A] [INFO] [RF TX] type=3 source=0x01 destination=0x02 previousHop=0x01 sequence=16 ackSequence=11 ttl=8 hops=0 payloadSize=2 rssi=0 snr=0.00
[2026-09-02T19:03:01.693+00:00][A] [WARN] Retry 1
[2026-09-02T19:03:01.760+00:00][A] [INFO] --------------------------------
[2026-09-02T19:03:01.760+00:00][A] [INFO] [HEARTBEAT TX]
[2026-09-02T19:03:01.765+00:00][A] [INFO] Node ID: 1
[2026-09-02T19:03:01.765+00:00][A] [INFO] type: 2
[2026-09-02T19:03:01.765+00:00][A] [INFO] Destination: 0xFF
[2026-09-02T19:03:01.770+00:00][A] [INFO] Sequence: 15
[2026-09-02T19:03:01.771+00:00][A] [INFO] Packet ID: 5
[2026-09-02T19:03:01.771+00:00][A] [INFO] Packet Size: 26
[2026-09-02T19:03:01.776+00:00][A] [INFO] Timestamp: 5 ms
[2026-09-02T19:03:01.777+00:00][A] [INFO] Transmission Result: success
[2026-09-02T19:03:01.782+00:00][A] [INFO] --------------------------------
[2026-09-02T19:03:01.782+00:00][A] [INFO] [Heartbeat #5]
[2026-09-02T19:03:01.787+00:00][A] [INFO] Sent
[2026-09-02T19:03:01.788+00:00][A] [INFO] Waiting ACK...
[2026-09-02T19:03:01.788+00:00][A] [INFO] [WAITING ACK]
[2026-09-02T19:03:01.801+00:00][A] [INFO] [RF TX] type=2 source=0x01 destination=0xFF previousHop=0x01 sequence=15 ackSequence=0 ttl=8 hops=0 payloadSize=13 rssi=0 snr=0.00
[2026-09-02T19:03:01.801+00:00][A] [INFO] Heartbeat packet sent
[2026-09-02T19:03:02.675+00:00][A] [INFO] --------------------------------
[2026-09-02T19:03:02.676+00:00][A] [INFO] [HEARTBEAT TX]
[2026-09-02T19:03:02.681+00:00][A] [INFO] Node ID: 1
[2026-09-02T19:03:02.681+00:00][A] [INFO] type: 2
[2026-09-02T19:03:02.681+00:00][A] [INFO] Destination: 0xFF
[2026-09-02T19:03:02.686+00:00][A] [INFO] Sequence: 17
[2026-09-02T19:03:02.687+00:00][A] [INFO] Packet ID: 6
[2026-09-02T19:03:02.687+00:00][A] [INFO] Packet Size: 26
[2026-09-02T19:03:02.692+00:00][A] [INFO] Timestamp: 6 ms
[2026-09-02T19:03:02.692+00:00][A] [INFO] Transmission Result: success
[2026-09-02T19:03:02.698+00:00][A] [INFO] --------------------------------
[2026-09-02T19:03:02.698+00:00][A] [INFO] [Heartbeat #6]
[2026-09-02T19:03:02.703+00:00][A] [INFO] Sent
[2026-09-02T19:03:02.704+00:00][A] [INFO] Waiting ACK...
[2026-09-02T19:03:02.704+00:00][A] [INFO] [WAITING ACK]
[2026-09-02T19:03:02.717+00:00][A] [INFO] [RF TX] type=2 source=0x01 destination=0xFF previousHop=0x01 sequence=17 ackSequence=0 ttl=8 hops=0 payloadSize=13 rssi=0 snr=0.00
[2026-09-02T19:03:02.717+00:00][A] [INFO] Heartbeat packet sent
[2026-09-02T19:03:03.693+00:00][A] [WARN] Retry 1
[2026-09-02T19:03:03.760+00:00][A] [INFO] --------------------------------
[2026-09-02T19:03:03.760+00:00][A] [INFO] [HEARTBEAT TX]
[2026-09-02T19:03:03.765+00:00][A] [INFO] Node ID: 1
[2026-09-02T19:03:03.765+00:00][A] [INFO] type: 2
[2026-09-02T19:03:03.765+00:00][A] [INFO] Destination: 0xFF
[2026-09-02T19:03:03.770+00:00][A] [INFO] Sequence: 17
[2026-09-02T19:03:03.771+00:00][A] [INFO] Packet ID: 6
[2026-09-02T19:03:03.771+00:00][A] [INFO] Packet Size: 26
[2026-09-02T19:03:03.776+00:00][A] [INFO] Timestamp: 6 ms
[2026-09-02T19:03:03.777+00:00][A] [INFO] Transmission Result: success
[2026-09-02T19:03:03.782+00:00][A] [INFO] --------------------------------
[2026-09-02T19:03:03.782+00:00][A] [INFO] [Heartbeat #6]
[2026-09-02T19:03:03.787+00:00][A] [INFO] Sent
[2026-09-02T19:03:03.788+00:00][A] [INFO] Waiting ACK...
[2026-09-02T19:03:03.788+00:00][A] [INFO] [WAITING ACK]
[2026-09-02T19:03:03.801+00:00][A] [INFO] [RF TX] type=2 source=0x01 destination=0xFF previousHop=0x01 sequence=17 ackSequence=0 ttl=8 hops=0 payloadSize=13 rssi=0 snr=0.00
[2026-09-02T19:03:03.801+00:00][A] [INFO] Heartbeat packet sent
[2026-09-02T19:03:04.675+00:00][A] [INFO] --------------------------------
[2026-09-02T19:03:04.676+00:00][A] [INFO] [HEARTBEAT TX]
[2026-09-02T19:03:04.681+00:00][A] [INFO] Node ID: 1
[2026-09-02T19:03:04.681+00:00][A] [INFO] type: 2
[2026-09-02T19:03:04.681+00:00][A] [INFO] Destination: 0xFF
[2026-09-02T19:03:04.687+00:00][A] [INFO] Sequence: 18
[2026-09-02T19:03:04.687+00:00][A] [INFO] Packet ID: 7
[2026-09-02T19:03:04.687+00:00][A] [INFO] Packet Size: 26
[2026-09-02T19:03:04.692+00:00][A] [INFO] Timestamp: 7 ms
[2026-09-02T19:03:04.693+00:00][A] [INFO] Transmission Result: success
[2026-09-02T19:03:04.698+00:00][A] [INFO] --------------------------------
[2026-09-02T19:03:04.698+00:00][A] [INFO] [Heartbeat #7]
[2026-09-02T19:03:04.703+00:00][A] [INFO] Sent
[2026-09-02T19:03:04.704+00:00][A] [INFO] Waiting ACK...
[2026-09-02T19:03:04.704+00:00][A] [INFO] [WAITING ACK]
[2026-09-02T19:03:04.717+00:00][A] [INFO] [RF TX] type=2 source=0x01 destination=0xFF previousHop=0x01 sequence=18 ackSequence=0 ttl=8 hops=0 payloadSize=13 rssi=0 snr=0.00
[2026-09-02T19:03:04.717+00:00][A] [INFO] Heartbeat packet sent
[2026-09-02T19:03:04.871+00:00][A] [INFO] [RF RX] type=1 source=0x02 destination=0x01 previousHop=0x02 sequence=15 ackSequence=0 ttl=8 hops=0 payloadSize=4 rssi=-59 snr=10.50
[2026-09-02T19:03:04.928+00:00][A] [INFO] [RF TX] type=3 source=0x01 destination=0x02 previousHop=0x01 sequence=19 ackSequence=15 ttl=8 hops=0 payloadSize=2 rssi=0 snr=0.00
[2026-09-02T19:03:04.995+00:00][A] [INFO] [RF RX] type=1 source=0x02 destination=0x01 previousHop=0x02 sequence=16 ackSequence=0 ttl=8 hops=0 payloadSize=4 rssi=-60 snr=9.50
[2026-09-02T19:03:05.052+00:00][A] [INFO] [RF TX] type=3 source=0x01 destination=0x02 previousHop=0x01 sequence=20 ackSequence=16 ttl=8 hops=0 payloadSize=2 rssi=0 snr=0.00
[2026-09-02T19:03:05.118+00:00][A] [INFO] [RF RX] type=1 source=0x02 destination=0x01 previousHop=0x02 sequence=17 ackSequence=0 ttl=8 hops=0 payloadSize=4 rssi=-60 snr=9.75
[2026-09-02T19:03:05.176+00:00][A] [INFO] [RF TX] type=3 source=0x01 destination=0x02 previousHop=0x01 sequence=21 ackSequence=17 ttl=8 hops=0 payloadSize=2 rssi=0 snr=0.00
[2026-09-02T19:03:05.242+00:00][A] [INFO] [RF RX] type=1 source=0x02 destination=0x01 previousHop=0x02 sequence=18 ackSequence=0 ttl=8 hops=0 payloadSize=4 rssi=-60 snr=9.75
[2026-09-02T19:03:05.300+00:00][A] [INFO] [RF TX] type=3 source=0x01 destination=0x02 previousHop=0x01 sequence=22 ackSequence=18 ttl=8 hops=0 payloadSize=2 rssi=0 snr=0.00
[2026-09-02T19:03:05.366+00:00][A] [INFO] [RF RX] type=1 source=0x02 destination=0x01 previousHop=0x02 sequence=19 ackSequence=0 ttl=8 hops=0 payloadSize=4 rssi=-60 snr=9.75
[2026-09-02T19:03:05.423+00:00][A] [INFO] [RF TX] type=3 source=0x01 destination=0x02 previousHop=0x01 sequence=23 ackSequence=19 ttl=8 hops=0 payloadSize=2 rssi=0 snr=0.00
[2026-09-02T19:03:05.489+00:00][A] [INFO] [RF RX] type=1 source=0x02 destination=0x01 previousHop=0x02 sequence=20 ackSequence=0 ttl=8 hops=0 payloadSize=4 rssi=-60 snr=9.50
[2026-09-02T19:03:05.547+00:00][A] [INFO] [RF TX] type=3 source=0x01 destination=0x02 previousHop=0x01 sequence=24 ackSequence=20 ttl=8 hops=0 payloadSize=2 rssi=0 snr=0.00
[2026-09-02T19:03:05.613+00:00][A] [INFO] [RF RX] type=1 source=0x02 destination=0x01 previousHop=0x02 sequence=21 ackSequence=0 ttl=8 hops=0 payloadSize=4 rssi=-59 snr=9.50
[2026-09-02T19:03:05.671+00:00][A] [INFO] [RF TX] type=3 source=0x01 destination=0x02 previousHop=0x01 sequence=25 ackSequence=21 ttl=8 hops=0 payloadSize=2 rssi=0 snr=0.00
[2026-09-02T19:03:05.693+00:00][A] [WARN] Retry 1
[2026-09-02T19:03:05.760+00:00][A] [INFO] --------------------------------
[2026-09-02T19:03:05.760+00:00][A] [INFO] [HEARTBEAT TX]
[2026-09-02T19:03:05.765+00:00][A] [INFO] Node ID: 1
[2026-09-02T19:03:05.765+00:00][A] [INFO] type: 2
[2026-09-02T19:03:05.766+00:00][A] [INFO] Destination: 0xFF
[2026-09-02T19:03:05.770+00:00][A] [INFO] Sequence: 18
[2026-09-02T19:03:05.771+00:00][A] [INFO] Packet ID: 7
[2026-09-02T19:03:05.771+00:00][A] [INFO] Packet Size: 26
[2026-09-02T19:03:05.776+00:00][A] [INFO] Timestamp: 7 ms
[2026-09-02T19:03:05.777+00:00][A] [INFO] Transmission Result: success
[2026-09-02T19:03:05.782+00:00][A] [INFO] --------------------------------
[2026-09-02T19:03:05.782+00:00][A] [INFO] [Heartbeat #7]
[2026-09-02T19:03:05.787+00:00][A] [INFO] Sent
[2026-09-02T19:03:05.787+00:00][A] [INFO] Waiting ACK...
[2026-09-02T19:03:05.788+00:00][A] [INFO] [WAITING ACK]
[2026-09-02T19:03:05.801+00:00][A] [INFO] [RF TX] type=2 source=0x01 destination=0xFF previousHop=0x01 sequence=18 ackSequence=0 ttl=8 hops=0 payloadSize=13 rssi=0 snr=0.00
[2026-09-02T19:03:05.801+00:00][A] [INFO] Heartbeat packet sent
[2026-09-02T19:03:06.676+00:00][A] [INFO] --------------------------------
[2026-09-02T19:03:06.676+00:00][A] [INFO] [HEARTBEAT TX]
[2026-09-02T19:03:06.681+00:00][A] [INFO] Node ID: 1
[2026-09-02T19:03:06.681+00:00][A] [INFO] type: 2
[2026-09-02T19:03:06.681+00:00][A] [INFO] Destination: 0xFF
[2026-09-02T19:03:06.687+00:00][A] [INFO] Sequence: 26
[2026-09-02T19:03:06.687+00:00][A] [INFO] Packet ID: 8
[2026-09-02T19:03:06.687+00:00][A] [INFO] Packet Size: 26
[2026-09-02T19:03:06.692+00:00][A] [INFO] Timestamp: 8 ms
[2026-09-02T19:03:06.692+00:00][A] [INFO] Transmission Result: success
[2026-09-02T19:03:06.698+00:00][A] [INFO] --------------------------------
[2026-09-02T19:03:06.698+00:00][A] [INFO] [Heartbeat #8]
[2026-09-02T19:03:06.703+00:00][A] [INFO] Sent
[2026-09-02T19:03:06.704+00:00][A] [INFO] Waiting ACK...
[2026-09-02T19:03:06.704+00:00][A] [INFO] [WAITING ACK]
[2026-09-02T19:03:06.717+00:00][A] [INFO] [RF TX] type=2 source=0x01 destination=0xFF previousHop=0x01 sequence=26 ackSequence=0 ttl=8 hops=0 payloadSize=13 rssi=0 snr=0.00
[2026-09-02T19:03:06.717+00:00][A] [INFO] Heartbeat packet sent
[2026-09-02T19:03:07.693+00:00][A] [WARN] Retry 1
[2026-09-02T19:03:07.760+00:00][A] [INFO] --------------------------------
[2026-09-02T19:03:07.760+00:00][A] [INFO] [HEARTBEAT TX]
[2026-09-02T19:03:07.765+00:00][A] [INFO] Node ID: 1
[2026-09-02T19:03:07.765+00:00][A] [INFO] type: 2
[2026-09-02T19:03:07.766+00:00][A] [INFO] Destination: 0xFF
[2026-09-02T19:03:07.770+00:00][A] [INFO] Sequence: 26
[2026-09-02T19:03:07.771+00:00][A] [INFO] Packet ID: 8
[2026-09-02T19:03:07.771+00:00][A] [INFO] Packet Size: 26
[2026-09-02T19:03:07.776+00:00][A] [INFO] Timestamp: 8 ms
[2026-09-02T19:03:07.776+00:00][A] [INFO] Transmission Result: success
[2026-09-02T19:03:07.782+00:00][A] [INFO] --------------------------------
[2026-09-02T19:03:07.782+00:00][A] [INFO] [Heartbeat #8]
[2026-09-02T19:03:07.787+00:00][A] [INFO] Sent
[2026-09-02T19:03:07.787+00:00][A] [INFO] Waiting ACK...
[2026-09-02T19:03:07.788+00:00][A] [INFO] [WAITING ACK]
[2026-09-02T19:03:07.801+00:00][A] [INFO] [RF TX] type=2 source=0x01 destination=0xFF previousHop=0x01 sequence=26 ackSequence=0 ttl=8 hops=0 payloadSize=13 rssi=0 snr=0.00
[2026-09-02T19:03:07.801+00:00][A] [INFO] Heartbeat packet sent
[2026-09-02T19:03:08.675+00:00][A] [INFO] --------------------------------
[2026-09-02T19:03:08.676+00:00][A] [INFO] [HEARTBEAT TX]
[2026-09-02T19:03:08.681+00:00][A] [INFO] Node ID: 1
[2026-09-02T19:03:08.681+00:00][A] [INFO] type: 2
[2026-09-02T19:03:08.681+00:00][A] [INFO] Destination: 0xFF
[2026-09-02T19:03:08.686+00:00][A] [INFO] Sequence: 27
[2026-09-02T19:03:08.686+00:00][A] [INFO] Packet ID: 9
[2026-09-02T19:03:08.687+00:00][A] [INFO] Packet Size: 26
[2026-09-02T19:03:08.692+00:00][A] [INFO] Timestamp: 9 ms
[2026-09-02T19:03:08.693+00:00][A] [INFO] Transmission Result: success
[2026-09-02T19:03:08.698+00:00][A] [INFO] --------------------------------
[2026-09-02T19:03:08.698+00:00][A] [INFO] [Heartbeat #9]
[2026-09-02T19:03:08.703+00:00][A] [INFO] Sent
[2026-09-02T19:03:08.703+00:00][A] [INFO] Waiting ACK...
[2026-09-02T19:03:08.704+00:00][A] [INFO] [WAITING ACK]
[2026-09-02T19:03:08.717+00:00][A] [INFO] [RF TX] type=2 source=0x01 destination=0xFF previousHop=0x01 sequence=27 ackSequence=0 ttl=8 hops=0 payloadSize=13 rssi=0 snr=0.00
[2026-09-02T19:03:08.717+00:00][A] [INFO] Heartbeat packet sent
[2026-09-02T19:03:08.917+00:00][A] [INFO] [RF TX] type=3 source=0x01 destination=0x02 previousHop=0x01 sequence=28 ackSequence=21 ttl=8 hops=0 payloadSize=2 rssi=0 snr=0.00
[2026-09-02T19:03:09.693+00:00][A] [WARN] Retry 1
[2026-09-02T19:03:09.760+00:00][A] [INFO] --------------------------------
[2026-09-02T19:03:09.760+00:00][A] [INFO] [HEARTBEAT TX]
[2026-09-02T19:03:09.765+00:00][A] [INFO] Node ID: 1
[2026-09-02T19:03:09.765+00:00][A] [INFO] type: 2
[2026-09-02T19:03:09.766+00:00][A] [INFO] Destination: 0xFF
[2026-09-02T19:03:09.770+00:00][A] [INFO] Sequence: 27
[2026-09-02T19:03:09.771+00:00][A] [INFO] Packet ID: 9
[2026-09-02T19:03:09.771+00:00][A] [INFO] Packet Size: 26
[2026-09-02T19:03:09.776+00:00][A] [INFO] Timestamp: 9 ms
[2026-09-02T19:03:09.776+00:00][A] [INFO] Transmission Result: success
[2026-09-02T19:03:09.782+00:00][A] [INFO] --------------------------------
[2026-09-02T19:03:09.782+00:00][A] [INFO] [Heartbeat #9]
[2026-09-02T19:03:09.787+00:00][A] [INFO] Sent
[2026-09-02T19:03:09.787+00:00][A] [INFO] Waiting ACK...
[2026-09-02T19:03:09.788+00:00][A] [INFO] [WAITING ACK]
[2026-09-02T19:03:09.801+00:00][A] [INFO] [RF TX] type=2 source=0x01 destination=0xFF previousHop=0x01 sequence=27 ackSequence=0 ttl=8 hops=0 payloadSize=13 rssi=0 snr=0.00
[2026-09-02T19:03:09.801+00:00][A] [INFO] Heartbeat packet sent
[2026-09-02T19:03:09.932+00:00][A] [INFO] [RF RX] type=1 source=0x02 destination=0x01 previousHop=0x02 sequence=24 ackSequence=0 ttl=8 hops=0 payloadSize=4 rssi=-59 snr=9.75
[2026-09-02T19:03:09.990+00:00][A] [INFO] [RF TX] type=3 source=0x01 destination=0x02 previousHop=0x01 sequence=29 ackSequence=24 ttl=8 hops=0 payloadSize=2 rssi=0 snr=0.00
[2026-09-02T19:03:10.056+00:00][A] [INFO] [RF RX] type=1 source=0x02 destination=0x01 previousHop=0x02 sequence=25 ackSequence=0 ttl=8 hops=0 payloadSize=4 rssi=-59 snr=9.75
[2026-09-02T19:03:10.114+00:00][A] [INFO] [RF TX] type=3 source=0x01 destination=0x02 previousHop=0x01 sequence=30 ackSequence=25 ttl=8 hops=0 payloadSize=2 rssi=0 snr=0.00
[2026-09-02T19:03:10.180+00:00][A] [INFO] [RF RX] type=1 source=0x02 destination=0x01 previousHop=0x02 sequence=26 ackSequence=0 ttl=8 hops=0 payloadSize=4 rssi=-59 snr=10.00
[2026-09-02T19:03:10.238+00:00][A] [INFO] [RF TX] type=3 source=0x01 destination=0x02 previousHop=0x01 sequence=31 ackSequence=26 ttl=8 hops=0 payloadSize=2 rssi=0 snr=0.00
[2026-09-02T19:03:10.304+00:00][A] [INFO] [RF RX] type=1 source=0x02 destination=0x01 previousHop=0x02 sequence=27 ackSequence=0 ttl=8 hops=0 payloadSize=4 rssi=-59 snr=10.00
[2026-09-02T19:03:10.361+00:00][A] [INFO] [RF TX] type=3 source=0x01 destination=0x02 previousHop=0x01 sequence=32 ackSequence=27 ttl=8 hops=0 payloadSize=2 rssi=0 snr=0.00
[2026-09-02T19:03:10.428+00:00][A] [INFO] [RF RX] type=1 source=0x02 destination=0x01 previousHop=0x02 sequence=28 ackSequence=0 ttl=8 hops=0 payloadSize=4 rssi=-60 snr=9.75
[2026-09-02T19:03:10.485+00:00][A] [INFO] [RF TX] type=3 source=0x01 destination=0x02 previousHop=0x01 sequence=33 ackSequence=28 ttl=8 hops=0 payloadSize=2 rssi=0 snr=0.00
[2026-09-02T19:03:10.552+00:00][A] [INFO] [RF RX] type=1 source=0x02 destination=0x01 previousHop=0x02 sequence=29 ackSequence=0 ttl=8 hops=0 payloadSize=4 rssi=-59 snr=9.75
[2026-09-02T19:03:10.609+00:00][A] [INFO] [RF TX] type=3 source=0x01 destination=0x02 previousHop=0x01 sequence=34 ackSequence=29 ttl=8 hops=0 payloadSize=2 rssi=0 snr=0.00
[2026-09-02T19:03:10.676+00:00][A] [INFO] --------------------------------
[2026-09-02T19:03:10.676+00:00][A] [INFO] [HEARTBEAT TX]
[2026-09-02T19:03:10.682+00:00][A] [INFO] Node ID: 1
[2026-09-02T19:03:10.682+00:00][A] [INFO] type: 2
[2026-09-02T19:03:10.682+00:00][A] [INFO] Destination: 0xFF
[2026-09-02T19:03:10.687+00:00][A] [INFO] Sequence: 35
[2026-09-02T19:03:10.687+00:00][A] [INFO] Packet ID: 10
[2026-09-02T19:03:10.688+00:00][A] [INFO] Packet Size: 26
[2026-09-02T19:03:10.693+00:00][A] [INFO] Timestamp: 10 ms
[2026-09-02T19:03:10.693+00:00][A] [INFO] Transmission Result: success
[2026-09-02T19:03:10.698+00:00][A] [INFO] --------------------------------
[2026-09-02T19:03:10.699+00:00][A] [INFO] [Heartbeat #10]
[2026-09-02T19:03:10.704+00:00][A] [INFO] Sent
[2026-09-02T19:03:10.704+00:00][A] [INFO] Waiting ACK...
[2026-09-02T19:03:10.705+00:00][A] [INFO] [WAITING ACK]
[2026-09-02T19:03:10.718+00:00][A] [INFO] [RF TX] type=2 source=0x01 destination=0xFF previousHop=0x01 sequence=35 ackSequence=0 ttl=8 hops=0 payloadSize=13 rssi=0 snr=0.00
[2026-09-02T19:03:10.719+00:00][A] [INFO] Heartbeat packet sent
[2026-09-02T19:03:11.661+00:00][A] [INFO] [RF TX] type=3 source=0x01 destination=0x02 previousHop=0x01 sequence=36 ackSequence=29 ttl=8 hops=0 payloadSize=2 rssi=0 snr=0.00
[2026-09-02T19:03:11.693+00:00][A] [WARN] Retry 1
[2026-09-02T19:03:11.759+00:00][A] [INFO] --------------------------------
[2026-09-02T19:03:11.760+00:00][A] [INFO] [HEARTBEAT TX]
[2026-09-02T19:03:11.765+00:00][A] [INFO] Node ID: 1
[2026-09-02T19:03:11.765+00:00][A] [INFO] type: 2
[2026-09-02T19:03:11.765+00:00][A] [INFO] Destination: 0xFF
[2026-09-02T19:03:11.771+00:00][A] [INFO] Sequence: 35
[2026-09-02T19:03:11.771+00:00][A] [INFO] Packet ID: 10
[2026-09-02T19:03:11.771+00:00][A] [INFO] Packet Size: 26
[2026-09-02T19:03:11.776+00:00][A] [INFO] Timestamp: 10 ms
[2026-09-02T19:03:11.776+00:00][A] [INFO] Transmission Result: success
[2026-09-02T19:03:11.782+00:00][A] [INFO] --------------------------------
[2026-09-02T19:03:11.782+00:00][A] [INFO] [Heartbeat #10]
[2026-09-02T19:03:11.787+00:00][A] [INFO] Sent
[2026-09-02T19:03:11.787+00:00][A] [INFO] Waiting ACK...
[2026-09-02T19:03:11.788+00:00][A] [INFO] [WAITING ACK]
[2026-09-02T19:03:11.801+00:00][A] [INFO] [RF TX] type=2 source=0x01 destination=0xFF previousHop=0x01 sequence=35 ackSequence=0 ttl=8 hops=0 payloadSize=13 rssi=0 snr=0.00
[2026-09-02T19:03:11.802+00:00][A] [INFO] Heartbeat packet sent
[2026-09-02T19:03:12.675+00:00][A] [INFO] --------------------------------
[2026-09-02T19:03:12.676+00:00][A] [INFO] [HEARTBEAT TX]
[2026-09-02T19:03:12.681+00:00][A] [INFO] Node ID: 1
[2026-09-02T19:03:12.681+00:00][A] [INFO] type: 2
[2026-09-02T19:03:12.681+00:00][A] [INFO] Destination: 0xFF
[2026-09-02T19:03:12.686+00:00][A] [INFO] Sequence: 37
[2026-09-02T19:03:12.687+00:00][A] [INFO] Packet ID: 11
[2026-09-02T19:03:12.687+00:00][A] [INFO] Packet Size: 26
[2026-09-02T19:03:12.692+00:00][A] [INFO] Timestamp: 11 ms
[2026-09-02T19:03:12.692+00:00][A] [INFO] Transmission Result: success
[2026-09-02T19:03:12.697+00:00][A] [INFO] --------------------------------
[2026-09-02T19:03:12.698+00:00][A] [INFO] [Heartbeat #11]
[2026-09-02T19:03:12.703+00:00][A] [INFO] Sent
[2026-09-02T19:03:12.703+00:00][A] [INFO] Waiting ACK...
[2026-09-02T19:03:12.704+00:00][A] [INFO] [WAITING ACK]
[2026-09-02T19:03:12.717+00:00][A] [INFO] [RF TX] type=2 source=0x01 destination=0xFF previousHop=0x01 sequence=37 ackSequence=0 ttl=8 hops=0 payloadSize=13 rssi=0 snr=0.00
[2026-09-02T19:03:12.717+00:00][A] [INFO] Heartbeat packet sent
[2026-09-02T19:03:13.693+00:00][A] [WARN] Retry 1
[2026-09-02T19:03:13.760+00:00][A] [INFO] --------------------------------
[2026-09-02T19:03:13.760+00:00][A] [INFO] [HEARTBEAT TX]
[2026-09-02T19:03:13.765+00:00][A] [INFO] Node ID: 1
[2026-09-02T19:03:13.765+00:00][A] [INFO] type: 2
[2026-09-02T19:03:13.766+00:00][A] [INFO] Destination: 0xFF
[2026-09-02T19:03:13.770+00:00][A] [INFO] Sequence: 37
[2026-09-02T19:03:13.771+00:00][A] [INFO] Packet ID: 11
[2026-09-02T19:03:13.771+00:00][A] [INFO] Packet Size: 26
[2026-09-02T19:03:13.776+00:00][A] [INFO] Timestamp: 11 ms
[2026-09-02T19:03:13.776+00:00][A] [INFO] Transmission Result: success
[2026-09-02T19:03:13.782+00:00][A] [INFO] --------------------------------
[2026-09-02T19:03:13.782+00:00][A] [INFO] [Heartbeat #11]
[2026-09-02T19:03:13.787+00:00][A] [INFO] Sent
[2026-09-02T19:03:13.787+00:00][A] [INFO] Waiting ACK...
[2026-09-02T19:03:13.788+00:00][A] [INFO] [WAITING ACK]
[2026-09-02T19:03:13.801+00:00][A] [INFO] [RF TX] type=2 source=0x01 destination=0xFF previousHop=0x01 sequence=37 ackSequence=0 ttl=8 hops=0 payloadSize=13 rssi=0 snr=0.00
[2026-09-02T19:03:13.801+00:00][A] [INFO] Heartbeat packet sent
[2026-09-02T19:03:14.675+00:00][A] [INFO] --------------------------------
[2026-09-02T19:03:14.676+00:00][A] [INFO] [HEARTBEAT TX]
[2026-09-02T19:03:14.681+00:00][A] [INFO] Node ID: 1
[2026-09-02T19:03:14.681+00:00][A] [INFO] type: 2
[2026-09-02T19:03:14.681+00:00][A] [INFO] Destination: 0xFF
[2026-09-02T19:03:14.686+00:00][A] [INFO] Sequence: 38
[2026-09-02T19:03:14.687+00:00][A] [INFO] Packet ID: 12
[2026-09-02T19:03:14.687+00:00][A] [INFO] Packet Size: 26
[2026-09-02T19:03:14.692+00:00][A] [INFO] Timestamp: 12 ms
[2026-09-02T19:03:14.692+00:00][A] [INFO] Transmission Result: success
[2026-09-02T19:03:14.698+00:00][A] [INFO] --------------------------------
[2026-09-02T19:03:14.698+00:00][A] [INFO] [Heartbeat #12]
[2026-09-02T19:03:14.703+00:00][A] [INFO] Sent
[2026-09-02T19:03:14.703+00:00][A] [INFO] Waiting ACK...
[2026-09-02T19:03:14.704+00:00][A] [INFO] [WAITING ACK]
[2026-09-02T19:03:14.717+00:00][A] [INFO] [RF TX] type=2 source=0x01 destination=0xFF previousHop=0x01 sequence=38 ackSequence=0 ttl=8 hops=0 payloadSize=13 rssi=0 snr=0.00
[2026-09-02T19:03:14.717+00:00][A] [INFO] Heartbeat packet sent
[2026-09-02T19:03:14.871+00:00][A] [INFO] [RF RX] type=1 source=0x02 destination=0x01 previousHop=0x02 sequence=33 ackSequence=0 ttl=8 hops=0 payloadSize=4 rssi=-58 snr=10.00
[2026-09-02T19:03:14.928+00:00][A] [INFO] [RF TX] type=3 source=0x01 destination=0x02 previousHop=0x01 sequence=39 ackSequence=33 ttl=8 hops=0 payloadSize=2 rssi=0 snr=0.00
[2026-09-02T19:03:14.994+00:00][A] [INFO] [RF RX] type=1 source=0x02 destination=0x01 previousHop=0x02 sequence=34 ackSequence=0 ttl=8 hops=0 payloadSize=4 rssi=-59 snr=9.75
[2026-09-02T19:03:15.052+00:00][A] [INFO] [RF TX] type=3 source=0x01 destination=0x02 previousHop=0x01 sequence=40 ackSequence=34 ttl=8 hops=0 payloadSize=2 rssi=0 snr=0.00
[2026-09-02T19:03:15.118+00:00][A] [INFO] [RF RX] type=1 source=0x02 destination=0x01 previousHop=0x02 sequence=35 ackSequence=0 ttl=8 hops=0 payloadSize=4 rssi=-59 snr=10.00
[2026-09-02T19:03:15.176+00:00][A] [INFO] [RF TX] type=3 source=0x01 destination=0x02 previousHop=0x01 sequence=41 ackSequence=35 ttl=8 hops=0 payloadSize=2 rssi=0 snr=0.00
[2026-09-02T19:03:15.242+00:00][A] [INFO] [RF RX] type=1 source=0x02 destination=0x01 previousHop=0x02 sequence=36 ackSequence=0 ttl=8 hops=0 payloadSize=4 rssi=-59 snr=9.75
[2026-09-02T19:03:15.300+00:00][A] [INFO] [RF TX] type=3 source=0x01 destination=0x02 previousHop=0x01 sequence=42 ackSequence=36 ttl=8 hops=0 payloadSize=2 rssi=0 snr=0.00
[2026-09-02T19:03:15.366+00:00][A] [INFO] [RF RX] type=1 source=0x02 destination=0x01 previousHop=0x02 sequence=37 ackSequence=0 ttl=8 hops=0 payloadSize=4 rssi=-59 snr=9.25
[2026-09-02T19:03:15.423+00:00][A] [INFO] [RF TX] type=3 source=0x01 destination=0x02 previousHop=0x01 sequence=43 ackSequence=37 ttl=8 hops=0 payloadSize=2 rssi=0 snr=0.00
[2026-09-02T19:03:15.490+00:00][A] [INFO] [RF RX] type=1 source=0x02 destination=0x01 previousHop=0x02 sequence=38 ackSequence=0 ttl=8 hops=0 payloadSize=4 rssi=-60 snr=9.75
[2026-09-02T19:03:15.547+00:00][A] [INFO] [RF TX] type=3 source=0x01 destination=0x02 previousHop=0x01 sequence=44 ackSequence=38 ttl=8 hops=0 payloadSize=2 rssi=0 snr=0.00
[2026-09-02T19:03:15.613+00:00][A] [INFO] [RF RX] type=1 source=0x02 destination=0x01 previousHop=0x02 sequence=39 ackSequence=0 ttl=8 hops=0 payloadSize=4 rssi=-60 snr=9.50
[2026-09-02T19:03:15.671+00:00][A] [INFO] [RF TX] type=3 source=0x01 destination=0x02 previousHop=0x01 sequence=45 ackSequence=39 ttl=8 hops=0 payloadSize=2 rssi=0 snr=0.00
[2026-09-02T19:03:15.693+00:00][A] [WARN] Retry 1
[2026-09-02T19:03:15.759+00:00][A] [INFO] --------------------------------
[2026-09-02T19:03:15.760+00:00][A] [INFO] [HEARTBEAT TX]
[2026-09-02T19:03:15.765+00:00][A] [INFO] Node ID: 1
[2026-09-02T19:03:15.765+00:00][A] [INFO] type: 2
[2026-09-02T19:03:15.766+00:00][A] [INFO] Destination: 0xFF
[2026-09-02T19:03:15.770+00:00][A] [INFO] Sequence: 38
[2026-09-02T19:03:15.771+00:00][A] [INFO] Packet ID: 12
[2026-09-02T19:03:15.772+00:00][A] [INFO] Packet Size: 26
[2026-09-02T19:03:15.776+00:00][A] [INFO] Timestamp: 12 ms
[2026-09-02T19:03:15.777+00:00][A] [INFO] Transmission Result: success
[2026-09-02T19:03:15.782+00:00][A] [INFO] --------------------------------
[2026-09-02T19:03:15.782+00:00][A] [INFO] [Heartbeat #12]
[2026-09-02T19:03:15.787+00:00][A] [INFO] Sent
[2026-09-02T19:03:15.787+00:00][A] [INFO] Waiting ACK...
[2026-09-02T19:03:15.788+00:00][A] [INFO] [WAITING ACK]
[2026-09-02T19:03:15.801+00:00][A] [INFO] [RF TX] type=2 source=0x01 destination=0xFF previousHop=0x01 sequence=38 ackSequence=0 ttl=8 hops=0 payloadSize=13 rssi=0 snr=0.00
[2026-09-02T19:03:15.801+00:00][A] [INFO] Heartbeat packet sent
[2026-09-02T19:03:16.675+00:00][A] [INFO] --------------------------------
[2026-09-02T19:03:16.676+00:00][A] [INFO] [HEARTBEAT TX]
[2026-09-02T19:03:16.681+00:00][A] [INFO] Node ID: 1
[2026-09-02T19:03:16.681+00:00][A] [INFO] type: 2
[2026-09-02T19:03:16.681+00:00][A] [INFO] Destination: 0xFF
[2026-09-02T19:03:16.686+00:00][A] [INFO] Sequence: 46
[2026-09-02T19:03:16.686+00:00][A] [INFO] Packet ID: 13
[2026-09-02T19:03:16.687+00:00][A] [INFO] Packet Size: 26
[2026-09-02T19:03:16.693+00:00][A] [INFO] Timestamp: 13 ms
[2026-09-02T19:03:16.694+00:00][A] [INFO] Transmission Result: success
[2026-09-02T19:03:16.697+00:00][A] [INFO] --------------------------------
[2026-09-02T19:03:16.698+00:00][A] [INFO] [Heartbeat #13]
[2026-09-02T19:03:16.703+00:00][A] [INFO] Sent
[2026-09-02T19:03:16.703+00:00][A] [INFO] Waiting ACK...
[2026-09-02T19:03:16.703+00:00][A] [INFO] [WAITING ACK]
[2026-09-02T19:03:16.717+00:00][A] [INFO] [RF TX] type=2 source=0x01 destination=0xFF previousHop=0x01 sequence=46 ackSequence=0 ttl=8 hops=0 payloadSize=13 rssi=0 snr=0.00
[2026-09-02T19:03:16.717+00:00][A] [INFO] Heartbeat packet sent
[2026-09-02T19:03:17.692+00:00][A] [WARN] Retry 1
[2026-09-02T19:03:17.759+00:00][A] [INFO] --------------------------------
[2026-09-02T19:03:17.760+00:00][A] [INFO] [HEARTBEAT TX]
[2026-09-02T19:03:17.765+00:00][A] [INFO] Node ID: 1
[2026-09-02T19:03:17.765+00:00][A] [INFO] type: 2
[2026-09-02T19:03:17.765+00:00][A] [INFO] Destination: 0xFF
[2026-09-02T19:03:17.770+00:00][A] [INFO] Sequence: 46
[2026-09-02T19:03:17.771+00:00][A] [INFO] Packet ID: 13
[2026-09-02T19:03:17.771+00:00][A] [INFO] Packet Size: 26
[2026-09-02T19:03:17.776+00:00][A] [INFO] Timestamp: 13 ms
[2026-09-02T19:03:17.777+00:00][A] [INFO] Transmission Result: success
[2026-09-02T19:03:17.782+00:00][A] [INFO] --------------------------------
[2026-09-02T19:03:17.782+00:00][A] [INFO] [Heartbeat #13]
[2026-09-02T19:03:17.787+00:00][A] [INFO] Sent
[2026-09-02T19:03:17.787+00:00][A] [INFO] Waiting ACK...
[2026-09-02T19:03:17.788+00:00][A] [INFO] [WAITING ACK]
[2026-09-02T19:03:17.802+00:00][A] [INFO] [RF TX] type=2 source=0x01 destination=0xFF previousHop=0x01 sequence=46 ackSequence=0 ttl=8 hops=0 payloadSize=13 rssi=0 snr=0.00
[2026-09-02T19:03:17.803+00:00][A] [INFO] Heartbeat packet sent
[2026-09-02T19:03:18.675+00:00][A] [INFO] --------------------------------
[2026-09-02T19:03:18.676+00:00][A] [INFO] [HEARTBEAT TX]
[2026-09-02T19:03:18.681+00:00][A] [INFO] Node ID: 1
[2026-09-02T19:03:18.681+00:00][A] [INFO] type: 2
[2026-09-02T19:03:18.681+00:00][A] [INFO] Destination: 0xFF
[2026-09-02T19:03:18.686+00:00][A] [INFO] Sequence: 47
[2026-09-02T19:03:18.686+00:00][A] [INFO] Packet ID: 14
[2026-09-02T19:03:18.687+00:00][A] [INFO] Packet Size: 26
[2026-09-02T19:03:18.692+00:00][A] [INFO] Timestamp: 14 ms
[2026-09-02T19:03:18.692+00:00][A] [INFO] Transmission Result: success
[2026-09-02T19:03:18.697+00:00][A] [INFO] --------------------------------
[2026-09-02T19:03:18.698+00:00][A] [INFO] [Heartbeat #14]
[2026-09-02T19:03:18.703+00:00][A] [INFO] Sent
[2026-09-02T19:03:18.703+00:00][A] [INFO] Waiting ACK...
[2026-09-02T19:03:18.704+00:00][A] [INFO] [WAITING ACK]
[2026-09-02T19:03:18.717+00:00][A] [INFO] [RF TX] type=2 source=0x01 destination=0xFF previousHop=0x01 sequence=47 ackSequence=0 ttl=8 hops=0 payloadSize=13 rssi=0 snr=0.00
[2026-09-02T19:03:18.718+00:00][A] [INFO] Heartbeat packet sent
[2026-09-02T19:03:18.917+00:00][A] [INFO] [RF TX] type=3 source=0x01 destination=0x02 previousHop=0x01 sequence=48 ackSequence=39 ttl=8 hops=0 payloadSize=2 rssi=0 snr=0.00
[2026-09-02T19:03:19.692+00:00][A] [WARN] Retry 1
[2026-09-02T19:03:19.759+00:00][A] [INFO] --------------------------------
[2026-09-02T19:03:19.759+00:00][A] [INFO] [HEARTBEAT TX]
[2026-09-02T19:03:19.764+00:00][A] [INFO] Node ID: 1
[2026-09-02T19:03:19.765+00:00][A] [INFO] type: 2
[2026-09-02T19:03:19.765+00:00][A] [INFO] Destination: 0xFF
[2026-09-02T19:03:19.770+00:00][A] [INFO] Sequence: 47
[2026-09-02T19:03:19.770+00:00][A] [INFO] Packet ID: 14
[2026-09-02T19:03:19.770+00:00][A] [INFO] Packet Size: 26
[2026-09-02T19:03:19.776+00:00][A] [INFO] Timestamp: 14 ms
[2026-09-02T19:03:19.776+00:00][A] [INFO] Transmission Result: success
[2026-09-02T19:03:19.781+00:00][A] [INFO] --------------------------------
[2026-09-02T19:03:19.782+00:00][A] [INFO] [Heartbeat #14]
[2026-09-02T19:03:19.787+00:00][A] [INFO] Sent
[2026-09-02T19:03:19.787+00:00][A] [INFO] Waiting ACK...
[2026-09-02T19:03:19.788+00:00][A] [INFO] [WAITING ACK]
[2026-09-02T19:03:19.801+00:00][A] [INFO] [RF TX] type=2 source=0x01 destination=0xFF previousHop=0x01 sequence=47 ackSequence=0 ttl=8 hops=0 payloadSize=13 rssi=0 snr=0.00
[2026-09-02T19:03:19.801+00:00][A] [INFO] Heartbeat packet sent
[2026-09-02T19:03:19.932+00:00][A] [INFO] [RF RX] type=1 source=0x02 destination=0x01 previousHop=0x02 sequence=42 ackSequence=0 ttl=8 hops=0 payloadSize=4 rssi=-62 snr=9.50
[2026-09-02T19:03:19.990+00:00][A] [INFO] [RF TX] type=3 source=0x01 destination=0x02 previousHop=0x01 sequence=49 ackSequence=42 ttl=8 hops=0 payloadSize=2 rssi=0 snr=0.00
[2026-09-02T19:03:20.056+00:00][A] [INFO] [RF RX] type=1 source=0x02 destination=0x01 previousHop=0x02 sequence=43 ackSequence=0 ttl=8 hops=0 payloadSize=4 rssi=-62 snr=9.25
[2026-09-02T19:03:20.114+00:00][A] [INFO] [RF TX] type=3 source=0x01 destination=0x02 previousHop=0x01 sequence=50 ackSequence=43 ttl=8 hops=0 payloadSize=2 rssi=0 snr=0.00
[2026-09-02T19:03:20.180+00:00][A] [INFO] [RF RX] type=1 source=0x02 destination=0x01 previousHop=0x02 sequence=44 ackSequence=0 ttl=8 hops=0 payloadSize=4 rssi=-62 snr=10.00
[2026-09-02T19:03:20.237+00:00][A] [INFO] [RF TX] type=3 source=0x01 destination=0x02 previousHop=0x01 sequence=51 ackSequence=44 ttl=8 hops=0 payloadSize=2 rssi=0 snr=0.00
[2026-09-02T19:03:20.304+00:00][A] [INFO] [RF RX] type=1 source=0x02 destination=0x01 previousHop=0x02 sequence=45 ackSequence=0 ttl=8 hops=0 payloadSize=4 rssi=-61 snr=9.75
[2026-09-02T19:03:20.361+00:00][A] [INFO] [RF TX] type=3 source=0x01 destination=0x02 previousHop=0x01 sequence=52 ackSequence=45 ttl=8 hops=0 payloadSize=2 rssi=0 snr=0.00
[2026-09-02T19:03:20.428+00:00][A] [INFO] [RF RX] type=1 source=0x02 destination=0x01 previousHop=0x02 sequence=46 ackSequence=0 ttl=8 hops=0 payloadSize=4 rssi=-60 snr=9.50
[2026-09-02T19:03:20.485+00:00][A] [INFO] [RF TX] type=3 source=0x01 destination=0x02 previousHop=0x01 sequence=53 ackSequence=46 ttl=8 hops=0 payloadSize=2 rssi=0 snr=0.00
[2026-09-02T19:03:20.552+00:00][A] [INFO] [RF RX] type=1 source=0x02 destination=0x01 previousHop=0x02 sequence=47 ackSequence=0 ttl=8 hops=0 payloadSize=4 rssi=-60 snr=9.50
[2026-09-02T19:03:20.610+00:00][A] [INFO] [RF TX] type=3 source=0x01 destination=0x02 previousHop=0x01 sequence=54 ackSequence=47 ttl=8 hops=0 payloadSize=2 rssi=0 snr=0.00
[2026-09-02T19:03:20.676+00:00][A] [INFO] --------------------------------
[2026-09-02T19:03:20.677+00:00][A] [INFO] [HEARTBEAT TX]
[2026-09-02T19:03:20.682+00:00][A] [INFO] Node ID: 1
[2026-09-02T19:03:20.682+00:00][A] [INFO] type: 2
[2026-09-02T19:03:20.682+00:00][A] [INFO] Destination: 0xFF
[2026-09-02T19:03:20.687+00:00][A] [INFO] Sequence: 55
[2026-09-02T19:03:20.687+00:00][A] [INFO] Packet ID: 15
[2026-09-02T19:03:20.688+00:00][A] [INFO] Packet Size: 26
[2026-09-02T19:03:20.693+00:00][A] [INFO] Timestamp: 15 ms
[2026-09-02T19:03:20.693+00:00][A] [INFO] Transmission Result: success
[2026-09-02T19:03:20.698+00:00][A] [INFO] --------------------------------
[2026-09-02T19:03:20.699+00:00][A] [INFO] [Heartbeat #15]
[2026-09-02T19:03:20.704+00:00][A] [INFO] Sent
[2026-09-02T19:03:20.704+00:00][A] [INFO] Waiting ACK...
[2026-09-02T19:03:20.704+00:00][A] [INFO] [WAITING ACK]
[2026-09-02T19:03:20.718+00:00][A] [INFO] [RF TX] type=2 source=0x01 destination=0xFF previousHop=0x01 sequence=55 ackSequence=0 ttl=8 hops=0 payloadSize=13 rssi=0 snr=0.00
[2026-09-02T19:03:20.718+00:00][A] [INFO] Heartbeat packet sent
[2026-09-02T19:03:21.661+00:00][A] [INFO] [RF TX] type=3 source=0x01 destination=0x02 previousHop=0x01 sequence=56 ackSequence=47 ttl=8 hops=0 payloadSize=2 rssi=0 snr=0.00
[2026-09-02T19:03:21.693+00:00][A] [WARN] Retry 1
[2026-09-02T19:03:21.760+00:00][A] [INFO] --------------------------------
[2026-09-02T19:03:21.760+00:00][A] [INFO] [HEARTBEAT TX]
[2026-09-02T19:03:21.765+00:00][A] [INFO] Node ID: 1
[2026-09-02T19:03:21.765+00:00][A] [INFO] type: 2
[2026-09-02T19:03:21.766+00:00][A] [INFO] Destination: 0xFF
[2026-09-02T19:03:21.771+00:00][A] [INFO] Sequence: 55
[2026-09-02T19:03:21.771+00:00][A] [INFO] Packet ID: 15
[2026-09-02T19:03:21.771+00:00][A] [INFO] Packet Size: 26
[2026-09-02T19:03:21.776+00:00][A] [INFO] Timestamp: 15 ms
[2026-09-02T19:03:21.777+00:00][A] [INFO] Transmission Result: success
[2026-09-02T19:03:21.782+00:00][A] [INFO] --------------------------------
[2026-09-02T19:03:21.782+00:00][A] [INFO] [Heartbeat #15]
[2026-09-02T19:03:21.788+00:00][A] [INFO] Sent
[2026-09-02T19:03:21.788+00:00][A] [INFO] Waiting ACK...
[2026-09-02T19:03:21.788+00:00][A] [INFO] [WAITING ACK]
[2026-09-02T19:03:21.802+00:00][A] [INFO] [RF TX] type=2 source=0x01 destination=0xFF previousHop=0x01 sequence=55 ackSequence=0 ttl=8 hops=0 payloadSize=13 rssi=0 snr=0.00
[2026-09-02T19:03:21.802+00:00][A] [INFO] Heartbeat packet sent
[2026-09-02T19:03:22.676+00:00][A] [INFO] --------------------------------
[2026-09-02T19:03:22.676+00:00][A] [INFO] [HEARTBEAT TX]
[2026-09-02T19:03:22.682+00:00][A] [INFO] Node ID: 1
[2026-09-02T19:03:22.682+00:00][A] [INFO] type: 2
[2026-09-02T19:03:22.682+00:00][A] [INFO] Destination: 0xFF
[2026-09-02T19:03:22.687+00:00][A] [INFO] Sequence: 57
[2026-09-02T19:03:22.687+00:00][A] [INFO] Packet ID: 16
[2026-09-02T19:03:22.688+00:00][A] [INFO] Packet Size: 26
[2026-09-02T19:03:22.693+00:00][A] [INFO] Timestamp: 16 ms
[2026-09-02T19:03:22.693+00:00][A] [INFO] Transmission Result: success
[2026-09-02T19:03:22.698+00:00][A] [INFO] --------------------------------
[2026-09-02T19:03:22.699+00:00][A] [INFO] [Heartbeat #16]
[2026-09-02T19:03:22.704+00:00][A] [INFO] Sent
[2026-09-02T19:03:22.704+00:00][A] [INFO] Waiting ACK...
[2026-09-02T19:03:22.705+00:00][A] [INFO] [WAITING ACK]
[2026-09-02T19:03:22.718+00:00][A] [INFO] [RF TX] type=2 source=0x01 destination=0xFF previousHop=0x01 sequence=57 ackSequence=0 ttl=8 hops=0 payloadSize=13 rssi=0 snr=0.00
[2026-09-02T19:03:22.718+00:00][A] [INFO] Heartbeat packet sent
[2026-09-02T19:03:23.693+00:00][A] [WARN] Retry 1
[2026-09-02T19:03:23.760+00:00][A] [INFO] --------------------------------
[2026-09-02T19:03:23.761+00:00][A] [INFO] [HEARTBEAT TX]
[2026-09-02T19:03:23.766+00:00][A] [INFO] Node ID: 1
[2026-09-02T19:03:23.766+00:00][A] [INFO] type: 2
[2026-09-02T19:03:23.766+00:00][A] [INFO] Destination: 0xFF
[2026-09-02T19:03:23.771+00:00][A] [INFO] Sequence: 57
[2026-09-02T19:03:23.771+00:00][A] [INFO] Packet ID: 16
[2026-09-02T19:03:23.772+00:00][A] [INFO] Packet Size: 26
[2026-09-02T19:03:23.777+00:00][A] [INFO] Timestamp: 16 ms
[2026-09-02T19:03:23.777+00:00][A] [INFO] Transmission Result: success
[2026-09-02T19:03:23.782+00:00][A] [INFO] --------------------------------
[2026-09-02T19:03:23.783+00:00][A] [INFO] [Heartbeat #16]
[2026-09-02T19:03:23.788+00:00][A] [INFO] Sent
[2026-09-02T19:03:23.788+00:00][A] [INFO] Waiting ACK...
[2026-09-02T19:03:23.788+00:00][A] [INFO] [WAITING ACK]
[2026-09-02T19:03:23.802+00:00][A] [INFO] [RF TX] type=2 source=0x01 destination=0xFF previousHop=0x01 sequence=57 ackSequence=0 ttl=8 hops=0 payloadSize=13 rssi=0 snr=0.00
[2026-09-02T19:03:23.802+00:00][A] [INFO] Heartbeat packet sent
[2026-09-02T19:03:24.677+00:00][A] [INFO] --------------------------------
[2026-09-02T19:03:24.677+00:00][A] [INFO] [HEARTBEAT TX]
[2026-09-02T19:03:24.681+00:00][A] [INFO] Node ID: 1
[2026-09-02T19:03:24.682+00:00][A] [INFO] type: 2
[2026-09-02T19:03:24.682+00:00][A] [INFO] Destination: 0xFF
[2026-09-02T19:03:24.687+00:00][A] [INFO] Sequence: 58
[2026-09-02T19:03:24.688+00:00][A] [INFO] Packet ID: 17
[2026-09-02T19:03:24.688+00:00][A] [INFO] Packet Size: 26
[2026-09-02T19:03:24.693+00:00][A] [INFO] Timestamp: 17 ms
[2026-09-02T19:03:24.693+00:00][A] [INFO] Transmission Result: success
[2026-09-02T19:03:24.698+00:00][A] [INFO] --------------------------------
[2026-09-02T19:03:24.699+00:00][A] [INFO] [Heartbeat #17]
[2026-09-02T19:03:24.704+00:00][A] [INFO] Sent
[2026-09-02T19:03:24.704+00:00][A] [INFO] Waiting ACK...
[2026-09-02T19:03:24.704+00:00][A] [INFO] [WAITING ACK]
[2026-09-02T19:03:24.718+00:00][A] [INFO] [RF TX] type=2 source=0x01 destination=0xFF previousHop=0x01 sequence=58 ackSequence=0 ttl=8 hops=0 payloadSize=13 rssi=0 snr=0.00
[2026-09-02T19:03:24.718+00:00][A] [INFO] Heartbeat packet sent
[2026-09-02T19:03:24.870+00:00][A] [INFO] [RF RX] type=1 source=0x02 destination=0x01 previousHop=0x02 sequence=51 ackSequence=0 ttl=8 hops=0 payloadSize=4 rssi=-61 snr=10.00
[2026-09-02T19:03:24.928+00:00][A] [INFO] [RF TX] type=3 source=0x01 destination=0x02 previousHop=0x01 sequence=59 ackSequence=51 ttl=8 hops=0 payloadSize=2 rssi=0 snr=0.00
[2026-09-02T19:03:24.994+00:00][A] [INFO] [RF RX] type=1 source=0x02 destination=0x01 previousHop=0x02 sequence=52 ackSequence=0 ttl=8 hops=0 payloadSize=4 rssi=-63 snr=9.25
[2026-09-02T19:03:25.052+00:00][A] [INFO] [RF TX] type=3 source=0x01 destination=0x02 previousHop=0x01 sequence=60 ackSequence=52 ttl=8 hops=0 payloadSize=2 rssi=0 snr=0.00
[2026-09-02T19:03:25.119+00:00][A] [INFO] [RF RX] type=1 source=0x02 destination=0x01 previousHop=0x02 sequence=53 ackSequence=0 ttl=8 hops=0 payloadSize=4 rssi=-62 snr=9.25
[2026-09-02T19:03:25.175+00:00][A] [INFO] [RF TX] type=3 source=0x01 destination=0x02 previousHop=0x01 sequence=61 ackSequence=53 ttl=8 hops=0 payloadSize=2 rssi=0 snr=0.00
[2026-09-02T19:03:25.242+00:00][A] [INFO] [RF RX] type=1 source=0x02 destination=0x01 previousHop=0x02 sequence=54 ackSequence=0 ttl=8 hops=0 payloadSize=4 rssi=-61 snr=9.75
[2026-09-02T19:03:25.299+00:00][A] [INFO] [RF TX] type=3 source=0x01 destination=0x02 previousHop=0x01 sequence=62 ackSequence=54 ttl=8 hops=0 payloadSize=2 rssi=0 snr=0.00
[2026-09-02T19:03:25.365+00:00][A] [INFO] [RF RX] type=1 source=0x02 destination=0x01 previousHop=0x02 sequence=55 ackSequence=0 ttl=8 hops=0 payloadSize=4 rssi=-63 snr=9.25
[2026-09-02T19:03:25.423+00:00][A] [INFO] [RF TX] type=3 source=0x01 destination=0x02 previousHop=0x01 sequence=63 ackSequence=55 ttl=8 hops=0 payloadSize=2 rssi=0 snr=0.00
[2026-09-02T19:03:25.489+00:00][A] [INFO] [RF RX] type=1 source=0x02 destination=0x01 previousHop=0x02 sequence=56 ackSequence=0 ttl=8 hops=0 payloadSize=4 rssi=-63 snr=9.50
[2026-09-02T19:03:25.547+00:00][A] [INFO] [RF TX] type=3 source=0x01 destination=0x02 previousHop=0x01 sequence=64 ackSequence=56 ttl=8 hops=0 payloadSize=2 rssi=0 snr=0.00
[2026-09-02T19:03:25.613+00:00][A] [INFO] [RF RX] type=1 source=0x02 destination=0x01 previousHop=0x02 sequence=57 ackSequence=0 ttl=8 hops=0 payloadSize=4 rssi=-62 snr=9.25
[2026-09-02T19:03:25.671+00:00][A] [INFO] [RF TX] type=3 source=0x01 destination=0x02 previousHop=0x01 sequence=65 ackSequence=57 ttl=8 hops=0 payloadSize=2 rssi=0 snr=0.00
[2026-09-02T19:03:25.693+00:00][A] [WARN] Retry 1
[2026-09-02T19:03:25.760+00:00][A] [INFO] --------------------------------
[2026-09-02T19:03:25.761+00:00][A] [INFO] [HEARTBEAT TX]
[2026-09-02T19:03:25.766+00:00][A] [INFO] Node ID: 1
[2026-09-02T19:03:25.766+00:00][A] [INFO] type: 2
[2026-09-02T19:03:25.766+00:00][A] [INFO] Destination: 0xFF
[2026-09-02T19:03:25.771+00:00][A] [INFO] Sequence: 58
[2026-09-02T19:03:25.772+00:00][A] [INFO] Packet ID: 17
[2026-09-02T19:03:25.772+00:00][A] [INFO] Packet Size: 26
[2026-09-02T19:03:25.777+00:00][A] [INFO] Timestamp: 17 ms
[2026-09-02T19:03:25.777+00:00][A] [INFO] Transmission Result: success
[2026-09-02T19:03:25.782+00:00][A] [INFO] --------------------------------
[2026-09-02T19:03:25.783+00:00][A] [INFO] [Heartbeat #17]
[2026-09-02T19:03:25.788+00:00][A] [INFO] Sent
[2026-09-02T19:03:25.788+00:00][A] [INFO] Waiting ACK...
[2026-09-02T19:03:25.788+00:00][A] [INFO] [WAITING ACK]
[2026-09-02T19:03:25.802+00:00][A] [INFO] [RF TX] type=2 source=0x01 destination=0xFF previousHop=0x01 sequence=58 ackSequence=0 ttl=8 hops=0 payloadSize=13 rssi=0 snr=0.00
[2026-09-02T19:03:25.802+00:00][A] [INFO] Heartbeat packet sent
[2026-09-02T19:03:26.676+00:00][A] [INFO] --------------------------------
[2026-09-02T19:03:26.676+00:00][A] [INFO] [HEARTBEAT TX]
[2026-09-02T19:03:26.682+00:00][A] [INFO] Node ID: 1
[2026-09-02T19:03:26.682+00:00][A] [INFO] type: 2
[2026-09-02T19:03:26.682+00:00][A] [INFO] Destination: 0xFF
[2026-09-02T19:03:26.688+00:00][A] [INFO] Sequence: 66
[2026-09-02T19:03:26.688+00:00][A] [INFO] Packet ID: 18
[2026-09-02T19:03:26.688+00:00][A] [INFO] Packet Size: 26
[2026-09-02T19:03:26.693+00:00][A] [INFO] Timestamp: 18 ms
[2026-09-02T19:03:26.693+00:00][A] [INFO] Transmission Result: success
[2026-09-02T19:03:26.698+00:00][A] [INFO] --------------------------------
[2026-09-02T19:03:26.699+00:00][A] [INFO] [Heartbeat #18]
[2026-09-02T19:03:26.704+00:00][A] [INFO] Sent
[2026-09-02T19:03:26.704+00:00][A] [INFO] Waiting ACK...
[2026-09-02T19:03:26.704+00:00][A] [INFO] [WAITING ACK]
[2026-09-02T19:03:26.718+00:00][A] [INFO] [RF TX] type=2 source=0x01 destination=0xFF previousHop=0x01 sequence=66 ackSequence=0 ttl=8 hops=0 payloadSize=13 rssi=0 snr=0.00
[2026-09-02T19:03:26.718+00:00][A] [INFO] Heartbeat packet sent
[2026-09-02T19:03:27.693+00:00][A] [WARN] Retry 1
[2026-09-02T19:03:27.760+00:00][A] [INFO] --------------------------------
[2026-09-02T19:03:27.760+00:00][A] [INFO] [HEARTBEAT TX]
[2026-09-02T19:03:27.765+00:00][A] [INFO] Node ID: 1
[2026-09-02T19:03:27.765+00:00][A] [INFO] type: 2
[2026-09-02T19:03:27.765+00:00][A] [INFO] Destination: 0xFF
[2026-09-02T19:03:27.771+00:00][A] [INFO] Sequence: 66
[2026-09-02T19:03:27.771+00:00][A] [INFO] Packet ID: 18
[2026-09-02T19:03:27.771+00:00][A] [INFO] Packet Size: 26
[2026-09-02T19:03:27.776+00:00][A] [INFO] Timestamp: 18 ms
[2026-09-02T19:03:27.776+00:00][A] [INFO] Transmission Result: success
[2026-09-02T19:03:27.782+00:00][A] [INFO] --------------------------------
[2026-09-02T19:03:27.782+00:00][A] [INFO] [Heartbeat #18]
[2026-09-02T19:03:27.788+00:00][A] [INFO] Sent
[2026-09-02T19:03:27.788+00:00][A] [INFO] Waiting ACK...
[2026-09-02T19:03:27.788+00:00][A] [INFO] [WAITING ACK]
[2026-09-02T19:03:27.802+00:00][A] [INFO] [RF TX] type=2 source=0x01 destination=0xFF previousHop=0x01 sequence=66 ackSequence=0 ttl=8 hops=0 payloadSize=13 rssi=0 snr=0.00
[2026-09-02T19:03:27.802+00:00][A] [INFO] Heartbeat packet sent
[2026-09-02T19:03:28.676+00:00][A] [INFO] --------------------------------
[2026-09-02T19:03:28.676+00:00][A] [INFO] [HEARTBEAT TX]
[2026-09-02T19:03:28.681+00:00][A] [INFO] Node ID: 1
[2026-09-02T19:03:28.682+00:00][A] [INFO] type: 2
[2026-09-02T19:03:28.682+00:00][A] [INFO] Destination: 0xFF
[2026-09-02T19:03:28.687+00:00][A] [INFO] Sequence: 67
[2026-09-02T19:03:28.687+00:00][A] [INFO] Packet ID: 19
[2026-09-02T19:03:28.687+00:00][A] [INFO] Packet Size: 26
[2026-09-02T19:03:28.693+00:00][A] [INFO] Timestamp: 19 ms
[2026-09-02T19:03:28.693+00:00][A] [INFO] Transmission Result: success
[2026-09-02T19:03:28.698+00:00][A] [INFO] --------------------------------
[2026-09-02T19:03:28.698+00:00][A] [INFO] [Heartbeat #19]
[2026-09-02T19:03:28.704+00:00][A] [INFO] Sent
[2026-09-02T19:03:28.704+00:00][A] [INFO] Waiting ACK...
[2026-09-02T19:03:28.704+00:00][A] [INFO] [WAITING ACK]
[2026-09-02T19:03:28.718+00:00][A] [INFO] [RF TX] type=2 source=0x01 destination=0xFF previousHop=0x01 sequence=67 ackSequence=0 ttl=8 hops=0 payloadSize=13 rssi=0 snr=0.00
[2026-09-02T19:03:28.718+00:00][A] [INFO] Heartbeat packet sent
[2026-09-02T19:03:28.916+00:00][A] [INFO] [RF TX] type=3 source=0x01 destination=0x02 previousHop=0x01 sequence=68 ackSequence=57 ttl=8 hops=0 payloadSize=2 rssi=0 snr=0.00
[2026-09-02T19:03:29.693+00:00][A] [WARN] Retry 1
[2026-09-02T19:03:29.760+00:00][A] [INFO] --------------------------------
[2026-09-02T19:03:29.760+00:00][A] [INFO] [HEARTBEAT TX]
[2026-09-02T19:03:29.765+00:00][A] [INFO] Node ID: 1
[2026-09-02T19:03:29.766+00:00][A] [INFO] type: 2
[2026-09-02T19:03:29.766+00:00][A] [INFO] Destination: 0xFF
[2026-09-02T19:03:29.771+00:00][A] [INFO] Sequence: 67
[2026-09-02T19:03:29.771+00:00][A] [INFO] Packet ID: 19
[2026-09-02T19:03:29.772+00:00][A] [INFO] Packet Size: 26
[2026-09-02T19:03:29.777+00:00][A] [INFO] Timestamp: 19 ms
[2026-09-02T19:03:29.777+00:00][A] [INFO] Transmission Result: success
[2026-09-02T19:03:29.782+00:00][A] [INFO] --------------------------------
[2026-09-02T19:03:29.782+00:00][A] [INFO] [Heartbeat #19]
[2026-09-02T19:03:29.788+00:00][A] [INFO] Sent
[2026-09-02T19:03:29.788+00:00][A] [INFO] Waiting ACK...
[2026-09-02T19:03:29.788+00:00][A] [INFO] [WAITING ACK]
[2026-09-02T19:03:29.802+00:00][A] [INFO] [RF TX] type=2 source=0x01 destination=0xFF previousHop=0x01 sequence=67 ackSequence=0 ttl=8 hops=0 payloadSize=13 rssi=0 snr=0.00
[2026-09-02T19:03:29.802+00:00][A] [INFO] Heartbeat packet sent
[2026-09-02T19:03:29.932+00:00][A] [INFO] [RF RX] type=1 source=0x02 destination=0x01 previousHop=0x02 sequence=60 ackSequence=0 ttl=8 hops=0 payloadSize=4 rssi=-61 snr=9.75
[2026-09-02T19:03:29.990+00:00][A] [INFO] [RF TX] type=3 source=0x01 destination=0x02 previousHop=0x01 sequence=69 ackSequence=60 ttl=8 hops=0 payloadSize=2 rssi=0 snr=0.00
[2026-09-02T19:03:30.056+00:00][A] [INFO] [RF RX] type=1 source=0x02 destination=0x01 previousHop=0x02 sequence=61 ackSequence=0 ttl=8 hops=0 payloadSize=4 rssi=-61 snr=10.00
[2026-09-02T19:03:30.113+00:00][A] [INFO] [RF TX] type=3 source=0x01 destination=0x02 previousHop=0x01 sequence=70 ackSequence=61 ttl=8 hops=0 payloadSize=2 rssi=0 snr=0.00
[2026-09-02T19:03:30.180+00:00][A] [INFO] [RF RX] type=1 source=0x02 destination=0x01 previousHop=0x02 sequence=62 ackSequence=0 ttl=8 hops=0 payloadSize=4 rssi=-61 snr=10.25
[2026-09-02T19:03:30.237+00:00][A] [INFO] [RF TX] type=3 source=0x01 destination=0x02 previousHop=0x01 sequence=71 ackSequence=62 ttl=8 hops=0 payloadSize=2 rssi=0 snr=0.00
[2026-09-02T19:03:30.303+00:00][A] [INFO] [RF RX] type=1 source=0x02 destination=0x01 previousHop=0x02 sequence=63 ackSequence=0 ttl=8 hops=0 payloadSize=4 rssi=-62 snr=9.75
[2026-09-02T19:03:30.361+00:00][A] [INFO] [RF TX] type=3 source=0x01 destination=0x02 previousHop=0x01 sequence=72 ackSequence=63 ttl=8 hops=0 payloadSize=2 rssi=0 snr=0.00
[2026-09-02T19:03:30.428+00:00][A] [INFO] [RF RX] type=1 source=0x02 destination=0x01 previousHop=0x02 sequence=64 ackSequence=0 ttl=8 hops=0 payloadSize=4 rssi=-62 snr=9.75
[2026-09-02T19:03:30.485+00:00][A] [INFO] [RF TX] type=3 source=0x01 destination=0x02 previousHop=0x01 sequence=73 ackSequence=64 ttl=8 hops=0 payloadSize=2 rssi=0 snr=0.00
[2026-09-02T19:03:30.552+00:00][A] [INFO] [RF RX] type=1 source=0x02 destination=0x01 previousHop=0x02 sequence=65 ackSequence=0 ttl=8 hops=0 payloadSize=4 rssi=-62 snr=9.50
[2026-09-02T19:03:30.609+00:00][A] [INFO] [RF TX] type=3 source=0x01 destination=0x02 previousHop=0x01 sequence=74 ackSequence=65 ttl=8 hops=0 payloadSize=2 rssi=0 snr=0.00
[2026-09-02T19:03:30.678+00:00][A] [INFO] --------------------------------
[2026-09-02T19:03:30.678+00:00][A] [INFO] [HEARTBEAT TX]
[2026-09-02T19:03:30.691+00:00][A] [INFO] Node ID: 1
[2026-09-02T19:03:30.691+00:00][A] [INFO] type: 2
[2026-09-02T19:03:30.691+00:00][A] [INFO] Destination: 0xFF
[2026-09-02T19:03:30.691+00:00][A] [INFO] Sequence: 75
[2026-09-02T19:03:30.692+00:00][A] [INFO] Packet ID: 20
[2026-09-02T19:03:30.692+00:00][A] [INFO] Packet Size: 26
[2026-09-02T19:03:30.693+00:00][A] [INFO] Timestamp: 20 ms
[2026-09-02T19:03:30.693+00:00][A] [INFO] Transmission Result: success
[2026-09-02T19:03:30.701+00:00][A] [INFO] --------------------------------
[2026-09-02T19:03:30.701+00:00][A] [INFO] [Heartbeat #20]
[2026-09-02T19:03:30.704+00:00][A] [INFO] Sent
[2026-09-02T19:03:30.704+00:00][A] [INFO] Waiting ACK...
[2026-09-02T19:03:30.704+00:00][A] [INFO] [WAITING ACK]
[2026-09-02T19:03:30.721+00:00][A] [INFO] [RF TX] type=2 source=0x01 destination=0xFF previousHop=0x01 sequence=75 ackSequence=0 ttl=8 hops=0 payloadSize=13 rssi=0 snr=0.00
[2026-09-02T19:03:30.722+00:00][A] [INFO] Heartbeat packet sent
[2026-09-02T19:03:31.661+00:00][A] [INFO] [RF TX] type=3 source=0x01 destination=0x02 previousHop=0x01 sequence=76 ackSequence=65 ttl=8 hops=0 payloadSize=2 rssi=0 snr=0.00
[2026-09-02T19:03:31.693+00:00][A] [WARN] Retry 1
[2026-09-02T19:03:31.760+00:00][A] [INFO] --------------------------------
[2026-09-02T19:03:31.760+00:00][A] [INFO] [HEARTBEAT TX]
[2026-09-02T19:03:31.765+00:00][A] [INFO] Node ID: 1
[2026-09-02T19:03:31.765+00:00][A] [INFO] type: 2
[2026-09-02T19:03:31.766+00:00][A] [INFO] Destination: 0xFF
[2026-09-02T19:03:31.771+00:00][A] [INFO] Sequence: 75
[2026-09-02T19:03:31.771+00:00][A] [INFO] Packet ID: 20
[2026-09-02T19:03:31.771+00:00][A] [INFO] Packet Size: 26
[2026-09-02T19:03:31.776+00:00][A] [INFO] Timestamp: 20 ms
[2026-09-02T19:03:31.777+00:00][A] [INFO] Transmission Result: success
[2026-09-02T19:03:31.783+00:00][A] [INFO] --------------------------------
[2026-09-02T19:03:31.783+00:00][A] [INFO] [Heartbeat #20]
[2026-09-02T19:03:31.787+00:00][A] [INFO] Sent
[2026-09-02T19:03:31.788+00:00][A] [INFO] Waiting ACK...
[2026-09-02T19:03:31.788+00:00][A] [INFO] [WAITING ACK]
[2026-09-02T19:03:31.802+00:00][A] [INFO] [RF TX] type=2 source=0x01 destination=0xFF previousHop=0x01 sequence=75 ackSequence=0 ttl=8 hops=0 payloadSize=13 rssi=0 snr=0.00
[2026-09-02T19:03:31.802+00:00][A] [INFO] Heartbeat packet sent
[2026-09-02T19:03:32.676+00:00][A] [INFO] --------------------------------
[2026-09-02T19:03:32.676+00:00][A] [INFO] [HEARTBEAT TX]
[2026-09-02T19:03:32.681+00:00][A] [INFO] Node ID: 1
[2026-09-02T19:03:32.681+00:00][A] [INFO] type: 2
[2026-09-02T19:03:32.681+00:00][A] [INFO] Destination: 0xFF
[2026-09-02T19:03:32.687+00:00][A] [INFO] Sequence: 77
[2026-09-02T19:03:32.687+00:00][A] [INFO] Packet ID: 21
[2026-09-02T19:03:32.687+00:00][A] [INFO] Packet Size: 26
[2026-09-02T19:03:32.692+00:00][A] [INFO] Timestamp: 21 ms
[2026-09-02T19:03:32.692+00:00][A] [INFO] Transmission Result: success
[2026-09-02T19:03:32.698+00:00][A] [INFO] --------------------------------
[2026-09-02T19:03:32.698+00:00][A] [INFO] [Heartbeat #21]
[2026-09-02T19:03:32.703+00:00][A] [INFO] Sent
[2026-09-02T19:03:32.703+00:00][A] [INFO] Waiting ACK...
[2026-09-02T19:03:32.704+00:00][A] [INFO] [WAITING ACK]
[2026-09-02T19:03:32.717+00:00][A] [INFO] [RF TX] type=2 source=0x01 destination=0xFF previousHop=0x01 sequence=77 ackSequence=0 ttl=8 hops=0 payloadSize=13 rssi=0 snr=0.00
[2026-09-02T19:03:32.718+00:00][A] [INFO] Heartbeat packet sent
[2026-09-02T19:03:33.693+00:00][A] [WARN] Retry 1
[2026-09-02T19:03:33.760+00:00][A] [INFO] --------------------------------
[2026-09-02T19:03:33.760+00:00][A] [INFO] [HEARTBEAT TX]
[2026-09-02T19:03:33.765+00:00][A] [INFO] Node ID: 1
[2026-09-02T19:03:33.765+00:00][A] [INFO] type: 2
[2026-09-02T19:03:33.765+00:00][A] [INFO] Destination: 0xFF
[2026-09-02T19:03:33.771+00:00][A] [INFO] Sequence: 77
[2026-09-02T19:03:33.771+00:00][A] [INFO] Packet ID: 21
[2026-09-02T19:03:33.771+00:00][A] [INFO] Packet Size: 26
[2026-09-02T19:03:33.776+00:00][A] [INFO] Timestamp: 21 ms
[2026-09-02T19:03:33.776+00:00][A] [INFO] Transmission Result: success
[2026-09-02T19:03:33.782+00:00][A] [INFO] --------------------------------
[2026-09-02T19:03:33.782+00:00][A] [INFO] [Heartbeat #21]
[2026-09-02T19:03:33.787+00:00][A] [INFO] Sent
[2026-09-02T19:03:33.787+00:00][A] [INFO] Waiting ACK...
[2026-09-02T19:03:33.787+00:00][A] [INFO] [WAITING ACK]
[2026-09-02T19:03:33.802+00:00][A] [INFO] [RF TX] type=2 source=0x01 destination=0xFF previousHop=0x01 sequence=77 ackSequence=0 ttl=8 hops=0 payloadSize=13 rssi=0 snr=0.00
[2026-09-02T19:03:33.802+00:00][A] [INFO] Heartbeat packet sent
[2026-09-02T19:03:34.676+00:00][A] [INFO] --------------------------------
[2026-09-02T19:03:34.676+00:00][A] [INFO] [HEARTBEAT TX]
[2026-09-02T19:03:34.681+00:00][A] [INFO] Node ID: 1
[2026-09-02T19:03:34.681+00:00][A] [INFO] type: 2
[2026-09-02T19:03:34.681+00:00][A] [INFO] Destination: 0xFF
[2026-09-02T19:03:34.687+00:00][A] [INFO] Sequence: 78
[2026-09-02T19:03:34.687+00:00][A] [INFO] Packet ID: 22
[2026-09-02T19:03:34.687+00:00][A] [INFO] Packet Size: 26
[2026-09-02T19:03:34.692+00:00][A] [INFO] Timestamp: 22 ms
[2026-09-02T19:03:34.693+00:00][A] [INFO] Transmission Result: success
[2026-09-02T19:03:34.698+00:00][A] [INFO] --------------------------------
[2026-09-02T19:03:34.698+00:00][A] [INFO] [Heartbeat #22]
[2026-09-02T19:03:34.703+00:00][A] [INFO] Sent
[2026-09-02T19:03:34.704+00:00][A] [INFO] Waiting ACK...
[2026-09-02T19:03:34.704+00:00][A] [INFO] [WAITING ACK]
[2026-09-02T19:03:34.718+00:00][A] [INFO] [RF TX] type=2 source=0x01 destination=0xFF previousHop=0x01 sequence=78 ackSequence=0 ttl=8 hops=0 payloadSize=13 rssi=0 snr=0.00
[2026-09-02T19:03:34.718+00:00][A] [INFO] Heartbeat packet sent
[2026-09-02T19:03:34.870+00:00][A] [INFO] [RF RX] type=1 source=0x02 destination=0x01 previousHop=0x02 sequence=69 ackSequence=0 ttl=8 hops=0 payloadSize=4 rssi=-61 snr=10.00
[2026-09-02T19:03:34.927+00:00][A] [INFO] [RF TX] type=3 source=0x01 destination=0x02 previousHop=0x01 sequence=79 ackSequence=69 ttl=8 hops=0 payloadSize=2 rssi=0 snr=0.00
[2026-09-02T19:03:34.994+00:00][A] [INFO] [RF RX] type=1 source=0x02 destination=0x01 previousHop=0x02 sequence=70 ackSequence=0 ttl=8 hops=0 payloadSize=4 rssi=-62 snr=9.25
[2026-09-02T19:03:35.051+00:00][A] [INFO] [RF TX] type=3 source=0x01 destination=0x02 previousHop=0x01 sequence=80 ackSequence=70 ttl=8 hops=0 payloadSize=2 rssi=0 snr=0.00
[2026-09-02T19:03:35.118+00:00][A] [INFO] [RF RX] type=1 source=0x02 destination=0x01 previousHop=0x02 sequence=71 ackSequence=0 ttl=8 hops=0 payloadSize=4 rssi=-61 snr=9.75
[2026-09-02T19:03:35.175+00:00][A] [INFO] [RF TX] type=3 source=0x01 destination=0x02 previousHop=0x01 sequence=81 ackSequence=71 ttl=8 hops=0 payloadSize=2 rssi=0 snr=0.00
[2026-09-02T19:03:35.241+00:00][A] [INFO] [RF RX] type=1 source=0x02 destination=0x01 previousHop=0x02 sequence=72 ackSequence=0 ttl=8 hops=0 payloadSize=4 rssi=-61 snr=9.75
[2026-09-02T19:03:35.302+00:00][A] [INFO] [RF TX] type=3 source=0x01 destination=0x02 previousHop=0x01 sequence=82 ackSequence=72 ttl=8 hops=0 payloadSize=2 rssi=0 snr=0.00
[2026-09-02T19:03:35.365+00:00][A] [INFO] [RF RX] type=1 source=0x02 destination=0x01 previousHop=0x02 sequence=73 ackSequence=0 ttl=8 hops=0 payloadSize=4 rssi=-61 snr=10.25
[2026-09-02T19:03:35.423+00:00][A] [INFO] [RF TX] type=3 source=0x01 destination=0x02 previousHop=0x01 sequence=83 ackSequence=73 ttl=8 hops=0 payloadSize=2 rssi=0 snr=0.00
[2026-09-02T19:03:35.489+00:00][A] [INFO] [RF RX] type=1 source=0x02 destination=0x01 previousHop=0x02 sequence=74 ackSequence=0 ttl=8 hops=0 payloadSize=4 rssi=-61 snr=9.50
[2026-09-02T19:03:35.546+00:00][A] [INFO] [RF TX] type=3 source=0x01 destination=0x02 previousHop=0x01 sequence=84 ackSequence=74 ttl=8 hops=0 payloadSize=2 rssi=0 snr=0.00
[2026-09-02T19:03:35.613+00:00][A] [INFO] [RF RX] type=1 source=0x02 destination=0x01 previousHop=0x02 sequence=75 ackSequence=0 ttl=8 hops=0 payloadSize=4 rssi=-62 snr=9.50
[2026-09-02T19:03:35.670+00:00][A] [INFO] [RF TX] type=3 source=0x01 destination=0x02 previousHop=0x01 sequence=85 ackSequence=75 ttl=8 hops=0 payloadSize=2 rssi=0 snr=0.00
[2026-09-02T19:03:35.693+00:00][A] [WARN] Retry 1
[2026-09-02T19:03:35.760+00:00][A] [INFO] --------------------------------
[2026-09-02T19:03:35.760+00:00][A] [INFO] [HEARTBEAT TX]
[2026-09-02T19:03:35.765+00:00][A] [INFO] Node ID: 1
[2026-09-02T19:03:35.765+00:00][A] [INFO] type: 2
[2026-09-02T19:03:35.765+00:00][A] [INFO] Destination: 0xFF
[2026-09-02T19:03:35.771+00:00][A] [INFO] Sequence: 78
[2026-09-02T19:03:35.771+00:00][A] [INFO] Packet ID: 22
[2026-09-02T19:03:35.771+00:00][A] [INFO] Packet Size: 26
[2026-09-02T19:03:35.776+00:00][A] [INFO] Timestamp: 22 ms
[2026-09-02T19:03:35.776+00:00][A] [INFO] Transmission Result: success
[2026-09-02T19:03:35.782+00:00][A] [INFO] --------------------------------
[2026-09-02T19:03:35.782+00:00][A] [INFO] [Heartbeat #22]
[2026-09-02T19:03:35.787+00:00][A] [INFO] Sent
[2026-09-02T19:03:35.787+00:00][A] [INFO] Waiting ACK...
[2026-09-02T19:03:35.788+00:00][A] [INFO] [WAITING ACK]
[2026-09-02T19:03:35.802+00:00][A] [INFO] [RF TX] type=2 source=0x01 destination=0xFF previousHop=0x01 sequence=78 ackSequence=0 ttl=8 hops=0 payloadSize=13 rssi=0 snr=0.00
[2026-09-02T19:03:35.802+00:00][A] [INFO] Heartbeat packet sent
[2026-09-02T19:03:36.676+00:00][A] [INFO] --------------------------------
[2026-09-02T19:03:36.676+00:00][A] [INFO] [HEARTBEAT TX]
[2026-09-02T19:03:36.681+00:00][A] [INFO] Node ID: 1
[2026-09-02T19:03:36.681+00:00][A] [INFO] type: 2
[2026-09-02T19:03:36.682+00:00][A] [INFO] Destination: 0xFF
[2026-09-02T19:03:36.687+00:00][A] [INFO] Sequence: 86
[2026-09-02T19:03:36.687+00:00][A] [INFO] Packet ID: 23
[2026-09-02T19:03:36.687+00:00][A] [INFO] Packet Size: 26
[2026-09-02T19:03:36.693+00:00][A] [INFO] Timestamp: 23 ms
[2026-09-02T19:03:36.693+00:00][A] [INFO] Transmission Result: success
[2026-09-02T19:03:36.698+00:00][A] [INFO] --------------------------------
[2026-09-02T19:03:36.699+00:00][A] [INFO] [Heartbeat #23]
[2026-09-02T19:03:36.704+00:00][A] [INFO] Sent
[2026-09-02T19:03:36.704+00:00][A] [INFO] Waiting ACK...
[2026-09-02T19:03:36.704+00:00][A] [INFO] [WAITING ACK]
[2026-09-02T19:03:36.718+00:00][A] [INFO] [RF TX] type=2 source=0x01 destination=0xFF previousHop=0x01 sequence=86 ackSequence=0 ttl=8 hops=0 payloadSize=13 rssi=0 snr=0.00
[2026-09-02T19:03:36.718+00:00][A] [INFO] Heartbeat packet sent
[2026-09-02T19:03:37.693+00:00][A] [WARN] Retry 1
[2026-09-02T19:03:37.760+00:00][A] [INFO] --------------------------------
[2026-09-02T19:03:37.760+00:00][A] [INFO] [HEARTBEAT TX]
[2026-09-02T19:03:37.765+00:00][A] [INFO] Node ID: 1
[2026-09-02T19:03:37.766+00:00][A] [INFO] type: 2
[2026-09-02T19:03:37.766+00:00][A] [INFO] Destination: 0xFF
[2026-09-02T19:03:37.771+00:00][A] [INFO] Sequence: 86
[2026-09-02T19:03:37.771+00:00][A] [INFO] Packet ID: 23
[2026-09-02T19:03:37.772+00:00][A] [INFO] Packet Size: 26
[2026-09-02T19:03:37.777+00:00][A] [INFO] Timestamp: 23 ms
[2026-09-02T19:03:37.777+00:00][A] [INFO] Transmission Result: success
[2026-09-02T19:03:37.782+00:00][A] [INFO] --------------------------------
[2026-09-02T19:03:37.783+00:00][A] [INFO] [Heartbeat #23]
[2026-09-02T19:03:37.787+00:00][A] [INFO] Sent
[2026-09-02T19:03:37.788+00:00][A] [INFO] Waiting ACK...
[2026-09-02T19:03:37.788+00:00][A] [INFO] [WAITING ACK]
[2026-09-02T19:03:37.802+00:00][A] [INFO] [RF TX] type=2 source=0x01 destination=0xFF previousHop=0x01 sequence=86 ackSequence=0 ttl=8 hops=0 payloadSize=13 rssi=0 snr=0.00
[2026-09-02T19:03:37.802+00:00][A] [INFO] Heartbeat packet sent
[2026-09-02T19:03:38.676+00:00][A] [INFO] --------------------------------
[2026-09-02T19:03:38.676+00:00][A] [INFO] [HEARTBEAT TX]
[2026-09-02T19:03:38.681+00:00][A] [INFO] Node ID: 1
[2026-09-02T19:03:38.681+00:00][A] [INFO] type: 2
[2026-09-02T19:03:38.681+00:00][A] [INFO] Destination: 0xFF
[2026-09-02T19:03:38.687+00:00][A] [INFO] Sequence: 87
[2026-09-02T19:03:38.687+00:00][A] [INFO] Packet ID: 24
[2026-09-02T19:03:38.687+00:00][A] [INFO] Packet Size: 26
[2026-09-02T19:03:38.692+00:00][A] [INFO] Timestamp: 24 ms
[2026-09-02T19:03:38.692+00:00][A] [INFO] Transmission Result: success
[2026-09-02T19:03:38.698+00:00][A] [INFO] --------------------------------
[2026-09-02T19:03:38.698+00:00][A] [INFO] [Heartbeat #24]
[2026-09-02T19:03:38.703+00:00][A] [INFO] Sent
[2026-09-02T19:03:38.703+00:00][A] [INFO] Waiting ACK...
[2026-09-02T19:03:38.704+00:00][A] [INFO] [WAITING ACK]
[2026-09-02T19:03:38.717+00:00][A] [INFO] [RF TX] type=2 source=0x01 destination=0xFF previousHop=0x01 sequence=87 ackSequence=0 ttl=8 hops=0 payloadSize=13 rssi=0 snr=0.00
[2026-09-02T19:03:38.718+00:00][A] [INFO] Heartbeat packet sent
[2026-09-02T19:03:38.916+00:00][A] [INFO] [RF TX] type=3 source=0x01 destination=0x02 previousHop=0x01 sequence=88 ackSequence=75 ttl=8 hops=0 payloadSize=2 rssi=0 snr=0.00
[2026-09-02T19:03:39.693+00:00][A] [WARN] Retry 1
[2026-09-02T19:03:39.760+00:00][A] [INFO] --------------------------------
[2026-09-02T19:03:39.760+00:00][A] [INFO] [HEARTBEAT TX]
[2026-09-02T19:03:39.766+00:00][A] [INFO] Node ID: 1
[2026-09-02T19:03:39.766+00:00][A] [INFO] type: 2
[2026-09-02T19:03:39.766+00:00][A] [INFO] Destination: 0xFF
[2026-09-02T19:03:39.771+00:00][A] [INFO] Sequence: 87
[2026-09-02T19:03:39.771+00:00][A] [INFO] Packet ID: 24
[2026-09-02T19:03:39.771+00:00][A] [INFO] Packet Size: 26
[2026-09-02T19:03:39.776+00:00][A] [INFO] Timestamp: 24 ms
[2026-09-02T19:03:39.777+00:00][A] [INFO] Transmission Result: success
[2026-09-02T19:03:39.782+00:00][A] [INFO] --------------------------------
[2026-09-02T19:03:39.782+00:00][A] [INFO] [Heartbeat #24]
[2026-09-02T19:03:39.787+00:00][A] [INFO] Sent
[2026-09-02T19:03:39.788+00:00][A] [INFO] Waiting ACK...
[2026-09-02T19:03:39.788+00:00][A] [INFO] [WAITING ACK]
[2026-09-02T19:03:39.801+00:00][A] [INFO] [RF TX] type=2 source=0x01 destination=0xFF previousHop=0x01 sequence=87 ackSequence=0 ttl=8 hops=0 payloadSize=13 rssi=0 snr=0.00
[2026-09-02T19:03:39.802+00:00][A] [INFO] Heartbeat packet sent
[2026-09-02T19:03:39.933+00:00][A] [INFO] [RF RX] type=1 source=0x02 destination=0x01 previousHop=0x02 sequence=78 ackSequence=0 ttl=8 hops=0 payloadSize=4 rssi=-60 snr=10.00
[2026-09-02T19:03:39.989+00:00][A] [INFO] [RF TX] type=3 source=0x01 destination=0x02 previousHop=0x01 sequence=89 ackSequence=78 ttl=8 hops=0 payloadSize=2 rssi=0 snr=0.00
[2026-09-02T19:03:40.056+00:00][A] [INFO] [RF RX] type=1 source=0x02 destination=0x01 previousHop=0x02 sequence=79 ackSequence=0 ttl=8 hops=0 payloadSize=4 rssi=-62 snr=9.00
[2026-09-02T19:03:40.113+00:00][A] [INFO] [RF TX] type=3 source=0x01 destination=0x02 previousHop=0x01 sequence=90 ackSequence=79 ttl=8 hops=0 payloadSize=2 rssi=0 snr=0.00
[2026-09-02T19:03:40.179+00:00][A] [INFO] [RF RX] type=1 source=0x02 destination=0x01 previousHop=0x02 sequence=80 ackSequence=0 ttl=8 hops=0 payloadSize=4 rssi=-62 snr=9.00
[2026-09-02T19:03:40.237+00:00][A] [INFO] [RF TX] type=3 source=0x01 destination=0x02 previousHop=0x01 sequence=91 ackSequence=80 ttl=8 hops=0 payloadSize=2 rssi=0 snr=0.00
[2026-09-02T19:03:40.303+00:00][A] [INFO] [RF RX] type=1 source=0x02 destination=0x01 previousHop=0x02 sequence=81 ackSequence=0 ttl=8 hops=0 payloadSize=4 rssi=-62 snr=9.50
[2026-09-02T19:03:40.362+00:00][A] [INFO] [RF TX] type=3 source=0x01 destination=0x02 previousHop=0x01 sequence=92 ackSequence=81 ttl=8 hops=0 payloadSize=2 rssi=0 snr=0.00
[2026-09-02T19:03:40.427+00:00][A] [INFO] [RF RX] type=1 source=0x02 destination=0x01 previousHop=0x02 sequence=82 ackSequence=0 ttl=8 hops=0 payloadSize=4 rssi=-61 snr=9.50
[2026-09-02T19:03:40.484+00:00][A] [INFO] [RF TX] type=3 source=0x01 destination=0x02 previousHop=0x01 sequence=93 ackSequence=82 ttl=8 hops=0 payloadSize=2 rssi=0 snr=0.00
[2026-09-02T19:03:40.551+00:00][A] [INFO] [RF RX] type=1 source=0x02 destination=0x01 previousHop=0x02 sequence=83 ackSequence=0 ttl=8 hops=0 payloadSize=4 rssi=-61 snr=9.50
[2026-09-02T19:03:40.609+00:00][A] [INFO] [RF TX] type=3 source=0x01 destination=0x02 previousHop=0x01 sequence=94 ackSequence=83 ttl=8 hops=0 payloadSize=2 rssi=0 snr=0.00
[2026-09-02T19:03:40.676+00:00][A] [INFO] --------------------------------
[2026-09-02T19:03:40.676+00:00][A] [INFO] [HEARTBEAT TX]
[2026-09-02T19:03:40.681+00:00][A] [INFO] Node ID: 1
[2026-09-02T19:03:40.681+00:00][A] [INFO] type: 2
[2026-09-02T19:03:40.682+00:00][A] [INFO] Destination: 0xFF
[2026-09-02T19:03:40.687+00:00][A] [INFO] Sequence: 95
[2026-09-02T19:03:40.687+00:00][A] [INFO] Packet ID: 25
[2026-09-02T19:03:40.687+00:00][A] [INFO] Packet Size: 26
[2026-09-02T19:03:40.693+00:00][A] [INFO] Timestamp: 25 ms
[2026-09-02T19:03:40.693+00:00][A] [INFO] Transmission Result: success
[2026-09-02T19:03:40.698+00:00][A] [INFO] --------------------------------
[2026-09-02T19:03:40.698+00:00][A] [INFO] [Heartbeat #25]
[2026-09-02T19:03:40.703+00:00][A] [INFO] Sent
[2026-09-02T19:03:40.704+00:00][A] [INFO] Waiting ACK...
[2026-09-02T19:03:40.704+00:00][A] [INFO] [WAITING ACK]
[2026-09-02T19:03:40.718+00:00][A] [INFO] [RF TX] type=2 source=0x01 destination=0xFF previousHop=0x01 sequence=95 ackSequence=0 ttl=8 hops=0 payloadSize=13 rssi=0 snr=0.00
[2026-09-02T19:03:40.718+00:00][A] [INFO] Heartbeat packet sent
[2026-09-02T19:03:41.661+00:00][A] [INFO] [RF TX] type=3 source=0x01 destination=0x02 previousHop=0x01 sequence=96 ackSequence=83 ttl=8 hops=0 payloadSize=2 rssi=0 snr=0.00
[2026-09-02T19:03:41.693+00:00][A] [WARN] Retry 1
[2026-09-02T19:03:41.760+00:00][A] [INFO] --------------------------------
[2026-09-02T19:03:41.760+00:00][A] [INFO] [HEARTBEAT TX]
[2026-09-02T19:03:41.765+00:00][A] [INFO] Node ID: 1
[2026-09-02T19:03:41.765+00:00][A] [INFO] type: 2
[2026-09-02T19:03:41.766+00:00][A] [INFO] Destination: 0xFF
[2026-09-02T19:03:41.771+00:00][A] [INFO] Sequence: 95
[2026-09-02T19:03:41.771+00:00][A] [INFO] Packet ID: 25
[2026-09-02T19:03:41.771+00:00][A] [INFO] Packet Size: 26
[2026-09-02T19:03:41.776+00:00][A] [INFO] Timestamp: 25 ms
[2026-09-02T19:03:41.777+00:00][A] [INFO] Transmission Result: success
[2026-09-02T19:03:41.782+00:00][A] [INFO] --------------------------------
[2026-09-02T19:03:41.782+00:00][A] [INFO] [Heartbeat #25]
[2026-09-02T19:03:41.787+00:00][A] [INFO] Sent
[2026-09-02T19:03:41.788+00:00][A] [INFO] Waiting ACK...
[2026-09-02T19:03:41.788+00:00][A] [INFO] [WAITING ACK]
[2026-09-02T19:03:41.801+00:00][A] [INFO] [RF TX] type=2 source=0x01 destination=0xFF previousHop=0x01 sequence=95 ackSequence=0 ttl=8 hops=0 payloadSize=13 rssi=0 snr=0.00
[2026-09-02T19:03:41.802+00:00][A] [INFO] Heartbeat packet sent
[2026-09-02T19:03:42.676+00:00][A] [INFO] --------------------------------
[2026-09-02T19:03:42.676+00:00][A] [INFO] [HEARTBEAT TX]
[2026-09-02T19:03:42.681+00:00][A] [INFO] Node ID: 1
[2026-09-02T19:03:42.681+00:00][A] [INFO] type: 2
[2026-09-02T19:03:42.682+00:00][A] [INFO] Destination: 0xFF
[2026-09-02T19:03:42.687+00:00][A] [INFO] Sequence: 97
[2026-09-02T19:03:42.687+00:00][A] [INFO] Packet ID: 26
[2026-09-02T19:03:42.687+00:00][A] [INFO] Packet Size: 26
[2026-09-02T19:03:42.692+00:00][A] [INFO] Timestamp: 26 ms
[2026-09-02T19:03:42.693+00:00][A] [INFO] Transmission Result: success
[2026-09-02T19:03:42.698+00:00][A] [INFO] --------------------------------
[2026-09-02T19:03:42.698+00:00][A] [INFO] [Heartbeat #26]
[2026-09-02T19:03:42.703+00:00][A] [INFO] Sent
[2026-09-02T19:03:42.704+00:00][A] [INFO] Waiting ACK...
[2026-09-02T19:03:42.704+00:00][A] [INFO] [WAITING ACK]
[2026-09-02T19:03:42.717+00:00][A] [INFO] [RF TX] type=2 source=0x01 destination=0xFF previousHop=0x01 sequence=97 ackSequence=0 ttl=8 hops=0 payloadSize=13 rssi=0 snr=0.00
[2026-09-02T19:03:42.718+00:00][A] [INFO] Heartbeat packet sent
[2026-09-02T19:03:43.693+00:00][A] [WARN] Retry 1
[2026-09-02T19:03:43.760+00:00][A] [INFO] --------------------------------
[2026-09-02T19:03:43.760+00:00][A] [INFO] [HEARTBEAT TX]
[2026-09-02T19:03:43.765+00:00][A] [INFO] Node ID: 1
[2026-09-02T19:03:43.765+00:00][A] [INFO] type: 2
[2026-09-02T19:03:43.766+00:00][A] [INFO] Destination: 0xFF
[2026-09-02T19:03:43.771+00:00][A] [INFO] Sequence: 97
[2026-09-02T19:03:43.771+00:00][A] [INFO] Packet ID: 26
[2026-09-02T19:03:43.771+00:00][A] [INFO] Packet Size: 26
[2026-09-02T19:03:43.776+00:00][A] [INFO] Timestamp: 26 ms
[2026-09-02T19:03:43.777+00:00][A] [INFO] Transmission Result: success
[2026-09-02T19:03:43.782+00:00][A] [INFO] --------------------------------
[2026-09-02T19:03:43.782+00:00][A] [INFO] [Heartbeat #26]
[2026-09-02T19:03:43.787+00:00][A] [INFO] Sent
[2026-09-02T19:03:43.788+00:00][A] [INFO] Waiting ACK...
[2026-09-02T19:03:43.788+00:00][A] [INFO] [WAITING ACK]
[2026-09-02T19:03:43.801+00:00][A] [INFO] [RF TX] type=2 source=0x01 destination=0xFF previousHop=0x01 sequence=97 ackSequence=0 ttl=8 hops=0 payloadSize=13 rssi=0 snr=0.00
[2026-09-02T19:03:43.802+00:00][A] [INFO] Heartbeat packet sent
[2026-09-02T19:03:44.676+00:00][A] [INFO] --------------------------------
[2026-09-02T19:03:44.676+00:00][A] [INFO] [HEARTBEAT TX]
[2026-09-02T19:03:44.681+00:00][A] [INFO] Node ID: 1
[2026-09-02T19:03:44.681+00:00][A] [INFO] type: 2
[2026-09-02T19:03:44.682+00:00][A] [INFO] Destination: 0xFF
[2026-09-02T19:03:44.687+00:00][A] [INFO] Sequence: 98
[2026-09-02T19:03:44.687+00:00][A] [INFO] Packet ID: 27
[2026-09-02T19:03:44.687+00:00][A] [INFO] Packet Size: 26
[2026-09-02T19:03:44.692+00:00][A] [INFO] Timestamp: 27 ms
[2026-09-02T19:03:44.693+00:00][A] [INFO] Transmission Result: success
[2026-09-02T19:03:44.698+00:00][A] [INFO] --------------------------------
[2026-09-02T19:03:44.698+00:00][A] [INFO] [Heartbeat #27]
[2026-09-02T19:03:44.703+00:00][A] [INFO] Sent
[2026-09-02T19:03:44.704+00:00][A] [INFO] Waiting ACK...
[2026-09-02T19:03:44.704+00:00][A] [INFO] [WAITING ACK]
[2026-09-02T19:03:44.717+00:00][A] [INFO] [RF TX] type=2 source=0x01 destination=0xFF previousHop=0x01 sequence=98 ackSequence=0 ttl=8 hops=0 payloadSize=13 rssi=0 snr=0.00
[2026-09-02T19:03:44.718+00:00][A] [INFO] Heartbeat packet sent
[2026-09-02T19:03:44.870+00:00][A] [INFO] [RF RX] type=1 source=0x02 destination=0x01 previousHop=0x02 sequence=87 ackSequence=0 ttl=8 hops=0 payloadSize=4 rssi=-60 snr=9.50
[2026-09-02T19:03:44.927+00:00][A] [INFO] [RF TX] type=3 source=0x01 destination=0x02 previousHop=0x01 sequence=99 ackSequence=87 ttl=8 hops=0 payloadSize=2 rssi=0 snr=0.00
[2026-09-02T19:03:44.994+00:00][A] [INFO] [RF RX] type=1 source=0x02 destination=0x01 previousHop=0x02 sequence=88 ackSequence=0 ttl=8 hops=0 payloadSize=4 rssi=-61 snr=9.50
[2026-09-02T19:03:45.051+00:00][A] [INFO] [RF TX] type=3 source=0x01 destination=0x02 previousHop=0x01 sequence=100 ackSequence=88 ttl=8 hops=0 payloadSize=2 rssi=0 snr=0.00
[2026-09-02T19:03:45.117+00:00][A] [INFO] [RF RX] type=1 source=0x02 destination=0x01 previousHop=0x02 sequence=89 ackSequence=0 ttl=8 hops=0 payloadSize=4 rssi=-61 snr=9.50
[2026-09-02T19:03:45.175+00:00][A] [INFO] [RF TX] type=3 source=0x01 destination=0x02 previousHop=0x01 sequence=101 ackSequence=89 ttl=8 hops=0 payloadSize=2 rssi=0 snr=0.00
[2026-09-02T19:03:45.241+00:00][A] [INFO] [RF RX] type=1 source=0x02 destination=0x01 previousHop=0x02 sequence=90 ackSequence=0 ttl=8 hops=0 payloadSize=4 rssi=-61 snr=9.50
[2026-09-02T19:03:45.298+00:00][A] [INFO] [RF TX] type=3 source=0x01 destination=0x02 previousHop=0x01 sequence=102 ackSequence=90 ttl=8 hops=0 payloadSize=2 rssi=0 snr=0.00
[2026-09-02T19:03:45.365+00:00][A] [INFO] [RF RX] type=1 source=0x02 destination=0x01 previousHop=0x02 sequence=91 ackSequence=0 ttl=8 hops=0 payloadSize=4 rssi=-60 snr=9.75
[2026-09-02T19:03:45.422+00:00][A] [INFO] [RF TX] type=3 source=0x01 destination=0x02 previousHop=0x01 sequence=103 ackSequence=91 ttl=8 hops=0 payloadSize=2 rssi=0 snr=0.00
[2026-09-02T19:03:45.489+00:00][A] [INFO] [RF RX] type=1 source=0x02 destination=0x01 previousHop=0x02 sequence=92 ackSequence=0 ttl=8 hops=0 payloadSize=4 rssi=-60 snr=9.25
[2026-09-02T19:03:45.546+00:00][A] [INFO] [RF TX] type=3 source=0x01 destination=0x02 previousHop=0x01 sequence=104 ackSequence=92 ttl=8 hops=0 payloadSize=2 rssi=0 snr=0.00
[2026-09-02T19:03:45.612+00:00][A] [INFO] [RF RX] type=1 source=0x02 destination=0x01 previousHop=0x02 sequence=93 ackSequence=0 ttl=8 hops=0 payloadSize=4 rssi=-62 snr=9.25
[2026-09-02T19:03:45.670+00:00][A] [INFO] [RF TX] type=3 source=0x01 destination=0x02 previousHop=0x01 sequence=105 ackSequence=93 ttl=8 hops=0 payloadSize=2 rssi=0 snr=0.00
[2026-09-02T19:03:45.693+00:00][A] [WARN] Retry 1
[2026-09-02T19:03:45.760+00:00][A] [INFO] --------------------------------
[2026-09-02T19:03:45.760+00:00][A] [INFO] [HEARTBEAT TX]
[2026-09-02T19:03:45.765+00:00][A] [INFO] Node ID: 1
[2026-09-02T19:03:45.766+00:00][A] [INFO] type: 2
[2026-09-02T19:03:45.766+00:00][A] [INFO] Destination: 0xFF
[2026-09-02T19:03:45.771+00:00][A] [INFO] Sequence: 98
[2026-09-02T19:03:45.771+00:00][A] [INFO] Packet ID: 27
[2026-09-02T19:03:45.771+00:00][A] [INFO] Packet Size: 26
[2026-09-02T19:03:45.776+00:00][A] [INFO] Timestamp: 27 ms
[2026-09-02T19:03:45.777+00:00][A] [INFO] Transmission Result: success
[2026-09-02T19:03:45.782+00:00][A] [INFO] --------------------------------
[2026-09-02T19:03:45.782+00:00][A] [INFO] [Heartbeat #27]
[2026-09-02T19:03:45.787+00:00][A] [INFO] Sent
[2026-09-02T19:03:45.788+00:00][A] [INFO] Waiting ACK...
[2026-09-02T19:03:45.788+00:00][A] [INFO] [WAITING ACK]
[2026-09-02T19:03:45.801+00:00][A] [INFO] [RF TX] type=2 source=0x01 destination=0xFF previousHop=0x01 sequence=98 ackSequence=0 ttl=8 hops=0 payloadSize=13 rssi=0 snr=0.00
[2026-09-02T19:03:45.802+00:00][A] [INFO] Heartbeat packet sent
[2026-09-02T19:03:46.676+00:00][A] [INFO] --------------------------------
[2026-09-02T19:03:46.676+00:00][A] [INFO] [HEARTBEAT TX]
[2026-09-02T19:03:46.681+00:00][A] [INFO] Node ID: 1
[2026-09-02T19:03:46.681+00:00][A] [INFO] type: 2
[2026-09-02T19:03:46.681+00:00][A] [INFO] Destination: 0xFF
[2026-09-02T19:03:46.687+00:00][A] [INFO] Sequence: 106
[2026-09-02T19:03:46.687+00:00][A] [INFO] Packet ID: 28
[2026-09-02T19:03:46.692+00:00][A] [INFO] Packet Size: 26
[2026-09-02T19:03:46.692+00:00][A] [INFO] Timestamp: 28 ms
[2026-09-02T19:03:46.693+00:00][A] [INFO] Transmission Result: success
[2026-09-02T19:03:46.698+00:00][A] [INFO] --------------------------------
[2026-09-02T19:03:46.698+00:00][A] [INFO] [Heartbeat #28]
[2026-09-02T19:03:46.703+00:00][A] [INFO] Sent
[2026-09-02T19:03:46.703+00:00][A] [INFO] Waiting ACK...
[2026-09-02T19:03:46.703+00:00][A] [INFO] [WAITING ACK]
[2026-09-02T19:03:46.717+00:00][A] [INFO] [RF TX] type=2 source=0x01 destination=0xFF previousHop=0x01 sequence=106 ackSequence=0 ttl=8 hops=0 payloadSize=13 rssi=0 snr=0.00
[2026-09-02T19:03:46.718+00:00][A] [INFO] Heartbeat packet sent
[2026-09-02T19:03:47.693+00:00][A] [WARN] Retry 1
[2026-09-02T19:03:47.760+00:00][A] [INFO] --------------------------------
[2026-09-02T19:03:47.760+00:00][A] [INFO] [HEARTBEAT TX]
[2026-09-02T19:03:47.765+00:00][A] [INFO] Node ID: 1
[2026-09-02T19:03:47.765+00:00][A] [INFO] type: 2
[2026-09-02T19:03:47.766+00:00][A] [INFO] Destination: 0xFF
[2026-09-02T19:03:47.771+00:00][A] [INFO] Sequence: 106
[2026-09-02T19:03:47.771+00:00][A] [INFO] Packet ID: 28
[2026-09-02T19:03:47.776+00:00][A] [INFO] Packet Size: 26
[2026-09-02T19:03:47.776+00:00][A] [INFO] Timestamp: 28 ms
[2026-09-02T19:03:47.777+00:00][A] [INFO] Transmission Result: success
[2026-09-02T19:03:47.782+00:00][A] [INFO] --------------------------------
[2026-09-02T19:03:47.783+00:00][A] [INFO] [Heartbeat #28]
[2026-09-02T19:03:47.787+00:00][A] [INFO] Sent
[2026-09-02T19:03:47.788+00:00][A] [INFO] Waiting ACK...
[2026-09-02T19:03:47.788+00:00][A] [INFO] [WAITING ACK]
[2026-09-02T19:03:47.802+00:00][A] [INFO] [RF TX] type=2 source=0x01 destination=0xFF previousHop=0x01 sequence=106 ackSequence=0 ttl=8 hops=0 payloadSize=13 rssi=0 snr=0.00
[2026-09-02T19:03:47.802+00:00][A] [INFO] Heartbeat packet sent
[2026-09-02T19:03:48.676+00:00][A] [INFO] --------------------------------
[2026-09-02T19:03:48.677+00:00][A] [INFO] [HEARTBEAT TX]
[2026-09-02T19:03:48.681+00:00][A] [INFO] Node ID: 1
[2026-09-02T19:03:48.681+00:00][A] [INFO] type: 2
[2026-09-02T19:03:48.681+00:00][A] [INFO] Destination: 0xFF
[2026-09-02T19:03:48.687+00:00][A] [INFO] Sequence: 107
[2026-09-02T19:03:48.687+00:00][A] [INFO] Packet ID: 29
[2026-09-02T19:03:48.692+00:00][A] [INFO] Packet Size: 26
[2026-09-02T19:03:48.692+00:00][A] [INFO] Timestamp: 29 ms
[2026-09-02T19:03:48.693+00:00][A] [INFO] Transmission Result: success
[2026-09-02T19:03:48.698+00:00][A] [INFO] --------------------------------
[2026-09-02T19:03:48.698+00:00][A] [INFO] [Heartbeat #29]
[2026-09-02T19:03:48.703+00:00][A] [INFO] Sent
[2026-09-02T19:03:48.703+00:00][A] [INFO] Waiting ACK...
[2026-09-02T19:03:48.704+00:00][A] [INFO] [WAITING ACK]
[2026-09-02T19:03:48.717+00:00][A] [INFO] [RF TX] type=2 source=0x01 destination=0xFF previousHop=0x01 sequence=107 ackSequence=0 ttl=8 hops=0 payloadSize=13 rssi=0 snr=0.00
[2026-09-02T19:03:48.718+00:00][A] [INFO] Heartbeat packet sent
[2026-09-02T19:03:48.916+00:00][A] [INFO] [RF TX] type=3 source=0x01 destination=0x02 previousHop=0x01 sequence=108 ackSequence=93 ttl=8 hops=0 payloadSize=2 rssi=0 snr=0.00
[2026-09-02T19:03:49.693+00:00][A] [WARN] Retry 1
[2026-09-02T19:03:49.760+00:00][A] [INFO] --------------------------------
[2026-09-02T19:03:49.760+00:00][A] [INFO] [HEARTBEAT TX]
[2026-09-02T19:03:49.765+00:00][A] [INFO] Node ID: 1
[2026-09-02T19:03:49.765+00:00][A] [INFO] type: 2
[2026-09-02T19:03:49.766+00:00][A] [INFO] Destination: 0xFF
[2026-09-02T19:03:49.771+00:00][A] [INFO] Sequence: 107
[2026-09-02T19:03:49.771+00:00][A] [INFO] Packet ID: 29
[2026-09-02T19:03:49.776+00:00][A] [INFO] Packet Size: 26
[2026-09-02T19:03:49.776+00:00][A] [INFO] Timestamp: 29 ms
[2026-09-02T19:03:49.777+00:00][A] [INFO] Transmission Result: success
[2026-09-02T19:03:49.782+00:00][A] [INFO] --------------------------------
[2026-09-02T19:03:49.783+00:00][A] [INFO] [Heartbeat #29]
[2026-09-02T19:03:49.787+00:00][A] [INFO] Sent
[2026-09-02T19:03:49.787+00:00][A] [INFO] Waiting ACK...
[2026-09-02T19:03:49.788+00:00][A] [INFO] [WAITING ACK]
[2026-09-02T19:03:49.802+00:00][A] [INFO] [RF TX] type=2 source=0x01 destination=0xFF previousHop=0x01 sequence=107 ackSequence=0 ttl=8 hops=0 payloadSize=13 rssi=0 snr=0.00
[2026-09-02T19:03:49.802+00:00][A] [INFO] Heartbeat packet sent
[2026-09-02T19:03:49.931+00:00][A] [INFO] [RF RX] type=1 source=0x02 destination=0x01 previousHop=0x02 sequence=96 ackSequence=0 ttl=8 hops=0 payloadSize=4 rssi=-61 snr=9.50
[2026-09-02T19:03:49.989+00:00][A] [INFO] [RF TX] type=3 source=0x01 destination=0x02 previousHop=0x01 sequence=109 ackSequence=96 ttl=8 hops=0 payloadSize=2 rssi=0 snr=0.00
[2026-09-02T19:03:50.055+00:00][A] [INFO] [RF RX] type=1 source=0x02 destination=0x01 previousHop=0x02 sequence=97 ackSequence=0 ttl=8 hops=0 payloadSize=4 rssi=-61 snr=9.75
[2026-09-02T19:03:50.113+00:00][A] [INFO] [RF TX] type=3 source=0x01 destination=0x02 previousHop=0x01 sequence=110 ackSequence=97 ttl=8 hops=0 payloadSize=2 rssi=0 snr=0.00
[2026-09-02T19:03:50.179+00:00][A] [INFO] [RF RX] type=1 source=0x02 destination=0x01 previousHop=0x02 sequence=98 ackSequence=0 ttl=8 hops=0 payloadSize=4 rssi=-61 snr=9.25
[2026-09-02T19:03:50.237+00:00][A] [INFO] [RF TX] type=3 source=0x01 destination=0x02 previousHop=0x01 sequence=111 ackSequence=98 ttl=8 hops=0 payloadSize=2 rssi=0 snr=0.00
[2026-09-02T19:03:50.303+00:00][A] [INFO] [RF RX] type=1 source=0x02 destination=0x01 previousHop=0x02 sequence=99 ackSequence=0 ttl=8 hops=0 payloadSize=4 rssi=-61 snr=9.50
[2026-09-02T19:03:50.360+00:00][A] [INFO] [RF TX] type=3 source=0x01 destination=0x02 previousHop=0x01 sequence=112 ackSequence=99 ttl=8 hops=0 payloadSize=2 rssi=0 snr=0.00
[2026-09-02T19:03:50.427+00:00][A] [INFO] [RF RX] type=1 source=0x02 destination=0x01 previousHop=0x02 sequence=100 ackSequence=0 ttl=8 hops=0 payloadSize=4 rssi=-60 snr=9.75
[2026-09-02T19:03:50.484+00:00][A] [INFO] [RF TX] type=3 source=0x01 destination=0x02 previousHop=0x01 sequence=113 ackSequence=100 ttl=8 hops=0 payloadSize=2 rssi=0 snr=0.00
[2026-09-02T19:03:50.551+00:00][A] [INFO] [RF RX] type=1 source=0x02 destination=0x01 previousHop=0x02 sequence=101 ackSequence=0 ttl=8 hops=0 payloadSize=4 rssi=-61 snr=10.00
[2026-09-02T19:03:50.611+00:00][A] [INFO] [RF TX] type=3 source=0x01 destination=0x02 previousHop=0x01 sequence=114 ackSequence=101 ttl=8 hops=0 payloadSize=2 rssi=0 snr=0.00
[2026-09-02T19:03:50.675+00:00][A] [INFO] --------------------------------
[2026-09-02T19:03:50.675+00:00][A] [INFO] [HEARTBEAT TX]
[2026-09-02T19:03:50.681+00:00][A] [INFO] Node ID: 1
[2026-09-02T19:03:50.681+00:00][A] [INFO] type: 2
[2026-09-02T19:03:50.681+00:00][A] [INFO] Destination: 0xFF
[2026-09-02T19:03:50.686+00:00][A] [INFO] Sequence: 115
[2026-09-02T19:03:50.686+00:00][A] [INFO] Packet ID: 30
[2026-09-02T19:03:50.692+00:00][A] [INFO] Packet Size: 26
[2026-09-02T19:03:50.692+00:00][A] [INFO] Timestamp: 30 ms
[2026-09-02T19:03:50.692+00:00][A] [INFO] Transmission Result: success
[2026-09-02T19:03:50.698+00:00][A] [INFO] --------------------------------
[2026-09-02T19:03:50.698+00:00][A] [INFO] [Heartbeat #30]
[2026-09-02T19:03:50.703+00:00][A] [INFO] Sent
[2026-09-02T19:03:50.703+00:00][A] [INFO] Waiting ACK...
[2026-09-02T19:03:50.703+00:00][A] [INFO] [WAITING ACK]
[2026-09-02T19:03:50.717+00:00][A] [INFO] [RF TX] type=2 source=0x01 destination=0xFF previousHop=0x01 sequence=115 ackSequence=0 ttl=8 hops=0 payloadSize=13 rssi=0 snr=0.00
[2026-09-02T19:03:50.717+00:00][A] [INFO] Heartbeat packet sent
[2026-09-02T19:03:51.660+00:00][A] [INFO] [RF TX] type=3 source=0x01 destination=0x02 previousHop=0x01 sequence=116 ackSequence=101 ttl=8 hops=0 payloadSize=2 rssi=0 snr=0.00
[2026-09-02T19:03:51.693+00:00][A] [WARN] Retry 1
[2026-09-02T19:03:51.759+00:00][A] [INFO] --------------------------------
[2026-09-02T19:03:51.760+00:00][A] [INFO] [HEARTBEAT TX]
[2026-09-02T19:03:51.765+00:00][A] [INFO] Node ID: 1
[2026-09-02T19:03:51.765+00:00][A] [INFO] type: 2
[2026-09-02T19:03:51.765+00:00][A] [INFO] Destination: 0xFF
[2026-09-02T19:03:51.771+00:00][A] [INFO] Sequence: 115
[2026-09-02T19:03:51.771+00:00][A] [INFO] Packet ID: 30
[2026-09-02T19:03:51.776+00:00][A] [INFO] Packet Size: 26
[2026-09-02T19:03:51.776+00:00][A] [INFO] Timestamp: 30 ms
[2026-09-02T19:03:51.776+00:00][A] [INFO] Transmission Result: success
[2026-09-02T19:03:51.782+00:00][A] [INFO] --------------------------------
[2026-09-02T19:03:51.782+00:00][A] [INFO] [Heartbeat #30]
[2026-09-02T19:03:51.787+00:00][A] [INFO] Sent
[2026-09-02T19:03:51.787+00:00][A] [INFO] Waiting ACK...
[2026-09-02T19:03:51.788+00:00][A] [INFO] [WAITING ACK]
[2026-09-02T19:03:51.801+00:00][A] [INFO] [RF TX] type=2 source=0x01 destination=0xFF previousHop=0x01 sequence=115 ackSequence=0 ttl=8 hops=0 payloadSize=13 rssi=0 snr=0.00
[2026-09-02T19:03:51.802+00:00][A] [INFO] Heartbeat packet sent
[2026-09-02T19:03:52.676+00:00][A] [INFO] --------------------------------
[2026-09-02T19:03:52.676+00:00][A] [INFO] [HEARTBEAT TX]
[2026-09-02T19:03:52.681+00:00][A] [INFO] Node ID: 1
[2026-09-02T19:03:52.681+00:00][A] [INFO] type: 2
[2026-09-02T19:03:52.681+00:00][A] [INFO] Destination: 0xFF
[2026-09-02T19:03:52.687+00:00][A] [INFO] Sequence: 117
[2026-09-02T19:03:52.687+00:00][A] [INFO] Packet ID: 31
[2026-09-02T19:03:52.692+00:00][A] [INFO] Packet Size: 26
[2026-09-02T19:03:52.692+00:00][A] [INFO] Timestamp: 31 ms
[2026-09-02T19:03:52.693+00:00][A] [INFO] Transmission Result: success
[2026-09-02T19:03:52.698+00:00][A] [INFO] --------------------------------
[2026-09-02T19:03:52.698+00:00][A] [INFO] [Heartbeat #31]
[2026-09-02T19:03:52.703+00:00][A] [INFO] Sent
[2026-09-02T19:03:52.703+00:00][A] [INFO] Waiting ACK...
[2026-09-02T19:03:52.704+00:00][A] [INFO] [WAITING ACK]
[2026-09-02T19:03:52.717+00:00][A] [INFO] [RF TX] type=2 source=0x01 destination=0xFF previousHop=0x01 sequence=117 ackSequence=0 ttl=8 hops=0 payloadSize=13 rssi=0 snr=0.00
[2026-09-02T19:03:52.718+00:00][A] [INFO] Heartbeat packet sent
[2026-09-02T19:03:53.693+00:00][A] [WARN] Retry 1
[2026-09-02T19:03:53.760+00:00][A] [INFO] --------------------------------
[2026-09-02T19:03:53.760+00:00][A] [INFO] [HEARTBEAT TX]
[2026-09-02T19:03:53.765+00:00][A] [INFO] Node ID: 1
[2026-09-02T19:03:53.765+00:00][A] [INFO] type: 2
[2026-09-02T19:03:53.766+00:00][A] [INFO] Destination: 0xFF
[2026-09-02T19:03:53.771+00:00][A] [INFO] Sequence: 117
[2026-09-02T19:03:53.771+00:00][A] [INFO] Packet ID: 31
[2026-09-02T19:03:53.776+00:00][A] [INFO] Packet Size: 26
[2026-09-02T19:03:53.776+00:00][A] [INFO] Timestamp: 31 ms
[2026-09-02T19:03:53.777+00:00][A] [INFO] Transmission Result: success
[2026-09-02T19:03:53.782+00:00][A] [INFO] --------------------------------
[2026-09-02T19:03:53.782+00:00][A] [INFO] [Heartbeat #31]
[2026-09-02T19:03:53.787+00:00][A] [INFO] Sent
[2026-09-02T19:03:53.787+00:00][A] [INFO] Waiting ACK...
[2026-09-02T19:03:53.787+00:00][A] [INFO] [WAITING ACK]
[2026-09-02T19:03:53.801+00:00][A] [INFO] [RF TX] type=2 source=0x01 destination=0xFF previousHop=0x01 sequence=117 ackSequence=0 ttl=8 hops=0 payloadSize=13 rssi=0 snr=0.00
[2026-09-02T19:03:53.802+00:00][A] [INFO] Heartbeat packet sent
[2026-09-02T19:03:54.676+00:00][A] [INFO] --------------------------------
[2026-09-02T19:03:54.676+00:00][A] [INFO] [HEARTBEAT TX]
[2026-09-02T19:03:54.681+00:00][A] [INFO] Node ID: 1
[2026-09-02T19:03:54.681+00:00][A] [INFO] type: 2
[2026-09-02T19:03:54.681+00:00][A] [INFO] Destination: 0xFF
[2026-09-02T19:03:54.686+00:00][A] [INFO] Sequence: 118
[2026-09-02T19:03:54.687+00:00][A] [INFO] Packet ID: 32
[2026-09-02T19:03:54.692+00:00][A] [INFO] Packet Size: 26
[2026-09-02T19:03:54.692+00:00][A] [INFO] Timestamp: 32 ms
[2026-09-02T19:03:54.693+00:00][A] [INFO] Transmission Result: success
[2026-09-02T19:03:54.698+00:00][A] [INFO] --------------------------------
[2026-09-02T19:03:54.698+00:00][A] [INFO] [Heartbeat #32]
[2026-09-02T19:03:54.703+00:00][A] [INFO] Sent
[2026-09-02T19:03:54.703+00:00][A] [INFO] Waiting ACK...
[2026-09-02T19:03:54.704+00:00][A] [INFO] [WAITING ACK]
[2026-09-02T19:03:54.717+00:00][A] [INFO] [RF TX] type=2 source=0x01 destination=0xFF previousHop=0x01 sequence=118 ackSequence=0 ttl=8 hops=0 payloadSize=13 rssi=0 snr=0.00
[2026-09-02T19:03:54.718+00:00][A] [INFO] Heartbeat packet sent
[2026-09-02T19:03:54.869+00:00][A] [INFO] [RF RX] type=1 source=0x02 destination=0x01 previousHop=0x02 sequence=105 ackSequence=0 ttl=8 hops=0 payloadSize=4 rssi=-59 snr=10.00
[2026-09-02T19:03:54.927+00:00][A] [INFO] [RF TX] type=3 source=0x01 destination=0x02 previousHop=0x01 sequence=119 ackSequence=105 ttl=8 hops=0 payloadSize=2 rssi=0 snr=0.00
[2026-09-02T19:03:54.993+00:00][A] [INFO] [RF RX] type=1 source=0x02 destination=0x01 previousHop=0x02 sequence=106 ackSequence=0 ttl=8 hops=0 payloadSize=4 rssi=-60 snr=10.00
[2026-09-02T19:03:55.051+00:00][A] [INFO] [RF TX] type=3 source=0x01 destination=0x02 previousHop=0x01 sequence=120 ackSequence=106 ttl=8 hops=0 payloadSize=2 rssi=0 snr=0.00
[2026-09-02T19:03:55.117+00:00][A] [INFO] [RF RX] type=1 source=0x02 destination=0x01 previousHop=0x02 sequence=107 ackSequence=0 ttl=8 hops=0 payloadSize=4 rssi=-60 snr=10.00
[2026-09-02T19:03:55.175+00:00][A] [INFO] [RF TX] type=3 source=0x01 destination=0x02 previousHop=0x01 sequence=121 ackSequence=107 ttl=8 hops=0 payloadSize=2 rssi=0 snr=0.00
[2026-09-02T19:03:55.241+00:00][A] [INFO] [RF RX] type=1 source=0x02 destination=0x01 previousHop=0x02 sequence=108 ackSequence=0 ttl=8 hops=0 payloadSize=4 rssi=-60 snr=9.75
[2026-09-02T19:03:55.299+00:00][A] [INFO] [RF TX] type=3 source=0x01 destination=0x02 previousHop=0x01 sequence=122 ackSequence=108 ttl=8 hops=0 payloadSize=2 rssi=0 snr=0.00
[2026-09-02T19:03:55.365+00:00][A] [INFO] [RF RX] type=1 source=0x02 destination=0x01 previousHop=0x02 sequence=109 ackSequence=0 ttl=8 hops=0 payloadSize=4 rssi=-59 snr=9.75
[2026-09-02T19:03:55.423+00:00][A] [INFO] [RF TX] type=3 source=0x01 destination=0x02 previousHop=0x01 sequence=123 ackSequence=109 ttl=8 hops=0 payloadSize=2 rssi=0 snr=0.00
[2026-09-02T19:03:55.489+00:00][A] [INFO] [RF RX] type=1 source=0x02 destination=0x01 previousHop=0x02 sequence=110 ackSequence=0 ttl=8 hops=0 payloadSize=4 rssi=-60 snr=9.50
[2026-09-02T19:03:55.546+00:00][A] [INFO] [RF TX] type=3 source=0x01 destination=0x02 previousHop=0x01 sequence=124 ackSequence=110 ttl=8 hops=0 payloadSize=2 rssi=0 snr=0.00
[2026-09-02T19:03:55.613+00:00][A] [INFO] [RF RX] type=1 source=0x02 destination=0x01 previousHop=0x02 sequence=111 ackSequence=0 ttl=8 hops=0 payloadSize=4 rssi=-60 snr=9.25
[2026-09-02T19:03:55.670+00:00][A] [INFO] [RF TX] type=3 source=0x01 destination=0x02 previousHop=0x01 sequence=125 ackSequence=111 ttl=8 hops=0 payloadSize=2 rssi=0 snr=0.00
[2026-09-02T19:03:55.693+00:00][A] [WARN] Retry 1
[2026-09-02T19:03:55.760+00:00][A] [INFO] --------------------------------
[2026-09-02T19:03:55.760+00:00][A] [INFO] [HEARTBEAT TX]
[2026-09-02T19:03:55.765+00:00][A] [INFO] Node ID: 1
[2026-09-02T19:03:55.765+00:00][A] [INFO] type: 2
[2026-09-02T19:03:55.766+00:00][A] [INFO] Destination: 0xFF
[2026-09-02T19:03:55.771+00:00][A] [INFO] Sequence: 118
[2026-09-02T19:03:55.771+00:00][A] [INFO] Packet ID: 32
[2026-09-02T19:03:55.776+00:00][A] [INFO] Packet Size: 26
[2026-09-02T19:03:55.776+00:00][A] [INFO] Timestamp: 32 ms
[2026-09-02T19:03:55.777+00:00][A] [INFO] Transmission Result: success
[2026-09-02T19:03:55.782+00:00][A] [INFO] --------------------------------
[2026-09-02T19:03:55.783+00:00][A] [INFO] [Heartbeat #32]
[2026-09-02T19:03:55.787+00:00][A] [INFO] Sent
[2026-09-02T19:03:55.788+00:00][A] [INFO] Waiting ACK...
[2026-09-02T19:03:55.788+00:00][A] [INFO] [WAITING ACK]
[2026-09-02T19:03:55.801+00:00][A] [INFO] [RF TX] type=2 source=0x01 destination=0xFF previousHop=0x01 sequence=118 ackSequence=0 ttl=8 hops=0 payloadSize=13 rssi=0 snr=0.00
[2026-09-02T19:03:55.802+00:00][A] [INFO] Heartbeat packet sent
[2026-09-02T19:03:56.675+00:00][A] [INFO] --------------------------------
[2026-09-02T19:03:56.676+00:00][A] [INFO] [HEARTBEAT TX]
[2026-09-02T19:03:56.681+00:00][A] [INFO] Node ID: 1
[2026-09-02T19:03:56.681+00:00][A] [INFO] type: 2
[2026-09-02T19:03:56.681+00:00][A] [INFO] Destination: 0xFF
[2026-09-02T19:03:56.686+00:00][A] [INFO] Sequence: 126
[2026-09-02T19:03:56.687+00:00][A] [INFO] Packet ID: 33
[2026-09-02T19:03:56.692+00:00][A] [INFO] Packet Size: 26
[2026-09-02T19:03:56.693+00:00][A] [INFO] Timestamp: 33 ms
[2026-09-02T19:03:56.693+00:00][A] [INFO] Transmission Result: success
[2026-09-02T19:03:56.698+00:00][A] [INFO] --------------------------------
[2026-09-02T19:03:56.698+00:00][A] [INFO] [Heartbeat #33]
[2026-09-02T19:03:56.703+00:00][A] [INFO] Sent
[2026-09-02T19:03:56.703+00:00][A] [INFO] Waiting ACK...
[2026-09-02T19:03:56.704+00:00][A] [INFO] [WAITING ACK]
[2026-09-02T19:03:56.717+00:00][A] [INFO] [RF TX] type=2 source=0x01 destination=0xFF previousHop=0x01 sequence=126 ackSequence=0 ttl=8 hops=0 payloadSize=13 rssi=0 snr=0.00
[2026-09-02T19:03:56.718+00:00][A] [INFO] Heartbeat packet sent
[2026-09-02T19:03:57.693+00:00][A] [WARN] Retry 1
[2026-09-02T19:03:57.760+00:00][A] [INFO] --------------------------------
[2026-09-02T19:03:57.760+00:00][A] [INFO] [HEARTBEAT TX]
[2026-09-02T19:03:57.765+00:00][A] [INFO] Node ID: 1
[2026-09-02T19:03:57.765+00:00][A] [INFO] type: 2
[2026-09-02T19:03:57.766+00:00][A] [INFO] Destination: 0xFF
[2026-09-02T19:03:57.771+00:00][A] [INFO] Sequence: 126
[2026-09-02T19:03:57.771+00:00][A] [INFO] Packet ID: 33
[2026-09-02T19:03:57.776+00:00][A] [INFO] Packet Size: 26
[2026-09-02T19:03:57.776+00:00][A] [INFO] Timestamp: 33 ms
[2026-09-02T19:03:57.777+00:00][A] [INFO] Transmission Result: success
[2026-09-02T19:03:57.782+00:00][A] [INFO] --------------------------------
[2026-09-02T19:03:57.782+00:00][A] [INFO] [Heartbeat #33]
[2026-09-02T19:03:57.787+00:00][A] [INFO] Sent
[2026-09-02T19:03:57.788+00:00][A] [INFO] Waiting ACK...
[2026-09-02T19:03:57.788+00:00][A] [INFO] [WAITING ACK]
[2026-09-02T19:03:57.801+00:00][A] [INFO] [RF TX] type=2 source=0x01 destination=0xFF previousHop=0x01 sequence=126 ackSequence=0 ttl=8 hops=0 payloadSize=13 rssi=0 snr=0.00
[2026-09-02T19:03:57.802+00:00][A] [INFO] Heartbeat packet sent
[2026-09-02T19:03:58.675+00:00][A] [INFO] --------------------------------
[2026-09-02T19:03:58.676+00:00][A] [INFO] [HEARTBEAT TX]
[2026-09-02T19:03:58.681+00:00][A] [INFO] Node ID: 1
[2026-09-02T19:03:58.681+00:00][A] [INFO] type: 2
[2026-09-02T19:03:58.681+00:00][A] [INFO] Destination: 0xFF
[2026-09-02T19:03:58.686+00:00][A] [INFO] Sequence: 127
[2026-09-02T19:03:58.687+00:00][A] [INFO] Packet ID: 34
[2026-09-02T19:03:58.692+00:00][A] [INFO] Packet Size: 26
[2026-09-02T19:03:58.692+00:00][A] [INFO] Timestamp: 34 ms
[2026-09-02T19:03:58.693+00:00][A] [INFO] Transmission Result: success
[2026-09-02T19:03:58.698+00:00][A] [INFO] --------------------------------
[2026-09-02T19:03:58.698+00:00][A] [INFO] [Heartbeat #34]
[2026-09-02T19:03:58.703+00:00][A] [INFO] Sent
[2026-09-02T19:03:58.703+00:00][A] [INFO] Waiting ACK...
[2026-09-02T19:03:58.703+00:00][A] [INFO] [WAITING ACK]
[2026-09-02T19:03:58.717+00:00][A] [INFO] [RF TX] type=2 source=0x01 destination=0xFF previousHop=0x01 sequence=127 ackSequence=0 ttl=8 hops=0 payloadSize=13 rssi=0 snr=0.00
[2026-09-02T19:03:58.718+00:00][A] [INFO] Heartbeat packet sent
[2026-09-02T19:03:58.916+00:00][A] [INFO] [RF TX] type=3 source=0x01 destination=0x02 previousHop=0x01 sequence=128 ackSequence=111 ttl=8 hops=0 payloadSize=2 rssi=0 snr=0.00
[2026-09-02T19:03:59.693+00:00][A] [WARN] Retry 1
[2026-09-02T19:03:59.760+00:00][A] [INFO] --------------------------------
[2026-09-02T19:03:59.760+00:00][A] [INFO] [HEARTBEAT TX]
[2026-09-02T19:03:59.765+00:00][A] [INFO] Node ID: 1
[2026-09-02T19:03:59.765+00:00][A] [INFO] type: 2
[2026-09-02T19:03:59.765+00:00][A] [INFO] Destination: 0xFF
[2026-09-02T19:03:59.770+00:00][A] [INFO] Sequence: 127
[2026-09-02T19:03:59.771+00:00][A] [INFO] Packet ID: 34
[2026-09-02T19:03:59.776+00:00][A] [INFO] Packet Size: 26
[2026-09-02T19:03:59.777+00:00][A] [INFO] Timestamp: 34 ms
[2026-09-02T19:03:59.777+00:00][A] [INFO] Transmission Result: success
[2026-09-02T19:03:59.782+00:00][A] [INFO] --------------------------------
[2026-09-02T19:03:59.783+00:00][A] [INFO] [Heartbeat #34]
[2026-09-02T19:03:59.787+00:00][A] [INFO] Sent
[2026-09-02T19:03:59.788+00:00][A] [INFO] Waiting ACK...
[2026-09-02T19:03:59.788+00:00][A] [INFO] [WAITING ACK]
[2026-09-02T19:03:59.801+00:00][A] [INFO] [RF TX] type=2 source=0x01 destination=0xFF previousHop=0x01 sequence=127 ackSequence=0 ttl=8 hops=0 payloadSize=13 rssi=0 snr=0.00
[2026-09-02T19:03:59.802+00:00][A] [INFO] Heartbeat packet sent
[2026-09-02T19:03:59.931+00:00][A] [INFO] [RF RX] type=1 source=0x02 destination=0x01 previousHop=0x02 sequence=114 ackSequence=0 ttl=8 hops=0 payloadSize=4 rssi=-59 snr=10.00
[2026-09-02T19:03:59.989+00:00][A] [INFO] [RF TX] type=3 source=0x01 destination=0x02 previousHop=0x01 sequence=129 ackSequence=114 ttl=8 hops=0 payloadSize=2 rssi=0 snr=0.00
[2026-09-02T19:04:00.055+00:00][A] [INFO] [RF RX] type=1 source=0x02 destination=0x01 previousHop=0x02 sequence=115 ackSequence=0 ttl=8 hops=0 payloadSize=4 rssi=-61 snr=9.50
[2026-09-02T19:04:00.113+00:00][A] [INFO] [RF TX] type=3 source=0x01 destination=0x02 previousHop=0x01 sequence=130 ackSequence=115 ttl=8 hops=0 payloadSize=2 rssi=0 snr=0.00
[2026-09-02T19:04:00.179+00:00][A] [INFO] [RF RX] type=1 source=0x02 destination=0x01 previousHop=0x02 sequence=116 ackSequence=0 ttl=8 hops=0 payloadSize=4 rssi=-60 snr=9.75
[2026-09-02T19:04:00.237+00:00][A] [INFO] [RF TX] type=3 source=0x01 destination=0x02 previousHop=0x01 sequence=131 ackSequence=116 ttl=8 hops=0 payloadSize=2 rssi=0 snr=0.00
[2026-09-02T19:04:00.303+00:00][A] [INFO] [RF RX] type=1 source=0x02 destination=0x01 previousHop=0x02 sequence=117 ackSequence=0 ttl=8 hops=0 payloadSize=4 rssi=-60 snr=10.00
[2026-09-02T19:04:00.361+00:00][A] [INFO] [RF TX] type=3 source=0x01 destination=0x02 previousHop=0x01 sequence=132 ackSequence=117 ttl=8 hops=0 payloadSize=2 rssi=0 snr=0.00
[2026-09-02T19:04:00.427+00:00][A] [INFO] [RF RX] type=1 source=0x02 destination=0x01 previousHop=0x02 sequence=118 ackSequence=0 ttl=8 hops=0 payloadSize=4 rssi=-60 snr=9.75
[2026-09-02T19:04:00.484+00:00][A] [INFO] [RF TX] type=3 source=0x01 destination=0x02 previousHop=0x01 sequence=133 ackSequence=118 ttl=8 hops=0 payloadSize=2 rssi=0 snr=0.00
[2026-09-02T19:04:00.551+00:00][A] [INFO] [RF RX] type=1 source=0x02 destination=0x01 previousHop=0x02 sequence=119 ackSequence=0 ttl=8 hops=0 payloadSize=4 rssi=-60 snr=9.50
[2026-09-02T19:04:00.608+00:00][A] [INFO] [RF TX] type=3 source=0x01 destination=0x02 previousHop=0x01 sequence=134 ackSequence=119 ttl=8 hops=0 payloadSize=2 rssi=0 snr=0.00
[2026-09-02T19:04:00.675+00:00][A] [INFO] --------------------------------
[2026-09-02T19:04:00.676+00:00][A] [INFO] [HEARTBEAT TX]
[2026-09-02T19:04:00.681+00:00][A] [INFO] Node ID: 1
[2026-09-02T19:04:00.681+00:00][A] [INFO] type: 2
[2026-09-02T19:04:00.681+00:00][A] [INFO] Destination: 0xFF
[2026-09-02T19:04:00.686+00:00][A] [INFO] Sequence: 135
[2026-09-02T19:04:00.687+00:00][A] [INFO] Packet ID: 35
[2026-09-02T19:04:00.692+00:00][A] [INFO] Packet Size: 26
[2026-09-02T19:04:00.692+00:00][A] [INFO] Timestamp: 35 ms
[2026-09-02T19:04:00.693+00:00][A] [INFO] Transmission Result: success
[2026-09-02T19:04:00.698+00:00][A] [INFO] --------------------------------
[2026-09-02T19:04:00.698+00:00][A] [INFO] [Heartbeat #35]
[2026-09-02T19:04:00.703+00:00][A] [INFO] Sent
[2026-09-02T19:04:00.704+00:00][A] [INFO] Waiting ACK...
[2026-09-02T19:04:00.704+00:00][A] [INFO] [WAITING ACK]
[2026-09-02T19:04:00.717+00:00][A] [INFO] [RF TX] type=2 source=0x01 destination=0xFF previousHop=0x01 sequence=135 ackSequence=0 ttl=8 hops=0 payloadSize=13 rssi=0 snr=0.00
[2026-09-02T19:04:00.718+00:00][A] [INFO] Heartbeat packet sent
[2026-09-02T19:04:01.660+00:00][A] [INFO] [RF TX] type=3 source=0x01 destination=0x02 previousHop=0x01 sequence=136 ackSequence=119 ttl=8 hops=0 payloadSize=2 rssi=0 snr=0.00
[2026-09-02T19:04:01.693+00:00][A] [WARN] Retry 1
[2026-09-02T19:04:01.759+00:00][A] [INFO] --------------------------------
[2026-09-02T19:04:01.760+00:00][A] [INFO] [HEARTBEAT TX]
[2026-09-02T19:04:01.765+00:00][A] [INFO] Node ID: 1
[2026-09-02T19:04:01.765+00:00][A] [INFO] type: 2
[2026-09-02T19:04:01.765+00:00][A] [INFO] Destination: 0xFF
[2026-09-02T19:04:01.770+00:00][A] [INFO] Sequence: 135
[2026-09-02T19:04:01.770+00:00][A] [INFO] Packet ID: 35
[2026-09-02T19:04:01.776+00:00][A] [INFO] Packet Size: 26
[2026-09-02T19:04:01.776+00:00][A] [INFO] Timestamp: 35 ms
[2026-09-02T19:04:01.776+00:00][A] [INFO] Transmission Result: success
[2026-09-02T19:04:01.782+00:00][A] [INFO] --------------------------------
[2026-09-02T19:04:01.782+00:00][A] [INFO] [Heartbeat #35]
[2026-09-02T19:04:01.787+00:00][A] [INFO] Sent
[2026-09-02T19:04:01.787+00:00][A] [INFO] Waiting ACK...
[2026-09-02T19:04:01.787+00:00][A] [INFO] [WAITING ACK]
[2026-09-02T19:04:01.801+00:00][A] [INFO] [RF TX] type=2 source=0x01 destination=0xFF previousHop=0x01 sequence=135 ackSequence=0 ttl=8 hops=0 payloadSize=13 rssi=0 snr=0.00
[2026-09-02T19:04:01.802+00:00][A] [INFO] Heartbeat packet sent
[2026-09-02T19:04:02.675+00:00][A] [INFO] --------------------------------
[2026-09-02T19:04:02.676+00:00][A] [INFO] [HEARTBEAT TX]
[2026-09-02T19:04:02.681+00:00][A] [INFO] Node ID: 1
[2026-09-02T19:04:02.681+00:00][A] [INFO] type: 2
[2026-09-02T19:04:02.681+00:00][A] [INFO] Destination: 0xFF
[2026-09-02T19:04:02.687+00:00][A] [INFO] Sequence: 137
[2026-09-02T19:04:02.687+00:00][A] [INFO] Packet ID: 36
[2026-09-02T19:04:02.692+00:00][A] [INFO] Packet Size: 26
[2026-09-02T19:04:02.692+00:00][A] [INFO] Timestamp: 36 ms
[2026-09-02T19:04:02.693+00:00][A] [INFO] Transmission Result: success
[2026-09-02T19:04:02.698+00:00][A] [INFO] --------------------------------
[2026-09-02T19:04:02.698+00:00][A] [INFO] [Heartbeat #36]
[2026-09-02T19:04:02.703+00:00][A] [INFO] Sent
[2026-09-02T19:04:02.703+00:00][A] [INFO] Waiting ACK...
[2026-09-02T19:04:02.704+00:00][A] [INFO] [WAITING ACK]
[2026-09-02T19:04:02.717+00:00][A] [INFO] [RF TX] type=2 source=0x01 destination=0xFF previousHop=0x01 sequence=137 ackSequence=0 ttl=8 hops=0 payloadSize=13 rssi=0 snr=0.00
[2026-09-02T19:04:02.718+00:00][A] [INFO] Heartbeat packet sent
[2026-09-02T19:04:03.693+00:00][A] [WARN] Retry 1
[2026-09-02T19:04:03.759+00:00][A] [INFO] --------------------------------
[2026-09-02T19:04:03.760+00:00][A] [INFO] [HEARTBEAT TX]
[2026-09-02T19:04:03.765+00:00][A] [INFO] Node ID: 1
[2026-09-02T19:04:03.765+00:00][A] [INFO] type: 2
[2026-09-02T19:04:03.766+00:00][A] [INFO] Destination: 0xFF
[2026-09-02T19:04:03.771+00:00][A] [INFO] Sequence: 137
[2026-09-02T19:04:03.771+00:00][A] [INFO] Packet ID: 36
[2026-09-02T19:04:03.776+00:00][A] [INFO] Packet Size: 26
[2026-09-02T19:04:03.776+00:00][A] [INFO] Timestamp: 36 ms
[2026-09-02T19:04:03.777+00:00][A] [INFO] Transmission Result: success
[2026-09-02T19:04:03.782+00:00][A] [INFO] --------------------------------
[2026-09-02T19:04:03.782+00:00][A] [INFO] [Heartbeat #36]
[2026-09-02T19:04:03.787+00:00][A] [INFO] Sent
[2026-09-02T19:04:03.787+00:00][A] [INFO] Waiting ACK...
[2026-09-02T19:04:03.787+00:00][A] [INFO] [WAITING ACK]
[2026-09-02T19:04:03.801+00:00][A] [INFO] [RF TX] type=2 source=0x01 destination=0xFF previousHop=0x01 sequence=137 ackSequence=0 ttl=8 hops=0 payloadSize=13 rssi=0 snr=0.00
[2026-09-02T19:04:03.802+00:00][A] [INFO] Heartbeat packet sent
[2026-09-02T19:04:04.676+00:00][A] [INFO] --------------------------------
[2026-09-02T19:04:04.676+00:00][A] [INFO] [HEARTBEAT TX]
[2026-09-02T19:04:04.681+00:00][A] [INFO] Node ID: 1
[2026-09-02T19:04:04.681+00:00][A] [INFO] type: 2
[2026-09-02T19:04:04.681+00:00][A] [INFO] Destination: 0xFF
[2026-09-02T19:04:04.687+00:00][A] [INFO] Sequence: 138
[2026-09-02T19:04:04.687+00:00][A] [INFO] Packet ID: 37
[2026-09-02T19:04:04.692+00:00][A] [INFO] Packet Size: 26
[2026-09-02T19:04:04.692+00:00][A] [INFO] Timestamp: 37 ms
[2026-09-02T19:04:04.692+00:00][A] [INFO] Transmission Result: success
[2026-09-02T19:04:04.698+00:00][A] [INFO] --------------------------------
[2026-09-02T19:04:04.698+00:00][A] [INFO] [Heartbeat #37]
[2026-09-02T19:04:04.703+00:00][A] [INFO] Sent
[2026-09-02T19:04:04.703+00:00][A] [INFO] Waiting ACK...
[2026-09-02T19:04:04.704+00:00][A] [INFO] [WAITING ACK]
[2026-09-02T19:04:04.717+00:00][A] [INFO] [RF TX] type=2 source=0x01 destination=0xFF previousHop=0x01 sequence=138 ackSequence=0 ttl=8 hops=0 payloadSize=13 rssi=0 snr=0.00
[2026-09-02T19:04:04.718+00:00][A] [INFO] Heartbeat packet sent
[2026-09-02T19:04:04.869+00:00][A] [INFO] [RF RX] type=1 source=0x02 destination=0x01 previousHop=0x02 sequence=123 ackSequence=0 ttl=8 hops=0 payloadSize=4 rssi=-60 snr=9.50
[2026-09-02T19:04:04.927+00:00][A] [INFO] [RF TX] type=3 source=0x01 destination=0x02 previousHop=0x01 sequence=139 ackSequence=123 ttl=8 hops=0 payloadSize=2 rssi=0 snr=0.00
[2026-09-02T19:04:04.994+00:00][A] [INFO] [RF RX] type=1 source=0x02 destination=0x01 previousHop=0x02 sequence=124 ackSequence=0 ttl=8 hops=0 payloadSize=4 rssi=-61 snr=9.25
[2026-09-02T19:04:05.051+00:00][A] [INFO] [RF TX] type=3 source=0x01 destination=0x02 previousHop=0x01 sequence=140 ackSequence=124 ttl=8 hops=0 payloadSize=2 rssi=0 snr=0.00
[2026-09-02T19:04:05.117+00:00][A] [INFO] [RF RX] type=1 source=0x02 destination=0x01 previousHop=0x02 sequence=125 ackSequence=0 ttl=8 hops=0 payloadSize=4 rssi=-61 snr=9.00
[2026-09-02T19:04:05.176+00:00][A] [INFO] [RF TX] type=3 source=0x01 destination=0x02 previousHop=0x01 sequence=141 ackSequence=125 ttl=8 hops=0 payloadSize=2 rssi=0 snr=0.00
[2026-09-02T19:04:05.242+00:00][A] [INFO] [RF RX] type=1 source=0x02 destination=0x01 previousHop=0x02 sequence=126 ackSequence=0 ttl=8 hops=0 payloadSize=4 rssi=-61 snr=10.00
[2026-09-02T19:04:05.298+00:00][A] [INFO] [RF TX] type=3 source=0x01 destination=0x02 previousHop=0x01 sequence=142 ackSequence=126 ttl=8 hops=0 payloadSize=2 rssi=0 snr=0.00
[2026-09-02T19:04:05.364+00:00][A] [INFO] [RF RX] type=1 source=0x02 destination=0x01 previousHop=0x02 sequence=127 ackSequence=0 ttl=8 hops=0 payloadSize=4 rssi=-60 snr=9.75
[2026-09-02T19:04:05.422+00:00][A] [INFO] [RF TX] type=3 source=0x01 destination=0x02 previousHop=0x01 sequence=143 ackSequence=127 ttl=8 hops=0 payloadSize=2 rssi=0 snr=0.00
[2026-09-02T19:04:05.488+00:00][A] [INFO] [RF RX] type=1 source=0x02 destination=0x01 previousHop=0x02 sequence=128 ackSequence=0 ttl=8 hops=0 payloadSize=4 rssi=-60 snr=9.75
[2026-09-02T19:04:05.546+00:00][A] [INFO] [RF TX] type=3 source=0x01 destination=0x02 previousHop=0x01 sequence=144 ackSequence=128 ttl=8 hops=0 payloadSize=2 rssi=0 snr=0.00
[2026-09-02T19:04:05.612+00:00][A] [INFO] [RF RX] type=1 source=0x02 destination=0x01 previousHop=0x02 sequence=129 ackSequence=0 ttl=8 hops=0 payloadSize=4 rssi=-60 snr=9.50
[2026-09-02T19:04:05.670+00:00][A] [INFO] [RF TX] type=3 source=0x01 destination=0x02 previousHop=0x01 sequence=145 ackSequence=129 ttl=8 hops=0 payloadSize=2 rssi=0 snr=0.00
[2026-09-02T19:04:05.693+00:00][A] [WARN] Retry 1
[2026-09-02T19:04:05.760+00:00][A] [INFO] --------------------------------
[2026-09-02T19:04:05.760+00:00][A] [INFO] [HEARTBEAT TX]
[2026-09-02T19:04:05.765+00:00][A] [INFO] Node ID: 1
[2026-09-02T19:04:05.765+00:00][A] [INFO] type: 2
[2026-09-02T19:04:05.766+00:00][A] [INFO] Destination: 0xFF
[2026-09-02T19:04:05.770+00:00][A] [INFO] Sequence: 138
[2026-09-02T19:04:05.771+00:00][A] [INFO] Packet ID: 37
[2026-09-02T19:04:05.776+00:00][A] [INFO] Packet Size: 26
[2026-09-02T19:04:05.776+00:00][A] [INFO] Timestamp: 37 ms
[2026-09-02T19:04:05.777+00:00][A] [INFO] Transmission Result: success
[2026-09-02T19:04:05.782+00:00][A] [INFO] --------------------------------
[2026-09-02T19:04:05.782+00:00][A] [INFO] [Heartbeat #37]
[2026-09-02T19:04:05.787+00:00][A] [INFO] Sent
[2026-09-02T19:04:05.787+00:00][A] [INFO] Waiting ACK...
[2026-09-02T19:04:05.788+00:00][A] [INFO] [WAITING ACK]
[2026-09-02T19:04:05.801+00:00][A] [INFO] [RF TX] type=2 source=0x01 destination=0xFF previousHop=0x01 sequence=138 ackSequence=0 ttl=8 hops=0 payloadSize=13 rssi=0 snr=0.00
[2026-09-02T19:04:05.802+00:00][A] [INFO] Heartbeat packet sent
[2026-09-02T19:04:06.675+00:00][A] [INFO] --------------------------------
[2026-09-02T19:04:06.675+00:00][A] [INFO] [HEARTBEAT TX]
[2026-09-02T19:04:06.681+00:00][A] [INFO] Node ID: 1
[2026-09-02T19:04:06.681+00:00][A] [INFO] type: 2
[2026-09-02T19:04:06.681+00:00][A] [INFO] Destination: 0xFF
[2026-09-02T19:04:06.686+00:00][A] [INFO] Sequence: 146
[2026-09-02T19:04:06.687+00:00][A] [INFO] Packet ID: 38
[2026-09-02T19:04:06.692+00:00][A] [INFO] Packet Size: 26
[2026-09-02T19:04:06.692+00:00][A] [INFO] Timestamp: 38 ms
[2026-09-02T19:04:06.692+00:00][A] [INFO] Transmission Result: success
[2026-09-02T19:04:06.697+00:00][A] [INFO] --------------------------------
[2026-09-02T19:04:06.698+00:00][A] [INFO] [Heartbeat #38]
[2026-09-02T19:04:06.703+00:00][A] [INFO] Sent
[2026-09-02T19:04:06.703+00:00][A] [INFO] Waiting ACK...
[2026-09-02T19:04:06.704+00:00][A] [INFO] [WAITING ACK]
[2026-09-02T19:04:06.717+00:00][A] [INFO] [RF TX] type=2 source=0x01 destination=0xFF previousHop=0x01 sequence=146 ackSequence=0 ttl=8 hops=0 payloadSize=13 rssi=0 snr=0.00
[2026-09-02T19:04:06.717+00:00][A] [INFO] Heartbeat packet sent
[2026-09-02T19:04:07.692+00:00][A] [WARN] Retry 1
[2026-09-02T19:04:07.760+00:00][A] [INFO] --------------------------------
[2026-09-02T19:04:07.760+00:00][A] [INFO] [HEARTBEAT TX]
[2026-09-02T19:04:07.765+00:00][A] [INFO] Node ID: 1
[2026-09-02T19:04:07.765+00:00][A] [INFO] type: 2
[2026-09-02T19:04:07.766+00:00][A] [INFO] Destination: 0xFF
[2026-09-02T19:04:07.770+00:00][A] [INFO] Sequence: 146
[2026-09-02T19:04:07.771+00:00][A] [INFO] Packet ID: 38
[2026-09-02T19:04:07.776+00:00][A] [INFO] Packet Size: 26
[2026-09-02T19:04:07.776+00:00][A] [INFO] Timestamp: 38 ms
[2026-09-02T19:04:07.777+00:00][A] [INFO] Transmission Result: success
[2026-09-02T19:04:07.782+00:00][A] [INFO] --------------------------------
[2026-09-02T19:04:07.782+00:00][A] [INFO] [Heartbeat #38]
[2026-09-02T19:04:07.787+00:00][A] [INFO] Sent
[2026-09-02T19:04:07.787+00:00][A] [INFO] Waiting ACK...
[2026-09-02T19:04:07.788+00:00][A] [INFO] [WAITING ACK]
[2026-09-02T19:04:07.801+00:00][A] [INFO] [RF TX] type=2 source=0x01 destination=0xFF previousHop=0x01 sequence=146 ackSequence=0 ttl=8 hops=0 payloadSize=13 rssi=0 snr=0.00
[2026-09-02T19:04:07.801+00:00][A] [INFO] Heartbeat packet sent
[2026-09-02T19:04:08.675+00:00][A] [INFO] --------------------------------
[2026-09-02T19:04:08.676+00:00][A] [INFO] [HEARTBEAT TX]
[2026-09-02T19:04:08.681+00:00][A] [INFO] Node ID: 1
[2026-09-02T19:04:08.681+00:00][A] [INFO] type: 2
[2026-09-02T19:04:08.681+00:00][A] [INFO] Destination: 0xFF
[2026-09-02T19:04:08.686+00:00][A] [INFO] Sequence: 147
[2026-09-02T19:04:08.687+00:00][A] [INFO] Packet ID: 39
[2026-09-02T19:04:08.692+00:00][A] [INFO] Packet Size: 26
[2026-09-02T19:04:08.692+00:00][A] [INFO] Timestamp: 39 ms
[2026-09-02T19:04:08.692+00:00][A] [INFO] Transmission Result: success
[2026-09-02T19:04:08.698+00:00][A] [INFO] --------------------------------
[2026-09-02T19:04:08.698+00:00][A] [INFO] [Heartbeat #39]
[2026-09-02T19:04:08.703+00:00][A] [INFO] Sent
[2026-09-02T19:04:08.703+00:00][A] [INFO] Waiting ACK...
[2026-09-02T19:04:08.703+00:00][A] [INFO] [WAITING ACK]
[2026-09-02T19:04:08.717+00:00][A] [INFO] [RF TX] type=2 source=0x01 destination=0xFF previousHop=0x01 sequence=147 ackSequence=0 ttl=8 hops=0 payloadSize=13 rssi=0 snr=0.00
[2026-09-02T19:04:08.718+00:00][A] [INFO] Heartbeat packet sent
[2026-09-02T19:04:08.916+00:00][A] [INFO] [RF TX] type=3 source=0x01 destination=0x02 previousHop=0x01 sequence=148 ackSequence=129 ttl=8 hops=0 payloadSize=2 rssi=0 snr=0.00
[2026-09-02T19:04:09.692+00:00][A] [WARN] Retry 1
[2026-09-02T19:04:09.759+00:00][A] [INFO] --------------------------------
[2026-09-02T19:04:09.760+00:00][A] [INFO] [HEARTBEAT TX]
[2026-09-02T19:04:09.765+00:00][A] [INFO] Node ID: 1
[2026-09-02T19:04:09.765+00:00][A] [INFO] type: 2
[2026-09-02T19:04:09.765+00:00][A] [INFO] Destination: 0xFF
[2026-09-02T19:04:09.770+00:00][A] [INFO] Sequence: 147
[2026-09-02T19:04:09.771+00:00][A] [INFO] Packet ID: 39
[2026-09-02T19:04:09.776+00:00][A] [INFO] Packet Size: 26
[2026-09-02T19:04:09.776+00:00][A] [INFO] Timestamp: 39 ms
[2026-09-02T19:04:09.777+00:00][A] [INFO] Transmission Result: success
[2026-09-02T19:04:09.782+00:00][A] [INFO] --------------------------------
[2026-09-02T19:04:09.782+00:00][A] [INFO] [Heartbeat #39]
[2026-09-02T19:04:09.787+00:00][A] [INFO] Sent
[2026-09-02T19:04:09.787+00:00][A] [INFO] Waiting ACK...
[2026-09-02T19:04:09.788+00:00][A] [INFO] [WAITING ACK]
[2026-09-02T19:04:09.801+00:00][A] [INFO] [RF TX] type=2 source=0x01 destination=0xFF previousHop=0x01 sequence=147 ackSequence=0 ttl=8 hops=0 payloadSize=13 rssi=0 snr=0.00
[2026-09-02T19:04:09.802+00:00][A] [INFO] Heartbeat packet sent
[2026-09-02T19:04:09.931+00:00][A] [INFO] [RF RX] type=1 source=0x02 destination=0x01 previousHop=0x02 sequence=132 ackSequence=0 ttl=8 hops=0 payloadSize=4 rssi=-61 snr=9.50
[2026-09-02T19:04:09.989+00:00][A] [INFO] [RF TX] type=3 source=0x01 destination=0x02 previousHop=0x01 sequence=149 ackSequence=132 ttl=8 hops=0 payloadSize=2 rssi=0 snr=0.00
[2026-09-02T19:04:10.055+00:00][A] [INFO] [RF RX] type=1 source=0x02 destination=0x01 previousHop=0x02 sequence=133 ackSequence=0 ttl=8 hops=0 payloadSize=4 rssi=-61 snr=9.50
[2026-09-02T19:04:10.113+00:00][A] [INFO] [RF TX] type=3 source=0x01 destination=0x02 previousHop=0x01 sequence=150 ackSequence=133 ttl=8 hops=0 payloadSize=2 rssi=0 snr=0.00
[2026-09-02T19:04:10.179+00:00][A] [INFO] [RF RX] type=1 source=0x02 destination=0x01 previousHop=0x02 sequence=134 ackSequence=0 ttl=8 hops=0 payloadSize=4 rssi=-61 snr=9.00
[2026-09-02T19:04:10.237+00:00][A] [INFO] [RF TX] type=3 source=0x01 destination=0x02 previousHop=0x01 sequence=151 ackSequence=134 ttl=8 hops=0 payloadSize=2 rssi=0 snr=0.00
[2026-09-02T19:04:10.303+00:00][A] [INFO] [RF RX] type=1 source=0x02 destination=0x01 previousHop=0x02 sequence=135 ackSequence=0 ttl=8 hops=0 payloadSize=4 rssi=-60 snr=10.00
[2026-09-02T19:04:10.360+00:00][A] [INFO] [RF TX] type=3 source=0x01 destination=0x02 previousHop=0x01 sequence=152 ackSequence=135 ttl=8 hops=0 payloadSize=2 rssi=0 snr=0.00
[2026-09-02T19:04:10.427+00:00][A] [INFO] [RF RX] type=1 source=0x02 destination=0x01 previousHop=0x02 sequence=136 ackSequence=0 ttl=8 hops=0 payloadSize=4 rssi=-61 snr=9.75
[2026-09-02T19:04:10.484+00:00][A] [INFO] [RF TX] type=3 source=0x01 destination=0x02 previousHop=0x01 sequence=153 ackSequence=136 ttl=8 hops=0 payloadSize=2 rssi=0 snr=0.00
[2026-09-02T19:04:10.551+00:00][A] [INFO] [RF RX] type=1 source=0x02 destination=0x01 previousHop=0x02 sequence=137 ackSequence=0 ttl=8 hops=0 payloadSize=4 rssi=-61 snr=9.75
[2026-09-02T19:04:10.609+00:00][A] [INFO] [RF TX] type=3 source=0x01 destination=0x02 previousHop=0x01 sequence=154 ackSequence=137 ttl=8 hops=0 payloadSize=2 rssi=0 snr=0.00
[2026-09-02T19:04:10.675+00:00][A] [INFO] --------------------------------
[2026-09-02T19:04:10.676+00:00][A] [INFO] [HEARTBEAT TX]
[2026-09-02T19:04:10.681+00:00][A] [INFO] Node ID: 1
[2026-09-02T19:04:10.681+00:00][A] [INFO] type: 2
[2026-09-02T19:04:10.681+00:00][A] [INFO] Destination: 0xFF
[2026-09-02T19:04:10.686+00:00][A] [INFO] Sequence: 155
[2026-09-02T19:04:10.687+00:00][A] [INFO] Packet ID: 40
[2026-09-02T19:04:10.692+00:00][A] [INFO] Packet Size: 26
[2026-09-02T19:04:10.692+00:00][A] [INFO] Timestamp: 40 ms
[2026-09-02T19:04:10.693+00:00][A] [INFO] Transmission Result: success
[2026-09-02T19:04:10.697+00:00][A] [INFO] --------------------------------
[2026-09-02T19:04:10.698+00:00][A] [INFO] [Heartbeat #40]
[2026-09-02T19:04:10.703+00:00][A] [INFO] Sent
[2026-09-02T19:04:10.703+00:00][A] [INFO] Waiting ACK...
[2026-09-02T19:04:10.703+00:00][A] [INFO] [WAITING ACK]
[2026-09-02T19:04:10.717+00:00][A] [INFO] [RF TX] type=2 source=0x01 destination=0xFF previousHop=0x01 sequence=155 ackSequence=0 ttl=8 hops=0 payloadSize=13 rssi=0 snr=0.00
[2026-09-02T19:04:10.718+00:00][A] [INFO] Heartbeat packet sent
[2026-09-02T19:04:11.660+00:00][A] [INFO] [RF TX] type=3 source=0x01 destination=0x02 previousHop=0x01 sequence=156 ackSequence=137 ttl=8 hops=0 payloadSize=2 rssi=0 snr=0.00
[2026-09-02T19:04:11.692+00:00][A] [WARN] Retry 1
[2026-09-02T19:04:11.760+00:00][A] [INFO] --------------------------------
[2026-09-02T19:04:11.761+00:00][A] [INFO] [HEARTBEAT TX]
[2026-09-02T19:04:11.765+00:00][A] [INFO] Node ID: 1
[2026-09-02T19:04:11.765+00:00][A] [INFO] type: 2
[2026-09-02T19:04:11.765+00:00][A] [INFO] Destination: 0xFF
[2026-09-02T19:04:11.770+00:00][A] [INFO] Sequence: 155
[2026-09-02T19:04:11.771+00:00][A] [INFO] Packet ID: 40
[2026-09-02T19:04:11.776+00:00][A] [INFO] Packet Size: 26
[2026-09-02T19:04:11.776+00:00][A] [INFO] Timestamp: 40 ms
[2026-09-02T19:04:11.777+00:00][A] [INFO] Transmission Result: success
[2026-09-02T19:04:11.782+00:00][A] [INFO] --------------------------------
[2026-09-02T19:04:11.782+00:00][A] [INFO] [Heartbeat #40]
[2026-09-02T19:04:11.787+00:00][A] [INFO] Sent
[2026-09-02T19:04:11.787+00:00][A] [INFO] Waiting ACK...
[2026-09-02T19:04:11.788+00:00][A] [INFO] [WAITING ACK]
[2026-09-02T19:04:11.801+00:00][A] [INFO] [RF TX] type=2 source=0x01 destination=0xFF previousHop=0x01 sequence=155 ackSequence=0 ttl=8 hops=0 payloadSize=13 rssi=0 snr=0.00
[2026-09-02T19:04:11.802+00:00][A] [INFO] Heartbeat packet sent
[2026-09-02T19:04:12.676+00:00][A] [INFO] --------------------------------
[2026-09-02T19:04:12.676+00:00][A] [INFO] [HEARTBEAT TX]
[2026-09-02T19:04:12.681+00:00][A] [INFO] Node ID: 1
[2026-09-02T19:04:12.681+00:00][A] [INFO] type: 2
[2026-09-02T19:04:12.681+00:00][A] [INFO] Destination: 0xFF
[2026-09-02T19:04:12.686+00:00][A] [INFO] Sequence: 157
[2026-09-02T19:04:12.687+00:00][A] [INFO] Packet ID: 41
[2026-09-02T19:04:12.692+00:00][A] [INFO] Packet Size: 26
[2026-09-02T19:04:12.692+00:00][A] [INFO] Timestamp: 41 ms
[2026-09-02T19:04:12.692+00:00][A] [INFO] Transmission Result: success
[2026-09-02T19:04:12.697+00:00][A] [INFO] --------------------------------
[2026-09-02T19:04:12.698+00:00][A] [INFO] [Heartbeat #41]
[2026-09-02T19:04:12.703+00:00][A] [INFO] Sent
[2026-09-02T19:04:12.703+00:00][A] [INFO] Waiting ACK...
[2026-09-02T19:04:12.703+00:00][A] [INFO] [WAITING ACK]
[2026-09-02T19:04:12.717+00:00][A] [INFO] [RF TX] type=2 source=0x01 destination=0xFF previousHop=0x01 sequence=157 ackSequence=0 ttl=8 hops=0 payloadSize=13 rssi=0 snr=0.00
[2026-09-02T19:04:12.717+00:00][A] [INFO] Heartbeat packet sent
[2026-09-02T19:04:13.692+00:00][A] [WARN] Retry 1
[2026-09-02T19:04:13.760+00:00][A] [INFO] --------------------------------
[2026-09-02T19:04:13.760+00:00][A] [INFO] [HEARTBEAT TX]
[2026-09-02T19:04:13.765+00:00][A] [INFO] Node ID: 1
[2026-09-02T19:04:13.765+00:00][A] [INFO] type: 2
[2026-09-02T19:04:13.765+00:00][A] [INFO] Destination: 0xFF
[2026-09-02T19:04:13.770+00:00][A] [INFO] Sequence: 157
[2026-09-02T19:04:13.771+00:00][A] [INFO] Packet ID: 41
[2026-09-02T19:04:13.776+00:00][A] [INFO] Packet Size: 26
[2026-09-02T19:04:13.776+00:00][A] [INFO] Timestamp: 41 ms
[2026-09-02T19:04:13.776+00:00][A] [INFO] Transmission Result: success
[2026-09-02T19:04:13.782+00:00][A] [INFO] --------------------------------
[2026-09-02T19:04:13.782+00:00][A] [INFO] [Heartbeat #41]
[2026-09-02T19:04:13.787+00:00][A] [INFO] Sent
[2026-09-02T19:04:13.787+00:00][A] [INFO] Waiting ACK...
[2026-09-02T19:04:13.787+00:00][A] [INFO] [WAITING ACK]
[2026-09-02T19:04:13.801+00:00][A] [INFO] [RF TX] type=2 source=0x01 destination=0xFF previousHop=0x01 sequence=157 ackSequence=0 ttl=8 hops=0 payloadSize=13 rssi=0 snr=0.00
[2026-09-02T19:04:13.802+00:00][A] [INFO] Heartbeat packet sent
[2026-09-02T19:04:14.675+00:00][A] [INFO] --------------------------------
[2026-09-02T19:04:14.675+00:00][A] [INFO] [HEARTBEAT TX]
[2026-09-02T19:04:14.681+00:00][A] [INFO] Node ID: 1
[2026-09-02T19:04:14.681+00:00][A] [INFO] type: 2
[2026-09-02T19:04:14.681+00:00][A] [INFO] Destination: 0xFF
[2026-09-02T19:04:14.686+00:00][A] [INFO] Sequence: 158
[2026-09-02T19:04:14.686+00:00][A] [INFO] Packet ID: 42
[2026-09-02T19:04:14.692+00:00][A] [INFO] Packet Size: 26
[2026-09-02T19:04:14.692+00:00][A] [INFO] Timestamp: 42 ms
[2026-09-02T19:04:14.692+00:00][A] [INFO] Transmission Result: success
[2026-09-02T19:04:14.697+00:00][A] [INFO] --------------------------------
[2026-09-02T19:04:14.698+00:00][A] [INFO] [Heartbeat #42]
[2026-09-02T19:04:14.703+00:00][A] [INFO] Sent
[2026-09-02T19:04:14.703+00:00][A] [INFO] Waiting ACK...
[2026-09-02T19:04:14.703+00:00][A] [INFO] [WAITING ACK]
[2026-09-02T19:04:14.717+00:00][A] [INFO] [RF TX] type=2 source=0x01 destination=0xFF previousHop=0x01 sequence=158 ackSequence=0 ttl=8 hops=0 payloadSize=13 rssi=0 snr=0.00
[2026-09-02T19:04:14.717+00:00][A] [INFO] Heartbeat packet sent
[2026-09-02T19:04:14.869+00:00][A] [INFO] [RF RX] type=1 source=0x02 destination=0x01 previousHop=0x02 sequence=141 ackSequence=0 ttl=8 hops=0 payloadSize=4 rssi=-60 snr=9.25
[2026-09-02T19:04:14.927+00:00][A] [INFO] [RF TX] type=3 source=0x01 destination=0x02 previousHop=0x01 sequence=159 ackSequence=141 ttl=8 hops=0 payloadSize=2 rssi=0 snr=0.00
[2026-09-02T19:04:15.692+00:00][A] [WARN] Retry 1
[2026-09-02T19:04:15.760+00:00][A] [INFO] --------------------------------
[2026-09-02T19:04:15.760+00:00][A] [INFO] [HEARTBEAT TX]
[2026-09-02T19:04:15.765+00:00][A] [INFO] Node ID: 1
[2026-09-02T19:04:15.765+00:00][A] [INFO] type: 2
[2026-09-02T19:04:15.765+00:00][A] [INFO] Destination: 0xFF
[2026-09-02T19:04:15.770+00:00][A] [INFO] Sequence: 158
[2026-09-02T19:04:15.771+00:00][A] [INFO] Packet ID: 42
[2026-09-02T19:04:15.776+00:00][A] [INFO] Packet Size: 26
[2026-09-02T19:04:15.776+00:00][A] [INFO] Timestamp: 42 ms
[2026-09-02T19:04:15.777+00:00][A] [INFO] Transmission Result: success
[2026-09-02T19:04:15.782+00:00][A] [INFO] --------------------------------
[2026-09-02T19:04:15.782+00:00][A] [INFO] [Heartbeat #42]
[2026-09-02T19:04:15.787+00:00][A] [INFO] Sent
[2026-09-02T19:04:15.787+00:00][A] [INFO] Waiting ACK...
[2026-09-02T19:04:15.788+00:00][A] [INFO] [WAITING ACK]
[2026-09-02T19:04:15.801+00:00][A] [INFO] [RF TX] type=2 source=0x01 destination=0xFF previousHop=0x01 sequence=158 ackSequence=0 ttl=8 hops=0 payloadSize=13 rssi=0 snr=0.00
[2026-09-02T19:04:15.802+00:00][A] [INFO] Heartbeat packet sent
[2026-09-02T19:04:16.676+00:00][A] [INFO] --------------------------------
[2026-09-02T19:04:16.676+00:00][A] [INFO] [HEARTBEAT TX]
[2026-09-02T19:04:16.681+00:00][A] [INFO] Node ID: 1
[2026-09-02T19:04:16.681+00:00][A] [INFO] type: 2
[2026-09-02T19:04:16.681+00:00][A] [INFO] Destination: 0xFF
[2026-09-02T19:04:16.686+00:00][A] [INFO] Sequence: 160
[2026-09-02T19:04:16.687+00:00][A] [INFO] Packet ID: 43
[2026-09-02T19:04:16.691+00:00][A] [INFO] Packet Size: 26
[2026-09-02T19:04:16.692+00:00][A] [INFO] Timestamp: 43 ms
[2026-09-02T19:04:16.692+00:00][A] [INFO] Transmission Result: success
[2026-09-02T19:04:16.697+00:00][A] [INFO] --------------------------------
[2026-09-02T19:04:16.698+00:00][A] [INFO] [Heartbeat #43]
[2026-09-02T19:04:16.703+00:00][A] [INFO] Sent
[2026-09-02T19:04:16.703+00:00][A] [INFO] Waiting ACK...
[2026-09-02T19:04:16.703+00:00][A] [INFO] [WAITING ACK]
[2026-09-02T19:04:16.717+00:00][A] [INFO] [RF TX] type=2 source=0x01 destination=0xFF previousHop=0x01 sequence=160 ackSequence=0 ttl=8 hops=0 payloadSize=13 rssi=0 snr=0.00
[2026-09-02T19:04:16.717+00:00][A] [INFO] Heartbeat packet sent
[2026-09-02T19:04:17.692+00:00][A] [WARN] Retry 1
[2026-09-02T19:04:17.759+00:00][A] [INFO] --------------------------------
[2026-09-02T19:04:17.760+00:00][A] [INFO] [HEARTBEAT TX]
[2026-09-02T19:04:17.765+00:00][A] [INFO] Node ID: 1
[2026-09-02T19:04:17.765+00:00][A] [INFO] type: 2
[2026-09-02T19:04:17.765+00:00][A] [INFO] Destination: 0xFF
[2026-09-02T19:04:17.770+00:00][A] [INFO] Sequence: 160
[2026-09-02T19:04:17.771+00:00][A] [INFO] Packet ID: 43
[2026-09-02T19:04:17.776+00:00][A] [INFO] Packet Size: 26
[2026-09-02T19:04:17.776+00:00][A] [INFO] Timestamp: 43 ms
[2026-09-02T19:04:17.777+00:00][A] [INFO] Transmission Result: success
[2026-09-02T19:04:17.782+00:00][A] [INFO] --------------------------------
[2026-09-02T19:04:17.782+00:00][A] [INFO] [Heartbeat #43]
[2026-09-02T19:04:17.787+00:00][A] [INFO] Sent
[2026-09-02T19:04:17.787+00:00][A] [INFO] Waiting ACK...
[2026-09-02T19:04:17.787+00:00][A] [INFO] [WAITING ACK]
[2026-09-02T19:04:17.801+00:00][A] [INFO] [RF TX] type=2 source=0x01 destination=0xFF previousHop=0x01 sequence=160 ackSequence=0 ttl=8 hops=0 payloadSize=13 rssi=0 snr=0.00
[2026-09-02T19:04:17.802+00:00][A] [INFO] Heartbeat packet sent
[2026-09-02T19:04:18.675+00:00][A] [INFO] --------------------------------
[2026-09-02T19:04:18.676+00:00][A] [INFO] [HEARTBEAT TX]
[2026-09-02T19:04:18.681+00:00][A] [INFO] Node ID: 1
[2026-09-02T19:04:18.681+00:00][A] [INFO] type: 2
[2026-09-02T19:04:18.681+00:00][A] [INFO] Destination: 0xFF
[2026-09-02T19:04:18.686+00:00][A] [INFO] Sequence: 161
[2026-09-02T19:04:18.687+00:00][A] [INFO] Packet ID: 44
[2026-09-02T19:04:18.692+00:00][A] [INFO] Packet Size: 26
[2026-09-02T19:04:18.692+00:00][A] [INFO] Timestamp: 44 ms
[2026-09-02T19:04:18.692+00:00][A] [INFO] Transmission Result: success
[2026-09-02T19:04:18.697+00:00][A] [INFO] --------------------------------
[2026-09-02T19:04:18.698+00:00][A] [INFO] [Heartbeat #44]
[2026-09-02T19:04:18.703+00:00][A] [INFO] Sent
[2026-09-02T19:04:18.703+00:00][A] [INFO] Waiting ACK...
[2026-09-02T19:04:18.704+00:00][A] [INFO] [WAITING ACK]
[2026-09-02T19:04:18.717+00:00][A] [INFO] [RF TX] type=2 source=0x01 destination=0xFF previousHop=0x01 sequence=161 ackSequence=0 ttl=8 hops=0 payloadSize=13 rssi=0 snr=0.00
[2026-09-02T19:04:18.718+00:00][A] [INFO] Heartbeat packet sent
[2026-09-02T19:04:19.692+00:00][A] [WARN] Retry 1
[2026-09-02T19:04:19.759+00:00][A] [INFO] --------------------------------
[2026-09-02T19:04:19.759+00:00][A] [INFO] [HEARTBEAT TX]
[2026-09-02T19:04:19.764+00:00][A] [INFO] Node ID: 1
[2026-09-02T19:04:19.765+00:00][A] [INFO] type: 2
[2026-09-02T19:04:19.765+00:00][A] [INFO] Destination: 0xFF
[2026-09-02T19:04:19.770+00:00][A] [INFO] Sequence: 161
[2026-09-02T19:04:19.770+00:00][A] [INFO] Packet ID: 44
[2026-09-02T19:04:19.775+00:00][A] [INFO] Packet Size: 26
[2026-09-02T19:04:19.776+00:00][A] [INFO] Timestamp: 44 ms
[2026-09-02T19:04:19.776+00:00][A] [INFO] Transmission Result: success
[2026-09-02T19:04:19.781+00:00][A] [INFO] --------------------------------
[2026-09-02T19:04:19.781+00:00][A] [INFO] [Heartbeat #44]
[2026-09-02T19:04:19.787+00:00][A] [INFO] Sent
[2026-09-02T19:04:19.787+00:00][A] [INFO] Waiting ACK...
[2026-09-02T19:04:19.787+00:00][A] [INFO] [WAITING ACK]
[2026-09-02T19:04:19.801+00:00][A] [INFO] [RF TX] type=2 source=0x01 destination=0xFF previousHop=0x01 sequence=161 ackSequence=0 ttl=8 hops=0 payloadSize=13 rssi=0 snr=0.00
[2026-09-02T19:04:19.801+00:00][A] [INFO] Heartbeat packet sent
[2026-09-02T19:04:20.675+00:00][A] [INFO] --------------------------------
[2026-09-02T19:04:20.675+00:00][A] [INFO] [HEARTBEAT TX]
[2026-09-02T19:04:20.680+00:00][A] [INFO] Node ID: 1
[2026-09-02T19:04:20.680+00:00][A] [INFO] type: 2
[2026-09-02T19:04:20.680+00:00][A] [INFO] Destination: 0xFF
[2026-09-02T19:04:20.686+00:00][A] [INFO] Sequence: 162
[2026-09-02T19:04:20.686+00:00][A] [INFO] Packet ID: 45
[2026-09-02T19:04:20.691+00:00][A] [INFO] Packet Size: 26
[2026-09-02T19:04:20.691+00:00][A] [INFO] Timestamp: 45 ms
[2026-09-02T19:04:20.692+00:00][A] [INFO] Transmission Result: success
[2026-09-02T19:04:20.697+00:00][A] [INFO] --------------------------------
[2026-09-02T19:04:20.697+00:00][A] [INFO] [Heartbeat #45]
[2026-09-02T19:04:20.703+00:00][A] [INFO] Sent
[2026-09-02T19:04:20.703+00:00][A] [INFO] Waiting ACK...
[2026-09-02T19:04:20.703+00:00][A] [INFO] [WAITING ACK]
[2026-09-02T19:04:20.717+00:00][A] [INFO] [RF TX] type=2 source=0x01 destination=0xFF previousHop=0x01 sequence=162 ackSequence=0 ttl=8 hops=0 payloadSize=13 rssi=0 snr=0.00
[2026-09-02T19:04:20.717+00:00][A] [INFO] Heartbeat packet sent
[2026-09-02T19:04:21.692+00:00][A] [WARN] Retry 1
[2026-09-02T19:04:21.759+00:00][A] [INFO] --------------------------------
[2026-09-02T19:04:21.759+00:00][A] [INFO] [HEARTBEAT TX]
[2026-09-02T19:04:21.764+00:00][A] [INFO] Node ID: 1
[2026-09-02T19:04:21.764+00:00][A] [INFO] type: 2
[2026-09-02T19:04:21.764+00:00][A] [INFO] Destination: 0xFF
[2026-09-02T19:04:21.770+00:00][A] [INFO] Sequence: 162
[2026-09-02T19:04:21.770+00:00][A] [INFO] Packet ID: 45
[2026-09-02T19:04:21.775+00:00][A] [INFO] Packet Size: 26
[2026-09-02T19:04:21.776+00:00][A] [INFO] Timestamp: 45 ms
[2026-09-02T19:04:21.776+00:00][A] [INFO] Transmission Result: success
[2026-09-02T19:04:21.781+00:00][A] [INFO] --------------------------------
[2026-09-02T19:04:21.781+00:00][A] [INFO] [Heartbeat #45]
[2026-09-02T19:04:21.787+00:00][A] [INFO] Sent
[2026-09-02T19:04:21.787+00:00][A] [INFO] Waiting ACK...
[2026-09-02T19:04:21.787+00:00][A] [INFO] [WAITING ACK]
[2026-09-02T19:04:21.801+00:00][A] [INFO] [RF TX] type=2 source=0x01 destination=0xFF previousHop=0x01 sequence=162 ackSequence=0 ttl=8 hops=0 payloadSize=13 rssi=0 snr=0.00
[2026-09-02T19:04:21.801+00:00][A] [INFO] Heartbeat packet sent
[2026-09-02T19:04:22.675+00:00][A] [INFO] --------------------------------
[2026-09-02T19:04:22.675+00:00][A] [INFO] [HEARTBEAT TX]
[2026-09-02T19:04:22.681+00:00][A] [INFO] Node ID: 1
[2026-09-02T19:04:22.681+00:00][A] [INFO] type: 2
[2026-09-02T19:04:22.681+00:00][A] [INFO] Destination: 0xFF
[2026-09-02T19:04:22.686+00:00][A] [INFO] Sequence: 163
[2026-09-02T19:04:22.686+00:00][A] [INFO] Packet ID: 46
[2026-09-02T19:04:22.691+00:00][A] [INFO] Packet Size: 26
[2026-09-02T19:04:22.692+00:00][A] [INFO] Timestamp: 46 ms
[2026-09-02T19:04:22.692+00:00][A] [INFO] Transmission Result: success
[2026-09-02T19:04:22.697+00:00][A] [INFO] --------------------------------
[2026-09-02T19:04:22.697+00:00][A] [INFO] [Heartbeat #46]
[2026-09-02T19:04:22.703+00:00][A] [INFO] Sent
[2026-09-02T19:04:22.703+00:00][A] [INFO] Waiting ACK...
[2026-09-02T19:04:22.703+00:00][A] [INFO] [WAITING ACK]
[2026-09-02T19:04:22.717+00:00][A] [INFO] [RF TX] type=2 source=0x01 destination=0xFF previousHop=0x01 sequence=163 ackSequence=0 ttl=8 hops=0 payloadSize=13 rssi=0 snr=0.00
[2026-09-02T19:04:22.717+00:00][A] [INFO] Heartbeat packet sent
[2026-09-02T19:04:23.692+00:00][A] [WARN] Retry 1
[2026-09-02T19:04:23.759+00:00][A] [INFO] --------------------------------
[2026-09-02T19:04:23.759+00:00][A] [INFO] [HEARTBEAT TX]
[2026-09-02T19:04:23.764+00:00][A] [INFO] Node ID: 1
[2026-09-02T19:04:23.765+00:00][A] [INFO] type: 2
[2026-09-02T19:04:23.765+00:00][A] [INFO] Destination: 0xFF
[2026-09-02T19:04:23.770+00:00][A] [INFO] Sequence: 163
[2026-09-02T19:04:23.770+00:00][A] [INFO] Packet ID: 46
[2026-09-02T19:04:23.775+00:00][A] [INFO] Packet Size: 26
[2026-09-02T19:04:23.776+00:00][A] [INFO] Timestamp: 46 ms
[2026-09-02T19:04:23.776+00:00][A] [INFO] Transmission Result: success
[2026-09-02T19:04:23.781+00:00][A] [INFO] --------------------------------
[2026-09-02T19:04:23.782+00:00][A] [INFO] [Heartbeat #46]
[2026-09-02T19:04:23.787+00:00][A] [INFO] Sent
[2026-09-02T19:04:23.787+00:00][A] [INFO] Waiting ACK...
[2026-09-02T19:04:23.787+00:00][A] [INFO] [WAITING ACK]
[2026-09-02T19:04:23.801+00:00][A] [INFO] [RF TX] type=2 source=0x01 destination=0xFF previousHop=0x01 sequence=163 ackSequence=0 ttl=8 hops=0 payloadSize=13 rssi=0 snr=0.00
[2026-09-02T19:04:23.801+00:00][A] [INFO] Heartbeat packet sent
[2026-09-02T19:04:24.675+00:00][A] [INFO] --------------------------------
[2026-09-02T19:04:24.675+00:00][A] [INFO] [HEARTBEAT TX]
[2026-09-02T19:04:24.680+00:00][A] [INFO] Node ID: 1
[2026-09-02T19:04:24.681+00:00][A] [INFO] type: 2
[2026-09-02T19:04:24.681+00:00][A] [INFO] Destination: 0xFF
[2026-09-02T19:04:24.686+00:00][A] [INFO] Sequence: 164
[2026-09-02T19:04:24.687+00:00][A] [INFO] Packet ID: 47
[2026-09-02T19:04:24.691+00:00][A] [INFO] Packet Size: 26
[2026-09-02T19:04:24.692+00:00][A] [INFO] Timestamp: 47 ms
[2026-09-02T19:04:24.692+00:00][A] [INFO] Transmission Result: success
[2026-09-02T19:04:24.697+00:00][A] [INFO] --------------------------------
[2026-09-02T19:04:24.698+00:00][A] [INFO] [Heartbeat #47]
[2026-09-02T19:04:24.703+00:00][A] [INFO] Sent
[2026-09-02T19:04:24.703+00:00][A] [INFO] Waiting ACK...
[2026-09-02T19:04:24.703+00:00][A] [INFO] [WAITING ACK]
[2026-09-02T19:04:24.717+00:00][A] [INFO] [RF TX] type=2 source=0x01 destination=0xFF previousHop=0x01 sequence=164 ackSequence=0 ttl=8 hops=0 payloadSize=13 rssi=0 snr=0.00
[2026-09-02T19:04:24.717+00:00][A] [INFO] Heartbeat packet sent
[2026-09-02T19:04:25.692+00:00][A] [WARN] Retry 1
[2026-09-02T19:04:25.759+00:00][A] [INFO] --------------------------------
[2026-09-02T19:04:25.760+00:00][A] [INFO] [HEARTBEAT TX]
[2026-09-02T19:04:25.764+00:00][A] [INFO] Node ID: 1
[2026-09-02T19:04:25.765+00:00][A] [INFO] type: 2
[2026-09-02T19:04:25.765+00:00][A] [INFO] Destination: 0xFF
[2026-09-02T19:04:25.770+00:00][A] [INFO] Sequence: 164
[2026-09-02T19:04:25.770+00:00][A] [INFO] Packet ID: 47
[2026-09-02T19:04:25.775+00:00][A] [INFO] Packet Size: 26
[2026-09-02T19:04:25.776+00:00][A] [INFO] Timestamp: 47 ms
[2026-09-02T19:04:25.776+00:00][A] [INFO] Transmission Result: success
[2026-09-02T19:04:25.781+00:00][A] [INFO] --------------------------------
[2026-09-02T19:04:25.783+00:00][A] [INFO] [Heartbeat #47]
[2026-09-02T19:04:25.787+00:00][A] [INFO] Sent
[2026-09-02T19:04:25.787+00:00][A] [INFO] Waiting ACK...
[2026-09-02T19:04:25.787+00:00][A] [INFO] [WAITING ACK]
[2026-09-02T19:04:25.801+00:00][A] [INFO] [RF TX] type=2 source=0x01 destination=0xFF previousHop=0x01 sequence=164 ackSequence=0 ttl=8 hops=0 payloadSize=13 rssi=0 snr=0.00
[2026-09-02T19:04:25.801+00:00][A] [INFO] Heartbeat packet sent
[2026-09-02T19:04:26.675+00:00][A] [INFO] --------------------------------
[2026-09-02T19:04:26.676+00:00][A] [INFO] [HEARTBEAT TX]
[2026-09-02T19:04:26.680+00:00][A] [INFO] Node ID: 1
[2026-09-02T19:04:26.680+00:00][A] [INFO] type: 2
[2026-09-02T19:04:26.681+00:00][A] [INFO] Destination: 0xFF
[2026-09-02T19:04:26.686+00:00][A] [INFO] Sequence: 165
[2026-09-02T19:04:26.686+00:00][A] [INFO] Packet ID: 48
[2026-09-02T19:04:26.691+00:00][A] [INFO] Packet Size: 26
[2026-09-02T19:04:26.692+00:00][A] [INFO] Timestamp: 48 ms
[2026-09-02T19:04:26.692+00:00][A] [INFO] Transmission Result: success
[2026-09-02T19:04:26.697+00:00][A] [INFO] --------------------------------
[2026-09-02T19:04:26.697+00:00][A] [INFO] [Heartbeat #48]
[2026-09-02T19:04:26.703+00:00][A] [INFO] Sent
[2026-09-02T19:04:26.703+00:00][A] [INFO] Waiting ACK...
[2026-09-02T19:04:26.703+00:00][A] [INFO] [WAITING ACK]
[2026-09-02T19:04:26.717+00:00][A] [INFO] [RF TX] type=2 source=0x01 destination=0xFF previousHop=0x01 sequence=165 ackSequence=0 ttl=8 hops=0 payloadSize=13 rssi=0 snr=0.00
[2026-09-02T19:04:26.717+00:00][A] [INFO] Heartbeat packet sent
[2026-09-02T19:04:27.692+00:00][A] [WARN] Retry 1
[2026-09-02T19:04:27.759+00:00][A] [INFO] --------------------------------
[2026-09-02T19:04:27.759+00:00][A] [INFO] [HEARTBEAT TX]
[2026-09-02T19:04:27.764+00:00][A] [INFO] Node ID: 1
[2026-09-02T19:04:27.764+00:00][A] [INFO] type: 2
[2026-09-02T19:04:27.764+00:00][A] [INFO] Destination: 0xFF
[2026-09-02T19:04:27.770+00:00][A] [INFO] Sequence: 165
[2026-09-02T19:04:27.770+00:00][A] [INFO] Packet ID: 48
[2026-09-02T19:04:27.775+00:00][A] [INFO] Packet Size: 26
[2026-09-02T19:04:27.775+00:00][A] [INFO] Timestamp: 48 ms
[2026-09-02T19:04:27.775+00:00][A] [INFO] Transmission Result: success
[2026-09-02T19:04:27.781+00:00][A] [INFO] --------------------------------
[2026-09-02T19:04:27.781+00:00][A] [INFO] [Heartbeat #48]
[2026-09-02T19:04:27.786+00:00][A] [INFO] Sent
[2026-09-02T19:04:27.786+00:00][A] [INFO] Waiting ACK...
[2026-09-02T19:04:27.787+00:00][A] [INFO] [WAITING ACK]
[2026-09-02T19:04:27.801+00:00][A] [INFO] [RF TX] type=2 source=0x01 destination=0xFF previousHop=0x01 sequence=165 ackSequence=0 ttl=8 hops=0 payloadSize=13 rssi=0 snr=0.00
[2026-09-02T19:04:27.801+00:00][A] [INFO] Heartbeat packet sent
[2026-09-02T19:04:28.675+00:00][A] [INFO] --------------------------------
[2026-09-02T19:04:28.675+00:00][A] [INFO] [HEARTBEAT TX]
[2026-09-02T19:04:28.680+00:00][A] [INFO] Node ID: 1
[2026-09-02T19:04:28.680+00:00][A] [INFO] type: 2
[2026-09-02T19:04:28.680+00:00][A] [INFO] Destination: 0xFF
[2026-09-02T19:04:28.686+00:00][A] [INFO] Sequence: 166
[2026-09-02T19:04:28.686+00:00][A] [INFO] Packet ID: 49
[2026-09-02T19:04:28.691+00:00][A] [INFO] Packet Size: 26
[2026-09-02T19:04:28.691+00:00][A] [INFO] Timestamp: 49 ms
[2026-09-02T19:04:28.691+00:00][A] [INFO] Transmission Result: success
[2026-09-02T19:04:28.697+00:00][A] [INFO] --------------------------------
[2026-09-02T19:04:28.697+00:00][A] [INFO] [Heartbeat #49]
[2026-09-02T19:04:28.702+00:00][A] [INFO] Sent
[2026-09-02T19:04:28.702+00:00][A] [INFO] Waiting ACK...
[2026-09-02T19:04:28.703+00:00][A] [INFO] [WAITING ACK]
[2026-09-02T19:04:28.717+00:00][A] [INFO] [RF TX] type=2 source=0x01 destination=0xFF previousHop=0x01 sequence=166 ackSequence=0 ttl=8 hops=0 payloadSize=13 rssi=0 snr=0.00
[2026-09-02T19:04:28.717+00:00][A] [INFO] Heartbeat packet sent
[2026-09-02T19:04:29.692+00:00][A] [WARN] Retry 1
[2026-09-02T19:04:29.759+00:00][A] [INFO] --------------------------------
[2026-09-02T19:04:29.759+00:00][A] [INFO] [HEARTBEAT TX]
[2026-09-02T19:04:29.765+00:00][A] [INFO] Node ID: 1
[2026-09-02T19:04:29.765+00:00][A] [INFO] type: 2
[2026-09-02T19:04:29.766+00:00][A] [INFO] Destination: 0xFF
[2026-09-02T19:04:29.770+00:00][A] [INFO] Sequence: 166
[2026-09-02T19:04:29.771+00:00][A] [INFO] Packet ID: 49
[2026-09-02T19:04:29.776+00:00][A] [INFO] Packet Size: 26
[2026-09-02T19:04:29.776+00:00][A] [INFO] Timestamp: 49 ms
[2026-09-02T19:04:29.777+00:00][A] [INFO] Transmission Result: success
[2026-09-02T19:04:29.781+00:00][A] [INFO] --------------------------------
[2026-09-02T19:04:29.782+00:00][A] [INFO] [Heartbeat #49]
[2026-09-02T19:04:29.787+00:00][A] [INFO] Sent
[2026-09-02T19:04:29.787+00:00][A] [INFO] Waiting ACK...
[2026-09-02T19:04:29.788+00:00][A] [INFO] [WAITING ACK]
[2026-09-02T19:04:29.801+00:00][A] [INFO] [RF TX] type=2 source=0x01 destination=0xFF previousHop=0x01 sequence=166 ackSequence=0 ttl=8 hops=0 payloadSize=13 rssi=0 snr=0.00
[2026-09-02T19:04:29.801+00:00][A] [INFO] Heartbeat packet sent
