[2026-09-02T18:43:24.333+00:00][B] [INFO] [RF RX] type=1 source=0x01 destination=0x02 previousHop=0x01 sequence=881 ackSequence=0 ttl=8 hops=0 payloadSize=4 rssi=-63 snr
[2026-09-02T18:43:24.391+00:00][B] [INFO] [RF TX] type=3 source=0x02 destination=0x01 previousHop=0x02 sequence=493 ackSequence=881 ttl=8 hops=0 payloadSize=2 rssi=0 snr
[2026-09-02T18:43:24.459+00:00][B] [INFO] [RF RX] type=1 source=0x01 destination=0x02 previousHop=0x01 sequence=883 ackSequence=0 ttl=8 hops=0 payloadSize=4 rssi=-62 snr
[2026-09-02T18:43:24.517+00:00][B] [INFO] [RF TX] type=3 source=0x02 destination=0x01 previousHop=0x02 sequence=494 ackSequence=883 ttl=8 hops=0 payloadSize=2 rssi=0 snr
[2026-09-02T18:43:24.585+00:00][B] [INFO] [RF RX] type=1 source=0x01 destination=0x02 previousHop=0x01 sequence=885 ackSequence=0 ttl=8 hops=0 payloadSize=4 rssi=-62 snr
[2026-09-02T18:43:24.643+00:00][B] [INFO] [RF TX] type=3 source=0x02 destination=0x01 previousHop=0x02 sequence=495 ackSequence=885 ttl=8 hops=0 payloadSize=2 rssi=0 snr
[2026-09-02T18:43:24.660+00:00][B] [WARN] Retry 1
[2026-09-02T18:43:24.727+00:00][B] [INFO] --------------------------------
[2026-09-02T18:43:24.727+00:00][B] [INFO] [HEARTBEAT TX]
[2026-09-02T18:43:24.732+00:00][B] [INFO] Node ID: 2
[2026-09-02T18:43:24.733+00:00][B] [INFO] type: 2
[2026-09-02T18:43:24.733+00:00][B] [INFO] Destination: 0xFF
[2026-09-02T18:43:24.738+00:00][B] [INFO] Sequence: 492
[2026-09-02T18:43:24.738+00:00][B] [INFO] Packet ID: 263
[2026-09-02T18:43:24.744+00:00][B] [INFO] Packet Size: 26
[2026-09-02T18:43:24.744+00:00][B] [INFO] Timestamp: 263 ms
[2026-09-02T18:43:24.749+00:00][B] [INFO] Transmission Result: success
[2026-09-02T18:43:24.749+00:00][B] [INFO] --------------------------------
[2026-09-02T18:43:24.755+00:00][B] [INFO] [Heartbeat #263]
[2026-09-02T18:43:24.755+00:00][B] [INFO] Sent
[2026-09-02T18:43:24.755+00:00][B] [INFO] Waiting ACK...
[2026-09-02T18:43:24.755+00:00][B] [INFO] [WAITING ACK]
[2026-09-02T18:43:24.769+00:00][B] [INFO] [RF TX] type=2 source=0x02 destination=0xFF previousHop=0x02 sequence=492 ackSequence=0 ttl=8 hops=0 payloadSize=13 rssi=0 snr=
[2026-09-02T18:43:24.769+00:00][B] [INFO] Heartbeat packet sent
[2026-09-02T18:43:24.880+00:00][B] [INFO] [RF RX] type=1 source=0x01 destination=0x02 previousHop=0x01 sequence=888 ackSequence=0 ttl=8 hops=0 payloadSize=4 rssi=-63 snr
[2026-09-02T18:43:24.937+00:00][B] [INFO] [RF TX] type=3 source=0x02 destination=0x01 previousHop=0x02 sequence=496 ackSequence=888 ttl=8 hops=0 payloadSize=2 rssi=0 snr
[2026-09-02T18:43:25.005+00:00][B] [INFO] [RF RX] type=1 source=0x01 destination=0x02 previousHop=0x01 sequence=890 ackSequence=0 ttl=8 hops=0 payloadSize=4 rssi=-63 snr
[2026-09-02T18:43:25.062+00:00][B] [INFO] [RF TX] type=3 source=0x02 destination=0x01 previousHop=0x02 sequence=497 ackSequence=890 ttl=8 hops=0 payloadSize=2 rssi=0 snr
[2026-09-02T18:43:25.130+00:00][B] [INFO] [RF RX] type=1 source=0x01 destination=0x02 previousHop=0x01 sequence=892 ackSequence=0 ttl=8 hops=0 payloadSize=4 rssi=-62 snr
[2026-09-02T18:43:25.188+00:00][B] [INFO] [RF TX] type=3 source=0x02 destination=0x01 previousHop=0x02 sequence=498 ackSequence=892 ttl=8 hops=0 payloadSize=2 rssi=0 snr
[2026-09-02T18:43:25.256+00:00][B] [INFO] [RF RX] type=1 source=0x01 destination=0x02 previousHop=0x01 sequence=894 ackSequence=0 ttl=8 hops=0 payloadSize=4 rssi=-63 snr
[2026-09-02T18:43:25.313+00:00][B] [INFO] [RF TX] type=3 source=0x02 destination=0x01 previousHop=0x02 sequence=499 ackSequence=894 ttl=8 hops=0 payloadSize=2 rssi=0 snr
[2026-09-02T18:43:25.381+00:00][B] [INFO] [RF RX] type=1 source=0x01 destination=0x02 previousHop=0x01 sequence=896 ackSequence=0 ttl=8 hops=0 payloadSize=4 rssi=-63 snr
[2026-09-02T18:43:25.439+00:00][B] [INFO] [RF TX] type=3 source=0x02 destination=0x01 previousHop=0x02 sequence=500 ackSequence=896 ttl=8 hops=0 payloadSize=2 rssi=0 snr
[2026-09-02T18:43:25.509+00:00][B] [INFO] [RF RX] type=1 source=0x01 destination=0x02 previousHop=0x01 sequence=898 ackSequence=0 ttl=8 hops=0 payloadSize=4 rssi=-62 snr
[2026-09-02T18:43:25.565+00:00][B] [INFO] [RF TX] type=3 source=0x02 destination=0x01 previousHop=0x02 sequence=501 ackSequence=898 ttl=8 hops=0 payloadSize=2 rssi=0 snr
[2026-09-02T18:43:25.643+00:00][B] [INFO] --------------------------------
[2026-09-02T18:43:25.643+00:00][B] [INFO] [HEARTBEAT TX]
[2026-09-02T18:43:25.648+00:00][B] [INFO] Node ID: 2
[2026-09-02T18:43:25.649+00:00][B] [INFO] type: 2
[2026-09-02T18:43:25.649+00:00][B] [INFO] Destination: 0xFF
[2026-09-02T18:43:25.654+00:00][B] [INFO] Sequence: 502
[2026-09-02T18:43:25.654+00:00][B] [INFO] Packet ID: 264
[2026-09-02T18:43:25.660+00:00][B] [INFO] Packet Size: 26
[2026-09-02T18:43:25.660+00:00][B] [INFO] Timestamp: 264 ms
[2026-09-02T18:43:25.665+00:00][B] [INFO] Transmission Result: success
[2026-09-02T18:43:25.665+00:00][B] [INFO] --------------------------------
[2026-09-02T18:43:25.671+00:00][B] [INFO] [Heartbeat #264]
[2026-09-02T18:43:25.671+00:00][B] [INFO] Sent
[2026-09-02T18:43:25.671+00:00][B] [INFO] Waiting ACK...
[2026-09-02T18:43:25.671+00:00][B] [INFO] [WAITING ACK]
[2026-09-02T18:43:25.685+00:00][B] [INFO] [RF TX] type=2 source=0x02 destination=0xFF previousHop=0x02 sequence=502 ackSequence=0 ttl=8 hops=0 payloadSize=13 rssi=0 snr=
[2026-09-02T18:43:25.685+00:00][B] [INFO] Heartbeat packet sent
[2026-09-02T18:43:25.759+00:00][B] [INFO] [RF RX] type=1 source=0x01 destination=0x02 previousHop=0x01 sequence=900 ackSequence=0 ttl=8 hops=0 payloadSize=4 rssi=-62 snr
[2026-09-02T18:43:25.817+00:00][B] [INFO] [RF TX] type=3 source=0x02 destination=0x01 previousHop=0x02 sequence=503 ackSequence=900 ttl=8 hops=0 payloadSize=2 rssi=0 snr
[2026-09-02T18:43:25.896+00:00][B] [INFO] [RF RX] type=2 source=0x01 destination=0xFF previousHop=0x01 sequence=901 ackSequence=0 ttl=8 hops=0 payloadSize=13 rssi=-62 sn
[2026-09-02T18:43:26.001+00:00][B] [INFO] [RF RX] type=1 source=0x01 destination=0x02 previousHop=0x01 sequence=902 ackSequence=0 ttl=8 hops=0 payloadSize=4 rssi=-62 snr
[2026-09-02T18:43:26.058+00:00][B] [INFO] [RF TX] type=3 source=0x02 destination=0x01 previousHop=0x02 sequence=504 ackSequence=902 ttl=8 hops=0 payloadSize=2 rssi=0 snr
[2026-09-02T18:43:26.127+00:00][B] [INFO] [RF RX] type=1 source=0x01 destination=0x02 previousHop=0x01 sequence=903 ackSequence=0 ttl=8 hops=0 payloadSize=4 rssi=-62 snr
[2026-09-02T18:43:26.184+00:00][B] [INFO] [RF TX] type=3 source=0x02 destination=0x01 previousHop=0x02 sequence=505 ackSequence=903 ttl=8 hops=0 payloadSize=2 rssi=0 snr
[2026-09-02T18:43:26.252+00:00][B] [INFO] [RF RX] type=1 source=0x01 destination=0x02 previousHop=0x01 sequence=904 ackSequence=0 ttl=8 hops=0 payloadSize=4 rssi=-62 snr
[2026-09-02T18:43:26.310+00:00][B] [INFO] [RF TX] type=3 source=0x02 destination=0x01 previousHop=0x02 sequence=506 ackSequence=904 ttl=8 hops=0 payloadSize=2 rssi=0 snr
[2026-09-02T18:43:26.378+00:00][B] [INFO] [RF RX] type=1 source=0x01 destination=0x02 previousHop=0x01 sequence=906 ackSequence=0 ttl=8 hops=0 payloadSize=4 rssi=-62 snr
[2026-09-02T18:43:26.436+00:00][B] [INFO] [RF TX] type=3 source=0x02 destination=0x01 previousHop=0x02 sequence=507 ackSequence=906 ttl=8 hops=0 payloadSize=2 rssi=0 snr
[2026-09-02T18:43:26.503+00:00][B] [INFO] [RF RX] type=1 source=0x01 destination=0x02 previousHop=0x01 sequence=908 ackSequence=0 ttl=8 hops=0 payloadSize=4 rssi=-63 snr
[2026-09-02T18:43:26.561+00:00][B] [INFO] [RF TX] type=3 source=0x02 destination=0x01 previousHop=0x02 sequence=508 ackSequence=908 ttl=8 hops=0 payloadSize=2 rssi=0 snr
[2026-09-02T18:43:26.629+00:00][B] [INFO] [RF RX] type=1 source=0x01 destination=0x02 previousHop=0x01 sequence=910 ackSequence=0 ttl=8 hops=0 payloadSize=4 rssi=-63 snr
[2026-09-02T18:43:26.688+00:00][B] [INFO] [RF TX] type=3 source=0x02 destination=0x01 previousHop=0x02 sequence=509 ackSequence=910 ttl=8 hops=0 payloadSize=2 rssi=0 snr
[2026-09-02T18:43:26.688+00:00][B] [WARN] Retry 1
[2026-09-02T18:43:26.755+00:00][B] [INFO] --------------------------------
[2026-09-02T18:43:26.755+00:00][B] [INFO] [HEARTBEAT TX]
[2026-09-02T18:43:26.759+00:00][B] [INFO] Node ID: 2
[2026-09-02T18:43:26.760+00:00][B] [INFO] type: 2
[2026-09-02T18:43:26.760+00:00][B] [INFO] Destination: 0xFF
[2026-09-02T18:43:26.765+00:00][B] [INFO] Sequence: 502
[2026-09-02T18:43:26.765+00:00][B] [INFO] Packet ID: 264
[2026-09-02T18:43:26.771+00:00][B] [INFO] Packet Size: 26
[2026-09-02T18:43:26.771+00:00][B] [INFO] Timestamp: 264 ms
[2026-09-02T18:43:26.776+00:00][B] [INFO] Transmission Result: success
[2026-09-02T18:43:26.776+00:00][B] [INFO] --------------------------------
[2026-09-02T18:43:26.781+00:00][B] [INFO] [Heartbeat #264]
[2026-09-02T18:43:26.782+00:00][B] [INFO] Sent
[2026-09-02T18:43:26.782+00:00][B] [INFO] Waiting ACK...
[2026-09-02T18:43:26.782+00:00][B] [INFO] [WAITING ACK]
[2026-09-02T18:43:26.796+00:00][B] [INFO] [RF TX] type=2 source=0x02 destination=0xFF previousHop=0x02 sequence=502 ackSequence=0 ttl=8 hops=0 payloadSize=13 rssi=0 snr=
[2026-09-02T18:43:26.796+00:00][B] [INFO] Heartbeat packet sent
[2026-09-02T18:43:26.880+00:00][B] [INFO] [RF RX] type=1 source=0x01 destination=0x02 previousHop=0x01 sequence=914 ackSequence=0 ttl=8 hops=0 payloadSize=4 rssi=-62 snr
[2026-09-02T18:43:26.938+00:00][B] [INFO] [RF TX] type=3 source=0x02 destination=0x01 previousHop=0x02 sequence=510 ackSequence=914 ttl=8 hops=0 payloadSize=2 rssi=0 snr
[2026-09-02T18:43:27.007+00:00][B] [INFO] [RF RX] type=1 source=0x01 destination=0x02 previousHop=0x01 sequence=916 ackSequence=0 ttl=8 hops=0 payloadSize=4 rssi=-62 snr
[2026-09-02T18:43:27.064+00:00][B] [INFO] [RF TX] type=3 source=0x02 destination=0x01 previousHop=0x02 sequence=511 ackSequence=916 ttl=8 hops=0 payloadSize=2 rssi=0 snr
[2026-09-02T18:43:27.133+00:00][B] [INFO] [RF RX] type=1 source=0x01 destination=0x02 previousHop=0x01 sequence=918 ackSequence=0 ttl=8 hops=0 payloadSize=4 rssi=-63 snr
[2026-09-02T18:43:27.190+00:00][B] [INFO] [RF TX] type=3 source=0x02 destination=0x01 previousHop=0x02 sequence=512 ackSequence=918 ttl=8 hops=0 payloadSize=2 rssi=0 snr
[2026-09-02T18:43:27.258+00:00][B] [INFO] [RF RX] type=1 source=0x01 destination=0x02 previousHop=0x01 sequence=920 ackSequence=0 ttl=8 hops=0 payloadSize=4 rssi=-62 snr
[2026-09-02T18:43:27.316+00:00][B] [INFO] [RF TX] type=3 source=0x02 destination=0x01 previousHop=0x02 sequence=513 ackSequence=920 ttl=8 hops=0 payloadSize=2 rssi=0 snr
[2026-09-02T18:43:27.384+00:00][B] [INFO] [RF RX] type=1 source=0x01 destination=0x02 previousHop=0x01 sequence=922 ackSequence=0 ttl=8 hops=0 payloadSize=4 rssi=-63 snr
[2026-09-02T18:43:27.442+00:00][B] [INFO] [RF TX] type=3 source=0x02 destination=0x01 previousHop=0x02 sequence=514 ackSequence=922 ttl=8 hops=0 payloadSize=2 rssi=0 snr
[2026-09-02T18:43:27.510+00:00][B] [INFO] [RF RX] type=1 source=0x01 destination=0x02 previousHop=0x01 sequence=924 ackSequence=0 ttl=8 hops=0 payloadSize=4 rssi=-62 snr
[2026-09-02T18:43:27.567+00:00][B] [INFO] [RF TX] type=3 source=0x02 destination=0x01 previousHop=0x02 sequence=515 ackSequence=924 ttl=8 hops=0 payloadSize=2 rssi=0 snr
[2026-09-02T18:43:27.643+00:00][B] [INFO] --------------------------------
[2026-09-02T18:43:27.643+00:00][B] [INFO] [HEARTBEAT TX]
[2026-09-02T18:43:27.648+00:00][B] [INFO] Node ID: 2
[2026-09-02T18:43:27.649+00:00][B] [INFO] type: 2
[2026-09-02T18:43:27.649+00:00][B] [INFO] Destination: 0xFF
[2026-09-02T18:43:27.654+00:00][B] [INFO] Sequence: 516
[2026-09-02T18:43:27.654+00:00][B] [INFO] Packet ID: 265
[2026-09-02T18:43:27.660+00:00][B] [INFO] Packet Size: 26
[2026-09-02T18:43:27.660+00:00][B] [INFO] Timestamp: 265 ms
[2026-09-02T18:43:27.665+00:00][B] [INFO] Transmission Result: success
[2026-09-02T18:43:27.665+00:00][B] [INFO] --------------------------------
[2026-09-02T18:43:27.671+00:00][B] [INFO] [Heartbeat #265]
[2026-09-02T18:43:27.671+00:00][B] [INFO] Sent
[2026-09-02T18:43:27.671+00:00][B] [INFO] Waiting ACK...
[2026-09-02T18:43:27.671+00:00][B] [INFO] [WAITING ACK]
[2026-09-02T18:43:27.685+00:00][B] [INFO] [RF TX] type=2 source=0x02 destination=0xFF previousHop=0x02 sequence=516 ackSequence=0 ttl=8 hops=0 payloadSize=13 rssi=0 snr=
[2026-09-02T18:43:27.685+00:00][B] [INFO] Heartbeat packet sent
[2026-09-02T18:43:27.762+00:00][B] [INFO] [RF RX] type=1 source=0x01 destination=0x02 previousHop=0x01 sequence=928 ackSequence=0 ttl=8 hops=0 payloadSize=4 rssi=-62 snr
[2026-09-02T18:43:27.820+00:00][B] [INFO] [RF TX] type=3 source=0x02 destination=0x01 previousHop=0x02 sequence=517 ackSequence=928 ttl=8 hops=0 payloadSize=2 rssi=0 snr
[2026-09-02T18:43:27.888+00:00][B] [INFO] [RF RX] type=1 source=0x01 destination=0x02 previousHop=0x01 sequence=930 ackSequence=0 ttl=8 hops=0 payloadSize=4 rssi=-63 snr
[2026-09-02T18:43:27.946+00:00][B] [INFO] [RF TX] type=3 source=0x02 destination=0x01 previousHop=0x02 sequence=518 ackSequence=930 ttl=8 hops=0 payloadSize=2 rssi=0 snr
[2026-09-02T18:43:28.015+00:00][B] [INFO] [RF RX] type=1 source=0x01 destination=0x02 previousHop=0x01 sequence=932 ackSequence=0 ttl=8 hops=0 payloadSize=4 rssi=-62 snr
[2026-09-02T18:43:28.072+00:00][B] [INFO] [RF TX] type=3 source=0x02 destination=0x01 previousHop=0x02 sequence=519 ackSequence=932 ttl=8 hops=0 payloadSize=2 rssi=0 snr
[2026-09-02T18:43:28.141+00:00][B] [INFO] [RF RX] type=1 source=0x01 destination=0x02 previousHop=0x01 sequence=936 ackSequence=0 ttl=8 hops=0 payloadSize=4 rssi=-62 snr
[2026-09-02T18:43:28.198+00:00][B] [INFO] [RF TX] type=3 source=0x02 destination=0x01 previousHop=0x02 sequence=520 ackSequence=936 ttl=8 hops=0 payloadSize=2 rssi=0 snr
[2026-09-02T18:43:28.267+00:00][B] [INFO] [RF RX] type=1 source=0x01 destination=0x02 previousHop=0x01 sequence=940 ackSequence=0 ttl=8 hops=0 payloadSize=4 rssi=-62 snr
[2026-09-02T18:43:28.325+00:00][B] [INFO] [RF TX] type=3 source=0x02 destination=0x01 previousHop=0x02 sequence=521 ackSequence=940 ttl=8 hops=0 payloadSize=2 rssi=0 snr
[2026-09-02T18:43:28.394+00:00][B] [INFO] [RF RX] type=1 source=0x01 destination=0x02 previousHop=0x01 sequence=944 ackSequence=0 ttl=8 hops=0 payloadSize=4 rssi=-62 snr
[2026-09-02T18:43:28.451+00:00][B] [INFO] [RF TX] type=3 source=0x02 destination=0x01 previousHop=0x02 sequence=522 ackSequence=944 ttl=8 hops=0 payloadSize=2 rssi=0 snr
[2026-09-02T18:43:28.520+00:00][B] [INFO] [RF RX] type=1 source=0x01 destination=0x02 previousHop=0x01 sequence=948 ackSequence=0 ttl=8 hops=0 payloadSize=4 rssi=-61 snr
[2026-09-02T18:43:28.577+00:00][B] [INFO] [RF TX] type=3 source=0x02 destination=0x01 previousHop=0x02 sequence=523 ackSequence=948 ttl=8 hops=0 payloadSize=2 rssi=0 snr
[2026-09-02T18:43:28.646+00:00][B] [INFO] [RF RX] type=1 source=0x01 destination=0x02 previousHop=0x01 sequence=952 ackSequence=0 ttl=8 hops=0 payloadSize=4 rssi=-62 snr
[2026-09-02T18:43:28.705+00:00][B] [INFO] [RF TX] type=3 source=0x02 destination=0x01 previousHop=0x02 sequence=524 ackSequence=952 ttl=8 hops=0 payloadSize=2 rssi=0 snr
[2026-09-02T18:43:28.705+00:00][B] [WARN] Retry 1
[2026-09-02T18:43:28.772+00:00][B] [INFO] --------------------------------
[2026-09-02T18:43:28.772+00:00][B] [INFO] [HEARTBEAT TX]
[2026-09-02T18:43:28.776+00:00][B] [INFO] Node ID: 2
[2026-09-02T18:43:28.776+00:00][B] [INFO] type: 2
[2026-09-02T18:43:28.777+00:00][B] [INFO] Destination: 0xFF
[2026-09-02T18:43:28.781+00:00][B] [INFO] Sequence: 516
[2026-09-02T18:43:28.782+00:00][B] [INFO] Packet ID: 265
[2026-09-02T18:43:28.787+00:00][B] [INFO] Packet Size: 26
[2026-09-02T18:43:28.787+00:00][B] [INFO] Timestamp: 265 ms
[2026-09-02T18:43:28.792+00:00][B] [INFO] Transmission Result: success
[2026-09-02T18:43:28.793+00:00][B] [INFO] --------------------------------
[2026-09-02T18:43:28.798+00:00][B] [INFO] [Heartbeat #265]
[2026-09-02T18:43:28.798+00:00][B] [INFO] Sent
[2026-09-02T18:43:28.798+00:00][B] [INFO] Waiting ACK...
[2026-09-02T18:43:28.799+00:00][B] [INFO] [WAITING ACK]
[2026-09-02T18:43:28.812+00:00][B] [INFO] [RF TX] type=2 source=0x02 destination=0xFF previousHop=0x02 sequence=516 ackSequence=0 ttl=8 hops=0 payloadSize=13 rssi=0 snr=
[2026-09-02T18:43:28.813+00:00][B] [INFO] Heartbeat packet sent
[2026-09-02T18:43:28.898+00:00][B] [INFO] [RF RX] type=1 source=0x01 destination=0x02 previousHop=0x01 sequence=960 ackSequence=0 ttl=8 hops=0 payloadSize=4 rssi=-62 snr
[2026-09-02T18:43:28.956+00:00][B] [INFO] [RF TX] type=3 source=0x02 destination=0x01 previousHop=0x02 sequence=525 ackSequence=960 ttl=8 hops=0 payloadSize=2 rssi=0 snr
[2026-09-02T18:43:29.024+00:00][B] [INFO] [RF RX] type=1 source=0x01 destination=0x02 previousHop=0x01 sequence=964 ackSequence=0 ttl=8 hops=0 payloadSize=4 rssi=-63 snr
[2026-09-02T18:43:29.082+00:00][B] [INFO] [RF TX] type=3 source=0x02 destination=0x01 previousHop=0x02 sequence=526 ackSequence=964 ttl=8 hops=0 payloadSize=2 rssi=0 snr
[2026-09-02T18:43:29.151+00:00][B] [INFO] [RF RX] type=1 source=0x01 destination=0x02 previousHop=0x01 sequence=968 ackSequence=0 ttl=8 hops=0 payloadSize=4 rssi=-63 snr
[2026-09-02T18:43:29.208+00:00][B] [INFO] [RF TX] type=3 source=0x02 destination=0x01 previousHop=0x02 sequence=527 ackSequence=968 ttl=8 hops=0 payloadSize=2 rssi=0 snr
[2026-09-02T18:43:29.277+00:00][B] [INFO] [RF RX] type=1 source=0x01 destination=0x02 previousHop=0x01 sequence=972 ackSequence=0 ttl=8 hops=0 payloadSize=4 rssi=-62 snr
[2026-09-02T18:43:29.335+00:00][B] [INFO] [RF TX] type=3 source=0x02 destination=0x01 previousHop=0x02 sequence=528 ackSequence=972 ttl=8 hops=0 payloadSize=2 rssi=0 snr
[2026-09-02T18:43:29.403+00:00][B] [INFO] [RF RX] type=1 source=0x01 destination=0x02 previousHop=0x01 sequence=976 ackSequence=0 ttl=8 hops=0 payloadSize=4 rssi=-62 snr
[2026-09-02T18:43:29.461+00:00][B] [INFO] [RF TX] type=3 source=0x02 destination=0x01 previousHop=0x02 sequence=529 ackSequence=976 ttl=8 hops=0 payloadSize=2 rssi=0 snr
[2026-09-02T18:43:29.530+00:00][B] [INFO] [RF RX] type=1 source=0x01 destination=0x02 previousHop=0x01 sequence=980 ackSequence=0 ttl=8 hops=0 payloadSize=4 rssi=-62 snr
[2026-09-02T18:43:29.587+00:00][B] [INFO] [RF TX] type=3 source=0x02 destination=0x01 previousHop=0x02 sequence=530 ackSequence=980 ttl=8 hops=0 payloadSize=2 rssi=0 snr
[2026-09-02T18:43:29.654+00:00][B] [INFO] --------------------------------
[2026-09-02T18:43:29.655+00:00][B] [INFO] [HEARTBEAT TX]
[2026-09-02T18:43:29.660+00:00][B] [INFO] Node ID: 2
[2026-09-02T18:43:29.660+00:00][B] [INFO] type: 2
[2026-09-02T18:43:29.660+00:00][B] [INFO] Destination: 0xFF
[2026-09-02T18:43:29.665+00:00][B] [INFO] Sequence: 531
[2026-09-02T18:43:29.666+00:00][B] [INFO] Packet ID: 266
[2026-09-02T18:43:29.671+00:00][B] [INFO] Packet Size: 26
[2026-09-02T18:43:29.671+00:00][B] [INFO] Timestamp: 266 ms
[2026-09-02T18:43:29.676+00:00][B] [INFO] Transmission Result: success
[2026-09-02T18:43:29.677+00:00][B] [INFO] --------------------------------
[2026-09-02T18:43:29.682+00:00][B] [INFO] [Heartbeat #266]
[2026-09-02T18:43:29.682+00:00][B] [INFO] Sent
[2026-09-02T18:43:29.682+00:00][B] [INFO] Waiting ACK...
[2026-09-02T18:43:29.683+00:00][B] [INFO] [WAITING ACK]
[2026-09-02T18:43:29.696+00:00][B] [INFO] [RF TX] type=2 source=0x02 destination=0xFF previousHop=0x02 sequence=531 ackSequence=0 ttl=8 hops=0 payloadSize=13 rssi=0 snr=
[2026-09-02T18:43:29.697+00:00][B] [INFO] Heartbeat packet sent
[2026-09-02T18:43:29.782+00:00][B] [INFO] [RF RX] type=1 source=0x01 destination=0x02 previousHop=0x01 sequence=988 ackSequence=0 ttl=8 hops=0 payloadSize=4 rssi=-62 snr
[2026-09-02T18:43:29.839+00:00][B] [INFO] [RF TX] type=3 source=0x02 destination=0x01 previousHop=0x02 sequence=532 ackSequence=988 ttl=8 hops=0 payloadSize=2 rssi=0 snr
[2026-09-02T18:43:29.908+00:00][B] [INFO] [RF RX] type=1 source=0x01 destination=0x02 previousHop=0x01 sequence=992 ackSequence=0 ttl=8 hops=0 payloadSize=4 rssi=-62 snr
[2026-09-02T18:43:29.966+00:00][B] [INFO] [RF TX] type=3 source=0x02 destination=0x01 previousHop=0x02 sequence=533 ackSequence=992 ttl=8 hops=0 payloadSize=2 rssi=0 snr
[2026-09-02T18:43:30.046+00:00][B] [INFO] [RF RX] type=1 source=0x01 destination=0x02 previousHop=0x01 sequence=996 ackSequence=0 ttl=8 hops=0 payloadSize=4 rssi=-62 snr
[2026-09-02T18:43:30.103+00:00][B] [INFO] [RF TX] type=3 source=0x02 destination=0x01 previousHop=0x02 sequence=534 ackSequence=996 ttl=8 hops=0 payloadSize=2 rssi=0 snr
[2026-09-02T18:43:30.171+00:00][B] [INFO] [RF RX] type=1 source=0x01 destination=0x02 previousHop=0x01 sequence=1000 ackSequence=0 ttl=8 hops=0 payloadSize=4 rssi=-61 sn
[2026-09-02T18:43:30.229+00:00][B] [INFO] [RF TX] type=3 source=0x02 destination=0x01 previousHop=0x02 sequence=535 ackSequence=1000 ttl=8 hops=0 payloadSize=2 rssi=0 sn
[2026-09-02T18:43:30.297+00:00][B] [INFO] [RF RX] type=1 source=0x01 destination=0x02 previousHop=0x01 sequence=1004 ackSequence=0 ttl=8 hops=0 payloadSize=4 rssi=-61 sn
[2026-09-02T18:43:30.355+00:00][B] [INFO] [RF TX] type=3 source=0x02 destination=0x01 previousHop=0x02 sequence=536 ackSequence=1004 ttl=8 hops=0 payloadSize=2 rssi=0 sn
[2026-09-02T18:43:30.424+00:00][B] [INFO] [RF RX] type=1 source=0x01 destination=0x02 previousHop=0x01 sequence=1008 ackSequence=0 ttl=8 hops=0 payloadSize=4 rssi=-61 sn
[2026-09-02T18:43:30.481+00:00][B] [INFO] [RF TX] type=3 source=0x02 destination=0x01 previousHop=0x02 sequence=537 ackSequence=1008 ttl=8 hops=0 payloadSize=2 rssi=0 sn
[2026-09-02T18:43:30.550+00:00][B] [INFO] [RF RX] type=1 source=0x01 destination=0x02 previousHop=0x01 sequence=1012 ackSequence=0 ttl=8 hops=0 payloadSize=4 rssi=-63 sn
[2026-09-02T18:43:30.607+00:00][B] [INFO] [RF TX] type=3 source=0x02 destination=0x01 previousHop=0x02 sequence=538 ackSequence=1012 ttl=8 hops=0 payloadSize=2 rssi=0 sn
[2026-09-02T18:43:30.677+00:00][B] [INFO] [RF RX] type=1 source=0x01 destination=0x02 previousHop=0x01 sequence=1016 ackSequence=0 ttl=8 hops=0 payloadSize=4 rssi=-62 sn
[2026-09-02T18:43:30.678+00:00][B] [WARN] Retry 1
[2026-09-02T18:43:30.734+00:00][B] [INFO] [RF TX] type=3 source=0x02 destination=0x01 previousHop=0x02 sequence=539 ackSequence=1016 ttl=8 hops=0 payloadSize=2 rssi=0 sn
[2026-09-02T18:43:30.801+00:00][B] [INFO] --------------------------------
[2026-09-02T18:43:30.804+00:00][B] [INFO] [HEARTBEAT TX]
[2026-09-02T18:43:30.806+00:00][B] [INFO] Node ID: 2
[2026-09-02T18:43:30.807+00:00][B] [INFO] type: 2
[2026-09-02T18:43:30.807+00:00][B] [INFO] Destination: 0xFF
[2026-09-02T18:43:30.813+00:00][B] [INFO] Sequence: 531
[2026-09-02T18:43:30.816+00:00][B] [INFO] Packet ID: 266
[2026-09-02T18:43:30.817+00:00][B] [INFO] Packet Size: 26
[2026-09-02T18:43:30.817+00:00][B] [INFO] Timestamp: 266 ms
[2026-09-02T18:43:30.823+00:00][B] [INFO] Transmission Result: success
[2026-09-02T18:43:30.823+00:00][B] [INFO] --------------------------------
[2026-09-02T18:43:30.828+00:00][B] [INFO] [Heartbeat #266]
[2026-09-02T18:43:30.828+00:00][B] [INFO] Sent
[2026-09-02T18:43:30.829+00:00][B] [INFO] Waiting ACK...
[2026-09-02T18:43:30.829+00:00][B] [INFO] [WAITING ACK]
[2026-09-02T18:43:30.843+00:00][B] [INFO] [RF TX] type=2 source=0x02 destination=0xFF previousHop=0x02 sequence=531 ackSequence=0 ttl=8 hops=0 payloadSize=13 rssi=0 snr=
[2026-09-02T18:43:30.843+00:00][B] [INFO] Heartbeat packet sent
[2026-09-02T18:43:30.928+00:00][B] [INFO] [RF RX] type=1 source=0x01 destination=0x02 previousHop=0x01 sequence=1024 ackSequence=0 ttl=8 hops=0 payloadSize=4 rssi=-61 sn
[2026-09-02T18:43:30.985+00:00][B] [INFO] [RF TX] type=3 source=0x02 destination=0x01 previousHop=0x02 sequence=540 ackSequence=1024 ttl=8 hops=0 payloadSize=2 rssi=0 sn
[2026-09-02T18:43:31.053+00:00][B] [INFO] [RF RX] type=1 source=0x01 destination=0x02 previousHop=0x01 sequence=1028 ackSequence=0 ttl=8 hops=0 payloadSize=4 rssi=-62 sn
[2026-09-02T18:43:31.111+00:00][B] [INFO] [RF TX] type=3 source=0x02 destination=0x01 previousHop=0x02 sequence=541 ackSequence=1028 ttl=8 hops=0 payloadSize=2 rssi=0 sn
[2026-09-02T18:43:31.189+00:00][B] [INFO] [RF RX] type=2 source=0x01 destination=0xFF previousHop=0x01 sequence=1032 ackSequence=0 ttl=8 hops=0 payloadSize=13 rssi=-61 s
[2026-09-02T18:43:31.331+00:00][B] [INFO] [RF TX] type=3 source=0x02 destination=0x01 previousHop=0x02 sequence=542 ackSequence=992 ttl=8 hops=0 payloadSize=2 rssi=0 snr
[2026-09-02T18:43:31.410+00:00][B] [INFO] [RF RX] type=1 source=0x01 destination=0x02 previousHop=0x01 sequence=998 ackSequence=0 ttl=8 hops=0 payloadSize=4 rssi=-62 snr
[2026-09-02T18:43:31.467+00:00][B] [INFO] [RF TX] type=3 source=0x02 destination=0x01 previousHop=0x02 sequence=543 ackSequence=998 ttl=8 hops=0 payloadSize=2 rssi=0 snr
[2026-09-02T18:43:31.582+00:00][B] [INFO] [RF TX] type=3 source=0x02 destination=0x01 previousHop=0x02 sequence=544 ackSequence=1004 ttl=8 hops=0 payloadSize=2 rssi=0 sn
[2026-09-02T18:43:31.654+00:00][B] [INFO] --------------------------------
[2026-09-02T18:43:31.654+00:00][B] [INFO] [HEARTBEAT TX]
[2026-09-02T18:43:31.660+00:00][B] [INFO] Node ID: 2
[2026-09-02T18:43:31.660+00:00][B] [INFO] type: 2
[2026-09-02T18:43:31.660+00:00][B] [INFO] Destination: 0xFF
[2026-09-02T18:43:31.665+00:00][B] [INFO] Sequence: 545
[2026-09-02T18:43:31.665+00:00][B] [INFO] Packet ID: 267
[2026-09-02T18:43:31.670+00:00][B] [INFO] Packet Size: 26
[2026-09-02T18:43:31.671+00:00][B] [INFO] Timestamp: 267 ms
[2026-09-02T18:43:31.676+00:00][B] [INFO] Transmission Result: success
[2026-09-02T18:43:31.676+00:00][B] [INFO] --------------------------------
[2026-09-02T18:43:31.682+00:00][B] [INFO] [Heartbeat #267]
[2026-09-02T18:43:31.682+00:00][B] [INFO] Sent
[2026-09-02T18:43:31.682+00:00][B] [INFO] Waiting ACK...
[2026-09-02T18:43:31.682+00:00][B] [INFO] [WAITING ACK]
[2026-09-02T18:43:31.696+00:00][B] [INFO] [RF TX] type=2 source=0x02 destination=0xFF previousHop=0x02 sequence=545 ackSequence=0 ttl=8 hops=0 payloadSize=13 rssi=0 snr=
[2026-09-02T18:43:31.697+00:00][B] [INFO] Heartbeat packet sent
[2026-09-02T18:43:32.273+00:00][B] [INFO] [RF RX] type=2 source=0x01 destination=0xFF previousHop=0x01 sequence=1032 ackSequence=0 ttl=8 hops=0 payloadSize=13 rssi=-60 s
[2026-09-02T18:43:32.414+00:00][B] [INFO] [RF TX] type=3 source=0x02 destination=0x01 previousHop=0x02 sequence=546 ackSequence=992 ttl=8 hops=0 payloadSize=2 rssi=0 snr
[2026-09-02T18:43:32.540+00:00][B] [INFO] [RF TX] type=3 source=0x02 destination=0x01 previousHop=0x02 sequence=547 ackSequence=998 ttl=8 hops=0 payloadSize=2 rssi=0 snr
[2026-09-02T18:43:32.666+00:00][B] [INFO] [RF TX] type=3 source=0x02 destination=0x01 previousHop=0x02 sequence=548 ackSequence=1004 ttl=8 hops=0 payloadSize=2 rssi=0 sn
[2026-09-02T18:43:32.672+00:00][B] [WARN] Retry 1
[2026-09-02T18:43:32.738+00:00][B] [INFO] --------------------------------
[2026-09-02T18:43:32.738+00:00][B] [INFO] [HEARTBEAT TX]
[2026-09-02T18:43:32.743+00:00][B] [INFO] Node ID: 2
[2026-09-02T18:43:32.744+00:00][B] [INFO] type: 2
[2026-09-02T18:43:32.744+00:00][B] [INFO] Destination: 0xFF
[2026-09-02T18:43:32.749+00:00][B] [INFO] Sequence: 545
[2026-09-02T18:43:32.749+00:00][B] [INFO] Packet ID: 267
[2026-09-02T18:43:32.754+00:00][B] [INFO] Packet Size: 26
[2026-09-02T18:43:32.755+00:00][B] [INFO] Timestamp: 267 ms
[2026-09-02T18:43:32.760+00:00][B] [INFO] Transmission Result: success
[2026-09-02T18:43:32.761+00:00][B] [INFO] --------------------------------
[2026-09-02T18:43:32.765+00:00][B] [INFO] [Heartbeat #267]
[2026-09-02T18:43:32.766+00:00][B] [INFO] Sent
[2026-09-02T18:43:32.766+00:00][B] [INFO] Waiting ACK...
[2026-09-02T18:43:32.766+00:00][B] [INFO] [WAITING ACK]
[2026-09-02T18:43:32.780+00:00][B] [INFO] [RF TX] type=2 source=0x02 destination=0xFF previousHop=0x02 sequence=545 ackSequence=0 ttl=8 hops=0 payloadSize=13 rssi=0 snr=
[2026-09-02T18:43:32.781+00:00][B] [INFO] Heartbeat packet sent
[2026-09-02T18:43:32.913+00:00][B] [INFO] [RF RX] type=1 source=0x01 destination=0x02 previousHop=0x01 sequence=1010 ackSequence=0 ttl=8 hops=0 payloadSize=4 rssi=-61 sn
[2026-09-02T18:43:32.971+00:00][B] [INFO] [RF TX] type=3 source=0x02 destination=0x01 previousHop=0x02 sequence=549 ackSequence=1010 ttl=8 hops=0 payloadSize=2 rssi=0 sn
[2026-09-02T18:43:33.476+00:00][B] [INFO] [RF TX] type=3 source=0x02 destination=0x01 previousHop=0x02 sequence=550 ackSequence=992 ttl=8 hops=0 payloadSize=2 rssi=0 snr
[2026-09-02T18:43:33.602+00:00][B] [INFO] [RF TX] type=3 source=0x02 destination=0x01 previousHop=0x02 sequence=551 ackSequence=998 ttl=8 hops=0 payloadSize=2 rssi=0 snr
[2026-09-02T18:43:33.670+00:00][B] [INFO] --------------------------------
[2026-09-02T18:43:33.670+00:00][B] [INFO] [HEARTBEAT TX]
[2026-09-02T18:43:33.675+00:00][B] [INFO] Node ID: 2
[2026-09-02T18:43:33.675+00:00][B] [INFO] type: 2
[2026-09-02T18:43:33.675+00:00][B] [INFO] Destination: 0xFF
[2026-09-02T18:43:33.680+00:00][B] [INFO] Sequence: 552
[2026-09-02T18:43:33.681+00:00][B] [INFO] Packet ID: 268
[2026-09-02T18:43:33.686+00:00][B] [INFO] Packet Size: 26
[2026-09-02T18:43:33.686+00:00][B] [INFO] Timestamp: 268 ms
[2026-09-02T18:43:33.691+00:00][B] [INFO] Transmission Result: success
[2026-09-02T18:43:33.692+00:00][B] [INFO] --------------------------------
[2026-09-02T18:43:33.697+00:00][B] [INFO] [Heartbeat #268]
[2026-09-02T18:43:33.697+00:00][B] [INFO] Sent
[2026-09-02T18:43:33.697+00:00][B] [INFO] Waiting ACK...
[2026-09-02T18:43:33.697+00:00][B] [INFO] [WAITING ACK]
[2026-09-02T18:43:33.711+00:00][B] [INFO] [RF TX] type=2 source=0x02 destination=0xFF previousHop=0x02 sequence=552 ackSequence=0 ttl=8 hops=0 payloadSize=13 rssi=0 snr=
[2026-09-02T18:43:33.712+00:00][B] [INFO] Heartbeat packet sent
[2026-09-02T18:43:33.854+00:00][B] [INFO] [RF TX] type=3 source=0x02 destination=0x01 previousHop=0x02 sequence=553 ackSequence=1008 ttl=8 hops=0 payloadSize=2 rssi=0 sn
[2026-09-02T18:43:34.686+00:00][B] [WARN] Retry 1
[2026-09-02T18:43:34.753+00:00][B] [INFO] --------------------------------
[2026-09-02T18:43:34.754+00:00][B] [INFO] [HEARTBEAT TX]
[2026-09-02T18:43:34.758+00:00][B] [INFO] Node ID: 2
[2026-09-02T18:43:34.759+00:00][B] [INFO] type: 2
[2026-09-02T18:43:34.759+00:00][B] [INFO] Destination: 0xFF
[2026-09-02T18:43:34.764+00:00][B] [INFO] Sequence: 552
[2026-09-02T18:43:34.764+00:00][B] [INFO] Packet ID: 268
[2026-09-02T18:43:34.769+00:00][B] [INFO] Packet Size: 26
[2026-09-02T18:43:34.770+00:00][B] [INFO] Timestamp: 268 ms
[2026-09-02T18:43:34.775+00:00][B] [INFO] Transmission Result: success
[2026-09-02T18:43:34.776+00:00][B] [INFO] --------------------------------
[2026-09-02T18:43:34.782+00:00][B] [INFO] [Heartbeat #268]
[2026-09-02T18:43:34.782+00:00][B] [INFO] Sent
[2026-09-02T18:43:34.783+00:00][B] [INFO] Waiting ACK...
[2026-09-02T18:43:34.785+00:00][B] [INFO] [WAITING ACK]
[2026-09-02T18:43:34.795+00:00][B] [INFO] [RF TX] type=2 source=0x02 destination=0xFF previousHop=0x02 sequence=552 ackSequence=0 ttl=8 hops=0 payloadSize=13 rssi=0 snr=
[2026-09-02T18:43:34.795+00:00][B] [INFO] Heartbeat packet sent
[2026-09-02T18:43:35.670+00:00][B] [INFO] --------------------------------
[2026-09-02T18:43:35.670+00:00][B] [INFO] [HEARTBEAT TX]
[2026-09-02T18:43:35.674+00:00][B] [INFO] Node ID: 2
[2026-09-02T18:43:35.675+00:00][B] [INFO] type: 2
[2026-09-02T18:43:35.675+00:00][B] [INFO] Destination: 0xFF
[2026-09-02T18:43:35.680+00:00][B] [INFO] Sequence: 554
[2026-09-02T18:43:35.680+00:00][B] [INFO] Packet ID: 269
[2026-09-02T18:43:35.686+00:00][B] [INFO] Packet Size: 26
[2026-09-02T18:43:35.686+00:00][B] [INFO] Timestamp: 269 ms
[2026-09-02T18:43:35.691+00:00][B] [INFO] Transmission Result: success
[2026-09-02T18:43:35.691+00:00][B] [INFO] --------------------------------
[2026-09-02T18:43:35.696+00:00][B] [INFO] [Heartbeat #269]
[2026-09-02T18:43:35.697+00:00][B] [INFO] Sent
[2026-09-02T18:43:35.697+00:00][B] [INFO] Waiting ACK...
[2026-09-02T18:43:35.697+00:00][B] [INFO] [WAITING ACK]
[2026-09-02T18:43:35.711+00:00][B] [INFO] [RF TX] type=2 source=0x02 destination=0xFF previousHop=0x02 sequence=554 ackSequence=0 ttl=8 hops=0 payloadSize=13 rssi=0 snr=
[2026-09-02T18:43:35.711+00:00][B] [INFO] Heartbeat packet sent
[2026-09-02T18:43:35.839+00:00][B] [INFO] [RF RX] type=2 source=0x01 destination=0xFF previousHop=0x01 sequence=1034 ackSequence=0 ttl=8 hops=0 payloadSize=13 rssi=-61 s
[2026-09-02T18:43:36.687+00:00][B] [WARN] Retry 1
[2026-09-02T18:43:36.755+00:00][B] [INFO] --------------------------------
[2026-09-02T18:43:36.755+00:00][B] [INFO] [HEARTBEAT TX]
[2026-09-02T18:43:36.759+00:00][B] [INFO] Node ID: 2
[2026-09-02T18:43:36.759+00:00][B] [INFO] type: 2
[2026-09-02T18:43:36.759+00:00][B] [INFO] Destination: 0xFF
[2026-09-02T18:43:36.765+00:00][B] [INFO] Sequence: 554
[2026-09-02T18:43:36.765+00:00][B] [INFO] Packet ID: 269
[2026-09-02T18:43:36.770+00:00][B] [INFO] Packet Size: 26
[2026-09-02T18:43:36.771+00:00][B] [INFO] Timestamp: 269 ms
[2026-09-02T18:43:36.775+00:00][B] [INFO] Transmission Result: success
[2026-09-02T18:43:36.775+00:00][B] [INFO] --------------------------------
[2026-09-02T18:43:36.781+00:00][B] [INFO] [Heartbeat #269]
[2026-09-02T18:43:36.781+00:00][B] [INFO] Sent
[2026-09-02T18:43:36.782+00:00][B] [INFO] Waiting ACK...
[2026-09-02T18:43:36.782+00:00][B] [INFO] [WAITING ACK]
[2026-09-02T18:43:36.795+00:00][B] [INFO] [RF TX] type=2 source=0x02 destination=0xFF previousHop=0x02 sequence=554 ackSequence=0 ttl=8 hops=0 payloadSize=13 rssi=0 snr=
[2026-09-02T18:43:36.795+00:00][B] [INFO] Heartbeat packet sent
[2026-09-02T18:43:37.669+00:00][B] [INFO] --------------------------------
[2026-09-02T18:43:37.670+00:00][B] [INFO] [HEARTBEAT TX]
[2026-09-02T18:43:37.674+00:00][B] [INFO] Node ID: 2
[2026-09-02T18:43:37.675+00:00][B] [INFO] type: 2
[2026-09-02T18:43:37.675+00:00][B] [INFO] Destination: 0xFF
[2026-09-02T18:43:37.680+00:00][B] [INFO] Sequence: 555
[2026-09-02T18:43:37.681+00:00][B] [INFO] Packet ID: 270
[2026-09-02T18:43:37.685+00:00][B] [INFO] Packet Size: 26
[2026-09-02T18:43:37.686+00:00][B] [INFO] Timestamp: 270 ms
[2026-09-02T18:43:37.691+00:00][B] [INFO] Transmission Result: success
[2026-09-02T18:43:37.692+00:00][B] [INFO] --------------------------------
[2026-09-02T18:43:37.697+00:00][B] [INFO] [Heartbeat #270]
[2026-09-02T18:43:37.697+00:00][B] [INFO] Sent
[2026-09-02T18:43:37.698+00:00][B] [INFO] Waiting ACK...
[2026-09-02T18:43:37.698+00:00][B] [INFO] [WAITING ACK]
[2026-09-02T18:43:37.711+00:00][B] [INFO] [RF TX] type=2 source=0x02 destination=0xFF previousHop=0x02 sequence=555 ackSequence=0 ttl=8 hops=0 payloadSize=13 rssi=0 snr=
[2026-09-02T18:43:37.712+00:00][B] [INFO] Heartbeat packet sent
[2026-09-02T18:43:37.839+00:00][B] [INFO] [RF RX] type=2 source=0x01 destination=0xFF previousHop=0x01 sequence=1035 ackSequence=0 ttl=8 hops=0 payloadSize=13 rssi=-60 s
[2026-09-02T18:43:38.686+00:00][B] [WARN] Retry 1
[2026-09-02T18:43:38.754+00:00][B] [INFO] --------------------------------
[2026-09-02T18:43:38.754+00:00][B] [INFO] [HEARTBEAT TX]
[2026-09-02T18:43:38.758+00:00][B] [INFO] Node ID: 2
[2026-09-02T18:43:38.758+00:00][B] [INFO] type: 2
[2026-09-02T18:43:38.759+00:00][B] [INFO] Destination: 0xFF
[2026-09-02T18:43:38.764+00:00][B] [INFO] Sequence: 555
[2026-09-02T18:43:38.765+00:00][B] [INFO] Packet ID: 270
[2026-09-02T18:43:38.769+00:00][B] [INFO] Packet Size: 26
[2026-09-02T18:43:38.770+00:00][B] [INFO] Timestamp: 270 ms
[2026-09-02T18:43:38.775+00:00][B] [INFO] Transmission Result: success
[2026-09-02T18:43:38.776+00:00][B] [INFO] --------------------------------
[2026-09-02T18:43:38.780+00:00][B] [INFO] [Heartbeat #270]
[2026-09-02T18:43:38.781+00:00][B] [INFO] Sent
[2026-09-02T18:43:38.781+00:00][B] [INFO] Waiting ACK...
[2026-09-02T18:43:38.782+00:00][B] [INFO] [WAITING ACK]
[2026-09-02T18:43:38.795+00:00][B] [INFO] [RF TX] type=2 source=0x02 destination=0xFF previousHop=0x02 sequence=555 ackSequence=0 ttl=8 hops=0 payloadSize=13 rssi=0 snr=
[2026-09-02T18:43:38.795+00:00][B] [INFO] Heartbeat packet sent
[2026-09-02T18:43:39.669+00:00][B] [INFO] --------------------------------
[2026-09-02T18:43:39.669+00:00][B] [INFO] [HEARTBEAT TX]
[2026-09-02T18:43:39.674+00:00][B] [INFO] Node ID: 2
[2026-09-02T18:43:39.674+00:00][B] [INFO] type: 2
[2026-09-02T18:43:39.674+00:00][B] [INFO] Destination: 0xFF
[2026-09-02T18:43:39.680+00:00][B] [INFO] Sequence: 556
[2026-09-02T18:43:39.680+00:00][B] [INFO] Packet ID: 271
[2026-09-02T18:43:39.685+00:00][B] [INFO] Packet Size: 26
[2026-09-02T18:43:39.686+00:00][B] [INFO] Timestamp: 271 ms
[2026-09-02T18:43:39.691+00:00][B] [INFO] Transmission Result: success
[2026-09-02T18:43:39.691+00:00][B] [INFO] --------------------------------
[2026-09-02T18:43:39.697+00:00][B] [INFO] [Heartbeat #271]
[2026-09-02T18:43:39.697+00:00][B] [INFO] Sent
[2026-09-02T18:43:39.697+00:00][B] [INFO] Waiting ACK...
[2026-09-02T18:43:39.697+00:00][B] [INFO] [WAITING ACK]
[2026-09-02T18:43:39.711+00:00][B] [INFO] [RF TX] type=2 source=0x02 destination=0xFF previousHop=0x02 sequence=556 ackSequence=0 ttl=8 hops=0 payloadSize=13 rssi=0 snr=
[2026-09-02T18:43:39.711+00:00][B] [INFO] Heartbeat packet sent
[2026-09-02T18:43:39.839+00:00][B] [INFO] [RF RX] type=2 source=0x01 destination=0xFF previousHop=0x01 sequence=1036 ackSequence=0 ttl=8 hops=0 payloadSize=13 rssi=-60 s
[2026-09-02T18:43:40.686+00:00][B] [WARN] Retry 1
[2026-09-02T18:43:40.755+00:00][B] [INFO] --------------------------------
[2026-09-02T18:43:40.756+00:00][B] [INFO] [HEARTBEAT TX]
[2026-09-02T18:43:40.758+00:00][B] [INFO] Node ID: 2
[2026-09-02T18:43:40.759+00:00][B] [INFO] type: 2
[2026-09-02T18:43:40.759+00:00][B] [INFO] Destination: 0xFF
[2026-09-02T18:43:40.764+00:00][B] [INFO] Sequence: 556
[2026-09-02T18:43:40.765+00:00][B] [INFO] Packet ID: 271
[2026-09-02T18:43:40.769+00:00][B] [INFO] Packet Size: 26
[2026-09-02T18:43:40.770+00:00][B] [INFO] Timestamp: 271 ms
[2026-09-02T18:43:40.775+00:00][B] [INFO] Transmission Result: success
[2026-09-02T18:43:40.775+00:00][B] [INFO] --------------------------------
[2026-09-02T18:43:40.780+00:00][B] [INFO] [Heartbeat #271]
[2026-09-02T18:43:40.781+00:00][B] [INFO] Sent
[2026-09-02T18:43:40.781+00:00][B] [INFO] Waiting ACK...
[2026-09-02T18:43:40.782+00:00][B] [INFO] [WAITING ACK]
[2026-09-02T18:43:40.795+00:00][B] [INFO] [RF TX] type=2 source=0x02 destination=0xFF previousHop=0x02 sequence=556 ackSequence=0 ttl=8 hops=0 payloadSize=13 rssi=0 snr=
[2026-09-02T18:43:40.795+00:00][B] [INFO] Heartbeat packet sent
[2026-09-02T18:43:41.669+00:00][B] [INFO] --------------------------------
[2026-09-02T18:43:41.670+00:00][B] [INFO] [HEARTBEAT TX]
[2026-09-02T18:43:41.674+00:00][B] [INFO] Node ID: 2
[2026-09-02T18:43:41.675+00:00][B] [INFO] type: 2
[2026-09-02T18:43:41.676+00:00][B] [INFO] Destination: 0xFF
[2026-09-02T18:43:41.680+00:00][B] [INFO] Sequence: 557
[2026-09-02T18:43:41.680+00:00][B] [INFO] Packet ID: 272
[2026-09-02T18:43:41.685+00:00][B] [INFO] Packet Size: 26
[2026-09-02T18:43:41.686+00:00][B] [INFO] Timestamp: 272 ms
[2026-09-02T18:43:41.691+00:00][B] [INFO] Transmission Result: success
[2026-09-02T18:43:41.691+00:00][B] [INFO] --------------------------------
[2026-09-02T18:43:41.696+00:00][B] [INFO] [Heartbeat #272]
[2026-09-02T18:43:41.697+00:00][B] [INFO] Sent
[2026-09-02T18:43:41.697+00:00][B] [INFO] Waiting ACK...
[2026-09-02T18:43:41.698+00:00][B] [INFO] [WAITING ACK]
[2026-09-02T18:43:41.711+00:00][B] [INFO] [RF TX] type=2 source=0x02 destination=0xFF previousHop=0x02 sequence=557 ackSequence=0 ttl=8 hops=0 payloadSize=13 rssi=0 snr=
[2026-09-02T18:43:41.711+00:00][B] [INFO] Heartbeat packet sent
[2026-09-02T18:43:41.839+00:00][B] [INFO] [RF RX] type=2 source=0x01 destination=0xFF previousHop=0x01 sequence=1037 ackSequence=0 ttl=8 hops=0 payloadSize=13 rssi=-60 s
[2026-09-02T18:43:42.686+00:00][B] [WARN] Retry 1
[2026-09-02T18:43:42.755+00:00][B] [INFO] --------------------------------
[2026-09-02T18:43:42.755+00:00][B] [INFO] [HEARTBEAT TX]
[2026-09-02T18:43:42.758+00:00][B] [INFO] Node ID: 2
[2026-09-02T18:43:42.758+00:00][B] [INFO] type: 2
[2026-09-02T18:43:42.759+00:00][B] [INFO] Destination: 0xFF
[2026-09-02T18:43:42.764+00:00][B] [INFO] Sequence: 557
[2026-09-02T18:43:42.765+00:00][B] [INFO] Packet ID: 272
[2026-09-02T18:43:42.769+00:00][B] [INFO] Packet Size: 26
[2026-09-02T18:43:42.770+00:00][B] [INFO] Timestamp: 272 ms
[2026-09-02T18:43:42.775+00:00][B] [INFO] Transmission Result: success
[2026-09-02T18:43:42.776+00:00][B] [INFO] --------------------------------
[2026-09-02T18:43:42.780+00:00][B] [INFO] [Heartbeat #272]
[2026-09-02T18:43:42.780+00:00][B] [INFO] Sent
[2026-09-02T18:43:42.781+00:00][B] [INFO] Waiting ACK...
[2026-09-02T18:43:42.781+00:00][B] [INFO] [WAITING ACK]
[2026-09-02T18:43:42.795+00:00][B] [INFO] [RF TX] type=2 source=0x02 destination=0xFF previousHop=0x02 sequence=557 ackSequence=0 ttl=8 hops=0 payloadSize=13 rssi=0 snr=
[2026-09-02T18:43:42.795+00:00][B] [INFO] Heartbeat packet sent
[2026-09-02T18:43:43.669+00:00][B] [INFO] --------------------------------
[2026-09-02T18:43:43.670+00:00][B] [INFO] [HEARTBEAT TX]
[2026-09-02T18:43:43.674+00:00][B] [INFO] Node ID: 2
[2026-09-02T18:43:43.674+00:00][B] [INFO] type: 2
[2026-09-02T18:43:43.675+00:00][B] [INFO] Destination: 0xFF
[2026-09-02T18:43:43.680+00:00][B] [INFO] Sequence: 558
[2026-09-02T18:43:43.680+00:00][B] [INFO] Packet ID: 273
[2026-09-02T18:43:43.685+00:00][B] [INFO] Packet Size: 26
[2026-09-02T18:43:43.686+00:00][B] [INFO] Timestamp: 273 ms
[2026-09-02T18:43:43.691+00:00][B] [INFO] Transmission Result: success
[2026-09-02T18:43:43.691+00:00][B] [INFO] --------------------------------
[2026-09-02T18:43:43.696+00:00][B] [INFO] [Heartbeat #273]
[2026-09-02T18:43:43.697+00:00][B] [INFO] Sent
[2026-09-02T18:43:43.697+00:00][B] [INFO] Waiting ACK...
[2026-09-02T18:43:43.697+00:00][B] [INFO] [WAITING ACK]
[2026-09-02T18:43:43.711+00:00][B] [INFO] [RF TX] type=2 source=0x02 destination=0xFF previousHop=0x02 sequence=558 ackSequence=0 ttl=8 hops=0 payloadSize=13 rssi=0 snr=
[2026-09-02T18:43:43.711+00:00][B] [INFO] Heartbeat packet sent
[2026-09-02T18:43:43.839+00:00][B] [INFO] [RF RX] type=2 source=0x01 destination=0xFF previousHop=0x01 sequence=1038 ackSequence=0 ttl=8 hops=0 payloadSize=13 rssi=-60 s
[2026-09-02T18:43:44.686+00:00][B] [WARN] Retry 1
[2026-09-02T18:43:44.754+00:00][B] [INFO] --------------------------------
[2026-09-02T18:43:44.754+00:00][B] [INFO] [HEARTBEAT TX]
[2026-09-02T18:43:44.759+00:00][B] [INFO] Node ID: 2
[2026-09-02T18:43:44.759+00:00][B] [INFO] type: 2
[2026-09-02T18:43:44.759+00:00][B] [INFO] Destination: 0xFF
[2026-09-02T18:43:44.764+00:00][B] [INFO] Sequence: 558
[2026-09-02T18:43:44.764+00:00][B] [INFO] Packet ID: 273
[2026-09-02T18:43:44.769+00:00][B] [INFO] Packet Size: 26
[2026-09-02T18:43:44.770+00:00][B] [INFO] Timestamp: 273 ms
[2026-09-02T18:43:44.775+00:00][B] [INFO] Transmission Result: success
[2026-09-02T18:43:44.775+00:00][B] [INFO] --------------------------------
[2026-09-02T18:43:44.780+00:00][B] [INFO] [Heartbeat #273]
[2026-09-02T18:43:44.781+00:00][B] [INFO] Sent
[2026-09-02T18:43:44.782+00:00][B] [INFO] Waiting ACK...
[2026-09-02T18:43:44.782+00:00][B] [INFO] [WAITING ACK]
[2026-09-02T18:43:44.795+00:00][B] [INFO] [RF TX] type=2 source=0x02 destination=0xFF previousHop=0x02 sequence=558 ackSequence=0 ttl=8 hops=0 payloadSize=13 rssi=0 snr=
[2026-09-02T18:43:44.795+00:00][B] [INFO] Heartbeat packet sent
[2026-09-02T18:43:45.669+00:00][B] [INFO] --------------------------------
[2026-09-02T18:43:45.669+00:00][B] [INFO] [HEARTBEAT TX]
[2026-09-02T18:43:45.674+00:00][B] [INFO] Node ID: 2
[2026-09-02T18:43:45.674+00:00][B] [INFO] type: 2
[2026-09-02T18:43:45.675+00:00][B] [INFO] Destination: 0xFF
[2026-09-02T18:43:45.680+00:00][B] [INFO] Sequence: 559
[2026-09-02T18:43:45.680+00:00][B] [INFO] Packet ID: 274
[2026-09-02T18:43:45.685+00:00][B] [INFO] Packet Size: 26
[2026-09-02T18:43:45.686+00:00][B] [INFO] Timestamp: 274 ms
[2026-09-02T18:43:45.691+00:00][B] [INFO] Transmission Result: success
[2026-09-02T18:43:45.691+00:00][B] [INFO] --------------------------------
[2026-09-02T18:43:45.696+00:00][B] [INFO] [Heartbeat #274]
[2026-09-02T18:43:45.697+00:00][B] [INFO] Sent
[2026-09-02T18:43:45.697+00:00][B] [INFO] Waiting ACK...
[2026-09-02T18:43:45.697+00:00][B] [INFO] [WAITING ACK]
[2026-09-02T18:43:45.711+00:00][B] [INFO] [RF TX] type=2 source=0x02 destination=0xFF previousHop=0x02 sequence=559 ackSequence=0 ttl=8 hops=0 payloadSize=13 rssi=0 snr=
[2026-09-02T18:43:45.711+00:00][B] [INFO] Heartbeat packet sent
[2026-09-02T18:43:45.839+00:00][B] [INFO] [RF RX] type=2 source=0x01 destination=0xFF previousHop=0x01 sequence=1039 ackSequence=0 ttl=8 hops=0 payloadSize=13 rssi=-61 s
[2026-09-02T18:43:46.686+00:00][B] [WARN] Retry 1
[2026-09-02T18:43:46.753+00:00][B] [INFO] --------------------------------
[2026-09-02T18:43:46.754+00:00][B] [INFO] [HEARTBEAT TX]
[2026-09-02T18:43:46.758+00:00][B] [INFO] Node ID: 2
[2026-09-02T18:43:46.758+00:00][B] [INFO] type: 2
[2026-09-02T18:43:46.759+00:00][B] [INFO] Destination: 0xFF
[2026-09-02T18:43:46.764+00:00][B] [INFO] Sequence: 559
[2026-09-02T18:43:46.765+00:00][B] [INFO] Packet ID: 274
[2026-09-02T18:43:46.769+00:00][B] [INFO] Packet Size: 26
[2026-09-02T18:43:46.770+00:00][B] [INFO] Timestamp: 274 ms
[2026-09-02T18:43:46.775+00:00][B] [INFO] Transmission Result: success
[2026-09-02T18:43:46.775+00:00][B] [INFO] --------------------------------
[2026-09-02T18:43:46.780+00:00][B] [INFO] [Heartbeat #274]
[2026-09-02T18:43:46.781+00:00][B] [INFO] Sent
[2026-09-02T18:43:46.781+00:00][B] [INFO] Waiting ACK...
[2026-09-02T18:43:46.781+00:00][B] [INFO] [WAITING ACK]
[2026-09-02T18:43:46.795+00:00][B] [INFO] [RF TX] type=2 source=0x02 destination=0xFF previousHop=0x02 sequence=559 ackSequence=0 ttl=8 hops=0 payloadSize=13 rssi=0 snr=
[2026-09-02T18:43:46.795+00:00][B] [INFO] Heartbeat packet sent
[2026-09-02T18:43:47.669+00:00][B] [INFO] --------------------------------
[2026-09-02T18:43:47.669+00:00][B] [INFO] [HEARTBEAT TX]
[2026-09-02T18:43:47.674+00:00][B] [INFO] Node ID: 2
[2026-09-02T18:43:47.674+00:00][B] [INFO] type: 2
[2026-09-02T18:43:47.675+00:00][B] [INFO] Destination: 0xFF
[2026-09-02T18:43:47.680+00:00][B] [INFO] Sequence: 560
[2026-09-02T18:43:47.680+00:00][B] [INFO] Packet ID: 275
[2026-09-02T18:43:47.685+00:00][B] [INFO] Packet Size: 26
[2026-09-02T18:43:47.685+00:00][B] [INFO] Timestamp: 275 ms
[2026-09-02T18:43:47.691+00:00][B] [INFO] Transmission Result: success
[2026-09-02T18:43:47.691+00:00][B] [INFO] --------------------------------
[2026-09-02T18:43:47.696+00:00][B] [INFO] [Heartbeat #275]
[2026-09-02T18:43:47.697+00:00][B] [INFO] Sent
[2026-09-02T18:43:47.697+00:00][B] [INFO] Waiting ACK...
[2026-09-02T18:43:47.697+00:00][B] [INFO] [WAITING ACK]
[2026-09-02T18:43:47.710+00:00][B] [INFO] [RF TX] type=2 source=0x02 destination=0xFF previousHop=0x02 sequence=560 ackSequence=0 ttl=8 hops=0 payloadSize=13 rssi=0 snr=
[2026-09-02T18:43:47.711+00:00][B] [INFO] Heartbeat packet sent
[2026-09-02T18:43:47.839+00:00][B] [INFO] [RF RX] type=2 source=0x01 destination=0xFF previousHop=0x01 sequence=1040 ackSequence=0 ttl=8 hops=0 payloadSize=13 rssi=-60 s
[2026-09-02T18:43:48.686+00:00][B] [WARN] Retry 1
[2026-09-02T18:43:48.753+00:00][B] [INFO] --------------------------------
[2026-09-02T18:43:48.753+00:00][B] [INFO] [HEARTBEAT TX]
[2026-09-02T18:43:48.758+00:00][B] [INFO] Node ID: 2
[2026-09-02T18:43:48.758+00:00][B] [INFO] type: 2
[2026-09-02T18:43:48.759+00:00][B] [INFO] Destination: 0xFF
[2026-09-02T18:43:48.765+00:00][B] [INFO] Sequence: 560
[2026-09-02T18:43:48.765+00:00][B] [INFO] Packet ID: 275
[2026-09-02T18:43:48.769+00:00][B] [INFO] Packet Size: 26
[2026-09-02T18:43:48.769+00:00][B] [INFO] Timestamp: 275 ms
[2026-09-02T18:43:48.775+00:00][B] [INFO] Transmission Result: success
[2026-09-02T18:43:48.775+00:00][B] [INFO] --------------------------------
[2026-09-02T18:43:48.780+00:00][B] [INFO] [Heartbeat #275]
[2026-09-02T18:43:48.780+00:00][B] [INFO] Sent
[2026-09-02T18:43:48.781+00:00][B] [INFO] Waiting ACK...
[2026-09-02T18:43:48.781+00:00][B] [INFO] [WAITING ACK]
[2026-09-02T18:43:48.795+00:00][B] [INFO] [RF TX] type=2 source=0x02 destination=0xFF previousHop=0x02 sequence=560 ackSequence=0 ttl=8 hops=0 payloadSize=13 rssi=0 snr=
[2026-09-02T18:43:48.795+00:00][B] [INFO] Heartbeat packet sent
[2026-09-02T18:43:49.669+00:00][B] [INFO] --------------------------------
[2026-09-02T18:43:49.670+00:00][B] [INFO] [HEARTBEAT TX]
[2026-09-02T18:43:49.674+00:00][B] [INFO] Node ID: 2
[2026-09-02T18:43:49.674+00:00][B] [INFO] type: 2
[2026-09-02T18:43:49.675+00:00][B] [INFO] Destination: 0xFF
[2026-09-02T18:43:49.680+00:00][B] [INFO] Sequence: 561
[2026-09-02T18:43:49.680+00:00][B] [INFO] Packet ID: 276
[2026-09-02T18:43:49.685+00:00][B] [INFO] Packet Size: 26
[2026-09-02T18:43:49.686+00:00][B] [INFO] Timestamp: 276 ms
[2026-09-02T18:43:49.691+00:00][B] [INFO] Transmission Result: success
[2026-09-02T18:43:49.691+00:00][B] [INFO] --------------------------------
[2026-09-02T18:43:49.696+00:00][B] [INFO] [Heartbeat #276]
[2026-09-02T18:43:49.697+00:00][B] [INFO] Sent
[2026-09-02T18:43:49.697+00:00][B] [INFO] Waiting ACK...
[2026-09-02T18:43:49.697+00:00][B] [INFO] [WAITING ACK]
[2026-09-02T18:43:49.710+00:00][B] [INFO] [RF TX] type=2 source=0x02 destination=0xFF previousHop=0x02 sequence=561 ackSequence=0 ttl=8 hops=0 payloadSize=13 rssi=0 snr=
[2026-09-02T18:43:49.711+00:00][B] [INFO] Heartbeat packet sent
[2026-09-02T18:43:49.839+00:00][B] [INFO] [RF RX] type=2 source=0x01 destination=0xFF previousHop=0x01 sequence=1041 ackSequence=0 ttl=8 hops=0 payloadSize=13 rssi=-61 s
[2026-09-02T18:43:50.686+00:00][B] [WARN] Retry 1
[2026-09-02T18:43:50.753+00:00][B] [INFO] --------------------------------
[2026-09-02T18:43:50.754+00:00][B] [INFO] [HEARTBEAT TX]
[2026-09-02T18:43:50.758+00:00][B] [INFO] Node ID: 2
[2026-09-02T18:43:50.759+00:00][B] [INFO] type: 2
[2026-09-02T18:43:50.759+00:00][B] [INFO] Destination: 0xFF
[2026-09-02T18:43:50.764+00:00][B] [INFO] Sequence: 561
[2026-09-02T18:43:50.764+00:00][B] [INFO] Packet ID: 276
[2026-09-02T18:43:50.769+00:00][B] [INFO] Packet Size: 26
[2026-09-02T18:43:50.770+00:00][B] [INFO] Timestamp: 276 ms
[2026-09-02T18:43:50.775+00:00][B] [INFO] Transmission Result: success
[2026-09-02T18:43:50.775+00:00][B] [INFO] --------------------------------
[2026-09-02T18:43:50.780+00:00][B] [INFO] [Heartbeat #276]
[2026-09-02T18:43:50.781+00:00][B] [INFO] Sent
[2026-09-02T18:43:50.781+00:00][B] [INFO] Waiting ACK...
[2026-09-02T18:43:50.782+00:00][B] [INFO] [WAITING ACK]
[2026-09-02T18:43:50.794+00:00][B] [INFO] [RF TX] type=2 source=0x02 destination=0xFF previousHop=0x02 sequence=561 ackSequence=0 ttl=8 hops=0 payloadSize=13 rssi=0 snr=
[2026-09-02T18:43:50.795+00:00][B] [INFO] Heartbeat packet sent
[2026-09-02T18:43:51.669+00:00][B] [INFO] --------------------------------
[2026-09-02T18:43:51.669+00:00][B] [INFO] [HEARTBEAT TX]
[2026-09-02T18:43:51.674+00:00][B] [INFO] Node ID: 2
[2026-09-02T18:43:51.674+00:00][B] [INFO] type: 2
[2026-09-02T18:43:51.674+00:00][B] [INFO] Destination: 0xFF
[2026-09-02T18:43:51.680+00:00][B] [INFO] Sequence: 562
[2026-09-02T18:43:51.680+00:00][B] [INFO] Packet ID: 277
[2026-09-02T18:43:51.685+00:00][B] [INFO] Packet Size: 26
[2026-09-02T18:43:51.685+00:00][B] [INFO] Timestamp: 277 ms
[2026-09-02T18:43:51.691+00:00][B] [INFO] Transmission Result: success
[2026-09-02T18:43:51.691+00:00][B] [INFO] --------------------------------
[2026-09-02T18:43:51.696+00:00][B] [INFO] [Heartbeat #277]
[2026-09-02T18:43:51.697+00:00][B] [INFO] Sent
[2026-09-02T18:43:51.697+00:00][B] [INFO] Waiting ACK...
[2026-09-02T18:43:51.697+00:00][B] [INFO] [WAITING ACK]
[2026-09-02T18:43:51.710+00:00][B] [INFO] [RF TX] type=2 source=0x02 destination=0xFF previousHop=0x02 sequence=562 ackSequence=0 ttl=8 hops=0 payloadSize=13 rssi=0 snr=
[2026-09-02T18:43:51.711+00:00][B] [INFO] Heartbeat packet sent
[2026-09-02T18:43:51.839+00:00][B] [INFO] [RF RX] type=2 source=0x01 destination=0xFF previousHop=0x01 sequence=1042 ackSequence=0 ttl=8 hops=0 payloadSize=13 rssi=-60 s
[2026-09-02T18:43:52.686+00:00][B] [WARN] Retry 1
[2026-09-02T18:43:52.754+00:00][B] [INFO] --------------------------------
[2026-09-02T18:43:52.754+00:00][B] [INFO] [HEARTBEAT TX]
[2026-09-02T18:43:52.769+00:00][B] [INFO] Node ID: 2
[2026-09-02T18:43:52.770+00:00][B] [INFO] type: 2
[2026-09-02T18:43:52.770+00:00][B] [INFO] Destination: 0xFF
[2026-09-02T18:43:52.771+00:00][B] [INFO] Sequence: 562
[2026-09-02T18:43:52.771+00:00][B] [INFO] Packet ID: 277
[2026-09-02T18:43:52.771+00:00][B] [INFO] Packet Size: 26
[2026-09-02T18:43:52.771+00:00][B] [INFO] Timestamp: 277 ms
[2026-09-02T18:43:52.774+00:00][B] [INFO] Transmission Result: success
[2026-09-02T18:43:52.775+00:00][B] [INFO] --------------------------------
[2026-09-02T18:43:52.780+00:00][B] [INFO] [Heartbeat #277]
[2026-09-02T18:43:52.780+00:00][B] [INFO] Sent
[2026-09-02T18:43:52.780+00:00][B] [INFO] Waiting ACK...
[2026-09-02T18:43:52.780+00:00][B] [INFO] [WAITING ACK]
[2026-09-02T18:43:52.794+00:00][B] [INFO] [RF TX] type=2 source=0x02 destination=0xFF previousHop=0x02 sequence=562 ackSequence=0 ttl=8 hops=0 payloadSize=13 rssi=0 snr=
[2026-09-02T18:43:52.795+00:00][B] [INFO] Heartbeat packet sent
[2026-09-02T18:43:53.669+00:00][B] [INFO] --------------------------------
[2026-09-02T18:43:53.669+00:00][B] [INFO] [HEARTBEAT TX]
[2026-09-02T18:43:53.674+00:00][B] [INFO] Node ID: 2
[2026-09-02T18:43:53.674+00:00][B] [INFO] type: 2
[2026-09-02T18:43:53.674+00:00][B] [INFO] Destination: 0xFF
[2026-09-02T18:43:53.679+00:00][B] [INFO] Sequence: 563
[2026-09-02T18:43:53.680+00:00][B] [INFO] Packet ID: 278
[2026-09-02T18:43:53.685+00:00][B] [INFO] Packet Size: 26
[2026-09-02T18:43:53.685+00:00][B] [INFO] Timestamp: 278 ms
[2026-09-02T18:43:53.690+00:00][B] [INFO] Transmission Result: success
[2026-09-02T18:43:53.691+00:00][B] [INFO] --------------------------------
[2026-09-02T18:43:53.696+00:00][B] [INFO] [Heartbeat #278]
[2026-09-02T18:43:53.696+00:00][B] [INFO] Sent
[2026-09-02T18:43:53.697+00:00][B] [INFO] Waiting ACK...
[2026-09-02T18:43:53.697+00:00][B] [INFO] [WAITING ACK]
[2026-09-02T18:43:53.710+00:00][B] [INFO] [RF TX] type=2 source=0x02 destination=0xFF previousHop=0x02 sequence=563 ackSequence=0 ttl=8 hops=0 payloadSize=13 rssi=0 snr=
[2026-09-02T18:43:53.711+00:00][B] [INFO] Heartbeat packet sent
[2026-09-02T18:43:53.838+00:00][B] [INFO] [RF RX] type=2 source=0x01 destination=0xFF previousHop=0x01 sequence=1043 ackSequence=0 ttl=8 hops=0 payloadSize=13 rssi=-60 s
[2026-09-02T18:43:54.686+00:00][B] [WARN] Retry 1
[2026-09-02T18:43:54.752+00:00][B] [INFO] --------------------------------
[2026-09-02T18:43:54.754+00:00][B] [INFO] [HEARTBEAT TX]
[2026-09-02T18:43:54.758+00:00][B] [INFO] Node ID: 2
[2026-09-02T18:43:54.758+00:00][B] [INFO] type: 2
[2026-09-02T18:43:54.758+00:00][B] [INFO] Destination: 0xFF
[2026-09-02T18:43:54.763+00:00][B] [INFO] Sequence: 563
[2026-09-02T18:43:54.764+00:00][B] [INFO] Packet ID: 278
[2026-09-02T18:43:54.769+00:00][B] [INFO] Packet Size: 26
[2026-09-02T18:43:54.769+00:00][B] [INFO] Timestamp: 278 ms
[2026-09-02T18:43:54.774+00:00][B] [INFO] Transmission Result: success
[2026-09-02T18:43:54.775+00:00][B] [INFO] --------------------------------
[2026-09-02T18:43:54.780+00:00][B] [INFO] [Heartbeat #278]
[2026-09-02T18:43:54.780+00:00][B] [INFO] Sent
[2026-09-02T18:43:54.780+00:00][B] [INFO] Waiting ACK...
[2026-09-02T18:43:54.780+00:00][B] [INFO] [WAITING ACK]
[2026-09-02T18:43:54.794+00:00][B] [INFO] [RF TX] type=2 source=0x02 destination=0xFF previousHop=0x02 sequence=563 ackSequence=0 ttl=8 hops=0 payloadSize=13 rssi=0 snr=
[2026-09-02T18:43:54.794+00:00][B] [INFO] Heartbeat packet sent
[2026-09-02T18:43:55.668+00:00][B] [INFO] --------------------------------
[2026-09-02T18:43:55.668+00:00][B] [INFO] [HEARTBEAT TX]
[2026-09-02T18:43:55.674+00:00][B] [INFO] Node ID: 2
[2026-09-02T18:43:55.674+00:00][B] [INFO] type: 2
[2026-09-02T18:43:55.674+00:00][B] [INFO] Destination: 0xFF
[2026-09-02T18:43:55.679+00:00][B] [INFO] Sequence: 564
[2026-09-02T18:43:55.679+00:00][B] [INFO] Packet ID: 279
[2026-09-02T18:43:55.685+00:00][B] [INFO] Packet Size: 26
[2026-09-02T18:43:55.685+00:00][B] [INFO] Timestamp: 279 ms
[2026-09-02T18:43:55.690+00:00][B] [INFO] Transmission Result: success
[2026-09-02T18:43:55.690+00:00][B] [INFO] --------------------------------
[2026-09-02T18:43:55.696+00:00][B] [INFO] [Heartbeat #279]
[2026-09-02T18:43:55.696+00:00][B] [INFO] Sent
[2026-09-02T18:43:55.696+00:00][B] [INFO] Waiting ACK...
[2026-09-02T18:43:55.696+00:00][B] [INFO] [WAITING ACK]
[2026-09-02T18:43:55.710+00:00][B] [INFO] [RF TX] type=2 source=0x02 destination=0xFF previousHop=0x02 sequence=564 ackSequence=0 ttl=8 hops=0 payloadSize=13 rssi=0 snr=
[2026-09-02T18:43:55.710+00:00][B] [INFO] Heartbeat packet sent
[2026-09-02T18:43:55.838+00:00][B] [INFO] [RF RX] type=2 source=0x01 destination=0xFF previousHop=0x01 sequence=1044 ackSequence=0 ttl=8 hops=0 payloadSize=13 rssi=-61 s
[2026-09-02T18:43:56.685+00:00][B] [WARN] Retry 1
[2026-09-02T18:43:56.752+00:00][B] [INFO] --------------------------------
[2026-09-02T18:43:56.752+00:00][B] [INFO] [HEARTBEAT TX]
[2026-09-02T18:43:56.758+00:00][B] [INFO] Node ID: 2
[2026-09-02T18:43:56.758+00:00][B] [INFO] type: 2
[2026-09-02T18:43:56.758+00:00][B] [INFO] Destination: 0xFF
[2026-09-02T18:43:56.763+00:00][B] [INFO] Sequence: 564
[2026-09-02T18:43:56.763+00:00][B] [INFO] Packet ID: 279
[2026-09-02T18:43:56.769+00:00][B] [INFO] Packet Size: 26
[2026-09-02T18:43:56.769+00:00][B] [INFO] Timestamp: 279 ms
[2026-09-02T18:43:56.774+00:00][B] [INFO] Transmission Result: success
[2026-09-02T18:43:56.774+00:00][B] [INFO] --------------------------------
[2026-09-02T18:43:56.780+00:00][B] [INFO] [Heartbeat #279]
[2026-09-02T18:43:56.780+00:00][B] [INFO] Sent
[2026-09-02T18:43:56.780+00:00][B] [INFO] Waiting ACK...
[2026-09-02T18:43:56.780+00:00][B] [INFO] [WAITING ACK]
[2026-09-02T18:43:56.794+00:00][B] [INFO] [RF TX] type=2 source=0x02 destination=0xFF previousHop=0x02 sequence=564 ackSequence=0 ttl=8 hops=0 payloadSize=13 rssi=0 snr=
[2026-09-02T18:43:56.794+00:00][B] [INFO] Heartbeat packet sent
[2026-09-02T18:43:57.668+00:00][B] [INFO] --------------------------------
[2026-09-02T18:43:57.668+00:00][B] [INFO] [HEARTBEAT TX]
[2026-09-02T18:43:57.674+00:00][B] [INFO] Node ID: 2
[2026-09-02T18:43:57.674+00:00][B] [INFO] type: 2
[2026-09-02T18:43:57.674+00:00][B] [INFO] Destination: 0xFF
[2026-09-02T18:43:57.679+00:00][B] [INFO] Sequence: 565
[2026-09-02T18:43:57.679+00:00][B] [INFO] Packet ID: 280
[2026-09-02T18:43:57.685+00:00][B] [INFO] Packet Size: 26
[2026-09-02T18:43:57.685+00:00][B] [INFO] Timestamp: 280 ms
[2026-09-02T18:43:57.690+00:00][B] [INFO] Transmission Result: success
[2026-09-02T18:43:57.691+00:00][B] [INFO] --------------------------------
[2026-09-02T18:43:57.696+00:00][B] [INFO] [Heartbeat #280]
[2026-09-02T18:43:57.696+00:00][B] [INFO] Sent
[2026-09-02T18:43:57.696+00:00][B] [INFO] Waiting ACK...
[2026-09-02T18:43:57.696+00:00][B] [INFO] [WAITING ACK]
[2026-09-02T18:43:57.710+00:00][B] [INFO] [RF TX] type=2 source=0x02 destination=0xFF previousHop=0x02 sequence=565 ackSequence=0 ttl=8 hops=0 payloadSize=13 rssi=0 snr=
[2026-09-02T18:43:57.710+00:00][B] [INFO] Heartbeat packet sent
[2026-09-02T18:43:57.838+00:00][B] [INFO] [RF RX] type=2 source=0x01 destination=0xFF previousHop=0x01 sequence=1045 ackSequence=0 ttl=8 hops=0 payloadSize=13 rssi=-61 s
[2026-09-02T18:43:58.686+00:00][B] [WARN] Retry 1
[2026-09-02T18:43:58.754+00:00][B] [INFO] --------------------------------
[2026-09-02T18:43:58.754+00:00][B] [INFO] [HEARTBEAT TX]
[2026-09-02T18:43:58.758+00:00][B] [INFO] Node ID: 2
[2026-09-02T18:43:58.758+00:00][B] [INFO] type: 2
[2026-09-02T18:43:58.759+00:00][B] [INFO] Destination: 0xFF
[2026-09-02T18:43:58.764+00:00][B] [INFO] Sequence: 565
[2026-09-02T18:43:58.764+00:00][B] [INFO] Packet ID: 280
[2026-09-02T18:43:58.769+00:00][B] [INFO] Packet Size: 26
[2026-09-02T18:43:58.769+00:00][B] [INFO] Timestamp: 280 ms
[2026-09-02T18:43:58.774+00:00][B] [INFO] Transmission Result: success
[2026-09-02T18:43:58.775+00:00][B] [INFO] --------------------------------
[2026-09-02T18:43:58.780+00:00][B] [INFO] [Heartbeat #280]
[2026-09-02T18:43:58.780+00:00][B] [INFO] Sent
[2026-09-02T18:43:58.781+00:00][B] [INFO] Waiting ACK...
[2026-09-02T18:43:58.782+00:00][B] [INFO] [WAITING ACK]
[2026-09-02T18:43:58.794+00:00][B] [INFO] [RF TX] type=2 source=0x02 destination=0xFF previousHop=0x02 sequence=565 ackSequence=0 ttl=8 hops=0 payloadSize=13 rssi=0 snr=
[2026-09-02T18:43:58.794+00:00][B] [INFO] Heartbeat packet sent
[2026-09-02T18:43:59.668+00:00][B] [INFO] --------------------------------
[2026-09-02T18:43:59.668+00:00][B] [INFO] [HEARTBEAT TX]
[2026-09-02T18:43:59.674+00:00][B] [INFO] Node ID: 2
[2026-09-02T18:43:59.674+00:00][B] [INFO] type: 2
[2026-09-02T18:43:59.674+00:00][B] [INFO] Destination: 0xFF
[2026-09-02T18:43:59.679+00:00][B] [INFO] Sequence: 566
[2026-09-02T18:43:59.679+00:00][B] [INFO] Packet ID: 281
[2026-09-02T18:43:59.685+00:00][B] [INFO] Packet Size: 26
[2026-09-02T18:43:59.685+00:00][B] [INFO] Timestamp: 281 ms
[2026-09-02T18:43:59.690+00:00][B] [INFO] Transmission Result: success
[2026-09-02T18:43:59.691+00:00][B] [INFO] --------------------------------
[2026-09-02T18:43:59.696+00:00][B] [INFO] [Heartbeat #281]
[2026-09-02T18:43:59.696+00:00][B] [INFO] Sent
[2026-09-02T18:43:59.696+00:00][B] [INFO] Waiting ACK...
[2026-09-02T18:43:59.696+00:00][B] [INFO] [WAITING ACK]
[2026-09-02T18:43:59.710+00:00][B] [INFO] [RF TX] type=2 source=0x02 destination=0xFF previousHop=0x02 sequence=566 ackSequence=0 ttl=8 hops=0 payloadSize=13 rssi=0 snr=
[2026-09-02T18:43:59.710+00:00][B] [INFO] Heartbeat packet sent
[2026-09-02T18:43:59.838+00:00][B] [INFO] [RF RX] type=2 source=0x01 destination=0xFF previousHop=0x01 sequence=1046 ackSequence=0 ttl=8 hops=0 payloadSize=13 rssi=-61 s
[2026-09-02T18:44:00.685+00:00][B] [WARN] Retry 1
[2026-09-02T18:44:00.751+00:00][B] [INFO] --------------------------------
[2026-09-02T18:44:00.752+00:00][B] [INFO] [HEARTBEAT TX]
[2026-09-02T18:44:00.757+00:00][B] [INFO] Node ID: 2
[2026-09-02T18:44:00.757+00:00][B] [INFO] type: 2
[2026-09-02T18:44:00.757+00:00][B] [INFO] Destination: 0xFF
[2026-09-02T18:44:00.762+00:00][B] [INFO] Sequence: 566
[2026-09-02T18:44:00.762+00:00][B] [INFO] Packet ID: 281
[2026-09-02T18:44:00.768+00:00][B] [INFO] Packet Size: 26
[2026-09-02T18:44:00.768+00:00][B] [INFO] Timestamp: 281 ms
[2026-09-02T18:44:00.773+00:00][B] [INFO] Transmission Result: success
[2026-09-02T18:44:00.773+00:00][B] [INFO] --------------------------------
[2026-09-02T18:44:00.779+00:00][B] [INFO] [Heartbeat #281]
[2026-09-02T18:44:00.779+00:00][B] [INFO] Sent
[2026-09-02T18:44:00.779+00:00][B] [INFO] Waiting ACK...
[2026-09-02T18:44:00.779+00:00][B] [INFO] [WAITING ACK]
[2026-09-02T18:44:00.793+00:00][B] [INFO] [RF TX] type=2 source=0x02 destination=0xFF previousHop=0x02 sequence=566 ackSequence=0 ttl=8 hops=0 payloadSize=13 rssi=0 snr=
[2026-09-02T18:44:00.793+00:00][B] [INFO] Heartbeat packet sent
[2026-09-02T18:44:01.669+00:00][B] [INFO] --------------------------------
[2026-09-02T18:44:01.670+00:00][B] [INFO] [HEARTBEAT TX]
[2026-09-02T18:44:01.674+00:00][B] [INFO] Node ID: 2
[2026-09-02T18:44:01.674+00:00][B] [INFO] type: 2
[2026-09-02T18:44:01.674+00:00][B] [INFO] Destination: 0xFF
[2026-09-02T18:44:01.679+00:00][B] [INFO] Sequence: 567
[2026-09-02T18:44:01.680+00:00][B] [INFO] Packet ID: 282
[2026-09-02T18:44:01.685+00:00][B] [INFO] Packet Size: 26
[2026-09-02T18:44:01.686+00:00][B] [INFO] Timestamp: 282 ms
[2026-09-02T18:44:01.690+00:00][B] [INFO] Transmission Result: success
[2026-09-02T18:44:01.691+00:00][B] [INFO] --------------------------------
[2026-09-02T18:44:01.696+00:00][B] [INFO] [Heartbeat #282]
[2026-09-02T18:44:01.696+00:00][B] [INFO] Sent
[2026-09-02T18:44:01.697+00:00][B] [INFO] Waiting ACK...
[2026-09-02T18:44:01.697+00:00][B] [INFO] [WAITING ACK]
[2026-09-02T18:44:01.710+00:00][B] [INFO] [RF TX] type=2 source=0x02 destination=0xFF previousHop=0x02 sequence=567 ackSequence=0 ttl=8 hops=0 payloadSize=13 rssi=0 snr=
[2026-09-02T18:44:01.710+00:00][B] [INFO] Heartbeat packet sent
[2026-09-02T18:44:01.838+00:00][B] [INFO] [RF RX] type=2 source=0x01 destination=0xFF previousHop=0x01 sequence=1047 ackSequence=0 ttl=8 hops=0 payloadSize=13 rssi=-62 s
[2026-09-02T18:44:02.686+00:00][B] [WARN] Retry 1
[2026-09-02T18:44:02.753+00:00][B] [INFO] --------------------------------
[2026-09-02T18:44:02.754+00:00][B] [INFO] [HEARTBEAT TX]
[2026-09-02T18:44:02.758+00:00][B] [INFO] Node ID: 2
[2026-09-02T18:44:02.758+00:00][B] [INFO] type: 2
[2026-09-02T18:44:02.758+00:00][B] [INFO] Destination: 0xFF
[2026-09-02T18:44:02.764+00:00][B] [INFO] Sequence: 567
[2026-09-02T18:44:02.764+00:00][B] [INFO] Packet ID: 282
[2026-09-02T18:44:02.769+00:00][B] [INFO] Packet Size: 26
[2026-09-02T18:44:02.772+00:00][B] [INFO] Timestamp: 282 ms
[2026-09-02T18:44:02.774+00:00][B] [INFO] Transmission Result: success
[2026-09-02T18:44:02.775+00:00][B] [INFO] --------------------------------
[2026-09-02T18:44:02.780+00:00][B] [INFO] [Heartbeat #282]
[2026-09-02T18:44:02.780+00:00][B] [INFO] Sent
[2026-09-02T18:44:02.780+00:00][B] [INFO] Waiting ACK...
[2026-09-02T18:44:02.780+00:00][B] [INFO] [WAITING ACK]
[2026-09-02T18:44:02.794+00:00][B] [INFO] [RF TX] type=2 source=0x02 destination=0xFF previousHop=0x02 sequence=567 ackSequence=0 ttl=8 hops=0 payloadSize=13 rssi=0 snr=
[2026-09-02T18:44:02.794+00:00][B] [INFO] Heartbeat packet sent
[2026-09-02T18:44:03.669+00:00][B] [INFO] --------------------------------
[2026-09-02T18:44:03.669+00:00][B] [INFO] [HEARTBEAT TX]
[2026-09-02T18:44:03.674+00:00][B] [INFO] Node ID: 2
[2026-09-02T18:44:03.674+00:00][B] [INFO] type: 2
[2026-09-02T18:44:03.675+00:00][B] [INFO] Destination: 0xFF
[2026-09-02T18:44:03.679+00:00][B] [INFO] Sequence: 568
[2026-09-02T18:44:03.680+00:00][B] [INFO] Packet ID: 283
[2026-09-02T18:44:03.685+00:00][B] [INFO] Packet Size: 26
[2026-09-02T18:44:03.685+00:00][B] [INFO] Timestamp: 283 ms
[2026-09-02T18:44:03.690+00:00][B] [INFO] Transmission Result: success
[2026-09-02T18:44:03.691+00:00][B] [INFO] --------------------------------
[2026-09-02T18:44:03.696+00:00][B] [INFO] [Heartbeat #283]
[2026-09-02T18:44:03.697+00:00][B] [INFO] Sent
[2026-09-02T18:44:03.697+00:00][B] [INFO] Waiting ACK...
[2026-09-02T18:44:03.698+00:00][B] [INFO] [WAITING ACK]
[2026-09-02T18:44:03.710+00:00][B] [INFO] [RF TX] type=2 source=0x02 destination=0xFF previousHop=0x02 sequence=568 ackSequence=0 ttl=8 hops=0 payloadSize=13 rssi=0 snr=
[2026-09-02T18:44:03.711+00:00][B] [INFO] Heartbeat packet sent
[2026-09-02T18:44:03.838+00:00][B] [INFO] [RF RX] type=2 source=0x01 destination=0xFF previousHop=0x01 sequence=1048 ackSequence=0 ttl=8 hops=0 payloadSize=13 rssi=-61 s
[2026-09-02T18:44:04.686+00:00][B] [WARN] Retry 1
[2026-09-02T18:44:04.753+00:00][B] [INFO] --------------------------------
[2026-09-02T18:44:04.753+00:00][B] [INFO] [HEARTBEAT TX]
[2026-09-02T18:44:04.758+00:00][B] [INFO] Node ID: 2
[2026-09-02T18:44:04.758+00:00][B] [INFO] type: 2
[2026-09-02T18:44:04.759+00:00][B] [INFO] Destination: 0xFF
[2026-09-02T18:44:04.764+00:00][B] [INFO] Sequence: 568
[2026-09-02T18:44:04.765+00:00][B] [INFO] Packet ID: 283
[2026-09-02T18:44:04.769+00:00][B] [INFO] Packet Size: 26
[2026-09-02T18:44:04.770+00:00][B] [INFO] Timestamp: 283 ms
[2026-09-02T18:44:04.774+00:00][B] [INFO] Transmission Result: success
[2026-09-02T18:44:04.775+00:00][B] [INFO] --------------------------------
[2026-09-02T18:44:04.780+00:00][B] [INFO] [Heartbeat #283]
[2026-09-02T18:44:04.780+00:00][B] [INFO] Sent
[2026-09-02T18:44:04.780+00:00][B] [INFO] Waiting ACK...
[2026-09-02T18:44:04.780+00:00][B] [INFO] [WAITING ACK]
[2026-09-02T18:44:04.794+00:00][B] [INFO] [RF TX] type=2 source=0x02 destination=0xFF previousHop=0x02 sequence=568 ackSequence=0 ttl=8 hops=0 payloadSize=13 rssi=0 snr=
[2026-09-02T18:44:04.794+00:00][B] [INFO] Heartbeat packet sent
[2026-09-02T18:44:05.669+00:00][B] [INFO] --------------------------------
[2026-09-02T18:44:05.669+00:00][B] [INFO] [HEARTBEAT TX]
[2026-09-02T18:44:05.674+00:00][B] [INFO] Node ID: 2
[2026-09-02T18:44:05.674+00:00][B] [INFO] type: 2
[2026-09-02T18:44:05.674+00:00][B] [INFO] Destination: 0xFF
[2026-09-02T18:44:05.679+00:00][B] [INFO] Sequence: 569
[2026-09-02T18:44:05.680+00:00][B] [INFO] Packet ID: 284
[2026-09-02T18:44:05.685+00:00][B] [INFO] Packet Size: 26
[2026-09-02T18:44:05.685+00:00][B] [INFO] Timestamp: 284 ms
[2026-09-02T18:44:05.690+00:00][B] [INFO] Transmission Result: success
[2026-09-02T18:44:05.691+00:00][B] [INFO] --------------------------------
[2026-09-02T18:44:05.696+00:00][B] [INFO] [Heartbeat #284]
[2026-09-02T18:44:05.696+00:00][B] [INFO] Sent
[2026-09-02T18:44:05.697+00:00][B] [INFO] Waiting ACK...
[2026-09-02T18:44:05.697+00:00][B] [INFO] [WAITING ACK]
[2026-09-02T18:44:05.710+00:00][B] [INFO] [RF TX] type=2 source=0x02 destination=0xFF previousHop=0x02 sequence=569 ackSequence=0 ttl=8 hops=0 payloadSize=13 rssi=0 snr=
[2026-09-02T18:44:05.711+00:00][B] [INFO] Heartbeat packet sent
[2026-09-02T18:44:05.838+00:00][B] [INFO] [RF RX] type=2 source=0x01 destination=0xFF previousHop=0x01 sequence=1049 ackSequence=0 ttl=8 hops=0 payloadSize=13 rssi=-61 s
[2026-09-02T18:44:06.686+00:00][B] [WARN] Retry 1
[2026-09-02T18:44:06.754+00:00][B] [INFO] --------------------------------
[2026-09-02T18:44:06.754+00:00][B] [INFO] [HEARTBEAT TX]
[2026-09-02T18:44:06.758+00:00][B] [INFO] Node ID: 2
[2026-09-02T18:44:06.758+00:00][B] [INFO] type: 2
[2026-09-02T18:44:06.759+00:00][B] [INFO] Destination: 0xFF
[2026-09-02T18:44:06.764+00:00][B] [INFO] Sequence: 569
[2026-09-02T18:44:06.765+00:00][B] [INFO] Packet ID: 284
[2026-09-02T18:44:06.769+00:00][B] [INFO] Packet Size: 26
[2026-09-02T18:44:06.770+00:00][B] [INFO] Timestamp: 284 ms
[2026-09-02T18:44:06.774+00:00][B] [INFO] Transmission Result: success
[2026-09-02T18:44:06.775+00:00][B] [INFO] --------------------------------
[2026-09-02T18:44:06.780+00:00][B] [INFO] [Heartbeat #284]
[2026-09-02T18:44:06.781+00:00][B] [INFO] Sent
[2026-09-02T18:44:06.781+00:00][B] [INFO] Waiting ACK...
[2026-09-02T18:44:06.781+00:00][B] [INFO] [WAITING ACK]
[2026-09-02T18:44:06.794+00:00][B] [INFO] [RF TX] type=2 source=0x02 destination=0xFF previousHop=0x02 sequence=569 ackSequence=0 ttl=8 hops=0 payloadSize=13 rssi=0 snr=
[2026-09-02T18:44:06.795+00:00][B] [INFO] Heartbeat packet sent
[2026-09-02T18:44:07.669+00:00][B] [INFO] --------------------------------
[2026-09-02T18:44:07.669+00:00][B] [INFO] [HEARTBEAT TX]
[2026-09-02T18:44:07.674+00:00][B] [INFO] Node ID: 2
[2026-09-02T18:44:07.674+00:00][B] [INFO] type: 2
[2026-09-02T18:44:07.674+00:00][B] [INFO] Destination: 0xFF
[2026-09-02T18:44:07.679+00:00][B] [INFO] Sequence: 570
[2026-09-02T18:44:07.680+00:00][B] [INFO] Packet ID: 285
[2026-09-02T18:44:07.685+00:00][B] [INFO] Packet Size: 26
[2026-09-02T18:44:07.685+00:00][B] [INFO] Timestamp: 285 ms
[2026-09-02T18:44:07.690+00:00][B] [INFO] Transmission Result: success
[2026-09-02T18:44:07.691+00:00][B] [INFO] --------------------------------
[2026-09-02T18:44:07.696+00:00][B] [INFO] [Heartbeat #285]
[2026-09-02T18:44:07.696+00:00][B] [INFO] Sent
[2026-09-02T18:44:07.697+00:00][B] [INFO] Waiting ACK...
[2026-09-02T18:44:07.698+00:00][B] [INFO] [WAITING ACK]
[2026-09-02T18:44:07.710+00:00][B] [INFO] [RF TX] type=2 source=0x02 destination=0xFF previousHop=0x02 sequence=570 ackSequence=0 ttl=8 hops=0 payloadSize=13 rssi=0 snr=
[2026-09-02T18:44:07.711+00:00][B] [INFO] Heartbeat packet sent
[2026-09-02T18:44:07.838+00:00][B] [INFO] [RF RX] type=2 source=0x01 destination=0xFF previousHop=0x01 sequence=1050 ackSequence=0 ttl=8 hops=0 payloadSize=13 rssi=-61 s
[2026-09-02T18:44:08.685+00:00][B] [WARN] Retry 1
[2026-09-02T18:44:08.754+00:00][B] [INFO] --------------------------------
[2026-09-02T18:44:08.754+00:00][B] [INFO] [HEARTBEAT TX]
[2026-09-02T18:44:08.758+00:00][B] [INFO] Node ID: 2
[2026-09-02T18:44:08.758+00:00][B] [INFO] type: 2
[2026-09-02T18:44:08.758+00:00][B] [INFO] Destination: 0xFF
[2026-09-02T18:44:08.764+00:00][B] [INFO] Sequence: 570
[2026-09-02T18:44:08.764+00:00][B] [INFO] Packet ID: 285
[2026-09-02T18:44:08.769+00:00][B] [INFO] Packet Size: 26
[2026-09-02T18:44:08.769+00:00][B] [INFO] Timestamp: 285 ms
[2026-09-02T18:44:08.774+00:00][B] [INFO] Transmission Result: success
[2026-09-02T18:44:08.776+00:00][B] [INFO] --------------------------------
[2026-09-02T18:44:08.780+00:00][B] [INFO] [Heartbeat #285]
[2026-09-02T18:44:08.780+00:00][B] [INFO] Sent
[2026-09-02T18:44:08.781+00:00][B] [INFO] Waiting ACK...
[2026-09-02T18:44:08.781+00:00][B] [INFO] [WAITING ACK]
[2026-09-02T18:44:08.794+00:00][B] [INFO] [RF TX] type=2 source=0x02 destination=0xFF previousHop=0x02 sequence=570 ackSequence=0 ttl=8 hops=0 payloadSize=13 rssi=0 snr=
[2026-09-02T18:44:08.794+00:00][B] [INFO] Heartbeat packet sent
[2026-09-02T18:44:09.668+00:00][B] [INFO] --------------------------------
[2026-09-02T18:44:09.670+00:00][B] [INFO] [HEARTBEAT TX]
[2026-09-02T18:44:09.674+00:00][B] [INFO] Node ID: 2
[2026-09-02T18:44:09.674+00:00][B] [INFO] type: 2
[2026-09-02T18:44:09.674+00:00][B] [INFO] Destination: 0xFF
[2026-09-02T18:44:09.679+00:00][B] [INFO] Sequence: 571
[2026-09-02T18:44:09.680+00:00][B] [INFO] Packet ID: 286
[2026-09-02T18:44:09.684+00:00][B] [INFO] Packet Size: 26
[2026-09-02T18:44:09.685+00:00][B] [INFO] Timestamp: 286 ms
[2026-09-02T18:44:09.690+00:00][B] [INFO] Transmission Result: success
[2026-09-02T18:44:09.691+00:00][B] [INFO] --------------------------------
[2026-09-02T18:44:09.696+00:00][B] [INFO] [Heartbeat #286]
[2026-09-02T18:44:09.696+00:00][B] [INFO] Sent
[2026-09-02T18:44:09.697+00:00][B] [INFO] Waiting ACK...
[2026-09-02T18:44:09.697+00:00][B] [INFO] [WAITING ACK]
[2026-09-02T18:44:09.710+00:00][B] [INFO] [RF TX] type=2 source=0x02 destination=0xFF previousHop=0x02 sequence=571 ackSequence=0 ttl=8 hops=0 payloadSize=13 rssi=0 snr=
[2026-09-02T18:44:09.711+00:00][B] [INFO] Heartbeat packet sent
[2026-09-02T18:44:09.838+00:00][B] [INFO] [RF RX] type=2 source=0x01 destination=0xFF previousHop=0x01 sequence=1051 ackSequence=0 ttl=8 hops=0 payloadSize=13 rssi=-61 s
[2026-09-02T18:44:10.685+00:00][B] [WARN] Retry 1
[2026-09-02T18:44:10.753+00:00][B] [INFO] --------------------------------
[2026-09-02T18:44:10.754+00:00][B] [INFO] [HEARTBEAT TX]
[2026-09-02T18:44:10.758+00:00][B] [INFO] Node ID: 2
[2026-09-02T18:44:10.758+00:00][B] [INFO] type: 2
[2026-09-02T18:44:10.759+00:00][B] [INFO] Destination: 0xFF
[2026-09-02T18:44:10.764+00:00][B] [INFO] Sequence: 571
[2026-09-02T18:44:10.764+00:00][B] [INFO] Packet ID: 286
[2026-09-02T18:44:10.769+00:00][B] [INFO] Packet Size: 26
[2026-09-02T18:44:10.770+00:00][B] [INFO] Timestamp: 286 ms
[2026-09-02T18:44:10.774+00:00][B] [INFO] Transmission Result: success
[2026-09-02T18:44:10.775+00:00][B] [INFO] --------------------------------
[2026-09-02T18:44:10.780+00:00][B] [INFO] [Heartbeat #286]
[2026-09-02T18:44:10.780+00:00][B] [INFO] Sent
[2026-09-02T18:44:10.781+00:00][B] [INFO] Waiting ACK...
[2026-09-02T18:44:10.781+00:00][B] [INFO] [WAITING ACK]
[2026-09-02T18:44:10.794+00:00][B] [INFO] [RF TX] type=2 source=0x02 destination=0xFF previousHop=0x02 sequence=571 ackSequence=0 ttl=8 hops=0 payloadSize=13 rssi=0 snr=
[2026-09-02T18:44:10.794+00:00][B] [INFO] Heartbeat packet sent
[2026-09-02T18:44:11.668+00:00][B] [INFO] --------------------------------
[2026-09-02T18:44:11.668+00:00][B] [INFO] [HEARTBEAT TX]
[2026-09-02T18:44:11.673+00:00][B] [INFO] Node ID: 2
[2026-09-02T18:44:11.673+00:00][B] [INFO] type: 2
[2026-09-02T18:44:11.674+00:00][B] [INFO] Destination: 0xFF
[2026-09-02T18:44:11.679+00:00][B] [INFO] Sequence: 572
[2026-09-02T18:44:11.679+00:00][B] [INFO] Packet ID: 287
[2026-09-02T18:44:11.684+00:00][B] [INFO] Packet Size: 26
[2026-09-02T18:44:11.685+00:00][B] [INFO] Timestamp: 287 ms
[2026-09-02T18:44:11.690+00:00][B] [INFO] Transmission Result: success
[2026-09-02T18:44:11.690+00:00][B] [INFO] --------------------------------
[2026-09-02T18:44:11.696+00:00][B] [INFO] [Heartbeat #287]
[2026-09-02T18:44:11.696+00:00][B] [INFO] Sent
[2026-09-02T18:44:11.696+00:00][B] [INFO] Waiting ACK...
[2026-09-02T18:44:11.696+00:00][B] [INFO] [WAITING ACK]
[2026-09-02T18:44:11.710+00:00][B] [INFO] [RF TX] type=2 source=0x02 destination=0xFF previousHop=0x02 sequence=572 ackSequence=0 ttl=8 hops=0 payloadSize=13 rssi=0 snr=
[2026-09-02T18:44:11.711+00:00][B] [INFO] Heartbeat packet sent
[2026-09-02T18:44:11.838+00:00][B] [INFO] [RF RX] type=2 source=0x01 destination=0xFF previousHop=0x01 sequence=1052 ackSequence=0 ttl=8 hops=0 payloadSize=13 rssi=-61 s
[2026-09-02T18:44:12.685+00:00][B] [WARN] Retry 1
[2026-09-02T18:44:12.753+00:00][B] [INFO] --------------------------------
[2026-09-02T18:44:12.754+00:00][B] [INFO] [HEARTBEAT TX]
[2026-09-02T18:44:12.758+00:00][B] [INFO] Node ID: 2
[2026-09-02T18:44:12.759+00:00][B] [INFO] type: 2
[2026-09-02T18:44:12.764+00:00][B] [INFO] Destination: 0xFF
[2026-09-02T18:44:12.765+00:00][B] [INFO] Sequence: 572
[2026-09-02T18:44:12.765+00:00][B] [INFO] Packet ID: 287
[2026-09-02T18:44:12.768+00:00][B] [INFO] Packet Size: 26
[2026-09-02T18:44:12.769+00:00][B] [INFO] Timestamp: 287 ms
[2026-09-02T18:44:12.774+00:00][B] [INFO] Transmission Result: success
[2026-09-02T18:44:12.774+00:00][B] [INFO] --------------------------------
[2026-09-02T18:44:12.780+00:00][B] [INFO] [Heartbeat #287]
[2026-09-02T18:44:12.780+00:00][B] [INFO] Sent
[2026-09-02T18:44:12.780+00:00][B] [INFO] Waiting ACK...
[2026-09-02T18:44:12.780+00:00][B] [INFO] [WAITING ACK]
[2026-09-02T18:44:12.794+00:00][B] [INFO] [RF TX] type=2 source=0x02 destination=0xFF previousHop=0x02 sequence=572 ackSequence=0 ttl=8 hops=0 payloadSize=13 rssi=0 snr=
[2026-09-02T18:44:12.794+00:00][B] [INFO] Heartbeat packet sent
[2026-09-02T18:44:13.668+00:00][B] [INFO] --------------------------------
[2026-09-02T18:44:13.669+00:00][B] [INFO] [HEARTBEAT TX]
[2026-09-02T18:44:13.673+00:00][B] [INFO] Node ID: 2
[2026-09-02T18:44:13.674+00:00][B] [INFO] type: 2
[2026-09-02T18:44:13.674+00:00][B] [INFO] Destination: 0xFF
[2026-09-02T18:44:13.679+00:00][B] [INFO] Sequence: 573
[2026-09-02T18:44:13.680+00:00][B] [INFO] Packet ID: 288
[2026-09-02T18:44:13.684+00:00][B] [INFO] Packet Size: 26
[2026-09-02T18:44:13.685+00:00][B] [INFO] Timestamp: 288 ms
[2026-09-02T18:44:13.690+00:00][B] [INFO] Transmission Result: success
[2026-09-02T18:44:13.691+00:00][B] [INFO] --------------------------------
[2026-09-02T18:44:13.696+00:00][B] [INFO] [Heartbeat #288]
[2026-09-02T18:44:13.696+00:00][B] [INFO] Sent
[2026-09-02T18:44:13.697+00:00][B] [INFO] Waiting ACK...
[2026-09-02T18:44:13.697+00:00][B] [INFO] [WAITING ACK]
[2026-09-02T18:44:13.710+00:00][B] [INFO] [RF TX] type=2 source=0x02 destination=0xFF previousHop=0x02 sequence=573 ackSequence=0 ttl=8 hops=0 payloadSize=13 rssi=0 snr=
[2026-09-02T18:44:13.710+00:00][B] [INFO] Heartbeat packet sent
[2026-09-02T18:44:13.838+00:00][B] [INFO] [RF RX] type=2 source=0x01 destination=0xFF previousHop=0x01 sequence=1053 ackSequence=0 ttl=8 hops=0 payloadSize=13 rssi=-61 s
[2026-09-02T18:44:14.685+00:00][B] [WARN] Retry 1
[2026-09-02T18:44:14.755+00:00][B] [INFO] --------------------------------
[2026-09-02T18:44:14.756+00:00][B] [INFO] [HEARTBEAT TX]
[2026-09-02T18:44:14.757+00:00][B] [INFO] Node ID: 2
[2026-09-02T18:44:14.758+00:00][B] [INFO] type: 2
[2026-09-02T18:44:14.758+00:00][B] [INFO] Destination: 0xFF
[2026-09-02T18:44:14.764+00:00][B] [INFO] Sequence: 573
[2026-09-02T18:44:14.764+00:00][B] [INFO] Packet ID: 288
[2026-09-02T18:44:14.768+00:00][B] [INFO] Packet Size: 26
[2026-09-02T18:44:14.769+00:00][B] [INFO] Timestamp: 288 ms
[2026-09-02T18:44:14.774+00:00][B] [INFO] Transmission Result: success
[2026-09-02T18:44:14.775+00:00][B] [INFO] --------------------------------
[2026-09-02T18:44:14.780+00:00][B] [INFO] [Heartbeat #288]
[2026-09-02T18:44:14.780+00:00][B] [INFO] Sent
[2026-09-02T18:44:14.780+00:00][B] [INFO] Waiting ACK...
[2026-09-02T18:44:14.780+00:00][B] [INFO] [WAITING ACK]
[2026-09-02T18:44:14.794+00:00][B] [INFO] [RF TX] type=2 source=0x02 destination=0xFF previousHop=0x02 sequence=573 ackSequence=0 ttl=8 hops=0 payloadSize=13 rssi=0 snr=
[2026-09-02T18:44:14.794+00:00][B] [INFO] Heartbeat packet sent
[2026-09-02T18:44:15.668+00:00][B] [INFO] --------------------------------
[2026-09-02T18:44:15.669+00:00][B] [INFO] [HEARTBEAT TX]
[2026-09-02T18:44:15.674+00:00][B] [INFO] Node ID: 2
[2026-09-02T18:44:15.674+00:00][B] [INFO] type: 2
[2026-09-02T18:44:15.674+00:00][B] [INFO] Destination: 0xFF
[2026-09-02T18:44:15.680+00:00][B] [INFO] Sequence: 574
[2026-09-02T18:44:15.680+00:00][B] [INFO] Packet ID: 289
[2026-09-02T18:44:15.684+00:00][B] [INFO] Packet Size: 26
[2026-09-02T18:44:15.685+00:00][B] [INFO] Timestamp: 289 ms
[2026-09-02T18:44:15.690+00:00][B] [INFO] Transmission Result: success
[2026-09-02T18:44:15.690+00:00][B] [INFO] --------------------------------
[2026-09-02T18:44:15.696+00:00][B] [INFO] [Heartbeat #289]
[2026-09-02T18:44:15.696+00:00][B] [INFO] Sent
[2026-09-02T18:44:15.696+00:00][B] [INFO] Waiting ACK...
[2026-09-02T18:44:15.696+00:00][B] [INFO] [WAITING ACK]
[2026-09-02T18:44:15.710+00:00][B] [INFO] [RF TX] type=2 source=0x02 destination=0xFF previousHop=0x02 sequence=574 ackSequence=0 ttl=8 hops=0 payloadSize=13 rssi=0 snr=
[2026-09-02T18:44:15.710+00:00][B] [INFO] Heartbeat packet sent
[2026-09-02T18:44:15.838+00:00][B] [INFO] [RF RX] type=2 source=0x01 destination=0xFF previousHop=0x01 sequence=1054 ackSequence=0 ttl=8 hops=0 payloadSize=13 rssi=-61 s
[2026-09-02T18:44:16.685+00:00][B] [WARN] Retry 1
[2026-09-02T18:44:16.754+00:00][B] [INFO] --------------------------------
[2026-09-02T18:44:16.754+00:00][B] [INFO] [HEARTBEAT TX]
[2026-09-02T18:44:16.758+00:00][B] [INFO] Node ID: 2
[2026-09-02T18:44:16.758+00:00][B] [INFO] type: 2
[2026-09-02T18:44:16.758+00:00][B] [INFO] Destination: 0xFF
[2026-09-02T18:44:16.763+00:00][B] [INFO] Sequence: 574
[2026-09-02T18:44:16.764+00:00][B] [INFO] Packet ID: 289
[2026-09-02T18:44:16.768+00:00][B] [INFO] Packet Size: 26
[2026-09-02T18:44:16.769+00:00][B] [INFO] Timestamp: 289 ms
[2026-09-02T18:44:16.774+00:00][B] [INFO] Transmission Result: success
[2026-09-02T18:44:16.774+00:00][B] [INFO] --------------------------------
[2026-09-02T18:44:16.780+00:00][B] [INFO] [Heartbeat #289]
[2026-09-02T18:44:16.780+00:00][B] [INFO] Sent
[2026-09-02T18:44:16.780+00:00][B] [INFO] Waiting ACK...
[2026-09-02T18:44:16.780+00:00][B] [INFO] [WAITING ACK]
[2026-09-02T18:44:16.794+00:00][B] [INFO] [RF TX] type=2 source=0x02 destination=0xFF previousHop=0x02 sequence=574 ackSequence=0 ttl=8 hops=0 payloadSize=13 rssi=0 snr=
[2026-09-02T18:44:16.794+00:00][B] [INFO] Heartbeat packet sent
[2026-09-02T18:44:17.668+00:00][B] [INFO] --------------------------------
[2026-09-02T18:44:17.669+00:00][B] [INFO] [HEARTBEAT TX]
[2026-09-02T18:44:17.673+00:00][B] [INFO] Node ID: 2
[2026-09-02T18:44:17.674+00:00][B] [INFO] type: 2
[2026-09-02T18:44:17.674+00:00][B] [INFO] Destination: 0xFF
[2026-09-02T18:44:17.679+00:00][B] [INFO] Sequence: 575
[2026-09-02T18:44:17.680+00:00][B] [INFO] Packet ID: 290
[2026-09-02T18:44:17.684+00:00][B] [INFO] Packet Size: 26
[2026-09-02T18:44:17.685+00:00][B] [INFO] Timestamp: 290 ms
[2026-09-02T18:44:17.690+00:00][B] [INFO] Transmission Result: success
[2026-09-02T18:44:17.690+00:00][B] [INFO] --------------------------------
[2026-09-02T18:44:17.695+00:00][B] [INFO] [Heartbeat #290]
[2026-09-02T18:44:17.696+00:00][B] [INFO] Sent
[2026-09-02T18:44:17.696+00:00][B] [INFO] Waiting ACK...
[2026-09-02T18:44:17.697+00:00][B] [INFO] [WAITING ACK]
[2026-09-02T18:44:17.710+00:00][B] [INFO] [RF TX] type=2 source=0x02 destination=0xFF previousHop=0x02 sequence=575 ackSequence=0 ttl=8 hops=0 payloadSize=13 rssi=0 snr=
[2026-09-02T18:44:17.710+00:00][B] [INFO] Heartbeat packet sent
[2026-09-02T18:44:17.838+00:00][B] [INFO] [RF RX] type=2 source=0x01 destination=0xFF previousHop=0x01 sequence=1055 ackSequence=0 ttl=8 hops=0 payloadSize=13 rssi=-60 s
[2026-09-02T18:44:18.685+00:00][B] [WARN] Retry 1
[2026-09-02T18:44:18.753+00:00][B] [INFO] --------------------------------
[2026-09-02T18:44:18.753+00:00][B] [INFO] [HEARTBEAT TX]
[2026-09-02T18:44:18.757+00:00][B] [INFO] Node ID: 2
[2026-09-02T18:44:18.758+00:00][B] [INFO] type: 2
[2026-09-02T18:44:18.758+00:00][B] [INFO] Destination: 0xFF
[2026-09-02T18:44:18.763+00:00][B] [INFO] Sequence: 575
[2026-09-02T18:44:18.764+00:00][B] [INFO] Packet ID: 290
[2026-09-02T18:44:18.768+00:00][B] [INFO] Packet Size: 26
[2026-09-02T18:44:18.769+00:00][B] [INFO] Timestamp: 290 ms
[2026-09-02T18:44:18.774+00:00][B] [INFO] Transmission Result: success
[2026-09-02T18:44:18.774+00:00][B] [INFO] --------------------------------
[2026-09-02T18:44:18.780+00:00][B] [INFO] [Heartbeat #290]
[2026-09-02T18:44:18.780+00:00][B] [INFO] Sent
[2026-09-02T18:44:18.780+00:00][B] [INFO] Waiting ACK...
[2026-09-02T18:44:18.781+00:00][B] [INFO] [WAITING ACK]
[2026-09-02T18:44:18.794+00:00][B] [INFO] [RF TX] type=2 source=0x02 destination=0xFF previousHop=0x02 sequence=575 ackSequence=0 ttl=8 hops=0 payloadSize=13 rssi=0 snr=
[2026-09-02T18:44:18.794+00:00][B] [INFO] Heartbeat packet sent
[2026-09-02T18:44:19.668+00:00][B] [INFO] --------------------------------
[2026-09-02T18:44:19.668+00:00][B] [INFO] [HEARTBEAT TX]
[2026-09-02T18:44:19.673+00:00][B] [INFO] Node ID: 2
[2026-09-02T18:44:19.673+00:00][B] [INFO] type: 2
[2026-09-02T18:44:19.674+00:00][B] [INFO] Destination: 0xFF
[2026-09-02T18:44:19.679+00:00][B] [INFO] Sequence: 576
[2026-09-02T18:44:19.679+00:00][B] [INFO] Packet ID: 291
[2026-09-02T18:44:19.684+00:00][B] [INFO] Packet Size: 26
[2026-09-02T18:44:19.685+00:00][B] [INFO] Timestamp: 291 ms
[2026-09-02T18:44:19.690+00:00][B] [INFO] Transmission Result: success
[2026-09-02T18:44:19.690+00:00][B] [INFO] --------------------------------
[2026-09-02T18:44:19.695+00:00][B] [INFO] [Heartbeat #291]
[2026-09-02T18:44:19.696+00:00][B] [INFO] Sent
[2026-09-02T18:44:19.696+00:00][B] [INFO] Waiting ACK...
[2026-09-02T18:44:19.696+00:00][B] [INFO] [WAITING ACK]
[2026-09-02T18:44:19.710+00:00][B] [INFO] [RF TX] type=2 source=0x02 destination=0xFF previousHop=0x02 sequence=576 ackSequence=0 ttl=8 hops=0 payloadSize=13 rssi=0 snr=
[2026-09-02T18:44:19.710+00:00][B] [INFO] Heartbeat packet sent
[2026-09-02T18:44:19.838+00:00][B] [INFO] [RF RX] type=2 source=0x01 destination=0xFF previousHop=0x01 sequence=1056 ackSequence=0 ttl=8 hops=0 payloadSize=13 rssi=-60 s
[2026-09-02T18:44:20.686+00:00][B] [WARN] Retry 1
[2026-09-02T18:44:20.754+00:00][B] [INFO] --------------------------------
[2026-09-02T18:44:20.754+00:00][B] [INFO] [HEARTBEAT TX]
[2026-09-02T18:44:20.758+00:00][B] [INFO] Node ID: 2
[2026-09-02T18:44:20.758+00:00][B] [INFO] type: 2
[2026-09-02T18:44:20.758+00:00][B] [INFO] Destination: 0xFF
[2026-09-02T18:44:20.763+00:00][B] [INFO] Sequence: 576
[2026-09-02T18:44:20.765+00:00][B] [INFO] Packet ID: 291
[2026-09-02T18:44:20.768+00:00][B] [INFO] Packet Size: 26
[2026-09-02T18:44:20.769+00:00][B] [INFO] Timestamp: 291 ms
[2026-09-02T18:44:20.774+00:00][B] [INFO] Transmission Result: success
[2026-09-02T18:44:20.775+00:00][B] [INFO] --------------------------------
[2026-09-02T18:44:20.780+00:00][B] [INFO] [Heartbeat #291]
[2026-09-02T18:44:20.780+00:00][B] [INFO] Sent
[2026-09-02T18:44:20.781+00:00][B] [INFO] Waiting ACK...
[2026-09-02T18:44:20.781+00:00][B] [INFO] [WAITING ACK]
[2026-09-02T18:44:20.794+00:00][B] [INFO] [RF TX] type=2 source=0x02 destination=0xFF previousHop=0x02 sequence=576 ackSequence=0 ttl=8 hops=0 payloadSize=13 rssi=0 snr=
[2026-09-02T18:44:20.794+00:00][B] [INFO] Heartbeat packet sent
[2026-09-02T18:44:21.668+00:00][B] [INFO] --------------------------------
[2026-09-02T18:44:21.669+00:00][B] [INFO] [HEARTBEAT TX]
[2026-09-02T18:44:21.673+00:00][B] [INFO] Node ID: 2
[2026-09-02T18:44:21.673+00:00][B] [INFO] type: 2
[2026-09-02T18:44:21.674+00:00][B] [INFO] Destination: 0xFF
[2026-09-02T18:44:21.679+00:00][B] [INFO] Sequence: 577
[2026-09-02T18:44:21.679+00:00][B] [INFO] Packet ID: 292
[2026-09-02T18:44:21.684+00:00][B] [INFO] Packet Size: 26
[2026-09-02T18:44:21.685+00:00][B] [INFO] Timestamp: 292 ms
[2026-09-02T18:44:21.690+00:00][B] [INFO] Transmission Result: success
[2026-09-02T18:44:21.690+00:00][B] [INFO] --------------------------------
[2026-09-02T18:44:21.695+00:00][B] [INFO] [Heartbeat #292]
[2026-09-02T18:44:21.696+00:00][B] [INFO] Sent
[2026-09-02T18:44:21.697+00:00][B] [INFO] Waiting ACK...
[2026-09-02T18:44:21.697+00:00][B] [INFO] [WAITING ACK]
[2026-09-02T18:44:21.710+00:00][B] [INFO] [RF TX] type=2 source=0x02 destination=0xFF previousHop=0x02 sequence=577 ackSequence=0 ttl=8 hops=0 payloadSize=13 rssi=0 snr=
[2026-09-02T18:44:21.710+00:00][B] [INFO] Heartbeat packet sent
[2026-09-02T18:44:21.838+00:00][B] [INFO] [RF RX] type=2 source=0x01 destination=0xFF previousHop=0x01 sequence=1057 ackSequence=0 ttl=8 hops=0 payloadSize=13 rssi=-61 s
[2026-09-02T18:44:22.685+00:00][B] [WARN] Retry 1
[2026-09-02T18:44:22.753+00:00][B] [INFO] --------------------------------
[2026-09-02T18:44:22.753+00:00][B] [INFO] [HEARTBEAT TX]
[2026-09-02T18:44:22.757+00:00][B] [INFO] Node ID: 2
[2026-09-02T18:44:22.758+00:00][B] [INFO] type: 2
[2026-09-02T18:44:22.758+00:00][B] [INFO] Destination: 0xFF
[2026-09-02T18:44:22.763+00:00][B] [INFO] Sequence: 577
[2026-09-02T18:44:22.763+00:00][B] [INFO] Packet ID: 292
[2026-09-02T18:44:22.768+00:00][B] [INFO] Packet Size: 26
[2026-09-02T18:44:22.769+00:00][B] [INFO] Timestamp: 292 ms
[2026-09-02T18:44:22.774+00:00][B] [INFO] Transmission Result: success
[2026-09-02T18:44:22.775+00:00][B] [INFO] --------------------------------
[2026-09-02T18:44:22.779+00:00][B] [INFO] [Heartbeat #292]
[2026-09-02T18:44:22.780+00:00][B] [INFO] Sent
[2026-09-02T18:44:22.780+00:00][B] [INFO] Waiting ACK...
[2026-09-02T18:44:22.780+00:00][B] [INFO] [WAITING ACK]
[2026-09-02T18:44:22.794+00:00][B] [INFO] [RF TX] type=2 source=0x02 destination=0xFF previousHop=0x02 sequence=577 ackSequence=0 ttl=8 hops=0 payloadSize=13 rssi=0 snr=
[2026-09-02T18:44:22.794+00:00][B] [INFO] Heartbeat packet sent
[2026-09-02T18:44:23.668+00:00][B] [INFO] --------------------------------
[2026-09-02T18:44:23.669+00:00][B] [INFO] [HEARTBEAT TX]
[2026-09-02T18:44:23.673+00:00][B] [INFO] Node ID: 2
[2026-09-02T18:44:23.674+00:00][B] [INFO] type: 2
[2026-09-02T18:44:23.674+00:00][B] [INFO] Destination: 0xFF
[2026-09-02T18:44:23.679+00:00][B] [INFO] Sequence: 578
[2026-09-02T18:44:23.680+00:00][B] [INFO] Packet ID: 293
[2026-09-02T18:44:23.684+00:00][B] [INFO] Packet Size: 26
[2026-09-02T18:44:23.685+00:00][B] [INFO] Timestamp: 293 ms
[2026-09-02T18:44:23.690+00:00][B] [INFO] Transmission Result: success
[2026-09-02T18:44:23.690+00:00][B] [INFO] --------------------------------
[2026-09-02T18:44:23.695+00:00][B] [INFO] [Heartbeat #293]
[2026-09-02T18:44:23.696+00:00][B] [INFO] Sent
[2026-09-02T18:44:23.696+00:00][B] [INFO] Waiting ACK...
[2026-09-02T18:44:23.697+00:00][B] [INFO] [WAITING ACK]
[2026-09-02T18:44:23.710+00:00][B] [INFO] [RF TX] type=2 source=0x02 destination=0xFF previousHop=0x02 sequence=578 ackSequence=0 ttl=8 hops=0 payloadSize=13 rssi=0 snr=
[2026-09-02T18:44:23.710+00:00][B] [INFO] Heartbeat packet sent
[2026-09-02T18:44:23.838+00:00][B] [INFO] [RF RX] type=2 source=0x01 destination=0xFF previousHop=0x01 sequence=1058 ackSequence=0 ttl=8 hops=0 payloadSize=13 rssi=-62 s
[2026-09-02T18:44:24.684+00:00][B] [WARN] Retry 1
[2026-09-02T18:44:24.753+00:00][B] [INFO] --------------------------------
[2026-09-02T18:44:24.754+00:00][B] [INFO] [HEARTBEAT TX]
[2026-09-02T18:44:24.756+00:00][B] [INFO] Node ID: 2
[2026-09-02T18:44:24.757+00:00][B] [INFO] type: 2
[2026-09-02T18:44:24.757+00:00][B] [INFO] Destination: 0xFF
[2026-09-02T18:44:24.762+00:00][B] [INFO] Sequence: 578
[2026-09-02T18:44:24.762+00:00][B] [INFO] Packet ID: 293
[2026-09-02T18:44:24.767+00:00][B] [INFO] Packet Size: 26
[2026-09-02T18:44:24.768+00:00][B] [INFO] Timestamp: 293 ms
[2026-09-02T18:44:24.773+00:00][B] [INFO] Transmission Result: success
[2026-09-02T18:44:24.774+00:00][B] [INFO] --------------------------------
[2026-09-02T18:44:24.779+00:00][B] [INFO] [Heartbeat #293]
[2026-09-02T18:44:24.780+00:00][B] [INFO] Sent
[2026-09-02T18:44:24.781+00:00][B] [INFO] Waiting ACK...
[2026-09-02T18:44:24.781+00:00][B] [INFO] [WAITING ACK]
[2026-09-02T18:44:24.793+00:00][B] [INFO] [RF TX] type=2 source=0x02 destination=0xFF previousHop=0x02 sequence=578 ackSequence=0 ttl=8 hops=0 payloadSize=13 rssi=0 snr=
[2026-09-02T18:44:24.793+00:00][B] [INFO] Heartbeat packet sent
[2026-09-02T18:44:25.668+00:00][B] [INFO] --------------------------------
[2026-09-02T18:44:25.668+00:00][B] [INFO] [HEARTBEAT TX]
[2026-09-02T18:44:25.673+00:00][B] [INFO] Node ID: 2
[2026-09-02T18:44:25.673+00:00][B] [INFO] type: 2
[2026-09-02T18:44:25.674+00:00][B] [INFO] Destination: 0xFF
[2026-09-02T18:44:25.679+00:00][B] [INFO] Sequence: 579
[2026-09-02T18:44:25.679+00:00][B] [INFO] Packet ID: 294
[2026-09-02T18:44:25.684+00:00][B] [INFO] Packet Size: 26
[2026-09-02T18:44:25.684+00:00][B] [INFO] Timestamp: 294 ms
[2026-09-02T18:44:25.690+00:00][B] [INFO] Transmission Result: success
[2026-09-02T18:44:25.690+00:00][B] [INFO] --------------------------------
[2026-09-02T18:44:25.695+00:00][B] [INFO] [Heartbeat #294]
[2026-09-02T18:44:25.695+00:00][B] [INFO] Sent
[2026-09-02T18:44:25.696+00:00][B] [INFO] Waiting ACK...
[2026-09-02T18:44:25.696+00:00][B] [INFO] [WAITING ACK]
[2026-09-02T18:44:25.710+00:00][B] [INFO] [RF TX] type=2 source=0x02 destination=0xFF previousHop=0x02 sequence=579 ackSequence=0 ttl=8 hops=0 payloadSize=13 rssi=0 snr=
[2026-09-02T18:44:25.710+00:00][B] [INFO] Heartbeat packet sent
[2026-09-02T18:44:25.838+00:00][B] [INFO] [RF RX] type=2 source=0x01 destination=0xFF previousHop=0x01 sequence=1059 ackSequence=0 ttl=8 hops=0 payloadSize=13 rssi=-61 s
[2026-09-02T18:44:26.685+00:00][B] [WARN] Retry 1
[2026-09-02T18:44:26.755+00:00][B] [INFO] --------------------------------
[2026-09-02T18:44:26.755+00:00][B] [INFO] [HEARTBEAT TX]
[2026-09-02T18:44:26.757+00:00][B] [INFO] Node ID: 2
[2026-09-02T18:44:26.757+00:00][B] [INFO] type: 2
[2026-09-02T18:44:26.758+00:00][B] [INFO] Destination: 0xFF
[2026-09-02T18:44:26.763+00:00][B] [INFO] Sequence: 579
[2026-09-02T18:44:26.764+00:00][B] [INFO] Packet ID: 294
[2026-09-02T18:44:26.768+00:00][B] [INFO] Packet Size: 26
[2026-09-02T18:44:26.769+00:00][B] [INFO] Timestamp: 294 ms
[2026-09-02T18:44:26.774+00:00][B] [INFO] Transmission Result: success
[2026-09-02T18:44:26.775+00:00][B] [INFO] --------------------------------
[2026-09-02T18:44:26.779+00:00][B] [INFO] [Heartbeat #294]
[2026-09-02T18:44:26.780+00:00][B] [INFO] Sent
[2026-09-02T18:44:26.781+00:00][B] [INFO] Waiting ACK...
[2026-09-02T18:44:26.781+00:00][B] [INFO] [WAITING ACK]
[2026-09-02T18:44:26.794+00:00][B] [INFO] [RF TX] type=2 source=0x02 destination=0xFF previousHop=0x02 sequence=579 ackSequence=0 ttl=8 hops=0 payloadSize=13 rssi=0 snr=
[2026-09-02T18:44:26.794+00:00][B] [INFO] Heartbeat packet sent
[2026-09-02T18:44:27.668+00:00][B] [INFO] --------------------------------
[2026-09-02T18:44:27.669+00:00][B] [INFO] [HEARTBEAT TX]
[2026-09-02T18:44:27.673+00:00][B] [INFO] Node ID: 2
[2026-09-02T18:44:27.673+00:00][B] [INFO] type: 2
[2026-09-02T18:44:27.674+00:00][B] [INFO] Destination: 0xFF
[2026-09-02T18:44:27.679+00:00][B] [INFO] Sequence: 580
[2026-09-02T18:44:27.679+00:00][B] [INFO] Packet ID: 295
[2026-09-02T18:44:27.684+00:00][B] [INFO] Packet Size: 26
[2026-09-02T18:44:27.684+00:00][B] [INFO] Timestamp: 295 ms
[2026-09-02T18:44:27.690+00:00][B] [INFO] Transmission Result: success
[2026-09-02T18:44:27.690+00:00][B] [INFO] --------------------------------
[2026-09-02T18:44:27.695+00:00][B] [INFO] [Heartbeat #295]
[2026-09-02T18:44:27.696+00:00][B] [INFO] Sent
[2026-09-02T18:44:27.696+00:00][B] [INFO] Waiting ACK...
[2026-09-02T18:44:27.696+00:00][B] [INFO] [WAITING ACK]
[2026-09-02T18:44:27.709+00:00][B] [INFO] [RF TX] type=2 source=0x02 destination=0xFF previousHop=0x02 sequence=580 ackSequence=0 ttl=8 hops=0 payloadSize=13 rssi=0 snr=
[2026-09-02T18:44:27.710+00:00][B] [INFO] Heartbeat packet sent
[2026-09-02T18:44:27.838+00:00][B] [INFO] [RF RX] type=2 source=0x01 destination=0xFF previousHop=0x01 sequence=1060 ackSequence=0 ttl=8 hops=0 payloadSize=13 rssi=-61 s
[2026-09-02T18:44:28.685+00:00][B] [WARN] Retry 1
[2026-09-02T18:44:28.751+00:00][B] [INFO] --------------------------------
[2026-09-02T18:44:28.751+00:00][B] [INFO] [HEARTBEAT TX]
[2026-09-02T18:44:28.757+00:00][B] [INFO] Node ID: 2
[2026-09-02T18:44:28.757+00:00][B] [INFO] type: 2
[2026-09-02T18:44:28.757+00:00][B] [INFO] Destination: 0xFF
[2026-09-02T18:44:28.762+00:00][B] [INFO] Sequence: 580
[2026-09-02T18:44:28.762+00:00][B] [INFO] Packet ID: 295
[2026-09-02T18:44:28.768+00:00][B] [INFO] Packet Size: 26
[2026-09-02T18:44:28.768+00:00][B] [INFO] Timestamp: 295 ms
[2026-09-02T18:44:28.773+00:00][B] [INFO] Transmission Result: success
[2026-09-02T18:44:28.774+00:00][B] [INFO] --------------------------------
[2026-09-02T18:44:28.779+00:00][B] [INFO] [Heartbeat #295]
[2026-09-02T18:44:28.779+00:00][B] [INFO] Sent
[2026-09-02T18:44:28.779+00:00][B] [INFO] Waiting ACK...
[2026-09-02T18:44:28.779+00:00][B] [INFO] [WAITING ACK]
[2026-09-02T18:44:28.793+00:00][B] [INFO] [RF TX] type=2 source=0x02 destination=0xFF previousHop=0x02 sequence=580 ackSequence=0 ttl=8 hops=0 payloadSize=13 rssi=0 snr=
[2026-09-02T18:44:28.793+00:00][B] [INFO] Heartbeat packet sent
[2026-09-02T18:44:29.668+00:00][B] [INFO] --------------------------------
[2026-09-02T18:44:29.668+00:00][B] [INFO] [HEARTBEAT TX]
[2026-09-02T18:44:29.673+00:00][B] [INFO] Node ID: 2
[2026-09-02T18:44:29.673+00:00][B] [INFO] type: 2
[2026-09-02T18:44:29.673+00:00][B] [INFO] Destination: 0xFF
[2026-09-02T18:44:29.679+00:00][B] [INFO] Sequence: 581
[2026-09-02T18:44:29.679+00:00][B] [INFO] Packet ID: 296
[2026-09-02T18:44:29.684+00:00][B] [INFO] Packet Size: 26
[2026-09-02T18:44:29.684+00:00][B] [INFO] Timestamp: 296 ms
[2026-09-02T18:44:29.690+00:00][B] [INFO] Transmission Result: success
[2026-09-02T18:44:29.690+00:00][B] [INFO] --------------------------------
[2026-09-02T18:44:29.695+00:00][B] [INFO] [Heartbeat #296]
[2026-09-02T18:44:29.696+00:00][B] [INFO] Sent
[2026-09-02T18:44:29.696+00:00][B] [INFO] Waiting ACK...
[2026-09-02T18:44:29.696+00:00][B] [INFO] [WAITING ACK]
[2026-09-02T18:44:29.709+00:00][B] [INFO] [RF TX] type=2 source=0x02 destination=0xFF previousHop=0x02 sequence=581 ackSequence=0 ttl=8 hops=0 payloadSize=13 rssi=0 snr=
[2026-09-02T18:44:29.709+00:00][B] [INFO] Heartbeat packet sent
[2026-09-02T18:44:29.838+00:00][B] [INFO] [RF RX] type=2 source=0x01 destination=0xFF previousHop=0x01 sequence=1061 ackSequence=0 ttl=8 hops=0 payloadSize=13 rssi=-61 s
[2026-09-02T18:44:30.685+00:00][B] [WARN] Retry 1
[2026-09-02T18:44:30.751+00:00][B] [INFO] --------------------------------
[2026-09-02T18:44:30.752+00:00][B] [INFO] [HEARTBEAT TX]
[2026-09-02T18:44:30.757+00:00][B] [INFO] Node ID: 2
[2026-09-02T18:44:30.757+00:00][B] [INFO] type: 2
[2026-09-02T18:44:30.757+00:00][B] [INFO] Destination: 0xFF
[2026-09-02T18:44:30.762+00:00][B] [INFO] Sequence: 581
[2026-09-02T18:44:30.763+00:00][B] [INFO] Packet ID: 296
[2026-09-02T18:44:30.768+00:00][B] [INFO] Packet Size: 26
[2026-09-02T18:44:30.768+00:00][B] [INFO] Timestamp: 296 ms
[2026-09-02T18:44:30.773+00:00][B] [INFO] Transmission Result: success
[2026-09-02T18:44:30.774+00:00][B] [INFO] --------------------------------
[2026-09-02T18:44:30.779+00:00][B] [INFO] [Heartbeat #296]
[2026-09-02T18:44:30.779+00:00][B] [INFO] Sent
[2026-09-02T18:44:30.779+00:00][B] [INFO] Waiting ACK...
[2026-09-02T18:44:30.780+00:00][B] [INFO] [WAITING ACK]
[2026-09-02T18:44:30.793+00:00][B] [INFO] [RF TX] type=2 source=0x02 destination=0xFF previousHop=0x02 sequence=581 ackSequence=0 ttl=8 hops=0 payloadSize=13 rssi=0 snr=
[2026-09-02T18:44:30.794+00:00][B] [INFO] Heartbeat packet sent
[2026-09-02T18:44:31.668+00:00][B] [INFO] --------------------------------
[2026-09-02T18:44:31.668+00:00][B] [INFO] [HEARTBEAT TX]
[2026-09-02T18:44:31.673+00:00][B] [INFO] Node ID: 2
[2026-09-02T18:44:31.673+00:00][B] [INFO] type: 2
[2026-09-02T18:44:31.674+00:00][B] [INFO] Destination: 0xFF
[2026-09-02T18:44:31.679+00:00][B] [INFO] Sequence: 582
[2026-09-02T18:44:31.679+00:00][B] [INFO] Packet ID: 297
[2026-09-02T18:44:31.684+00:00][B] [INFO] Packet Size: 26
[2026-09-02T18:44:31.685+00:00][B] [INFO] Timestamp: 297 ms
[2026-09-02T18:44:31.690+00:00][B] [INFO] Transmission Result: success
[2026-09-02T18:44:31.690+00:00][B] [INFO] --------------------------------
[2026-09-02T18:44:31.695+00:00][B] [INFO] [Heartbeat #297]
[2026-09-02T18:44:31.695+00:00][B] [INFO] Sent
[2026-09-02T18:44:31.696+00:00][B] [INFO] Waiting ACK...
[2026-09-02T18:44:31.696+00:00][B] [INFO] [WAITING ACK]
[2026-09-02T18:44:31.709+00:00][B] [INFO] [RF TX] type=2 source=0x02 destination=0xFF previousHop=0x02 sequence=582 ackSequence=0 ttl=8 hops=0 payloadSize=13 rssi=0 snr=
[2026-09-02T18:44:31.710+00:00][B] [INFO] Heartbeat packet sent
[2026-09-02T18:44:31.838+00:00][B] [INFO] [RF RX] type=2 source=0x01 destination=0xFF previousHop=0x01 sequence=1062 ackSequence=0 ttl=8 hops=0 payloadSize=13 rssi=-60 s
[2026-09-02T18:44:32.685+00:00][B] [WARN] Retry 1
[2026-09-02T18:44:32.751+00:00][B] [INFO] --------------------------------
[2026-09-02T18:44:32.751+00:00][B] [INFO] [HEARTBEAT TX]
[2026-09-02T18:44:32.757+00:00][B] [INFO] Node ID: 2
[2026-09-02T18:44:32.757+00:00][B] [INFO] type: 2
[2026-09-02T18:44:32.757+00:00][B] [INFO] Destination: 0xFF
[2026-09-02T18:44:32.762+00:00][B] [INFO] Sequence: 582
[2026-09-02T18:44:32.763+00:00][B] [INFO] Packet ID: 297
[2026-09-02T18:44:32.768+00:00][B] [INFO] Packet Size: 26
[2026-09-02T18:44:32.768+00:00][B] [INFO] Timestamp: 297 ms
[2026-09-02T18:44:32.773+00:00][B] [INFO] Transmission Result: success
[2026-09-02T18:44:32.774+00:00][B] [INFO] --------------------------------
[2026-09-02T18:44:32.779+00:00][B] [INFO] [Heartbeat #297]
[2026-09-02T18:44:32.779+00:00][B] [INFO] Sent
[2026-09-02T18:44:32.779+00:00][B] [INFO] Waiting ACK...
[2026-09-02T18:44:32.779+00:00][B] [INFO] [WAITING ACK]
[2026-09-02T18:44:32.793+00:00][B] [INFO] [RF TX] type=2 source=0x02 destination=0xFF previousHop=0x02 sequence=582 ackSequence=0 ttl=8 hops=0 payloadSize=13 rssi=0 snr=
[2026-09-02T18:44:32.793+00:00][B] [INFO] Heartbeat packet sent
[2026-09-02T18:44:33.668+00:00][B] [INFO] --------------------------------
[2026-09-02T18:44:33.670+00:00][B] [INFO] [HEARTBEAT TX]
[2026-09-02T18:44:33.673+00:00][B] [INFO] Node ID: 2
[2026-09-02T18:44:33.673+00:00][B] [INFO] type: 2
[2026-09-02T18:44:33.674+00:00][B] [INFO] Destination: 0xFF
[2026-09-02T18:44:33.679+00:00][B] [INFO] Sequence: 583
[2026-09-02T18:44:33.679+00:00][B] [INFO] Packet ID: 298
[2026-09-02T18:44:33.684+00:00][B] [INFO] Packet Size: 26
[2026-09-02T18:44:33.685+00:00][B] [INFO] Timestamp: 298 ms
[2026-09-02T18:44:33.690+00:00][B] [INFO] Transmission Result: success
[2026-09-02T18:44:33.690+00:00][B] [INFO] --------------------------------
[2026-09-02T18:44:33.695+00:00][B] [INFO] [Heartbeat #298]
[2026-09-02T18:44:33.695+00:00][B] [INFO] Sent
[2026-09-02T18:44:33.696+00:00][B] [INFO] Waiting ACK...
[2026-09-02T18:44:33.696+00:00][B] [INFO] [WAITING ACK]
[2026-09-02T18:44:33.709+00:00][B] [INFO] [RF TX] type=2 source=0x02 destination=0xFF previousHop=0x02 sequence=583 ackSequence=0 ttl=8 hops=0 payloadSize=13 rssi=0 snr=
[2026-09-02T18:44:33.710+00:00][B] [INFO] Heartbeat packet sent
[2026-09-02T18:44:33.838+00:00][B] [INFO] [RF RX] type=2 source=0x01 destination=0xFF previousHop=0x01 sequence=1063 ackSequence=0 ttl=8 hops=0 payloadSize=13 rssi=-60 s
[2026-09-02T18:44:34.685+00:00][B] [WARN] Retry 1
[2026-09-02T18:44:34.753+00:00][B] [INFO] --------------------------------
[2026-09-02T18:44:34.754+00:00][B] [INFO] [HEARTBEAT TX]
[2026-09-02T18:44:34.757+00:00][B] [INFO] Node ID: 2
[2026-09-02T18:44:34.758+00:00][B] [INFO] type: 2
[2026-09-02T18:44:34.758+00:00][B] [INFO] Destination: 0xFF
[2026-09-02T18:44:34.763+00:00][B] [INFO] Sequence: 583
[2026-09-02T18:44:34.763+00:00][B] [INFO] Packet ID: 298
[2026-09-02T18:44:34.768+00:00][B] [INFO] Packet Size: 26
[2026-09-02T18:44:34.769+00:00][B] [INFO] Timestamp: 298 ms
[2026-09-02T18:44:34.773+00:00][B] [INFO] Transmission Result: success
[2026-09-02T18:44:34.775+00:00][B] [INFO] --------------------------------
[2026-09-02T18:44:34.779+00:00][B] [INFO] [Heartbeat #298]
[2026-09-02T18:44:34.779+00:00][B] [INFO] Sent
[2026-09-02T18:44:34.780+00:00][B] [INFO] Waiting ACK...
[2026-09-02T18:44:34.780+00:00][B] [INFO] [WAITING ACK]
[2026-09-02T18:44:34.793+00:00][B] [INFO] [RF TX] type=2 source=0x02 destination=0xFF previousHop=0x02 sequence=583 ackSequence=0 ttl=8 hops=0 payloadSize=13 rssi=0 snr=
[2026-09-02T18:44:34.794+00:00][B] [INFO] Heartbeat packet sent
[2026-09-02T18:44:35.668+00:00][B] [INFO] --------------------------------
[2026-09-02T18:44:35.668+00:00][B] [INFO] [HEARTBEAT TX]
[2026-09-02T18:44:35.673+00:00][B] [INFO] Node ID: 2
[2026-09-02T18:44:35.673+00:00][B] [INFO] type: 2
[2026-09-02T18:44:35.674+00:00][B] [INFO] Destination: 0xFF
[2026-09-02T18:44:35.679+00:00][B] [INFO] Sequence: 584
[2026-09-02T18:44:35.679+00:00][B] [INFO] Packet ID: 299
[2026-09-02T18:44:35.684+00:00][B] [INFO] Packet Size: 26
[2026-09-02T18:44:35.684+00:00][B] [INFO] Timestamp: 299 ms
[2026-09-02T18:44:35.689+00:00][B] [INFO] Transmission Result: success
[2026-09-02T18:44:35.690+00:00][B] [INFO] --------------------------------
[2026-09-02T18:44:35.695+00:00][B] [INFO] [Heartbeat #299]
[2026-09-02T18:44:35.695+00:00][B] [INFO] Sent
[2026-09-02T18:44:35.696+00:00][B] [INFO] Waiting ACK...
[2026-09-02T18:44:35.696+00:00][B] [INFO] [WAITING ACK]
[2026-09-02T18:44:35.709+00:00][B] [INFO] [RF TX] type=2 source=0x02 destination=0xFF previousHop=0x02 sequence=584 ackSequence=0 ttl=8 hops=0 payloadSize=13 rssi=0 snr=
[2026-09-02T18:44:35.710+00:00][B] [INFO] Heartbeat packet sent
[2026-09-02T18:44:35.838+00:00][B] [INFO] [RF RX] type=2 source=0x01 destination=0xFF previousHop=0x01 sequence=1064 ackSequence=0 ttl=8 hops=0 payloadSize=13 rssi=-61 s
[2026-09-02T18:44:36.685+00:00][B] [WARN] Retry 1
[2026-09-02T18:44:36.752+00:00][B] [INFO] --------------------------------
[2026-09-02T18:44:36.752+00:00][B] [INFO] [HEARTBEAT TX]
[2026-09-02T18:44:36.757+00:00][B] [INFO] Node ID: 2
[2026-09-02T18:44:36.757+00:00][B] [INFO] type: 2
[2026-09-02T18:44:36.757+00:00][B] [INFO] Destination: 0xFF
[2026-09-02T18:44:36.763+00:00][B] [INFO] Sequence: 584
[2026-09-02T18:44:36.763+00:00][B] [INFO] Packet ID: 299
[2026-09-02T18:44:36.768+00:00][B] [INFO] Packet Size: 26
[2026-09-02T18:44:36.769+00:00][B] [INFO] Timestamp: 299 ms
[2026-09-02T18:44:36.773+00:00][B] [INFO] Transmission Result: success
[2026-09-02T18:44:36.775+00:00][B] [INFO] --------------------------------
[2026-09-02T18:44:36.779+00:00][B] [INFO] [Heartbeat #299]
[2026-09-02T18:44:36.780+00:00][B] [INFO] Sent
[2026-09-02T18:44:36.780+00:00][B] [INFO] Waiting ACK...
[2026-09-02T18:44:36.780+00:00][B] [INFO] [WAITING ACK]
[2026-09-02T18:44:36.793+00:00][B] [INFO] [RF TX] type=2 source=0x02 destination=0xFF previousHop=0x02 sequence=584 ackSequence=0 ttl=8 hops=0 payloadSize=13 rssi=0 snr=
[2026-09-02T18:44:36.794+00:00][B] [INFO] Heartbeat packet sent
[2026-09-02T18:44:37.668+00:00][B] [INFO] --------------------------------
[2026-09-02T18:44:37.668+00:00][B] [INFO] [HEARTBEAT TX]
[2026-09-02T18:44:37.673+00:00][B] [INFO] Node ID: 2
[2026-09-02T18:44:37.673+00:00][B] [INFO] type: 2
[2026-09-02T18:44:37.673+00:00][B] [INFO] Destination: 0xFF
[2026-09-02T18:44:37.678+00:00][B] [INFO] Sequence: 585
[2026-09-02T18:44:37.679+00:00][B] [INFO] Packet ID: 300
[2026-09-02T18:44:37.684+00:00][B] [INFO] Packet Size: 26
[2026-09-02T18:44:37.684+00:00][B] [INFO] Timestamp: 300 ms
[2026-09-02T18:44:37.689+00:00][B] [INFO] Transmission Result: success
[2026-09-02T18:44:37.690+00:00][B] [INFO] --------------------------------
[2026-09-02T18:44:37.695+00:00][B] [INFO] [Heartbeat #300]
[2026-09-02T18:44:37.695+00:00][B] [INFO] Sent
[2026-09-02T18:44:37.696+00:00][B] [INFO] Waiting ACK...
[2026-09-02T18:44:37.696+00:00][B] [INFO] [WAITING ACK]
[2026-09-02T18:44:37.709+00:00][B] [INFO] [RF TX] type=2 source=0x02 destination=0xFF previousHop=0x02 sequence=585 ackSequence=0 ttl=8 hops=0 payloadSize=13 rssi=0 snr=
[2026-09-02T18:44:37.710+00:00][B] [INFO] Heartbeat packet sent
[2026-09-02T18:44:37.838+00:00][B] [INFO] [RF RX] type=2 source=0x01 destination=0xFF previousHop=0x01 sequence=1065 ackSequence=0 ttl=8 hops=0 payloadSize=13 rssi=-61 s
[2026-09-02T18:44:38.685+00:00][B] [WARN] Retry 1
[2026-09-02T18:44:38.753+00:00][B] [INFO] --------------------------------
[2026-09-02T18:44:38.753+00:00][B] [INFO] [HEARTBEAT TX]
[2026-09-02T18:44:38.757+00:00][B] [INFO] Node ID: 2
[2026-09-02T18:44:38.758+00:00][B] [INFO] type: 2
[2026-09-02T18:44:38.758+00:00][B] [INFO] Destination: 0xFF
[2026-09-02T18:44:38.763+00:00][B] [INFO] Sequence: 585
[2026-09-02T18:44:38.764+00:00][B] [INFO] Packet ID: 300
[2026-09-02T18:44:38.768+00:00][B] [INFO] Packet Size: 26
[2026-09-02T18:44:38.769+00:00][B] [INFO] Timestamp: 300 ms
[2026-09-02T18:44:38.773+00:00][B] [INFO] Transmission Result: success
[2026-09-02T18:44:38.775+00:00][B] [INFO] --------------------------------
[2026-09-02T18:44:38.779+00:00][B] [INFO] [Heartbeat #300]
[2026-09-02T18:44:38.780+00:00][B] [INFO] Sent
[2026-09-02T18:44:38.780+00:00][B] [INFO] Waiting ACK...
[2026-09-02T18:44:38.780+00:00][B] [INFO] [WAITING ACK]
[2026-09-02T18:44:38.793+00:00][B] [INFO] [RF TX] type=2 source=0x02 destination=0xFF previousHop=0x02 sequence=585 ackSequence=0 ttl=8 hops=0 payloadSize=13 rssi=0 snr=
[2026-09-02T18:44:38.794+00:00][B] [INFO] Heartbeat packet sent
[2026-09-02T18:44:39.668+00:00][B] [INFO] --------------------------------
[2026-09-02T18:44:39.669+00:00][B] [INFO] [HEARTBEAT TX]
[2026-09-02T18:44:39.673+00:00][B] [INFO] Node ID: 2
[2026-09-02T18:44:39.673+00:00][B] [INFO] type: 2
[2026-09-02T18:44:39.673+00:00][B] [INFO] Destination: 0xFF
[2026-09-02T18:44:39.678+00:00][B] [INFO] Sequence: 586
[2026-09-02T18:44:39.679+00:00][B] [INFO] Packet ID: 301
[2026-09-02T18:44:39.684+00:00][B] [INFO] Packet Size: 26
[2026-09-02T18:44:39.684+00:00][B] [INFO] Timestamp: 301 ms
[2026-09-02T18:44:39.689+00:00][B] [INFO] Transmission Result: success
[2026-09-02T18:44:39.690+00:00][B] [INFO] --------------------------------
[2026-09-02T18:44:39.695+00:00][B] [INFO] [Heartbeat #301]
[2026-09-02T18:44:39.695+00:00][B] [INFO] Sent
[2026-09-02T18:44:39.696+00:00][B] [INFO] Waiting ACK...
[2026-09-02T18:44:39.696+00:00][B] [INFO] [WAITING ACK]
[2026-09-02T18:44:39.709+00:00][B] [INFO] [RF TX] type=2 source=0x02 destination=0xFF previousHop=0x02 sequence=586 ackSequence=0 ttl=8 hops=0 payloadSize=13 rssi=0 snr=
[2026-09-02T18:44:39.710+00:00][B] [INFO] Heartbeat packet sent
[2026-09-02T18:44:39.838+00:00][B] [INFO] [RF RX] type=2 source=0x01 destination=0xFF previousHop=0x01 sequence=1066 ackSequence=0 ttl=8 hops=0 payloadSize=13 rssi=-61 s
[2026-09-02T18:44:40.685+00:00][B] [WARN] Retry 1
[2026-09-02T18:44:40.753+00:00][B] [INFO] --------------------------------
[2026-09-02T18:44:40.754+00:00][B] [INFO] [HEARTBEAT TX]
[2026-09-02T18:44:40.757+00:00][B] [INFO] Node ID: 2
[2026-09-02T18:44:40.757+00:00][B] [INFO] type: 2
[2026-09-02T18:44:40.758+00:00][B] [INFO] Destination: 0xFF
[2026-09-02T18:44:40.764+00:00][B] [INFO] Sequence: 586
[2026-09-02T18:44:40.765+00:00][B] [INFO] Packet ID: 301
[2026-09-02T18:44:40.768+00:00][B] [INFO] Packet Size: 26
[2026-09-02T18:44:40.769+00:00][B] [INFO] Timestamp: 301 ms
[2026-09-02T18:44:40.773+00:00][B] [INFO] Transmission Result: success
[2026-09-02T18:44:40.774+00:00][B] [INFO] --------------------------------
[2026-09-02T18:44:40.779+00:00][B] [INFO] [Heartbeat #301]
[2026-09-02T18:44:40.779+00:00][B] [INFO] Sent
[2026-09-02T18:44:40.780+00:00][B] [INFO] Waiting ACK...
[2026-09-02T18:44:40.780+00:00][B] [INFO] [WAITING ACK]
[2026-09-02T18:44:40.793+00:00][B] [INFO] [RF TX] type=2 source=0x02 destination=0xFF previousHop=0x02 sequence=586 ackSequence=0 ttl=8 hops=0 payloadSize=13 rssi=0 snr=
[2026-09-02T18:44:40.794+00:00][B] [INFO] Heartbeat packet sent
[2026-09-02T18:44:41.668+00:00][B] [INFO] --------------------------------
[2026-09-02T18:44:41.668+00:00][B] [INFO] [HEARTBEAT TX]
[2026-09-02T18:44:41.673+00:00][B] [INFO] Node ID: 2
[2026-09-02T18:44:41.673+00:00][B] [INFO] type: 2
[2026-09-02T18:44:41.674+00:00][B] [INFO] Destination: 0xFF
[2026-09-02T18:44:41.678+00:00][B] [INFO] Sequence: 587
[2026-09-02T18:44:41.679+00:00][B] [INFO] Packet ID: 302
[2026-09-02T18:44:41.684+00:00][B] [INFO] Packet Size: 26
[2026-09-02T18:44:41.685+00:00][B] [INFO] Timestamp: 302 ms
[2026-09-02T18:44:41.689+00:00][B] [INFO] Transmission Result: success
[2026-09-02T18:44:41.690+00:00][B] [INFO] --------------------------------
[2026-09-02T18:44:41.695+00:00][B] [INFO] [Heartbeat #302]
[2026-09-02T18:44:41.695+00:00][B] [INFO] Sent
[2026-09-02T18:44:41.696+00:00][B] [INFO] Waiting ACK...
[2026-09-02T18:44:41.696+00:00][B] [INFO] [WAITING ACK]
[2026-09-02T18:44:41.709+00:00][B] [INFO] [RF TX] type=2 source=0x02 destination=0xFF previousHop=0x02 sequence=587 ackSequence=0 ttl=8 hops=0 payloadSize=13 rssi=0 snr=
[2026-09-02T18:44:41.710+00:00][B] [INFO] Heartbeat packet sent
[2026-09-02T18:44:41.838+00:00][B] [INFO] [RF RX] type=2 source=0x01 destination=0xFF previousHop=0x01 sequence=1067 ackSequence=0 ttl=8 hops=0 payloadSize=13 rssi=-61 s
[2026-09-02T18:44:42.685+00:00][B] [WARN] Retry 1
[2026-09-02T18:44:42.753+00:00][B] [INFO] --------------------------------
[2026-09-02T18:44:42.754+00:00][B] [INFO] [HEARTBEAT TX]
[2026-09-02T18:44:42.757+00:00][B] [INFO] Node ID: 2
[2026-09-02T18:44:42.757+00:00][B] [INFO] type: 2
[2026-09-02T18:44:42.758+00:00][B] [INFO] Destination: 0xFF
[2026-09-02T18:44:42.763+00:00][B] [INFO] Sequence: 587
[2026-09-02T18:44:42.764+00:00][B] [INFO] Packet ID: 302
[2026-09-02T18:44:42.768+00:00][B] [INFO] Packet Size: 26
[2026-09-02T18:44:42.769+00:00][B] [INFO] Timestamp: 302 ms
[2026-09-02T18:44:42.773+00:00][B] [INFO] Transmission Result: success
[2026-09-02T18:44:42.775+00:00][B] [INFO] --------------------------------
[2026-09-02T18:44:42.779+00:00][B] [INFO] [Heartbeat #302]
[2026-09-02T18:44:42.779+00:00][B] [INFO] Sent
[2026-09-02T18:44:42.780+00:00][B] [INFO] Waiting ACK...
[2026-09-02T18:44:42.780+00:00][B] [INFO] [WAITING ACK]
[2026-09-02T18:44:42.793+00:00][B] [INFO] [RF TX] type=2 source=0x02 destination=0xFF previousHop=0x02 sequence=587 ackSequence=0 ttl=8 hops=0 payloadSize=13 rssi=0 snr=
[2026-09-02T18:44:42.794+00:00][B] [INFO] Heartbeat packet sent
[2026-09-02T18:44:43.667+00:00][B] [INFO] --------------------------------
[2026-09-02T18:44:43.667+00:00][B] [INFO] [HEARTBEAT TX]
[2026-09-02T18:44:43.673+00:00][B] [INFO] Node ID: 2
[2026-09-02T18:44:43.673+00:00][B] [INFO] type: 2
[2026-09-02T18:44:43.673+00:00][B] [INFO] Destination: 0xFF
[2026-09-02T18:44:43.678+00:00][B] [INFO] Sequence: 588
[2026-09-02T18:44:43.678+00:00][B] [INFO] Packet ID: 303
[2026-09-02T18:44:43.684+00:00][B] [INFO] Packet Size: 26
[2026-09-02T18:44:43.684+00:00][B] [INFO] Timestamp: 303 ms
[2026-09-02T18:44:43.689+00:00][B] [INFO] Transmission Result: success
[2026-09-02T18:44:43.689+00:00][B] [INFO] --------------------------------
[2026-09-02T18:44:43.695+00:00][B] [INFO] [Heartbeat #303]
[2026-09-02T18:44:43.695+00:00][B] [INFO] Sent
[2026-09-02T18:44:43.695+00:00][B] [INFO] Waiting ACK...
[2026-09-02T18:44:43.695+00:00][B] [INFO] [WAITING ACK]
[2026-09-02T18:44:43.709+00:00][B] [INFO] [RF TX] type=2 source=0x02 destination=0xFF previousHop=0x02 sequence=588 ackSequence=0 ttl=8 hops=0 payloadSize=13 rssi=0 snr=
[2026-09-02T18:44:43.709+00:00][B] [INFO] Heartbeat packet sent
[2026-09-02T18:44:43.838+00:00][B] [INFO] [RF RX] type=2 source=0x01 destination=0xFF previousHop=0x01 sequence=1068 ackSequence=0 ttl=8 hops=0 payloadSize=13 rssi=-61 s
[2026-09-02T18:44:44.685+00:00][B] [WARN] Retry 1
[2026-09-02T18:44:44.753+00:00][B] [INFO] --------------------------------
[2026-09-02T18:44:44.754+00:00][B] [INFO] [HEARTBEAT TX]
[2026-09-02T18:44:44.757+00:00][B] [INFO] Node ID: 2
[2026-09-02T18:44:44.757+00:00][B] [INFO] type: 2
[2026-09-02T18:44:44.757+00:00][B] [INFO] Destination: 0xFF
[2026-09-02T18:44:44.763+00:00][B] [INFO] Sequence: 588
[2026-09-02T18:44:44.764+00:00][B] [INFO] Packet ID: 303
[2026-09-02T18:44:44.768+00:00][B] [INFO] Packet Size: 26
[2026-09-02T18:44:44.768+00:00][B] [INFO] Timestamp: 303 ms
[2026-09-02T18:44:44.773+00:00][B] [INFO] Transmission Result: success
[2026-09-02T18:44:44.774+00:00][B] [INFO] --------------------------------
[2026-09-02T18:44:44.779+00:00][B] [INFO] [Heartbeat #303]
[2026-09-02T18:44:44.780+00:00][B] [INFO] Sent
[2026-09-02T18:44:44.780+00:00][B] [INFO] Waiting ACK...
[2026-09-02T18:44:44.780+00:00][B] [INFO] [WAITING ACK]
[2026-09-02T18:44:44.793+00:00][B] [INFO] [RF TX] type=2 source=0x02 destination=0xFF previousHop=0x02 sequence=588 ackSequence=0 ttl=8 hops=0 payloadSize=13 rssi=0 snr=
[2026-09-02T18:44:44.794+00:00][B] [INFO] Heartbeat packet sent
[2026-09-02T18:44:45.668+00:00][B] [INFO] --------------------------------
[2026-09-02T18:44:45.668+00:00][B] [INFO] [HEARTBEAT TX]
[2026-09-02T18:44:45.673+00:00][B] [INFO] Node ID: 2
[2026-09-02T18:44:45.673+00:00][B] [INFO] type: 2
[2026-09-02T18:44:45.673+00:00][B] [INFO] Destination: 0xFF
[2026-09-02T18:44:45.678+00:00][B] [INFO] Sequence: 589
[2026-09-02T18:44:45.679+00:00][B] [INFO] Packet ID: 304
[2026-09-02T18:44:45.684+00:00][B] [INFO] Packet Size: 26
[2026-09-02T18:44:45.684+00:00][B] [INFO] Timestamp: 304 ms
[2026-09-02T18:44:45.689+00:00][B] [INFO] Transmission Result: success
[2026-09-02T18:44:45.690+00:00][B] [INFO] --------------------------------
[2026-09-02T18:44:45.695+00:00][B] [INFO] [Heartbeat #304]
[2026-09-02T18:44:45.695+00:00][B] [INFO] Sent
[2026-09-02T18:44:45.696+00:00][B] [INFO] Waiting ACK...
[2026-09-02T18:44:45.696+00:00][B] [INFO] [WAITING ACK]
[2026-09-02T18:44:45.709+00:00][B] [INFO] [RF TX] type=2 source=0x02 destination=0xFF previousHop=0x02 sequence=589 ackSequence=0 ttl=8 hops=0 payloadSize=13 rssi=0 snr=
[2026-09-02T18:44:45.709+00:00][B] [INFO] Heartbeat packet sent
[2026-09-02T18:44:45.837+00:00][B] [INFO] [RF RX] type=2 source=0x01 destination=0xFF previousHop=0x01 sequence=1069 ackSequence=0 ttl=8 hops=0 payloadSize=13 rssi=-60 s
[2026-09-02T18:44:46.685+00:00][B] [WARN] Retry 1
[2026-09-02T18:44:46.753+00:00][B] [INFO] --------------------------------
[2026-09-02T18:44:46.754+00:00][B] [INFO] [HEARTBEAT TX]
[2026-09-02T18:44:46.757+00:00][B] [INFO] Node ID: 2
[2026-09-02T18:44:46.757+00:00][B] [INFO] type: 2
[2026-09-02T18:44:46.758+00:00][B] [INFO] Destination: 0xFF
[2026-09-02T18:44:46.763+00:00][B] [INFO] Sequence: 589
[2026-09-02T18:44:46.764+00:00][B] [INFO] Packet ID: 304
[2026-09-02T18:44:46.768+00:00][B] [INFO] Packet Size: 26
[2026-09-02T18:44:46.769+00:00][B] [INFO] Timestamp: 304 ms
[2026-09-02T18:44:46.773+00:00][B] [INFO] Transmission Result: success
[2026-09-02T18:44:46.774+00:00][B] [INFO] --------------------------------
[2026-09-02T18:44:46.779+00:00][B] [INFO] [Heartbeat #304]
[2026-09-02T18:44:46.779+00:00][B] [INFO] Sent
[2026-09-02T18:44:46.780+00:00][B] [INFO] Waiting ACK...
[2026-09-02T18:44:46.780+00:00][B] [INFO] [WAITING ACK]
[2026-09-02T18:44:46.793+00:00][B] [INFO] [RF TX] type=2 source=0x02 destination=0xFF previousHop=0x02 sequence=589 ackSequence=0 ttl=8 hops=0 payloadSize=13 rssi=0 snr=
[2026-09-02T18:44:46.794+00:00][B] [INFO] Heartbeat packet sent
[2026-09-02T18:44:47.667+00:00][B] [INFO] --------------------------------
[2026-09-02T18:44:47.668+00:00][B] [INFO] [HEARTBEAT TX]
[2026-09-02T18:44:47.673+00:00][B] [INFO] Node ID: 2
[2026-09-02T18:44:47.673+00:00][B] [INFO] type: 2
[2026-09-02T18:44:47.673+00:00][B] [INFO] Destination: 0xFF
[2026-09-02T18:44:47.678+00:00][B] [INFO] Sequence: 590
[2026-09-02T18:44:47.679+00:00][B] [INFO] Packet ID: 305
[2026-09-02T18:44:47.684+00:00][B] [INFO] Packet Size: 26
[2026-09-02T18:44:47.684+00:00][B] [INFO] Timestamp: 305 ms
[2026-09-02T18:44:47.689+00:00][B] [INFO] Transmission Result: success
[2026-09-02T18:44:47.690+00:00][B] [INFO] --------------------------------
[2026-09-02T18:44:47.695+00:00][B] [INFO] [Heartbeat #305]
[2026-09-02T18:44:47.695+00:00][B] [INFO] Sent
[2026-09-02T18:44:47.695+00:00][B] [INFO] Waiting ACK...
[2026-09-02T18:44:47.696+00:00][B] [INFO] [WAITING ACK]
[2026-09-02T18:44:47.709+00:00][B] [INFO] [RF TX] type=2 source=0x02 destination=0xFF previousHop=0x02 sequence=590 ackSequence=0 ttl=8 hops=0 payloadSize=13 rssi=0 snr=
[2026-09-02T18:44:47.709+00:00][B] [INFO] Heartbeat packet sent
[2026-09-02T18:44:47.838+00:00][B] [INFO] [RF RX] type=2 source=0x01 destination=0xFF previousHop=0x01 sequence=1070 ackSequence=0 ttl=8 hops=0 payloadSize=13 rssi=-61 s
[2026-09-02T18:44:48.683+00:00][B] [WARN] Retry 1
[2026-09-02T18:44:48.754+00:00][B] [INFO] --------------------------------
[2026-09-02T18:44:48.755+00:00][B] [INFO] [HEARTBEAT TX]
[2026-09-02T18:44:48.756+00:00][B] [INFO] Node ID: 2
[2026-09-02T18:44:48.756+00:00][B] [INFO] type: 2
[2026-09-02T18:44:48.757+00:00][B] [INFO] Destination: 0xFF
[2026-09-02T18:44:48.761+00:00][B] [INFO] Sequence: 590
[2026-09-02T18:44:48.762+00:00][B] [INFO] Packet ID: 305
[2026-09-02T18:44:48.767+00:00][B] [INFO] Packet Size: 26
[2026-09-02T18:44:48.767+00:00][B] [INFO] Timestamp: 305 ms
[2026-09-02T18:44:48.772+00:00][B] [INFO] Transmission Result: success
[2026-09-02T18:44:48.773+00:00][B] [INFO] --------------------------------
[2026-09-02T18:44:48.778+00:00][B] [INFO] [Heartbeat #305]
[2026-09-02T18:44:48.778+00:00][B] [INFO] Sent
[2026-09-02T18:44:48.779+00:00][B] [INFO] Waiting ACK...
[2026-09-02T18:44:48.779+00:00][B] [INFO] [WAITING ACK]
[2026-09-02T18:44:48.792+00:00][B] [INFO] [RF TX] type=2 source=0x02 destination=0xFF previousHop=0x02 sequence=590 ackSequence=0 ttl=8 hops=0 payloadSize=13 rssi=0 snr=
[2026-09-02T18:44:48.792+00:00][B] [INFO] Heartbeat packet sent
[2026-09-02T18:44:49.669+00:00][B] [INFO] --------------------------------
[2026-09-02T18:44:49.670+00:00][B] [INFO] [HEARTBEAT TX]
[2026-09-02T18:44:49.673+00:00][B] [INFO] Node ID: 2
[2026-09-02T18:44:49.673+00:00][B] [INFO] type: 2
[2026-09-02T18:44:49.673+00:00][B] [INFO] Destination: 0xFF
[2026-09-02T18:44:49.678+00:00][B] [INFO] Sequence: 591
[2026-09-02T18:44:49.679+00:00][B] [INFO] Packet ID: 306
[2026-09-02T18:44:49.684+00:00][B] [INFO] Packet Size: 26
[2026-09-02T18:44:49.684+00:00][B] [INFO] Timestamp: 306 ms
[2026-09-02T18:44:49.689+00:00][B] [INFO] Transmission Result: success
[2026-09-02T18:44:49.690+00:00][B] [INFO] --------------------------------
[2026-09-02T18:44:49.695+00:00][B] [INFO] [Heartbeat #306]
[2026-09-02T18:44:49.695+00:00][B] [INFO] Sent
[2026-09-02T18:44:49.695+00:00][B] [INFO] Waiting ACK...
[2026-09-02T18:44:49.695+00:00][B] [INFO] [WAITING ACK]
[2026-09-02T18:44:49.709+00:00][B] [INFO] [RF TX] type=2 source=0x02 destination=0xFF previousHop=0x02 sequence=591 ackSequence=0 ttl=8 hops=0 payloadSize=13 rssi=0 snr=
[2026-09-02T18:44:49.710+00:00][B] [INFO] Heartbeat packet sent
[2026-09-02T18:44:49.837+00:00][B] [INFO] [RF RX] type=2 source=0x01 destination=0xFF previousHop=0x01 sequence=1071 ackSequence=0 ttl=8 hops=0 payloadSize=13 rssi=-60 s
[2026-09-02T18:44:50.685+00:00][B] [WARN] Retry 1
[2026-09-02T18:44:50.753+00:00][B] [INFO] --------------------------------
[2026-09-02T18:44:50.753+00:00][B] [INFO] [HEARTBEAT TX]
[2026-09-02T18:44:50.757+00:00][B] [INFO] Node ID: 2
[2026-09-02T18:44:50.757+00:00][B] [INFO] type: 2
[2026-09-02T18:44:50.758+00:00][B] [INFO] Destination: 0xFF
[2026-09-02T18:44:50.763+00:00][B] [INFO] Sequence: 591
[2026-09-02T18:44:50.763+00:00][B] [INFO] Packet ID: 306
[2026-09-02T18:44:50.768+00:00][B] [INFO] Packet Size: 26
[2026-09-02T18:44:50.769+00:00][B] [INFO] Timestamp: 306 ms
[2026-09-02T18:44:50.773+00:00][B] [INFO] Transmission Result: success
[2026-09-02T18:44:50.774+00:00][B] [INFO] --------------------------------
[2026-09-02T18:44:50.779+00:00][B] [INFO] [Heartbeat #306]
[2026-09-02T18:44:50.779+00:00][B] [INFO] Sent
[2026-09-02T18:44:50.779+00:00][B] [INFO] Waiting ACK...
[2026-09-02T18:44:50.780+00:00][B] [INFO] [WAITING ACK]
[2026-09-02T18:44:50.793+00:00][B] [INFO] [RF TX] type=2 source=0x02 destination=0xFF previousHop=0x02 sequence=591 ackSequence=0 ttl=8 hops=0 payloadSize=13 rssi=0 snr=
[2026-09-02T18:44:50.793+00:00][B] [INFO] Heartbeat packet sent
[2026-09-02T18:44:51.668+00:00][B] [INFO] --------------------------------
[2026-09-02T18:44:51.668+00:00][B] [INFO] [HEARTBEAT TX]
[2026-09-02T18:44:51.673+00:00][B] [INFO] Node ID: 2
[2026-09-02T18:44:51.673+00:00][B] [INFO] type: 2
[2026-09-02T18:44:51.673+00:00][B] [INFO] Destination: 0xFF
[2026-09-02T18:44:51.678+00:00][B] [INFO] Sequence: 592
[2026-09-02T18:44:51.679+00:00][B] [INFO] Packet ID: 307
[2026-09-02T18:44:51.684+00:00][B] [INFO] Packet Size: 26
[2026-09-02T18:44:51.684+00:00][B] [INFO] Timestamp: 307 ms
[2026-09-02T18:44:51.689+00:00][B] [INFO] Transmission Result: success
[2026-09-02T18:44:51.690+00:00][B] [INFO] --------------------------------
[2026-09-02T18:44:51.695+00:00][B] [INFO] [Heartbeat #307]
[2026-09-02T18:44:51.695+00:00][B] [INFO] Sent
[2026-09-02T18:44:51.695+00:00][B] [INFO] Waiting ACK...
[2026-09-02T18:44:51.696+00:00][B] [INFO] [WAITING ACK]
[2026-09-02T18:44:51.709+00:00][B] [INFO] [RF TX] type=2 source=0x02 destination=0xFF previousHop=0x02 sequence=592 ackSequence=0 ttl=8 hops=0 payloadSize=13 rssi=0 snr=
[2026-09-02T18:44:51.709+00:00][B] [INFO] Heartbeat packet sent
[2026-09-02T18:44:51.837+00:00][B] [INFO] [RF RX] type=2 source=0x01 destination=0xFF previousHop=0x01 sequence=1072 ackSequence=0 ttl=8 hops=0 payloadSize=13 rssi=-61 s
[2026-09-02T18:44:52.685+00:00][B] [WARN] Retry 1
[2026-09-02T18:44:52.753+00:00][B] [INFO] --------------------------------
[2026-09-02T18:44:52.754+00:00][B] [INFO] [HEARTBEAT TX]
[2026-09-02T18:44:52.757+00:00][B] [INFO] Node ID: 2
[2026-09-02T18:44:52.757+00:00][B] [INFO] type: 2
[2026-09-02T18:44:52.757+00:00][B] [INFO] Destination: 0xFF
[2026-09-02T18:44:52.763+00:00][B] [INFO] Sequence: 592
[2026-09-02T18:44:52.764+00:00][B] [INFO] Packet ID: 307
[2026-09-02T18:44:52.768+00:00][B] [INFO] Packet Size: 26
[2026-09-02T18:44:52.769+00:00][B] [INFO] Timestamp: 307 ms
[2026-09-02T18:44:52.773+00:00][B] [INFO] Transmission Result: success
[2026-09-02T18:44:52.774+00:00][B] [INFO] --------------------------------
[2026-09-02T18:44:52.779+00:00][B] [INFO] [Heartbeat #307]
[2026-09-02T18:44:52.780+00:00][B] [INFO] Sent
[2026-09-02T18:44:52.780+00:00][B] [INFO] Waiting ACK...
[2026-09-02T18:44:52.780+00:00][B] [INFO] [WAITING ACK]
[2026-09-02T18:44:52.793+00:00][B] [INFO] [RF TX] type=2 source=0x02 destination=0xFF previousHop=0x02 sequence=592 ackSequence=0 ttl=8 hops=0 payloadSize=13 rssi=0 snr=
[2026-09-02T18:44:52.793+00:00][B] [INFO] Heartbeat packet sent
[2026-09-02T18:44:53.667+00:00][B] [INFO] --------------------------------
[2026-09-02T18:44:53.669+00:00][B] [INFO] [HEARTBEAT TX]
[2026-09-02T18:44:53.672+00:00][B] [INFO] Node ID: 2
[2026-09-02T18:44:53.673+00:00][B] [INFO] type: 2
[2026-09-02T18:44:53.673+00:00][B] [INFO] Destination: 0xFF
[2026-09-02T18:44:53.678+00:00][B] [INFO] Sequence: 593
[2026-09-02T18:44:53.678+00:00][B] [INFO] Packet ID: 308
[2026-09-02T18:44:53.683+00:00][B] [INFO] Packet Size: 26
[2026-09-02T18:44:53.684+00:00][B] [INFO] Timestamp: 308 ms
[2026-09-02T18:44:53.689+00:00][B] [INFO] Transmission Result: success
[2026-09-02T18:44:53.689+00:00][B] [INFO] --------------------------------
[2026-09-02T18:44:53.695+00:00][B] [INFO] [Heartbeat #308]
[2026-09-02T18:44:53.695+00:00][B] [INFO] Sent
[2026-09-02T18:44:53.695+00:00][B] [INFO] Waiting ACK...
[2026-09-02T18:44:53.696+00:00][B] [INFO] [WAITING ACK]
[2026-09-02T18:44:53.709+00:00][B] [INFO] [RF TX] type=2 source=0x02 destination=0xFF previousHop=0x02 sequence=593 ackSequence=0 ttl=8 hops=0 payloadSize=13 rssi=0 snr=
[2026-09-02T18:44:53.709+00:00][B] [INFO] Heartbeat packet sent
[2026-09-02T18:44:53.837+00:00][B] [INFO] [RF RX] type=2 source=0x01 destination=0xFF previousHop=0x01 sequence=1073 ackSequence=0 ttl=8 hops=0 payloadSize=13 rssi=-61 s
[2026-09-02T18:44:54.683+00:00][B] [WARN] Retry 1
[2026-09-02T18:44:54.751+00:00][B] [INFO] --------------------------------
[2026-09-02T18:44:54.752+00:00][B] [INFO] [HEARTBEAT TX]
[2026-09-02T18:44:54.756+00:00][B] [INFO] Node ID: 2
[2026-09-02T18:44:54.756+00:00][B] [INFO] type: 2
[2026-09-02T18:44:54.757+00:00][B] [INFO] Destination: 0xFF
[2026-09-02T18:44:54.761+00:00][B] [INFO] Sequence: 593
[2026-09-02T18:44:54.762+00:00][B] [INFO] Packet ID: 308
[2026-09-02T18:44:54.766+00:00][B] [INFO] Packet Size: 26
[2026-09-02T18:44:54.767+00:00][B] [INFO] Timestamp: 308 ms
[2026-09-02T18:44:54.772+00:00][B] [INFO] Transmission Result: success
[2026-09-02T18:44:54.772+00:00][B] [INFO] --------------------------------
[2026-09-02T18:44:54.778+00:00][B] [INFO] [Heartbeat #308]
[2026-09-02T18:44:54.778+00:00][B] [INFO] Sent
[2026-09-02T18:44:54.779+00:00][B] [INFO] Waiting ACK...
[2026-09-02T18:44:54.780+00:00][B] [INFO] [WAITING ACK]
[2026-09-02T18:44:54.792+00:00][B] [INFO] [RF TX] type=2 source=0x02 destination=0xFF previousHop=0x02 sequence=593 ackSequence=0 ttl=8 hops=0 payloadSize=13 rssi=0 snr=
[2026-09-02T18:44:54.792+00:00][B] [INFO] Heartbeat packet sent
[2026-09-02T18:44:55.668+00:00][B] [INFO] --------------------------------
[2026-09-02T18:44:55.668+00:00][B] [INFO] [HEARTBEAT TX]
[2026-09-02T18:44:55.673+00:00][B] [INFO] Node ID: 2
[2026-09-02T18:44:55.673+00:00][B] [INFO] type: 2
[2026-09-02T18:44:55.673+00:00][B] [INFO] Destination: 0xFF
[2026-09-02T18:44:55.678+00:00][B] [INFO] Sequence: 594
[2026-09-02T18:44:55.679+00:00][B] [INFO] Packet ID: 309
[2026-09-02T18:44:55.683+00:00][B] [INFO] Packet Size: 26
[2026-09-02T18:44:55.684+00:00][B] [INFO] Timestamp: 309 ms
[2026-09-02T18:44:55.689+00:00][B] [INFO] Transmission Result: success
[2026-09-02T18:44:55.690+00:00][B] [INFO] --------------------------------
[2026-09-02T18:44:55.695+00:00][B] [INFO] [Heartbeat #309]
[2026-09-02T18:44:55.695+00:00][B] [INFO] Sent
[2026-09-02T18:44:55.695+00:00][B] [INFO] Waiting ACK...
[2026-09-02T18:44:55.696+00:00][B] [INFO] [WAITING ACK]
[2026-09-02T18:44:55.709+00:00][B] [INFO] [RF TX] type=2 source=0x02 destination=0xFF previousHop=0x02 sequence=594 ackSequence=0 ttl=8 hops=0 payloadSize=13 rssi=0 snr=
[2026-09-02T18:44:55.710+00:00][B] [INFO] Heartbeat packet sent
[2026-09-02T18:44:55.837+00:00][B] [INFO] [RF RX] type=2 source=0x01 destination=0xFF previousHop=0x01 sequence=1074 ackSequence=0 ttl=8 hops=0 payloadSize=13 rssi=-60 s
[2026-09-02T18:44:56.684+00:00][B] [WARN] Retry 1
[2026-09-02T18:44:56.751+00:00][B] [INFO] --------------------------------
[2026-09-02T18:44:56.752+00:00][B] [INFO] [HEARTBEAT TX]
[2026-09-02T18:44:56.757+00:00][B] [INFO] Node ID: 2
[2026-09-02T18:44:56.757+00:00][B] [INFO] type: 2
[2026-09-02T18:44:56.757+00:00][B] [INFO] Destination: 0xFF
[2026-09-02T18:44:56.762+00:00][B] [INFO] Sequence: 594
[2026-09-02T18:44:56.763+00:00][B] [INFO] Packet ID: 309
[2026-09-02T18:44:56.767+00:00][B] [INFO] Packet Size: 26
[2026-09-02T18:44:56.768+00:00][B] [INFO] Timestamp: 309 ms
[2026-09-02T18:44:56.773+00:00][B] [INFO] Transmission Result: success
[2026-09-02T18:44:56.773+00:00][B] [INFO] --------------------------------
[2026-09-02T18:44:56.779+00:00][B] [INFO] [Heartbeat #309]
[2026-09-02T18:44:56.779+00:00][B] [INFO] Sent
[2026-09-02T18:44:56.779+00:00][B] [INFO] Waiting ACK...
[2026-09-02T18:44:56.780+00:00][B] [INFO] [WAITING ACK]
[2026-09-02T18:44:56.793+00:00][B] [INFO] [RF TX] type=2 source=0x02 destination=0xFF previousHop=0x02 sequence=594 ackSequence=0 ttl=8 hops=0 payloadSize=13 rssi=0 snr=
[2026-09-02T18:44:56.794+00:00][B] [INFO] Heartbeat packet sent
[2026-09-02T18:44:57.667+00:00][B] [INFO] --------------------------------
[2026-09-02T18:44:57.668+00:00][B] [INFO] [HEARTBEAT TX]
[2026-09-02T18:44:57.672+00:00][B] [INFO] Node ID: 2
[2026-09-02T18:44:57.673+00:00][B] [INFO] type: 2
[2026-09-02T18:44:57.673+00:00][B] [INFO] Destination: 0xFF
[2026-09-02T18:44:57.678+00:00][B] [INFO] Sequence: 595
[2026-09-02T18:44:57.678+00:00][B] [INFO] Packet ID: 310
[2026-09-02T18:44:57.683+00:00][B] [INFO] Packet Size: 26
[2026-09-02T18:44:57.684+00:00][B] [INFO] Timestamp: 310 ms
[2026-09-02T18:44:57.689+00:00][B] [INFO] Transmission Result: success
[2026-09-02T18:44:57.690+00:00][B] [INFO] --------------------------------
[2026-09-02T18:44:57.694+00:00][B] [INFO] [Heartbeat #310]
[2026-09-02T18:44:57.695+00:00][B] [INFO] Sent
[2026-09-02T18:44:57.695+00:00][B] [INFO] Waiting ACK...
[2026-09-02T18:44:57.696+00:00][B] [INFO] [WAITING ACK]
[2026-09-02T18:44:57.709+00:00][B] [INFO] [RF TX] type=2 source=0x02 destination=0xFF previousHop=0x02 sequence=595 ackSequence=0 ttl=8 hops=0 payloadSize=13 rssi=0 snr=
[2026-09-02T18:44:57.709+00:00][B] [INFO] Heartbeat packet sent
[2026-09-02T18:44:57.837+00:00][B] [INFO] [RF RX] type=2 source=0x01 destination=0xFF previousHop=0x01 sequence=1075 ackSequence=0 ttl=8 hops=0 payloadSize=13 rssi=-61 s
[2026-09-02T18:44:58.684+00:00][B] [WARN] Retry 1
[2026-09-02T18:44:58.752+00:00][B] [INFO] --------------------------------
[2026-09-02T18:44:58.753+00:00][B] [INFO] [HEARTBEAT TX]
[2026-09-02T18:44:58.757+00:00][B] [INFO] Node ID: 2
[2026-09-02T18:44:58.757+00:00][B] [INFO] type: 2
[2026-09-02T18:44:58.758+00:00][B] [INFO] Destination: 0xFF
[2026-09-02T18:44:58.762+00:00][B] [INFO] Sequence: 595
[2026-09-02T18:44:58.763+00:00][B] [INFO] Packet ID: 310
[2026-09-02T18:44:58.767+00:00][B] [INFO] Packet Size: 26
[2026-09-02T18:44:58.768+00:00][B] [INFO] Timestamp: 310 ms
[2026-09-02T18:44:58.773+00:00][B] [INFO] Transmission Result: success
[2026-09-02T18:44:58.774+00:00][B] [INFO] --------------------------------
[2026-09-02T18:44:58.779+00:00][B] [INFO] [Heartbeat #310]
[2026-09-02T18:44:58.779+00:00][B] [INFO] Sent
[2026-09-02T18:44:58.780+00:00][B] [INFO] Waiting ACK...
[2026-09-02T18:44:58.780+00:00][B] [INFO] [WAITING ACK]
[2026-09-02T18:44:58.793+00:00][B] [INFO] [RF TX] type=2 source=0x02 destination=0xFF previousHop=0x02 sequence=595 ackSequence=0 ttl=8 hops=0 payloadSize=13 rssi=0 snr=
[2026-09-02T18:44:58.793+00:00][B] [INFO] Heartbeat packet sent
[2026-09-02T18:44:59.667+00:00][B] [INFO] --------------------------------
[2026-09-02T18:44:59.668+00:00][B] [INFO] [HEARTBEAT TX]
[2026-09-02T18:44:59.672+00:00][B] [INFO] Node ID: 2
[2026-09-02T18:44:59.673+00:00][B] [INFO] type: 2
[2026-09-02T18:44:59.673+00:00][B] [INFO] Destination: 0xFF
[2026-09-02T18:44:59.678+00:00][B] [INFO] Sequence: 596
[2026-09-02T18:44:59.678+00:00][B] [INFO] Packet ID: 311
[2026-09-02T18:44:59.683+00:00][B] [INFO] Packet Size: 26
[2026-09-02T18:44:59.684+00:00][B] [INFO] Timestamp: 311 ms
[2026-09-02T18:44:59.689+00:00][B] [INFO] Transmission Result: success
[2026-09-02T18:44:59.690+00:00][B] [INFO] --------------------------------
[2026-09-02T18:44:59.694+00:00][B] [INFO] [Heartbeat #311]
[2026-09-02T18:44:59.695+00:00][B] [INFO] Sent
[2026-09-02T18:44:59.695+00:00][B] [INFO] Waiting ACK...
[2026-09-02T18:44:59.695+00:00][B] [INFO] [WAITING ACK]
[2026-09-02T18:44:59.709+00:00][B] [INFO] [RF TX] type=2 source=0x02 destination=0xFF previousHop=0x02 sequence=596 ackSequence=0 ttl=8 hops=0 payloadSize=13 rssi=0 snr=
[2026-09-02T18:44:59.709+00:00][B] [INFO] Heartbeat packet sent
[2026-09-02T18:44:59.837+00:00][B] [INFO] [RF RX] type=2 source=0x01 destination=0xFF previousHop=0x01 sequence=1076 ackSequence=0 ttl=8 hops=0 payloadSize=13 rssi=-62 s
[2026-09-02T18:45:00.684+00:00][B] [WARN] Retry 1
[2026-09-02T18:45:00.751+00:00][B] [INFO] --------------------------------
[2026-09-02T18:45:00.751+00:00][B] [INFO] [HEARTBEAT TX]
[2026-09-02T18:45:00.756+00:00][B] [INFO] Node ID: 2
[2026-09-02T18:45:00.756+00:00][B] [INFO] type: 2
[2026-09-02T18:45:00.756+00:00][B] [INFO] Destination: 0xFF
[2026-09-02T18:45:00.762+00:00][B] [INFO] Sequence: 596
[2026-09-02T18:45:00.762+00:00][B] [INFO] Packet ID: 311
[2026-09-02T18:45:00.767+00:00][B] [INFO] Packet Size: 26
[2026-09-02T18:45:00.767+00:00][B] [INFO] Timestamp: 311 ms
[2026-09-02T18:45:00.773+00:00][B] [INFO] Transmission Result: success
[2026-09-02T18:45:00.773+00:00][B] [INFO] --------------------------------
[2026-09-02T18:45:00.778+00:00][B] [INFO] [Heartbeat #311]
[2026-09-02T18:45:00.778+00:00][B] [INFO] Sent
[2026-09-02T18:45:00.778+00:00][B] [INFO] Waiting ACK...
[2026-09-02T18:45:00.779+00:00][B] [INFO] [WAITING ACK]
[2026-09-02T18:45:00.793+00:00][B] [INFO] [RF TX] type=2 source=0x02 destination=0xFF previousHop=0x02 sequence=596 ackSequence=0 ttl=8 hops=0 payloadSize=13 rssi=0 snr=
[2026-09-02T18:45:00.793+00:00][B] [INFO] Heartbeat packet sent
[2026-09-02T18:45:01.667+00:00][B] [INFO] --------------------------------
[2026-09-02T18:45:01.667+00:00][B] [INFO] [HEARTBEAT TX]
[2026-09-02T18:45:01.672+00:00][B] [INFO] Node ID: 2
[2026-09-02T18:45:01.673+00:00][B] [INFO] type: 2
[2026-09-02T18:45:01.673+00:00][B] [INFO] Destination: 0xFF
[2026-09-02T18:45:01.678+00:00][B] [INFO] Sequence: 597
[2026-09-02T18:45:01.678+00:00][B] [INFO] Packet ID: 312
[2026-09-02T18:45:01.683+00:00][B] [INFO] Packet Size: 26
[2026-09-02T18:45:01.684+00:00][B] [INFO] Timestamp: 312 ms
[2026-09-02T18:45:01.689+00:00][B] [INFO] Transmission Result: success
[2026-09-02T18:45:01.689+00:00][B] [INFO] --------------------------------
[2026-09-02T18:45:01.694+00:00][B] [INFO] [Heartbeat #312]
[2026-09-02T18:45:01.695+00:00][B] [INFO] Sent
[2026-09-02T18:45:01.695+00:00][B] [INFO] Waiting ACK...
[2026-09-02T18:45:01.695+00:00][B] [INFO] [WAITING ACK]
[2026-09-02T18:45:01.709+00:00][B] [INFO] [RF TX] type=2 source=0x02 destination=0xFF previousHop=0x02 sequence=597 ackSequence=0 ttl=8 hops=0 payloadSize=13 rssi=0 snr=
[2026-09-02T18:45:01.709+00:00][B] [INFO] Heartbeat packet sent
[2026-09-02T18:45:01.837+00:00][B] [INFO] [RF RX] type=2 source=0x01 destination=0xFF previousHop=0x01 sequence=1077 ackSequence=0 ttl=8 hops=0 payloadSize=13 rssi=-60 s
[2026-09-02T18:45:02.685+00:00][B] [WARN] Retry 1
[2026-09-02T18:45:02.753+00:00][B] [INFO] --------------------------------
[2026-09-02T18:45:02.753+00:00][B] [INFO] [HEARTBEAT TX]
[2026-09-02T18:45:02.757+00:00][B] [INFO] Node ID: 2
[2026-09-02T18:45:02.757+00:00][B] [INFO] type: 2
[2026-09-02T18:45:02.758+00:00][B] [INFO] Destination: 0xFF
[2026-09-02T18:45:02.763+00:00][B] [INFO] Sequence: 597
[2026-09-02T18:45:02.763+00:00][B] [INFO] Packet ID: 312
[2026-09-02T18:45:02.767+00:00][B] [INFO] Packet Size: 26
[2026-09-02T18:45:02.769+00:00][B] [INFO] Timestamp: 312 ms
[2026-09-02T18:45:02.773+00:00][B] [INFO] Transmission Result: success
[2026-09-02T18:45:02.774+00:00][B] [INFO] --------------------------------
[2026-09-02T18:45:02.779+00:00][B] [INFO] [Heartbeat #312]
[2026-09-02T18:45:02.779+00:00][B] [INFO] Sent
[2026-09-02T18:45:02.781+00:00][B] [INFO] Waiting ACK...
[2026-09-02T18:45:02.781+00:00][B] [INFO] [WAITING ACK]
[2026-09-02T18:45:02.793+00:00][B] [INFO] [RF TX] type=2 source=0x02 destination=0xFF previousHop=0x02 sequence=597 ackSequence=0 ttl=8 hops=0 payloadSize=13 rssi=0 snr=
[2026-09-02T18:45:02.793+00:00][B] [INFO] Heartbeat packet sent
[2026-09-02T18:45:03.667+00:00][B] [INFO] --------------------------------
[2026-09-02T18:45:03.667+00:00][B] [INFO] [HEARTBEAT TX]
[2026-09-02T18:45:03.672+00:00][B] [INFO] Node ID: 2
[2026-09-02T18:45:03.673+00:00][B] [INFO] type: 2
[2026-09-02T18:45:03.673+00:00][B] [INFO] Destination: 0xFF
[2026-09-02T18:45:03.678+00:00][B] [INFO] Sequence: 598
[2026-09-02T18:45:03.678+00:00][B] [INFO] Packet ID: 313
[2026-09-02T18:45:03.683+00:00][B] [INFO] Packet Size: 26
[2026-09-02T18:45:03.684+00:00][B] [INFO] Timestamp: 313 ms
[2026-09-02T18:45:03.689+00:00][B] [INFO] Transmission Result: success
[2026-09-02T18:45:03.689+00:00][B] [INFO] --------------------------------
[2026-09-02T18:45:03.694+00:00][B] [INFO] [Heartbeat #313]
[2026-09-02T18:45:03.695+00:00][B] [INFO] Sent
[2026-09-02T18:45:03.695+00:00][B] [INFO] Waiting ACK...
[2026-09-02T18:45:03.695+00:00][B] [INFO] [WAITING ACK]
[2026-09-02T18:45:03.709+00:00][B] [INFO] [RF TX] type=2 source=0x02 destination=0xFF previousHop=0x02 sequence=598 ackSequence=0 ttl=8 hops=0 payloadSize=13 rssi=0 snr=
[2026-09-02T18:45:03.709+00:00][B] [INFO] Heartbeat packet sent
[2026-09-02T18:45:03.837+00:00][B] [INFO] [RF RX] type=2 source=0x01 destination=0xFF previousHop=0x01 sequence=1078 ackSequence=0 ttl=8 hops=0 payloadSize=13 rssi=-61 s
[2026-09-02T18:45:04.683+00:00][B] [WARN] Retry 1
[2026-09-02T18:45:04.750+00:00][B] [INFO] --------------------------------
[2026-09-02T18:45:04.751+00:00][B] [INFO] [HEARTBEAT TX]
[2026-09-02T18:45:04.755+00:00][B] [INFO] Node ID: 2
[2026-09-02T18:45:04.756+00:00][B] [INFO] type: 2
[2026-09-02T18:45:04.757+00:00][B] [INFO] Destination: 0xFF
[2026-09-02T18:45:04.761+00:00][B] [INFO] Sequence: 598
[2026-09-02T18:45:04.761+00:00][B] [INFO] Packet ID: 313
[2026-09-02T18:45:04.766+00:00][B] [INFO] Packet Size: 26
[2026-09-02T18:45:04.767+00:00][B] [INFO] Timestamp: 313 ms
[2026-09-02T18:45:04.772+00:00][B] [INFO] Transmission Result: success
[2026-09-02T18:45:04.772+00:00][B] [INFO] --------------------------------
[2026-09-02T18:45:04.777+00:00][B] [INFO] [Heartbeat #313]
[2026-09-02T18:45:04.778+00:00][B] [INFO] Sent
[2026-09-02T18:45:04.778+00:00][B] [INFO] Waiting ACK...
[2026-09-02T18:45:04.779+00:00][B] [INFO] [WAITING ACK]
[2026-09-02T18:45:04.792+00:00][B] [INFO] [RF TX] type=2 source=0x02 destination=0xFF previousHop=0x02 sequence=598 ackSequence=0 ttl=8 hops=0 payloadSize=13 rssi=0 snr=
[2026-09-02T18:45:04.792+00:00][B] [INFO] Heartbeat packet sent
[2026-09-02T18:45:05.667+00:00][B] [INFO] --------------------------------
[2026-09-02T18:45:05.668+00:00][B] [INFO] [HEARTBEAT TX]
[2026-09-02T18:45:05.672+00:00][B] [INFO] Node ID: 2
[2026-09-02T18:45:05.673+00:00][B] [INFO] type: 2
[2026-09-02T18:45:05.673+00:00][B] [INFO] Destination: 0xFF
[2026-09-02T18:45:05.678+00:00][B] [INFO] Sequence: 599
[2026-09-02T18:45:05.678+00:00][B] [INFO] Packet ID: 314
[2026-09-02T18:45:05.683+00:00][B] [INFO] Packet Size: 26
[2026-09-02T18:45:05.684+00:00][B] [INFO] Timestamp: 314 ms
[2026-09-02T18:45:05.689+00:00][B] [INFO] Transmission Result: success
[2026-09-02T18:45:05.689+00:00][B] [INFO] --------------------------------
[2026-09-02T18:45:05.694+00:00][B] [INFO] [Heartbeat #314]
[2026-09-02T18:45:05.695+00:00][B] [INFO] Sent
[2026-09-02T18:45:05.695+00:00][B] [INFO] Waiting ACK...
[2026-09-02T18:45:05.696+00:00][B] [INFO] [WAITING ACK]
[2026-09-02T18:45:05.709+00:00][B] [INFO] [RF TX] type=2 source=0x02 destination=0xFF previousHop=0x02 sequence=599 ackSequence=0 ttl=8 hops=0 payloadSize=13 rssi=0 snr=
[2026-09-02T18:45:05.709+00:00][B] [INFO] Heartbeat packet sent
[2026-09-02T18:45:05.837+00:00][B] [INFO] [RF RX] type=2 source=0x01 destination=0xFF previousHop=0x01 sequence=1079 ackSequence=0 ttl=8 hops=0 payloadSize=13 rssi=-60 s
[2026-09-02T18:45:06.684+00:00][B] [WARN] Retry 1
[2026-09-02T18:45:06.753+00:00][B] [INFO] --------------------------------
[2026-09-02T18:45:06.753+00:00][B] [INFO] [HEARTBEAT TX]
[2026-09-02T18:45:06.757+00:00][B] [INFO] Node ID: 2
[2026-09-02T18:45:06.757+00:00][B] [INFO] type: 2
[2026-09-02T18:45:06.757+00:00][B] [INFO] Destination: 0xFF
[2026-09-02T18:45:06.763+00:00][B] [INFO] Sequence: 599
[2026-09-02T18:45:06.763+00:00][B] [INFO] Packet ID: 314
[2026-09-02T18:45:06.767+00:00][B] [INFO] Packet Size: 26
[2026-09-02T18:45:06.769+00:00][B] [INFO] Timestamp: 314 ms
[2026-09-02T18:45:06.773+00:00][B] [INFO] Transmission Result: success
[2026-09-02T18:45:06.774+00:00][B] [INFO] --------------------------------
[2026-09-02T18:45:06.778+00:00][B] [INFO] [Heartbeat #314]
[2026-09-02T18:45:06.779+00:00][B] [INFO] Sent
[2026-09-02T18:45:06.780+00:00][B] [INFO] Waiting ACK...
[2026-09-02T18:45:06.780+00:00][B] [INFO] [WAITING ACK]
[2026-09-02T18:45:06.792+00:00][B] [INFO] [RF TX] type=2 source=0x02 destination=0xFF previousHop=0x02 sequence=599 ackSequence=0 ttl=8 hops=0 payloadSize=13 rssi=0 snr=
[2026-09-02T18:45:06.793+00:00][B] [INFO] Heartbeat packet sent
[2026-09-02T18:45:07.667+00:00][B] [INFO] --------------------------------
[2026-09-02T18:45:07.668+00:00][B] [INFO] [HEARTBEAT TX]
[2026-09-02T18:45:07.672+00:00][B] [INFO] Node ID: 2
[2026-09-02T18:45:07.672+00:00][B] [INFO] type: 2
[2026-09-02T18:45:07.673+00:00][B] [INFO] Destination: 0xFF
[2026-09-02T18:45:07.678+00:00][B] [INFO] Sequence: 600
[2026-09-02T18:45:07.678+00:00][B] [INFO] Packet ID: 315
[2026-09-02T18:45:07.683+00:00][B] [INFO] Packet Size: 26
[2026-09-02T18:45:07.684+00:00][B] [INFO] Timestamp: 315 ms
[2026-09-02T18:45:07.689+00:00][B] [INFO] Transmission Result: success
[2026-09-02T18:45:07.689+00:00][B] [INFO] --------------------------------
[2026-09-02T18:45:07.694+00:00][B] [INFO] [Heartbeat #315]
[2026-09-02T18:45:07.695+00:00][B] [INFO] Sent
[2026-09-02T18:45:07.695+00:00][B] [INFO] Waiting ACK...
[2026-09-02T18:45:07.696+00:00][B] [INFO] [WAITING ACK]
[2026-09-02T18:45:07.708+00:00][B] [INFO] [RF TX] type=2 source=0x02 destination=0xFF previousHop=0x02 sequence=600 ackSequence=0 ttl=8 hops=0 payloadSize=13 rssi=0 snr=
[2026-09-02T18:45:07.709+00:00][B] [INFO] Heartbeat packet sent
[2026-09-02T18:45:07.837+00:00][B] [INFO] [RF RX] type=2 source=0x01 destination=0xFF previousHop=0x01 sequence=1080 ackSequence=0 ttl=8 hops=0 payloadSize=13 rssi=-61 s
[2026-09-02T18:45:08.684+00:00][B] [WARN] Retry 1
[2026-09-02T18:45:08.752+00:00][B] [INFO] --------------------------------
[2026-09-02T18:45:08.753+00:00][B] [INFO] [HEARTBEAT TX]
[2026-09-02T18:45:08.756+00:00][B] [INFO] Node ID: 2
[2026-09-02T18:45:08.757+00:00][B] [INFO] type: 2
[2026-09-02T18:45:08.757+00:00][B] [INFO] Destination: 0xFF
[2026-09-02T18:45:08.762+00:00][B] [INFO] Sequence: 600
[2026-09-02T18:45:08.763+00:00][B] [INFO] Packet ID: 315
[2026-09-02T18:45:08.767+00:00][B] [INFO] Packet Size: 26
[2026-09-02T18:45:08.768+00:00][B] [INFO] Timestamp: 315 ms
[2026-09-02T18:45:08.773+00:00][B] [INFO] Transmission Result: success
[2026-09-02T18:45:08.774+00:00][B] [INFO] --------------------------------
[2026-09-02T18:45:08.778+00:00][B] [INFO] [Heartbeat #315]
[2026-09-02T18:45:08.779+00:00][B] [INFO] Sent
[2026-09-02T18:45:08.779+00:00][B] [INFO] Waiting ACK...
[2026-09-02T18:45:08.779+00:00][B] [INFO] [WAITING ACK]
[2026-09-02T18:45:08.792+00:00][B] [INFO] [RF TX] type=2 source=0x02 destination=0xFF previousHop=0x02 sequence=600 ackSequence=0 ttl=8 hops=0 payloadSize=13 rssi=0 snr=
[2026-09-02T18:45:08.793+00:00][B] [INFO] Heartbeat packet sent
[2026-09-02T18:45:09.667+00:00][B] [INFO] --------------------------------
[2026-09-02T18:45:09.667+00:00][B] [INFO] [HEARTBEAT TX]
[2026-09-02T18:45:09.672+00:00][B] [INFO] Node ID: 2
[2026-09-02T18:45:09.672+00:00][B] [INFO] type: 2
[2026-09-02T18:45:09.673+00:00][B] [INFO] Destination: 0xFF
[2026-09-02T18:45:09.678+00:00][B] [INFO] Sequence: 601
[2026-09-02T18:45:09.678+00:00][B] [INFO] Packet ID: 316
[2026-09-02T18:45:09.683+00:00][B] [INFO] Packet Size: 26
[2026-09-02T18:45:09.683+00:00][B] [INFO] Timestamp: 316 ms
[2026-09-02T18:45:09.689+00:00][B] [INFO] Transmission Result: success
[2026-09-02T18:45:09.689+00:00][B] [INFO] --------------------------------
[2026-09-02T18:45:09.694+00:00][B] [INFO] [Heartbeat #316]
[2026-09-02T18:45:09.695+00:00][B] [INFO] Sent
[2026-09-02T18:45:09.695+00:00][B] [INFO] Waiting ACK...
[2026-09-02T18:45:09.695+00:00][B] [INFO] [WAITING ACK]
[2026-09-02T18:45:09.708+00:00][B] [INFO] [RF TX] type=2 source=0x02 destination=0xFF previousHop=0x02 sequence=601 ackSequence=0 ttl=8 hops=0 payloadSize=13 rssi=0 snr=
[2026-09-02T18:45:09.709+00:00][B] [INFO] Heartbeat packet sent
[2026-09-02T18:45:09.837+00:00][B] [INFO] [RF RX] type=2 source=0x01 destination=0xFF previousHop=0x01 sequence=1081 ackSequence=0 ttl=8 hops=0 payloadSize=13 rssi=-60 s
[2026-09-02T18:45:10.684+00:00][B] [WARN] Retry 1
[2026-09-02T18:45:10.752+00:00][B] [INFO] --------------------------------
[2026-09-02T18:45:10.753+00:00][B] [INFO] [HEARTBEAT TX]
[2026-09-02T18:45:10.756+00:00][B] [INFO] Node ID: 2
[2026-09-02T18:45:10.757+00:00][B] [INFO] type: 2
[2026-09-02T18:45:10.757+00:00][B] [INFO] Destination: 0xFF
[2026-09-02T18:45:10.763+00:00][B] [INFO] Sequence: 601
[2026-09-02T18:45:10.763+00:00][B] [INFO] Packet ID: 316
[2026-09-02T18:45:10.767+00:00][B] [INFO] Packet Size: 26
[2026-09-02T18:45:10.768+00:00][B] [INFO] Timestamp: 316 ms
[2026-09-02T18:45:10.773+00:00][B] [INFO] Transmission Result: success
[2026-09-02T18:45:10.774+00:00][B] [INFO] --------------------------------
[2026-09-02T18:45:10.778+00:00][B] [INFO] [Heartbeat #316]
[2026-09-02T18:45:10.779+00:00][B] [INFO] Sent
[2026-09-02T18:45:10.780+00:00][B] [INFO] Waiting ACK...
[2026-09-02T18:45:10.780+00:00][B] [INFO] [WAITING ACK]
[2026-09-02T18:45:10.792+00:00][B] [INFO] [RF TX] type=2 source=0x02 destination=0xFF previousHop=0x02 sequence=601 ackSequence=0 ttl=8 hops=0 payloadSize=13 rssi=0 snr=
[2026-09-02T18:45:10.793+00:00][B] [INFO] Heartbeat packet sent
[2026-09-02T18:45:11.667+00:00][B] [INFO] --------------------------------
[2026-09-02T18:45:11.668+00:00][B] [INFO] [HEARTBEAT TX]
[2026-09-02T18:45:11.672+00:00][B] [INFO] Node ID: 2
[2026-09-02T18:45:11.672+00:00][B] [INFO] type: 2
[2026-09-02T18:45:11.672+00:00][B] [INFO] Destination: 0xFF
[2026-09-02T18:45:11.678+00:00][B] [INFO] Sequence: 602
[2026-09-02T18:45:11.678+00:00][B] [INFO] Packet ID: 317
[2026-09-02T18:45:11.683+00:00][B] [INFO] Packet Size: 26
[2026-09-02T18:45:11.683+00:00][B] [INFO] Timestamp: 317 ms
[2026-09-02T18:45:11.689+00:00][B] [INFO] Transmission Result: success
[2026-09-02T18:45:11.689+00:00][B] [INFO] --------------------------------
[2026-09-02T18:45:11.694+00:00][B] [INFO] [Heartbeat #317]
[2026-09-02T18:45:11.695+00:00][B] [INFO] Sent
[2026-09-02T18:45:11.695+00:00][B] [INFO] Waiting ACK...
[2026-09-02T18:45:11.695+00:00][B] [INFO] [WAITING ACK]
[2026-09-02T18:45:11.708+00:00][B] [INFO] [RF TX] type=2 source=0x02 destination=0xFF previousHop=0x02 sequence=602 ackSequence=0 ttl=8 hops=0 payloadSize=13 rssi=0 snr=
[2026-09-02T18:45:11.709+00:00][B] [INFO] Heartbeat packet sent
[2026-09-02T18:45:11.837+00:00][B] [INFO] [RF RX] type=2 source=0x01 destination=0xFF previousHop=0x01 sequence=1082 ackSequence=0 ttl=8 hops=0 payloadSize=13 rssi=-61 s
[2026-09-02T18:45:12.684+00:00][B] [WARN] Retry 1
[2026-09-02T18:45:12.752+00:00][B] [INFO] --------------------------------
[2026-09-02T18:45:12.752+00:00][B] [INFO] [HEARTBEAT TX]
[2026-09-02T18:45:12.756+00:00][B] [INFO] Node ID: 2
[2026-09-02T18:45:12.757+00:00][B] [INFO] type: 2
[2026-09-02T18:45:12.757+00:00][B] [INFO] Destination: 0xFF
[2026-09-02T18:45:12.762+00:00][B] [INFO] Sequence: 602
[2026-09-02T18:45:12.762+00:00][B] [INFO] Packet ID: 317
[2026-09-02T18:45:12.767+00:00][B] [INFO] Packet Size: 26
[2026-09-02T18:45:12.768+00:00][B] [INFO] Timestamp: 317 ms
[2026-09-02T18:45:12.773+00:00][B] [INFO] Transmission Result: success
[2026-09-02T18:45:12.773+00:00][B] [INFO] --------------------------------
[2026-09-02T18:45:12.778+00:00][B] [INFO] [Heartbeat #317]
[2026-09-02T18:45:12.779+00:00][B] [INFO] Sent
[2026-09-02T18:45:12.779+00:00][B] [INFO] Waiting ACK...
[2026-09-02T18:45:12.779+00:00][B] [INFO] [WAITING ACK]
[2026-09-02T18:45:12.792+00:00][B] [INFO] [RF TX] type=2 source=0x02 destination=0xFF previousHop=0x02 sequence=602 ackSequence=0 ttl=8 hops=0 payloadSize=13 rssi=0 snr=
[2026-09-02T18:45:12.793+00:00][B] [INFO] Heartbeat packet sent
[2026-09-02T18:45:13.667+00:00][B] [INFO] --------------------------------
[2026-09-02T18:45:13.667+00:00][B] [INFO] [HEARTBEAT TX]
[2026-09-02T18:45:13.672+00:00][B] [INFO] Node ID: 2
[2026-09-02T18:45:13.672+00:00][B] [INFO] type: 2
[2026-09-02T18:45:13.672+00:00][B] [INFO] Destination: 0xFF
[2026-09-02T18:45:13.678+00:00][B] [INFO] Sequence: 603
[2026-09-02T18:45:13.678+00:00][B] [INFO] Packet ID: 318
[2026-09-02T18:45:13.683+00:00][B] [INFO] Packet Size: 26
[2026-09-02T18:45:13.683+00:00][B] [INFO] Timestamp: 318 ms
[2026-09-02T18:45:13.688+00:00][B] [INFO] Transmission Result: success
[2026-09-02T18:45:13.689+00:00][B] [INFO] --------------------------------
[2026-09-02T18:45:13.694+00:00][B] [INFO] [Heartbeat #318]
[2026-09-02T18:45:13.694+00:00][B] [INFO] Sent
[2026-09-02T18:45:13.695+00:00][B] [INFO] Waiting ACK...
[2026-09-02T18:45:13.695+00:00][B] [INFO] [WAITING ACK]
[2026-09-02T18:45:13.708+00:00][B] [INFO] [RF TX] type=2 source=0x02 destination=0xFF previousHop=0x02 sequence=603 ackSequence=0 ttl=8 hops=0 payloadSize=13 rssi=0 snr=
[2026-09-02T18:45:13.709+00:00][B] [INFO] Heartbeat packet sent
[2026-09-02T18:45:14.684+00:00][B] [WARN] Retry 1
[2026-09-02T18:45:14.753+00:00][B] [INFO] --------------------------------
[2026-09-02T18:45:14.753+00:00][B] [INFO] [HEARTBEAT TX]
[2026-09-02T18:45:14.756+00:00][B] [INFO] Node ID: 2
[2026-09-02T18:45:14.757+00:00][B] [INFO] type: 2
[2026-09-02T18:45:14.757+00:00][B] [INFO] Destination: 0xFF
[2026-09-02T18:45:14.763+00:00][B] [INFO] Sequence: 603
[2026-09-02T18:45:14.764+00:00][B] [INFO] Packet ID: 318
[2026-09-02T18:45:14.767+00:00][B] [INFO] Packet Size: 26
[2026-09-02T18:45:14.768+00:00][B] [INFO] Timestamp: 318 ms
[2026-09-02T18:45:14.773+00:00][B] [INFO] Transmission Result: success
[2026-09-02T18:45:14.773+00:00][B] [INFO] --------------------------------
[2026-09-02T18:45:14.778+00:00][B] [INFO] [Heartbeat #318]
[2026-09-02T18:45:14.779+00:00][B] [INFO] Sent
[2026-09-02T18:45:14.779+00:00][B] [INFO] Waiting ACK...
[2026-09-02T18:45:14.779+00:00][B] [INFO] [WAITING ACK]
[2026-09-02T18:45:14.792+00:00][B] [INFO] [RF TX] type=2 source=0x02 destination=0xFF previousHop=0x02 sequence=603 ackSequence=0 ttl=8 hops=0 payloadSize=13 rssi=0 snr=
[2026-09-02T18:45:14.793+00:00][B] [INFO] Heartbeat packet sent
[2026-09-02T18:45:15.667+00:00][B] [INFO] --------------------------------
[2026-09-02T18:45:15.667+00:00][B] [INFO] [HEARTBEAT TX]
[2026-09-02T18:45:15.672+00:00][B] [INFO] Node ID: 2
[2026-09-02T18:45:15.672+00:00][B] [INFO] type: 2
[2026-09-02T18:45:15.672+00:00][B] [INFO] Destination: 0xFF
[2026-09-02T18:45:15.677+00:00][B] [INFO] Sequence: 604
[2026-09-02T18:45:15.678+00:00][B] [INFO] Packet ID: 319
[2026-09-02T18:45:15.683+00:00][B] [INFO] Packet Size: 26
[2026-09-02T18:45:15.683+00:00][B] [INFO] Timestamp: 319 ms
[2026-09-02T18:45:15.688+00:00][B] [INFO] Transmission Result: success
[2026-09-02T18:45:15.689+00:00][B] [INFO] --------------------------------
[2026-09-02T18:45:15.697+00:00][B] [INFO] [Heartbeat #319]
[2026-09-02T18:45:15.697+00:00][B] [INFO] Sent
[2026-09-02T18:45:15.697+00:00][B] [INFO] Waiting ACK...
[2026-09-02T18:45:15.697+00:00][B] [INFO] [WAITING ACK]
[2026-09-02T18:45:15.708+00:00][B] [INFO] [RF TX] type=2 source=0x02 destination=0xFF previousHop=0x02 sequence=604 ackSequence=0 ttl=8 hops=0 payloadSize=13 rssi=0 snr=
[2026-09-02T18:45:15.708+00:00][B] [INFO] Heartbeat packet sent
[2026-09-02T18:45:15.837+00:00][B] [INFO] [RF RX] type=2 source=0x01 destination=0xFF previousHop=0x01 sequence=1084 ackSequence=0 ttl=8 hops=0 payloadSize=13 rssi=-61 s
[2026-09-02T18:45:16.683+00:00][B] [WARN] Retry 1
[2026-09-02T18:45:16.750+00:00][B] [INFO] --------------------------------
[2026-09-02T18:45:16.751+00:00][B] [INFO] [HEARTBEAT TX]
[2026-09-02T18:45:16.755+00:00][B] [INFO] Node ID: 2
[2026-09-02T18:45:16.755+00:00][B] [INFO] type: 2
[2026-09-02T18:45:16.755+00:00][B] [INFO] Destination: 0xFF
[2026-09-02T18:45:16.760+00:00][B] [INFO] Sequence: 604
[2026-09-02T18:45:16.761+00:00][B] [INFO] Packet ID: 319
[2026-09-02T18:45:16.766+00:00][B] [INFO] Packet Size: 26
[2026-09-02T18:45:16.766+00:00][B] [INFO] Timestamp: 319 ms
[2026-09-02T18:45:16.771+00:00][B] [INFO] Transmission Result: success
[2026-09-02T18:45:16.772+00:00][B] [INFO] --------------------------------
[2026-09-02T18:45:16.777+00:00][B] [INFO] [Heartbeat #319]
[2026-09-02T18:45:16.777+00:00][B] [INFO] Sent
[2026-09-02T18:45:16.778+00:00][B] [INFO] Waiting ACK...
[2026-09-02T18:45:16.779+00:00][B] [INFO] [WAITING ACK]
[2026-09-02T18:45:16.791+00:00][B] [INFO] [RF TX] type=2 source=0x02 destination=0xFF previousHop=0x02 sequence=604 ackSequence=0 ttl=8 hops=0 payloadSize=13 rssi=0 snr=
[2026-09-02T18:45:16.792+00:00][B] [INFO] Heartbeat packet sent
[2026-09-02T18:45:17.667+00:00][B] [INFO] --------------------------------
[2026-09-02T18:45:17.667+00:00][B] [INFO] [HEARTBEAT TX]
[2026-09-02T18:45:17.672+00:00][B] [INFO] Node ID: 2
[2026-09-02T18:45:17.672+00:00][B] [INFO] type: 2
[2026-09-02T18:45:17.672+00:00][B] [INFO] Destination: 0xFF
[2026-09-02T18:45:17.677+00:00][B] [INFO] Sequence: 605
[2026-09-02T18:45:17.678+00:00][B] [INFO] Packet ID: 320
[2026-09-02T18:45:17.683+00:00][B] [INFO] Packet Size: 26
[2026-09-02T18:45:17.683+00:00][B] [INFO] Timestamp: 320 ms
[2026-09-02T18:45:17.688+00:00][B] [INFO] Transmission Result: success
[2026-09-02T18:45:17.689+00:00][B] [INFO] --------------------------------
[2026-09-02T18:45:17.694+00:00][B] [INFO] [Heartbeat #320]
[2026-09-02T18:45:17.694+00:00][B] [INFO] Sent
[2026-09-02T18:45:17.695+00:00][B] [INFO] Waiting ACK...
[2026-09-02T18:45:17.695+00:00][B] [INFO] [WAITING ACK]
[2026-09-02T18:45:17.708+00:00][B] [INFO] [RF TX] type=2 source=0x02 destination=0xFF previousHop=0x02 sequence=605 ackSequence=0 ttl=8 hops=0 payloadSize=13 rssi=0 snr=
[2026-09-02T18:45:17.709+00:00][B] [INFO] Heartbeat packet sent
[2026-09-02T18:45:17.837+00:00][B] [INFO] [RF RX] type=2 source=0x01 destination=0xFF previousHop=0x01 sequence=1085 ackSequence=0 ttl=8 hops=0 payloadSize=13 rssi=-61 s
[2026-09-02T18:45:18.684+00:00][B] [WARN] Retry 1
[2026-09-02T18:45:18.753+00:00][B] [INFO] --------------------------------
[2026-09-02T18:45:18.753+00:00][B] [INFO] [HEARTBEAT TX]
[2026-09-02T18:45:18.756+00:00][B] [INFO] Node ID: 2
[2026-09-02T18:45:18.757+00:00][B] [INFO] type: 2
[2026-09-02T18:45:18.757+00:00][B] [INFO] Destination: 0xFF
[2026-09-02T18:45:18.762+00:00][B] [INFO] Sequence: 605
[2026-09-02T18:45:18.764+00:00][B] [INFO] Packet ID: 320
[2026-09-02T18:45:18.767+00:00][B] [INFO] Packet Size: 26
[2026-09-02T18:45:18.768+00:00][B] [INFO] Timestamp: 320 ms
[2026-09-02T18:45:18.772+00:00][B] [INFO] Transmission Result: success
[2026-09-02T18:45:18.774+00:00][B] [INFO] --------------------------------
[2026-09-02T18:45:18.778+00:00][B] [INFO] [Heartbeat #320]
[2026-09-02T18:45:18.778+00:00][B] [INFO] Sent
[2026-09-02T18:45:18.778+00:00][B] [INFO] Waiting ACK...
[2026-09-02T18:45:18.779+00:00][B] [INFO] [WAITING ACK]
[2026-09-02T18:45:18.792+00:00][B] [INFO] [RF TX] type=2 source=0x02 destination=0xFF previousHop=0x02 sequence=605 ackSequence=0 ttl=8 hops=0 payloadSize=13 rssi=0 snr=
[2026-09-02T18:45:18.793+00:00][B] [INFO] Heartbeat packet sent
