[2026-09-02T18:56:19.042+00:00][A] ESP-ROM:esp32s3-20210327
[2026-09-02T18:56:19.050+00:00][A] Build:Mar 27 2021
[2026-09-02T18:56:19.056+00:00][A] rst:0x1 (POWERON),boot:0x2a (SPI_FAST_FLASH_BOOT)
[2026-09-02T18:56:19.056+00:00][A] SPIWP:0xee
[2026-09-02T18:56:19.056+00:00][A] mode:DIO, clock div:1
[2026-09-02T18:56:19.062+00:00][A] load:0x3fce3808,len:0x4bc
[2026-09-02T18:56:19.062+00:00][A] load:0x403c9700,len:0xbd8
[2026-09-02T18:56:19.062+00:00][A] load:0x403cc700,len:0x2a0c
[2026-09-02T18:56:19.063+00:00][A] entry 0x403c98d0
[2026-09-02T18:56:21.154+00:00][A] [INFO] ================================
[2026-09-02T18:56:21.159+00:00][A] [INFO] Jalari BoatNode Firmware
[2026-09-02T18:56:21.159+00:00][A] [INFO] 0.1.0
[2026-09-02T18:56:21.160+00:00][A] [INFO] ================================
[2026-09-02T18:56:21.171+00:00][A] [INFO] LoRa ready
[2026-09-02T18:56:21.239+00:00][A] [INFO] --------------------------------
[2026-09-02T18:56:21.239+00:00][A] [INFO] [HEARTBEAT TX]
[2026-09-02T18:56:21.244+00:00][A] [INFO] Node ID: 1
[2026-09-02T18:56:21.244+00:00][A] [INFO] type: 2
[2026-09-02T18:56:21.244+00:00][A] [INFO] Destination: 0xFF
[2026-09-02T18:56:21.249+00:00][A] [INFO] Sequence: 0
[2026-09-02T18:56:21.250+00:00][A] [INFO] Packet ID: 1
[2026-09-02T18:56:21.250+00:00][A] [INFO] Packet Size: 26
[2026-09-02T18:56:21.255+00:00][A] [INFO] Timestamp: 1 ms
[2026-09-02T18:56:21.255+00:00][A] [INFO] Transmission Result: success
[2026-09-02T18:56:21.261+00:00][A] [INFO] --------------------------------
[2026-09-02T18:56:21.261+00:00][A] [INFO] [Heartbeat #1]
[2026-09-02T18:56:21.266+00:00][A] [INFO] Sent
[2026-09-02T18:56:21.266+00:00][A] [INFO] Waiting ACK...
[2026-09-02T18:56:21.267+00:00][A] [INFO] [WAITING ACK]
[2026-09-02T18:56:21.278+00:00][A] [INFO] [RF TX] type=2 source=0x01 destination=0xFF previousHop=0x01 sequence=0 ackSequence=0 ttl=8 hops=0 payloadSize=13 rssi=0 snr=0.00
[2026-09-02T18:56:21.280+00:00][A] [INFO] Heartbeat packet sent
[2026-09-02T18:56:22.255+00:00][A] [WARN] Retry 1
[2026-09-02T18:56:22.322+00:00][A] [INFO] --------------------------------
[2026-09-02T18:56:22.322+00:00][A] [INFO] [HEARTBEAT TX]
[2026-09-02T18:56:22.327+00:00][A] [INFO] Node ID: 1
[2026-09-02T18:56:22.327+00:00][A] [INFO] type: 2
[2026-09-02T18:56:22.327+00:00][A] [INFO] Destination: 0xFF
[2026-09-02T18:56:22.333+00:00][A] [INFO] Sequence: 0
[2026-09-02T18:56:22.333+00:00][A] [INFO] Packet ID: 1
[2026-09-02T18:56:22.333+00:00][A] [INFO] Packet Size: 26
[2026-09-02T18:56:22.338+00:00][A] [INFO] Timestamp: 1 ms
[2026-09-02T18:56:22.339+00:00][A] [INFO] Transmission Result: success
[2026-09-02T18:56:22.344+00:00][A] [INFO] --------------------------------
[2026-09-02T18:56:22.344+00:00][A] [INFO] [Heartbeat #1]
[2026-09-02T18:56:22.349+00:00][A] [INFO] Sent
[2026-09-02T18:56:22.350+00:00][A] [INFO] Waiting ACK...
[2026-09-02T18:56:22.350+00:00][A] [INFO] [WAITING ACK]
[2026-09-02T18:56:22.361+00:00][A] [INFO] [RF TX] type=2 source=0x01 destination=0xFF previousHop=0x01 sequence=0 ackSequence=0 ttl=8 hops=0 payloadSize=13 rssi=0 snr=0.00
[2026-09-02T18:56:22.363+00:00][A] [INFO] Heartbeat packet sent
[2026-09-02T18:56:23.238+00:00][A] [INFO] --------------------------------
[2026-09-02T18:56:23.238+00:00][A] [INFO] [HEARTBEAT TX]
[2026-09-02T18:56:23.244+00:00][A] [INFO] Node ID: 1
[2026-09-02T18:56:23.244+00:00][A] [INFO] type: 2
[2026-09-02T18:56:23.244+00:00][A] [INFO] Destination: 0xFF
[2026-09-02T18:56:23.250+00:00][A] [INFO] Sequence: 1
[2026-09-02T18:56:23.250+00:00][A] [INFO] Packet ID: 2
[2026-09-02T18:56:23.250+00:00][A] [INFO] Packet Size: 26
[2026-09-02T18:56:23.256+00:00][A] [INFO] Timestamp: 2 ms
[2026-09-02T18:56:23.257+00:00][A] [INFO] Transmission Result: success
[2026-09-02T18:56:23.260+00:00][A] [INFO] --------------------------------
[2026-09-02T18:56:23.260+00:00][A] [INFO] [Heartbeat #2]
[2026-09-02T18:56:23.265+00:00][A] [INFO] Sent
[2026-09-02T18:56:23.265+00:00][A] [INFO] Waiting ACK...
[2026-09-02T18:56:23.266+00:00][A] [INFO] [WAITING ACK]
[2026-09-02T18:56:23.277+00:00][A] [INFO] [RF TX] type=2 source=0x01 destination=0xFF previousHop=0x01 sequence=1 ackSequence=0 ttl=8 hops=0 payloadSize=13 rssi=0 snr=0.00
[2026-09-02T18:56:23.279+00:00][A] [INFO] Heartbeat packet sent
[2026-09-02T18:56:23.876+00:00][A] [INFO] TEST_DATA_QUEUED dst=0x02 seq=2 remaining=99
[2026-09-02T18:56:23.936+00:00][A] [INFO] [RF TX] type=1 source=0x01 destination=0x02 previousHop=0x01 sequence=2 ackSequence=0 ttl=8 hops=0 payloadSize=4 rssi=0 snr=0.00
[2026-09-02T18:56:24.001+00:00][A] [INFO] [RF RX] type=3 source=0x02 destination=0x01 previousHop=0x02 sequence=2 ackSequence=2 ttl=8 hops=0 payloadSize=2 rssi=-60 snr=9.75
[2026-09-02T18:56:24.002+00:00][A] [INFO] ACK_RX seq=2 source=0x02
[2026-09-02T18:56:24.004+00:00][A] [INFO] TEST_DATA_QUEUED dst=0x02 seq=3 remaining=98
[2026-09-02T18:56:24.060+00:00][A] [INFO] [RF TX] type=1 source=0x01 destination=0x02 previousHop=0x01 sequence=3 ackSequence=0 ttl=8 hops=0 payloadSize=4 rssi=0 snr=0.00
[2026-09-02T18:56:24.125+00:00][A] [INFO] [RF RX] type=3 source=0x02 destination=0x01 previousHop=0x02 sequence=3 ackSequence=3 ttl=8 hops=0 payloadSize=2 rssi=-59 snr=9.75
[2026-09-02T18:56:24.126+00:00][A] [INFO] ACK_RX seq=3 source=0x02
[2026-09-02T18:56:24.129+00:00][A] [INFO] TEST_DATA_QUEUED dst=0x02 seq=4 remaining=97
[2026-09-02T18:56:24.184+00:00][A] [INFO] [RF TX] type=1 source=0x01 destination=0x02 previousHop=0x01 sequence=4 ackSequence=0 ttl=8 hops=0 payloadSize=4 rssi=0 snr=0.00
[2026-09-02T18:56:24.249+00:00][A] [INFO] [RF RX] type=3 source=0x02 destination=0x01 previousHop=0x02 sequence=4 ackSequence=4 ttl=8 hops=0 payloadSize=2 rssi=-59 snr=10.00
[2026-09-02T18:56:24.250+00:00][A] [INFO] ACK_RX seq=4 source=0x02
[2026-09-02T18:56:24.252+00:00][A] [INFO] TEST_DATA_QUEUED dst=0x02 seq=5 remaining=96
[2026-09-02T18:56:24.309+00:00][A] [INFO] [RF TX] type=1 source=0x01 destination=0x02 previousHop=0x01 sequence=5 ackSequence=0 ttl=8 hops=0 payloadSize=4 rssi=0 snr=0.00
[2026-09-02T18:56:24.309+00:00][A] [WARN] Retry 1
[2026-09-02T18:56:24.375+00:00][A] [INFO] --------------------------------
[2026-09-02T18:56:24.375+00:00][A] [INFO] [HEARTBEAT TX]
[2026-09-02T18:56:24.380+00:00][A] [INFO] Node ID: 1
[2026-09-02T18:56:24.381+00:00][A] [INFO] type: 2
[2026-09-02T18:56:24.381+00:00][A] [INFO] Destination: 0xFF
[2026-09-02T18:56:24.387+00:00][A] [INFO] Sequence: 1
[2026-09-02T18:56:24.388+00:00][A] [INFO] Packet ID: 2
[2026-09-02T18:56:24.388+00:00][A] [INFO] Packet Size: 26
[2026-09-02T18:56:24.391+00:00][A] [INFO] Timestamp: 2 ms
[2026-09-02T18:56:24.392+00:00][A] [INFO] Transmission Result: success
[2026-09-02T18:56:24.397+00:00][A] [INFO] --------------------------------
[2026-09-02T18:56:24.398+00:00][A] [INFO] [Heartbeat #2]
[2026-09-02T18:56:24.402+00:00][A] [INFO] Sent
[2026-09-02T18:56:24.403+00:00][A] [INFO] Waiting ACK...
[2026-09-02T18:56:24.404+00:00][A] [INFO] [WAITING ACK]
[2026-09-02T18:56:24.414+00:00][A] [INFO] [RF TX] type=2 source=0x01 destination=0xFF previousHop=0x01 sequence=1 ackSequence=0 ttl=8 hops=0 payloadSize=13 rssi=0 snr=0.00
[2026-09-02T18:56:24.416+00:00][A] [INFO] Heartbeat packet sent
[2026-09-02T18:56:25.238+00:00][A] [INFO] --------------------------------
[2026-09-02T18:56:25.238+00:00][A] [INFO] [HEARTBEAT TX]
[2026-09-02T18:56:25.243+00:00][A] [INFO] Node ID: 1
[2026-09-02T18:56:25.243+00:00][A] [INFO] type: 2
[2026-09-02T18:56:25.244+00:00][A] [INFO] Destination: 0xFF
[2026-09-02T18:56:25.249+00:00][A] [INFO] Sequence: 6
[2026-09-02T18:56:25.249+00:00][A] [INFO] Packet ID: 3
[2026-09-02T18:56:25.249+00:00][A] [INFO] Packet Size: 26
[2026-09-02T18:56:25.254+00:00][A] [INFO] Timestamp: 3 ms
[2026-09-02T18:56:25.255+00:00][A] [INFO] Transmission Result: success
[2026-09-02T18:56:25.260+00:00][A] [INFO] --------------------------------
[2026-09-02T18:56:25.261+00:00][A] [INFO] [Heartbeat #3]
[2026-09-02T18:56:25.265+00:00][A] [INFO] Sent
[2026-09-02T18:56:25.266+00:00][A] [INFO] Waiting ACK...
[2026-09-02T18:56:25.266+00:00][A] [INFO] [WAITING ACK]
[2026-09-02T18:56:25.277+00:00][A] [INFO] [RF TX] type=2 source=0x01 destination=0xFF previousHop=0x01 sequence=6 ackSequence=0 ttl=8 hops=0 payloadSize=13 rssi=0 snr=0.00
[2026-09-02T18:56:25.279+00:00][A] [INFO] Heartbeat packet sent
[2026-09-02T18:56:25.308+00:00][A] [WARN] TX_RETRY seq=5
[2026-09-02T18:56:25.371+00:00][A] [INFO] [RF TX] type=1 source=0x01 destination=0x02 previousHop=0x01 sequence=5 ackSequence=0 ttl=8 hops=0 payloadSize=4 rssi=0 snr=0.00
[2026-09-02T18:56:25.435+00:00][A] [INFO] [RF RX] type=3 source=0x02 destination=0x01 previousHop=0x02 sequence=6 ackSequence=5 ttl=8 hops=0 payloadSize=2 rssi=-58 snr=9.25
[2026-09-02T18:56:25.436+00:00][A] [INFO] ACK_RX seq=5 source=0x02
[2026-09-02T18:56:25.439+00:00][A] [INFO] TEST_DATA_QUEUED dst=0x02 seq=7 remaining=95
[2026-09-02T18:56:25.495+00:00][A] [INFO] [RF TX] type=1 source=0x01 destination=0x02 previousHop=0x01 sequence=7 ackSequence=0 ttl=8 hops=0 payloadSize=4 rssi=0 snr=0.00
[2026-09-02T18:56:25.559+00:00][A] [INFO] [RF RX] type=3 source=0x02 destination=0x01 previousHop=0x02 sequence=7 ackSequence=7 ttl=8 hops=0 payloadSize=2 rssi=-59 snr=10.00
[2026-09-02T18:56:25.560+00:00][A] [INFO] ACK_RX seq=7 source=0x02
[2026-09-02T18:56:25.563+00:00][A] [INFO] TEST_DATA_QUEUED dst=0x02 seq=8 remaining=94
[2026-09-02T18:56:25.617+00:00][A] [INFO] [RF TX] type=1 source=0x01 destination=0x02 previousHop=0x01 sequence=8 ackSequence=0 ttl=8 hops=0 payloadSize=4 rssi=0 snr=0.00
[2026-09-02T18:56:25.683+00:00][A] [INFO] [RF RX] type=3 source=0x02 destination=0x01 previousHop=0x02 sequence=8 ackSequence=8 ttl=8 hops=0 payloadSize=2 rssi=-58 snr=9.75
[2026-09-02T18:56:25.683+00:00][A] [INFO] ACK_RX seq=8 source=0x02
[2026-09-02T18:56:25.687+00:00][A] [INFO] TEST_DATA_QUEUED dst=0x02 seq=9 remaining=93
[2026-09-02T18:56:25.741+00:00][A] [INFO] [RF TX] type=1 source=0x01 destination=0x02 previousHop=0x01 sequence=9 ackSequence=0 ttl=8 hops=0 payloadSize=4 rssi=0 snr=0.00
[2026-09-02T18:56:25.807+00:00][A] [INFO] [RF RX] type=3 source=0x02 destination=0x01 previousHop=0x02 sequence=9 ackSequence=9 ttl=8 hops=0 payloadSize=2 rssi=-59 snr=10.00
[2026-09-02T18:56:25.807+00:00][A] [INFO] ACK_RX seq=9 source=0x02
[2026-09-02T18:56:25.810+00:00][A] [INFO] TEST_DATA_QUEUED dst=0x02 seq=10 remaining=92
[2026-09-02T18:56:25.865+00:00][A] [INFO] [RF TX] type=1 source=0x01 destination=0x02 previousHop=0x01 sequence=10 ackSequence=0 ttl=8 hops=0 payloadSize=4 rssi=0 snr=0.00
[2026-09-02T18:56:25.931+00:00][A] [INFO] [RF RX] type=3 source=0x02 destination=0x01 previousHop=0x02 sequence=10 ackSequence=10 ttl=8 hops=0 payloadSize=2 rssi=-58 snr=9.75
[2026-09-02T18:56:25.931+00:00][A] [INFO] ACK_RX seq=10 source=0x02
[2026-09-02T18:56:25.934+00:00][A] [INFO] TEST_DATA_QUEUED dst=0x02 seq=11 remaining=91
[2026-09-02T18:56:25.989+00:00][A] [INFO] [RF TX] type=1 source=0x01 destination=0x02 previousHop=0x01 sequence=11 ackSequence=0 ttl=8 hops=0 payloadSize=4 rssi=0 snr=0.00
[2026-09-02T18:56:26.054+00:00][A] [INFO] [RF RX] type=3 source=0x02 destination=0x01 previousHop=0x02 sequence=11 ackSequence=11 ttl=8 hops=0 payloadSize=2 rssi=-59 snr=9.00
[2026-09-02T18:56:26.055+00:00][A] [INFO] ACK_RX seq=11 source=0x02
[2026-09-02T18:56:26.058+00:00][A] [INFO] TEST_DATA_QUEUED dst=0x02 seq=12 remaining=90
[2026-09-02T18:56:26.113+00:00][A] [INFO] [RF TX] type=1 source=0x01 destination=0x02 previousHop=0x01 sequence=12 ackSequence=0 ttl=8 hops=0 payloadSize=4 rssi=0 snr=0.00
[2026-09-02T18:56:26.178+00:00][A] [INFO] [RF RX] type=3 source=0x02 destination=0x01 previousHop=0x02 sequence=12 ackSequence=12 ttl=8 hops=0 payloadSize=2 rssi=-59 snr=10.00
[2026-09-02T18:56:26.179+00:00][A] [INFO] ACK_RX seq=12 source=0x02
[2026-09-02T18:56:26.182+00:00][A] [INFO] TEST_DATA_QUEUED dst=0x02 seq=13 remaining=89
[2026-09-02T18:56:26.237+00:00][A] [INFO] [RF TX] type=1 source=0x01 destination=0x02 previousHop=0x01 sequence=13 ackSequence=0 ttl=8 hops=0 payloadSize=4 rssi=0 snr=0.00
[2026-09-02T18:56:26.255+00:00][A] [WARN] Retry 1
[2026-09-02T18:56:26.323+00:00][A] [INFO] --------------------------------
[2026-09-02T18:56:26.323+00:00][A] [INFO] [HEARTBEAT TX]
[2026-09-02T18:56:26.327+00:00][A] [INFO] Node ID: 1
[2026-09-02T18:56:26.328+00:00][A] [INFO] type: 2
[2026-09-02T18:56:26.328+00:00][A] [INFO] Destination: 0xFF
[2026-09-02T18:56:26.333+00:00][A] [INFO] Sequence: 6
[2026-09-02T18:56:26.333+00:00][A] [INFO] Packet ID: 3
[2026-09-02T18:56:26.334+00:00][A] [INFO] Packet Size: 26
[2026-09-02T18:56:26.339+00:00][A] [INFO] Timestamp: 3 ms
[2026-09-02T18:56:26.339+00:00][A] [INFO] Transmission Result: success
[2026-09-02T18:56:26.344+00:00][A] [INFO] --------------------------------
[2026-09-02T18:56:26.344+00:00][A] [INFO] [Heartbeat #3]
[2026-09-02T18:56:26.349+00:00][A] [INFO] Sent
[2026-09-02T18:56:26.350+00:00][A] [INFO] Waiting ACK...
[2026-09-02T18:56:26.350+00:00][A] [INFO] [WAITING ACK]
[2026-09-02T18:56:26.361+00:00][A] [INFO] [RF TX] type=2 source=0x01 destination=0xFF previousHop=0x01 sequence=6 ackSequence=0 ttl=8 hops=0 payloadSize=13 rssi=0 snr=0.00
[2026-09-02T18:56:26.365+00:00][A] [INFO] Heartbeat packet sent
[2026-09-02T18:56:27.239+00:00][A] [INFO] --------------------------------
[2026-09-02T18:56:27.239+00:00][A] [INFO] [HEARTBEAT TX]
[2026-09-02T18:56:27.243+00:00][A] [INFO] Node ID: 1
[2026-09-02T18:56:27.243+00:00][A] [INFO] type: 2
[2026-09-02T18:56:27.244+00:00][A] [INFO] Destination: 0xFF
[2026-09-02T18:56:27.249+00:00][A] [INFO] Sequence: 14
[2026-09-02T18:56:27.249+00:00][A] [INFO] Packet ID: 4
[2026-09-02T18:56:27.249+00:00][A] [INFO] Packet Size: 26
[2026-09-02T18:56:27.254+00:00][A] [INFO] Timestamp: 4 ms
[2026-09-02T18:56:27.255+00:00][A] [INFO] Transmission Result: success
[2026-09-02T18:56:27.260+00:00][A] [INFO] --------------------------------
[2026-09-02T18:56:27.260+00:00][A] [INFO] [Heartbeat #4]
[2026-09-02T18:56:27.265+00:00][A] [INFO] Sent
[2026-09-02T18:56:27.266+00:00][A] [INFO] Waiting ACK...
[2026-09-02T18:56:27.266+00:00][A] [INFO] [WAITING ACK]
[2026-09-02T18:56:27.281+00:00][A] [INFO] [RF TX] type=2 source=0x01 destination=0xFF previousHop=0x01 sequence=14 ackSequence=0 ttl=8 hops=0 payloadSize=13 rssi=0 snr=0.00
[2026-09-02T18:56:27.282+00:00][A] [INFO] Heartbeat packet sent
[2026-09-02T18:56:27.282+00:00][A] [WARN] TX_RETRY seq=13
[2026-09-02T18:56:27.340+00:00][A] [INFO] [RF TX] type=1 source=0x01 destination=0x02 previousHop=0x01 sequence=13 ackSequence=0 ttl=8 hops=0 payloadSize=4 rssi=0 snr=0.00
[2026-09-02T18:56:28.255+00:00][A] [WARN] Retry 1
[2026-09-02T18:56:28.322+00:00][A] [INFO] --------------------------------
[2026-09-02T18:56:28.322+00:00][A] [INFO] [HEARTBEAT TX]
[2026-09-02T18:56:28.328+00:00][A] [INFO] Node ID: 1
[2026-09-02T18:56:28.329+00:00][A] [INFO] type: 2
[2026-09-02T18:56:28.330+00:00][A] [INFO] Destination: 0xFF
[2026-09-02T18:56:28.333+00:00][A] [INFO] Sequence: 14
[2026-09-02T18:56:28.333+00:00][A] [INFO] Packet ID: 4
[2026-09-02T18:56:28.333+00:00][A] [INFO] Packet Size: 26
[2026-09-02T18:56:28.338+00:00][A] [INFO] Timestamp: 4 ms
[2026-09-02T18:56:28.339+00:00][A] [INFO] Transmission Result: success
[2026-09-02T18:56:28.344+00:00][A] [INFO] --------------------------------
[2026-09-02T18:56:28.344+00:00][A] [INFO] [Heartbeat #4]
[2026-09-02T18:56:28.349+00:00][A] [INFO] Sent
[2026-09-02T18:56:28.350+00:00][A] [INFO] Waiting ACK...
[2026-09-02T18:56:28.350+00:00][A] [INFO] [WAITING ACK]
[2026-09-02T18:56:28.365+00:00][A] [INFO] [RF TX] type=2 source=0x01 destination=0xFF previousHop=0x01 sequence=14 ackSequence=0 ttl=8 hops=0 payloadSize=13 rssi=0 snr=0.00
[2026-09-02T18:56:28.366+00:00][A] [INFO] Heartbeat packet sent
[2026-09-02T18:56:28.366+00:00][A] [WARN] TX_RETRY seq=13
[2026-09-02T18:56:28.423+00:00][A] [INFO] [RF TX] type=1 source=0x01 destination=0x02 previousHop=0x01 sequence=13 ackSequence=0 ttl=8 hops=0 payloadSize=4 rssi=0 snr=0.00
[2026-09-02T18:56:29.239+00:00][A] [INFO] --------------------------------
[2026-09-02T18:56:29.239+00:00][A] [INFO] [HEARTBEAT TX]
[2026-09-02T18:56:29.243+00:00][A] [INFO] Node ID: 1
[2026-09-02T18:56:29.243+00:00][A] [INFO] type: 2
[2026-09-02T18:56:29.244+00:00][A] [INFO] Destination: 0xFF
[2026-09-02T18:56:29.249+00:00][A] [INFO] Sequence: 15
[2026-09-02T18:56:29.249+00:00][A] [INFO] Packet ID: 5
[2026-09-02T18:56:29.249+00:00][A] [INFO] Packet Size: 26
[2026-09-02T18:56:29.254+00:00][A] [INFO] Timestamp: 5 ms
[2026-09-02T18:56:29.255+00:00][A] [INFO] Transmission Result: success
[2026-09-02T18:56:29.260+00:00][A] [INFO] --------------------------------
[2026-09-02T18:56:29.261+00:00][A] [INFO] [Heartbeat #5]
[2026-09-02T18:56:29.266+00:00][A] [INFO] Sent
[2026-09-02T18:56:29.266+00:00][A] [INFO] Waiting ACK...
[2026-09-02T18:56:29.266+00:00][A] [INFO] [WAITING ACK]
[2026-09-02T18:56:29.279+00:00][A] [INFO] [RF TX] type=2 source=0x01 destination=0xFF previousHop=0x01 sequence=15 ackSequence=0 ttl=8 hops=0 payloadSize=13 rssi=0 snr=0.00
[2026-09-02T18:56:29.280+00:00][A] [INFO] Heartbeat packet sent
[2026-09-02T18:56:29.423+00:00][A] [WARN] TX_RETRY seq=13
[2026-09-02T18:56:29.485+00:00][A] [INFO] [RF TX] type=1 source=0x01 destination=0x02 previousHop=0x01 sequence=13 ackSequence=0 ttl=8 hops=0 payloadSize=4 rssi=0 snr=0.00
[2026-09-02T18:56:30.255+00:00][A] [WARN] Retry 1
[2026-09-02T18:56:30.322+00:00][A] [INFO] --------------------------------
[2026-09-02T18:56:30.322+00:00][A] [INFO] [HEARTBEAT TX]
[2026-09-02T18:56:30.327+00:00][A] [INFO] Node ID: 1
[2026-09-02T18:56:30.327+00:00][A] [INFO] type: 2
[2026-09-02T18:56:30.327+00:00][A] [INFO] Destination: 0xFF
[2026-09-02T18:56:30.333+00:00][A] [INFO] Sequence: 15
[2026-09-02T18:56:30.333+00:00][A] [INFO] Packet ID: 5
[2026-09-02T18:56:30.333+00:00][A] [INFO] Packet Size: 26
[2026-09-02T18:56:30.338+00:00][A] [INFO] Timestamp: 5 ms
[2026-09-02T18:56:30.338+00:00][A] [INFO] Transmission Result: success
[2026-09-02T18:56:30.344+00:00][A] [INFO] --------------------------------
[2026-09-02T18:56:30.344+00:00][A] [INFO] [Heartbeat #5]
[2026-09-02T18:56:30.349+00:00][A] [INFO] Sent
[2026-09-02T18:56:30.349+00:00][A] [INFO] Waiting ACK...
[2026-09-02T18:56:30.349+00:00][A] [INFO] [WAITING ACK]
[2026-09-02T18:56:30.363+00:00][A] [INFO] [RF TX] type=2 source=0x01 destination=0xFF previousHop=0x01 sequence=15 ackSequence=0 ttl=8 hops=0 payloadSize=13 rssi=0 snr=0.00
[2026-09-02T18:56:30.363+00:00][A] [INFO] Heartbeat packet sent
[2026-09-02T18:56:30.488+00:00][A] [ERROR] TX_FAILED
[2026-09-02T18:56:30.489+00:00][A] [WARN] ACK_FAILED seq=13
[2026-09-02T18:56:30.491+00:00][A] [INFO] TEST_DATA_QUEUED dst=0x02 seq=16 remaining=88
[2026-09-02T18:56:30.547+00:00][A] [INFO] [RF TX] type=1 source=0x01 destination=0x02 previousHop=0x01 sequence=16 ackSequence=0 ttl=8 hops=0 payloadSize=4 rssi=0 snr=0.00
[2026-09-02T18:56:30.613+00:00][A] [INFO] [RF RX] type=3 source=0x02 destination=0x01 previousHop=0x02 sequence=19 ackSequence=16 ttl=8 hops=0 payloadSize=2 rssi=-57 snr=9.75
[2026-09-02T18:56:30.613+00:00][A] [INFO] ACK_RX seq=16 source=0x02
[2026-09-02T18:56:30.616+00:00][A] [INFO] TEST_DATA_QUEUED dst=0x02 seq=17 remaining=87
[2026-09-02T18:56:30.671+00:00][A] [INFO] [RF TX] type=1 source=0x01 destination=0x02 previousHop=0x01 sequence=17 ackSequence=0 ttl=8 hops=0 payloadSize=4 rssi=0 snr=0.00
[2026-09-02T18:56:30.736+00:00][A] [INFO] [RF RX] type=3 source=0x02 destination=0x01 previousHop=0x02 sequence=20 ackSequence=17 ttl=8 hops=0 payloadSize=2 rssi=-58 snr=9.75
[2026-09-02T18:56:30.737+00:00][A] [INFO] ACK_RX seq=17 source=0x02
[2026-09-02T18:56:30.740+00:00][A] [INFO] TEST_DATA_QUEUED dst=0x02 seq=18 remaining=86
[2026-09-02T18:56:30.795+00:00][A] [INFO] [RF TX] type=1 source=0x01 destination=0x02 previousHop=0x01 sequence=18 ackSequence=0 ttl=8 hops=0 payloadSize=4 rssi=0 snr=0.00
[2026-09-02T18:56:30.860+00:00][A] [INFO] [RF RX] type=3 source=0x02 destination=0x01 previousHop=0x02 sequence=21 ackSequence=18 ttl=8 hops=0 payloadSize=2 rssi=-59 snr=9.50
[2026-09-02T18:56:30.861+00:00][A] [INFO] ACK_RX seq=18 source=0x02
[2026-09-02T18:56:30.864+00:00][A] [INFO] TEST_DATA_QUEUED dst=0x02 seq=19 remaining=85
[2026-09-02T18:56:30.919+00:00][A] [INFO] [RF TX] type=1 source=0x01 destination=0x02 previousHop=0x01 sequence=19 ackSequence=0 ttl=8 hops=0 payloadSize=4 rssi=0 snr=0.00
[2026-09-02T18:56:30.984+00:00][A] [INFO] [RF RX] type=3 source=0x02 destination=0x01 previousHop=0x02 sequence=22 ackSequence=19 ttl=8 hops=0 payloadSize=2 rssi=-59 snr=9.25
[2026-09-02T18:56:30.985+00:00][A] [INFO] ACK_RX seq=19 source=0x02
[2026-09-02T18:56:30.988+00:00][A] [INFO] TEST_DATA_QUEUED dst=0x02 seq=20 remaining=84
[2026-09-02T18:56:31.042+00:00][A] [INFO] [RF TX] type=1 source=0x01 destination=0x02 previousHop=0x01 sequence=20 ackSequence=0 ttl=8 hops=0 payloadSize=4 rssi=0 snr=0.00
[2026-09-02T18:56:31.108+00:00][A] [INFO] [RF RX] type=3 source=0x02 destination=0x01 previousHop=0x02 sequence=23 ackSequence=20 ttl=8 hops=0 payloadSize=2 rssi=-58 snr=9.50
[2026-09-02T18:56:31.108+00:00][A] [INFO] ACK_RX seq=20 source=0x02
[2026-09-02T18:56:31.112+00:00][A] [INFO] TEST_DATA_QUEUED dst=0x02 seq=21 remaining=83
[2026-09-02T18:56:31.166+00:00][A] [INFO] [RF TX] type=1 source=0x01 destination=0x02 previousHop=0x01 sequence=21 ackSequence=0 ttl=8 hops=0 payloadSize=4 rssi=0 snr=0.00
[2026-09-02T18:56:31.238+00:00][A] [INFO] --------------------------------
[2026-09-02T18:56:31.239+00:00][A] [INFO] [HEARTBEAT TX]
[2026-09-02T18:56:31.244+00:00][A] [INFO] Node ID: 1
[2026-09-02T18:56:31.244+00:00][A] [INFO] type: 2
[2026-09-02T18:56:31.245+00:00][A] [INFO] Destination: 0xFF
[2026-09-02T18:56:31.249+00:00][A] [INFO] Sequence: 22
[2026-09-02T18:56:31.249+00:00][A] [INFO] Packet ID: 6
[2026-09-02T18:56:31.250+00:00][A] [INFO] Packet Size: 26
[2026-09-02T18:56:31.254+00:00][A] [INFO] Timestamp: 6 ms
[2026-09-02T18:56:31.255+00:00][A] [INFO] Transmission Result: success
[2026-09-02T18:56:31.260+00:00][A] [INFO] --------------------------------
[2026-09-02T18:56:31.261+00:00][A] [INFO] [Heartbeat #6]
[2026-09-02T18:56:31.265+00:00][A] [INFO] Sent
[2026-09-02T18:56:31.266+00:00][A] [INFO] Waiting ACK...
[2026-09-02T18:56:31.266+00:00][A] [INFO] [WAITING ACK]
[2026-09-02T18:56:31.279+00:00][A] [INFO] [RF TX] type=2 source=0x01 destination=0xFF previousHop=0x01 sequence=22 ackSequence=0 ttl=8 hops=0 payloadSize=13 rssi=0 snr=0.00
[2026-09-02T18:56:31.280+00:00][A] [INFO] Heartbeat packet sent
[2026-09-02T18:56:32.167+00:00][A] [WARN] TX_RETRY seq=21
[2026-09-02T18:56:32.229+00:00][A] [INFO] [RF TX] type=1 source=0x01 destination=0x02 previousHop=0x01 sequence=21 ackSequence=0 ttl=8 hops=0 payloadSize=4 rssi=0 snr=0.00
[2026-09-02T18:56:32.255+00:00][A] [WARN] Retry 1
[2026-09-02T18:56:32.322+00:00][A] [INFO] --------------------------------
[2026-09-02T18:56:32.322+00:00][A] [INFO] [HEARTBEAT TX]
[2026-09-02T18:56:32.327+00:00][A] [INFO] Node ID: 1
[2026-09-02T18:56:32.327+00:00][A] [INFO] type: 2
[2026-09-02T18:56:32.328+00:00][A] [INFO] Destination: 0xFF
[2026-09-02T18:56:32.333+00:00][A] [INFO] Sequence: 22
[2026-09-02T18:56:32.333+00:00][A] [INFO] Packet ID: 6
[2026-09-02T18:56:32.333+00:00][A] [INFO] Packet Size: 26
[2026-09-02T18:56:32.338+00:00][A] [INFO] Timestamp: 6 ms
[2026-09-02T18:56:32.339+00:00][A] [INFO] Transmission Result: success
[2026-09-02T18:56:32.344+00:00][A] [INFO] --------------------------------
[2026-09-02T18:56:32.344+00:00][A] [INFO] [Heartbeat #6]
[2026-09-02T18:56:32.349+00:00][A] [INFO] Sent
[2026-09-02T18:56:32.350+00:00][A] [INFO] Waiting ACK...
[2026-09-02T18:56:32.350+00:00][A] [INFO] [WAITING ACK]
[2026-09-02T18:56:32.363+00:00][A] [INFO] [RF TX] type=2 source=0x01 destination=0xFF previousHop=0x01 sequence=22 ackSequence=0 ttl=8 hops=0 payloadSize=13 rssi=0 snr=0.00
[2026-09-02T18:56:32.363+00:00][A] [INFO] Heartbeat packet sent
[2026-09-02T18:56:33.238+00:00][A] [INFO] --------------------------------
[2026-09-02T18:56:33.239+00:00][A] [INFO] [HEARTBEAT TX]
[2026-09-02T18:56:33.243+00:00][A] [INFO] Node ID: 1
[2026-09-02T18:56:33.243+00:00][A] [INFO] type: 2
[2026-09-02T18:56:33.244+00:00][A] [INFO] Destination: 0xFF
[2026-09-02T18:56:33.249+00:00][A] [INFO] Sequence: 23
[2026-09-02T18:56:33.249+00:00][A] [INFO] Packet ID: 7
[2026-09-02T18:56:33.249+00:00][A] [INFO] Packet Size: 26
[2026-09-02T18:56:33.254+00:00][A] [INFO] Timestamp: 7 ms
[2026-09-02T18:56:33.255+00:00][A] [INFO] Transmission Result: success
[2026-09-02T18:56:33.260+00:00][A] [INFO] --------------------------------
[2026-09-02T18:56:33.260+00:00][A] [INFO] [Heartbeat #7]
[2026-09-02T18:56:33.265+00:00][A] [INFO] Sent
[2026-09-02T18:56:33.266+00:00][A] [INFO] Waiting ACK...
[2026-09-02T18:56:33.267+00:00][A] [INFO] [WAITING ACK]
[2026-09-02T18:56:33.281+00:00][A] [INFO] [RF TX] type=2 source=0x01 destination=0xFF previousHop=0x01 sequence=23 ackSequence=0 ttl=8 hops=0 payloadSize=13 rssi=0 snr=0.00
[2026-09-02T18:56:33.282+00:00][A] [INFO] Heartbeat packet sent
[2026-09-02T18:56:33.282+00:00][A] [WARN] TX_RETRY seq=21
[2026-09-02T18:56:33.339+00:00][A] [INFO] [RF TX] type=1 source=0x01 destination=0x02 previousHop=0x01 sequence=21 ackSequence=0 ttl=8 hops=0 payloadSize=4 rssi=0 snr=0.00
[2026-09-02T18:56:34.255+00:00][A] [WARN] Retry 1
[2026-09-02T18:56:34.322+00:00][A] [INFO] --------------------------------
[2026-09-02T18:56:34.322+00:00][A] [INFO] [HEARTBEAT TX]
[2026-09-02T18:56:34.327+00:00][A] [INFO] Node ID: 1
[2026-09-02T18:56:34.327+00:00][A] [INFO] type: 2
[2026-09-02T18:56:34.328+00:00][A] [INFO] Destination: 0xFF
[2026-09-02T18:56:34.333+00:00][A] [INFO] Sequence: 23
[2026-09-02T18:56:34.333+00:00][A] [INFO] Packet ID: 7
[2026-09-02T18:56:34.333+00:00][A] [INFO] Packet Size: 26
[2026-09-02T18:56:34.338+00:00][A] [INFO] Timestamp: 7 ms
[2026-09-02T18:56:34.339+00:00][A] [INFO] Transmission Result: success
[2026-09-02T18:56:34.345+00:00][A] [INFO] --------------------------------
[2026-09-02T18:56:34.345+00:00][A] [INFO] [Heartbeat #7]
[2026-09-02T18:56:34.349+00:00][A] [INFO] Sent
[2026-09-02T18:56:34.349+00:00][A] [INFO] Waiting ACK...
[2026-09-02T18:56:34.349+00:00][A] [INFO] [WAITING ACK]
[2026-09-02T18:56:34.365+00:00][A] [INFO] [RF TX] type=2 source=0x01 destination=0xFF previousHop=0x01 sequence=23 ackSequence=0 ttl=8 hops=0 payloadSize=13 rssi=0 snr=0.00
[2026-09-02T18:56:34.365+00:00][A] [INFO] Heartbeat packet sent
[2026-09-02T18:56:34.365+00:00][A] [WARN] TX_RETRY seq=21
[2026-09-02T18:56:34.423+00:00][A] [INFO] [RF TX] type=1 source=0x01 destination=0x02 previousHop=0x01 sequence=21 ackSequence=0 ttl=8 hops=0 payloadSize=4 rssi=0 snr=0.00
[2026-09-02T18:56:35.238+00:00][A] [INFO] --------------------------------
[2026-09-02T18:56:35.239+00:00][A] [INFO] [HEARTBEAT TX]
[2026-09-02T18:56:35.243+00:00][A] [INFO] Node ID: 1
[2026-09-02T18:56:35.244+00:00][A] [INFO] type: 2
[2026-09-02T18:56:35.244+00:00][A] [INFO] Destination: 0xFF
[2026-09-02T18:56:35.249+00:00][A] [INFO] Sequence: 24
[2026-09-02T18:56:35.249+00:00][A] [INFO] Packet ID: 8
[2026-09-02T18:56:35.249+00:00][A] [INFO] Packet Size: 26
[2026-09-02T18:56:35.254+00:00][A] [INFO] Timestamp: 8 ms
[2026-09-02T18:56:35.255+00:00][A] [INFO] Transmission Result: success
[2026-09-02T18:56:35.260+00:00][A] [INFO] --------------------------------
[2026-09-02T18:56:35.260+00:00][A] [INFO] [Heartbeat #8]
[2026-09-02T18:56:35.265+00:00][A] [INFO] Sent
[2026-09-02T18:56:35.266+00:00][A] [INFO] Waiting ACK...
[2026-09-02T18:56:35.266+00:00][A] [INFO] [WAITING ACK]
[2026-09-02T18:56:35.279+00:00][A] [INFO] [RF TX] type=2 source=0x01 destination=0xFF previousHop=0x01 sequence=24 ackSequence=0 ttl=8 hops=0 payloadSize=13 rssi=0 snr=0.00
[2026-09-02T18:56:35.279+00:00][A] [INFO] Heartbeat packet sent
[2026-09-02T18:56:35.426+00:00][A] [ERROR] TX_FAILED
[2026-09-02T18:56:35.426+00:00][A] [WARN] ACK_FAILED seq=21
[2026-09-02T18:56:35.429+00:00][A] [INFO] TEST_DATA_QUEUED dst=0x02 seq=25 remaining=82
[2026-09-02T18:56:35.485+00:00][A] [INFO] [RF TX] type=1 source=0x01 destination=0x02 previousHop=0x01 sequence=25 ackSequence=0 ttl=8 hops=0 payloadSize=4 rssi=0 snr=0.00
[2026-09-02T18:56:35.550+00:00][A] [INFO] [RF RX] type=3 source=0x02 destination=0x01 previousHop=0x02 sequence=29 ackSequence=25 ttl=8 hops=0 payloadSize=2 rssi=-58 snr=9.50
[2026-09-02T18:56:35.551+00:00][A] [INFO] ACK_RX seq=25 source=0x02
[2026-09-02T18:56:35.554+00:00][A] [INFO] TEST_DATA_QUEUED dst=0x02 seq=26 remaining=81
[2026-09-02T18:56:35.609+00:00][A] [INFO] [RF TX] type=1 source=0x01 destination=0x02 previousHop=0x01 sequence=26 ackSequence=0 ttl=8 hops=0 payloadSize=4 rssi=0 snr=0.00
[2026-09-02T18:56:35.674+00:00][A] [INFO] [RF RX] type=3 source=0x02 destination=0x01 previousHop=0x02 sequence=30 ackSequence=26 ttl=8 hops=0 payloadSize=2 rssi=-59 snr=9.75
[2026-09-02T18:56:35.675+00:00][A] [INFO] ACK_RX seq=26 source=0x02
[2026-09-02T18:56:35.678+00:00][A] [INFO] TEST_DATA_QUEUED dst=0x02 seq=27 remaining=80
[2026-09-02T18:56:35.733+00:00][A] [INFO] [RF TX] type=1 source=0x01 destination=0x02 previousHop=0x01 sequence=27 ackSequence=0 ttl=8 hops=0 payloadSize=4 rssi=0 snr=0.00
[2026-09-02T18:56:35.798+00:00][A] [INFO] [RF RX] type=3 source=0x02 destination=0x01 previousHop=0x02 sequence=31 ackSequence=27 ttl=8 hops=0 payloadSize=2 rssi=-59 snr=10.25
[2026-09-02T18:56:35.799+00:00][A] [INFO] ACK_RX seq=27 source=0x02
[2026-09-02T18:56:35.802+00:00][A] [INFO] TEST_DATA_QUEUED dst=0x02 seq=28 remaining=79
[2026-09-02T18:56:35.856+00:00][A] [INFO] [RF TX] type=1 source=0x01 destination=0x02 previousHop=0x01 sequence=28 ackSequence=0 ttl=8 hops=0 payloadSize=4 rssi=0 snr=0.00
[2026-09-02T18:56:35.922+00:00][A] [INFO] [RF RX] type=3 source=0x02 destination=0x01 previousHop=0x02 sequence=32 ackSequence=28 ttl=8 hops=0 payloadSize=2 rssi=-59 snr=9.50
[2026-09-02T18:56:35.923+00:00][A] [INFO] ACK_RX seq=28 source=0x02
[2026-09-02T18:56:35.926+00:00][A] [INFO] TEST_DATA_QUEUED dst=0x02 seq=29 remaining=78
[2026-09-02T18:56:35.981+00:00][A] [INFO] [RF TX] type=1 source=0x01 destination=0x02 previousHop=0x01 sequence=29 ackSequence=0 ttl=8 hops=0 payloadSize=4 rssi=0 snr=0.00
[2026-09-02T18:56:36.046+00:00][A] [INFO] [RF RX] type=3 source=0x02 destination=0x01 previousHop=0x02 sequence=33 ackSequence=29 ttl=8 hops=0 payloadSize=2 rssi=-58 snr=10.00
[2026-09-02T18:56:36.046+00:00][A] [INFO] ACK_RX seq=29 source=0x02
[2026-09-02T18:56:36.050+00:00][A] [INFO] TEST_DATA_QUEUED dst=0x02 seq=30 remaining=77
[2026-09-02T18:56:36.104+00:00][A] [INFO] [RF TX] type=1 source=0x01 destination=0x02 previousHop=0x01 sequence=30 ackSequence=0 ttl=8 hops=0 payloadSize=4 rssi=0 snr=0.00
[2026-09-02T18:56:36.169+00:00][A] [INFO] [RF RX] type=3 source=0x02 destination=0x01 previousHop=0x02 sequence=34 ackSequence=30 ttl=8 hops=0 payloadSize=2 rssi=-59 snr=9.50
[2026-09-02T18:56:36.170+00:00][A] [INFO] ACK_RX seq=30 source=0x02
[2026-09-02T18:56:36.173+00:00][A] [INFO] TEST_DATA_QUEUED dst=0x02 seq=31 remaining=76
[2026-09-02T18:56:36.228+00:00][A] [INFO] [RF TX] type=1 source=0x01 destination=0x02 previousHop=0x01 sequence=31 ackSequence=0 ttl=8 hops=0 payloadSize=4 rssi=0 snr=0.00
[2026-09-02T18:56:36.255+00:00][A] [WARN] Retry 1
[2026-09-02T18:56:36.322+00:00][A] [INFO] --------------------------------
[2026-09-02T18:56:36.322+00:00][A] [INFO] [HEARTBEAT TX]
[2026-09-02T18:56:36.327+00:00][A] [INFO] Node ID: 1
[2026-09-02T18:56:36.327+00:00][A] [INFO] type: 2
[2026-09-02T18:56:36.327+00:00][A] [INFO] Destination: 0xFF
[2026-09-02T18:56:36.333+00:00][A] [INFO] Sequence: 24
[2026-09-02T18:56:36.333+00:00][A] [INFO] Packet ID: 8
[2026-09-02T18:56:36.333+00:00][A] [INFO] Packet Size: 26
[2026-09-02T18:56:36.338+00:00][A] [INFO] Timestamp: 8 ms
[2026-09-02T18:56:36.339+00:00][A] [INFO] Transmission Result: success
[2026-09-02T18:56:36.344+00:00][A] [INFO] --------------------------------
[2026-09-02T18:56:36.344+00:00][A] [INFO] [Heartbeat #8]
[2026-09-02T18:56:36.349+00:00][A] [INFO] Sent
[2026-09-02T18:56:36.350+00:00][A] [INFO] Waiting ACK...
[2026-09-02T18:56:36.350+00:00][A] [INFO] [WAITING ACK]
[2026-09-02T18:56:36.363+00:00][A] [INFO] [RF TX] type=2 source=0x01 destination=0xFF previousHop=0x01 sequence=24 ackSequence=0 ttl=8 hops=0 payloadSize=13 rssi=0 snr=0.00
[2026-09-02T18:56:36.363+00:00][A] [INFO] Heartbeat packet sent
[2026-09-02T18:56:37.238+00:00][A] [INFO] --------------------------------
[2026-09-02T18:56:37.239+00:00][A] [INFO] [HEARTBEAT TX]
[2026-09-02T18:56:37.243+00:00][A] [INFO] Node ID: 1
[2026-09-02T18:56:37.244+00:00][A] [INFO] type: 2
[2026-09-02T18:56:37.244+00:00][A] [INFO] Destination: 0xFF
[2026-09-02T18:56:37.249+00:00][A] [INFO] Sequence: 32
[2026-09-02T18:56:37.249+00:00][A] [INFO] Packet ID: 9
[2026-09-02T18:56:37.250+00:00][A] [INFO] Packet Size: 26
[2026-09-02T18:56:37.254+00:00][A] [INFO] Timestamp: 9 ms
[2026-09-02T18:56:37.255+00:00][A] [INFO] Transmission Result: success
[2026-09-02T18:56:37.260+00:00][A] [INFO] --------------------------------
[2026-09-02T18:56:37.261+00:00][A] [INFO] [Heartbeat #9]
[2026-09-02T18:56:37.265+00:00][A] [INFO] Sent
[2026-09-02T18:56:37.266+00:00][A] [INFO] Waiting ACK...
[2026-09-02T18:56:37.266+00:00][A] [INFO] [WAITING ACK]
[2026-09-02T18:56:37.281+00:00][A] [INFO] [RF TX] type=2 source=0x01 destination=0xFF previousHop=0x01 sequence=32 ackSequence=0 ttl=8 hops=0 payloadSize=13 rssi=0 snr=0.00
[2026-09-02T18:56:37.282+00:00][A] [INFO] Heartbeat packet sent
[2026-09-02T18:56:37.282+00:00][A] [WARN] TX_RETRY seq=31
[2026-09-02T18:56:37.339+00:00][A] [INFO] [RF TX] type=1 source=0x01 destination=0x02 previousHop=0x01 sequence=31 ackSequence=0 ttl=8 hops=0 payloadSize=4 rssi=0 snr=0.00
[2026-09-02T18:56:38.255+00:00][A] [WARN] Retry 1
[2026-09-02T18:56:38.322+00:00][A] [INFO] --------------------------------
[2026-09-02T18:56:38.322+00:00][A] [INFO] [HEARTBEAT TX]
[2026-09-02T18:56:38.328+00:00][A] [INFO] Node ID: 1
[2026-09-02T18:56:38.328+00:00][A] [INFO] type: 2
[2026-09-02T18:56:38.328+00:00][A] [INFO] Destination: 0xFF
[2026-09-02T18:56:38.333+00:00][A] [INFO] Sequence: 32
[2026-09-02T18:56:38.333+00:00][A] [INFO] Packet ID: 9
[2026-09-02T18:56:38.333+00:00][A] [INFO] Packet Size: 26
[2026-09-02T18:56:38.338+00:00][A] [INFO] Timestamp: 9 ms
[2026-09-02T18:56:38.339+00:00][A] [INFO] Transmission Result: success
[2026-09-02T18:56:38.344+00:00][A] [INFO] --------------------------------
[2026-09-02T18:56:38.344+00:00][A] [INFO] [Heartbeat #9]
[2026-09-02T18:56:38.349+00:00][A] [INFO] Sent
[2026-09-02T18:56:38.350+00:00][A] [INFO] Waiting ACK...
[2026-09-02T18:56:38.350+00:00][A] [INFO] [WAITING ACK]
[2026-09-02T18:56:38.365+00:00][A] [INFO] [RF TX] type=2 source=0x01 destination=0xFF previousHop=0x01 sequence=32 ackSequence=0 ttl=8 hops=0 payloadSize=13 rssi=0 snr=0.00
[2026-09-02T18:56:38.365+00:00][A] [INFO] Heartbeat packet sent
[2026-09-02T18:56:38.365+00:00][A] [WARN] TX_RETRY seq=31
[2026-09-02T18:56:38.423+00:00][A] [INFO] [RF TX] type=1 source=0x01 destination=0x02 previousHop=0x01 sequence=31 ackSequence=0 ttl=8 hops=0 payloadSize=4 rssi=0 snr=0.00
[2026-09-02T18:56:39.237+00:00][A] [INFO] --------------------------------
[2026-09-02T18:56:39.238+00:00][A] [INFO] [HEARTBEAT TX]
[2026-09-02T18:56:39.243+00:00][A] [INFO] Node ID: 1
[2026-09-02T18:56:39.243+00:00][A] [INFO] type: 2
[2026-09-02T18:56:39.243+00:00][A] [INFO] Destination: 0xFF
[2026-09-02T18:56:39.248+00:00][A] [INFO] Sequence: 33
[2026-09-02T18:56:39.249+00:00][A] [INFO] Packet ID: 10
[2026-09-02T18:56:39.249+00:00][A] [INFO] Packet Size: 26
[2026-09-02T18:56:39.254+00:00][A] [INFO] Timestamp: 10 ms
[2026-09-02T18:56:39.254+00:00][A] [INFO] Transmission Result: success
[2026-09-02T18:56:39.260+00:00][A] [INFO] --------------------------------
[2026-09-02T18:56:39.260+00:00][A] [INFO] [Heartbeat #10]
[2026-09-02T18:56:39.265+00:00][A] [INFO] Sent
[2026-09-02T18:56:39.265+00:00][A] [INFO] Waiting ACK...
[2026-09-02T18:56:39.266+00:00][A] [INFO] [WAITING ACK]
[2026-09-02T18:56:39.279+00:00][A] [INFO] [RF TX] type=2 source=0x01 destination=0xFF previousHop=0x01 sequence=33 ackSequence=0 ttl=8 hops=0 payloadSize=13 rssi=0 snr=0.00
[2026-09-02T18:56:39.279+00:00][A] [INFO] Heartbeat packet sent
[2026-09-02T18:56:39.422+00:00][A] [WARN] TX_RETRY seq=31
[2026-09-02T18:56:39.485+00:00][A] [INFO] [RF TX] type=1 source=0x01 destination=0x02 previousHop=0x01 sequence=31 ackSequence=0 ttl=8 hops=0 payloadSize=4 rssi=0 snr=0.00
[2026-09-02T18:56:40.255+00:00][A] [WARN] Retry 1
[2026-09-02T18:56:40.322+00:00][A] [INFO] --------------------------------
[2026-09-02T18:56:40.322+00:00][A] [INFO] [HEARTBEAT TX]
[2026-09-02T18:56:40.328+00:00][A] [INFO] Node ID: 1
[2026-09-02T18:56:40.328+00:00][A] [INFO] type: 2
[2026-09-02T18:56:40.328+00:00][A] [INFO] Destination: 0xFF
[2026-09-02T18:56:40.333+00:00][A] [INFO] Sequence: 33
[2026-09-02T18:56:40.334+00:00][A] [INFO] Packet ID: 10
[2026-09-02T18:56:40.334+00:00][A] [INFO] Packet Size: 26
[2026-09-02T18:56:40.338+00:00][A] [INFO] Timestamp: 10 ms
[2026-09-02T18:56:40.339+00:00][A] [INFO] Transmission Result: success
[2026-09-02T18:56:40.344+00:00][A] [INFO] --------------------------------
[2026-09-02T18:56:40.345+00:00][A] [INFO] [Heartbeat #10]
[2026-09-02T18:56:40.349+00:00][A] [INFO] Sent
[2026-09-02T18:56:40.350+00:00][A] [INFO] Waiting ACK...
[2026-09-02T18:56:40.350+00:00][A] [INFO] [WAITING ACK]
[2026-09-02T18:56:40.363+00:00][A] [INFO] [RF TX] type=2 source=0x01 destination=0xFF previousHop=0x01 sequence=33 ackSequence=0 ttl=8 hops=0 payloadSize=13 rssi=0 snr=0.00
[2026-09-02T18:56:40.363+00:00][A] [INFO] Heartbeat packet sent
[2026-09-02T18:56:40.488+00:00][A] [ERROR] TX_FAILED
[2026-09-02T18:56:40.488+00:00][A] [WARN] ACK_FAILED seq=31
[2026-09-02T18:56:40.491+00:00][A] [INFO] TEST_DATA_QUEUED dst=0x02 seq=34 remaining=75
[2026-09-02T18:56:40.547+00:00][A] [INFO] [RF TX] type=1 source=0x01 destination=0x02 previousHop=0x01 sequence=34 ackSequence=0 ttl=8 hops=0 payloadSize=4 rssi=0 snr=0.00
[2026-09-02T18:56:40.612+00:00][A] [INFO] [RF RX] type=3 source=0x02 destination=0x01 previousHop=0x02 sequence=39 ackSequence=34 ttl=8 hops=0 payloadSize=2 rssi=-58 snr=9.50
[2026-09-02T18:56:40.613+00:00][A] [INFO] ACK_RX seq=34 source=0x02
[2026-09-02T18:56:40.616+00:00][A] [INFO] TEST_DATA_QUEUED dst=0x02 seq=35 remaining=74
[2026-09-02T18:56:40.671+00:00][A] [INFO] [RF TX] type=1 source=0x01 destination=0x02 previousHop=0x01 sequence=35 ackSequence=0 ttl=8 hops=0 payloadSize=4 rssi=0 snr=0.00
[2026-09-02T18:56:40.736+00:00][A] [INFO] [RF RX] type=3 source=0x02 destination=0x01 previousHop=0x02 sequence=40 ackSequence=35 ttl=8 hops=0 payloadSize=2 rssi=-59 snr=9.50
[2026-09-02T18:56:40.737+00:00][A] [INFO] ACK_RX seq=35 source=0x02
[2026-09-02T18:56:40.740+00:00][A] [INFO] TEST_DATA_QUEUED dst=0x02 seq=36 remaining=73
[2026-09-02T18:56:40.795+00:00][A] [INFO] [RF TX] type=1 source=0x01 destination=0x02 previousHop=0x01 sequence=36 ackSequence=0 ttl=8 hops=0 payloadSize=4 rssi=0 snr=0.00
[2026-09-02T18:56:40.860+00:00][A] [INFO] [RF RX] type=3 source=0x02 destination=0x01 previousHop=0x02 sequence=41 ackSequence=36 ttl=8 hops=0 payloadSize=2 rssi=-59 snr=9.75
[2026-09-02T18:56:40.860+00:00][A] [INFO] ACK_RX seq=36 source=0x02
[2026-09-02T18:56:40.863+00:00][A] [INFO] TEST_DATA_QUEUED dst=0x02 seq=37 remaining=72
[2026-09-02T18:56:40.918+00:00][A] [INFO] [RF TX] type=1 source=0x01 destination=0x02 previousHop=0x01 sequence=37 ackSequence=0 ttl=8 hops=0 payloadSize=4 rssi=0 snr=0.00
[2026-09-02T18:56:40.984+00:00][A] [INFO] [RF RX] type=3 source=0x02 destination=0x01 previousHop=0x02 sequence=42 ackSequence=37 ttl=8 hops=0 payloadSize=2 rssi=-60 snr=10.00
[2026-09-02T18:56:40.984+00:00][A] [INFO] ACK_RX seq=37 source=0x02
[2026-09-02T18:56:40.987+00:00][A] [INFO] TEST_DATA_QUEUED dst=0x02 seq=38 remaining=71
[2026-09-02T18:56:41.042+00:00][A] [INFO] [RF TX] type=1 source=0x01 destination=0x02 previousHop=0x01 sequence=38 ackSequence=0 ttl=8 hops=0 payloadSize=4 rssi=0 snr=0.00
[2026-09-02T18:56:41.108+00:00][A] [INFO] [RF RX] type=3 source=0x02 destination=0x01 previousHop=0x02 sequence=43 ackSequence=38 ttl=8 hops=0 payloadSize=2 rssi=-59 snr=9.75
[2026-09-02T18:56:41.108+00:00][A] [INFO] ACK_RX seq=38 source=0x02
[2026-09-02T18:56:41.111+00:00][A] [INFO] TEST_DATA_QUEUED dst=0x02 seq=39 remaining=70
[2026-09-02T18:56:41.166+00:00][A] [INFO] [RF TX] type=1 source=0x01 destination=0x02 previousHop=0x01 sequence=39 ackSequence=0 ttl=8 hops=0 payloadSize=4 rssi=0 snr=0.00
[2026-09-02T18:56:41.238+00:00][A] [INFO] --------------------------------
[2026-09-02T18:56:41.238+00:00][A] [INFO] [HEARTBEAT TX]
[2026-09-02T18:56:41.243+00:00][A] [INFO] Node ID: 1
[2026-09-02T18:56:41.243+00:00][A] [INFO] type: 2
[2026-09-02T18:56:41.244+00:00][A] [INFO] Destination: 0xFF
[2026-09-02T18:56:41.249+00:00][A] [INFO] Sequence: 40
[2026-09-02T18:56:41.249+00:00][A] [INFO] Packet ID: 11
[2026-09-02T18:56:41.249+00:00][A] [INFO] Packet Size: 26
[2026-09-02T18:56:41.254+00:00][A] [INFO] Timestamp: 11 ms
[2026-09-02T18:56:41.255+00:00][A] [INFO] Transmission Result: success
[2026-09-02T18:56:41.260+00:00][A] [INFO] --------------------------------
[2026-09-02T18:56:41.260+00:00][A] [INFO] [Heartbeat #11]
[2026-09-02T18:56:41.265+00:00][A] [INFO] Sent
[2026-09-02T18:56:41.265+00:00][A] [INFO] Waiting ACK...
[2026-09-02T18:56:41.266+00:00][A] [INFO] [WAITING ACK]
[2026-09-02T18:56:41.279+00:00][A] [INFO] [RF TX] type=2 source=0x01 destination=0xFF previousHop=0x01 sequence=40 ackSequence=0 ttl=8 hops=0 payloadSize=13 rssi=0 snr=0.00
[2026-09-02T18:56:41.280+00:00][A] [INFO] Heartbeat packet sent
[2026-09-02T18:56:42.166+00:00][A] [WARN] TX_RETRY seq=39
[2026-09-02T18:56:42.228+00:00][A] [INFO] [RF TX] type=1 source=0x01 destination=0x02 previousHop=0x01 sequence=39 ackSequence=0 ttl=8 hops=0 payloadSize=4 rssi=0 snr=0.00
[2026-09-02T18:56:42.254+00:00][A] [WARN] Retry 1
[2026-09-02T18:56:42.328+00:00][A] [INFO] --------------------------------
[2026-09-02T18:56:42.334+00:00][A] [INFO] [HEARTBEAT TX]
[2026-09-02T18:56:42.334+00:00][A] [INFO] Node ID: 1
[2026-09-02T18:56:42.334+00:00][A] [INFO] type: 2
[2026-09-02T18:56:42.334+00:00][A] [INFO] Destination: 0xFF
[2026-09-02T18:56:42.334+00:00][A] [INFO] Sequence: 40
[2026-09-02T18:56:42.334+00:00][A] [INFO] Packet ID: 11
[2026-09-02T18:56:42.335+00:00][A] [INFO] Packet Size: 26
[2026-09-02T18:56:42.370+00:00][A] [INFO] Timestamp: 11 ms
[2026-09-02T18:56:42.373+00:00][A] [INFO] Transmission Result: success
[2026-09-02T18:56:42.373+00:00][A] [INFO] --------------------------------
[2026-09-02T18:56:42.373+00:00][A] [INFO] [Heartbeat #11]
[2026-09-02T18:56:42.373+00:00][A] [INFO] Sent
[2026-09-02T18:56:42.373+00:00][A] [INFO] Waiting ACK...
[2026-09-02T18:56:42.374+00:00][A] [INFO] [WAITING ACK]
[2026-09-02T18:56:42.392+00:00][A] [INFO] [RF TX] type=2 source=0x01 destination=0xFF previousHop=0x01 sequence=40 ackSequence=0 ttl=8 hops=0 payloadSize=13 rssi=0 snr=0.00
[2026-09-02T18:56:42.392+00:00][A] [INFO] Heartbeat packet sent
[2026-09-02T18:56:43.237+00:00][A] [INFO] --------------------------------
[2026-09-02T18:56:43.238+00:00][A] [INFO] [HEARTBEAT TX]
[2026-09-02T18:56:43.243+00:00][A] [INFO] Node ID: 1
[2026-09-02T18:56:43.243+00:00][A] [INFO] type: 2
[2026-09-02T18:56:43.243+00:00][A] [INFO] Destination: 0xFF
[2026-09-02T18:56:43.248+00:00][A] [INFO] Sequence: 41
[2026-09-02T18:56:43.249+00:00][A] [INFO] Packet ID: 12
[2026-09-02T18:56:43.249+00:00][A] [INFO] Packet Size: 26
[2026-09-02T18:56:43.254+00:00][A] [INFO] Timestamp: 12 ms
[2026-09-02T18:56:43.254+00:00][A] [INFO] Transmission Result: success
[2026-09-02T18:56:43.260+00:00][A] [INFO] --------------------------------
[2026-09-02T18:56:43.260+00:00][A] [INFO] [Heartbeat #12]
[2026-09-02T18:56:43.265+00:00][A] [INFO] Sent
[2026-09-02T18:56:43.265+00:00][A] [INFO] Waiting ACK...
[2026-09-02T18:56:43.267+00:00][A] [INFO] [WAITING ACK]
[2026-09-02T18:56:43.281+00:00][A] [INFO] [RF TX] type=2 source=0x01 destination=0xFF previousHop=0x01 sequence=41 ackSequence=0 ttl=8 hops=0 payloadSize=13 rssi=0 snr=0.00
[2026-09-02T18:56:43.282+00:00][A] [INFO] Heartbeat packet sent
[2026-09-02T18:56:43.282+00:00][A] [WARN] TX_RETRY seq=39
[2026-09-02T18:56:43.339+00:00][A] [INFO] [RF TX] type=1 source=0x01 destination=0x02 previousHop=0x01 sequence=39 ackSequence=0 ttl=8 hops=0 payloadSize=4 rssi=0 snr=0.00
[2026-09-02T18:56:44.255+00:00][A] [WARN] Retry 1
[2026-09-02T18:56:44.321+00:00][A] [INFO] --------------------------------
[2026-09-02T18:56:44.322+00:00][A] [INFO] [HEARTBEAT TX]
[2026-09-02T18:56:44.327+00:00][A] [INFO] Node ID: 1
[2026-09-02T18:56:44.328+00:00][A] [INFO] type: 2
[2026-09-02T18:56:44.328+00:00][A] [INFO] Destination: 0xFF
[2026-09-02T18:56:44.333+00:00][A] [INFO] Sequence: 41
[2026-09-02T18:56:44.333+00:00][A] [INFO] Packet ID: 12
[2026-09-02T18:56:44.333+00:00][A] [INFO] Packet Size: 26
[2026-09-02T18:56:44.339+00:00][A] [INFO] Timestamp: 12 ms
[2026-09-02T18:56:44.339+00:00][A] [INFO] Transmission Result: success
[2026-09-02T18:56:44.344+00:00][A] [INFO] --------------------------------
[2026-09-02T18:56:44.344+00:00][A] [INFO] [Heartbeat #12]
[2026-09-02T18:56:44.349+00:00][A] [INFO] Sent
[2026-09-02T18:56:44.349+00:00][A] [INFO] Waiting ACK...
[2026-09-02T18:56:44.350+00:00][A] [INFO] [WAITING ACK]
[2026-09-02T18:56:44.365+00:00][A] [INFO] [RF TX] type=2 source=0x01 destination=0xFF previousHop=0x01 sequence=41 ackSequence=0 ttl=8 hops=0 payloadSize=13 rssi=0 snr=0.00
[2026-09-02T18:56:44.366+00:00][A] [INFO] Heartbeat packet sent
[2026-09-02T18:56:44.366+00:00][A] [WARN] TX_RETRY seq=39
[2026-09-02T18:56:44.423+00:00][A] [INFO] [RF TX] type=1 source=0x01 destination=0x02 previousHop=0x01 sequence=39 ackSequence=0 ttl=8 hops=0 payloadSize=4 rssi=0 snr=0.00
[2026-09-02T18:56:45.238+00:00][A] [INFO] --------------------------------
[2026-09-02T18:56:45.239+00:00][A] [INFO] [HEARTBEAT TX]
[2026-09-02T18:56:45.244+00:00][A] [INFO] Node ID: 1
[2026-09-02T18:56:45.244+00:00][A] [INFO] type: 2
[2026-09-02T18:56:45.244+00:00][A] [INFO] Destination: 0xFF
[2026-09-02T18:56:45.248+00:00][A] [INFO] Sequence: 42
[2026-09-02T18:56:45.248+00:00][A] [INFO] Packet ID: 13
[2026-09-02T18:56:45.249+00:00][A] [INFO] Packet Size: 26
[2026-09-02T18:56:45.254+00:00][A] [INFO] Timestamp: 13 ms
[2026-09-02T18:56:45.254+00:00][A] [INFO] Transmission Result: success
[2026-09-02T18:56:45.259+00:00][A] [INFO] --------------------------------
[2026-09-02T18:56:45.260+00:00][A] [INFO] [Heartbeat #13]
[2026-09-02T18:56:45.265+00:00][A] [INFO] Sent
[2026-09-02T18:56:45.265+00:00][A] [INFO] Waiting ACK...
[2026-09-02T18:56:45.265+00:00][A] [INFO] [WAITING ACK]
[2026-09-02T18:56:45.279+00:00][A] [INFO] [RF TX] type=2 source=0x01 destination=0xFF previousHop=0x01 sequence=42 ackSequence=0 ttl=8 hops=0 payloadSize=13 rssi=0 snr=0.00
[2026-09-02T18:56:45.279+00:00][A] [INFO] Heartbeat packet sent
[2026-09-02T18:56:45.426+00:00][A] [ERROR] TX_FAILED
[2026-09-02T18:56:45.426+00:00][A] [WARN] ACK_FAILED seq=39
[2026-09-02T18:56:45.429+00:00][A] [INFO] TEST_DATA_QUEUED dst=0x02 seq=43 remaining=69
[2026-09-02T18:56:45.485+00:00][A] [INFO] [RF TX] type=1 source=0x01 destination=0x02 previousHop=0x01 sequence=43 ackSequence=0 ttl=8 hops=0 payloadSize=4 rssi=0 snr=0.00
[2026-09-02T18:56:45.551+00:00][A] [INFO] [RF RX] type=3 source=0x02 destination=0x01 previousHop=0x02 sequence=49 ackSequence=43 ttl=8 hops=0 payloadSize=2 rssi=-59 snr=9.75
[2026-09-02T18:56:45.551+00:00][A] [INFO] ACK_RX seq=43 source=0x02
[2026-09-02T18:56:45.554+00:00][A] [INFO] TEST_DATA_QUEUED dst=0x02 seq=44 remaining=68
[2026-09-02T18:56:45.608+00:00][A] [INFO] [RF TX] type=1 source=0x01 destination=0x02 previousHop=0x01 sequence=44 ackSequence=0 ttl=8 hops=0 payloadSize=4 rssi=0 snr=0.00
[2026-09-02T18:56:45.674+00:00][A] [INFO] [RF RX] type=3 source=0x02 destination=0x01 previousHop=0x02 sequence=50 ackSequence=44 ttl=8 hops=0 payloadSize=2 rssi=-60 snr=10.00
[2026-09-02T18:56:45.675+00:00][A] [INFO] ACK_RX seq=44 source=0x02
[2026-09-02T18:56:45.678+00:00][A] [INFO] TEST_DATA_QUEUED dst=0x02 seq=45 remaining=67
[2026-09-02T18:56:45.736+00:00][A] [INFO] [RF TX] type=1 source=0x01 destination=0x02 previousHop=0x01 sequence=45 ackSequence=0 ttl=8 hops=0 payloadSize=4 rssi=0 snr=0.00
[2026-09-02T18:56:45.800+00:00][A] [INFO] [RF RX] type=3 source=0x02 destination=0x01 previousHop=0x02 sequence=51 ackSequence=45 ttl=8 hops=0 payloadSize=2 rssi=-61 snr=10.25
[2026-09-02T18:56:45.801+00:00][A] [INFO] ACK_RX seq=45 source=0x02
[2026-09-02T18:56:45.801+00:00][A] [INFO] TEST_DATA_QUEUED dst=0x02 seq=46 remaining=66
[2026-09-02T18:56:45.858+00:00][A] [INFO] [RF TX] type=1 source=0x01 destination=0x02 previousHop=0x01 sequence=46 ackSequence=0 ttl=8 hops=0 payloadSize=4 rssi=0 snr=0.00
[2026-09-02T18:56:45.922+00:00][A] [INFO] [RF RX] type=3 source=0x02 destination=0x01 previousHop=0x02 sequence=52 ackSequence=46 ttl=8 hops=0 payloadSize=2 rssi=-60 snr=9.75
[2026-09-02T18:56:45.922+00:00][A] [INFO] ACK_RX seq=46 source=0x02
[2026-09-02T18:56:45.925+00:00][A] [INFO] TEST_DATA_QUEUED dst=0x02 seq=47 remaining=65
[2026-09-02T18:56:45.981+00:00][A] [INFO] [RF TX] type=1 source=0x01 destination=0x02 previousHop=0x01 sequence=47 ackSequence=0 ttl=8 hops=0 payloadSize=4 rssi=0 snr=0.00
[2026-09-02T18:56:46.045+00:00][A] [INFO] [RF RX] type=3 source=0x02 destination=0x01 previousHop=0x02 sequence=53 ackSequence=47 ttl=8 hops=0 payloadSize=2 rssi=-60 snr=9.75
[2026-09-02T18:56:46.045+00:00][A] [INFO] ACK_RX seq=47 source=0x02
[2026-09-02T18:56:46.049+00:00][A] [INFO] TEST_DATA_QUEUED dst=0x02 seq=48 remaining=64
[2026-09-02T18:56:46.104+00:00][A] [INFO] [RF TX] type=1 source=0x01 destination=0x02 previousHop=0x01 sequence=48 ackSequence=0 ttl=8 hops=0 payloadSize=4 rssi=0 snr=0.00
[2026-09-02T18:56:46.169+00:00][A] [INFO] [RF RX] type=3 source=0x02 destination=0x01 previousHop=0x02 sequence=54 ackSequence=48 ttl=8 hops=0 payloadSize=2 rssi=-60 snr=10.25
[2026-09-02T18:56:46.169+00:00][A] [INFO] ACK_RX seq=48 source=0x02
[2026-09-02T18:56:46.173+00:00][A] [INFO] TEST_DATA_QUEUED dst=0x02 seq=49 remaining=63
[2026-09-02T18:56:46.228+00:00][A] [INFO] [RF TX] type=1 source=0x01 destination=0x02 previousHop=0x01 sequence=49 ackSequence=0 ttl=8 hops=0 payloadSize=4 rssi=0 snr=0.00
[2026-09-02T18:56:46.254+00:00][A] [WARN] Retry 1
[2026-09-02T18:56:46.321+00:00][A] [INFO] --------------------------------
[2026-09-02T18:56:46.321+00:00][A] [INFO] [HEARTBEAT TX]
[2026-09-02T18:56:46.327+00:00][A] [INFO] Node ID: 1
[2026-09-02T18:56:46.327+00:00][A] [INFO] type: 2
[2026-09-02T18:56:46.327+00:00][A] [INFO] Destination: 0xFF
[2026-09-02T18:56:46.332+00:00][A] [INFO] Sequence: 42
[2026-09-02T18:56:46.332+00:00][A] [INFO] Packet ID: 13
[2026-09-02T18:56:46.332+00:00][A] [INFO] Packet Size: 26
[2026-09-02T18:56:46.338+00:00][A] [INFO] Timestamp: 13 ms
[2026-09-02T18:56:46.338+00:00][A] [INFO] Transmission Result: success
[2026-09-02T18:56:46.343+00:00][A] [INFO] --------------------------------
[2026-09-02T18:56:46.343+00:00][A] [INFO] [Heartbeat #13]
[2026-09-02T18:56:46.349+00:00][A] [INFO] Sent
[2026-09-02T18:56:46.349+00:00][A] [INFO] Waiting ACK...
[2026-09-02T18:56:46.349+00:00][A] [INFO] [WAITING ACK]
[2026-09-02T18:56:46.363+00:00][A] [INFO] [RF TX] type=2 source=0x01 destination=0xFF previousHop=0x01 sequence=42 ackSequence=0 ttl=8 hops=0 payloadSize=13 rssi=0 snr=0.00
[2026-09-02T18:56:46.363+00:00][A] [INFO] Heartbeat packet sent
[2026-09-02T18:56:47.237+00:00][A] [INFO] --------------------------------
[2026-09-02T18:56:47.238+00:00][A] [INFO] [HEARTBEAT TX]
[2026-09-02T18:56:47.243+00:00][A] [INFO] Node ID: 1
[2026-09-02T18:56:47.243+00:00][A] [INFO] type: 2
[2026-09-02T18:56:47.243+00:00][A] [INFO] Destination: 0xFF
[2026-09-02T18:56:47.248+00:00][A] [INFO] Sequence: 50
[2026-09-02T18:56:47.248+00:00][A] [INFO] Packet ID: 14
[2026-09-02T18:56:47.248+00:00][A] [INFO] Packet Size: 26
[2026-09-02T18:56:47.254+00:00][A] [INFO] Timestamp: 14 ms
[2026-09-02T18:56:47.254+00:00][A] [INFO] Transmission Result: success
[2026-09-02T18:56:47.259+00:00][A] [INFO] --------------------------------
[2026-09-02T18:56:47.259+00:00][A] [INFO] [Heartbeat #14]
[2026-09-02T18:56:47.265+00:00][A] [INFO] Sent
[2026-09-02T18:56:47.265+00:00][A] [INFO] Waiting ACK...
[2026-09-02T18:56:47.265+00:00][A] [INFO] [WAITING ACK]
[2026-09-02T18:56:47.281+00:00][A] [INFO] [RF TX] type=2 source=0x01 destination=0xFF previousHop=0x01 sequence=50 ackSequence=0 ttl=8 hops=0 payloadSize=13 rssi=0 snr=0.00
[2026-09-02T18:56:47.281+00:00][A] [INFO] Heartbeat packet sent
[2026-09-02T18:56:47.281+00:00][A] [WARN] TX_RETRY seq=49
[2026-09-02T18:56:47.338+00:00][A] [INFO] [RF TX] type=1 source=0x01 destination=0x02 previousHop=0x01 sequence=49 ackSequence=0 ttl=8 hops=0 payloadSize=4 rssi=0 snr=0.00
[2026-09-02T18:56:48.254+00:00][A] [WARN] Retry 1
[2026-09-02T18:56:48.321+00:00][A] [INFO] --------------------------------
[2026-09-02T18:56:48.321+00:00][A] [INFO] [HEARTBEAT TX]
[2026-09-02T18:56:48.327+00:00][A] [INFO] Node ID: 1
[2026-09-02T18:56:48.327+00:00][A] [INFO] type: 2
[2026-09-02T18:56:48.327+00:00][A] [INFO] Destination: 0xFF
[2026-09-02T18:56:48.332+00:00][A] [INFO] Sequence: 50
[2026-09-02T18:56:48.332+00:00][A] [INFO] Packet ID: 14
[2026-09-02T18:56:48.332+00:00][A] [INFO] Packet Size: 26
[2026-09-02T18:56:48.338+00:00][A] [INFO] Timestamp: 14 ms
[2026-09-02T18:56:48.338+00:00][A] [INFO] Transmission Result: success
[2026-09-02T18:56:48.343+00:00][A] [INFO] --------------------------------
[2026-09-02T18:56:48.343+00:00][A] [INFO] [Heartbeat #14]
[2026-09-02T18:56:48.349+00:00][A] [INFO] Sent
[2026-09-02T18:56:48.349+00:00][A] [INFO] Waiting ACK...
[2026-09-02T18:56:48.349+00:00][A] [INFO] [WAITING ACK]
[2026-09-02T18:56:48.365+00:00][A] [INFO] [RF TX] type=2 source=0x01 destination=0xFF previousHop=0x01 sequence=50 ackSequence=0 ttl=8 hops=0 payloadSize=13 rssi=0 snr=0.00
[2026-09-02T18:56:48.365+00:00][A] [INFO] Heartbeat packet sent
[2026-09-02T18:56:48.365+00:00][A] [WARN] TX_RETRY seq=49
[2026-09-02T18:56:48.422+00:00][A] [INFO] [RF TX] type=1 source=0x01 destination=0x02 previousHop=0x01 sequence=49 ackSequence=0 ttl=8 hops=0 payloadSize=4 rssi=0 snr=0.00
[2026-09-02T18:56:49.237+00:00][A] [INFO] --------------------------------
[2026-09-02T18:56:49.237+00:00][A] [INFO] [HEARTBEAT TX]
[2026-09-02T18:56:49.243+00:00][A] [INFO] Node ID: 1
[2026-09-02T18:56:49.243+00:00][A] [INFO] type: 2
[2026-09-02T18:56:49.243+00:00][A] [INFO] Destination: 0xFF
[2026-09-02T18:56:49.248+00:00][A] [INFO] Sequence: 51
[2026-09-02T18:56:49.248+00:00][A] [INFO] Packet ID: 15
[2026-09-02T18:56:49.248+00:00][A] [INFO] Packet Size: 26
[2026-09-02T18:56:49.254+00:00][A] [INFO] Timestamp: 15 ms
[2026-09-02T18:56:49.254+00:00][A] [INFO] Transmission Result: success
[2026-09-02T18:56:49.259+00:00][A] [INFO] --------------------------------
[2026-09-02T18:56:49.259+00:00][A] [INFO] [Heartbeat #15]
[2026-09-02T18:56:49.265+00:00][A] [INFO] Sent
[2026-09-02T18:56:49.265+00:00][A] [INFO] Waiting ACK...
[2026-09-02T18:56:49.265+00:00][A] [INFO] [WAITING ACK]
[2026-09-02T18:56:49.279+00:00][A] [INFO] [RF TX] type=2 source=0x01 destination=0xFF previousHop=0x01 sequence=51 ackSequence=0 ttl=8 hops=0 payloadSize=13 rssi=0 snr=0.00
[2026-09-02T18:56:49.279+00:00][A] [INFO] Heartbeat packet sent
[2026-09-02T18:56:49.422+00:00][A] [WARN] TX_RETRY seq=49
[2026-09-02T18:56:49.484+00:00][A] [INFO] [RF TX] type=1 source=0x01 destination=0x02 previousHop=0x01 sequence=49 ackSequence=0 ttl=8 hops=0 payloadSize=4 rssi=0 snr=0.00
[2026-09-02T18:56:50.254+00:00][A] [WARN] Retry 1
[2026-09-02T18:56:50.321+00:00][A] [INFO] --------------------------------
[2026-09-02T18:56:50.321+00:00][A] [INFO] [HEARTBEAT TX]
[2026-09-02T18:56:50.327+00:00][A] [INFO] Node ID: 1
[2026-09-02T18:56:50.327+00:00][A] [INFO] type: 2
[2026-09-02T18:56:50.327+00:00][A] [INFO] Destination: 0xFF
[2026-09-02T18:56:50.332+00:00][A] [INFO] Sequence: 51
[2026-09-02T18:56:50.332+00:00][A] [INFO] Packet ID: 15
[2026-09-02T18:56:50.333+00:00][A] [INFO] Packet Size: 26
[2026-09-02T18:56:50.338+00:00][A] [INFO] Timestamp: 15 ms
[2026-09-02T18:56:50.338+00:00][A] [INFO] Transmission Result: success
[2026-09-02T18:56:50.343+00:00][A] [INFO] --------------------------------
[2026-09-02T18:56:50.344+00:00][A] [INFO] [Heartbeat #15]
[2026-09-02T18:56:50.349+00:00][A] [INFO] Sent
[2026-09-02T18:56:50.349+00:00][A] [INFO] Waiting ACK...
[2026-09-02T18:56:50.349+00:00][A] [INFO] [WAITING ACK]
[2026-09-02T18:56:50.363+00:00][A] [INFO] [RF TX] type=2 source=0x01 destination=0xFF previousHop=0x01 sequence=51 ackSequence=0 ttl=8 hops=0 payloadSize=13 rssi=0 snr=0.00
[2026-09-02T18:56:50.363+00:00][A] [INFO] Heartbeat packet sent
[2026-09-02T18:56:50.493+00:00][A] [ERROR] TX_FAILED
[2026-09-02T18:56:50.494+00:00][A] [WARN] ACK_FAILED seq=49
[2026-09-02T18:56:50.494+00:00][A] [INFO] TEST_DATA_QUEUED dst=0x02 seq=52 remaining=62
[2026-09-02T18:56:50.547+00:00][A] [INFO] [RF TX] type=1 source=0x01 destination=0x02 previousHop=0x01 sequence=52 ackSequence=0 ttl=8 hops=0 payloadSize=4 rssi=0 snr=0.00
[2026-09-02T18:56:50.612+00:00][A] [INFO] [RF RX] type=3 source=0x02 destination=0x01 previousHop=0x02 sequence=59 ackSequence=52 ttl=8 hops=0 payloadSize=2 rssi=-57 snr=9.50
[2026-09-02T18:56:50.613+00:00][A] [INFO] ACK_RX seq=52 source=0x02
[2026-09-02T18:56:50.616+00:00][A] [INFO] TEST_DATA_QUEUED dst=0x02 seq=53 remaining=61
[2026-09-02T18:56:50.670+00:00][A] [INFO] [RF TX] type=1 source=0x01 destination=0x02 previousHop=0x01 sequence=53 ackSequence=0 ttl=8 hops=0 payloadSize=4 rssi=0 snr=0.00
[2026-09-02T18:56:50.736+00:00][A] [INFO] [RF RX] type=3 source=0x02 destination=0x01 previousHop=0x02 sequence=60 ackSequence=53 ttl=8 hops=0 payloadSize=2 rssi=-59 snr=10.50
[2026-09-02T18:56:50.736+00:00][A] [INFO] ACK_RX seq=53 source=0x02
[2026-09-02T18:56:50.739+00:00][A] [INFO] TEST_DATA_QUEUED dst=0x02 seq=54 remaining=60
[2026-09-02T18:56:50.794+00:00][A] [INFO] [RF TX] type=1 source=0x01 destination=0x02 previousHop=0x01 sequence=54 ackSequence=0 ttl=8 hops=0 payloadSize=4 rssi=0 snr=0.00
[2026-09-02T18:56:50.860+00:00][A] [INFO] [RF RX] type=3 source=0x02 destination=0x01 previousHop=0x02 sequence=61 ackSequence=54 ttl=8 hops=0 payloadSize=2 rssi=-59 snr=9.75
[2026-09-02T18:56:50.860+00:00][A] [INFO] ACK_RX seq=54 source=0x02
[2026-09-02T18:56:50.863+00:00][A] [INFO] TEST_DATA_QUEUED dst=0x02 seq=55 remaining=59
[2026-09-02T18:56:50.918+00:00][A] [INFO] [RF TX] type=1 source=0x01 destination=0x02 previousHop=0x01 sequence=55 ackSequence=0 ttl=8 hops=0 payloadSize=4 rssi=0 snr=0.00
[2026-09-02T18:56:50.984+00:00][A] [INFO] [RF RX] type=3 source=0x02 destination=0x01 previousHop=0x02 sequence=62 ackSequence=55 ttl=8 hops=0 payloadSize=2 rssi=-59 snr=10.00
[2026-09-02T18:56:50.984+00:00][A] [INFO] ACK_RX seq=55 source=0x02
[2026-09-02T18:56:50.987+00:00][A] [INFO] TEST_DATA_QUEUED dst=0x02 seq=56 remaining=58
[2026-09-02T18:56:51.042+00:00][A] [INFO] [RF TX] type=1 source=0x01 destination=0x02 previousHop=0x01 sequence=56 ackSequence=0 ttl=8 hops=0 payloadSize=4 rssi=0 snr=0.00
[2026-09-02T18:56:51.108+00:00][A] [INFO] [RF RX] type=3 source=0x02 destination=0x01 previousHop=0x02 sequence=63 ackSequence=56 ttl=8 hops=0 payloadSize=2 rssi=-59 snr=9.50
[2026-09-02T18:56:51.108+00:00][A] [INFO] ACK_RX seq=56 source=0x02
[2026-09-02T18:56:51.111+00:00][A] [INFO] TEST_DATA_QUEUED dst=0x02 seq=57 remaining=57
[2026-09-02T18:56:51.166+00:00][A] [INFO] [RF TX] type=1 source=0x01 destination=0x02 previousHop=0x01 sequence=57 ackSequence=0 ttl=8 hops=0 payloadSize=4 rssi=0 snr=0.00
[2026-09-02T18:56:51.237+00:00][A] [INFO] --------------------------------
[2026-09-02T18:56:51.238+00:00][A] [INFO] [HEARTBEAT TX]
[2026-09-02T18:56:51.243+00:00][A] [INFO] Node ID: 1
[2026-09-02T18:56:51.243+00:00][A] [INFO] type: 2
[2026-09-02T18:56:51.243+00:00][A] [INFO] Destination: 0xFF
[2026-09-02T18:56:51.248+00:00][A] [INFO] Sequence: 58
[2026-09-02T18:56:51.248+00:00][A] [INFO] Packet ID: 16
[2026-09-02T18:56:51.249+00:00][A] [INFO] Packet Size: 26
[2026-09-02T18:56:51.254+00:00][A] [INFO] Timestamp: 16 ms
[2026-09-02T18:56:51.255+00:00][A] [INFO] Transmission Result: success
[2026-09-02T18:56:51.260+00:00][A] [INFO] --------------------------------
[2026-09-02T18:56:51.260+00:00][A] [INFO] [Heartbeat #16]
[2026-09-02T18:56:51.265+00:00][A] [INFO] Sent
[2026-09-02T18:56:51.265+00:00][A] [INFO] Waiting ACK...
[2026-09-02T18:56:51.266+00:00][A] [INFO] [WAITING ACK]
[2026-09-02T18:56:51.279+00:00][A] [INFO] [RF TX] type=2 source=0x01 destination=0xFF previousHop=0x01 sequence=58 ackSequence=0 ttl=8 hops=0 payloadSize=13 rssi=0 snr=0.00
[2026-09-02T18:56:51.279+00:00][A] [INFO] Heartbeat packet sent
[2026-09-02T18:56:52.166+00:00][A] [WARN] TX_RETRY seq=57
[2026-09-02T18:56:52.228+00:00][A] [INFO] [RF TX] type=1 source=0x01 destination=0x02 previousHop=0x01 sequence=57 ackSequence=0 ttl=8 hops=0 payloadSize=4 rssi=0 snr=0.00
[2026-09-02T18:56:52.255+00:00][A] [WARN] Retry 1
[2026-09-02T18:56:52.322+00:00][A] [INFO] --------------------------------
[2026-09-02T18:56:52.323+00:00][A] [INFO] [HEARTBEAT TX]
[2026-09-02T18:56:52.327+00:00][A] [INFO] Node ID: 1
[2026-09-02T18:56:52.327+00:00][A] [INFO] type: 2
[2026-09-02T18:56:52.328+00:00][A] [INFO] Destination: 0xFF
[2026-09-02T18:56:52.332+00:00][A] [INFO] Sequence: 58
[2026-09-02T18:56:52.333+00:00][A] [INFO] Packet ID: 16
[2026-09-02T18:56:52.333+00:00][A] [INFO] Packet Size: 26
[2026-09-02T18:56:52.338+00:00][A] [INFO] Timestamp: 16 ms
[2026-09-02T18:56:52.339+00:00][A] [INFO] Transmission Result: success
[2026-09-02T18:56:52.344+00:00][A] [INFO] --------------------------------
[2026-09-02T18:56:52.344+00:00][A] [INFO] [Heartbeat #16]
[2026-09-02T18:56:52.349+00:00][A] [INFO] Sent
[2026-09-02T18:56:52.349+00:00][A] [INFO] Waiting ACK...
[2026-09-02T18:56:52.350+00:00][A] [INFO] [WAITING ACK]
[2026-09-02T18:56:52.363+00:00][A] [INFO] [RF TX] type=2 source=0x01 destination=0xFF previousHop=0x01 sequence=58 ackSequence=0 ttl=8 hops=0 payloadSize=13 rssi=0 snr=0.00
[2026-09-02T18:56:52.363+00:00][A] [INFO] Heartbeat packet sent
[2026-09-02T18:56:53.237+00:00][A] [INFO] --------------------------------
[2026-09-02T18:56:53.238+00:00][A] [INFO] [HEARTBEAT TX]
[2026-09-02T18:56:53.243+00:00][A] [INFO] Node ID: 1
[2026-09-02T18:56:53.243+00:00][A] [INFO] type: 2
[2026-09-02T18:56:53.243+00:00][A] [INFO] Destination: 0xFF
[2026-09-02T18:56:53.248+00:00][A] [INFO] Sequence: 59
[2026-09-02T18:56:53.249+00:00][A] [INFO] Packet ID: 17
[2026-09-02T18:56:53.249+00:00][A] [INFO] Packet Size: 26
[2026-09-02T18:56:53.254+00:00][A] [INFO] Timestamp: 17 ms
[2026-09-02T18:56:53.254+00:00][A] [INFO] Transmission Result: success
[2026-09-02T18:56:53.260+00:00][A] [INFO] --------------------------------
[2026-09-02T18:56:53.260+00:00][A] [INFO] [Heartbeat #17]
[2026-09-02T18:56:53.265+00:00][A] [INFO] Sent
[2026-09-02T18:56:53.265+00:00][A] [INFO] Waiting ACK...
[2026-09-02T18:56:53.266+00:00][A] [INFO] [WAITING ACK]
[2026-09-02T18:56:53.281+00:00][A] [INFO] [RF TX] type=2 source=0x01 destination=0xFF previousHop=0x01 sequence=59 ackSequence=0 ttl=8 hops=0 payloadSize=13 rssi=0 snr=0.00
[2026-09-02T18:56:53.282+00:00][A] [INFO] Heartbeat packet sent
[2026-09-02T18:56:53.282+00:00][A] [WARN] TX_RETRY seq=57
[2026-09-02T18:56:53.338+00:00][A] [INFO] [RF TX] type=1 source=0x01 destination=0x02 previousHop=0x01 sequence=57 ackSequence=0 ttl=8 hops=0 payloadSize=4 rssi=0 snr=0.00
[2026-09-02T18:56:54.255+00:00][A] [WARN] Retry 1
[2026-09-02T18:56:54.322+00:00][A] [INFO] --------------------------------
[2026-09-02T18:56:54.323+00:00][A] [INFO] [HEARTBEAT TX]
[2026-09-02T18:56:54.327+00:00][A] [INFO] Node ID: 1
[2026-09-02T18:56:54.327+00:00][A] [INFO] type: 2
[2026-09-02T18:56:54.327+00:00][A] [INFO] Destination: 0xFF
[2026-09-02T18:56:54.332+00:00][A] [INFO] Sequence: 59
[2026-09-02T18:56:54.332+00:00][A] [INFO] Packet ID: 17
[2026-09-02T18:56:54.333+00:00][A] [INFO] Packet Size: 26
[2026-09-02T18:56:54.338+00:00][A] [INFO] Timestamp: 17 ms
[2026-09-02T18:56:54.339+00:00][A] [INFO] Transmission Result: success
[2026-09-02T18:56:54.344+00:00][A] [INFO] --------------------------------
[2026-09-02T18:56:54.344+00:00][A] [INFO] [Heartbeat #17]
[2026-09-02T18:56:54.349+00:00][A] [INFO] Sent
[2026-09-02T18:56:54.349+00:00][A] [INFO] Waiting ACK...
[2026-09-02T18:56:54.350+00:00][A] [INFO] [WAITING ACK]
[2026-09-02T18:56:54.365+00:00][A] [INFO] [RF TX] type=2 source=0x01 destination=0xFF previousHop=0x01 sequence=59 ackSequence=0 ttl=8 hops=0 payloadSize=13 rssi=0 snr=0.00
[2026-09-02T18:56:54.365+00:00][A] [INFO] Heartbeat packet sent
[2026-09-02T18:56:54.366+00:00][A] [WARN] TX_RETRY seq=57
[2026-09-02T18:56:54.423+00:00][A] [INFO] [RF TX] type=1 source=0x01 destination=0x02 previousHop=0x01 sequence=57 ackSequence=0 ttl=8 hops=0 payloadSize=4 rssi=0 snr=0.00
[2026-09-02T18:56:55.237+00:00][A] [INFO] --------------------------------
[2026-09-02T18:56:55.237+00:00][A] [INFO] [HEARTBEAT TX]
[2026-09-02T18:56:55.242+00:00][A] [INFO] Node ID: 1
[2026-09-02T18:56:55.243+00:00][A] [INFO] type: 2
[2026-09-02T18:56:55.243+00:00][A] [INFO] Destination: 0xFF
[2026-09-02T18:56:55.248+00:00][A] [INFO] Sequence: 60
[2026-09-02T18:56:55.248+00:00][A] [INFO] Packet ID: 18
[2026-09-02T18:56:55.248+00:00][A] [INFO] Packet Size: 26
[2026-09-02T18:56:55.254+00:00][A] [INFO] Timestamp: 18 ms
[2026-09-02T18:56:55.254+00:00][A] [INFO] Transmission Result: success
[2026-09-02T18:56:55.259+00:00][A] [INFO] --------------------------------
[2026-09-02T18:56:55.259+00:00][A] [INFO] [Heartbeat #18]
[2026-09-02T18:56:55.265+00:00][A] [INFO] Sent
[2026-09-02T18:56:55.265+00:00][A] [INFO] Waiting ACK...
[2026-09-02T18:56:55.265+00:00][A] [INFO] [WAITING ACK]
[2026-09-02T18:56:55.279+00:00][A] [INFO] [RF TX] type=2 source=0x01 destination=0xFF previousHop=0x01 sequence=60 ackSequence=0 ttl=8 hops=0 payloadSize=13 rssi=0 snr=0.00
[2026-09-02T18:56:55.279+00:00][A] [INFO] Heartbeat packet sent
[2026-09-02T18:56:55.425+00:00][A] [ERROR] TX_FAILED
[2026-09-02T18:56:55.426+00:00][A] [WARN] ACK_FAILED seq=57
[2026-09-02T18:56:55.429+00:00][A] [INFO] TEST_DATA_QUEUED dst=0x02 seq=61 remaining=56
[2026-09-02T18:56:55.485+00:00][A] [INFO] [RF TX] type=1 source=0x01 destination=0x02 previousHop=0x01 sequence=61 ackSequence=0 ttl=8 hops=0 payloadSize=4 rssi=0 snr=0.00
[2026-09-02T18:56:55.550+00:00][A] [INFO] [RF RX] type=3 source=0x02 destination=0x01 previousHop=0x02 sequence=69 ackSequence=61 ttl=8 hops=0 payloadSize=2 rssi=-61 snr=10.00
[2026-09-02T18:56:55.551+00:00][A] [INFO] ACK_RX seq=61 source=0x02
[2026-09-02T18:56:55.554+00:00][A] [INFO] TEST_DATA_QUEUED dst=0x02 seq=62 remaining=55
[2026-09-02T18:56:55.608+00:00][A] [INFO] [RF TX] type=1 source=0x01 destination=0x02 previousHop=0x01 sequence=62 ackSequence=0 ttl=8 hops=0 payloadSize=4 rssi=0 snr=0.00
[2026-09-02T18:56:55.674+00:00][A] [INFO] [RF RX] type=3 source=0x02 destination=0x01 previousHop=0x02 sequence=70 ackSequence=62 ttl=8 hops=0 payloadSize=2 rssi=-60 snr=10.25
[2026-09-02T18:56:55.674+00:00][A] [INFO] ACK_RX seq=62 source=0x02
[2026-09-02T18:56:55.677+00:00][A] [INFO] TEST_DATA_QUEUED dst=0x02 seq=63 remaining=54
[2026-09-02T18:56:55.732+00:00][A] [INFO] [RF TX] type=1 source=0x01 destination=0x02 previousHop=0x01 sequence=63 ackSequence=0 ttl=8 hops=0 payloadSize=4 rssi=0 snr=0.00
[2026-09-02T18:56:55.798+00:00][A] [INFO] [RF RX] type=3 source=0x02 destination=0x01 previousHop=0x02 sequence=71 ackSequence=63 ttl=8 hops=0 payloadSize=2 rssi=-60 snr=10.25
[2026-09-02T18:56:55.798+00:00][A] [INFO] ACK_RX seq=63 source=0x02
[2026-09-02T18:56:55.801+00:00][A] [INFO] TEST_DATA_QUEUED dst=0x02 seq=64 remaining=53
[2026-09-02T18:56:55.856+00:00][A] [INFO] [RF TX] type=1 source=0x01 destination=0x02 previousHop=0x01 sequence=64 ackSequence=0 ttl=8 hops=0 payloadSize=4 rssi=0 snr=0.00
[2026-09-02T18:56:55.921+00:00][A] [INFO] [RF RX] type=3 source=0x02 destination=0x01 previousHop=0x02 sequence=72 ackSequence=64 ttl=8 hops=0 payloadSize=2 rssi=-61 snr=9.75
[2026-09-02T18:56:55.921+00:00][A] [INFO] ACK_RX seq=64 source=0x02
[2026-09-02T18:56:55.925+00:00][A] [INFO] TEST_DATA_QUEUED dst=0x02 seq=65 remaining=52
[2026-09-02T18:56:55.980+00:00][A] [INFO] [RF TX] type=1 source=0x01 destination=0x02 previousHop=0x01 sequence=65 ackSequence=0 ttl=8 hops=0 payloadSize=4 rssi=0 snr=0.00
[2026-09-02T18:56:56.045+00:00][A] [INFO] [RF RX] type=3 source=0x02 destination=0x01 previousHop=0x02 sequence=73 ackSequence=65 ttl=8 hops=0 payloadSize=2 rssi=-61 snr=9.75
[2026-09-02T18:56:56.046+00:00][A] [INFO] ACK_RX seq=65 source=0x02
[2026-09-02T18:56:56.049+00:00][A] [INFO] TEST_DATA_QUEUED dst=0x02 seq=66 remaining=51
[2026-09-02T18:56:56.104+00:00][A] [INFO] [RF TX] type=1 source=0x01 destination=0x02 previousHop=0x01 sequence=66 ackSequence=0 ttl=8 hops=0 payloadSize=4 rssi=0 snr=0.00
[2026-09-02T18:56:56.169+00:00][A] [INFO] [RF RX] type=3 source=0x02 destination=0x01 previousHop=0x02 sequence=74 ackSequence=66 ttl=8 hops=0 payloadSize=2 rssi=-61 snr=9.50
[2026-09-02T18:56:56.169+00:00][A] [INFO] ACK_RX seq=66 source=0x02
[2026-09-02T18:56:56.173+00:00][A] [INFO] TEST_DATA_QUEUED dst=0x02 seq=67 remaining=50
[2026-09-02T18:56:56.228+00:00][A] [INFO] [RF TX] type=1 source=0x01 destination=0x02 previousHop=0x01 sequence=67 ackSequence=0 ttl=8 hops=0 payloadSize=4 rssi=0 snr=0.00
[2026-09-02T18:56:56.254+00:00][A] [WARN] Retry 1
[2026-09-02T18:56:56.322+00:00][A] [INFO] --------------------------------
[2026-09-02T18:56:56.322+00:00][A] [INFO] [HEARTBEAT TX]
[2026-09-02T18:56:56.327+00:00][A] [INFO] Node ID: 1
[2026-09-02T18:56:56.327+00:00][A] [INFO] type: 2
[2026-09-02T18:56:56.327+00:00][A] [INFO] Destination: 0xFF
[2026-09-02T18:56:56.332+00:00][A] [INFO] Sequence: 60
[2026-09-02T18:56:56.332+00:00][A] [INFO] Packet ID: 18
[2026-09-02T18:56:56.333+00:00][A] [INFO] Packet Size: 26
[2026-09-02T18:56:56.338+00:00][A] [INFO] Timestamp: 18 ms
[2026-09-02T18:56:56.338+00:00][A] [INFO] Transmission Result: success
[2026-09-02T18:56:56.343+00:00][A] [INFO] --------------------------------
[2026-09-02T18:56:56.344+00:00][A] [INFO] [Heartbeat #18]
[2026-09-02T18:56:56.349+00:00][A] [INFO] Sent
[2026-09-02T18:56:56.349+00:00][A] [INFO] Waiting ACK...
[2026-09-02T18:56:56.350+00:00][A] [INFO] [WAITING ACK]
[2026-09-02T18:56:56.363+00:00][A] [INFO] [RF TX] type=2 source=0x01 destination=0xFF previousHop=0x01 sequence=60 ackSequence=0 ttl=8 hops=0 payloadSize=13 rssi=0 snr=0.00
[2026-09-02T18:56:56.364+00:00][A] [INFO] Heartbeat packet sent
[2026-09-02T18:56:57.237+00:00][A] [INFO] --------------------------------
[2026-09-02T18:56:57.237+00:00][A] [INFO] [HEARTBEAT TX]
[2026-09-02T18:56:57.242+00:00][A] [INFO] Node ID: 1
[2026-09-02T18:56:57.242+00:00][A] [INFO] type: 2
[2026-09-02T18:56:57.243+00:00][A] [INFO] Destination: 0xFF
[2026-09-02T18:56:57.248+00:00][A] [INFO] Sequence: 68
[2026-09-02T18:56:57.248+00:00][A] [INFO] Packet ID: 19
[2026-09-02T18:56:57.248+00:00][A] [INFO] Packet Size: 26
[2026-09-02T18:56:57.254+00:00][A] [INFO] Timestamp: 19 ms
[2026-09-02T18:56:57.254+00:00][A] [INFO] Transmission Result: success
[2026-09-02T18:56:57.259+00:00][A] [INFO] --------------------------------
[2026-09-02T18:56:57.259+00:00][A] [INFO] [Heartbeat #19]
[2026-09-02T18:56:57.265+00:00][A] [INFO] Sent
[2026-09-02T18:56:57.265+00:00][A] [INFO] Waiting ACK...
[2026-09-02T18:56:57.265+00:00][A] [INFO] [WAITING ACK]
[2026-09-02T18:56:57.281+00:00][A] [INFO] [RF TX] type=2 source=0x01 destination=0xFF previousHop=0x01 sequence=68 ackSequence=0 ttl=8 hops=0 payloadSize=13 rssi=0 snr=0.00
[2026-09-02T18:56:57.281+00:00][A] [INFO] Heartbeat packet sent
[2026-09-02T18:56:57.281+00:00][A] [WARN] TX_RETRY seq=67
[2026-09-02T18:56:57.338+00:00][A] [INFO] [RF TX] type=1 source=0x01 destination=0x02 previousHop=0x01 sequence=67 ackSequence=0 ttl=8 hops=0 payloadSize=4 rssi=0 snr=0.00
[2026-09-02T18:56:58.254+00:00][A] [WARN] Retry 1
[2026-09-02T18:56:58.321+00:00][A] [INFO] --------------------------------
[2026-09-02T18:56:58.321+00:00][A] [INFO] [HEARTBEAT TX]
[2026-09-02T18:56:58.326+00:00][A] [INFO] Node ID: 1
[2026-09-02T18:56:58.326+00:00][A] [INFO] type: 2
[2026-09-02T18:56:58.326+00:00][A] [INFO] Destination: 0xFF
[2026-09-02T18:56:58.332+00:00][A] [INFO] Sequence: 68
[2026-09-02T18:56:58.332+00:00][A] [INFO] Packet ID: 19
[2026-09-02T18:56:58.332+00:00][A] [INFO] Packet Size: 26
[2026-09-02T18:56:58.338+00:00][A] [INFO] Timestamp: 19 ms
[2026-09-02T18:56:58.338+00:00][A] [INFO] Transmission Result: success
[2026-09-02T18:56:58.343+00:00][A] [INFO] --------------------------------
[2026-09-02T18:56:58.343+00:00][A] [INFO] [Heartbeat #19]
[2026-09-02T18:56:58.349+00:00][A] [INFO] Sent
[2026-09-02T18:56:58.349+00:00][A] [INFO] Waiting ACK...
[2026-09-02T18:56:58.349+00:00][A] [INFO] [WAITING ACK]
[2026-09-02T18:56:58.365+00:00][A] [INFO] [RF TX] type=2 source=0x01 destination=0xFF previousHop=0x01 sequence=68 ackSequence=0 ttl=8 hops=0 payloadSize=13 rssi=0 snr=0.00
[2026-09-02T18:56:58.365+00:00][A] [INFO] Heartbeat packet sent
[2026-09-02T18:56:58.365+00:00][A] [WARN] TX_RETRY seq=67
[2026-09-02T18:56:58.422+00:00][A] [INFO] [RF TX] type=1 source=0x01 destination=0x02 previousHop=0x01 sequence=67 ackSequence=0 ttl=8 hops=0 payloadSize=4 rssi=0 snr=0.00
[2026-09-02T18:56:59.237+00:00][A] [INFO] --------------------------------
[2026-09-02T18:56:59.237+00:00][A] [INFO] [HEARTBEAT TX]
[2026-09-02T18:56:59.242+00:00][A] [INFO] Node ID: 1
[2026-09-02T18:56:59.242+00:00][A] [INFO] type: 2
[2026-09-02T18:56:59.243+00:00][A] [INFO] Destination: 0xFF
[2026-09-02T18:56:59.248+00:00][A] [INFO] Sequence: 69
[2026-09-02T18:56:59.248+00:00][A] [INFO] Packet ID: 20
[2026-09-02T18:56:59.248+00:00][A] [INFO] Packet Size: 26
[2026-09-02T18:56:59.253+00:00][A] [INFO] Timestamp: 20 ms
[2026-09-02T18:56:59.254+00:00][A] [INFO] Transmission Result: success
[2026-09-02T18:56:59.259+00:00][A] [INFO] --------------------------------
[2026-09-02T18:56:59.259+00:00][A] [INFO] [Heartbeat #20]
[2026-09-02T18:56:59.265+00:00][A] [INFO] Sent
[2026-09-02T18:56:59.265+00:00][A] [INFO] Waiting ACK...
[2026-09-02T18:56:59.265+00:00][A] [INFO] [WAITING ACK]
[2026-09-02T18:56:59.279+00:00][A] [INFO] [RF TX] type=2 source=0x01 destination=0xFF previousHop=0x01 sequence=69 ackSequence=0 ttl=8 hops=0 payloadSize=13 rssi=0 snr=0.00
[2026-09-02T18:56:59.279+00:00][A] [INFO] Heartbeat packet sent
[2026-09-02T18:56:59.422+00:00][A] [WARN] TX_RETRY seq=67
[2026-09-02T18:56:59.484+00:00][A] [INFO] [RF TX] type=1 source=0x01 destination=0x02 previousHop=0x01 sequence=67 ackSequence=0 ttl=8 hops=0 payloadSize=4 rssi=0 snr=0.00
[2026-09-02T18:56:59.550+00:00][A] [INFO] [RF RX] type=3 source=0x02 destination=0x01 previousHop=0x02 sequence=77 ackSequence=67 ttl=8 hops=0 payloadSize=2 rssi=-60 snr=9.75
[2026-09-02T18:56:59.550+00:00][A] [INFO] ACK_RX seq=67 source=0x02
[2026-09-02T18:56:59.553+00:00][A] [INFO] TEST_DATA_QUEUED dst=0x02 seq=70 remaining=49
[2026-09-02T18:56:59.608+00:00][A] [INFO] [RF TX] type=1 source=0x01 destination=0x02 previousHop=0x01 sequence=70 ackSequence=0 ttl=8 hops=0 payloadSize=4 rssi=0 snr=0.00
[2026-09-02T18:56:59.673+00:00][A] [INFO] [RF RX] type=3 source=0x02 destination=0x01 previousHop=0x02 sequence=78 ackSequence=70 ttl=8 hops=0 payloadSize=2 rssi=-60 snr=9.75
[2026-09-02T18:56:59.674+00:00][A] [INFO] ACK_RX seq=70 source=0x02
[2026-09-02T18:56:59.677+00:00][A] [INFO] TEST_DATA_QUEUED dst=0x02 seq=71 remaining=48
[2026-09-02T18:56:59.732+00:00][A] [INFO] [RF TX] type=1 source=0x01 destination=0x02 previousHop=0x01 sequence=71 ackSequence=0 ttl=8 hops=0 payloadSize=4 rssi=0 snr=0.00
[2026-09-02T18:56:59.797+00:00][A] [INFO] [RF RX] type=3 source=0x02 destination=0x01 previousHop=0x02 sequence=79 ackSequence=71 ttl=8 hops=0 payloadSize=2 rssi=-60 snr=9.75
[2026-09-02T18:56:59.797+00:00][A] [INFO] ACK_RX seq=71 source=0x02
[2026-09-02T18:56:59.800+00:00][A] [INFO] TEST_DATA_QUEUED dst=0x02 seq=72 remaining=47
[2026-09-02T18:56:59.856+00:00][A] [INFO] [RF TX] type=1 source=0x01 destination=0x02 previousHop=0x01 sequence=72 ackSequence=0 ttl=8 hops=0 payloadSize=4 rssi=0 snr=0.00
[2026-09-02T18:56:59.921+00:00][A] [INFO] [RF RX] type=3 source=0x02 destination=0x01 previousHop=0x02 sequence=80 ackSequence=72 ttl=8 hops=0 payloadSize=2 rssi=-60 snr=9.75
[2026-09-02T18:56:59.921+00:00][A] [INFO] ACK_RX seq=72 source=0x02
[2026-09-02T18:56:59.924+00:00][A] [INFO] TEST_DATA_QUEUED dst=0x02 seq=73 remaining=46
[2026-09-02T18:56:59.979+00:00][A] [INFO] [RF TX] type=1 source=0x01 destination=0x02 previousHop=0x01 sequence=73 ackSequence=0 ttl=8 hops=0 payloadSize=4 rssi=0 snr=0.00
[2026-09-02T18:57:00.045+00:00][A] [INFO] [RF RX] type=3 source=0x02 destination=0x01 previousHop=0x02 sequence=81 ackSequence=73 ttl=8 hops=0 payloadSize=2 rssi=-61 snr=9.75
[2026-09-02T18:57:00.045+00:00][A] [INFO] ACK_RX seq=73 source=0x02
[2026-09-02T18:57:00.048+00:00][A] [INFO] TEST_DATA_QUEUED dst=0x02 seq=74 remaining=45
[2026-09-02T18:57:00.103+00:00][A] [INFO] [RF TX] type=1 source=0x01 destination=0x02 previousHop=0x01 sequence=74 ackSequence=0 ttl=8 hops=0 payloadSize=4 rssi=0 snr=0.00
[2026-09-02T18:57:00.169+00:00][A] [INFO] [RF RX] type=3 source=0x02 destination=0x01 previousHop=0x02 sequence=82 ackSequence=74 ttl=8 hops=0 payloadSize=2 rssi=-60 snr=9.75
[2026-09-02T18:57:00.169+00:00][A] [INFO] ACK_RX seq=74 source=0x02
[2026-09-02T18:57:00.172+00:00][A] [INFO] TEST_DATA_QUEUED dst=0x02 seq=75 remaining=44
[2026-09-02T18:57:00.227+00:00][A] [INFO] [RF TX] type=1 source=0x01 destination=0x02 previousHop=0x01 sequence=75 ackSequence=0 ttl=8 hops=0 payloadSize=4 rssi=0 snr=0.00
[2026-09-02T18:57:00.254+00:00][A] [WARN] Retry 1
[2026-09-02T18:57:00.321+00:00][A] [INFO] --------------------------------
[2026-09-02T18:57:00.321+00:00][A] [INFO] [HEARTBEAT TX]
[2026-09-02T18:57:00.326+00:00][A] [INFO] Node ID: 1
[2026-09-02T18:57:00.326+00:00][A] [INFO] type: 2
[2026-09-02T18:57:00.326+00:00][A] [INFO] Destination: 0xFF
[2026-09-02T18:57:00.332+00:00][A] [INFO] Sequence: 69
[2026-09-02T18:57:00.332+00:00][A] [INFO] Packet ID: 20
[2026-09-02T18:57:00.332+00:00][A] [INFO] Packet Size: 26
[2026-09-02T18:57:00.337+00:00][A] [INFO] Timestamp: 20 ms
[2026-09-02T18:57:00.338+00:00][A] [INFO] Transmission Result: success
[2026-09-02T18:57:00.343+00:00][A] [INFO] --------------------------------
[2026-09-02T18:57:00.343+00:00][A] [INFO] [Heartbeat #20]
[2026-09-02T18:57:00.348+00:00][A] [INFO] Sent
[2026-09-02T18:57:00.349+00:00][A] [INFO] Waiting ACK...
[2026-09-02T18:57:00.349+00:00][A] [INFO] [WAITING ACK]
[2026-09-02T18:57:00.363+00:00][A] [INFO] [RF TX] type=2 source=0x01 destination=0xFF previousHop=0x01 sequence=69 ackSequence=0 ttl=8 hops=0 payloadSize=13 rssi=0 snr=0.00
[2026-09-02T18:57:00.363+00:00][A] [INFO] Heartbeat packet sent
[2026-09-02T18:57:01.238+00:00][A] [INFO] --------------------------------
[2026-09-02T18:57:01.238+00:00][A] [INFO] [HEARTBEAT TX]
[2026-09-02T18:57:01.243+00:00][A] [INFO] Node ID: 1
[2026-09-02T18:57:01.245+00:00][A] [INFO] type: 2
[2026-09-02T18:57:01.245+00:00][A] [INFO] Destination: 0xFF
[2026-09-02T18:57:01.248+00:00][A] [INFO] Sequence: 76
[2026-09-02T18:57:01.248+00:00][A] [INFO] Packet ID: 21
[2026-09-02T18:57:01.248+00:00][A] [INFO] Packet Size: 26
[2026-09-02T18:57:01.254+00:00][A] [INFO] Timestamp: 21 ms
[2026-09-02T18:57:01.254+00:00][A] [INFO] Transmission Result: success
[2026-09-02T18:57:01.259+00:00][A] [INFO] --------------------------------
[2026-09-02T18:57:01.260+00:00][A] [INFO] [Heartbeat #21]
[2026-09-02T18:57:01.265+00:00][A] [INFO] Sent
[2026-09-02T18:57:01.265+00:00][A] [INFO] Waiting ACK...
[2026-09-02T18:57:01.265+00:00][A] [INFO] [WAITING ACK]
[2026-09-02T18:57:01.281+00:00][A] [INFO] [RF TX] type=2 source=0x01 destination=0xFF previousHop=0x01 sequence=76 ackSequence=0 ttl=8 hops=0 payloadSize=13 rssi=0 snr=0.00
[2026-09-02T18:57:01.282+00:00][A] [INFO] Heartbeat packet sent
[2026-09-02T18:57:01.282+00:00][A] [WARN] TX_RETRY seq=75
[2026-09-02T18:57:01.338+00:00][A] [INFO] [RF TX] type=1 source=0x01 destination=0x02 previousHop=0x01 sequence=75 ackSequence=0 ttl=8 hops=0 payloadSize=4 rssi=0 snr=0.00
[2026-09-02T18:57:02.254+00:00][A] [WARN] Retry 1
[2026-09-02T18:57:02.321+00:00][A] [INFO] --------------------------------
[2026-09-02T18:57:02.321+00:00][A] [INFO] [HEARTBEAT TX]
[2026-09-02T18:57:02.326+00:00][A] [INFO] Node ID: 1
[2026-09-02T18:57:02.326+00:00][A] [INFO] type: 2
[2026-09-02T18:57:02.326+00:00][A] [INFO] Destination: 0xFF
[2026-09-02T18:57:02.332+00:00][A] [INFO] Sequence: 76
[2026-09-02T18:57:02.332+00:00][A] [INFO] Packet ID: 21
[2026-09-02T18:57:02.332+00:00][A] [INFO] Packet Size: 26
[2026-09-02T18:57:02.337+00:00][A] [INFO] Timestamp: 21 ms
[2026-09-02T18:57:02.338+00:00][A] [INFO] Transmission Result: success
[2026-09-02T18:57:02.343+00:00][A] [INFO] --------------------------------
[2026-09-02T18:57:02.343+00:00][A] [INFO] [Heartbeat #21]
[2026-09-02T18:57:02.348+00:00][A] [INFO] Sent
[2026-09-02T18:57:02.349+00:00][A] [INFO] Waiting ACK...
[2026-09-02T18:57:02.349+00:00][A] [INFO] [WAITING ACK]
[2026-09-02T18:57:02.365+00:00][A] [INFO] [RF TX] type=2 source=0x01 destination=0xFF previousHop=0x01 sequence=76 ackSequence=0 ttl=8 hops=0 payloadSize=13 rssi=0 snr=0.00
[2026-09-02T18:57:02.365+00:00][A] [INFO] Heartbeat packet sent
[2026-09-02T18:57:02.365+00:00][A] [WARN] TX_RETRY seq=75
[2026-09-02T18:57:02.422+00:00][A] [INFO] [RF TX] type=1 source=0x01 destination=0x02 previousHop=0x01 sequence=75 ackSequence=0 ttl=8 hops=0 payloadSize=4 rssi=0 snr=0.00
[2026-09-02T18:57:03.237+00:00][A] [INFO] --------------------------------
[2026-09-02T18:57:03.237+00:00][A] [INFO] [HEARTBEAT TX]
[2026-09-02T18:57:03.242+00:00][A] [INFO] Node ID: 1
[2026-09-02T18:57:03.242+00:00][A] [INFO] type: 2
[2026-09-02T18:57:03.243+00:00][A] [INFO] Destination: 0xFF
[2026-09-02T18:57:03.248+00:00][A] [INFO] Sequence: 77
[2026-09-02T18:57:03.248+00:00][A] [INFO] Packet ID: 22
[2026-09-02T18:57:03.248+00:00][A] [INFO] Packet Size: 26
[2026-09-02T18:57:03.253+00:00][A] [INFO] Timestamp: 22 ms
[2026-09-02T18:57:03.254+00:00][A] [INFO] Transmission Result: success
[2026-09-02T18:57:03.259+00:00][A] [INFO] --------------------------------
[2026-09-02T18:57:03.259+00:00][A] [INFO] [Heartbeat #22]
[2026-09-02T18:57:03.265+00:00][A] [INFO] Sent
[2026-09-02T18:57:03.265+00:00][A] [INFO] Waiting ACK...
[2026-09-02T18:57:03.265+00:00][A] [INFO] [WAITING ACK]
[2026-09-02T18:57:03.279+00:00][A] [INFO] [RF TX] type=2 source=0x01 destination=0xFF previousHop=0x01 sequence=77 ackSequence=0 ttl=8 hops=0 payloadSize=13 rssi=0 snr=0.00
[2026-09-02T18:57:03.279+00:00][A] [INFO] Heartbeat packet sent
[2026-09-02T18:57:03.422+00:00][A] [WARN] TX_RETRY seq=75
[2026-09-02T18:57:03.484+00:00][A] [INFO] [RF TX] type=1 source=0x01 destination=0x02 previousHop=0x01 sequence=75 ackSequence=0 ttl=8 hops=0 payloadSize=4 rssi=0 snr=0.00
[2026-09-02T18:57:04.254+00:00][A] [WARN] Retry 1
[2026-09-02T18:57:04.321+00:00][A] [INFO] --------------------------------
[2026-09-02T18:57:04.322+00:00][A] [INFO] [HEARTBEAT TX]
[2026-09-02T18:57:04.327+00:00][A] [INFO] Node ID: 1
[2026-09-02T18:57:04.327+00:00][A] [INFO] type: 2
[2026-09-02T18:57:04.327+00:00][A] [INFO] Destination: 0xFF
[2026-09-02T18:57:04.332+00:00][A] [INFO] Sequence: 77
[2026-09-02T18:57:04.333+00:00][A] [INFO] Packet ID: 22
[2026-09-02T18:57:04.333+00:00][A] [INFO] Packet Size: 26
[2026-09-02T18:57:04.338+00:00][A] [INFO] Timestamp: 22 ms
[2026-09-02T18:57:04.338+00:00][A] [INFO] Transmission Result: success
[2026-09-02T18:57:04.344+00:00][A] [INFO] --------------------------------
[2026-09-02T18:57:04.344+00:00][A] [INFO] [Heartbeat #22]
[2026-09-02T18:57:04.349+00:00][A] [INFO] Sent
[2026-09-02T18:57:04.349+00:00][A] [INFO] Waiting ACK...
[2026-09-02T18:57:04.350+00:00][A] [INFO] [WAITING ACK]
[2026-09-02T18:57:04.363+00:00][A] [INFO] [RF TX] type=2 source=0x01 destination=0xFF previousHop=0x01 sequence=77 ackSequence=0 ttl=8 hops=0 payloadSize=13 rssi=0 snr=0.00
[2026-09-02T18:57:04.363+00:00][A] [INFO] Heartbeat packet sent
[2026-09-02T18:57:04.487+00:00][A] [ERROR] TX_FAILED
[2026-09-02T18:57:04.487+00:00][A] [WARN] ACK_FAILED seq=75
[2026-09-02T18:57:04.490+00:00][A] [INFO] TEST_DATA_QUEUED dst=0x02 seq=78 remaining=43
[2026-09-02T18:57:04.546+00:00][A] [INFO] [RF TX] type=1 source=0x01 destination=0x02 previousHop=0x01 sequence=78 ackSequence=0 ttl=8 hops=0 payloadSize=4 rssi=0 snr=0.00
[2026-09-02T18:57:04.612+00:00][A] [INFO] [RF RX] type=3 source=0x02 destination=0x01 previousHop=0x02 sequence=87 ackSequence=78 ttl=8 hops=0 payloadSize=2 rssi=-59 snr=9.75
[2026-09-02T18:57:04.612+00:00][A] [INFO] ACK_RX seq=78 source=0x02
[2026-09-02T18:57:04.615+00:00][A] [INFO] TEST_DATA_QUEUED dst=0x02 seq=79 remaining=42
[2026-09-02T18:57:04.670+00:00][A] [INFO] [RF TX] type=1 source=0x01 destination=0x02 previousHop=0x01 sequence=79 ackSequence=0 ttl=8 hops=0 payloadSize=4 rssi=0 snr=0.00
[2026-09-02T18:57:04.736+00:00][A] [INFO] [RF RX] type=3 source=0x02 destination=0x01 previousHop=0x02 sequence=88 ackSequence=79 ttl=8 hops=0 payloadSize=2 rssi=-60 snr=10.25
[2026-09-02T18:57:04.736+00:00][A] [INFO] ACK_RX seq=79 source=0x02
[2026-09-02T18:57:04.739+00:00][A] [INFO] TEST_DATA_QUEUED dst=0x02 seq=80 remaining=41
[2026-09-02T18:57:04.794+00:00][A] [INFO] [RF TX] type=1 source=0x01 destination=0x02 previousHop=0x01 sequence=80 ackSequence=0 ttl=8 hops=0 payloadSize=4 rssi=0 snr=0.00
[2026-09-02T18:57:04.859+00:00][A] [INFO] [RF RX] type=3 source=0x02 destination=0x01 previousHop=0x02 sequence=89 ackSequence=80 ttl=8 hops=0 payloadSize=2 rssi=-61 snr=9.75
[2026-09-02T18:57:04.859+00:00][A] [INFO] ACK_RX seq=80 source=0x02
[2026-09-02T18:57:04.863+00:00][A] [INFO] TEST_DATA_QUEUED dst=0x02 seq=81 remaining=40
[2026-09-02T18:57:04.918+00:00][A] [INFO] [RF TX] type=1 source=0x01 destination=0x02 previousHop=0x01 sequence=81 ackSequence=0 ttl=8 hops=0 payloadSize=4 rssi=0 snr=0.00
[2026-09-02T18:57:04.983+00:00][A] [INFO] [RF RX] type=3 source=0x02 destination=0x01 previousHop=0x02 sequence=90 ackSequence=81 ttl=8 hops=0 payloadSize=2 rssi=-61 snr=10.00
[2026-09-02T18:57:04.983+00:00][A] [INFO] ACK_RX seq=81 source=0x02
[2026-09-02T18:57:04.986+00:00][A] [INFO] TEST_DATA_QUEUED dst=0x02 seq=82 remaining=39
[2026-09-02T18:57:05.041+00:00][A] [INFO] [RF TX] type=1 source=0x01 destination=0x02 previousHop=0x01 sequence=82 ackSequence=0 ttl=8 hops=0 payloadSize=4 rssi=0 snr=0.00
[2026-09-02T18:57:05.107+00:00][A] [INFO] [RF RX] type=3 source=0x02 destination=0x01 previousHop=0x02 sequence=91 ackSequence=82 ttl=8 hops=0 payloadSize=2 rssi=-60 snr=10.00
[2026-09-02T18:57:05.107+00:00][A] [INFO] ACK_RX seq=82 source=0x02
[2026-09-02T18:57:05.110+00:00][A] [INFO] TEST_DATA_QUEUED dst=0x02 seq=83 remaining=38
[2026-09-02T18:57:05.165+00:00][A] [INFO] [RF TX] type=1 source=0x01 destination=0x02 previousHop=0x01 sequence=83 ackSequence=0 ttl=8 hops=0 payloadSize=4 rssi=0 snr=0.00
[2026-09-02T18:57:05.237+00:00][A] [INFO] --------------------------------
[2026-09-02T18:57:05.237+00:00][A] [INFO] [HEARTBEAT TX]
[2026-09-02T18:57:05.242+00:00][A] [INFO] Node ID: 1
[2026-09-02T18:57:05.242+00:00][A] [INFO] type: 2
[2026-09-02T18:57:05.242+00:00][A] [INFO] Destination: 0xFF
[2026-09-02T18:57:05.248+00:00][A] [INFO] Sequence: 84
[2026-09-02T18:57:05.248+00:00][A] [INFO] Packet ID: 23
[2026-09-02T18:57:05.248+00:00][A] [INFO] Packet Size: 26
[2026-09-02T18:57:05.253+00:00][A] [INFO] Timestamp: 23 ms
[2026-09-02T18:57:05.254+00:00][A] [INFO] Transmission Result: success
[2026-09-02T18:57:05.259+00:00][A] [INFO] --------------------------------
[2026-09-02T18:57:05.259+00:00][A] [INFO] [Heartbeat #23]
[2026-09-02T18:57:05.264+00:00][A] [INFO] Sent
[2026-09-02T18:57:05.265+00:00][A] [INFO] Waiting ACK...
[2026-09-02T18:57:05.265+00:00][A] [INFO] [WAITING ACK]
[2026-09-02T18:57:05.279+00:00][A] [INFO] [RF TX] type=2 source=0x01 destination=0xFF previousHop=0x01 sequence=84 ackSequence=0 ttl=8 hops=0 payloadSize=13 rssi=0 snr=0.00
[2026-09-02T18:57:05.279+00:00][A] [INFO] Heartbeat packet sent
[2026-09-02T18:57:06.166+00:00][A] [WARN] TX_RETRY seq=83
[2026-09-02T18:57:06.228+00:00][A] [INFO] [RF TX] type=1 source=0x01 destination=0x02 previousHop=0x01 sequence=83 ackSequence=0 ttl=8 hops=0 payloadSize=4 rssi=0 snr=0.00
[2026-09-02T18:57:06.254+00:00][A] [WARN] Retry 1
[2026-09-02T18:57:06.321+00:00][A] [INFO] --------------------------------
[2026-09-02T18:57:06.321+00:00][A] [INFO] [HEARTBEAT TX]
[2026-09-02T18:57:06.326+00:00][A] [INFO] Node ID: 1
[2026-09-02T18:57:06.326+00:00][A] [INFO] type: 2
[2026-09-02T18:57:06.326+00:00][A] [INFO] Destination: 0xFF
[2026-09-02T18:57:06.332+00:00][A] [INFO] Sequence: 84
[2026-09-02T18:57:06.332+00:00][A] [INFO] Packet ID: 23
[2026-09-02T18:57:06.332+00:00][A] [INFO] Packet Size: 26
[2026-09-02T18:57:06.337+00:00][A] [INFO] Timestamp: 23 ms
[2026-09-02T18:57:06.338+00:00][A] [INFO] Transmission Result: success
[2026-09-02T18:57:06.343+00:00][A] [INFO] --------------------------------
[2026-09-02T18:57:06.343+00:00][A] [INFO] [Heartbeat #23]
[2026-09-02T18:57:06.348+00:00][A] [INFO] Sent
[2026-09-02T18:57:06.348+00:00][A] [INFO] Waiting ACK...
[2026-09-02T18:57:06.349+00:00][A] [INFO] [WAITING ACK]
[2026-09-02T18:57:06.362+00:00][A] [INFO] [RF TX] type=2 source=0x01 destination=0xFF previousHop=0x01 sequence=84 ackSequence=0 ttl=8 hops=0 payloadSize=13 rssi=0 snr=0.00
[2026-09-02T18:57:06.363+00:00][A] [INFO] Heartbeat packet sent
[2026-09-02T18:57:07.237+00:00][A] [INFO] --------------------------------
[2026-09-02T18:57:07.237+00:00][A] [INFO] [HEARTBEAT TX]
[2026-09-02T18:57:07.242+00:00][A] [INFO] Node ID: 1
[2026-09-02T18:57:07.242+00:00][A] [INFO] type: 2
[2026-09-02T18:57:07.243+00:00][A] [INFO] Destination: 0xFF
[2026-09-02T18:57:07.248+00:00][A] [INFO] Sequence: 85
[2026-09-02T18:57:07.248+00:00][A] [INFO] Packet ID: 24
[2026-09-02T18:57:07.248+00:00][A] [INFO] Packet Size: 26
[2026-09-02T18:57:07.253+00:00][A] [INFO] Timestamp: 24 ms
[2026-09-02T18:57:07.254+00:00][A] [INFO] Transmission Result: success
[2026-09-02T18:57:07.259+00:00][A] [INFO] --------------------------------
[2026-09-02T18:57:07.259+00:00][A] [INFO] [Heartbeat #24]
[2026-09-02T18:57:07.265+00:00][A] [INFO] Sent
[2026-09-02T18:57:07.265+00:00][A] [INFO] Waiting ACK...
[2026-09-02T18:57:07.265+00:00][A] [INFO] [WAITING ACK]
[2026-09-02T18:57:07.281+00:00][A] [INFO] [RF TX] type=2 source=0x01 destination=0xFF previousHop=0x01 sequence=85 ackSequence=0 ttl=8 hops=0 payloadSize=13 rssi=0 snr=0.00
[2026-09-02T18:57:07.281+00:00][A] [INFO] Heartbeat packet sent
[2026-09-02T18:57:07.281+00:00][A] [WARN] TX_RETRY seq=83
[2026-09-02T18:57:07.338+00:00][A] [INFO] [RF TX] type=1 source=0x01 destination=0x02 previousHop=0x01 sequence=83 ackSequence=0 ttl=8 hops=0 payloadSize=4 rssi=0 snr=0.00
[2026-09-02T18:57:08.254+00:00][A] [WARN] Retry 1
[2026-09-02T18:57:08.321+00:00][A] [INFO] --------------------------------
[2026-09-02T18:57:08.321+00:00][A] [INFO] [HEARTBEAT TX]
[2026-09-02T18:57:08.326+00:00][A] [INFO] Node ID: 1
[2026-09-02T18:57:08.327+00:00][A] [INFO] type: 2
[2026-09-02T18:57:08.327+00:00][A] [INFO] Destination: 0xFF
[2026-09-02T18:57:08.332+00:00][A] [INFO] Sequence: 85
[2026-09-02T18:57:08.332+00:00][A] [INFO] Packet ID: 24
[2026-09-02T18:57:08.332+00:00][A] [INFO] Packet Size: 26
[2026-09-02T18:57:08.337+00:00][A] [INFO] Timestamp: 24 ms
[2026-09-02T18:57:08.338+00:00][A] [INFO] Transmission Result: success
[2026-09-02T18:57:08.343+00:00][A] [INFO] --------------------------------
[2026-09-02T18:57:08.343+00:00][A] [INFO] [Heartbeat #24]
[2026-09-02T18:57:08.348+00:00][A] [INFO] Sent
[2026-09-02T18:57:08.349+00:00][A] [INFO] Waiting ACK...
[2026-09-02T18:57:08.349+00:00][A] [INFO] [WAITING ACK]
[2026-09-02T18:57:08.365+00:00][A] [INFO] [RF TX] type=2 source=0x01 destination=0xFF previousHop=0x01 sequence=85 ackSequence=0 ttl=8 hops=0 payloadSize=13 rssi=0 snr=0.00
[2026-09-02T18:57:08.365+00:00][A] [INFO] Heartbeat packet sent
[2026-09-02T18:57:08.365+00:00][A] [WARN] TX_RETRY seq=83
[2026-09-02T18:57:08.422+00:00][A] [INFO] [RF TX] type=1 source=0x01 destination=0x02 previousHop=0x01 sequence=83 ackSequence=0 ttl=8 hops=0 payloadSize=4 rssi=0 snr=0.00
[2026-09-02T18:57:09.237+00:00][A] [INFO] --------------------------------
[2026-09-02T18:57:09.238+00:00][A] [INFO] [HEARTBEAT TX]
[2026-09-02T18:57:09.242+00:00][A] [INFO] Node ID: 1
[2026-09-02T18:57:09.242+00:00][A] [INFO] type: 2
[2026-09-02T18:57:09.243+00:00][A] [INFO] Destination: 0xFF
[2026-09-02T18:57:09.248+00:00][A] [INFO] Sequence: 86
[2026-09-02T18:57:09.248+00:00][A] [INFO] Packet ID: 25
[2026-09-02T18:57:09.248+00:00][A] [INFO] Packet Size: 26
[2026-09-02T18:57:09.253+00:00][A] [INFO] Timestamp: 25 ms
[2026-09-02T18:57:09.254+00:00][A] [INFO] Transmission Result: success
[2026-09-02T18:57:09.259+00:00][A] [INFO] --------------------------------
[2026-09-02T18:57:09.259+00:00][A] [INFO] [Heartbeat #25]
[2026-09-02T18:57:09.265+00:00][A] [INFO] Sent
[2026-09-02T18:57:09.265+00:00][A] [INFO] Waiting ACK...
[2026-09-02T18:57:09.265+00:00][A] [INFO] [WAITING ACK]
[2026-09-02T18:57:09.279+00:00][A] [INFO] [RF TX] type=2 source=0x01 destination=0xFF previousHop=0x01 sequence=86 ackSequence=0 ttl=8 hops=0 payloadSize=13 rssi=0 snr=0.00
[2026-09-02T18:57:09.279+00:00][A] [INFO] Heartbeat packet sent
[2026-09-02T18:57:09.425+00:00][A] [ERROR] TX_FAILED
[2026-09-02T18:57:09.426+00:00][A] [WARN] ACK_FAILED seq=83
[2026-09-02T18:57:09.429+00:00][A] [INFO] TEST_DATA_QUEUED dst=0x02 seq=87 remaining=37
[2026-09-02T18:57:09.484+00:00][A] [INFO] [RF TX] type=1 source=0x01 destination=0x02 previousHop=0x01 sequence=87 ackSequence=0 ttl=8 hops=0 payloadSize=4 rssi=0 snr=0.00
[2026-09-02T18:57:09.550+00:00][A] [INFO] [RF RX] type=3 source=0x02 destination=0x01 previousHop=0x02 sequence=97 ackSequence=87 ttl=8 hops=0 payloadSize=2 rssi=-59 snr=9.75
[2026-09-02T18:57:09.550+00:00][A] [INFO] ACK_RX seq=87 source=0x02
[2026-09-02T18:57:09.553+00:00][A] [INFO] TEST_DATA_QUEUED dst=0x02 seq=88 remaining=36
[2026-09-02T18:57:09.608+00:00][A] [INFO] [RF TX] type=1 source=0x01 destination=0x02 previousHop=0x01 sequence=88 ackSequence=0 ttl=8 hops=0 payloadSize=4 rssi=0 snr=0.00
[2026-09-02T18:57:09.674+00:00][A] [INFO] [RF RX] type=3 source=0x02 destination=0x01 previousHop=0x02 sequence=98 ackSequence=88 ttl=8 hops=0 payloadSize=2 rssi=-61 snr=9.75
[2026-09-02T18:57:09.674+00:00][A] [INFO] ACK_RX seq=88 source=0x02
[2026-09-02T18:57:09.677+00:00][A] [INFO] TEST_DATA_QUEUED dst=0x02 seq=89 remaining=35
[2026-09-02T18:57:09.732+00:00][A] [INFO] [RF TX] type=1 source=0x01 destination=0x02 previousHop=0x01 sequence=89 ackSequence=0 ttl=8 hops=0 payloadSize=4 rssi=0 snr=0.00
[2026-09-02T18:57:09.798+00:00][A] [INFO] [RF RX] type=3 source=0x02 destination=0x01 previousHop=0x02 sequence=99 ackSequence=89 ttl=8 hops=0 payloadSize=2 rssi=-60 snr=9.75
[2026-09-02T18:57:09.798+00:00][A] [INFO] ACK_RX seq=89 source=0x02
[2026-09-02T18:57:09.801+00:00][A] [INFO] TEST_DATA_QUEUED dst=0x02 seq=90 remaining=34
[2026-09-02T18:57:09.856+00:00][A] [INFO] [RF TX] type=1 source=0x01 destination=0x02 previousHop=0x01 sequence=90 ackSequence=0 ttl=8 hops=0 payloadSize=4 rssi=0 snr=0.00
[2026-09-02T18:57:09.921+00:00][A] [INFO] [RF RX] type=3 source=0x02 destination=0x01 previousHop=0x02 sequence=100 ackSequence=90 ttl=8 hops=0 payloadSize=2 rssi=-59 snr=10.50
[2026-09-02T18:57:09.921+00:00][A] [INFO] ACK_RX seq=90 source=0x02
[2026-09-02T18:57:09.925+00:00][A] [INFO] TEST_DATA_QUEUED dst=0x02 seq=91 remaining=33
[2026-09-02T18:57:09.980+00:00][A] [INFO] [RF TX] type=1 source=0x01 destination=0x02 previousHop=0x01 sequence=91 ackSequence=0 ttl=8 hops=0 payloadSize=4 rssi=0 snr=0.00
[2026-09-02T18:57:10.045+00:00][A] [INFO] [RF RX] type=3 source=0x02 destination=0x01 previousHop=0x02 sequence=101 ackSequence=91 ttl=8 hops=0 payloadSize=2 rssi=-60 snr=9.75
[2026-09-02T18:57:10.045+00:00][A] [INFO] ACK_RX seq=91 source=0x02
[2026-09-02T18:57:10.049+00:00][A] [INFO] TEST_DATA_QUEUED dst=0x02 seq=92 remaining=32
[2026-09-02T18:57:10.103+00:00][A] [INFO] [RF TX] type=1 source=0x01 destination=0x02 previousHop=0x01 sequence=92 ackSequence=0 ttl=8 hops=0 payloadSize=4 rssi=0 snr=0.00
[2026-09-02T18:57:10.169+00:00][A] [INFO] [RF RX] type=3 source=0x02 destination=0x01 previousHop=0x02 sequence=102 ackSequence=92 ttl=8 hops=0 payloadSize=2 rssi=-60 snr=9.25
[2026-09-02T18:57:10.169+00:00][A] [INFO] ACK_RX seq=92 source=0x02
[2026-09-02T18:57:10.172+00:00][A] [INFO] TEST_DATA_QUEUED dst=0x02 seq=93 remaining=31
[2026-09-02T18:57:10.227+00:00][A] [INFO] [RF TX] type=1 source=0x01 destination=0x02 previousHop=0x01 sequence=93 ackSequence=0 ttl=8 hops=0 payloadSize=4 rssi=0 snr=0.00
[2026-09-02T18:57:10.254+00:00][A] [WARN] Retry 1
[2026-09-02T18:57:10.321+00:00][A] [INFO] --------------------------------
[2026-09-02T18:57:10.321+00:00][A] [INFO] [HEARTBEAT TX]
[2026-09-02T18:57:10.326+00:00][A] [INFO] Node ID: 1
[2026-09-02T18:57:10.326+00:00][A] [INFO] type: 2
[2026-09-02T18:57:10.326+00:00][A] [INFO] Destination: 0xFF
[2026-09-02T18:57:10.332+00:00][A] [INFO] Sequence: 86
[2026-09-02T18:57:10.332+00:00][A] [INFO] Packet ID: 25
[2026-09-02T18:57:10.332+00:00][A] [INFO] Packet Size: 26
[2026-09-02T18:57:10.337+00:00][A] [INFO] Timestamp: 25 ms
[2026-09-02T18:57:10.337+00:00][A] [INFO] Transmission Result: success
[2026-09-02T18:57:10.343+00:00][A] [INFO] --------------------------------
[2026-09-02T18:57:10.343+00:00][A] [INFO] [Heartbeat #25]
[2026-09-02T18:57:10.348+00:00][A] [INFO] Sent
[2026-09-02T18:57:10.348+00:00][A] [INFO] Waiting ACK...
[2026-09-02T18:57:10.348+00:00][A] [INFO] [WAITING ACK]
[2026-09-02T18:57:10.362+00:00][A] [INFO] [RF TX] type=2 source=0x01 destination=0xFF previousHop=0x01 sequence=86 ackSequence=0 ttl=8 hops=0 payloadSize=13 rssi=0 snr=0.00
[2026-09-02T18:57:10.363+00:00][A] [INFO] Heartbeat packet sent
[2026-09-02T18:57:11.237+00:00][A] [INFO] --------------------------------
[2026-09-02T18:57:11.237+00:00][A] [INFO] [HEARTBEAT TX]
[2026-09-02T18:57:11.242+00:00][A] [INFO] Node ID: 1
[2026-09-02T18:57:11.242+00:00][A] [INFO] type: 2
[2026-09-02T18:57:11.243+00:00][A] [INFO] Destination: 0xFF
[2026-09-02T18:57:11.248+00:00][A] [INFO] Sequence: 94
[2026-09-02T18:57:11.248+00:00][A] [INFO] Packet ID: 26
[2026-09-02T18:57:11.248+00:00][A] [INFO] Packet Size: 26
[2026-09-02T18:57:11.253+00:00][A] [INFO] Timestamp: 26 ms
[2026-09-02T18:57:11.254+00:00][A] [INFO] Transmission Result: success
[2026-09-02T18:57:11.259+00:00][A] [INFO] --------------------------------
[2026-09-02T18:57:11.259+00:00][A] [INFO] [Heartbeat #26]
[2026-09-02T18:57:11.265+00:00][A] [INFO] Sent
[2026-09-02T18:57:11.266+00:00][A] [INFO] Waiting ACK...
[2026-09-02T18:57:11.266+00:00][A] [INFO] [WAITING ACK]
[2026-09-02T18:57:11.281+00:00][A] [INFO] [RF TX] type=2 source=0x01 destination=0xFF previousHop=0x01 sequence=94 ackSequence=0 ttl=8 hops=0 payloadSize=13 rssi=0 snr=0.00
[2026-09-02T18:57:11.281+00:00][A] [INFO] Heartbeat packet sent
[2026-09-02T18:57:11.282+00:00][A] [WARN] TX_RETRY seq=93
[2026-09-02T18:57:11.338+00:00][A] [INFO] [RF TX] type=1 source=0x01 destination=0x02 previousHop=0x01 sequence=93 ackSequence=0 ttl=8 hops=0 payloadSize=4 rssi=0 snr=0.00
[2026-09-02T18:57:12.254+00:00][A] [WARN] Retry 1
[2026-09-02T18:57:12.321+00:00][A] [INFO] --------------------------------
[2026-09-02T18:57:12.322+00:00][A] [INFO] [HEARTBEAT TX]
[2026-09-02T18:57:12.326+00:00][A] [INFO] Node ID: 1
[2026-09-02T18:57:12.327+00:00][A] [INFO] type: 2
[2026-09-02T18:57:12.327+00:00][A] [INFO] Destination: 0xFF
[2026-09-02T18:57:12.332+00:00][A] [INFO] Sequence: 94
[2026-09-02T18:57:12.332+00:00][A] [INFO] Packet ID: 26
[2026-09-02T18:57:12.333+00:00][A] [INFO] Packet Size: 26
[2026-09-02T18:57:12.338+00:00][A] [INFO] Timestamp: 26 ms
[2026-09-02T18:57:12.338+00:00][A] [INFO] Transmission Result: success
[2026-09-02T18:57:12.343+00:00][A] [INFO] --------------------------------
[2026-09-02T18:57:12.343+00:00][A] [INFO] [Heartbeat #26]
[2026-09-02T18:57:12.348+00:00][A] [INFO] Sent
[2026-09-02T18:57:12.349+00:00][A] [INFO] Waiting ACK...
[2026-09-02T18:57:12.349+00:00][A] [INFO] [WAITING ACK]
[2026-09-02T18:57:12.365+00:00][A] [INFO] [RF TX] type=2 source=0x01 destination=0xFF previousHop=0x01 sequence=94 ackSequence=0 ttl=8 hops=0 payloadSize=13 rssi=0 snr=0.00
[2026-09-02T18:57:12.365+00:00][A] [INFO] Heartbeat packet sent
[2026-09-02T18:57:12.365+00:00][A] [WARN] TX_RETRY seq=93
[2026-09-02T18:57:12.422+00:00][A] [INFO] [RF TX] type=1 source=0x01 destination=0x02 previousHop=0x01 sequence=93 ackSequence=0 ttl=8 hops=0 payloadSize=4 rssi=0 snr=0.00
[2026-09-02T18:57:13.238+00:00][A] [INFO] --------------------------------
[2026-09-02T18:57:13.239+00:00][A] [INFO] [HEARTBEAT TX]
[2026-09-02T18:57:13.242+00:00][A] [INFO] Node ID: 1
[2026-09-02T18:57:13.243+00:00][A] [INFO] type: 2
[2026-09-02T18:57:13.243+00:00][A] [INFO] Destination: 0xFF
[2026-09-02T18:57:13.248+00:00][A] [INFO] Sequence: 95
[2026-09-02T18:57:13.248+00:00][A] [INFO] Packet ID: 27
[2026-09-02T18:57:13.249+00:00][A] [INFO] Packet Size: 26
[2026-09-02T18:57:13.254+00:00][A] [INFO] Timestamp: 27 ms
[2026-09-02T18:57:13.254+00:00][A] [INFO] Transmission Result: success
[2026-09-02T18:57:13.259+00:00][A] [INFO] --------------------------------
[2026-09-02T18:57:13.259+00:00][A] [INFO] [Heartbeat #27]
[2026-09-02T18:57:13.264+00:00][A] [INFO] Sent
[2026-09-02T18:57:13.265+00:00][A] [INFO] Waiting ACK...
[2026-09-02T18:57:13.265+00:00][A] [INFO] [WAITING ACK]
[2026-09-02T18:57:13.279+00:00][A] [INFO] [RF TX] type=2 source=0x01 destination=0xFF previousHop=0x01 sequence=95 ackSequence=0 ttl=8 hops=0 payloadSize=13 rssi=0 snr=0.00
[2026-09-02T18:57:13.279+00:00][A] [INFO] Heartbeat packet sent
[2026-09-02T18:57:13.422+00:00][A] [WARN] TX_RETRY seq=93
[2026-09-02T18:57:13.484+00:00][A] [INFO] [RF TX] type=1 source=0x01 destination=0x02 previousHop=0x01 sequence=93 ackSequence=0 ttl=8 hops=0 payloadSize=4 rssi=0 snr=0.00
[2026-09-02T18:57:14.254+00:00][A] [WARN] Retry 1
[2026-09-02T18:57:14.321+00:00][A] [INFO] --------------------------------
[2026-09-02T18:57:14.321+00:00][A] [INFO] [HEARTBEAT TX]
[2026-09-02T18:57:14.326+00:00][A] [INFO] Node ID: 1
[2026-09-02T18:57:14.326+00:00][A] [INFO] type: 2
[2026-09-02T18:57:14.326+00:00][A] [INFO] Destination: 0xFF
[2026-09-02T18:57:14.332+00:00][A] [INFO] Sequence: 95
[2026-09-02T18:57:14.332+00:00][A] [INFO] Packet ID: 27
[2026-09-02T18:57:14.332+00:00][A] [INFO] Packet Size: 26
[2026-09-02T18:57:14.337+00:00][A] [INFO] Timestamp: 27 ms
[2026-09-02T18:57:14.337+00:00][A] [INFO] Transmission Result: success
[2026-09-02T18:57:14.343+00:00][A] [INFO] --------------------------------
[2026-09-02T18:57:14.343+00:00][A] [INFO] [Heartbeat #27]
[2026-09-02T18:57:14.348+00:00][A] [INFO] Sent
[2026-09-02T18:57:14.349+00:00][A] [INFO] Waiting ACK...
[2026-09-02T18:57:14.349+00:00][A] [INFO] [WAITING ACK]
[2026-09-02T18:57:14.362+00:00][A] [INFO] [RF TX] type=2 source=0x01 destination=0xFF previousHop=0x01 sequence=95 ackSequence=0 ttl=8 hops=0 payloadSize=13 rssi=0 snr=0.00
[2026-09-02T18:57:14.363+00:00][A] [INFO] Heartbeat packet sent
[2026-09-02T18:57:14.488+00:00][A] [ERROR] TX_FAILED
[2026-09-02T18:57:14.488+00:00][A] [WARN] ACK_FAILED seq=93
[2026-09-02T18:57:14.490+00:00][A] [INFO] TEST_DATA_QUEUED dst=0x02 seq=96 remaining=30
[2026-09-02T18:57:14.547+00:00][A] [INFO] [RF TX] type=1 source=0x01 destination=0x02 previousHop=0x01 sequence=96 ackSequence=0 ttl=8 hops=0 payloadSize=4 rssi=0 snr=0.00
[2026-09-02T18:57:14.612+00:00][A] [INFO] [RF RX] type=3 source=0x02 destination=0x01 previousHop=0x02 sequence=107 ackSequence=96 ttl=8 hops=0 payloadSize=2 rssi=-59 snr=9.75
[2026-09-02T18:57:14.612+00:00][A] [INFO] ACK_RX seq=96 source=0x02
[2026-09-02T18:57:14.615+00:00][A] [INFO] TEST_DATA_QUEUED dst=0x02 seq=97 remaining=29
[2026-09-02T18:57:14.671+00:00][A] [INFO] [RF TX] type=1 source=0x01 destination=0x02 previousHop=0x01 sequence=97 ackSequence=0 ttl=8 hops=0 payloadSize=4 rssi=0 snr=0.00
[2026-09-02T18:57:14.736+00:00][A] [INFO] [RF RX] type=3 source=0x02 destination=0x01 previousHop=0x02 sequence=108 ackSequence=97 ttl=8 hops=0 payloadSize=2 rssi=-61 snr=10.25
[2026-09-02T18:57:14.737+00:00][A] [INFO] ACK_RX seq=97 source=0x02
[2026-09-02T18:57:14.739+00:00][A] [INFO] TEST_DATA_QUEUED dst=0x02 seq=98 remaining=28
[2026-09-02T18:57:14.794+00:00][A] [INFO] [RF TX] type=1 source=0x01 destination=0x02 previousHop=0x01 sequence=98 ackSequence=0 ttl=8 hops=0 payloadSize=4 rssi=0 snr=0.00
[2026-09-02T18:57:14.859+00:00][A] [INFO] [RF RX] type=3 source=0x02 destination=0x01 previousHop=0x02 sequence=109 ackSequence=98 ttl=8 hops=0 payloadSize=2 rssi=-60 snr=10.25
[2026-09-02T18:57:14.860+00:00][A] [INFO] ACK_RX seq=98 source=0x02
[2026-09-02T18:57:14.863+00:00][A] [INFO] TEST_DATA_QUEUED dst=0x02 seq=99 remaining=27
[2026-09-02T18:57:14.918+00:00][A] [INFO] [RF TX] type=1 source=0x01 destination=0x02 previousHop=0x01 sequence=99 ackSequence=0 ttl=8 hops=0 payloadSize=4 rssi=0 snr=0.00
[2026-09-02T18:57:14.983+00:00][A] [INFO] [RF RX] type=3 source=0x02 destination=0x01 previousHop=0x02 sequence=110 ackSequence=99 ttl=8 hops=0 payloadSize=2 rssi=-60 snr=9.50
[2026-09-02T18:57:14.984+00:00][A] [INFO] ACK_RX seq=99 source=0x02
[2026-09-02T18:57:14.988+00:00][A] [INFO] TEST_DATA_QUEUED dst=0x02 seq=100 remaining=26
[2026-09-02T18:57:15.042+00:00][A] [INFO] [RF TX] type=1 source=0x01 destination=0x02 previousHop=0x01 sequence=100 ackSequence=0 ttl=8 hops=0 payloadSize=4 rssi=0 snr=0.00
[2026-09-02T18:57:15.107+00:00][A] [INFO] [RF RX] type=3 source=0x02 destination=0x01 previousHop=0x02 sequence=111 ackSequence=100 ttl=8 hops=0 payloadSize=2 rssi=-60 snr=9.50
[2026-09-02T18:57:15.107+00:00][A] [INFO] ACK_RX seq=100 source=0x02
[2026-09-02T18:57:15.111+00:00][A] [INFO] TEST_DATA_QUEUED dst=0x02 seq=101 remaining=25
[2026-09-02T18:57:15.165+00:00][A] [INFO] [RF TX] type=1 source=0x01 destination=0x02 previousHop=0x01 sequence=101 ackSequence=0 ttl=8 hops=0 payloadSize=4 rssi=0 snr=0.00
[2026-09-02T18:57:15.237+00:00][A] [INFO] --------------------------------
[2026-09-02T18:57:15.237+00:00][A] [INFO] [HEARTBEAT TX]
[2026-09-02T18:57:15.242+00:00][A] [INFO] Node ID: 1
[2026-09-02T18:57:15.242+00:00][A] [INFO] type: 2
[2026-09-02T18:57:15.242+00:00][A] [INFO] Destination: 0xFF
[2026-09-02T18:57:15.248+00:00][A] [INFO] Sequence: 102
[2026-09-02T18:57:15.248+00:00][A] [INFO] Packet ID: 28
[2026-09-02T18:57:15.253+00:00][A] [INFO] Packet Size: 26
[2026-09-02T18:57:15.253+00:00][A] [INFO] Timestamp: 28 ms
[2026-09-02T18:57:15.253+00:00][A] [INFO] Transmission Result: success
[2026-09-02T18:57:15.259+00:00][A] [INFO] --------------------------------
[2026-09-02T18:57:15.259+00:00][A] [INFO] [Heartbeat #28]
[2026-09-02T18:57:15.264+00:00][A] [INFO] Sent
[2026-09-02T18:57:15.264+00:00][A] [INFO] Waiting ACK...
[2026-09-02T18:57:15.264+00:00][A] [INFO] [WAITING ACK]
[2026-09-02T18:57:15.279+00:00][A] [INFO] [RF TX] type=2 source=0x01 destination=0xFF previousHop=0x01 sequence=102 ackSequence=0 ttl=8 hops=0 payloadSize=13 rssi=0 snr=0.00
[2026-09-02T18:57:15.279+00:00][A] [INFO] Heartbeat packet sent
[2026-09-02T18:57:16.166+00:00][A] [WARN] TX_RETRY seq=101
[2026-09-02T18:57:16.228+00:00][A] [INFO] [RF TX] type=1 source=0x01 destination=0x02 previousHop=0x01 sequence=101 ackSequence=0 ttl=8 hops=0 payloadSize=4 rssi=0 snr=0.00
[2026-09-02T18:57:16.254+00:00][A] [WARN] Retry 1
[2026-09-02T18:57:16.321+00:00][A] [INFO] --------------------------------
[2026-09-02T18:57:16.321+00:00][A] [INFO] [HEARTBEAT TX]
[2026-09-02T18:57:16.326+00:00][A] [INFO] Node ID: 1
[2026-09-02T18:57:16.326+00:00][A] [INFO] type: 2
[2026-09-02T18:57:16.326+00:00][A] [INFO] Destination: 0xFF
[2026-09-02T18:57:16.332+00:00][A] [INFO] Sequence: 102
[2026-09-02T18:57:16.332+00:00][A] [INFO] Packet ID: 28
[2026-09-02T18:57:16.337+00:00][A] [INFO] Packet Size: 26
[2026-09-02T18:57:16.337+00:00][A] [INFO] Timestamp: 28 ms
[2026-09-02T18:57:16.337+00:00][A] [INFO] Transmission Result: success
[2026-09-02T18:57:16.343+00:00][A] [INFO] --------------------------------
[2026-09-02T18:57:16.343+00:00][A] [INFO] [Heartbeat #28]
[2026-09-02T18:57:16.348+00:00][A] [INFO] Sent
[2026-09-02T18:57:16.348+00:00][A] [INFO] Waiting ACK...
[2026-09-02T18:57:16.348+00:00][A] [INFO] [WAITING ACK]
[2026-09-02T18:57:16.363+00:00][A] [INFO] [RF TX] type=2 source=0x01 destination=0xFF previousHop=0x01 sequence=102 ackSequence=0 ttl=8 hops=0 payloadSize=13 rssi=0 snr=0.00
[2026-09-02T18:57:16.363+00:00][A] [INFO] Heartbeat packet sent
[2026-09-02T18:57:17.237+00:00][A] [INFO] --------------------------------
[2026-09-02T18:57:17.237+00:00][A] [INFO] [HEARTBEAT TX]
[2026-09-02T18:57:17.242+00:00][A] [INFO] Node ID: 1
[2026-09-02T18:57:17.242+00:00][A] [INFO] type: 2
[2026-09-02T18:57:17.242+00:00][A] [INFO] Destination: 0xFF
[2026-09-02T18:57:17.248+00:00][A] [INFO] Sequence: 103
[2026-09-02T18:57:17.248+00:00][A] [INFO] Packet ID: 29
[2026-09-02T18:57:17.253+00:00][A] [INFO] Packet Size: 26
[2026-09-02T18:57:17.253+00:00][A] [INFO] Timestamp: 29 ms
[2026-09-02T18:57:17.254+00:00][A] [INFO] Transmission Result: success
[2026-09-02T18:57:17.259+00:00][A] [INFO] --------------------------------
[2026-09-02T18:57:17.259+00:00][A] [INFO] [Heartbeat #29]
[2026-09-02T18:57:17.264+00:00][A] [INFO] Sent
[2026-09-02T18:57:17.264+00:00][A] [INFO] Waiting ACK...
[2026-09-02T18:57:17.265+00:00][A] [INFO] [WAITING ACK]
[2026-09-02T18:57:17.281+00:00][A] [INFO] [RF TX] type=2 source=0x01 destination=0xFF previousHop=0x01 sequence=103 ackSequence=0 ttl=8 hops=0 payloadSize=13 rssi=0 snr=0.00
[2026-09-02T18:57:17.282+00:00][A] [INFO] Heartbeat packet sent
[2026-09-02T18:57:17.282+00:00][A] [WARN] TX_RETRY seq=101
[2026-09-02T18:57:17.338+00:00][A] [INFO] [RF TX] type=1 source=0x01 destination=0x02 previousHop=0x01 sequence=101 ackSequence=0 ttl=8 hops=0 payloadSize=4 rssi=0 snr=0.00
[2026-09-02T18:57:18.254+00:00][A] [WARN] Retry 1
[2026-09-02T18:57:18.321+00:00][A] [INFO] --------------------------------
[2026-09-02T18:57:18.321+00:00][A] [INFO] [HEARTBEAT TX]
[2026-09-02T18:57:18.326+00:00][A] [INFO] Node ID: 1
[2026-09-02T18:57:18.326+00:00][A] [INFO] type: 2
[2026-09-02T18:57:18.326+00:00][A] [INFO] Destination: 0xFF
[2026-09-02T18:57:18.332+00:00][A] [INFO] Sequence: 103
[2026-09-02T18:57:18.332+00:00][A] [INFO] Packet ID: 29
[2026-09-02T18:57:18.337+00:00][A] [INFO] Packet Size: 26
[2026-09-02T18:57:18.337+00:00][A] [INFO] Timestamp: 29 ms
[2026-09-02T18:57:18.337+00:00][A] [INFO] Transmission Result: success
[2026-09-02T18:57:18.343+00:00][A] [INFO] --------------------------------
[2026-09-02T18:57:18.343+00:00][A] [INFO] [Heartbeat #29]
[2026-09-02T18:57:18.348+00:00][A] [INFO] Sent
[2026-09-02T18:57:18.348+00:00][A] [INFO] Waiting ACK...
[2026-09-02T18:57:18.348+00:00][A] [INFO] [WAITING ACK]
[2026-09-02T18:57:18.365+00:00][A] [INFO] [RF TX] type=2 source=0x01 destination=0xFF previousHop=0x01 sequence=103 ackSequence=0 ttl=8 hops=0 payloadSize=13 rssi=0 snr=0.00
[2026-09-02T18:57:18.365+00:00][A] [INFO] Heartbeat packet sent
[2026-09-02T18:57:18.365+00:00][A] [WARN] TX_RETRY seq=101
[2026-09-02T18:57:18.422+00:00][A] [INFO] [RF TX] type=1 source=0x01 destination=0x02 previousHop=0x01 sequence=101 ackSequence=0 ttl=8 hops=0 payloadSize=4 rssi=0 snr=0.00
[2026-09-02T18:57:19.237+00:00][A] [INFO] --------------------------------
[2026-09-02T18:57:19.237+00:00][A] [INFO] [HEARTBEAT TX]
[2026-09-02T18:57:19.242+00:00][A] [INFO] Node ID: 1
[2026-09-02T18:57:19.242+00:00][A] [INFO] type: 2
[2026-09-02T18:57:19.242+00:00][A] [INFO] Destination: 0xFF
[2026-09-02T18:57:19.248+00:00][A] [INFO] Sequence: 104
[2026-09-02T18:57:19.248+00:00][A] [INFO] Packet ID: 30
[2026-09-02T18:57:19.253+00:00][A] [INFO] Packet Size: 26
[2026-09-02T18:57:19.253+00:00][A] [INFO] Timestamp: 30 ms
[2026-09-02T18:57:19.253+00:00][A] [INFO] Transmission Result: success
[2026-09-02T18:57:19.259+00:00][A] [INFO] --------------------------------
[2026-09-02T18:57:19.259+00:00][A] [INFO] [Heartbeat #30]
[2026-09-02T18:57:19.264+00:00][A] [INFO] Sent
[2026-09-02T18:57:19.264+00:00][A] [INFO] Waiting ACK...
[2026-09-02T18:57:19.264+00:00][A] [INFO] [WAITING ACK]
[2026-09-02T18:57:19.278+00:00][A] [INFO] [RF TX] type=2 source=0x01 destination=0xFF previousHop=0x01 sequence=104 ackSequence=0 ttl=8 hops=0 payloadSize=13 rssi=0 snr=0.00
[2026-09-02T18:57:19.279+00:00][A] [INFO] Heartbeat packet sent
[2026-09-02T18:57:19.425+00:00][A] [ERROR] TX_FAILED
[2026-09-02T18:57:19.425+00:00][A] [WARN] ACK_FAILED seq=101
[2026-09-02T18:57:19.428+00:00][A] [INFO] TEST_DATA_QUEUED dst=0x02 seq=105 remaining=24
[2026-09-02T18:57:19.484+00:00][A] [INFO] [RF TX] type=1 source=0x01 destination=0x02 previousHop=0x01 sequence=105 ackSequence=0 ttl=8 hops=0 payloadSize=4 rssi=0 snr=0.00
[2026-09-02T18:57:19.549+00:00][A] [INFO] [RF RX] type=3 source=0x02 destination=0x01 previousHop=0x02 sequence=117 ackSequence=105 ttl=8 hops=0 payloadSize=2 rssi=-59 snr=10.00
[2026-09-02T18:57:19.549+00:00][A] [INFO] ACK_RX seq=105 source=0x02
[2026-09-02T18:57:19.553+00:00][A] [INFO] TEST_DATA_QUEUED dst=0x02 seq=106 remaining=23
[2026-09-02T18:57:19.608+00:00][A] [INFO] [RF TX] type=1 source=0x01 destination=0x02 previousHop=0x01 sequence=106 ackSequence=0 ttl=8 hops=0 payloadSize=4 rssi=0 snr=0.00
[2026-09-02T18:57:19.673+00:00][A] [INFO] [RF RX] type=3 source=0x02 destination=0x01 previousHop=0x02 sequence=118 ackSequence=106 ttl=8 hops=0 payloadSize=2 rssi=-61 snr=10.00
[2026-09-02T18:57:19.673+00:00][A] [INFO] ACK_RX seq=106 source=0x02
[2026-09-02T18:57:19.677+00:00][A] [INFO] TEST_DATA_QUEUED dst=0x02 seq=107 remaining=22
[2026-09-02T18:57:19.732+00:00][A] [INFO] [RF TX] type=1 source=0x01 destination=0x02 previousHop=0x01 sequence=107 ackSequence=0 ttl=8 hops=0 payloadSize=4 rssi=0 snr=0.00
[2026-09-02T18:57:19.798+00:00][A] [INFO] [RF RX] type=3 source=0x02 destination=0x01 previousHop=0x02 sequence=119 ackSequence=107 ttl=8 hops=0 payloadSize=2 rssi=-60 snr=10.00
[2026-09-02T18:57:19.798+00:00][A] [INFO] ACK_RX seq=107 source=0x02
[2026-09-02T18:57:19.801+00:00][A] [INFO] TEST_DATA_QUEUED dst=0x02 seq=108 remaining=21
[2026-09-02T18:57:19.855+00:00][A] [INFO] [RF TX] type=1 source=0x01 destination=0x02 previousHop=0x01 sequence=108 ackSequence=0 ttl=8 hops=0 payloadSize=4 rssi=0 snr=0.00
[2026-09-02T18:57:19.921+00:00][A] [INFO] [RF RX] type=3 source=0x02 destination=0x01 previousHop=0x02 sequence=120 ackSequence=108 ttl=8 hops=0 payloadSize=2 rssi=-61 snr=10.00
[2026-09-02T18:57:19.921+00:00][A] [INFO] ACK_RX seq=108 source=0x02
[2026-09-02T18:57:19.925+00:00][A] [INFO] TEST_DATA_QUEUED dst=0x02 seq=109 remaining=20
[2026-09-02T18:57:19.979+00:00][A] [INFO] [RF TX] type=1 source=0x01 destination=0x02 previousHop=0x01 sequence=109 ackSequence=0 ttl=8 hops=0 payloadSize=4 rssi=0 snr=0.00
[2026-09-02T18:57:20.045+00:00][A] [INFO] [RF RX] type=3 source=0x02 destination=0x01 previousHop=0x02 sequence=121 ackSequence=109 ttl=8 hops=0 payloadSize=2 rssi=-60 snr=9.50
[2026-09-02T18:57:20.045+00:00][A] [INFO] ACK_RX seq=109 source=0x02
[2026-09-02T18:57:20.048+00:00][A] [INFO] TEST_DATA_QUEUED dst=0x02 seq=110 remaining=19
[2026-09-02T18:57:20.103+00:00][A] [INFO] [RF TX] type=1 source=0x01 destination=0x02 previousHop=0x01 sequence=110 ackSequence=0 ttl=8 hops=0 payloadSize=4 rssi=0 snr=0.00
[2026-09-02T18:57:20.169+00:00][A] [INFO] [RF RX] type=3 source=0x02 destination=0x01 previousHop=0x02 sequence=122 ackSequence=110 ttl=8 hops=0 payloadSize=2 rssi=-60 snr=10.50
[2026-09-02T18:57:20.169+00:00][A] [INFO] ACK_RX seq=110 source=0x02
[2026-09-02T18:57:20.172+00:00][A] [INFO] TEST_DATA_QUEUED dst=0x02 seq=111 remaining=18
[2026-09-02T18:57:20.227+00:00][A] [INFO] [RF TX] type=1 source=0x01 destination=0x02 previousHop=0x01 sequence=111 ackSequence=0 ttl=8 hops=0 payloadSize=4 rssi=0 snr=0.00
[2026-09-02T18:57:20.254+00:00][A] [WARN] Retry 1
[2026-09-02T18:57:20.321+00:00][A] [INFO] --------------------------------
[2026-09-02T18:57:20.322+00:00][A] [INFO] [HEARTBEAT TX]
[2026-09-02T18:57:20.326+00:00][A] [INFO] Node ID: 1
[2026-09-02T18:57:20.327+00:00][A] [INFO] type: 2
[2026-09-02T18:57:20.327+00:00][A] [INFO] Destination: 0xFF
[2026-09-02T18:57:20.332+00:00][A] [INFO] Sequence: 104
[2026-09-02T18:57:20.332+00:00][A] [INFO] Packet ID: 30
[2026-09-02T18:57:20.337+00:00][A] [INFO] Packet Size: 26
[2026-09-02T18:57:20.338+00:00][A] [INFO] Timestamp: 30 ms
[2026-09-02T18:57:20.338+00:00][A] [INFO] Transmission Result: success
[2026-09-02T18:57:20.343+00:00][A] [INFO] --------------------------------
[2026-09-02T18:57:20.344+00:00][A] [INFO] [Heartbeat #30]
[2026-09-02T18:57:20.348+00:00][A] [INFO] Sent
[2026-09-02T18:57:20.349+00:00][A] [INFO] Waiting ACK...
[2026-09-02T18:57:20.349+00:00][A] [INFO] [WAITING ACK]
[2026-09-02T18:57:20.363+00:00][A] [INFO] [RF TX] type=2 source=0x01 destination=0xFF previousHop=0x01 sequence=104 ackSequence=0 ttl=8 hops=0 payloadSize=13 rssi=0 snr=0.00
[2026-09-02T18:57:20.363+00:00][A] [INFO] Heartbeat packet sent
[2026-09-02T18:57:21.238+00:00][A] [INFO] --------------------------------
[2026-09-02T18:57:21.238+00:00][A] [INFO] [HEARTBEAT TX]
[2026-09-02T18:57:21.242+00:00][A] [INFO] Node ID: 1
[2026-09-02T18:57:21.243+00:00][A] [INFO] type: 2
[2026-09-02T18:57:21.243+00:00][A] [INFO] Destination: 0xFF
[2026-09-02T18:57:21.248+00:00][A] [INFO] Sequence: 112
[2026-09-02T18:57:21.248+00:00][A] [INFO] Packet ID: 31
[2026-09-02T18:57:21.253+00:00][A] [INFO] Packet Size: 26
[2026-09-02T18:57:21.254+00:00][A] [INFO] Timestamp: 31 ms
[2026-09-02T18:57:21.254+00:00][A] [INFO] Transmission Result: success
[2026-09-02T18:57:21.259+00:00][A] [INFO] --------------------------------
[2026-09-02T18:57:21.260+00:00][A] [INFO] [Heartbeat #31]
[2026-09-02T18:57:21.264+00:00][A] [INFO] Sent
[2026-09-02T18:57:21.265+00:00][A] [INFO] Waiting ACK...
[2026-09-02T18:57:21.265+00:00][A] [INFO] [WAITING ACK]
[2026-09-02T18:57:21.281+00:00][A] [INFO] [RF TX] type=2 source=0x01 destination=0xFF previousHop=0x01 sequence=112 ackSequence=0 ttl=8 hops=0 payloadSize=13 rssi=0 snr=0.00
[2026-09-02T18:57:21.281+00:00][A] [INFO] Heartbeat packet sent
[2026-09-02T18:57:21.281+00:00][A] [WARN] TX_RETRY seq=111
[2026-09-02T18:57:21.338+00:00][A] [INFO] [RF TX] type=1 source=0x01 destination=0x02 previousHop=0x01 sequence=111 ackSequence=0 ttl=8 hops=0 payloadSize=4 rssi=0 snr=0.00
[2026-09-02T18:57:22.254+00:00][A] [WARN] Retry 1
[2026-09-02T18:57:22.320+00:00][A] [INFO] --------------------------------
[2026-09-02T18:57:22.321+00:00][A] [INFO] [HEARTBEAT TX]
[2026-09-02T18:57:22.326+00:00][A] [INFO] Node ID: 1
[2026-09-02T18:57:22.326+00:00][A] [INFO] type: 2
[2026-09-02T18:57:22.326+00:00][A] [INFO] Destination: 0xFF
[2026-09-02T18:57:22.331+00:00][A] [INFO] Sequence: 112
[2026-09-02T18:57:22.332+00:00][A] [INFO] Packet ID: 31
[2026-09-02T18:57:22.337+00:00][A] [INFO] Packet Size: 26
[2026-09-02T18:57:22.337+00:00][A] [INFO] Timestamp: 31 ms
[2026-09-02T18:57:22.337+00:00][A] [INFO] Transmission Result: success
[2026-09-02T18:57:22.343+00:00][A] [INFO] --------------------------------
[2026-09-02T18:57:22.343+00:00][A] [INFO] [Heartbeat #31]
[2026-09-02T18:57:22.348+00:00][A] [INFO] Sent
[2026-09-02T18:57:22.348+00:00][A] [INFO] Waiting ACK...
[2026-09-02T18:57:22.348+00:00][A] [INFO] [WAITING ACK]
[2026-09-02T18:57:22.365+00:00][A] [INFO] [RF TX] type=2 source=0x01 destination=0xFF previousHop=0x01 sequence=112 ackSequence=0 ttl=8 hops=0 payloadSize=13 rssi=0 snr=0.00
[2026-09-02T18:57:22.365+00:00][A] [INFO] Heartbeat packet sent
[2026-09-02T18:57:22.365+00:00][A] [WARN] TX_RETRY seq=111
[2026-09-02T18:57:22.422+00:00][A] [INFO] [RF TX] type=1 source=0x01 destination=0x02 previousHop=0x01 sequence=111 ackSequence=0 ttl=8 hops=0 payloadSize=4 rssi=0 snr=0.00
[2026-09-02T18:57:23.236+00:00][A] [INFO] --------------------------------
[2026-09-02T18:57:23.237+00:00][A] [INFO] [HEARTBEAT TX]
[2026-09-02T18:57:23.242+00:00][A] [INFO] Node ID: 1
[2026-09-02T18:57:23.242+00:00][A] [INFO] type: 2
[2026-09-02T18:57:23.242+00:00][A] [INFO] Destination: 0xFF
[2026-09-02T18:57:23.247+00:00][A] [INFO] Sequence: 113
[2026-09-02T18:57:23.248+00:00][A] [INFO] Packet ID: 32
[2026-09-02T18:57:23.253+00:00][A] [INFO] Packet Size: 26
[2026-09-02T18:57:23.253+00:00][A] [INFO] Timestamp: 32 ms
[2026-09-02T18:57:23.253+00:00][A] [INFO] Transmission Result: success
[2026-09-02T18:57:23.259+00:00][A] [INFO] --------------------------------
[2026-09-02T18:57:23.259+00:00][A] [INFO] [Heartbeat #32]
[2026-09-02T18:57:23.264+00:00][A] [INFO] Sent
[2026-09-02T18:57:23.264+00:00][A] [INFO] Waiting ACK...
[2026-09-02T18:57:23.264+00:00][A] [INFO] [WAITING ACK]
[2026-09-02T18:57:23.278+00:00][A] [INFO] [RF TX] type=2 source=0x01 destination=0xFF previousHop=0x01 sequence=113 ackSequence=0 ttl=8 hops=0 payloadSize=13 rssi=0 snr=0.00
[2026-09-02T18:57:23.279+00:00][A] [INFO] Heartbeat packet sent
[2026-09-02T18:57:23.421+00:00][A] [WARN] TX_RETRY seq=111
[2026-09-02T18:57:23.484+00:00][A] [INFO] [RF TX] type=1 source=0x01 destination=0x02 previousHop=0x01 sequence=111 ackSequence=0 ttl=8 hops=0 payloadSize=4 rssi=0 snr=0.00
[2026-09-02T18:57:24.254+00:00][A] [WARN] Retry 1
[2026-09-02T18:57:24.321+00:00][A] [INFO] --------------------------------
[2026-09-02T18:57:24.321+00:00][A] [INFO] [HEARTBEAT TX]
[2026-09-02T18:57:24.326+00:00][A] [INFO] Node ID: 1
[2026-09-02T18:57:24.326+00:00][A] [INFO] type: 2
[2026-09-02T18:57:24.327+00:00][A] [INFO] Destination: 0xFF
[2026-09-02T18:57:24.331+00:00][A] [INFO] Sequence: 113
[2026-09-02T18:57:24.332+00:00][A] [INFO] Packet ID: 32
[2026-09-02T18:57:24.337+00:00][A] [INFO] Packet Size: 26
[2026-09-02T18:57:24.337+00:00][A] [INFO] Timestamp: 32 ms
[2026-09-02T18:57:24.337+00:00][A] [INFO] Transmission Result: success
[2026-09-02T18:57:24.343+00:00][A] [INFO] --------------------------------
[2026-09-02T18:57:24.343+00:00][A] [INFO] [Heartbeat #32]
[2026-09-02T18:57:24.348+00:00][A] [INFO] Sent
[2026-09-02T18:57:24.349+00:00][A] [INFO] Waiting ACK...
[2026-09-02T18:57:24.349+00:00][A] [INFO] [WAITING ACK]
[2026-09-02T18:57:24.362+00:00][A] [INFO] [RF TX] type=2 source=0x01 destination=0xFF previousHop=0x01 sequence=113 ackSequence=0 ttl=8 hops=0 payloadSize=13 rssi=0 snr=0.00
[2026-09-02T18:57:24.363+00:00][A] [INFO] Heartbeat packet sent
[2026-09-02T18:57:24.487+00:00][A] [ERROR] TX_FAILED
[2026-09-02T18:57:24.487+00:00][A] [WARN] ACK_FAILED seq=111
[2026-09-02T18:57:24.490+00:00][A] [INFO] TEST_DATA_QUEUED dst=0x02 seq=114 remaining=17
[2026-09-02T18:57:24.546+00:00][A] [INFO] [RF TX] type=1 source=0x01 destination=0x02 previousHop=0x01 sequence=114 ackSequence=0 ttl=8 hops=0 payloadSize=4 rssi=0 snr=0.00
[2026-09-02T18:57:24.611+00:00][A] [INFO] [RF RX] type=3 source=0x02 destination=0x01 previousHop=0x02 sequence=127 ackSequence=114 ttl=8 hops=0 payloadSize=2 rssi=-60 snr=10.50
[2026-09-02T18:57:24.612+00:00][A] [INFO] ACK_RX seq=114 source=0x02
[2026-09-02T18:57:24.615+00:00][A] [INFO] TEST_DATA_QUEUED dst=0x02 seq=115 remaining=16
[2026-09-02T18:57:24.670+00:00][A] [INFO] [RF TX] type=1 source=0x01 destination=0x02 previousHop=0x01 sequence=115 ackSequence=0 ttl=8 hops=0 payloadSize=4 rssi=0 snr=0.00
[2026-09-02T18:57:24.735+00:00][A] [INFO] [RF RX] type=3 source=0x02 destination=0x01 previousHop=0x02 sequence=128 ackSequence=115 ttl=8 hops=0 payloadSize=2 rssi=-60 snr=9.75
[2026-09-02T18:57:24.735+00:00][A] [INFO] ACK_RX seq=115 source=0x02
[2026-09-02T18:57:24.739+00:00][A] [INFO] TEST_DATA_QUEUED dst=0x02 seq=116 remaining=15
[2026-09-02T18:57:24.794+00:00][A] [INFO] [RF TX] type=1 source=0x01 destination=0x02 previousHop=0x01 sequence=116 ackSequence=0 ttl=8 hops=0 payloadSize=4 rssi=0 snr=0.00
[2026-09-02T18:57:24.859+00:00][A] [INFO] [RF RX] type=3 source=0x02 destination=0x01 previousHop=0x02 sequence=129 ackSequence=116 ttl=8 hops=0 payloadSize=2 rssi=-60 snr=10.25
[2026-09-02T18:57:24.859+00:00][A] [INFO] ACK_RX seq=116 source=0x02
[2026-09-02T18:57:24.863+00:00][A] [INFO] TEST_DATA_QUEUED dst=0x02 seq=117 remaining=14
[2026-09-02T18:57:24.918+00:00][A] [INFO] [RF TX] type=1 source=0x01 destination=0x02 previousHop=0x01 sequence=117 ackSequence=0 ttl=8 hops=0 payloadSize=4 rssi=0 snr=0.00
[2026-09-02T18:57:24.983+00:00][A] [INFO] [RF RX] type=3 source=0x02 destination=0x01 previousHop=0x02 sequence=130 ackSequence=117 ttl=8 hops=0 payloadSize=2 rssi=-60 snr=9.50
[2026-09-02T18:57:24.983+00:00][A] [INFO] ACK_RX seq=117 source=0x02
[2026-09-02T18:57:24.987+00:00][A] [INFO] TEST_DATA_QUEUED dst=0x02 seq=118 remaining=13
[2026-09-02T18:57:25.041+00:00][A] [INFO] [RF TX] type=1 source=0x01 destination=0x02 previousHop=0x01 sequence=118 ackSequence=0 ttl=8 hops=0 payloadSize=4 rssi=0 snr=0.00
[2026-09-02T18:57:25.107+00:00][A] [INFO] [RF RX] type=3 source=0x02 destination=0x01 previousHop=0x02 sequence=131 ackSequence=118 ttl=8 hops=0 payloadSize=2 rssi=-61 snr=10.25
[2026-09-02T18:57:25.107+00:00][A] [INFO] ACK_RX seq=118 source=0x02
[2026-09-02T18:57:25.110+00:00][A] [INFO] TEST_DATA_QUEUED dst=0x02 seq=119 remaining=12
[2026-09-02T18:57:25.165+00:00][A] [INFO] [RF TX] type=1 source=0x01 destination=0x02 previousHop=0x01 sequence=119 ackSequence=0 ttl=8 hops=0 payloadSize=4 rssi=0 snr=0.00
[2026-09-02T18:57:25.238+00:00][A] [INFO] --------------------------------
[2026-09-02T18:57:25.239+00:00][A] [INFO] [HEARTBEAT TX]
[2026-09-02T18:57:25.242+00:00][A] [INFO] Node ID: 1
[2026-09-02T18:57:25.242+00:00][A] [INFO] type: 2
[2026-09-02T18:57:25.243+00:00][A] [INFO] Destination: 0xFF
[2026-09-02T18:57:25.248+00:00][A] [INFO] Sequence: 120
[2026-09-02T18:57:25.248+00:00][A] [INFO] Packet ID: 33
[2026-09-02T18:57:25.254+00:00][A] [INFO] Packet Size: 26
[2026-09-02T18:57:25.254+00:00][A] [INFO] Timestamp: 33 ms
[2026-09-02T18:57:25.255+00:00][A] [INFO] Transmission Result: success
[2026-09-02T18:57:25.259+00:00][A] [INFO] --------------------------------
[2026-09-02T18:57:25.259+00:00][A] [INFO] [Heartbeat #33]
[2026-09-02T18:57:25.265+00:00][A] [INFO] Sent
[2026-09-02T18:57:25.265+00:00][A] [INFO] Waiting ACK...
[2026-09-02T18:57:25.265+00:00][A] [INFO] [WAITING ACK]
[2026-09-02T18:57:25.278+00:00][A] [INFO] [RF TX] type=2 source=0x01 destination=0xFF previousHop=0x01 sequence=120 ackSequence=0 ttl=8 hops=0 payloadSize=13 rssi=0 snr=0.00
[2026-09-02T18:57:25.279+00:00][A] [INFO] Heartbeat packet sent
[2026-09-02T18:57:26.165+00:00][A] [WARN] TX_RETRY seq=119
[2026-09-02T18:57:26.228+00:00][A] [INFO] [RF TX] type=1 source=0x01 destination=0x02 previousHop=0x01 sequence=119 ackSequence=0 ttl=8 hops=0 payloadSize=4 rssi=0 snr=0.00
[2026-09-02T18:57:26.254+00:00][A] [WARN] Retry 1
[2026-09-02T18:57:26.321+00:00][A] [INFO] --------------------------------
[2026-09-02T18:57:26.322+00:00][A] [INFO] [HEARTBEAT TX]
[2026-09-02T18:57:26.326+00:00][A] [INFO] Node ID: 1
[2026-09-02T18:57:26.326+00:00][A] [INFO] type: 2
[2026-09-02T18:57:26.326+00:00][A] [INFO] Destination: 0xFF
[2026-09-02T18:57:26.332+00:00][A] [INFO] Sequence: 120
[2026-09-02T18:57:26.332+00:00][A] [INFO] Packet ID: 33
[2026-09-02T18:57:26.337+00:00][A] [INFO] Packet Size: 26
[2026-09-02T18:57:26.337+00:00][A] [INFO] Timestamp: 33 ms
[2026-09-02T18:57:26.338+00:00][A] [INFO] Transmission Result: success
[2026-09-02T18:57:26.343+00:00][A] [INFO] --------------------------------
[2026-09-02T18:57:26.347+00:00][A] [INFO] [Heartbeat #33]
[2026-09-02T18:57:26.348+00:00][A] [INFO] Sent
[2026-09-02T18:57:26.348+00:00][A] [INFO] Waiting ACK...
[2026-09-02T18:57:26.349+00:00][A] [INFO] [WAITING ACK]
[2026-09-02T18:57:26.362+00:00][A] [INFO] [RF TX] type=2 source=0x01 destination=0xFF previousHop=0x01 sequence=120 ackSequence=0 ttl=8 hops=0 payloadSize=13 rssi=0 snr=0.00
[2026-09-02T18:57:26.363+00:00][A] [INFO] Heartbeat packet sent
[2026-09-02T18:57:27.236+00:00][A] [INFO] --------------------------------
[2026-09-02T18:57:27.236+00:00][A] [INFO] [HEARTBEAT TX]
[2026-09-02T18:57:27.242+00:00][A] [INFO] Node ID: 1
[2026-09-02T18:57:27.242+00:00][A] [INFO] type: 2
[2026-09-02T18:57:27.242+00:00][A] [INFO] Destination: 0xFF
[2026-09-02T18:57:27.247+00:00][A] [INFO] Sequence: 121
[2026-09-02T18:57:27.247+00:00][A] [INFO] Packet ID: 34
[2026-09-02T18:57:27.253+00:00][A] [INFO] Packet Size: 26
[2026-09-02T18:57:27.253+00:00][A] [INFO] Timestamp: 34 ms
[2026-09-02T18:57:27.253+00:00][A] [INFO] Transmission Result: success
[2026-09-02T18:57:27.258+00:00][A] [INFO] --------------------------------
[2026-09-02T18:57:27.259+00:00][A] [INFO] [Heartbeat #34]
[2026-09-02T18:57:27.264+00:00][A] [INFO] Sent
[2026-09-02T18:57:27.264+00:00][A] [INFO] Waiting ACK...
[2026-09-02T18:57:27.264+00:00][A] [INFO] [WAITING ACK]
[2026-09-02T18:57:27.281+00:00][A] [INFO] [RF TX] type=2 source=0x01 destination=0xFF previousHop=0x01 sequence=121 ackSequence=0 ttl=8 hops=0 payloadSize=13 rssi=0 snr=0.00
[2026-09-02T18:57:27.281+00:00][A] [INFO] Heartbeat packet sent
[2026-09-02T18:57:27.281+00:00][A] [WARN] TX_RETRY seq=119
[2026-09-02T18:57:27.338+00:00][A] [INFO] [RF TX] type=1 source=0x01 destination=0x02 previousHop=0x01 sequence=119 ackSequence=0 ttl=8 hops=0 payloadSize=4 rssi=0 snr=0.00
[2026-09-02T18:57:28.254+00:00][A] [WARN] Retry 1
[2026-09-02T18:57:28.321+00:00][A] [INFO] --------------------------------
[2026-09-02T18:57:28.322+00:00][A] [INFO] [HEARTBEAT TX]
[2026-09-02T18:57:28.326+00:00][A] [INFO] Node ID: 1
[2026-09-02T18:57:28.326+00:00][A] [INFO] type: 2
[2026-09-02T18:57:28.326+00:00][A] [INFO] Destination: 0xFF
[2026-09-02T18:57:28.331+00:00][A] [INFO] Sequence: 121
[2026-09-02T18:57:28.332+00:00][A] [INFO] Packet ID: 34
[2026-09-02T18:57:28.337+00:00][A] [INFO] Packet Size: 26
[2026-09-02T18:57:28.337+00:00][A] [INFO] Timestamp: 34 ms
[2026-09-02T18:57:28.338+00:00][A] [INFO] Transmission Result: success
[2026-09-02T18:57:28.343+00:00][A] [INFO] --------------------------------
[2026-09-02T18:57:28.343+00:00][A] [INFO] [Heartbeat #34]
[2026-09-02T18:57:28.348+00:00][A] [INFO] Sent
[2026-09-02T18:57:28.349+00:00][A] [INFO] Waiting ACK...
[2026-09-02T18:57:28.349+00:00][A] [INFO] [WAITING ACK]
[2026-09-02T18:57:28.365+00:00][A] [INFO] [RF TX] type=2 source=0x01 destination=0xFF previousHop=0x01 sequence=121 ackSequence=0 ttl=8 hops=0 payloadSize=13 rssi=0 snr=0.00
[2026-09-02T18:57:28.365+00:00][A] [INFO] Heartbeat packet sent
[2026-09-02T18:57:28.366+00:00][A] [WARN] TX_RETRY seq=119
[2026-09-02T18:57:28.422+00:00][A] [INFO] [RF TX] type=1 source=0x01 destination=0x02 previousHop=0x01 sequence=119 ackSequence=0 ttl=8 hops=0 payloadSize=4 rssi=0 snr=0.00
[2026-09-02T18:57:29.237+00:00][A] [INFO] --------------------------------
[2026-09-02T18:57:29.238+00:00][A] [INFO] [HEARTBEAT TX]
[2026-09-02T18:57:29.243+00:00][A] [INFO] Node ID: 1
[2026-09-02T18:57:29.243+00:00][A] [INFO] type: 2
[2026-09-02T18:57:29.246+00:00][A] [INFO] Destination: 0xFF
[2026-09-02T18:57:29.247+00:00][A] [INFO] Sequence: 122
[2026-09-02T18:57:29.248+00:00][A] [INFO] Packet ID: 35
[2026-09-02T18:57:29.253+00:00][A] [INFO] Packet Size: 26
[2026-09-02T18:57:29.253+00:00][A] [INFO] Timestamp: 35 ms
[2026-09-02T18:57:29.254+00:00][A] [INFO] Transmission Result: success
[2026-09-02T18:57:29.259+00:00][A] [INFO] --------------------------------
[2026-09-02T18:57:29.259+00:00][A] [INFO] [Heartbeat #35]
[2026-09-02T18:57:29.264+00:00][A] [INFO] Sent
[2026-09-02T18:57:29.264+00:00][A] [INFO] Waiting ACK...
[2026-09-02T18:57:29.265+00:00][A] [INFO] [WAITING ACK]
[2026-09-02T18:57:29.278+00:00][A] [INFO] [RF TX] type=2 source=0x01 destination=0xFF previousHop=0x01 sequence=122 ackSequence=0 ttl=8 hops=0 payloadSize=13 rssi=0 snr=0.00
[2026-09-02T18:57:29.279+00:00][A] [INFO] Heartbeat packet sent
[2026-09-02T18:57:29.425+00:00][A] [ERROR] TX_FAILED
[2026-09-02T18:57:29.425+00:00][A] [WARN] ACK_FAILED seq=119
[2026-09-02T18:57:29.428+00:00][A] [INFO] TEST_DATA_QUEUED dst=0x02 seq=123 remaining=11
[2026-09-02T18:57:29.484+00:00][A] [INFO] [RF TX] type=1 source=0x01 destination=0x02 previousHop=0x01 sequence=123 ackSequence=0 ttl=8 hops=0 payloadSize=4 rssi=0 snr=0.00
[2026-09-02T18:57:29.549+00:00][A] [INFO] [RF RX] type=3 source=0x02 destination=0x01 previousHop=0x02 sequence=137 ackSequence=123 ttl=8 hops=0 payloadSize=2 rssi=-60 snr=9.50
[2026-09-02T18:57:29.550+00:00][A] [INFO] ACK_RX seq=123 source=0x02
[2026-09-02T18:57:29.553+00:00][A] [INFO] TEST_DATA_QUEUED dst=0x02 seq=124 remaining=10
[2026-09-02T18:57:29.608+00:00][A] [INFO] [RF TX] type=1 source=0x01 destination=0x02 previousHop=0x01 sequence=124 ackSequence=0 ttl=8 hops=0 payloadSize=4 rssi=0 snr=0.00
[2026-09-02T18:57:29.673+00:00][A] [INFO] [RF RX] type=3 source=0x02 destination=0x01 previousHop=0x02 sequence=138 ackSequence=124 ttl=8 hops=0 payloadSize=2 rssi=-61 snr=10.00
[2026-09-02T18:57:29.674+00:00][A] [INFO] ACK_RX seq=124 source=0x02
[2026-09-02T18:57:29.677+00:00][A] [INFO] TEST_DATA_QUEUED dst=0x02 seq=125 remaining=9
[2026-09-02T18:57:29.732+00:00][A] [INFO] [RF TX] type=1 source=0x01 destination=0x02 previousHop=0x01 sequence=125 ackSequence=0 ttl=8 hops=0 payloadSize=4 rssi=0 snr=0.00
[2026-09-02T18:57:29.797+00:00][A] [INFO] [RF RX] type=3 source=0x02 destination=0x01 previousHop=0x02 sequence=139 ackSequence=125 ttl=8 hops=0 payloadSize=2 rssi=-61 snr=9.75
[2026-09-02T18:57:29.798+00:00][A] [INFO] ACK_RX seq=125 source=0x02
[2026-09-02T18:57:29.801+00:00][A] [INFO] TEST_DATA_QUEUED dst=0x02 seq=126 remaining=8
[2026-09-02T18:57:29.856+00:00][A] [INFO] [RF TX] type=1 source=0x01 destination=0x02 previousHop=0x01 sequence=126 ackSequence=0 ttl=8 hops=0 payloadSize=4 rssi=0 snr=0.00
[2026-09-02T18:57:29.921+00:00][A] [INFO] [RF RX] type=3 source=0x02 destination=0x01 previousHop=0x02 sequence=140 ackSequence=126 ttl=8 hops=0 payloadSize=2 rssi=-60 snr=10.00
[2026-09-02T18:57:29.921+00:00][A] [INFO] ACK_RX seq=126 source=0x02
[2026-09-02T18:57:29.925+00:00][A] [INFO] TEST_DATA_QUEUED dst=0x02 seq=127 remaining=7
[2026-09-02T18:57:29.979+00:00][A] [INFO] [RF TX] type=1 source=0x01 destination=0x02 previousHop=0x01 sequence=127 ackSequence=0 ttl=8 hops=0 payloadSize=4 rssi=0 snr=0.00
[2026-09-02T18:57:30.045+00:00][A] [INFO] [RF RX] type=3 source=0x02 destination=0x01 previousHop=0x02 sequence=141 ackSequence=127 ttl=8 hops=0 payloadSize=2 rssi=-61 snr=9.50
[2026-09-02T18:57:30.045+00:00][A] [INFO] ACK_RX seq=127 source=0x02
[2026-09-02T18:57:30.049+00:00][A] [INFO] TEST_DATA_QUEUED dst=0x02 seq=128 remaining=6
[2026-09-02T18:57:30.103+00:00][A] [INFO] [RF TX] type=1 source=0x01 destination=0x02 previousHop=0x01 sequence=128 ackSequence=0 ttl=8 hops=0 payloadSize=4 rssi=0 snr=0.00
[2026-09-02T18:57:30.169+00:00][A] [INFO] [RF RX] type=3 source=0x02 destination=0x01 previousHop=0x02 sequence=142 ackSequence=128 ttl=8 hops=0 payloadSize=2 rssi=-60 snr=9.75
[2026-09-02T18:57:30.169+00:00][A] [INFO] ACK_RX seq=128 source=0x02
[2026-09-02T18:57:30.172+00:00][A] [INFO] TEST_DATA_QUEUED dst=0x02 seq=129 remaining=5
[2026-09-02T18:57:30.227+00:00][A] [INFO] [RF TX] type=1 source=0x01 destination=0x02 previousHop=0x01 sequence=129 ackSequence=0 ttl=8 hops=0 payloadSize=4 rssi=0 snr=0.00
[2026-09-02T18:57:30.253+00:00][A] [WARN] Retry 1
[2026-09-02T18:57:30.320+00:00][A] [INFO] --------------------------------
[2026-09-02T18:57:30.320+00:00][A] [INFO] [HEARTBEAT TX]
[2026-09-02T18:57:30.326+00:00][A] [INFO] Node ID: 1
[2026-09-02T18:57:30.326+00:00][A] [INFO] type: 2
[2026-09-02T18:57:30.326+00:00][A] [INFO] Destination: 0xFF
[2026-09-02T18:57:30.331+00:00][A] [INFO] Sequence: 122
[2026-09-02T18:57:30.331+00:00][A] [INFO] Packet ID: 35
[2026-09-02T18:57:30.337+00:00][A] [INFO] Packet Size: 26
[2026-09-02T18:57:30.337+00:00][A] [INFO] Timestamp: 35 ms
[2026-09-02T18:57:30.337+00:00][A] [INFO] Transmission Result: success
[2026-09-02T18:57:30.342+00:00][A] [INFO] --------------------------------
[2026-09-02T18:57:30.342+00:00][A] [INFO] [Heartbeat #35]
[2026-09-02T18:57:30.348+00:00][A] [INFO] Sent
[2026-09-02T18:57:30.348+00:00][A] [INFO] Waiting ACK...
[2026-09-02T18:57:30.348+00:00][A] [INFO] [WAITING ACK]
[2026-09-02T18:57:30.362+00:00][A] [INFO] [RF TX] type=2 source=0x01 destination=0xFF previousHop=0x01 sequence=122 ackSequence=0 ttl=8 hops=0 payloadSize=13 rssi=0 snr=0.00
[2026-09-02T18:57:30.362+00:00][A] [INFO] Heartbeat packet sent
[2026-09-02T18:57:31.237+00:00][A] [INFO] --------------------------------
[2026-09-02T18:57:31.238+00:00][A] [INFO] [HEARTBEAT TX]
[2026-09-02T18:57:31.242+00:00][A] [INFO] Node ID: 1
[2026-09-02T18:57:31.242+00:00][A] [INFO] type: 2
[2026-09-02T18:57:31.243+00:00][A] [INFO] Destination: 0xFF
[2026-09-02T18:57:31.248+00:00][A] [INFO] Sequence: 130
[2026-09-02T18:57:31.248+00:00][A] [INFO] Packet ID: 36
[2026-09-02T18:57:31.253+00:00][A] [INFO] Packet Size: 26
[2026-09-02T18:57:31.253+00:00][A] [INFO] Timestamp: 36 ms
[2026-09-02T18:57:31.254+00:00][A] [INFO] Transmission Result: success
[2026-09-02T18:57:31.259+00:00][A] [INFO] --------------------------------
[2026-09-02T18:57:31.259+00:00][A] [INFO] [Heartbeat #36]
[2026-09-02T18:57:31.264+00:00][A] [INFO] Sent
[2026-09-02T18:57:31.265+00:00][A] [INFO] Waiting ACK...
[2026-09-02T18:57:31.265+00:00][A] [INFO] [WAITING ACK]
[2026-09-02T18:57:31.281+00:00][A] [INFO] [RF TX] type=2 source=0x01 destination=0xFF previousHop=0x01 sequence=130 ackSequence=0 ttl=8 hops=0 payloadSize=13 rssi=0 snr=0.00
[2026-09-02T18:57:31.281+00:00][A] [INFO] Heartbeat packet sent
[2026-09-02T18:57:31.281+00:00][A] [WARN] TX_RETRY seq=129
[2026-09-02T18:57:31.338+00:00][A] [INFO] [RF TX] type=1 source=0x01 destination=0x02 previousHop=0x01 sequence=129 ackSequence=0 ttl=8 hops=0 payloadSize=4 rssi=0 snr=0.00
[2026-09-02T18:57:32.254+00:00][A] [WARN] Retry 1
[2026-09-02T18:57:32.320+00:00][A] [INFO] --------------------------------
[2026-09-02T18:57:32.321+00:00][A] [INFO] [HEARTBEAT TX]
[2026-09-02T18:57:32.326+00:00][A] [INFO] Node ID: 1
[2026-09-02T18:57:32.326+00:00][A] [INFO] type: 2
[2026-09-02T18:57:32.327+00:00][A] [INFO] Destination: 0xFF
[2026-09-02T18:57:32.331+00:00][A] [INFO] Sequence: 130
[2026-09-02T18:57:32.332+00:00][A] [INFO] Packet ID: 36
[2026-09-02T18:57:32.337+00:00][A] [INFO] Packet Size: 26
[2026-09-02T18:57:32.337+00:00][A] [INFO] Timestamp: 36 ms
[2026-09-02T18:57:32.338+00:00][A] [INFO] Transmission Result: success
[2026-09-02T18:57:32.343+00:00][A] [INFO] --------------------------------
[2026-09-02T18:57:32.343+00:00][A] [INFO] [Heartbeat #36]
[2026-09-02T18:57:32.348+00:00][A] [INFO] Sent
[2026-09-02T18:57:32.348+00:00][A] [INFO] Waiting ACK...
[2026-09-02T18:57:32.349+00:00][A] [INFO] [WAITING ACK]
[2026-09-02T18:57:32.364+00:00][A] [INFO] [RF TX] type=2 source=0x01 destination=0xFF previousHop=0x01 sequence=130 ackSequence=0 ttl=8 hops=0 payloadSize=13 rssi=0 snr=0.00
[2026-09-02T18:57:32.365+00:00][A] [INFO] Heartbeat packet sent
[2026-09-02T18:57:32.365+00:00][A] [WARN] TX_RETRY seq=129
[2026-09-02T18:57:32.421+00:00][A] [INFO] [RF TX] type=1 source=0x01 destination=0x02 previousHop=0x01 sequence=129 ackSequence=0 ttl=8 hops=0 payloadSize=4 rssi=0 snr=0.00
[2026-09-02T18:57:33.237+00:00][A] [INFO] --------------------------------
[2026-09-02T18:57:33.237+00:00][A] [INFO] [HEARTBEAT TX]
[2026-09-02T18:57:33.242+00:00][A] [INFO] Node ID: 1
[2026-09-02T18:57:33.242+00:00][A] [INFO] type: 2
[2026-09-02T18:57:33.243+00:00][A] [INFO] Destination: 0xFF
[2026-09-02T18:57:33.248+00:00][A] [INFO] Sequence: 131
[2026-09-02T18:57:33.248+00:00][A] [INFO] Packet ID: 37
[2026-09-02T18:57:33.253+00:00][A] [INFO] Packet Size: 26
[2026-09-02T18:57:33.253+00:00][A] [INFO] Timestamp: 37 ms
[2026-09-02T18:57:33.254+00:00][A] [INFO] Transmission Result: success
[2026-09-02T18:57:33.259+00:00][A] [INFO] --------------------------------
[2026-09-02T18:57:33.259+00:00][A] [INFO] [Heartbeat #37]
[2026-09-02T18:57:33.264+00:00][A] [INFO] Sent
[2026-09-02T18:57:33.265+00:00][A] [INFO] Waiting ACK...
[2026-09-02T18:57:33.265+00:00][A] [INFO] [WAITING ACK]
[2026-09-02T18:57:33.278+00:00][A] [INFO] [RF TX] type=2 source=0x01 destination=0xFF previousHop=0x01 sequence=131 ackSequence=0 ttl=8 hops=0 payloadSize=13 rssi=0 snr=0.00
[2026-09-02T18:57:33.281+00:00][A] [INFO] Heartbeat packet sent
[2026-09-02T18:57:33.422+00:00][A] [WARN] TX_RETRY seq=129
[2026-09-02T18:57:33.484+00:00][A] [INFO] [RF TX] type=1 source=0x01 destination=0x02 previousHop=0x01 sequence=129 ackSequence=0 ttl=8 hops=0 payloadSize=4 rssi=0 snr=0.00
[2026-09-02T18:57:34.254+00:00][A] [WARN] Retry 1
[2026-09-02T18:57:34.320+00:00][A] [INFO] --------------------------------
[2026-09-02T18:57:34.320+00:00][A] [INFO] [HEARTBEAT TX]
[2026-09-02T18:57:34.326+00:00][A] [INFO] Node ID: 1
[2026-09-02T18:57:34.326+00:00][A] [INFO] type: 2
[2026-09-02T18:57:34.326+00:00][A] [INFO] Destination: 0xFF
[2026-09-02T18:57:34.331+00:00][A] [INFO] Sequence: 131
[2026-09-02T18:57:34.331+00:00][A] [INFO] Packet ID: 37
[2026-09-02T18:57:34.337+00:00][A] [INFO] Packet Size: 26
[2026-09-02T18:57:34.337+00:00][A] [INFO] Timestamp: 37 ms
[2026-09-02T18:57:34.338+00:00][A] [INFO] Transmission Result: success
[2026-09-02T18:57:34.343+00:00][A] [INFO] --------------------------------
[2026-09-02T18:57:34.343+00:00][A] [INFO] [Heartbeat #37]
[2026-09-02T18:57:34.348+00:00][A] [INFO] Sent
[2026-09-02T18:57:34.348+00:00][A] [INFO] Waiting ACK...
[2026-09-02T18:57:34.348+00:00][A] [INFO] [WAITING ACK]
[2026-09-02T18:57:34.362+00:00][A] [INFO] [RF TX] type=2 source=0x01 destination=0xFF previousHop=0x01 sequence=131 ackSequence=0 ttl=8 hops=0 payloadSize=13 rssi=0 snr=0.00
[2026-09-02T18:57:34.363+00:00][A] [INFO] Heartbeat packet sent
[2026-09-02T18:57:34.487+00:00][A] [ERROR] TX_FAILED
[2026-09-02T18:57:34.487+00:00][A] [WARN] ACK_FAILED seq=129
[2026-09-02T18:57:34.490+00:00][A] [INFO] TEST_DATA_QUEUED dst=0x02 seq=132 remaining=4
[2026-09-02T18:57:34.546+00:00][A] [INFO] [RF TX] type=1 source=0x01 destination=0x02 previousHop=0x01 sequence=132 ackSequence=0 ttl=8 hops=0 payloadSize=4 rssi=0 snr=0.00
[2026-09-02T18:57:34.611+00:00][A] [INFO] [RF RX] type=3 source=0x02 destination=0x01 previousHop=0x02 sequence=147 ackSequence=132 ttl=8 hops=0 payloadSize=2 rssi=-59 snr=10.00
[2026-09-02T18:57:34.612+00:00][A] [INFO] ACK_RX seq=132 source=0x02
[2026-09-02T18:57:34.615+00:00][A] [INFO] TEST_DATA_QUEUED dst=0x02 seq=133 remaining=3
[2026-09-02T18:57:34.670+00:00][A] [INFO] [RF TX] type=1 source=0x01 destination=0x02 previousHop=0x01 sequence=133 ackSequence=0 ttl=8 hops=0 payloadSize=4 rssi=0 snr=0.00
[2026-09-02T18:57:34.735+00:00][A] [INFO] [RF RX] type=3 source=0x02 destination=0x01 previousHop=0x02 sequence=148 ackSequence=133 ttl=8 hops=0 payloadSize=2 rssi=-61 snr=9.50
[2026-09-02T18:57:34.736+00:00][A] [INFO] ACK_RX seq=133 source=0x02
[2026-09-02T18:57:34.739+00:00][A] [INFO] TEST_DATA_QUEUED dst=0x02 seq=134 remaining=2
[2026-09-02T18:57:34.794+00:00][A] [INFO] [RF TX] type=1 source=0x01 destination=0x02 previousHop=0x01 sequence=134 ackSequence=0 ttl=8 hops=0 payloadSize=4 rssi=0 snr=0.00
[2026-09-02T18:57:34.859+00:00][A] [INFO] [RF RX] type=3 source=0x02 destination=0x01 previousHop=0x02 sequence=149 ackSequence=134 ttl=8 hops=0 payloadSize=2 rssi=-61 snr=9.75
[2026-09-02T18:57:34.860+00:00][A] [INFO] ACK_RX seq=134 source=0x02
[2026-09-02T18:57:34.863+00:00][A] [INFO] TEST_DATA_QUEUED dst=0x02 seq=135 remaining=1
[2026-09-02T18:57:34.917+00:00][A] [INFO] [RF TX] type=1 source=0x01 destination=0x02 previousHop=0x01 sequence=135 ackSequence=0 ttl=8 hops=0 payloadSize=4 rssi=0 snr=0.00
[2026-09-02T18:57:34.983+00:00][A] [INFO] [RF RX] type=3 source=0x02 destination=0x01 previousHop=0x02 sequence=150 ackSequence=135 ttl=8 hops=0 payloadSize=2 rssi=-61 snr=9.50
[2026-09-02T18:57:34.983+00:00][A] [INFO] ACK_RX seq=135 source=0x02
[2026-09-02T18:57:34.987+00:00][A] [INFO] TEST_DATA_QUEUED dst=0x02 seq=136 remaining=0
[2026-09-02T18:57:35.041+00:00][A] [INFO] [RF TX] type=1 source=0x01 destination=0x02 previousHop=0x01 sequence=136 ackSequence=0 ttl=8 hops=0 payloadSize=4 rssi=0 snr=0.00
[2026-09-02T18:57:35.237+00:00][A] [INFO] --------------------------------
[2026-09-02T18:57:35.237+00:00][A] [INFO] [HEARTBEAT TX]
[2026-09-02T18:57:35.242+00:00][A] [INFO] Node ID: 1
[2026-09-02T18:57:35.242+00:00][A] [INFO] type: 2
[2026-09-02T18:57:35.242+00:00][A] [INFO] Destination: 0xFF
[2026-09-02T18:57:35.248+00:00][A] [INFO] Sequence: 137
[2026-09-02T18:57:35.248+00:00][A] [INFO] Packet ID: 38
[2026-09-02T18:57:35.253+00:00][A] [INFO] Packet Size: 26
[2026-09-02T18:57:35.253+00:00][A] [INFO] Timestamp: 38 ms
[2026-09-02T18:57:35.254+00:00][A] [INFO] Transmission Result: success
[2026-09-02T18:57:35.259+00:00][A] [INFO] --------------------------------
[2026-09-02T18:57:35.259+00:00][A] [INFO] [Heartbeat #38]
[2026-09-02T18:57:35.264+00:00][A] [INFO] Sent
[2026-09-02T18:57:35.265+00:00][A] [INFO] Waiting ACK...
[2026-09-02T18:57:35.265+00:00][A] [INFO] [WAITING ACK]
[2026-09-02T18:57:35.278+00:00][A] [INFO] [RF TX] type=2 source=0x01 destination=0xFF previousHop=0x01 sequence=137 ackSequence=0 ttl=8 hops=0 payloadSize=13 rssi=0 snr=0.00
[2026-09-02T18:57:35.279+00:00][A] [INFO] Heartbeat packet sent
[2026-09-02T18:57:36.041+00:00][A] [WARN] TX_RETRY seq=136
[2026-09-02T18:57:36.103+00:00][A] [INFO] [RF TX] type=1 source=0x01 destination=0x02 previousHop=0x01 sequence=136 ackSequence=0 ttl=8 hops=0 payloadSize=4 rssi=0 snr=0.00
[2026-09-02T18:57:36.169+00:00][A] [INFO] [RF RX] type=3 source=0x02 destination=0x01 previousHop=0x02 sequence=152 ackSequence=136 ttl=8 hops=0 payloadSize=2 rssi=-60 snr=9.75
[2026-09-02T18:57:36.170+00:00][A] [INFO] ACK_RX seq=136 source=0x02
[2026-09-02T18:57:36.173+00:00][A] [INFO] TEST_DATA_QUEUED dst=0x02 seq=138 remaining=99
[2026-09-02T18:57:36.228+00:00][A] [INFO] [RF TX] type=1 source=0x01 destination=0x02 previousHop=0x01 sequence=138 ackSequence=0 ttl=8 hops=0 payloadSize=4 rssi=0 snr=0.00
[2026-09-02T18:57:36.254+00:00][A] [WARN] Retry 1
[2026-09-02T18:57:36.320+00:00][A] [INFO] --------------------------------
[2026-09-02T18:57:36.321+00:00][A] [INFO] [HEARTBEAT TX]
[2026-09-02T18:57:36.326+00:00][A] [INFO] Node ID: 1
[2026-09-02T18:57:36.326+00:00][A] [INFO] type: 2
[2026-09-02T18:57:36.326+00:00][A] [INFO] Destination: 0xFF
[2026-09-02T18:57:36.331+00:00][A] [INFO] Sequence: 137
[2026-09-02T18:57:36.332+00:00][A] [INFO] Packet ID: 38
[2026-09-02T18:57:36.337+00:00][A] [INFO] Packet Size: 26
[2026-09-02T18:57:36.337+00:00][A] [INFO] Timestamp: 38 ms
[2026-09-02T18:57:36.338+00:00][A] [INFO] Transmission Result: success
[2026-09-02T18:57:36.343+00:00][A] [INFO] --------------------------------
[2026-09-02T18:57:36.343+00:00][A] [INFO] [Heartbeat #38]
[2026-09-02T18:57:36.348+00:00][A] [INFO] Sent
[2026-09-02T18:57:36.348+00:00][A] [INFO] Waiting ACK...
[2026-09-02T18:57:36.348+00:00][A] [INFO] [WAITING ACK]
[2026-09-02T18:57:36.362+00:00][A] [INFO] [RF TX] type=2 source=0x01 destination=0xFF previousHop=0x01 sequence=137 ackSequence=0 ttl=8 hops=0 payloadSize=13 rssi=0 snr=0.00
[2026-09-02T18:57:36.362+00:00][A] [INFO] Heartbeat packet sent
[2026-09-02T18:57:37.237+00:00][A] [INFO] --------------------------------
[2026-09-02T18:57:37.237+00:00][A] [INFO] [HEARTBEAT TX]
[2026-09-02T18:57:37.242+00:00][A] [INFO] Node ID: 1
[2026-09-02T18:57:37.242+00:00][A] [INFO] type: 2
[2026-09-02T18:57:37.242+00:00][A] [INFO] Destination: 0xFF
[2026-09-02T18:57:37.248+00:00][A] [INFO] Sequence: 139
[2026-09-02T18:57:37.248+00:00][A] [INFO] Packet ID: 39
[2026-09-02T18:57:37.253+00:00][A] [INFO] Packet Size: 26
[2026-09-02T18:57:37.253+00:00][A] [INFO] Timestamp: 39 ms
[2026-09-02T18:57:37.254+00:00][A] [INFO] Transmission Result: success
[2026-09-02T18:57:37.259+00:00][A] [INFO] --------------------------------
[2026-09-02T18:57:37.259+00:00][A] [INFO] [Heartbeat #39]
[2026-09-02T18:57:37.264+00:00][A] [INFO] Sent
[2026-09-02T18:57:37.265+00:00][A] [INFO] Waiting ACK...
[2026-09-02T18:57:37.265+00:00][A] [INFO] [WAITING ACK]
[2026-09-02T18:57:37.280+00:00][A] [INFO] [RF TX] type=2 source=0x01 destination=0xFF previousHop=0x01 sequence=139 ackSequence=0 ttl=8 hops=0 payloadSize=13 rssi=0 snr=0.00
[2026-09-02T18:57:37.281+00:00][A] [INFO] Heartbeat packet sent
[2026-09-02T18:57:37.281+00:00][A] [WARN] TX_RETRY seq=138
[2026-09-02T18:57:37.338+00:00][A] [INFO] [RF TX] type=1 source=0x01 destination=0x02 previousHop=0x01 sequence=138 ackSequence=0 ttl=8 hops=0 payloadSize=4 rssi=0 snr=0.00
[2026-09-02T18:57:38.253+00:00][A] [WARN] Retry 1
[2026-09-02T18:57:38.322+00:00][A] [INFO] --------------------------------
[2026-09-02T18:57:38.322+00:00][A] [INFO] [HEARTBEAT TX]
[2026-09-02T18:57:38.329+00:00][A] [INFO] Node ID: 1
[2026-09-02T18:57:38.330+00:00][A] [INFO] type: 2
[2026-09-02T18:57:38.330+00:00][A] [INFO] Destination: 0xFF
[2026-09-02T18:57:38.331+00:00][A] [INFO] Sequence: 139
[2026-09-02T18:57:38.331+00:00][A] [INFO] Packet ID: 39
[2026-09-02T18:57:38.337+00:00][A] [INFO] Packet Size: 26
[2026-09-02T18:57:38.337+00:00][A] [INFO] Timestamp: 39 ms
[2026-09-02T18:57:38.337+00:00][A] [INFO] Transmission Result: success
[2026-09-02T18:57:38.342+00:00][A] [INFO] --------------------------------
[2026-09-02T18:57:38.343+00:00][A] [INFO] [Heartbeat #39]
[2026-09-02T18:57:38.348+00:00][A] [INFO] Sent
[2026-09-02T18:57:38.348+00:00][A] [INFO] Waiting ACK...
[2026-09-02T18:57:38.348+00:00][A] [INFO] [WAITING ACK]
[2026-09-02T18:57:38.364+00:00][A] [INFO] [RF TX] type=2 source=0x01 destination=0xFF previousHop=0x01 sequence=139 ackSequence=0 ttl=8 hops=0 payloadSize=13 rssi=0 snr=0.00
[2026-09-02T18:57:38.364+00:00][A] [INFO] Heartbeat packet sent
[2026-09-02T18:57:38.364+00:00][A] [WARN] TX_RETRY seq=138
[2026-09-02T18:57:38.421+00:00][A] [INFO] [RF TX] type=1 source=0x01 destination=0x02 previousHop=0x01 sequence=138 ackSequence=0 ttl=8 hops=0 payloadSize=4 rssi=0 snr=0.00
[2026-09-02T18:57:39.236+00:00][A] [INFO] --------------------------------
[2026-09-02T18:57:39.236+00:00][A] [INFO] [HEARTBEAT TX]
[2026-09-02T18:57:39.241+00:00][A] [INFO] Node ID: 1
[2026-09-02T18:57:39.242+00:00][A] [INFO] type: 2
[2026-09-02T18:57:39.242+00:00][A] [INFO] Destination: 0xFF
[2026-09-02T18:57:39.247+00:00][A] [INFO] Sequence: 140
[2026-09-02T18:57:39.247+00:00][A] [INFO] Packet ID: 40
[2026-09-02T18:57:39.252+00:00][A] [INFO] Packet Size: 26
[2026-09-02T18:57:39.253+00:00][A] [INFO] Timestamp: 40 ms
[2026-09-02T18:57:39.253+00:00][A] [INFO] Transmission Result: success
[2026-09-02T18:57:39.258+00:00][A] [INFO] --------------------------------
[2026-09-02T18:57:39.258+00:00][A] [INFO] [Heartbeat #40]
[2026-09-02T18:57:39.264+00:00][A] [INFO] Sent
[2026-09-02T18:57:39.264+00:00][A] [INFO] Waiting ACK...
[2026-09-02T18:57:39.264+00:00][A] [INFO] [WAITING ACK]
[2026-09-02T18:57:39.278+00:00][A] [INFO] [RF TX] type=2 source=0x01 destination=0xFF previousHop=0x01 sequence=140 ackSequence=0 ttl=8 hops=0 payloadSize=13 rssi=0 snr=0.00
[2026-09-02T18:57:39.278+00:00][A] [INFO] Heartbeat packet sent
[2026-09-02T18:57:39.421+00:00][A] [WARN] TX_RETRY seq=138
[2026-09-02T18:57:39.483+00:00][A] [INFO] [RF TX] type=1 source=0x01 destination=0x02 previousHop=0x01 sequence=138 ackSequence=0 ttl=8 hops=0 payloadSize=4 rssi=0 snr=0.00
[2026-09-02T18:57:40.253+00:00][A] [WARN] Retry 1
[2026-09-02T18:57:40.321+00:00][A] [INFO] --------------------------------
[2026-09-02T18:57:40.321+00:00][A] [INFO] [HEARTBEAT TX]
[2026-09-02T18:57:40.326+00:00][A] [INFO] Node ID: 1
[2026-09-02T18:57:40.326+00:00][A] [INFO] type: 2
[2026-09-02T18:57:40.327+00:00][A] [INFO] Destination: 0xFF
[2026-09-02T18:57:40.331+00:00][A] [INFO] Sequence: 140
[2026-09-02T18:57:40.332+00:00][A] [INFO] Packet ID: 40
[2026-09-02T18:57:40.337+00:00][A] [INFO] Packet Size: 26
[2026-09-02T18:57:40.337+00:00][A] [INFO] Timestamp: 40 ms
[2026-09-02T18:57:40.337+00:00][A] [INFO] Transmission Result: success
[2026-09-02T18:57:40.343+00:00][A] [INFO] --------------------------------
[2026-09-02T18:57:40.343+00:00][A] [INFO] [Heartbeat #40]
[2026-09-02T18:57:40.348+00:00][A] [INFO] Sent
[2026-09-02T18:57:40.348+00:00][A] [INFO] Waiting ACK...
[2026-09-02T18:57:40.349+00:00][A] [INFO] [WAITING ACK]
[2026-09-02T18:57:40.362+00:00][A] [INFO] [RF TX] type=2 source=0x01 destination=0xFF previousHop=0x01 sequence=140 ackSequence=0 ttl=8 hops=0 payloadSize=13 rssi=0 snr=0.00
[2026-09-02T18:57:40.363+00:00][A] [INFO] Heartbeat packet sent
[2026-09-02T18:57:40.487+00:00][A] [ERROR] TX_FAILED
[2026-09-02T18:57:40.488+00:00][A] [WARN] ACK_FAILED seq=138
[2026-09-02T18:57:40.491+00:00][A] [INFO] TEST_DATA_QUEUED dst=0x02 seq=141 remaining=98
[2026-09-02T18:57:40.546+00:00][A] [INFO] [RF TX] type=1 source=0x01 destination=0x02 previousHop=0x01 sequence=141 ackSequence=0 ttl=8 hops=0 payloadSize=4 rssi=0 snr=0.00
[2026-09-02T18:57:40.611+00:00][A] [INFO] [RF RX] type=3 source=0x02 destination=0x01 previousHop=0x02 sequence=157 ackSequence=141 ttl=8 hops=0 payloadSize=2 rssi=-59 snr=10.25
[2026-09-02T18:57:40.612+00:00][A] [INFO] ACK_RX seq=141 source=0x02
[2026-09-02T18:57:40.615+00:00][A] [INFO] TEST_DATA_QUEUED dst=0x02 seq=142 remaining=97
[2026-09-02T18:57:40.669+00:00][A] [INFO] [RF TX] type=1 source=0x01 destination=0x02 previousHop=0x01 sequence=142 ackSequence=0 ttl=8 hops=0 payloadSize=4 rssi=0 snr=0.00
[2026-09-02T18:57:40.735+00:00][A] [INFO] [RF RX] type=3 source=0x02 destination=0x01 previousHop=0x02 sequence=158 ackSequence=142 ttl=8 hops=0 payloadSize=2 rssi=-61 snr=9.50
[2026-09-02T18:57:40.735+00:00][A] [INFO] ACK_RX seq=142 source=0x02
[2026-09-02T18:57:40.739+00:00][A] [INFO] TEST_DATA_QUEUED dst=0x02 seq=143 remaining=96
[2026-09-02T18:57:40.793+00:00][A] [INFO] [RF TX] type=1 source=0x01 destination=0x02 previousHop=0x01 sequence=143 ackSequence=0 ttl=8 hops=0 payloadSize=4 rssi=0 snr=0.00
[2026-09-02T18:57:40.859+00:00][A] [INFO] [RF RX] type=3 source=0x02 destination=0x01 previousHop=0x02 sequence=159 ackSequence=143 ttl=8 hops=0 payloadSize=2 rssi=-61 snr=9.00
[2026-09-02T18:57:40.859+00:00][A] [INFO] ACK_RX seq=143 source=0x02
[2026-09-02T18:57:40.863+00:00][A] [INFO] TEST_DATA_QUEUED dst=0x02 seq=144 remaining=95
[2026-09-02T18:57:40.917+00:00][A] [INFO] [RF TX] type=1 source=0x01 destination=0x02 previousHop=0x01 sequence=144 ackSequence=0 ttl=8 hops=0 payloadSize=4 rssi=0 snr=0.00
[2026-09-02T18:57:40.983+00:00][A] [INFO] [RF RX] type=3 source=0x02 destination=0x01 previousHop=0x02 sequence=160 ackSequence=144 ttl=8 hops=0 payloadSize=2 rssi=-61 snr=9.50
[2026-09-02T18:57:40.983+00:00][A] [INFO] ACK_RX seq=144 source=0x02
[2026-09-02T18:57:40.986+00:00][A] [INFO] TEST_DATA_QUEUED dst=0x02 seq=145 remaining=94
[2026-09-02T18:57:41.041+00:00][A] [INFO] [RF TX] type=1 source=0x01 destination=0x02 previousHop=0x01 sequence=145 ackSequence=0 ttl=8 hops=0 payloadSize=4 rssi=0 snr=0.00
[2026-09-02T18:57:41.106+00:00][A] [INFO] [RF RX] type=3 source=0x02 destination=0x01 previousHop=0x02 sequence=161 ackSequence=145 ttl=8 hops=0 payloadSize=2 rssi=-61 snr=9.25
[2026-09-02T18:57:41.107+00:00][A] [INFO] ACK_RX seq=145 source=0x02
[2026-09-02T18:57:41.110+00:00][A] [INFO] TEST_DATA_QUEUED dst=0x02 seq=146 remaining=93
[2026-09-02T18:57:41.165+00:00][A] [INFO] [RF TX] type=1 source=0x01 destination=0x02 previousHop=0x01 sequence=146 ackSequence=0 ttl=8 hops=0 payloadSize=4 rssi=0 snr=0.00
[2026-09-02T18:57:41.237+00:00][A] [INFO] --------------------------------
[2026-09-02T18:57:41.237+00:00][A] [INFO] [HEARTBEAT TX]
[2026-09-02T18:57:41.242+00:00][A] [INFO] Node ID: 1
[2026-09-02T18:57:41.242+00:00][A] [INFO] type: 2
[2026-09-02T18:57:41.242+00:00][A] [INFO] Destination: 0xFF
[2026-09-02T18:57:41.247+00:00][A] [INFO] Sequence: 147
[2026-09-02T18:57:41.248+00:00][A] [INFO] Packet ID: 41
[2026-09-02T18:57:41.253+00:00][A] [INFO] Packet Size: 26
[2026-09-02T18:57:41.253+00:00][A] [INFO] Timestamp: 41 ms
[2026-09-02T18:57:41.254+00:00][A] [INFO] Transmission Result: success
[2026-09-02T18:57:41.258+00:00][A] [INFO] --------------------------------
[2026-09-02T18:57:41.259+00:00][A] [INFO] [Heartbeat #41]
[2026-09-02T18:57:41.264+00:00][A] [INFO] Sent
[2026-09-02T18:57:41.265+00:00][A] [INFO] Waiting ACK...
[2026-09-02T18:57:41.265+00:00][A] [INFO] [WAITING ACK]
[2026-09-02T18:57:41.278+00:00][A] [INFO] [RF TX] type=2 source=0x01 destination=0xFF previousHop=0x01 sequence=147 ackSequence=0 ttl=8 hops=0 payloadSize=13 rssi=0 snr=0.00
[2026-09-02T18:57:41.279+00:00][A] [INFO] Heartbeat packet sent
[2026-09-02T18:57:42.165+00:00][A] [WARN] TX_RETRY seq=146
[2026-09-02T18:57:42.227+00:00][A] [INFO] [RF TX] type=1 source=0x01 destination=0x02 previousHop=0x01 sequence=146 ackSequence=0 ttl=8 hops=0 payloadSize=4 rssi=0 snr=0.00
[2026-09-02T18:57:42.253+00:00][A] [WARN] Retry 1
[2026-09-02T18:57:42.321+00:00][A] [INFO] --------------------------------
[2026-09-02T18:57:42.321+00:00][A] [INFO] [HEARTBEAT TX]
[2026-09-02T18:57:42.326+00:00][A] [INFO] Node ID: 1
[2026-09-02T18:57:42.326+00:00][A] [INFO] type: 2
[2026-09-02T18:57:42.326+00:00][A] [INFO] Destination: 0xFF
[2026-09-02T18:57:42.331+00:00][A] [INFO] Sequence: 147
[2026-09-02T18:57:42.332+00:00][A] [INFO] Packet ID: 41
[2026-09-02T18:57:42.337+00:00][A] [INFO] Packet Size: 26
[2026-09-02T18:57:42.337+00:00][A] [INFO] Timestamp: 41 ms
[2026-09-02T18:57:42.338+00:00][A] [INFO] Transmission Result: success
[2026-09-02T18:57:42.342+00:00][A] [INFO] --------------------------------
[2026-09-02T18:57:42.343+00:00][A] [INFO] [Heartbeat #41]
[2026-09-02T18:57:42.348+00:00][A] [INFO] Sent
[2026-09-02T18:57:42.348+00:00][A] [INFO] Waiting ACK...
[2026-09-02T18:57:42.349+00:00][A] [INFO] [WAITING ACK]
[2026-09-02T18:57:42.362+00:00][A] [INFO] [RF TX] type=2 source=0x01 destination=0xFF previousHop=0x01 sequence=147 ackSequence=0 ttl=8 hops=0 payloadSize=13 rssi=0 snr=0.00
[2026-09-02T18:57:42.363+00:00][A] [INFO] Heartbeat packet sent
[2026-09-02T18:57:43.237+00:00][A] [INFO] --------------------------------
[2026-09-02T18:57:43.237+00:00][A] [INFO] [HEARTBEAT TX]
[2026-09-02T18:57:43.242+00:00][A] [INFO] Node ID: 1
[2026-09-02T18:57:43.242+00:00][A] [INFO] type: 2
[2026-09-02T18:57:43.242+00:00][A] [INFO] Destination: 0xFF
[2026-09-02T18:57:43.248+00:00][A] [INFO] Sequence: 148
[2026-09-02T18:57:43.248+00:00][A] [INFO] Packet ID: 42
[2026-09-02T18:57:43.253+00:00][A] [INFO] Packet Size: 26
[2026-09-02T18:57:43.253+00:00][A] [INFO] Timestamp: 42 ms
[2026-09-02T18:57:43.254+00:00][A] [INFO] Transmission Result: success
[2026-09-02T18:57:43.259+00:00][A] [INFO] --------------------------------
[2026-09-02T18:57:43.259+00:00][A] [INFO] [Heartbeat #42]
[2026-09-02T18:57:43.264+00:00][A] [INFO] Sent
[2026-09-02T18:57:43.265+00:00][A] [INFO] Waiting ACK...
[2026-09-02T18:57:43.265+00:00][A] [INFO] [WAITING ACK]
[2026-09-02T18:57:43.280+00:00][A] [INFO] [RF TX] type=2 source=0x01 destination=0xFF previousHop=0x01 sequence=148 ackSequence=0 ttl=8 hops=0 payloadSize=13 rssi=0 snr=0.00
[2026-09-02T18:57:43.281+00:00][A] [INFO] Heartbeat packet sent
[2026-09-02T18:57:43.281+00:00][A] [WARN] TX_RETRY seq=146
[2026-09-02T18:57:43.337+00:00][A] [INFO] [RF TX] type=1 source=0x01 destination=0x02 previousHop=0x01 sequence=146 ackSequence=0 ttl=8 hops=0 payloadSize=4 rssi=0 snr=0.00
[2026-09-02T18:57:44.254+00:00][A] [WARN] Retry 1
[2026-09-02T18:57:44.320+00:00][A] [INFO] --------------------------------
[2026-09-02T18:57:44.321+00:00][A] [INFO] [HEARTBEAT TX]
[2026-09-02T18:57:44.326+00:00][A] [INFO] Node ID: 1
[2026-09-02T18:57:44.326+00:00][A] [INFO] type: 2
[2026-09-02T18:57:44.326+00:00][A] [INFO] Destination: 0xFF
[2026-09-02T18:57:44.331+00:00][A] [INFO] Sequence: 148
[2026-09-02T18:57:44.331+00:00][A] [INFO] Packet ID: 42
[2026-09-02T18:57:44.337+00:00][A] [INFO] Packet Size: 26
[2026-09-02T18:57:44.337+00:00][A] [INFO] Timestamp: 42 ms
[2026-09-02T18:57:44.337+00:00][A] [INFO] Transmission Result: success
[2026-09-02T18:57:44.343+00:00][A] [INFO] --------------------------------
[2026-09-02T18:57:44.344+00:00][A] [INFO] [Heartbeat #42]
[2026-09-02T18:57:44.348+00:00][A] [INFO] Sent
[2026-09-02T18:57:44.349+00:00][A] [INFO] Waiting ACK...
[2026-09-02T18:57:44.349+00:00][A] [INFO] [WAITING ACK]
[2026-09-02T18:57:44.364+00:00][A] [INFO] [RF TX] type=2 source=0x01 destination=0xFF previousHop=0x01 sequence=148 ackSequence=0 ttl=8 hops=0 payloadSize=13 rssi=0 snr=0.00
[2026-09-02T18:57:44.365+00:00][A] [INFO] Heartbeat packet sent
[2026-09-02T18:57:44.365+00:00][A] [WARN] TX_RETRY seq=146
[2026-09-02T18:57:44.421+00:00][A] [INFO] [RF TX] type=1 source=0x01 destination=0x02 previousHop=0x01 sequence=146 ackSequence=0 ttl=8 hops=0 payloadSize=4 rssi=0 snr=0.00
[2026-09-02T18:57:45.237+00:00][A] [INFO] --------------------------------
[2026-09-02T18:57:45.237+00:00][A] [INFO] [HEARTBEAT TX]
[2026-09-02T18:57:45.242+00:00][A] [INFO] Node ID: 1
[2026-09-02T18:57:45.242+00:00][A] [INFO] type: 2
[2026-09-02T18:57:45.242+00:00][A] [INFO] Destination: 0xFF
[2026-09-02T18:57:45.247+00:00][A] [INFO] Sequence: 149
[2026-09-02T18:57:45.248+00:00][A] [INFO] Packet ID: 43
[2026-09-02T18:57:45.253+00:00][A] [INFO] Packet Size: 26
[2026-09-02T18:57:45.253+00:00][A] [INFO] Timestamp: 43 ms
[2026-09-02T18:57:45.254+00:00][A] [INFO] Transmission Result: success
[2026-09-02T18:57:45.259+00:00][A] [INFO] --------------------------------
[2026-09-02T18:57:45.259+00:00][A] [INFO] [Heartbeat #43]
[2026-09-02T18:57:45.264+00:00][A] [INFO] Sent
[2026-09-02T18:57:45.265+00:00][A] [INFO] Waiting ACK...
[2026-09-02T18:57:45.265+00:00][A] [INFO] [WAITING ACK]
[2026-09-02T18:57:45.278+00:00][A] [INFO] [RF TX] type=2 source=0x01 destination=0xFF previousHop=0x01 sequence=149 ackSequence=0 ttl=8 hops=0 payloadSize=13 rssi=0 snr=0.00
[2026-09-02T18:57:45.278+00:00][A] [INFO] Heartbeat packet sent
[2026-09-02T18:57:45.424+00:00][A] [ERROR] TX_FAILED
[2026-09-02T18:57:45.425+00:00][A] [WARN] ACK_FAILED seq=146
[2026-09-02T18:57:45.428+00:00][A] [INFO] TEST_DATA_QUEUED dst=0x02 seq=150 remaining=92
[2026-09-02T18:57:45.484+00:00][A] [INFO] [RF TX] type=1 source=0x01 destination=0x02 previousHop=0x01 sequence=150 ackSequence=0 ttl=8 hops=0 payloadSize=4 rssi=0 snr=0.00
[2026-09-02T18:57:45.549+00:00][A] [INFO] [RF RX] type=3 source=0x02 destination=0x01 previousHop=0x02 sequence=167 ackSequence=150 ttl=8 hops=0 payloadSize=2 rssi=-60 snr=9.75
[2026-09-02T18:57:45.550+00:00][A] [INFO] ACK_RX seq=150 source=0x02
[2026-09-02T18:57:45.554+00:00][A] [INFO] TEST_DATA_QUEUED dst=0x02 seq=151 remaining=91
[2026-09-02T18:57:45.608+00:00][A] [INFO] [RF TX] type=1 source=0x01 destination=0x02 previousHop=0x01 sequence=151 ackSequence=0 ttl=8 hops=0 payloadSize=4 rssi=0 snr=0.00
[2026-09-02T18:57:45.673+00:00][A] [INFO] [RF RX] type=3 source=0x02 destination=0x01 previousHop=0x02 sequence=168 ackSequence=151 ttl=8 hops=0 payloadSize=2 rssi=-61 snr=10.00
[2026-09-02T18:57:45.673+00:00][A] [INFO] ACK_RX seq=151 source=0x02
[2026-09-02T18:57:45.677+00:00][A] [INFO] TEST_DATA_QUEUED dst=0x02 seq=152 remaining=90
[2026-09-02T18:57:45.731+00:00][A] [INFO] [RF TX] type=1 source=0x01 destination=0x02 previousHop=0x01 sequence=152 ackSequence=0 ttl=8 hops=0 payloadSize=4 rssi=0 snr=0.00
[2026-09-02T18:57:45.797+00:00][A] [INFO] [RF RX] type=3 source=0x02 destination=0x01 previousHop=0x02 sequence=169 ackSequence=152 ttl=8 hops=0 payloadSize=2 rssi=-60 snr=9.50
[2026-09-02T18:57:45.798+00:00][A] [INFO] ACK_RX seq=152 source=0x02
[2026-09-02T18:57:45.801+00:00][A] [INFO] TEST_DATA_QUEUED dst=0x02 seq=153 remaining=89
[2026-09-02T18:57:45.855+00:00][A] [INFO] [RF TX] type=1 source=0x01 destination=0x02 previousHop=0x01 sequence=153 ackSequence=0 ttl=8 hops=0 payloadSize=4 rssi=0 snr=0.00
[2026-09-02T18:57:45.920+00:00][A] [INFO] [RF RX] type=3 source=0x02 destination=0x01 previousHop=0x02 sequence=170 ackSequence=153 ttl=8 hops=0 payloadSize=2 rssi=-61 snr=9.75
[2026-09-02T18:57:45.921+00:00][A] [INFO] ACK_RX seq=153 source=0x02
[2026-09-02T18:57:45.924+00:00][A] [INFO] TEST_DATA_QUEUED dst=0x02 seq=154 remaining=88
[2026-09-02T18:57:45.979+00:00][A] [INFO] [RF TX] type=1 source=0x01 destination=0x02 previousHop=0x01 sequence=154 ackSequence=0 ttl=8 hops=0 payloadSize=4 rssi=0 snr=0.00
[2026-09-02T18:57:46.044+00:00][A] [INFO] [RF RX] type=3 source=0x02 destination=0x01 previousHop=0x02 sequence=171 ackSequence=154 ttl=8 hops=0 payloadSize=2 rssi=-60 snr=10.00
[2026-09-02T18:57:46.045+00:00][A] [INFO] ACK_RX seq=154 source=0x02
[2026-09-02T18:57:46.048+00:00][A] [INFO] TEST_DATA_QUEUED dst=0x02 seq=155 remaining=87
[2026-09-02T18:57:46.102+00:00][A] [INFO] [RF TX] type=1 source=0x01 destination=0x02 previousHop=0x01 sequence=155 ackSequence=0 ttl=8 hops=0 payloadSize=4 rssi=0 snr=0.00
[2026-09-02T18:57:46.168+00:00][A] [INFO] [RF RX] type=3 source=0x02 destination=0x01 previousHop=0x02 sequence=172 ackSequence=155 ttl=8 hops=0 payloadSize=2 rssi=-61 snr=9.75
[2026-09-02T18:57:46.168+00:00][A] [INFO] ACK_RX seq=155 source=0x02
[2026-09-02T18:57:46.172+00:00][A] [INFO] TEST_DATA_QUEUED dst=0x02 seq=156 remaining=86
[2026-09-02T18:57:46.226+00:00][A] [INFO] [RF TX] type=1 source=0x01 destination=0x02 previousHop=0x01 sequence=156 ackSequence=0 ttl=8 hops=0 payloadSize=4 rssi=0 snr=0.00
[2026-09-02T18:57:46.253+00:00][A] [WARN] Retry 1
[2026-09-02T18:57:46.320+00:00][A] [INFO] --------------------------------
[2026-09-02T18:57:46.321+00:00][A] [INFO] [HEARTBEAT TX]
[2026-09-02T18:57:46.326+00:00][A] [INFO] Node ID: 1
[2026-09-02T18:57:46.326+00:00][A] [INFO] type: 2
[2026-09-02T18:57:46.326+00:00][A] [INFO] Destination: 0xFF
[2026-09-02T18:57:46.331+00:00][A] [INFO] Sequence: 149
[2026-09-02T18:57:46.332+00:00][A] [INFO] Packet ID: 43
[2026-09-02T18:57:46.336+00:00][A] [INFO] Packet Size: 26
[2026-09-02T18:57:46.337+00:00][A] [INFO] Timestamp: 43 ms
[2026-09-02T18:57:46.337+00:00][A] [INFO] Transmission Result: success
[2026-09-02T18:57:46.342+00:00][A] [INFO] --------------------------------
[2026-09-02T18:57:46.343+00:00][A] [INFO] [Heartbeat #43]
[2026-09-02T18:57:46.348+00:00][A] [INFO] Sent
[2026-09-02T18:57:46.348+00:00][A] [INFO] Waiting ACK...
[2026-09-02T18:57:46.349+00:00][A] [INFO] [WAITING ACK]
[2026-09-02T18:57:46.362+00:00][A] [INFO] [RF TX] type=2 source=0x01 destination=0xFF previousHop=0x01 sequence=149 ackSequence=0 ttl=8 hops=0 payloadSize=13 rssi=0 snr=0.00
[2026-09-02T18:57:46.363+00:00][A] [INFO] Heartbeat packet sent
[2026-09-02T18:57:47.236+00:00][A] [INFO] --------------------------------
[2026-09-02T18:57:47.236+00:00][A] [INFO] [HEARTBEAT TX]
[2026-09-02T18:57:47.241+00:00][A] [INFO] Node ID: 1
[2026-09-02T18:57:47.242+00:00][A] [INFO] type: 2
[2026-09-02T18:57:47.242+00:00][A] [INFO] Destination: 0xFF
[2026-09-02T18:57:47.247+00:00][A] [INFO] Sequence: 157
[2026-09-02T18:57:47.247+00:00][A] [INFO] Packet ID: 44
[2026-09-02T18:57:47.252+00:00][A] [INFO] Packet Size: 26
[2026-09-02T18:57:47.253+00:00][A] [INFO] Timestamp: 44 ms
[2026-09-02T18:57:47.253+00:00][A] [INFO] Transmission Result: success
[2026-09-02T18:57:47.258+00:00][A] [INFO] --------------------------------
[2026-09-02T18:57:47.259+00:00][A] [INFO] [Heartbeat #44]
[2026-09-02T18:57:47.264+00:00][A] [INFO] Sent
[2026-09-02T18:57:47.264+00:00][A] [INFO] Waiting ACK...
[2026-09-02T18:57:47.264+00:00][A] [INFO] [WAITING ACK]
[2026-09-02T18:57:47.280+00:00][A] [INFO] [RF TX] type=2 source=0x01 destination=0xFF previousHop=0x01 sequence=157 ackSequence=0 ttl=8 hops=0 payloadSize=13 rssi=0 snr=0.00
[2026-09-02T18:57:47.280+00:00][A] [INFO] Heartbeat packet sent
[2026-09-02T18:57:47.281+00:00][A] [WARN] TX_RETRY seq=156
[2026-09-02T18:57:47.337+00:00][A] [INFO] [RF TX] type=1 source=0x01 destination=0x02 previousHop=0x01 sequence=156 ackSequence=0 ttl=8 hops=0 payloadSize=4 rssi=0 snr=0.00
[2026-09-02T18:57:48.253+00:00][A] [WARN] Retry 1
[2026-09-02T18:57:48.320+00:00][A] [INFO] --------------------------------
[2026-09-02T18:57:48.321+00:00][A] [INFO] [HEARTBEAT TX]
[2026-09-02T18:57:48.326+00:00][A] [INFO] Node ID: 1
[2026-09-02T18:57:48.326+00:00][A] [INFO] type: 2
[2026-09-02T18:57:48.326+00:00][A] [INFO] Destination: 0xFF
[2026-09-02T18:57:48.331+00:00][A] [INFO] Sequence: 157
[2026-09-02T18:57:48.332+00:00][A] [INFO] Packet ID: 44
[2026-09-02T18:57:48.337+00:00][A] [INFO] Packet Size: 26
[2026-09-02T18:57:48.337+00:00][A] [INFO] Timestamp: 44 ms
[2026-09-02T18:57:48.338+00:00][A] [INFO] Transmission Result: success
[2026-09-02T18:57:48.342+00:00][A] [INFO] --------------------------------
[2026-09-02T18:57:48.343+00:00][A] [INFO] [Heartbeat #44]
[2026-09-02T18:57:48.348+00:00][A] [INFO] Sent
[2026-09-02T18:57:48.348+00:00][A] [INFO] Waiting ACK...
[2026-09-02T18:57:48.349+00:00][A] [INFO] [WAITING ACK]
[2026-09-02T18:57:48.364+00:00][A] [INFO] [RF TX] type=2 source=0x01 destination=0xFF previousHop=0x01 sequence=157 ackSequence=0 ttl=8 hops=0 payloadSize=13 rssi=0 snr=0.00
[2026-09-02T18:57:48.365+00:00][A] [INFO] Heartbeat packet sent
[2026-09-02T18:57:48.365+00:00][A] [WARN] TX_RETRY seq=156
[2026-09-02T18:57:48.421+00:00][A] [INFO] [RF TX] type=1 source=0x01 destination=0x02 previousHop=0x01 sequence=156 ackSequence=0 ttl=8 hops=0 payloadSize=4 rssi=0 snr=0.00
[2026-09-02T18:57:49.236+00:00][A] [INFO] --------------------------------
[2026-09-02T18:57:49.236+00:00][A] [INFO] [HEARTBEAT TX]
[2026-09-02T18:57:49.241+00:00][A] [INFO] Node ID: 1
[2026-09-02T18:57:49.242+00:00][A] [INFO] type: 2
[2026-09-02T18:57:49.242+00:00][A] [INFO] Destination: 0xFF
[2026-09-02T18:57:49.247+00:00][A] [INFO] Sequence: 158
[2026-09-02T18:57:49.247+00:00][A] [INFO] Packet ID: 45
[2026-09-02T18:57:49.252+00:00][A] [INFO] Packet Size: 26
[2026-09-02T18:57:49.253+00:00][A] [INFO] Timestamp: 45 ms
[2026-09-02T18:57:49.253+00:00][A] [INFO] Transmission Result: success
[2026-09-02T18:57:49.258+00:00][A] [INFO] --------------------------------
[2026-09-02T18:57:49.258+00:00][A] [INFO] [Heartbeat #45]
[2026-09-02T18:57:49.264+00:00][A] [INFO] Sent
[2026-09-02T18:57:49.264+00:00][A] [INFO] Waiting ACK...
[2026-09-02T18:57:49.264+00:00][A] [INFO] [WAITING ACK]
[2026-09-02T18:57:49.278+00:00][A] [INFO] [RF TX] type=2 source=0x01 destination=0xFF previousHop=0x01 sequence=158 ackSequence=0 ttl=8 hops=0 payloadSize=13 rssi=0 snr=0.00
[2026-09-02T18:57:49.278+00:00][A] [INFO] Heartbeat packet sent
[2026-09-02T18:57:49.421+00:00][A] [WARN] TX_RETRY seq=156
[2026-09-02T18:57:49.483+00:00][A] [INFO] [RF TX] type=1 source=0x01 destination=0x02 previousHop=0x01 sequence=156 ackSequence=0 ttl=8 hops=0 payloadSize=4 rssi=0 snr=0.00
[2026-09-02T18:57:50.253+00:00][A] [WARN] Retry 1
[2026-09-02T18:57:50.320+00:00][A] [INFO] --------------------------------
[2026-09-02T18:57:50.320+00:00][A] [INFO] [HEARTBEAT TX]
[2026-09-02T18:57:50.325+00:00][A] [INFO] Node ID: 1
[2026-09-02T18:57:50.325+00:00][A] [INFO] type: 2
[2026-09-02T18:57:50.326+00:00][A] [INFO] Destination: 0xFF
[2026-09-02T18:57:50.331+00:00][A] [INFO] Sequence: 158
[2026-09-02T18:57:50.331+00:00][A] [INFO] Packet ID: 45
[2026-09-02T18:57:50.336+00:00][A] [INFO] Packet Size: 26
[2026-09-02T18:57:50.336+00:00][A] [INFO] Timestamp: 45 ms
[2026-09-02T18:57:50.337+00:00][A] [INFO] Transmission Result: success
[2026-09-02T18:57:50.342+00:00][A] [INFO] --------------------------------
[2026-09-02T18:57:50.343+00:00][A] [INFO] [Heartbeat #45]
[2026-09-02T18:57:50.348+00:00][A] [INFO] Sent
[2026-09-02T18:57:50.348+00:00][A] [INFO] Waiting ACK...
[2026-09-02T18:57:50.348+00:00][A] [INFO] [WAITING ACK]
[2026-09-02T18:57:50.362+00:00][A] [INFO] [RF TX] type=2 source=0x01 destination=0xFF previousHop=0x01 sequence=158 ackSequence=0 ttl=8 hops=0 payloadSize=13 rssi=0 snr=0.00
[2026-09-02T18:57:50.362+00:00][A] [INFO] Heartbeat packet sent
[2026-09-02T18:57:50.487+00:00][A] [ERROR] TX_FAILED
[2026-09-02T18:57:50.487+00:00][A] [WARN] ACK_FAILED seq=156
[2026-09-02T18:57:50.489+00:00][A] [INFO] TEST_DATA_QUEUED dst=0x02 seq=159 remaining=85
[2026-09-02T18:57:50.545+00:00][A] [INFO] [RF TX] type=1 source=0x01 destination=0x02 previousHop=0x01 sequence=159 ackSequence=0 ttl=8 hops=0 payloadSize=4 rssi=0 snr=0.00
[2026-09-02T18:57:50.611+00:00][A] [INFO] [RF RX] type=3 source=0x02 destination=0x01 previousHop=0x02 sequence=177 ackSequence=159 ttl=8 hops=0 payloadSize=2 rssi=-60 snr=9.25
[2026-09-02T18:57:50.612+00:00][A] [INFO] ACK_RX seq=159 source=0x02
[2026-09-02T18:57:50.615+00:00][A] [INFO] TEST_DATA_QUEUED dst=0x02 seq=160 remaining=84
[2026-09-02T18:57:50.673+00:00][A] [INFO] [RF TX] type=1 source=0x01 destination=0x02 previousHop=0x01 sequence=160 ackSequence=0 ttl=8 hops=0 payloadSize=4 rssi=0 snr=0.00
[2026-09-02T18:57:50.735+00:00][A] [INFO] [RF RX] type=3 source=0x02 destination=0x01 previousHop=0x02 sequence=178 ackSequence=160 ttl=8 hops=0 payloadSize=2 rssi=-60 snr=9.50
[2026-09-02T18:57:50.736+00:00][A] [INFO] ACK_RX seq=160 source=0x02
[2026-09-02T18:57:50.739+00:00][A] [INFO] TEST_DATA_QUEUED dst=0x02 seq=161 remaining=83
[2026-09-02T18:57:50.794+00:00][A] [INFO] [RF TX] type=1 source=0x01 destination=0x02 previousHop=0x01 sequence=161 ackSequence=0 ttl=8 hops=0 payloadSize=4 rssi=0 snr=0.00
[2026-09-02T18:57:50.859+00:00][A] [INFO] [RF RX] type=3 source=0x02 destination=0x01 previousHop=0x02 sequence=179 ackSequence=161 ttl=8 hops=0 payloadSize=2 rssi=-61 snr=10.00
[2026-09-02T18:57:50.859+00:00][A] [INFO] ACK_RX seq=161 source=0x02
[2026-09-02T18:57:50.863+00:00][A] [INFO] TEST_DATA_QUEUED dst=0x02 seq=162 remaining=82
[2026-09-02T18:57:50.917+00:00][A] [INFO] [RF TX] type=1 source=0x01 destination=0x02 previousHop=0x01 sequence=162 ackSequence=0 ttl=8 hops=0 payloadSize=4 rssi=0 snr=0.00
[2026-09-02T18:57:50.983+00:00][A] [INFO] [RF RX] type=3 source=0x02 destination=0x01 previousHop=0x02 sequence=180 ackSequence=162 ttl=8 hops=0 payloadSize=2 rssi=-61 snr=10.25
[2026-09-02T18:57:50.983+00:00][A] [INFO] ACK_RX seq=162 source=0x02
[2026-09-02T18:57:50.987+00:00][A] [INFO] TEST_DATA_QUEUED dst=0x02 seq=163 remaining=81
[2026-09-02T18:57:51.041+00:00][A] [INFO] [RF TX] type=1 source=0x01 destination=0x02 previousHop=0x01 sequence=163 ackSequence=0 ttl=8 hops=0 payloadSize=4 rssi=0 snr=0.00
[2026-09-02T18:57:51.106+00:00][A] [INFO] [RF RX] type=3 source=0x02 destination=0x01 previousHop=0x02 sequence=181 ackSequence=163 ttl=8 hops=0 payloadSize=2 rssi=-60 snr=10.00
[2026-09-02T18:57:51.107+00:00][A] [INFO] ACK_RX seq=163 source=0x02
[2026-09-02T18:57:51.110+00:00][A] [INFO] TEST_DATA_QUEUED dst=0x02 seq=164 remaining=80
[2026-09-02T18:57:51.165+00:00][A] [INFO] [RF TX] type=1 source=0x01 destination=0x02 previousHop=0x01 sequence=164 ackSequence=0 ttl=8 hops=0 payloadSize=4 rssi=0 snr=0.00
[2026-09-02T18:57:51.236+00:00][A] [INFO] --------------------------------
[2026-09-02T18:57:51.237+00:00][A] [INFO] [HEARTBEAT TX]
[2026-09-02T18:57:51.241+00:00][A] [INFO] Node ID: 1
[2026-09-02T18:57:51.242+00:00][A] [INFO] type: 2
[2026-09-02T18:57:51.242+00:00][A] [INFO] Destination: 0xFF
[2026-09-02T18:57:51.247+00:00][A] [INFO] Sequence: 165
[2026-09-02T18:57:51.248+00:00][A] [INFO] Packet ID: 46
[2026-09-02T18:57:51.252+00:00][A] [INFO] Packet Size: 26
[2026-09-02T18:57:51.253+00:00][A] [INFO] Timestamp: 46 ms
[2026-09-02T18:57:51.253+00:00][A] [INFO] Transmission Result: success
[2026-09-02T18:57:51.258+00:00][A] [INFO] --------------------------------
[2026-09-02T18:57:51.259+00:00][A] [INFO] [Heartbeat #46]
[2026-09-02T18:57:51.264+00:00][A] [INFO] Sent
[2026-09-02T18:57:51.264+00:00][A] [INFO] Waiting ACK...
[2026-09-02T18:57:51.265+00:00][A] [INFO] [WAITING ACK]
[2026-09-02T18:57:51.278+00:00][A] [INFO] [RF TX] type=2 source=0x01 destination=0xFF previousHop=0x01 sequence=165 ackSequence=0 ttl=8 hops=0 payloadSize=13 rssi=0 snr=0.00
[2026-09-02T18:57:51.278+00:00][A] [INFO] Heartbeat packet sent
[2026-09-02T18:57:52.165+00:00][A] [WARN] TX_RETRY seq=164
[2026-09-02T18:57:52.228+00:00][A] [INFO] [RF TX] type=1 source=0x01 destination=0x02 previousHop=0x01 sequence=164 ackSequence=0 ttl=8 hops=0 payloadSize=4 rssi=0 snr=0.00
[2026-09-02T18:57:52.253+00:00][A] [WARN] Retry 1
[2026-09-02T18:57:52.320+00:00][A] [INFO] --------------------------------
[2026-09-02T18:57:52.320+00:00][A] [INFO] [HEARTBEAT TX]
[2026-09-02T18:57:52.325+00:00][A] [INFO] Node ID: 1
[2026-09-02T18:57:52.326+00:00][A] [INFO] type: 2
[2026-09-02T18:57:52.326+00:00][A] [INFO] Destination: 0xFF
[2026-09-02T18:57:52.331+00:00][A] [INFO] Sequence: 165
[2026-09-02T18:57:52.331+00:00][A] [INFO] Packet ID: 46
[2026-09-02T18:57:52.336+00:00][A] [INFO] Packet Size: 26
[2026-09-02T18:57:52.337+00:00][A] [INFO] Timestamp: 46 ms
[2026-09-02T18:57:52.338+00:00][A] [INFO] Transmission Result: success
[2026-09-02T18:57:52.343+00:00][A] [INFO] --------------------------------
[2026-09-02T18:57:52.343+00:00][A] [INFO] [Heartbeat #46]
[2026-09-02T18:57:52.348+00:00][A] [INFO] Sent
[2026-09-02T18:57:52.348+00:00][A] [INFO] Waiting ACK...
[2026-09-02T18:57:52.348+00:00][A] [INFO] [WAITING ACK]
[2026-09-02T18:57:52.362+00:00][A] [INFO] [RF TX] type=2 source=0x01 destination=0xFF previousHop=0x01 sequence=165 ackSequence=0 ttl=8 hops=0 payloadSize=13 rssi=0 snr=0.00
[2026-09-02T18:57:52.362+00:00][A] [INFO] Heartbeat packet sent
[2026-09-02T18:57:53.236+00:00][A] [INFO] --------------------------------
[2026-09-02T18:57:53.237+00:00][A] [INFO] [HEARTBEAT TX]
[2026-09-02T18:57:53.241+00:00][A] [INFO] Node ID: 1
[2026-09-02T18:57:53.242+00:00][A] [INFO] type: 2
[2026-09-02T18:57:53.242+00:00][A] [INFO] Destination: 0xFF
[2026-09-02T18:57:53.247+00:00][A] [INFO] Sequence: 166
[2026-09-02T18:57:53.247+00:00][A] [INFO] Packet ID: 47
[2026-09-02T18:57:53.252+00:00][A] [INFO] Packet Size: 26
[2026-09-02T18:57:53.253+00:00][A] [INFO] Timestamp: 47 ms
[2026-09-02T18:57:53.253+00:00][A] [INFO] Transmission Result: success
[2026-09-02T18:57:53.258+00:00][A] [INFO] --------------------------------
[2026-09-02T18:57:53.259+00:00][A] [INFO] [Heartbeat #47]
[2026-09-02T18:57:53.264+00:00][A] [INFO] Sent
[2026-09-02T18:57:53.264+00:00][A] [INFO] Waiting ACK...
[2026-09-02T18:57:53.264+00:00][A] [INFO] [WAITING ACK]
[2026-09-02T18:57:53.280+00:00][A] [INFO] [RF TX] type=2 source=0x01 destination=0xFF previousHop=0x01 sequence=166 ackSequence=0 ttl=8 hops=0 payloadSize=13 rssi=0 snr=0.00
[2026-09-02T18:57:53.280+00:00][A] [INFO] Heartbeat packet sent
[2026-09-02T18:57:53.280+00:00][A] [WARN] TX_RETRY seq=164
[2026-09-02T18:57:53.337+00:00][A] [INFO] [RF TX] type=1 source=0x01 destination=0x02 previousHop=0x01 sequence=164 ackSequence=0 ttl=8 hops=0 payloadSize=4 rssi=0 snr=0.00
[2026-09-02T18:57:54.253+00:00][A] [WARN] Retry 1
[2026-09-02T18:57:54.320+00:00][A] [INFO] --------------------------------
[2026-09-02T18:57:54.320+00:00][A] [INFO] [HEARTBEAT TX]
[2026-09-02T18:57:54.325+00:00][A] [INFO] Node ID: 1
[2026-09-02T18:57:54.326+00:00][A] [INFO] type: 2
[2026-09-02T18:57:54.326+00:00][A] [INFO] Destination: 0xFF
[2026-09-02T18:57:54.331+00:00][A] [INFO] Sequence: 166
[2026-09-02T18:57:54.331+00:00][A] [INFO] Packet ID: 47
[2026-09-02T18:57:54.336+00:00][A] [INFO] Packet Size: 26
[2026-09-02T18:57:54.337+00:00][A] [INFO] Timestamp: 47 ms
[2026-09-02T18:57:54.337+00:00][A] [INFO] Transmission Result: success
[2026-09-02T18:57:54.342+00:00][A] [INFO] --------------------------------
[2026-09-02T18:57:54.342+00:00][A] [INFO] [Heartbeat #47]
[2026-09-02T18:57:54.347+00:00][A] [INFO] Sent
[2026-09-02T18:57:54.348+00:00][A] [INFO] Waiting ACK...
[2026-09-02T18:57:54.348+00:00][A] [INFO] [WAITING ACK]
[2026-09-02T18:57:54.364+00:00][A] [INFO] [RF TX] type=2 source=0x01 destination=0xFF previousHop=0x01 sequence=166 ackSequence=0 ttl=8 hops=0 payloadSize=13 rssi=0 snr=0.00
[2026-09-02T18:57:54.364+00:00][A] [INFO] Heartbeat packet sent
[2026-09-02T18:57:54.365+00:00][A] [WARN] TX_RETRY seq=164
[2026-09-02T18:57:54.421+00:00][A] [INFO] [RF TX] type=1 source=0x01 destination=0x02 previousHop=0x01 sequence=164 ackSequence=0 ttl=8 hops=0 payloadSize=4 rssi=0 snr=0.00
[2026-09-02T18:57:55.236+00:00][A] [INFO] --------------------------------
[2026-09-02T18:57:55.237+00:00][A] [INFO] [HEARTBEAT TX]
[2026-09-02T18:57:55.241+00:00][A] [INFO] Node ID: 1
[2026-09-02T18:57:55.242+00:00][A] [INFO] type: 2
[2026-09-02T18:57:55.242+00:00][A] [INFO] Destination: 0xFF
[2026-09-02T18:57:55.247+00:00][A] [INFO] Sequence: 167
[2026-09-02T18:57:55.248+00:00][A] [INFO] Packet ID: 48
[2026-09-02T18:57:55.252+00:00][A] [INFO] Packet Size: 26
[2026-09-02T18:57:55.253+00:00][A] [INFO] Timestamp: 48 ms
[2026-09-02T18:57:55.253+00:00][A] [INFO] Transmission Result: success
[2026-09-02T18:57:55.258+00:00][A] [INFO] --------------------------------
[2026-09-02T18:57:55.259+00:00][A] [INFO] [Heartbeat #48]
[2026-09-02T18:57:55.264+00:00][A] [INFO] Sent
[2026-09-02T18:57:55.264+00:00][A] [INFO] Waiting ACK...
[2026-09-02T18:57:55.265+00:00][A] [INFO] [WAITING ACK]
[2026-09-02T18:57:55.278+00:00][A] [INFO] [RF TX] type=2 source=0x01 destination=0xFF previousHop=0x01 sequence=167 ackSequence=0 ttl=8 hops=0 payloadSize=13 rssi=0 snr=0.00
[2026-09-02T18:57:55.278+00:00][A] [INFO] Heartbeat packet sent
[2026-09-02T18:57:55.424+00:00][A] [ERROR] TX_FAILED
[2026-09-02T18:57:55.425+00:00][A] [WARN] ACK_FAILED seq=164
[2026-09-02T18:57:55.428+00:00][A] [INFO] TEST_DATA_QUEUED dst=0x02 seq=168 remaining=79
[2026-09-02T18:57:55.483+00:00][A] [INFO] [RF TX] type=1 source=0x01 destination=0x02 previousHop=0x01 sequence=168 ackSequence=0 ttl=8 hops=0 payloadSize=4 rssi=0 snr=0.00
[2026-09-02T18:57:55.549+00:00][A] [INFO] [RF RX] type=3 source=0x02 destination=0x01 previousHop=0x02 sequence=187 ackSequence=168 ttl=8 hops=0 payloadSize=2 rssi=-59 snr=9.75
[2026-09-02T18:57:55.550+00:00][A] [INFO] ACK_RX seq=168 source=0x02
[2026-09-02T18:57:55.553+00:00][A] [INFO] TEST_DATA_QUEUED dst=0x02 seq=169 remaining=78
[2026-09-02T18:57:55.607+00:00][A] [INFO] [RF TX] type=1 source=0x01 destination=0x02 previousHop=0x01 sequence=169 ackSequence=0 ttl=8 hops=0 payloadSize=4 rssi=0 snr=0.00
[2026-09-02T18:57:55.673+00:00][A] [INFO] [RF RX] type=3 source=0x02 destination=0x01 previousHop=0x02 sequence=188 ackSequence=169 ttl=8 hops=0 payloadSize=2 rssi=-60 snr=9.50
[2026-09-02T18:57:55.673+00:00][A] [INFO] ACK_RX seq=169 source=0x02
[2026-09-02T18:57:55.677+00:00][A] [INFO] TEST_DATA_QUEUED dst=0x02 seq=170 remaining=77
[2026-09-02T18:57:55.731+00:00][A] [INFO] [RF TX] type=1 source=0x01 destination=0x02 previousHop=0x01 sequence=170 ackSequence=0 ttl=8 hops=0 payloadSize=4 rssi=0 snr=0.00
[2026-09-02T18:57:55.797+00:00][A] [INFO] [RF RX] type=3 source=0x02 destination=0x01 previousHop=0x02 sequence=189 ackSequence=170 ttl=8 hops=0 payloadSize=2 rssi=-60 snr=9.75
[2026-09-02T18:57:55.797+00:00][A] [INFO] ACK_RX seq=170 source=0x02
[2026-09-02T18:57:55.801+00:00][A] [INFO] TEST_DATA_QUEUED dst=0x02 seq=171 remaining=76
[2026-09-02T18:57:55.855+00:00][A] [INFO] [RF TX] type=1 source=0x01 destination=0x02 previousHop=0x01 sequence=171 ackSequence=0 ttl=8 hops=0 payloadSize=4 rssi=0 snr=0.00
[2026-09-02T18:57:55.920+00:00][A] [INFO] [RF RX] type=3 source=0x02 destination=0x01 previousHop=0x02 sequence=190 ackSequence=171 ttl=8 hops=0 payloadSize=2 rssi=-60 snr=10.25
[2026-09-02T18:57:55.921+00:00][A] [INFO] ACK_RX seq=171 source=0x02
[2026-09-02T18:57:55.924+00:00][A] [INFO] TEST_DATA_QUEUED dst=0x02 seq=172 remaining=75
[2026-09-02T18:57:55.979+00:00][A] [INFO] [RF TX] type=1 source=0x01 destination=0x02 previousHop=0x01 sequence=172 ackSequence=0 ttl=8 hops=0 payloadSize=4 rssi=0 snr=0.00
[2026-09-02T18:57:56.044+00:00][A] [INFO] [RF RX] type=3 source=0x02 destination=0x01 previousHop=0x02 sequence=191 ackSequence=172 ttl=8 hops=0 payloadSize=2 rssi=-60 snr=9.50
[2026-09-02T18:57:56.045+00:00][A] [INFO] ACK_RX seq=172 source=0x02
[2026-09-02T18:57:56.048+00:00][A] [INFO] TEST_DATA_QUEUED dst=0x02 seq=173 remaining=74
[2026-09-02T18:57:56.102+00:00][A] [INFO] [RF TX] type=1 source=0x01 destination=0x02 previousHop=0x01 sequence=173 ackSequence=0 ttl=8 hops=0 payloadSize=4 rssi=0 snr=0.00
[2026-09-02T18:57:56.168+00:00][A] [INFO] [RF RX] type=3 source=0x02 destination=0x01 previousHop=0x02 sequence=192 ackSequence=173 ttl=8 hops=0 payloadSize=2 rssi=-60 snr=9.75
[2026-09-02T18:57:56.169+00:00][A] [INFO] ACK_RX seq=173 source=0x02
[2026-09-02T18:57:56.172+00:00][A] [INFO] TEST_DATA_QUEUED dst=0x02 seq=174 remaining=73
[2026-09-02T18:57:56.226+00:00][A] [INFO] [RF TX] type=1 source=0x01 destination=0x02 previousHop=0x01 sequence=174 ackSequence=0 ttl=8 hops=0 payloadSize=4 rssi=0 snr=0.00
[2026-09-02T18:57:56.253+00:00][A] [WARN] Retry 1
[2026-09-02T18:57:56.320+00:00][A] [INFO] --------------------------------
[2026-09-02T18:57:56.321+00:00][A] [INFO] [HEARTBEAT TX]
[2026-09-02T18:57:56.326+00:00][A] [INFO] Node ID: 1
[2026-09-02T18:57:56.326+00:00][A] [INFO] type: 2
[2026-09-02T18:57:56.327+00:00][A] [INFO] Destination: 0xFF
[2026-09-02T18:57:56.331+00:00][A] [INFO] Sequence: 167
[2026-09-02T18:57:56.332+00:00][A] [INFO] Packet ID: 48
[2026-09-02T18:57:56.336+00:00][A] [INFO] Packet Size: 26
[2026-09-02T18:57:56.337+00:00][A] [INFO] Timestamp: 48 ms
[2026-09-02T18:57:56.337+00:00][A] [INFO] Transmission Result: success
[2026-09-02T18:57:56.342+00:00][A] [INFO] --------------------------------
[2026-09-02T18:57:56.343+00:00][A] [INFO] [Heartbeat #48]
[2026-09-02T18:57:56.348+00:00][A] [INFO] Sent
[2026-09-02T18:57:56.348+00:00][A] [INFO] Waiting ACK...
[2026-09-02T18:57:56.348+00:00][A] [INFO] [WAITING ACK]
[2026-09-02T18:57:56.362+00:00][A] [INFO] [RF TX] type=2 source=0x01 destination=0xFF previousHop=0x01 sequence=167 ackSequence=0 ttl=8 hops=0 payloadSize=13 rssi=0 snr=0.00
[2026-09-02T18:57:56.362+00:00][A] [INFO] Heartbeat packet sent
[2026-09-02T18:57:57.236+00:00][A] [INFO] --------------------------------
[2026-09-02T18:57:57.237+00:00][A] [INFO] [HEARTBEAT TX]
[2026-09-02T18:57:57.241+00:00][A] [INFO] Node ID: 1
[2026-09-02T18:57:57.242+00:00][A] [INFO] type: 2
[2026-09-02T18:57:57.242+00:00][A] [INFO] Destination: 0xFF
[2026-09-02T18:57:57.247+00:00][A] [INFO] Sequence: 175
[2026-09-02T18:57:57.248+00:00][A] [INFO] Packet ID: 49
[2026-09-02T18:57:57.252+00:00][A] [INFO] Packet Size: 26
[2026-09-02T18:57:57.253+00:00][A] [INFO] Timestamp: 49 ms
[2026-09-02T18:57:57.254+00:00][A] [INFO] Transmission Result: success
[2026-09-02T18:57:57.258+00:00][A] [INFO] --------------------------------
[2026-09-02T18:57:57.259+00:00][A] [INFO] [Heartbeat #49]
[2026-09-02T18:57:57.264+00:00][A] [INFO] Sent
[2026-09-02T18:57:57.264+00:00][A] [INFO] Waiting ACK...
[2026-09-02T18:57:57.265+00:00][A] [INFO] [WAITING ACK]
[2026-09-02T18:57:57.280+00:00][A] [INFO] [RF TX] type=2 source=0x01 destination=0xFF previousHop=0x01 sequence=175 ackSequence=0 ttl=8 hops=0 payloadSize=13 rssi=0 snr=0.00
[2026-09-02T18:57:57.280+00:00][A] [INFO] Heartbeat packet sent
[2026-09-02T18:57:57.281+00:00][A] [WARN] TX_RETRY seq=174
[2026-09-02T18:57:57.337+00:00][A] [INFO] [RF TX] type=1 source=0x01 destination=0x02 previousHop=0x01 sequence=174 ackSequence=0 ttl=8 hops=0 payloadSize=4 rssi=0 snr=0.00
[2026-09-02T18:57:58.253+00:00][A] [WARN] Retry 1
[2026-09-02T18:57:58.320+00:00][A] [INFO] --------------------------------
[2026-09-02T18:57:58.321+00:00][A] [INFO] [HEARTBEAT TX]
[2026-09-02T18:57:58.325+00:00][A] [INFO] Node ID: 1
[2026-09-02T18:57:58.326+00:00][A] [INFO] type: 2
[2026-09-02T18:57:58.326+00:00][A] [INFO] Destination: 0xFF
[2026-09-02T18:57:58.331+00:00][A] [INFO] Sequence: 175
[2026-09-02T18:57:58.331+00:00][A] [INFO] Packet ID: 49
[2026-09-02T18:57:58.336+00:00][A] [INFO] Packet Size: 26
[2026-09-02T18:57:58.337+00:00][A] [INFO] Timestamp: 49 ms
[2026-09-02T18:57:58.337+00:00][A] [INFO] Transmission Result: success
[2026-09-02T18:57:58.342+00:00][A] [INFO] --------------------------------
[2026-09-02T18:57:58.342+00:00][A] [INFO] [Heartbeat #49]
[2026-09-02T18:57:58.348+00:00][A] [INFO] Sent
[2026-09-02T18:57:58.348+00:00][A] [INFO] Waiting ACK...
[2026-09-02T18:57:58.348+00:00][A] [INFO] [WAITING ACK]
[2026-09-02T18:57:58.364+00:00][A] [INFO] [RF TX] type=2 source=0x01 destination=0xFF previousHop=0x01 sequence=175 ackSequence=0 ttl=8 hops=0 payloadSize=13 rssi=0 snr=0.00
[2026-09-02T18:57:58.365+00:00][A] [INFO] Heartbeat packet sent
[2026-09-02T18:57:58.365+00:00][A] [WARN] TX_RETRY seq=174
[2026-09-02T18:57:58.421+00:00][A] [INFO] [RF TX] type=1 source=0x01 destination=0x02 previousHop=0x01 sequence=174 ackSequence=0 ttl=8 hops=0 payloadSize=4 rssi=0 snr=0.00
[2026-09-02T18:57:59.236+00:00][A] [INFO] --------------------------------
[2026-09-02T18:57:59.237+00:00][A] [INFO] [HEARTBEAT TX]
[2026-09-02T18:57:59.241+00:00][A] [INFO] Node ID: 1
[2026-09-02T18:57:59.242+00:00][A] [INFO] type: 2
[2026-09-02T18:57:59.242+00:00][A] [INFO] Destination: 0xFF
[2026-09-02T18:57:59.247+00:00][A] [INFO] Sequence: 176
[2026-09-02T18:57:59.248+00:00][A] [INFO] Packet ID: 50
[2026-09-02T18:57:59.252+00:00][A] [INFO] Packet Size: 26
[2026-09-02T18:57:59.253+00:00][A] [INFO] Timestamp: 50 ms
[2026-09-02T18:57:59.254+00:00][A] [INFO] Transmission Result: success
[2026-09-02T18:57:59.258+00:00][A] [INFO] --------------------------------
[2026-09-02T18:57:59.259+00:00][A] [INFO] [Heartbeat #50]
[2026-09-02T18:57:59.263+00:00][A] [INFO] Sent
[2026-09-02T18:57:59.264+00:00][A] [INFO] Waiting ACK...
[2026-09-02T18:57:59.265+00:00][A] [INFO] [WAITING ACK]
[2026-09-02T18:57:59.278+00:00][A] [INFO] [RF TX] type=2 source=0x01 destination=0xFF previousHop=0x01 sequence=176 ackSequence=0 ttl=8 hops=0 payloadSize=13 rssi=0 snr=0.00
[2026-09-02T18:57:59.278+00:00][A] [INFO] Heartbeat packet sent
[2026-09-02T18:57:59.421+00:00][A] [WARN] TX_RETRY seq=174
[2026-09-02T18:57:59.483+00:00][A] [INFO] [RF TX] type=1 source=0x01 destination=0x02 previousHop=0x01 sequence=174 ackSequence=0 ttl=8 hops=0 payloadSize=4 rssi=0 snr=0.00
[2026-09-02T18:58:00.253+00:00][A] [WARN] Retry 1
[2026-09-02T18:58:00.320+00:00][A] [INFO] --------------------------------
[2026-09-02T18:58:00.321+00:00][A] [INFO] [HEARTBEAT TX]
[2026-09-02T18:58:00.325+00:00][A] [INFO] Node ID: 1
[2026-09-02T18:58:00.326+00:00][A] [INFO] type: 2
[2026-09-02T18:58:00.326+00:00][A] [INFO] Destination: 0xFF
[2026-09-02T18:58:00.331+00:00][A] [INFO] Sequence: 176
[2026-09-02T18:58:00.331+00:00][A] [INFO] Packet ID: 50
[2026-09-02T18:58:00.336+00:00][A] [INFO] Packet Size: 26
[2026-09-02T18:58:00.337+00:00][A] [INFO] Timestamp: 50 ms
[2026-09-02T18:58:00.337+00:00][A] [INFO] Transmission Result: success
[2026-09-02T18:58:00.342+00:00][A] [INFO] --------------------------------
[2026-09-02T18:58:00.342+00:00][A] [INFO] [Heartbeat #50]
[2026-09-02T18:58:00.347+00:00][A] [INFO] Sent
[2026-09-02T18:58:00.348+00:00][A] [INFO] Waiting ACK...
[2026-09-02T18:58:00.348+00:00][A] [INFO] [WAITING ACK]
[2026-09-02T18:58:00.362+00:00][A] [INFO] [RF TX] type=2 source=0x01 destination=0xFF previousHop=0x01 sequence=176 ackSequence=0 ttl=8 hops=0 payloadSize=13 rssi=0 snr=0.00
[2026-09-02T18:58:00.362+00:00][A] [INFO] Heartbeat packet sent
[2026-09-02T18:58:00.486+00:00][A] [ERROR] TX_FAILED
[2026-09-02T18:58:00.487+00:00][A] [WARN] ACK_FAILED seq=174
[2026-09-02T18:58:00.489+00:00][A] [INFO] TEST_DATA_QUEUED dst=0x02 seq=177 remaining=72
[2026-09-02T18:58:00.545+00:00][A] [INFO] [RF TX] type=1 source=0x01 destination=0x02 previousHop=0x01 sequence=177 ackSequence=0 ttl=8 hops=0 payloadSize=4 rssi=0 snr=0.00
[2026-09-02T18:58:00.611+00:00][A] [INFO] [RF RX] type=3 source=0x02 destination=0x01 previousHop=0x02 sequence=197 ackSequence=177 ttl=8 hops=0 payloadSize=2 rssi=-59 snr=9.75
[2026-09-02T18:58:00.611+00:00][A] [INFO] ACK_RX seq=177 source=0x02
[2026-09-02T18:58:00.615+00:00][A] [INFO] TEST_DATA_QUEUED dst=0x02 seq=178 remaining=71
[2026-09-02T18:58:00.669+00:00][A] [INFO] [RF TX] type=1 source=0x01 destination=0x02 previousHop=0x01 sequence=178 ackSequence=0 ttl=8 hops=0 payloadSize=4 rssi=0 snr=0.00
[2026-09-02T18:58:00.735+00:00][A] [INFO] [RF RX] type=3 source=0x02 destination=0x01 previousHop=0x02 sequence=198 ackSequence=178 ttl=8 hops=0 payloadSize=2 rssi=-60 snr=9.50
[2026-09-02T18:58:00.735+00:00][A] [INFO] ACK_RX seq=178 source=0x02
[2026-09-02T18:58:00.739+00:00][A] [INFO] TEST_DATA_QUEUED dst=0x02 seq=179 remaining=70
[2026-09-02T18:58:00.793+00:00][A] [INFO] [RF TX] type=1 source=0x01 destination=0x02 previousHop=0x01 sequence=179 ackSequence=0 ttl=8 hops=0 payloadSize=4 rssi=0 snr=0.00
[2026-09-02T18:58:00.858+00:00][A] [INFO] [RF RX] type=3 source=0x02 destination=0x01 previousHop=0x02 sequence=199 ackSequence=179 ttl=8 hops=0 payloadSize=2 rssi=-60 snr=9.50
[2026-09-02T18:58:00.859+00:00][A] [INFO] ACK_RX seq=179 source=0x02
[2026-09-02T18:58:00.862+00:00][A] [INFO] TEST_DATA_QUEUED dst=0x02 seq=180 remaining=69
[2026-09-02T18:58:00.917+00:00][A] [INFO] [RF TX] type=1 source=0x01 destination=0x02 previousHop=0x01 sequence=180 ackSequence=0 ttl=8 hops=0 payloadSize=4 rssi=0 snr=0.00
[2026-09-02T18:58:00.982+00:00][A] [INFO] [RF RX] type=3 source=0x02 destination=0x01 previousHop=0x02 sequence=200 ackSequence=180 ttl=8 hops=0 payloadSize=2 rssi=-60 snr=9.50
[2026-09-02T18:58:00.983+00:00][A] [INFO] ACK_RX seq=180 source=0x02
[2026-09-02T18:58:00.986+00:00][A] [INFO] TEST_DATA_QUEUED dst=0x02 seq=181 remaining=68
[2026-09-02T18:58:01.041+00:00][A] [INFO] [RF TX] type=1 source=0x01 destination=0x02 previousHop=0x01 sequence=181 ackSequence=0 ttl=8 hops=0 payloadSize=4 rssi=0 snr=0.00
[2026-09-02T18:58:01.106+00:00][A] [INFO] [RF RX] type=3 source=0x02 destination=0x01 previousHop=0x02 sequence=201 ackSequence=181 ttl=8 hops=0 payloadSize=2 rssi=-60 snr=9.25
[2026-09-02T18:58:01.106+00:00][A] [INFO] ACK_RX seq=181 source=0x02
[2026-09-02T18:58:01.110+00:00][A] [INFO] TEST_DATA_QUEUED dst=0x02 seq=182 remaining=67
[2026-09-02T18:58:01.165+00:00][A] [INFO] [RF TX] type=1 source=0x01 destination=0x02 previousHop=0x01 sequence=182 ackSequence=0 ttl=8 hops=0 payloadSize=4 rssi=0 snr=0.00
[2026-09-02T18:58:01.236+00:00][A] [INFO] --------------------------------
[2026-09-02T18:58:01.237+00:00][A] [INFO] [HEARTBEAT TX]
[2026-09-02T18:58:01.242+00:00][A] [INFO] Node ID: 1
[2026-09-02T18:58:01.242+00:00][A] [INFO] type: 2
[2026-09-02T18:58:01.242+00:00][A] [INFO] Destination: 0xFF
[2026-09-02T18:58:01.247+00:00][A] [INFO] Sequence: 183
[2026-09-02T18:58:01.248+00:00][A] [INFO] Packet ID: 51
[2026-09-02T18:58:01.252+00:00][A] [INFO] Packet Size: 26
[2026-09-02T18:58:01.253+00:00][A] [INFO] Timestamp: 51 ms
[2026-09-02T18:58:01.253+00:00][A] [INFO] Transmission Result: success
[2026-09-02T18:58:01.258+00:00][A] [INFO] --------------------------------
[2026-09-02T18:58:01.258+00:00][A] [INFO] [Heartbeat #51]
[2026-09-02T18:58:01.264+00:00][A] [INFO] Sent
[2026-09-02T18:58:01.264+00:00][A] [INFO] Waiting ACK...
[2026-09-02T18:58:01.264+00:00][A] [INFO] [WAITING ACK]
[2026-09-02T18:58:01.278+00:00][A] [INFO] [RF TX] type=2 source=0x01 destination=0xFF previousHop=0x01 sequence=183 ackSequence=0 ttl=8 hops=0 payloadSize=13 rssi=0 snr=0.00
[2026-09-02T18:58:01.278+00:00][A] [INFO] Heartbeat packet sent
[2026-09-02T18:58:02.165+00:00][A] [WARN] TX_RETRY seq=182
[2026-09-02T18:58:02.227+00:00][A] [INFO] [RF TX] type=1 source=0x01 destination=0x02 previousHop=0x01 sequence=182 ackSequence=0 ttl=8 hops=0 payloadSize=4 rssi=0 snr=0.00
[2026-09-02T18:58:02.253+00:00][A] [WARN] Retry 1
[2026-09-02T18:58:02.320+00:00][A] [INFO] --------------------------------
[2026-09-02T18:58:02.321+00:00][A] [INFO] [HEARTBEAT TX]
[2026-09-02T18:58:02.325+00:00][A] [INFO] Node ID: 1
[2026-09-02T18:58:02.325+00:00][A] [INFO] type: 2
[2026-09-02T18:58:02.326+00:00][A] [INFO] Destination: 0xFF
[2026-09-02T18:58:02.331+00:00][A] [INFO] Sequence: 183
[2026-09-02T18:58:02.332+00:00][A] [INFO] Packet ID: 51
[2026-09-02T18:58:02.336+00:00][A] [INFO] Packet Size: 26
[2026-09-02T18:58:02.337+00:00][A] [INFO] Timestamp: 51 ms
[2026-09-02T18:58:02.337+00:00][A] [INFO] Transmission Result: success
[2026-09-02T18:58:02.342+00:00][A] [INFO] --------------------------------
[2026-09-02T18:58:02.342+00:00][A] [INFO] [Heartbeat #51]
[2026-09-02T18:58:02.348+00:00][A] [INFO] Sent
[2026-09-02T18:58:02.348+00:00][A] [INFO] Waiting ACK...
[2026-09-02T18:58:02.348+00:00][A] [INFO] [WAITING ACK]
[2026-09-02T18:58:02.362+00:00][A] [INFO] [RF TX] type=2 source=0x01 destination=0xFF previousHop=0x01 sequence=183 ackSequence=0 ttl=8 hops=0 payloadSize=13 rssi=0 snr=0.00
[2026-09-02T18:58:02.362+00:00][A] [INFO] Heartbeat packet sent
[2026-09-02T18:58:03.236+00:00][A] [INFO] --------------------------------
[2026-09-02T18:58:03.237+00:00][A] [INFO] [HEARTBEAT TX]
[2026-09-02T18:58:03.241+00:00][A] [INFO] Node ID: 1
[2026-09-02T18:58:03.241+00:00][A] [INFO] type: 2
[2026-09-02T18:58:03.242+00:00][A] [INFO] Destination: 0xFF
[2026-09-02T18:58:03.247+00:00][A] [INFO] Sequence: 184
[2026-09-02T18:58:03.247+00:00][A] [INFO] Packet ID: 52
[2026-09-02T18:58:03.252+00:00][A] [INFO] Packet Size: 26
[2026-09-02T18:58:03.253+00:00][A] [INFO] Timestamp: 52 ms
[2026-09-02T18:58:03.253+00:00][A] [INFO] Transmission Result: success
[2026-09-02T18:58:03.258+00:00][A] [INFO] --------------------------------
[2026-09-02T18:58:03.258+00:00][A] [INFO] [Heartbeat #52]
[2026-09-02T18:58:03.263+00:00][A] [INFO] Sent
[2026-09-02T18:58:03.264+00:00][A] [INFO] Waiting ACK...
[2026-09-02T18:58:03.265+00:00][A] [INFO] [WAITING ACK]
[2026-09-02T18:58:03.280+00:00][A] [INFO] [RF TX] type=2 source=0x01 destination=0xFF previousHop=0x01 sequence=184 ackSequence=0 ttl=8 hops=0 payloadSize=13 rssi=0 snr=0.00
[2026-09-02T18:58:03.281+00:00][A] [INFO] Heartbeat packet sent
[2026-09-02T18:58:03.281+00:00][A] [WARN] TX_RETRY seq=182
[2026-09-02T18:58:03.337+00:00][A] [INFO] [RF TX] type=1 source=0x01 destination=0x02 previousHop=0x01 sequence=182 ackSequence=0 ttl=8 hops=0 payloadSize=4 rssi=0 snr=0.00
[2026-09-02T18:58:04.253+00:00][A] [WARN] Retry 1
[2026-09-02T18:58:04.320+00:00][A] [INFO] --------------------------------
[2026-09-02T18:58:04.320+00:00][A] [INFO] [HEARTBEAT TX]
[2026-09-02T18:58:04.325+00:00][A] [INFO] Node ID: 1
[2026-09-02T18:58:04.325+00:00][A] [INFO] type: 2
[2026-09-02T18:58:04.326+00:00][A] [INFO] Destination: 0xFF
[2026-09-02T18:58:04.331+00:00][A] [INFO] Sequence: 184
[2026-09-02T18:58:04.331+00:00][A] [INFO] Packet ID: 52
[2026-09-02T18:58:04.336+00:00][A] [INFO] Packet Size: 26
[2026-09-02T18:58:04.336+00:00][A] [INFO] Timestamp: 52 ms
[2026-09-02T18:58:04.337+00:00][A] [INFO] Transmission Result: success
[2026-09-02T18:58:04.342+00:00][A] [INFO] --------------------------------
[2026-09-02T18:58:04.342+00:00][A] [INFO] [Heartbeat #52]
[2026-09-02T18:58:04.347+00:00][A] [INFO] Sent
[2026-09-02T18:58:04.348+00:00][A] [INFO] Waiting ACK...
[2026-09-02T18:58:04.348+00:00][A] [INFO] [WAITING ACK]
[2026-09-02T18:58:04.364+00:00][A] [INFO] [RF TX] type=2 source=0x01 destination=0xFF previousHop=0x01 sequence=184 ackSequence=0 ttl=8 hops=0 payloadSize=13 rssi=0 snr=0.00
[2026-09-02T18:58:04.364+00:00][A] [INFO] Heartbeat packet sent
[2026-09-02T18:58:04.364+00:00][A] [WARN] TX_RETRY seq=182
[2026-09-02T18:58:04.421+00:00][A] [INFO] [RF TX] type=1 source=0x01 destination=0x02 previousHop=0x01 sequence=182 ackSequence=0 ttl=8 hops=0 payloadSize=4 rssi=0 snr=0.00
[2026-09-02T18:58:05.237+00:00][A] [INFO] --------------------------------
[2026-09-02T18:58:05.238+00:00][A] [INFO] [HEARTBEAT TX]
[2026-09-02T18:58:05.241+00:00][A] [INFO] Node ID: 1
[2026-09-02T18:58:05.242+00:00][A] [INFO] type: 2
[2026-09-02T18:58:05.242+00:00][A] [INFO] Destination: 0xFF
[2026-09-02T18:58:05.247+00:00][A] [INFO] Sequence: 185
[2026-09-02T18:58:05.248+00:00][A] [INFO] Packet ID: 53
[2026-09-02T18:58:05.252+00:00][A] [INFO] Packet Size: 26
[2026-09-02T18:58:05.252+00:00][A] [INFO] Timestamp: 53 ms
[2026-09-02T18:58:05.253+00:00][A] [INFO] Transmission Result: success
[2026-09-02T18:58:05.258+00:00][A] [INFO] --------------------------------
[2026-09-02T18:58:05.258+00:00][A] [INFO] [Heartbeat #53]
[2026-09-02T18:58:05.263+00:00][A] [INFO] Sent
[2026-09-02T18:58:05.264+00:00][A] [INFO] Waiting ACK...
[2026-09-02T18:58:05.265+00:00][A] [INFO] [WAITING ACK]
[2026-09-02T18:58:05.278+00:00][A] [INFO] [RF TX] type=2 source=0x01 destination=0xFF previousHop=0x01 sequence=185 ackSequence=0 ttl=8 hops=0 payloadSize=13 rssi=0 snr=0.00
[2026-09-02T18:58:05.278+00:00][A] [INFO] Heartbeat packet sent
[2026-09-02T18:58:05.424+00:00][A] [ERROR] TX_FAILED
[2026-09-02T18:58:05.424+00:00][A] [WARN] ACK_FAILED seq=182
[2026-09-02T18:58:05.427+00:00][A] [INFO] TEST_DATA_QUEUED dst=0x02 seq=186 remaining=66
[2026-09-02T18:58:05.483+00:00][A] [INFO] [RF TX] type=1 source=0x01 destination=0x02 previousHop=0x01 sequence=186 ackSequence=0 ttl=8 hops=0 payloadSize=4 rssi=0 snr=0.00
[2026-09-02T18:58:05.549+00:00][A] [INFO] [RF RX] type=3 source=0x02 destination=0x01 previousHop=0x02 sequence=207 ackSequence=186 ttl=8 hops=0 payloadSize=2 rssi=-59 snr=9.75
[2026-09-02T18:58:05.549+00:00][A] [INFO] ACK_RX seq=186 source=0x02
[2026-09-02T18:58:05.553+00:00][A] [INFO] TEST_DATA_QUEUED dst=0x02 seq=187 remaining=65
[2026-09-02T18:58:05.607+00:00][A] [INFO] [RF TX] type=1 source=0x01 destination=0x02 previousHop=0x01 sequence=187 ackSequence=0 ttl=8 hops=0 payloadSize=4 rssi=0 snr=0.00
[2026-09-02T18:58:06.253+00:00][A] [WARN] Retry 1
[2026-09-02T18:58:06.320+00:00][A] [INFO] --------------------------------
[2026-09-02T18:58:06.321+00:00][A] [INFO] [HEARTBEAT TX]
[2026-09-02T18:58:06.326+00:00][A] [INFO] Node ID: 1
[2026-09-02T18:58:06.326+00:00][A] [INFO] type: 2
[2026-09-02T18:58:06.326+00:00][A] [INFO] Destination: 0xFF
[2026-09-02T18:58:06.331+00:00][A] [INFO] Sequence: 185
[2026-09-02T18:58:06.332+00:00][A] [INFO] Packet ID: 53
[2026-09-02T18:58:06.337+00:00][A] [INFO] Packet Size: 26
[2026-09-02T18:58:06.337+00:00][A] [INFO] Timestamp: 53 ms
[2026-09-02T18:58:06.337+00:00][A] [INFO] Transmission Result: success
[2026-09-02T18:58:06.343+00:00][A] [INFO] --------------------------------
[2026-09-02T18:58:06.343+00:00][A] [INFO] [Heartbeat #53]
[2026-09-02T18:58:06.348+00:00][A] [INFO] Sent
[2026-09-02T18:58:06.349+00:00][A] [INFO] Waiting ACK...
[2026-09-02T18:58:06.349+00:00][A] [INFO] [WAITING ACK]
[2026-09-02T18:58:06.362+00:00][A] [INFO] [RF TX] type=2 source=0x01 destination=0xFF previousHop=0x01 sequence=185 ackSequence=0 ttl=8 hops=0 payloadSize=13 rssi=0 snr=0.00
[2026-09-02T18:58:06.363+00:00][A] [INFO] Heartbeat packet sent
[2026-09-02T18:58:06.609+00:00][A] [WARN] TX_RETRY seq=187
[2026-09-02T18:58:06.671+00:00][A] [INFO] [RF TX] type=1 source=0x01 destination=0x02 previousHop=0x01 sequence=187 ackSequence=0 ttl=8 hops=0 payloadSize=4 rssi=0 snr=0.00
[2026-09-02T18:58:06.737+00:00][A] [INFO] [RF RX] type=3 source=0x02 destination=0x01 previousHop=0x02 sequence=208 ackSequence=187 ttl=8 hops=0 payloadSize=2 rssi=-60 snr=10.25
[2026-09-02T18:58:06.737+00:00][A] [INFO] ACK_RX seq=187 source=0x02
[2026-09-02T18:58:06.740+00:00][A] [INFO] TEST_DATA_QUEUED dst=0x02 seq=188 remaining=64
[2026-09-02T18:58:06.795+00:00][A] [INFO] [RF TX] type=1 source=0x01 destination=0x02 previousHop=0x01 sequence=188 ackSequence=0 ttl=8 hops=0 payloadSize=4 rssi=0 snr=0.00
[2026-09-02T18:58:06.860+00:00][A] [INFO] [RF RX] type=3 source=0x02 destination=0x01 previousHop=0x02 sequence=209 ackSequence=188 ttl=8 hops=0 payloadSize=2 rssi=-60 snr=9.75
[2026-09-02T18:58:06.860+00:00][A] [INFO] ACK_RX seq=188 source=0x02
[2026-09-02T18:58:06.864+00:00][A] [INFO] TEST_DATA_QUEUED dst=0x02 seq=189 remaining=63
[2026-09-02T18:58:06.919+00:00][A] [INFO] [RF TX] type=1 source=0x01 destination=0x02 previousHop=0x01 sequence=189 ackSequence=0 ttl=8 hops=0 payloadSize=4 rssi=0 snr=0.00
[2026-09-02T18:58:06.984+00:00][A] [INFO] [RF RX] type=3 source=0x02 destination=0x01 previousHop=0x02 sequence=210 ackSequence=189 ttl=8 hops=0 payloadSize=2 rssi=-60 snr=10.00
[2026-09-02T18:58:06.985+00:00][A] [INFO] ACK_RX seq=189 source=0x02
[2026-09-02T18:58:06.988+00:00][A] [INFO] TEST_DATA_QUEUED dst=0x02 seq=190 remaining=62
[2026-09-02T18:58:07.043+00:00][A] [INFO] [RF TX] type=1 source=0x01 destination=0x02 previousHop=0x01 sequence=190 ackSequence=0 ttl=8 hops=0 payloadSize=4 rssi=0 snr=0.00
[2026-09-02T18:58:07.108+00:00][A] [INFO] [RF RX] type=3 source=0x02 destination=0x01 previousHop=0x02 sequence=211 ackSequence=190 ttl=8 hops=0 payloadSize=2 rssi=-60 snr=10.00
[2026-09-02T18:58:07.109+00:00][A] [INFO] ACK_RX seq=190 source=0x02
[2026-09-02T18:58:07.112+00:00][A] [INFO] TEST_DATA_QUEUED dst=0x02 seq=191 remaining=61
[2026-09-02T18:58:07.167+00:00][A] [INFO] [RF TX] type=1 source=0x01 destination=0x02 previousHop=0x01 sequence=191 ackSequence=0 ttl=8 hops=0 payloadSize=4 rssi=0 snr=0.00
[2026-09-02T18:58:07.238+00:00][A] [INFO] --------------------------------
[2026-09-02T18:58:07.239+00:00][A] [INFO] [HEARTBEAT TX]
[2026-09-02T18:58:07.243+00:00][A] [INFO] Node ID: 1
[2026-09-02T18:58:07.243+00:00][A] [INFO] type: 2
[2026-09-02T18:58:07.244+00:00][A] [INFO] Destination: 0xFF
[2026-09-02T18:58:07.249+00:00][A] [INFO] Sequence: 192
[2026-09-02T18:58:07.249+00:00][A] [INFO] Packet ID: 54
[2026-09-02T18:58:07.254+00:00][A] [INFO] Packet Size: 26
[2026-09-02T18:58:07.254+00:00][A] [INFO] Timestamp: 54 ms
[2026-09-02T18:58:07.255+00:00][A] [INFO] Transmission Result: success
[2026-09-02T18:58:07.260+00:00][A] [INFO] --------------------------------
[2026-09-02T18:58:07.260+00:00][A] [INFO] [Heartbeat #54]
[2026-09-02T18:58:07.265+00:00][A] [INFO] Sent
[2026-09-02T18:58:07.266+00:00][A] [INFO] Waiting ACK...
[2026-09-02T18:58:07.266+00:00][A] [INFO] [WAITING ACK]
[2026-09-02T18:58:07.279+00:00][A] [INFO] [RF TX] type=2 source=0x01 destination=0xFF previousHop=0x01 sequence=192 ackSequence=0 ttl=8 hops=0 payloadSize=13 rssi=0 snr=0.00
[2026-09-02T18:58:07.280+00:00][A] [INFO] Heartbeat packet sent
[2026-09-02T18:58:08.169+00:00][A] [WARN] TX_RETRY seq=191
[2026-09-02T18:58:08.231+00:00][A] [INFO] [RF TX] type=1 source=0x01 destination=0x02 previousHop=0x01 sequence=191 ackSequence=0 ttl=8 hops=0 payloadSize=4 rssi=0 snr=0.00
[2026-09-02T18:58:08.256+00:00][A] [WARN] Retry 1
[2026-09-02T18:58:08.323+00:00][A] [INFO] --------------------------------
[2026-09-02T18:58:08.323+00:00][A] [INFO] [HEARTBEAT TX]
[2026-09-02T18:58:08.328+00:00][A] [INFO] Node ID: 1
[2026-09-02T18:58:08.329+00:00][A] [INFO] type: 2
[2026-09-02T18:58:08.329+00:00][A] [INFO] Destination: 0xFF
[2026-09-02T18:58:08.334+00:00][A] [INFO] Sequence: 192
[2026-09-02T18:58:08.334+00:00][A] [INFO] Packet ID: 54
[2026-09-02T18:58:08.339+00:00][A] [INFO] Packet Size: 26
[2026-09-02T18:58:08.340+00:00][A] [INFO] Timestamp: 54 ms
[2026-09-02T18:58:08.340+00:00][A] [INFO] Transmission Result: success
[2026-09-02T18:58:08.345+00:00][A] [INFO] --------------------------------
[2026-09-02T18:58:08.346+00:00][A] [INFO] [Heartbeat #54]
[2026-09-02T18:58:08.351+00:00][A] [INFO] Sent
[2026-09-02T18:58:08.351+00:00][A] [INFO] Waiting ACK...
[2026-09-02T18:58:08.352+00:00][A] [INFO] [WAITING ACK]
[2026-09-02T18:58:08.365+00:00][A] [INFO] [RF TX] type=2 source=0x01 destination=0xFF previousHop=0x01 sequence=192 ackSequence=0 ttl=8 hops=0 payloadSize=13 rssi=0 snr=0.00
[2026-09-02T18:58:08.365+00:00][A] [INFO] Heartbeat packet sent
[2026-09-02T18:58:09.240+00:00][A] [INFO] --------------------------------
[2026-09-02T18:58:09.241+00:00][A] [INFO] [HEARTBEAT TX]
[2026-09-02T18:58:09.245+00:00][A] [INFO] Node ID: 1
[2026-09-02T18:58:09.246+00:00][A] [INFO] type: 2
[2026-09-02T18:58:09.246+00:00][A] [INFO] Destination: 0xFF
[2026-09-02T18:58:09.251+00:00][A] [INFO] Sequence: 193
[2026-09-02T18:58:09.251+00:00][A] [INFO] Packet ID: 55
[2026-09-02T18:58:09.256+00:00][A] [INFO] Packet Size: 26
[2026-09-02T18:58:09.257+00:00][A] [INFO] Timestamp: 55 ms
[2026-09-02T18:58:09.257+00:00][A] [INFO] Transmission Result: success
[2026-09-02T18:58:09.262+00:00][A] [INFO] --------------------------------
[2026-09-02T18:58:09.262+00:00][A] [INFO] [Heartbeat #55]
[2026-09-02T18:58:09.267+00:00][A] [INFO] Sent
[2026-09-02T18:58:09.268+00:00][A] [INFO] Waiting ACK...
[2026-09-02T18:58:09.269+00:00][A] [INFO] [WAITING ACK]
[2026-09-02T18:58:09.284+00:00][A] [INFO] [RF TX] type=2 source=0x01 destination=0xFF previousHop=0x01 sequence=193 ackSequence=0 ttl=8 hops=0 payloadSize=13 rssi=0 snr=0.00
[2026-09-02T18:58:09.284+00:00][A] [INFO] Heartbeat packet sent
[2026-09-02T18:58:09.285+00:00][A] [WARN] TX_RETRY seq=191
[2026-09-02T18:58:09.341+00:00][A] [INFO] [RF TX] type=1 source=0x01 destination=0x02 previousHop=0x01 sequence=191 ackSequence=0 ttl=8 hops=0 payloadSize=4 rssi=0 snr=0.00
[2026-09-02T18:58:10.258+00:00][A] [WARN] Retry 1
[2026-09-02T18:58:10.325+00:00][A] [INFO] --------------------------------
[2026-09-02T18:58:10.326+00:00][A] [INFO] [HEARTBEAT TX]
[2026-09-02T18:58:10.330+00:00][A] [INFO] Node ID: 1
[2026-09-02T18:58:10.331+00:00][A] [INFO] type: 2
[2026-09-02T18:58:10.331+00:00][A] [INFO] Destination: 0xFF
[2026-09-02T18:58:10.336+00:00][A] [INFO] Sequence: 193
[2026-09-02T18:58:10.337+00:00][A] [INFO] Packet ID: 55
[2026-09-02T18:58:10.341+00:00][A] [INFO] Packet Size: 26
[2026-09-02T18:58:10.342+00:00][A] [INFO] Timestamp: 55 ms
[2026-09-02T18:58:10.342+00:00][A] [INFO] Transmission Result: success
[2026-09-02T18:58:10.347+00:00][A] [INFO] --------------------------------
[2026-09-02T18:58:10.348+00:00][A] [INFO] [Heartbeat #55]
[2026-09-02T18:58:10.352+00:00][A] [INFO] Sent
[2026-09-02T18:58:10.353+00:00][A] [INFO] Waiting ACK...
[2026-09-02T18:58:10.354+00:00][A] [INFO] [WAITING ACK]
[2026-09-02T18:58:10.369+00:00][A] [INFO] [RF TX] type=2 source=0x01 destination=0xFF previousHop=0x01 sequence=193 ackSequence=0 ttl=8 hops=0 payloadSize=13 rssi=0 snr=0.00
[2026-09-02T18:58:10.370+00:00][A] [INFO] Heartbeat packet sent
[2026-09-02T18:58:10.370+00:00][A] [WARN] TX_RETRY seq=191
[2026-09-02T18:58:10.426+00:00][A] [INFO] [RF TX] type=1 source=0x01 destination=0x02 previousHop=0x01 sequence=191 ackSequence=0 ttl=8 hops=0 payloadSize=4 rssi=0 snr=0.00
[2026-09-02T18:58:11.242+00:00][A] [INFO] --------------------------------
[2026-09-02T18:58:11.243+00:00][A] [INFO] [HEARTBEAT TX]
[2026-09-02T18:58:11.247+00:00][A] [INFO] Node ID: 1
[2026-09-02T18:58:11.248+00:00][A] [INFO] type: 2
[2026-09-02T18:58:11.248+00:00][A] [INFO] Destination: 0xFF
[2026-09-02T18:58:11.253+00:00][A] [INFO] Sequence: 194
[2026-09-02T18:58:11.254+00:00][A] [INFO] Packet ID: 56
[2026-09-02T18:58:11.258+00:00][A] [INFO] Packet Size: 26
[2026-09-02T18:58:11.258+00:00][A] [INFO] Timestamp: 56 ms
[2026-09-02T18:58:11.259+00:00][A] [INFO] Transmission Result: success
[2026-09-02T18:58:11.264+00:00][A] [INFO] --------------------------------
[2026-09-02T18:58:11.265+00:00][A] [INFO] [Heartbeat #56]
[2026-09-02T18:58:11.269+00:00][A] [INFO] Sent
[2026-09-02T18:58:11.270+00:00][A] [INFO] Waiting ACK...
[2026-09-02T18:58:11.270+00:00][A] [INFO] [WAITING ACK]
[2026-09-02T18:58:11.284+00:00][A] [INFO] [RF TX] type=2 source=0x01 destination=0xFF previousHop=0x01 sequence=194 ackSequence=0 ttl=8 hops=0 payloadSize=13 rssi=0 snr=0.00
[2026-09-02T18:58:11.284+00:00][A] [INFO] Heartbeat packet sent
[2026-09-02T18:58:11.430+00:00][A] [ERROR] TX_FAILED
[2026-09-02T18:58:11.431+00:00][A] [WARN] ACK_FAILED seq=191
[2026-09-02T18:58:11.434+00:00][A] [INFO] TEST_DATA_QUEUED dst=0x02 seq=195 remaining=60
[2026-09-02T18:58:11.489+00:00][A] [INFO] [RF TX] type=1 source=0x01 destination=0x02 previousHop=0x01 sequence=195 ackSequence=0 ttl=8 hops=0 payloadSize=4 rssi=0 snr=0.00
[2026-09-02T18:58:11.555+00:00][A] [INFO] [RF RX] type=3 source=0x02 destination=0x01 previousHop=0x02 sequence=217 ackSequence=195 ttl=8 hops=0 payloadSize=2 rssi=-59 snr=10.00
[2026-09-02T18:58:11.555+00:00][A] [INFO] ACK_RX seq=195 source=0x02
[2026-09-02T18:58:11.559+00:00][A] [INFO] TEST_DATA_QUEUED dst=0x02 seq=196 remaining=59
[2026-09-02T18:58:11.614+00:00][A] [INFO] [RF TX] type=1 source=0x01 destination=0x02 previousHop=0x01 sequence=196 ackSequence=0 ttl=8 hops=0 payloadSize=4 rssi=0 snr=0.00
[2026-09-02T18:58:11.679+00:00][A] [INFO] [RF RX] type=3 source=0x02 destination=0x01 previousHop=0x02 sequence=218 ackSequence=196 ttl=8 hops=0 payloadSize=2 rssi=-60 snr=9.75
[2026-09-02T18:58:11.679+00:00][A] [INFO] ACK_RX seq=196 source=0x02
[2026-09-02T18:58:11.683+00:00][A] [INFO] TEST_DATA_QUEUED dst=0x02 seq=197 remaining=58
[2026-09-02T18:58:11.737+00:00][A] [INFO] [RF TX] type=1 source=0x01 destination=0x02 previousHop=0x01 sequence=197 ackSequence=0 ttl=8 hops=0 payloadSize=4 rssi=0 snr=0.00
[2026-09-02T18:58:11.803+00:00][A] [INFO] [RF RX] type=3 source=0x02 destination=0x01 previousHop=0x02 sequence=219 ackSequence=197 ttl=8 hops=0 payloadSize=2 rssi=-60 snr=10.00
[2026-09-02T18:58:11.803+00:00][A] [INFO] ACK_RX seq=197 source=0x02
[2026-09-02T18:58:11.807+00:00][A] [INFO] TEST_DATA_QUEUED dst=0x02 seq=198 remaining=57
[2026-09-02T18:58:11.861+00:00][A] [INFO] [RF TX] type=1 source=0x01 destination=0x02 previousHop=0x01 sequence=198 ackSequence=0 ttl=8 hops=0 payloadSize=4 rssi=0 snr=0.00
[2026-09-02T18:58:11.927+00:00][A] [INFO] [RF RX] type=3 source=0x02 destination=0x01 previousHop=0x02 sequence=220 ackSequence=198 ttl=8 hops=0 payloadSize=2 rssi=-60 snr=9.50
[2026-09-02T18:58:11.927+00:00][A] [INFO] ACK_RX seq=198 source=0x02
[2026-09-02T18:58:11.931+00:00][A] [INFO] TEST_DATA_QUEUED dst=0x02 seq=199 remaining=56
[2026-09-02T18:58:11.985+00:00][A] [INFO] [RF TX] type=1 source=0x01 destination=0x02 previousHop=0x01 sequence=199 ackSequence=0 ttl=8 hops=0 payloadSize=4 rssi=0 snr=0.00
[2026-09-02T18:58:12.051+00:00][A] [INFO] [RF RX] type=3 source=0x02 destination=0x01 previousHop=0x02 sequence=221 ackSequence=199 ttl=8 hops=0 payloadSize=2 rssi=-61 snr=9.50
[2026-09-02T18:58:12.052+00:00][A] [INFO] ACK_RX seq=199 source=0x02
[2026-09-02T18:58:12.055+00:00][A] [INFO] TEST_DATA_QUEUED dst=0x02 seq=200 remaining=55
[2026-09-02T18:58:12.109+00:00][A] [INFO] [RF TX] type=1 source=0x01 destination=0x02 previousHop=0x01 sequence=200 ackSequence=0 ttl=8 hops=0 payloadSize=4 rssi=0 snr=0.00
[2026-09-02T18:58:12.175+00:00][A] [INFO] [RF RX] type=3 source=0x02 destination=0x01 previousHop=0x02 sequence=222 ackSequence=200 ttl=8 hops=0 payloadSize=2 rssi=-60 snr=10.00
[2026-09-02T18:58:12.176+00:00][A] [INFO] ACK_RX seq=200 source=0x02
[2026-09-02T18:58:12.179+00:00][A] [INFO] TEST_DATA_QUEUED dst=0x02 seq=201 remaining=54
[2026-09-02T18:58:12.233+00:00][A] [INFO] [RF TX] type=1 source=0x01 destination=0x02 previousHop=0x01 sequence=201 ackSequence=0 ttl=8 hops=0 payloadSize=4 rssi=0 snr=0.00
[2026-09-02T18:58:12.260+00:00][A] [WARN] Retry 1
[2026-09-02T18:58:12.327+00:00][A] [INFO] --------------------------------
[2026-09-02T18:58:12.328+00:00][A] [INFO] [HEARTBEAT TX]
[2026-09-02T18:58:12.332+00:00][A] [INFO] Node ID: 1
[2026-09-02T18:58:12.332+00:00][A] [INFO] type: 2
[2026-09-02T18:58:12.333+00:00][A] [INFO] Destination: 0xFF
[2026-09-02T18:58:12.338+00:00][A] [INFO] Sequence: 194
[2026-09-02T18:58:12.338+00:00][A] [INFO] Packet ID: 56
[2026-09-02T18:58:12.343+00:00][A] [INFO] Packet Size: 26
[2026-09-02T18:58:12.343+00:00][A] [INFO] Timestamp: 56 ms
[2026-09-02T18:58:12.344+00:00][A] [INFO] Transmission Result: success
[2026-09-02T18:58:12.349+00:00][A] [INFO] --------------------------------
[2026-09-02T18:58:12.349+00:00][A] [INFO] [Heartbeat #56]
[2026-09-02T18:58:12.354+00:00][A] [INFO] Sent
[2026-09-02T18:58:12.355+00:00][A] [INFO] Waiting ACK...
[2026-09-02T18:58:12.355+00:00][A] [INFO] [WAITING ACK]
[2026-09-02T18:58:12.368+00:00][A] [INFO] [RF TX] type=2 source=0x01 destination=0xFF previousHop=0x01 sequence=194 ackSequence=0 ttl=8 hops=0 payloadSize=13 rssi=0 snr=0.00
[2026-09-02T18:58:12.369+00:00][A] [INFO] Heartbeat packet sent
[2026-09-02T18:58:13.244+00:00][A] [INFO] --------------------------------
[2026-09-02T18:58:13.244+00:00][A] [INFO] [HEARTBEAT TX]
[2026-09-02T18:58:13.249+00:00][A] [INFO] Node ID: 1
[2026-09-02T18:58:13.249+00:00][A] [INFO] type: 2
[2026-09-02T18:58:13.250+00:00][A] [INFO] Destination: 0xFF
[2026-09-02T18:58:13.255+00:00][A] [INFO] Sequence: 202
[2026-09-02T18:58:13.255+00:00][A] [INFO] Packet ID: 57
[2026-09-02T18:58:13.260+00:00][A] [INFO] Packet Size: 26
[2026-09-02T18:58:13.260+00:00][A] [INFO] Timestamp: 57 ms
[2026-09-02T18:58:13.261+00:00][A] [INFO] Transmission Result: success
[2026-09-02T18:58:13.266+00:00][A] [INFO] --------------------------------
[2026-09-02T18:58:13.266+00:00][A] [INFO] [Heartbeat #57]
[2026-09-02T18:58:13.271+00:00][A] [INFO] Sent
[2026-09-02T18:58:13.272+00:00][A] [INFO] Waiting ACK...
[2026-09-02T18:58:13.272+00:00][A] [INFO] [WAITING ACK]
[2026-09-02T18:58:13.288+00:00][A] [INFO] [RF TX] type=2 source=0x01 destination=0xFF previousHop=0x01 sequence=202 ackSequence=0 ttl=8 hops=0 payloadSize=13 rssi=0 snr=0.00
[2026-09-02T18:58:13.288+00:00][A] [INFO] Heartbeat packet sent
[2026-09-02T18:58:13.289+00:00][A] [WARN] TX_RETRY seq=201
[2026-09-02T18:58:13.345+00:00][A] [INFO] [RF TX] type=1 source=0x01 destination=0x02 previousHop=0x01 sequence=201 ackSequence=0 ttl=8 hops=0 payloadSize=4 rssi=0 snr=0.00
[2026-09-02T18:58:14.262+00:00][A] [WARN] Retry 1
[2026-09-02T18:58:14.329+00:00][A] [INFO] --------------------------------
[2026-09-02T18:58:14.329+00:00][A] [INFO] [HEARTBEAT TX]
[2026-09-02T18:58:14.334+00:00][A] [INFO] Node ID: 1
[2026-09-02T18:58:14.334+00:00][A] [INFO] type: 2
[2026-09-02T18:58:14.335+00:00][A] [INFO] Destination: 0xFF
[2026-09-02T18:58:14.339+00:00][A] [INFO] Sequence: 202
[2026-09-02T18:58:14.340+00:00][A] [INFO] Packet ID: 57
[2026-09-02T18:58:14.345+00:00][A] [INFO] Packet Size: 26
[2026-09-02T18:58:14.345+00:00][A] [INFO] Timestamp: 57 ms
[2026-09-02T18:58:14.346+00:00][A] [INFO] Transmission Result: success
[2026-09-02T18:58:14.351+00:00][A] [INFO] --------------------------------
[2026-09-02T18:58:14.351+00:00][A] [INFO] [Heartbeat #57]
[2026-09-02T18:58:14.356+00:00][A] [INFO] Sent
[2026-09-02T18:58:14.357+00:00][A] [INFO] Waiting ACK...
[2026-09-02T18:58:14.357+00:00][A] [INFO] [WAITING ACK]
[2026-09-02T18:58:14.372+00:00][A] [INFO] [RF TX] type=2 source=0x01 destination=0xFF previousHop=0x01 sequence=202 ackSequence=0 ttl=8 hops=0 payloadSize=13 rssi=0 snr=0.00
[2026-09-02T18:58:14.373+00:00][A] [INFO] Heartbeat packet sent
[2026-09-02T18:58:14.373+00:00][A] [WARN] TX_RETRY seq=201
[2026-09-02T18:58:14.430+00:00][A] [INFO] [RF TX] type=1 source=0x01 destination=0x02 previousHop=0x01 sequence=201 ackSequence=0 ttl=8 hops=0 payloadSize=4 rssi=0 snr=0.00
[2026-09-02T18:58:15.245+00:00][A] [INFO] --------------------------------
[2026-09-02T18:58:15.246+00:00][A] [INFO] [HEARTBEAT TX]
[2026-09-02T18:58:15.250+00:00][A] [INFO] Node ID: 1
[2026-09-02T18:58:15.251+00:00][A] [INFO] type: 2
[2026-09-02T18:58:15.251+00:00][A] [INFO] Destination: 0xFF
[2026-09-02T18:58:15.256+00:00][A] [INFO] Sequence: 203
[2026-09-02T18:58:15.257+00:00][A] [INFO] Packet ID: 58
[2026-09-02T18:58:15.261+00:00][A] [INFO] Packet Size: 26
[2026-09-02T18:58:15.262+00:00][A] [INFO] Timestamp: 58 ms
[2026-09-02T18:58:15.263+00:00][A] [INFO] Transmission Result: success
[2026-09-02T18:58:15.267+00:00][A] [INFO] --------------------------------
[2026-09-02T18:58:15.268+00:00][A] [INFO] [Heartbeat #58]
[2026-09-02T18:58:15.273+00:00][A] [INFO] Sent
[2026-09-02T18:58:15.273+00:00][A] [INFO] Waiting ACK...
[2026-09-02T18:58:15.274+00:00][A] [INFO] [WAITING ACK]
[2026-09-02T18:58:15.287+00:00][A] [INFO] [RF TX] type=2 source=0x01 destination=0xFF previousHop=0x01 sequence=203 ackSequence=0 ttl=8 hops=0 payloadSize=13 rssi=0 snr=0.00
[2026-09-02T18:58:15.287+00:00][A] [INFO] Heartbeat packet sent
[2026-09-02T18:58:15.430+00:00][A] [WARN] TX_RETRY seq=201
[2026-09-02T18:58:15.492+00:00][A] [INFO] [RF TX] type=1 source=0x01 destination=0x02 previousHop=0x01 sequence=201 ackSequence=0 ttl=8 hops=0 payloadSize=4 rssi=0 snr=0.00
[2026-09-02T18:58:16.263+00:00][A] [WARN] Retry 1
[2026-09-02T18:58:16.330+00:00][A] [INFO] --------------------------------
[2026-09-02T18:58:16.330+00:00][A] [INFO] [HEARTBEAT TX]
[2026-09-02T18:58:16.335+00:00][A] [INFO] Node ID: 1
[2026-09-02T18:58:16.336+00:00][A] [INFO] type: 2
[2026-09-02T18:58:16.336+00:00][A] [INFO] Destination: 0xFF
[2026-09-02T18:58:16.341+00:00][A] [INFO] Sequence: 203
[2026-09-02T18:58:16.341+00:00][A] [INFO] Packet ID: 58
[2026-09-02T18:58:16.346+00:00][A] [INFO] Packet Size: 26
[2026-09-02T18:58:16.346+00:00][A] [INFO] Timestamp: 58 ms
[2026-09-02T18:58:16.347+00:00][A] [INFO] Transmission Result: success
[2026-09-02T18:58:16.352+00:00][A] [INFO] --------------------------------
[2026-09-02T18:58:16.353+00:00][A] [INFO] [Heartbeat #58]
[2026-09-02T18:58:16.358+00:00][A] [INFO] Sent
[2026-09-02T18:58:16.358+00:00][A] [INFO] Waiting ACK...
[2026-09-02T18:58:16.358+00:00][A] [INFO] [WAITING ACK]
[2026-09-02T18:58:16.372+00:00][A] [INFO] [RF TX] type=2 source=0x01 destination=0xFF previousHop=0x01 sequence=203 ackSequence=0 ttl=8 hops=0 payloadSize=13 rssi=0 snr=0.00
[2026-09-02T18:58:16.372+00:00][A] [INFO] Heartbeat packet sent
[2026-09-02T18:58:16.496+00:00][A] [ERROR] TX_FAILED
[2026-09-02T18:58:16.497+00:00][A] [WARN] ACK_FAILED seq=201
[2026-09-02T18:58:16.499+00:00][A] [INFO] TEST_DATA_QUEUED dst=0x02 seq=204 remaining=53
[2026-09-02T18:58:16.555+00:00][A] [INFO] [RF TX] type=1 source=0x01 destination=0x02 previousHop=0x01 sequence=204 ackSequence=0 ttl=8 hops=0 payloadSize=4 rssi=0 snr=0.00
[2026-09-02T18:58:16.621+00:00][A] [INFO] [RF RX] type=3 source=0x02 destination=0x01 previousHop=0x02 sequence=227 ackSequence=204 ttl=8 hops=0 payloadSize=2 rssi=-59 snr=9.75
[2026-09-02T18:58:16.621+00:00][A] [INFO] ACK_RX seq=204 source=0x02
[2026-09-02T18:58:16.625+00:00][A] [INFO] TEST_DATA_QUEUED dst=0x02 seq=205 remaining=52
[2026-09-02T18:58:16.680+00:00][A] [INFO] [RF TX] type=1 source=0x01 destination=0x02 previousHop=0x01 sequence=205 ackSequence=0 ttl=8 hops=0 payloadSize=4 rssi=0 snr=0.00
[2026-09-02T18:58:16.745+00:00][A] [INFO] [RF RX] type=3 source=0x02 destination=0x01 previousHop=0x02 sequence=228 ackSequence=205 ttl=8 hops=0 payloadSize=2 rssi=-60 snr=9.50
[2026-09-02T18:58:16.746+00:00][A] [INFO] ACK_RX seq=205 source=0x02
[2026-09-02T18:58:16.749+00:00][A] [INFO] TEST_DATA_QUEUED dst=0x02 seq=206 remaining=51
[2026-09-02T18:58:16.803+00:00][A] [INFO] [RF TX] type=1 source=0x01 destination=0x02 previousHop=0x01 sequence=206 ackSequence=0 ttl=8 hops=0 payloadSize=4 rssi=0 snr=0.00
[2026-09-02T18:58:16.869+00:00][A] [INFO] [RF RX] type=3 source=0x02 destination=0x01 previousHop=0x02 sequence=229 ackSequence=206 ttl=8 hops=0 payloadSize=2 rssi=-61 snr=9.75
[2026-09-02T18:58:16.869+00:00][A] [INFO] ACK_RX seq=206 source=0x02
[2026-09-02T18:58:16.873+00:00][A] [INFO] TEST_DATA_QUEUED dst=0x02 seq=207 remaining=50
[2026-09-02T18:58:16.927+00:00][A] [INFO] [RF TX] type=1 source=0x01 destination=0x02 previousHop=0x01 sequence=207 ackSequence=0 ttl=8 hops=0 payloadSize=4 rssi=0 snr=0.00
[2026-09-02T18:58:16.993+00:00][A] [INFO] [RF RX] type=3 source=0x02 destination=0x01 previousHop=0x02 sequence=230 ackSequence=207 ttl=8 hops=0 payloadSize=2 rssi=-60 snr=9.75
[2026-09-02T18:58:16.993+00:00][A] [INFO] ACK_RX seq=207 source=0x02
[2026-09-02T18:58:16.996+00:00][A] [INFO] TEST_DATA_QUEUED dst=0x02 seq=208 remaining=49
[2026-09-02T18:58:17.051+00:00][A] [INFO] [RF TX] type=1 source=0x01 destination=0x02 previousHop=0x01 sequence=208 ackSequence=0 ttl=8 hops=0 payloadSize=4 rssi=0 snr=0.00
[2026-09-02T18:58:17.116+00:00][A] [INFO] [RF RX] type=3 source=0x02 destination=0x01 previousHop=0x02 sequence=231 ackSequence=208 ttl=8 hops=0 payloadSize=2 rssi=-60 snr=9.75
[2026-09-02T18:58:17.117+00:00][A] [INFO] ACK_RX seq=208 source=0x02
[2026-09-02T18:58:17.120+00:00][A] [INFO] TEST_DATA_QUEUED dst=0x02 seq=209 remaining=48
[2026-09-02T18:58:17.175+00:00][A] [INFO] [RF TX] type=1 source=0x01 destination=0x02 previousHop=0x01 sequence=209 ackSequence=0 ttl=8 hops=0 payloadSize=4 rssi=0 snr=0.00
[2026-09-02T18:58:17.247+00:00][A] [INFO] --------------------------------
[2026-09-02T18:58:17.248+00:00][A] [INFO] [HEARTBEAT TX]
[2026-09-02T18:58:17.252+00:00][A] [INFO] Node ID: 1
[2026-09-02T18:58:17.252+00:00][A] [INFO] type: 2
[2026-09-02T18:58:17.252+00:00][A] [INFO] Destination: 0xFF
[2026-09-02T18:58:17.257+00:00][A] [INFO] Sequence: 210
[2026-09-02T18:58:17.258+00:00][A] [INFO] Packet ID: 59
[2026-09-02T18:58:17.263+00:00][A] [INFO] Packet Size: 26
[2026-09-02T18:58:17.263+00:00][A] [INFO] Timestamp: 59 ms
[2026-09-02T18:58:17.264+00:00][A] [INFO] Transmission Result: success
[2026-09-02T18:58:17.269+00:00][A] [INFO] --------------------------------
[2026-09-02T18:58:17.269+00:00][A] [INFO] [Heartbeat #59]
[2026-09-02T18:58:17.274+00:00][A] [INFO] Sent
[2026-09-02T18:58:17.274+00:00][A] [INFO] Waiting ACK...
[2026-09-02T18:58:17.275+00:00][A] [INFO] [WAITING ACK]
[2026-09-02T18:58:17.288+00:00][A] [INFO] [RF TX] type=2 source=0x01 destination=0xFF previousHop=0x01 sequence=210 ackSequence=0 ttl=8 hops=0 payloadSize=13 rssi=0 snr=0.00
[2026-09-02T18:58:17.289+00:00][A] [INFO] Heartbeat packet sent
[2026-09-02T18:58:18.176+00:00][A] [WARN] TX_RETRY seq=209
[2026-09-02T18:58:18.238+00:00][A] [INFO] [RF TX] type=1 source=0x01 destination=0x02 previousHop=0x01 sequence=209 ackSequence=0 ttl=8 hops=0 payloadSize=4 rssi=0 snr=0.00
[2026-09-02T18:58:18.264+00:00][A] [WARN] Retry 1
[2026-09-02T18:58:18.331+00:00][A] [INFO] --------------------------------
[2026-09-02T18:58:18.332+00:00][A] [INFO] [HEARTBEAT TX]
[2026-09-02T18:58:18.336+00:00][A] [INFO] Node ID: 1
[2026-09-02T18:58:18.337+00:00][A] [INFO] type: 2
[2026-09-02T18:58:18.337+00:00][A] [INFO] Destination: 0xFF
[2026-09-02T18:58:18.342+00:00][A] [INFO] Sequence: 210
[2026-09-02T18:58:18.343+00:00][A] [INFO] Packet ID: 59
[2026-09-02T18:58:18.347+00:00][A] [INFO] Packet Size: 26
[2026-09-02T18:58:18.348+00:00][A] [INFO] Timestamp: 59 ms
[2026-09-02T18:58:18.348+00:00][A] [INFO] Transmission Result: success
[2026-09-02T18:58:18.353+00:00][A] [INFO] --------------------------------
[2026-09-02T18:58:18.354+00:00][A] [INFO] [Heartbeat #59]
[2026-09-02T18:58:18.359+00:00][A] [INFO] Sent
[2026-09-02T18:58:18.359+00:00][A] [INFO] Waiting ACK...
[2026-09-02T18:58:18.360+00:00][A] [INFO] [WAITING ACK]
[2026-09-02T18:58:18.373+00:00][A] [INFO] [RF TX] type=2 source=0x01 destination=0xFF previousHop=0x01 sequence=210 ackSequence=0 ttl=8 hops=0 payloadSize=13 rssi=0 snr=0.00
[2026-09-02T18:58:18.373+00:00][A] [INFO] Heartbeat packet sent
[2026-09-02T18:58:19.248+00:00][A] [INFO] --------------------------------
[2026-09-02T18:58:19.249+00:00][A] [INFO] [HEARTBEAT TX]
[2026-09-02T18:58:19.253+00:00][A] [INFO] Node ID: 1
[2026-09-02T18:58:19.253+00:00][A] [INFO] type: 2
[2026-09-02T18:58:19.254+00:00][A] [INFO] Destination: 0xFF
[2026-09-02T18:58:19.259+00:00][A] [INFO] Sequence: 211
[2026-09-02T18:58:19.259+00:00][A] [INFO] Packet ID: 60
[2026-09-02T18:58:19.264+00:00][A] [INFO] Packet Size: 26
[2026-09-02T18:58:19.264+00:00][A] [INFO] Timestamp: 60 ms
[2026-09-02T18:58:19.265+00:00][A] [INFO] Transmission Result: success
[2026-09-02T18:58:19.270+00:00][A] [INFO] --------------------------------
[2026-09-02T18:58:19.270+00:00][A] [INFO] [Heartbeat #60]
[2026-09-02T18:58:19.275+00:00][A] [INFO] Sent
[2026-09-02T18:58:19.276+00:00][A] [INFO] Waiting ACK...
[2026-09-02T18:58:19.277+00:00][A] [INFO] [WAITING ACK]
[2026-09-02T18:58:19.292+00:00][A] [INFO] [RF TX] type=2 source=0x01 destination=0xFF previousHop=0x01 sequence=211 ackSequence=0 ttl=8 hops=0 payloadSize=13 rssi=0 snr=0.00
[2026-09-02T18:58:19.292+00:00][A] [INFO] Heartbeat packet sent
[2026-09-02T18:58:19.293+00:00][A] [WARN] TX_RETRY seq=209
[2026-09-02T18:58:19.349+00:00][A] [INFO] [RF TX] type=1 source=0x01 destination=0x02 previousHop=0x01 sequence=209 ackSequence=0 ttl=8 hops=0 payloadSize=4 rssi=0 snr=0.00
[2026-09-02T18:58:20.265+00:00][A] [WARN] Retry 1
[2026-09-02T18:58:20.332+00:00][A] [INFO] --------------------------------
[2026-09-02T18:58:20.333+00:00][A] [INFO] [HEARTBEAT TX]
[2026-09-02T18:58:20.338+00:00][A] [INFO] Node ID: 1
[2026-09-02T18:58:20.338+00:00][A] [INFO] type: 2
[2026-09-02T18:58:20.338+00:00][A] [INFO] Destination: 0xFF
[2026-09-02T18:58:20.344+00:00][A] [INFO] Sequence: 211
[2026-09-02T18:58:20.344+00:00][A] [INFO] Packet ID: 60
[2026-09-02T18:58:20.348+00:00][A] [INFO] Packet Size: 26
[2026-09-02T18:58:20.349+00:00][A] [INFO] Timestamp: 60 ms
[2026-09-02T18:58:20.349+00:00][A] [INFO] Transmission Result: success
[2026-09-02T18:58:20.354+00:00][A] [INFO] --------------------------------
[2026-09-02T18:58:20.355+00:00][A] [INFO] [Heartbeat #60]
[2026-09-02T18:58:20.360+00:00][A] [INFO] Sent
[2026-09-02T18:58:20.360+00:00][A] [INFO] Waiting ACK...
[2026-09-02T18:58:20.361+00:00][A] [INFO] [WAITING ACK]
[2026-09-02T18:58:20.376+00:00][A] [INFO] [RF TX] type=2 source=0x01 destination=0xFF previousHop=0x01 sequence=211 ackSequence=0 ttl=8 hops=0 payloadSize=13 rssi=0 snr=0.00
[2026-09-02T18:58:20.377+00:00][A] [INFO] Heartbeat packet sent
[2026-09-02T18:58:20.377+00:00][A] [WARN] TX_RETRY seq=209
[2026-09-02T18:58:20.433+00:00][A] [INFO] [RF TX] type=1 source=0x01 destination=0x02 previousHop=0x01 sequence=209 ackSequence=0 ttl=8 hops=0 payloadSize=4 rssi=0 snr=0.00
[2026-09-02T18:58:21.249+00:00][A] [INFO] --------------------------------
[2026-09-02T18:58:21.249+00:00][A] [INFO] [HEARTBEAT TX]
[2026-09-02T18:58:21.254+00:00][A] [INFO] Node ID: 1
[2026-09-02T18:58:21.254+00:00][A] [INFO] type: 2
[2026-09-02T18:58:21.254+00:00][A] [INFO] Destination: 0xFF
[2026-09-02T18:58:21.259+00:00][A] [INFO] Sequence: 212
[2026-09-02T18:58:21.260+00:00][A] [INFO] Packet ID: 61
[2026-09-02T18:58:21.265+00:00][A] [INFO] Packet Size: 26
[2026-09-02T18:58:21.265+00:00][A] [INFO] Timestamp: 61 ms
[2026-09-02T18:58:21.266+00:00][A] [INFO] Transmission Result: success
[2026-09-02T18:58:21.271+00:00][A] [INFO] --------------------------------
[2026-09-02T18:58:21.271+00:00][A] [INFO] [Heartbeat #61]
[2026-09-02T18:58:21.276+00:00][A] [INFO] Sent
[2026-09-02T18:58:21.276+00:00][A] [INFO] Waiting ACK...
[2026-09-02T18:58:21.277+00:00][A] [INFO] [WAITING ACK]
[2026-09-02T18:58:21.290+00:00][A] [INFO] [RF TX] type=2 source=0x01 destination=0xFF previousHop=0x01 sequence=212 ackSequence=0 ttl=8 hops=0 payloadSize=13 rssi=0 snr=0.00
[2026-09-02T18:58:21.291+00:00][A] [INFO] Heartbeat packet sent
[2026-09-02T18:58:21.437+00:00][A] [ERROR] TX_FAILED
[2026-09-02T18:58:21.437+00:00][A] [WARN] ACK_FAILED seq=209
[2026-09-02T18:58:21.440+00:00][A] [INFO] TEST_DATA_QUEUED dst=0x02 seq=213 remaining=47
[2026-09-02T18:58:21.496+00:00][A] [INFO] [RF TX] type=1 source=0x01 destination=0x02 previousHop=0x01 sequence=213 ackSequence=0 ttl=8 hops=0 payloadSize=4 rssi=0 snr=0.00
[2026-09-02T18:58:21.562+00:00][A] [INFO] [RF RX] type=3 source=0x02 destination=0x01 previousHop=0x02 sequence=237 ackSequence=213 ttl=8 hops=0 payloadSize=2 rssi=-59 snr=9.75
[2026-09-02T18:58:21.562+00:00][A] [INFO] ACK_RX seq=213 source=0x02
[2026-09-02T18:58:21.565+00:00][A] [INFO] TEST_DATA_QUEUED dst=0x02 seq=214 remaining=46
[2026-09-02T18:58:21.620+00:00][A] [INFO] [RF TX] type=1 source=0x01 destination=0x02 previousHop=0x01 sequence=214 ackSequence=0 ttl=8 hops=0 payloadSize=4 rssi=0 snr=0.00
[2026-09-02T18:58:21.685+00:00][A] [INFO] [RF RX] type=3 source=0x02 destination=0x01 previousHop=0x02 sequence=238 ackSequence=214 ttl=8 hops=0 payloadSize=2 rssi=-60 snr=10.25
[2026-09-02T18:58:21.686+00:00][A] [INFO] ACK_RX seq=214 source=0x02
[2026-09-02T18:58:21.689+00:00][A] [INFO] TEST_DATA_QUEUED dst=0x02 seq=215 remaining=45
[2026-09-02T18:58:21.745+00:00][A] [INFO] [RF TX] type=1 source=0x01 destination=0x02 previousHop=0x01 sequence=215 ackSequence=0 ttl=8 hops=0 payloadSize=4 rssi=0 snr=0.00
[2026-09-02T18:58:21.809+00:00][A] [INFO] [RF RX] type=3 source=0x02 destination=0x01 previousHop=0x02 sequence=239 ackSequence=215 ttl=8 hops=0 payloadSize=2 rssi=-60 snr=9.50
[2026-09-02T18:58:21.810+00:00][A] [INFO] ACK_RX seq=215 source=0x02
[2026-09-02T18:58:21.813+00:00][A] [INFO] TEST_DATA_QUEUED dst=0x02 seq=216 remaining=44
[2026-09-02T18:58:21.868+00:00][A] [INFO] [RF TX] type=1 source=0x01 destination=0x02 previousHop=0x01 sequence=216 ackSequence=0 ttl=8 hops=0 payloadSize=4 rssi=0 snr=0.00
[2026-09-02T18:58:22.266+00:00][A] [WARN] Retry 1
[2026-09-02T18:58:22.333+00:00][A] [INFO] --------------------------------
[2026-09-02T18:58:22.334+00:00][A] [INFO] [HEARTBEAT TX]
[2026-09-02T18:58:22.339+00:00][A] [INFO] Node ID: 1
[2026-09-02T18:58:22.339+00:00][A] [INFO] type: 2
[2026-09-02T18:58:22.339+00:00][A] [INFO] Destination: 0xFF
[2026-09-02T18:58:22.344+00:00][A] [INFO] Sequence: 212
[2026-09-02T18:58:22.345+00:00][A] [INFO] Packet ID: 61
[2026-09-02T18:58:22.349+00:00][A] [INFO] Packet Size: 26
[2026-09-02T18:58:22.350+00:00][A] [INFO] Timestamp: 61 ms
[2026-09-02T18:58:22.352+00:00][A] [INFO] Transmission Result: success
[2026-09-02T18:58:22.355+00:00][A] [INFO] --------------------------------
[2026-09-02T18:58:22.356+00:00][A] [INFO] [Heartbeat #61]
[2026-09-02T18:58:22.361+00:00][A] [INFO] Sent
[2026-09-02T18:58:22.361+00:00][A] [INFO] Waiting ACK...
[2026-09-02T18:58:22.362+00:00][A] [INFO] [WAITING ACK]
[2026-09-02T18:58:22.375+00:00][A] [INFO] [RF TX] type=2 source=0x01 destination=0xFF previousHop=0x01 sequence=212 ackSequence=0 ttl=8 hops=0 payloadSize=13 rssi=0 snr=0.00
[2026-09-02T18:58:22.375+00:00][A] [INFO] Heartbeat packet sent
[2026-09-02T18:58:22.869+00:00][A] [WARN] TX_RETRY seq=216
[2026-09-02T18:58:22.930+00:00][A] [INFO] [RF TX] type=1 source=0x01 destination=0x02 previousHop=0x01 sequence=216 ackSequence=0 ttl=8 hops=0 payloadSize=4 rssi=0 snr=0.00
[2026-09-02T18:58:22.996+00:00][A] [INFO] [RF RX] type=3 source=0x02 destination=0x01 previousHop=0x02 sequence=240 ackSequence=216 ttl=8 hops=0 payloadSize=2 rssi=-60 snr=9.50
[2026-09-02T18:58:22.996+00:00][A] [INFO] ACK_RX seq=216 source=0x02
[2026-09-02T18:58:23.000+00:00][A] [INFO] TEST_DATA_QUEUED dst=0x02 seq=217 remaining=43
[2026-09-02T18:58:23.054+00:00][A] [INFO] [RF TX] type=1 source=0x01 destination=0x02 previousHop=0x01 sequence=217 ackSequence=0 ttl=8 hops=0 payloadSize=4 rssi=0 snr=0.00
[2026-09-02T18:58:23.120+00:00][A] [INFO] [RF RX] type=3 source=0x02 destination=0x01 previousHop=0x02 sequence=241 ackSequence=217 ttl=8 hops=0 payloadSize=2 rssi=-60 snr=9.75
[2026-09-02T18:58:23.120+00:00][A] [INFO] ACK_RX seq=217 source=0x02
[2026-09-02T18:58:23.124+00:00][A] [INFO] TEST_DATA_QUEUED dst=0x02 seq=218 remaining=42
[2026-09-02T18:58:23.179+00:00][A] [INFO] [RF TX] type=1 source=0x01 destination=0x02 previousHop=0x01 sequence=218 ackSequence=0 ttl=8 hops=0 payloadSize=4 rssi=0 snr=0.00
[2026-09-02T18:58:23.250+00:00][A] [INFO] --------------------------------
[2026-09-02T18:58:23.250+00:00][A] [INFO] [HEARTBEAT TX]
[2026-09-02T18:58:23.255+00:00][A] [INFO] Node ID: 1
[2026-09-02T18:58:23.255+00:00][A] [INFO] type: 2
[2026-09-02T18:58:23.256+00:00][A] [INFO] Destination: 0xFF
[2026-09-02T18:58:23.261+00:00][A] [INFO] Sequence: 219
[2026-09-02T18:58:23.262+00:00][A] [INFO] Packet ID: 62
[2026-09-02T18:58:23.266+00:00][A] [INFO] Packet Size: 26
[2026-09-02T18:58:23.267+00:00][A] [INFO] Timestamp: 62 ms
[2026-09-02T18:58:23.267+00:00][A] [INFO] Transmission Result: success
[2026-09-02T18:58:23.272+00:00][A] [INFO] --------------------------------
[2026-09-02T18:58:23.272+00:00][A] [INFO] [Heartbeat #62]
[2026-09-02T18:58:23.277+00:00][A] [INFO] Sent
[2026-09-02T18:58:23.278+00:00][A] [INFO] Waiting ACK...
[2026-09-02T18:58:23.278+00:00][A] [INFO] [WAITING ACK]
[2026-09-02T18:58:23.291+00:00][A] [INFO] [RF TX] type=2 source=0x01 destination=0xFF previousHop=0x01 sequence=219 ackSequence=0 ttl=8 hops=0 payloadSize=13 rssi=0 snr=0.00
[2026-09-02T18:58:23.292+00:00][A] [INFO] Heartbeat packet sent
[2026-09-02T18:58:24.179+00:00][A] [WARN] TX_RETRY seq=218
[2026-09-02T18:58:24.241+00:00][A] [INFO] [RF TX] type=1 source=0x01 destination=0x02 previousHop=0x01 sequence=218 ackSequence=0 ttl=8 hops=0 payloadSize=4 rssi=0 snr=0.00
[2026-09-02T18:58:24.267+00:00][A] [WARN] Retry 1
[2026-09-02T18:58:24.335+00:00][A] [INFO] --------------------------------
[2026-09-02T18:58:24.336+00:00][A] [INFO] [HEARTBEAT TX]
[2026-09-02T18:58:24.340+00:00][A] [INFO] Node ID: 1
[2026-09-02T18:58:24.341+00:00][A] [INFO] type: 2
[2026-09-02T18:58:24.346+00:00][A] [INFO] Destination: 0xFF
[2026-09-02T18:58:24.346+00:00][A] [INFO] Sequence: 219
[2026-09-02T18:58:24.346+00:00][A] [INFO] Packet ID: 62
[2026-09-02T18:58:24.351+00:00][A] [INFO] Packet Size: 26
[2026-09-02T18:58:24.351+00:00][A] [INFO] Timestamp: 62 ms
[2026-09-02T18:58:24.352+00:00][A] [INFO] Transmission Result: success
[2026-09-02T18:58:24.356+00:00][A] [INFO] --------------------------------
[2026-09-02T18:58:24.356+00:00][A] [INFO] [Heartbeat #62]
[2026-09-02T18:58:24.362+00:00][A] [INFO] Sent
[2026-09-02T18:58:24.362+00:00][A] [INFO] Waiting ACK...
[2026-09-02T18:58:24.363+00:00][A] [INFO] [WAITING ACK]
[2026-09-02T18:58:24.376+00:00][A] [INFO] [RF TX] type=2 source=0x01 destination=0xFF previousHop=0x01 sequence=219 ackSequence=0 ttl=8 hops=0 payloadSize=13 rssi=0 snr=0.00
[2026-09-02T18:58:24.376+00:00][A] [INFO] Heartbeat packet sent
[2026-09-02T18:58:25.250+00:00][A] [INFO] --------------------------------
[2026-09-02T18:58:25.251+00:00][A] [INFO] [HEARTBEAT TX]
[2026-09-02T18:58:25.256+00:00][A] [INFO] Node ID: 1
[2026-09-02T18:58:25.256+00:00][A] [INFO] type: 2
[2026-09-02T18:58:25.256+00:00][A] [INFO] Destination: 0xFF
[2026-09-02T18:58:25.261+00:00][A] [INFO] Sequence: 220
[2026-09-02T18:58:25.261+00:00][A] [INFO] Packet ID: 63
[2026-09-02T18:58:25.266+00:00][A] [INFO] Packet Size: 26
[2026-09-02T18:58:25.267+00:00][A] [INFO] Timestamp: 63 ms
[2026-09-02T18:58:25.268+00:00][A] [INFO] Transmission Result: success
[2026-09-02T18:58:25.273+00:00][A] [INFO] --------------------------------
[2026-09-02T18:58:25.273+00:00][A] [INFO] [Heartbeat #63]
[2026-09-02T18:58:25.278+00:00][A] [INFO] Sent
[2026-09-02T18:58:25.278+00:00][A] [INFO] Waiting ACK...
[2026-09-02T18:58:25.278+00:00][A] [INFO] [WAITING ACK]
[2026-09-02T18:58:25.294+00:00][A] [INFO] [RF TX] type=2 source=0x01 destination=0xFF previousHop=0x01 sequence=220 ackSequence=0 ttl=8 hops=0 payloadSize=13 rssi=0 snr=0.00
[2026-09-02T18:58:25.295+00:00][A] [INFO] Heartbeat packet sent
[2026-09-02T18:58:25.295+00:00][A] [WARN] TX_RETRY seq=218
[2026-09-02T18:58:25.352+00:00][A] [INFO] [RF TX] type=1 source=0x01 destination=0x02 previousHop=0x01 sequence=218 ackSequence=0 ttl=8 hops=0 payloadSize=4 rssi=0 snr=0.00
[2026-09-02T18:58:26.268+00:00][A] [WARN] Retry 1
[2026-09-02T18:58:26.335+00:00][A] [INFO] --------------------------------
[2026-09-02T18:58:26.335+00:00][A] [INFO] [HEARTBEAT TX]
[2026-09-02T18:58:26.340+00:00][A] [INFO] Node ID: 1
[2026-09-02T18:58:26.340+00:00][A] [INFO] type: 2
[2026-09-02T18:58:26.341+00:00][A] [INFO] Destination: 0xFF
[2026-09-02T18:58:26.346+00:00][A] [INFO] Sequence: 220
[2026-09-02T18:58:26.347+00:00][A] [INFO] Packet ID: 63
[2026-09-02T18:58:26.351+00:00][A] [INFO] Packet Size: 26
[2026-09-02T18:58:26.352+00:00][A] [INFO] Timestamp: 63 ms
[2026-09-02T18:58:26.353+00:00][A] [INFO] Transmission Result: success
[2026-09-02T18:58:26.357+00:00][A] [INFO] --------------------------------
[2026-09-02T18:58:26.357+00:00][A] [INFO] [Heartbeat #63]
[2026-09-02T18:58:26.362+00:00][A] [INFO] Sent
[2026-09-02T18:58:26.363+00:00][A] [INFO] Waiting ACK...
[2026-09-02T18:58:26.364+00:00][A] [INFO] [WAITING ACK]
[2026-09-02T18:58:26.379+00:00][A] [INFO] [RF TX] type=2 source=0x01 destination=0xFF previousHop=0x01 sequence=220 ackSequence=0 ttl=8 hops=0 payloadSize=13 rssi=0 snr=0.00
[2026-09-02T18:58:26.379+00:00][A] [INFO] Heartbeat packet sent
[2026-09-02T18:58:26.380+00:00][A] [WARN] TX_RETRY seq=218
[2026-09-02T18:58:26.436+00:00][A] [INFO] [RF TX] type=1 source=0x01 destination=0x02 previousHop=0x01 sequence=218 ackSequence=0 ttl=8 hops=0 payloadSize=4 rssi=0 snr=0.00
[2026-09-02T18:58:27.255+00:00][A] [INFO] --------------------------------
[2026-09-02T18:58:27.255+00:00][A] [INFO] [HEARTBEAT TX]
[2026-09-02T18:58:27.256+00:00][A] [INFO] Node ID: 1
[2026-09-02T18:58:27.256+00:00][A] [INFO] type: 2
[2026-09-02T18:58:27.257+00:00][A] [INFO] Destination: 0xFF
[2026-09-02T18:58:27.262+00:00][A] [INFO] Sequence: 221
[2026-09-02T18:58:27.262+00:00][A] [INFO] Packet ID: 64
[2026-09-02T18:58:27.267+00:00][A] [INFO] Packet Size: 26
[2026-09-02T18:58:27.268+00:00][A] [INFO] Timestamp: 64 ms
[2026-09-02T18:58:27.269+00:00][A] [INFO] Transmission Result: success
[2026-09-02T18:58:27.273+00:00][A] [INFO] --------------------------------
[2026-09-02T18:58:27.274+00:00][A] [INFO] [Heartbeat #64]
[2026-09-02T18:58:27.279+00:00][A] [INFO] Sent
[2026-09-02T18:58:27.279+00:00][A] [INFO] Waiting ACK...
[2026-09-02T18:58:27.280+00:00][A] [INFO] [WAITING ACK]
[2026-09-02T18:58:27.293+00:00][A] [INFO] [RF TX] type=2 source=0x01 destination=0xFF previousHop=0x01 sequence=221 ackSequence=0 ttl=8 hops=0 payloadSize=13 rssi=0 snr=0.00
[2026-09-02T18:58:27.293+00:00][A] [INFO] Heartbeat packet sent
[2026-09-02T18:58:27.439+00:00][A] [ERROR] TX_FAILED
[2026-09-02T18:58:27.440+00:00][A] [WARN] ACK_FAILED seq=218
[2026-09-02T18:58:27.442+00:00][A] [INFO] TEST_DATA_QUEUED dst=0x02 seq=222 remaining=41
[2026-09-02T18:58:27.498+00:00][A] [INFO] [RF TX] type=1 source=0x01 destination=0x02 previousHop=0x01 sequence=222 ackSequence=0 ttl=8 hops=0 payloadSize=4 rssi=0 snr=0.00
[2026-09-02T18:58:27.564+00:00][A] [INFO] [RF RX] type=3 source=0x02 destination=0x01 previousHop=0x02 sequence=247 ackSequence=222 ttl=8 hops=0 payloadSize=2 rssi=-59 snr=9.50
[2026-09-02T18:58:27.564+00:00][A] [INFO] ACK_RX seq=222 source=0x02
[2026-09-02T18:58:27.568+00:00][A] [INFO] TEST_DATA_QUEUED dst=0x02 seq=223 remaining=40
[2026-09-02T18:58:27.622+00:00][A] [INFO] [RF TX] type=1 source=0x01 destination=0x02 previousHop=0x01 sequence=223 ackSequence=0 ttl=8 hops=0 payloadSize=4 rssi=0 snr=0.00
[2026-09-02T18:58:27.688+00:00][A] [INFO] [RF RX] type=3 source=0x02 destination=0x01 previousHop=0x02 sequence=248 ackSequence=223 ttl=8 hops=0 payloadSize=2 rssi=-60 snr=9.75
[2026-09-02T18:58:27.688+00:00][A] [INFO] ACK_RX seq=223 source=0x02
[2026-09-02T18:58:27.692+00:00][A] [INFO] TEST_DATA_QUEUED dst=0x02 seq=224 remaining=39
[2026-09-02T18:58:27.746+00:00][A] [INFO] [RF TX] type=1 source=0x01 destination=0x02 previousHop=0x01 sequence=224 ackSequence=0 ttl=8 hops=0 payloadSize=4 rssi=0 snr=0.00
[2026-09-02T18:58:27.812+00:00][A] [INFO] [RF RX] type=3 source=0x02 destination=0x01 previousHop=0x02 sequence=249 ackSequence=224 ttl=8 hops=0 payloadSize=2 rssi=-60 snr=9.75
[2026-09-02T18:58:27.813+00:00][A] [INFO] ACK_RX seq=224 source=0x02
[2026-09-02T18:58:27.816+00:00][A] [INFO] TEST_DATA_QUEUED dst=0x02 seq=225 remaining=38
[2026-09-02T18:58:27.870+00:00][A] [INFO] [RF TX] type=1 source=0x01 destination=0x02 previousHop=0x01 sequence=225 ackSequence=0 ttl=8 hops=0 payloadSize=4 rssi=0 snr=0.00
[2026-09-02T18:58:27.936+00:00][A] [INFO] [RF RX] type=3 source=0x02 destination=0x01 previousHop=0x02 sequence=250 ackSequence=225 ttl=8 hops=0 payloadSize=2 rssi=-60 snr=9.75
[2026-09-02T18:58:27.936+00:00][A] [INFO] ACK_RX seq=225 source=0x02
[2026-09-02T18:58:27.940+00:00][A] [INFO] TEST_DATA_QUEUED dst=0x02 seq=226 remaining=37
[2026-09-02T18:58:27.994+00:00][A] [INFO] [RF TX] type=1 source=0x01 destination=0x02 previousHop=0x01 sequence=226 ackSequence=0 ttl=8 hops=0 payloadSize=4 rssi=0 snr=0.00
[2026-09-02T18:58:28.060+00:00][A] [INFO] [RF RX] type=3 source=0x02 destination=0x01 previousHop=0x02 sequence=251 ackSequence=226 ttl=8 hops=0 payloadSize=2 rssi=-60 snr=9.50
[2026-09-02T18:58:28.060+00:00][A] [INFO] ACK_RX seq=226 source=0x02
[2026-09-02T18:58:28.063+00:00][A] [INFO] TEST_DATA_QUEUED dst=0x02 seq=227 remaining=36
[2026-09-02T18:58:28.118+00:00][A] [INFO] [RF TX] type=1 source=0x01 destination=0x02 previousHop=0x01 sequence=227 ackSequence=0 ttl=8 hops=0 payloadSize=4 rssi=0 snr=0.00
[2026-09-02T18:58:28.184+00:00][A] [INFO] [RF RX] type=3 source=0x02 destination=0x01 previousHop=0x02 sequence=252 ackSequence=227 ttl=8 hops=0 payloadSize=2 rssi=-60 snr=10.00
[2026-09-02T18:58:28.184+00:00][A] [INFO] ACK_RX seq=227 source=0x02
[2026-09-02T18:58:28.187+00:00][A] [INFO] TEST_DATA_QUEUED dst=0x02 seq=228 remaining=35
[2026-09-02T18:58:28.242+00:00][A] [INFO] [RF TX] type=1 source=0x01 destination=0x02 previousHop=0x01 sequence=228 ackSequence=0 ttl=8 hops=0 payloadSize=4 rssi=0 snr=0.00
[2026-09-02T18:58:28.268+00:00][A] [WARN] Retry 1
[2026-09-02T18:58:28.336+00:00][A] [INFO] --------------------------------
[2026-09-02T18:58:28.336+00:00][A] [INFO] [HEARTBEAT TX]
[2026-09-02T18:58:28.341+00:00][A] [INFO] Node ID: 1
[2026-09-02T18:58:28.341+00:00][A] [INFO] type: 2
[2026-09-02T18:58:28.341+00:00][A] [INFO] Destination: 0xFF
[2026-09-02T18:58:28.346+00:00][A] [INFO] Sequence: 221
[2026-09-02T18:58:28.347+00:00][A] [INFO] Packet ID: 64
[2026-09-02T18:58:28.352+00:00][A] [INFO] Packet Size: 26
[2026-09-02T18:58:28.352+00:00][A] [INFO] Timestamp: 64 ms
[2026-09-02T18:58:28.353+00:00][A] [INFO] Transmission Result: success
[2026-09-02T18:58:28.358+00:00][A] [INFO] --------------------------------
[2026-09-02T18:58:28.358+00:00][A] [INFO] [Heartbeat #64]
[2026-09-02T18:58:28.363+00:00][A] [INFO] Sent
[2026-09-02T18:58:28.364+00:00][A] [INFO] Waiting ACK...
[2026-09-02T18:58:28.364+00:00][A] [INFO] [WAITING ACK]
[2026-09-02T18:58:28.377+00:00][A] [INFO] [RF TX] type=2 source=0x01 destination=0xFF previousHop=0x01 sequence=221 ackSequence=0 ttl=8 hops=0 payloadSize=13 rssi=0 snr=0.00
[2026-09-02T18:58:28.378+00:00][A] [INFO] Heartbeat packet sent
[2026-09-02T18:58:29.252+00:00][A] [INFO] --------------------------------
[2026-09-02T18:58:29.253+00:00][A] [INFO] [HEARTBEAT TX]
[2026-09-02T18:58:29.257+00:00][A] [INFO] Node ID: 1
[2026-09-02T18:58:29.258+00:00][A] [INFO] type: 2
[2026-09-02T18:58:29.258+00:00][A] [INFO] Destination: 0xFF
[2026-09-02T18:58:29.263+00:00][A] [INFO] Sequence: 229
[2026-09-02T18:58:29.263+00:00][A] [INFO] Packet ID: 65
[2026-09-02T18:58:29.268+00:00][A] [INFO] Packet Size: 26
[2026-09-02T18:58:29.268+00:00][A] [INFO] Timestamp: 65 ms
[2026-09-02T18:58:29.269+00:00][A] [INFO] Transmission Result: success
[2026-09-02T18:58:29.274+00:00][A] [INFO] --------------------------------
[2026-09-02T18:58:29.274+00:00][A] [INFO] [Heartbeat #65]
[2026-09-02T18:58:29.279+00:00][A] [INFO] Sent
[2026-09-02T18:58:29.280+00:00][A] [INFO] Waiting ACK...
[2026-09-02T18:58:29.280+00:00][A] [INFO] [WAITING ACK]
[2026-09-02T18:58:29.296+00:00][A] [INFO] [RF TX] type=2 source=0x01 destination=0xFF previousHop=0x01 sequence=229 ackSequence=0 ttl=8 hops=0 payloadSize=13 rssi=0 snr=0.00
[2026-09-02T18:58:29.296+00:00][A] [INFO] Heartbeat packet sent
[2026-09-02T18:58:29.297+00:00][A] [WARN] TX_RETRY seq=228
[2026-09-02T18:58:29.353+00:00][A] [INFO] [RF TX] type=1 source=0x01 destination=0x02 previousHop=0x01 sequence=228 ackSequence=0 ttl=8 hops=0 payloadSize=4 rssi=0 snr=0.00
[2026-09-02T18:58:30.269+00:00][A] [WARN] Retry 1
[2026-09-02T18:58:30.336+00:00][A] [INFO] --------------------------------
[2026-09-02T18:58:30.337+00:00][A] [INFO] [HEARTBEAT TX]
[2026-09-02T18:58:30.341+00:00][A] [INFO] Node ID: 1
[2026-09-02T18:58:30.342+00:00][A] [INFO] type: 2
[2026-09-02T18:58:30.342+00:00][A] [INFO] Destination: 0xFF
[2026-09-02T18:58:30.347+00:00][A] [INFO] Sequence: 229
[2026-09-02T18:58:30.348+00:00][A] [INFO] Packet ID: 65
[2026-09-02T18:58:30.352+00:00][A] [INFO] Packet Size: 26
[2026-09-02T18:58:30.353+00:00][A] [INFO] Timestamp: 65 ms
[2026-09-02T18:58:30.353+00:00][A] [INFO] Transmission Result: success
[2026-09-02T18:58:30.358+00:00][A] [INFO] --------------------------------
[2026-09-02T18:58:30.358+00:00][A] [INFO] [Heartbeat #65]
[2026-09-02T18:58:30.363+00:00][A] [INFO] Sent
[2026-09-02T18:58:30.364+00:00][A] [INFO] Waiting ACK...
[2026-09-02T18:58:30.364+00:00][A] [INFO] [WAITING ACK]
[2026-09-02T18:58:30.380+00:00][A] [INFO] [RF TX] type=2 source=0x01 destination=0xFF previousHop=0x01 sequence=229 ackSequence=0 ttl=8 hops=0 payloadSize=13 rssi=0 snr=0.00
[2026-09-02T18:58:30.380+00:00][A] [INFO] Heartbeat packet sent
[2026-09-02T18:58:30.381+00:00][A] [WARN] TX_RETRY seq=228
[2026-09-02T18:58:30.437+00:00][A] [INFO] [RF TX] type=1 source=0x01 destination=0x02 previousHop=0x01 sequence=228 ackSequence=0 ttl=8 hops=0 payloadSize=4 rssi=0 snr=0.00
[2026-09-02T18:58:31.252+00:00][A] [INFO] --------------------------------
[2026-09-02T18:58:31.253+00:00][A] [INFO] [HEARTBEAT TX]
[2026-09-02T18:58:31.257+00:00][A] [INFO] Node ID: 1
[2026-09-02T18:58:31.258+00:00][A] [INFO] type: 2
[2026-09-02T18:58:31.258+00:00][A] [INFO] Destination: 0xFF
[2026-09-02T18:58:31.263+00:00][A] [INFO] Sequence: 230
[2026-09-02T18:58:31.264+00:00][A] [INFO] Packet ID: 66
[2026-09-02T18:58:31.268+00:00][A] [INFO] Packet Size: 26
[2026-09-02T18:58:31.269+00:00][A] [INFO] Timestamp: 66 ms
[2026-09-02T18:58:31.270+00:00][A] [INFO] Transmission Result: success
[2026-09-02T18:58:31.274+00:00][A] [INFO] --------------------------------
[2026-09-02T18:58:31.275+00:00][A] [INFO] [Heartbeat #66]
[2026-09-02T18:58:31.280+00:00][A] [INFO] Sent
[2026-09-02T18:58:31.280+00:00][A] [INFO] Waiting ACK...
[2026-09-02T18:58:31.281+00:00][A] [INFO] [WAITING ACK]
[2026-09-02T18:58:31.294+00:00][A] [INFO] [RF TX] type=2 source=0x01 destination=0xFF previousHop=0x01 sequence=230 ackSequence=0 ttl=8 hops=0 payloadSize=13 rssi=0 snr=0.00
[2026-09-02T18:58:31.294+00:00][A] [INFO] Heartbeat packet sent
[2026-09-02T18:58:31.437+00:00][A] [WARN] TX_RETRY seq=228
[2026-09-02T18:58:31.499+00:00][A] [INFO] [RF TX] type=1 source=0x01 destination=0x02 previousHop=0x01 sequence=228 ackSequence=0 ttl=8 hops=0 payloadSize=4 rssi=0 snr=0.00
[2026-09-02T18:58:32.270+00:00][A] [WARN] Retry 1
[2026-09-02T18:58:32.337+00:00][A] [INFO] --------------------------------
[2026-09-02T18:58:32.337+00:00][A] [INFO] [HEARTBEAT TX]
[2026-09-02T18:58:32.342+00:00][A] [INFO] Node ID: 1
[2026-09-02T18:58:32.342+00:00][A] [INFO] type: 2
[2026-09-02T18:58:32.343+00:00][A] [INFO] Destination: 0xFF
[2026-09-02T18:58:32.347+00:00][A] [INFO] Sequence: 230
[2026-09-02T18:58:32.348+00:00][A] [INFO] Packet ID: 66
[2026-09-02T18:58:32.353+00:00][A] [INFO] Packet Size: 26
[2026-09-02T18:58:32.353+00:00][A] [INFO] Timestamp: 66 ms
[2026-09-02T18:58:32.354+00:00][A] [INFO] Transmission Result: success
[2026-09-02T18:58:32.359+00:00][A] [INFO] --------------------------------
[2026-09-02T18:58:32.359+00:00][A] [INFO] [Heartbeat #66]
[2026-09-02T18:58:32.364+00:00][A] [INFO] Sent
[2026-09-02T18:58:32.365+00:00][A] [INFO] Waiting ACK...
[2026-09-02T18:58:32.365+00:00][A] [INFO] [WAITING ACK]
[2026-09-02T18:58:32.378+00:00][A] [INFO] [RF TX] type=2 source=0x01 destination=0xFF previousHop=0x01 sequence=230 ackSequence=0 ttl=8 hops=0 payloadSize=13 rssi=0 snr=0.00
[2026-09-02T18:58:32.379+00:00][A] [INFO] Heartbeat packet sent
[2026-09-02T18:58:32.502+00:00][A] [ERROR] TX_FAILED
[2026-09-02T18:58:32.503+00:00][A] [WARN] ACK_FAILED seq=228
[2026-09-02T18:58:32.506+00:00][A] [INFO] TEST_DATA_QUEUED dst=0x02 seq=231 remaining=34
[2026-09-02T18:58:32.562+00:00][A] [INFO] [RF TX] type=1 source=0x01 destination=0x02 previousHop=0x01 sequence=231 ackSequence=0 ttl=8 hops=0 payloadSize=4 rssi=0 snr=0.00
[2026-09-02T18:58:32.627+00:00][A] [INFO] [RF RX] type=3 source=0x02 destination=0x01 previousHop=0x02 sequence=257 ackSequence=231 ttl=8 hops=0 payloadSize=2 rssi=-59 snr=9.75
[2026-09-02T18:58:32.628+00:00][A] [INFO] ACK_RX seq=231 source=0x02
[2026-09-02T18:58:32.631+00:00][A] [INFO] TEST_DATA_QUEUED dst=0x02 seq=232 remaining=33
[2026-09-02T18:58:32.686+00:00][A] [INFO] [RF TX] type=1 source=0x01 destination=0x02 previousHop=0x01 sequence=232 ackSequence=0 ttl=8 hops=0 payloadSize=4 rssi=0 snr=0.00
[2026-09-02T18:58:32.751+00:00][A] [INFO] [RF RX] type=3 source=0x02 destination=0x01 previousHop=0x02 sequence=258 ackSequence=232 ttl=8 hops=0 payloadSize=2 rssi=-60 snr=9.50
[2026-09-02T18:58:32.752+00:00][A] [INFO] ACK_RX seq=232 source=0x02
[2026-09-02T18:58:32.755+00:00][A] [INFO] TEST_DATA_QUEUED dst=0x02 seq=233 remaining=32
[2026-09-02T18:58:32.810+00:00][A] [INFO] [RF TX] type=1 source=0x01 destination=0x02 previousHop=0x01 sequence=233 ackSequence=0 ttl=8 hops=0 payloadSize=4 rssi=0 snr=0.00
[2026-09-02T18:58:32.875+00:00][A] [INFO] [RF RX] type=3 source=0x02 destination=0x01 previousHop=0x02 sequence=259 ackSequence=233 ttl=8 hops=0 payloadSize=2 rssi=-60 snr=10.50
[2026-09-02T18:58:32.876+00:00][A] [INFO] ACK_RX seq=233 source=0x02
[2026-09-02T18:58:32.879+00:00][A] [INFO] TEST_DATA_QUEUED dst=0x02 seq=234 remaining=31
[2026-09-02T18:58:32.934+00:00][A] [INFO] [RF TX] type=1 source=0x01 destination=0x02 previousHop=0x01 sequence=234 ackSequence=0 ttl=8 hops=0 payloadSize=4 rssi=0 snr=0.00
[2026-09-02T18:58:32.999+00:00][A] [INFO] [RF RX] type=3 source=0x02 destination=0x01 previousHop=0x02 sequence=260 ackSequence=234 ttl=8 hops=0 payloadSize=2 rssi=-60 snr=10.00
[2026-09-02T18:58:33.000+00:00][A] [INFO] ACK_RX seq=234 source=0x02
[2026-09-02T18:58:33.003+00:00][A] [INFO] TEST_DATA_QUEUED dst=0x02 seq=235 remaining=30
[2026-09-02T18:58:33.058+00:00][A] [INFO] [RF TX] type=1 source=0x01 destination=0x02 previousHop=0x01 sequence=235 ackSequence=0 ttl=8 hops=0 payloadSize=4 rssi=0 snr=0.00
[2026-09-02T18:58:33.123+00:00][A] [INFO] [RF RX] type=3 source=0x02 destination=0x01 previousHop=0x02 sequence=261 ackSequence=235 ttl=8 hops=0 payloadSize=2 rssi=-60 snr=10.25
[2026-09-02T18:58:33.124+00:00][A] [INFO] ACK_RX seq=235 source=0x02
[2026-09-02T18:58:33.127+00:00][A] [INFO] TEST_DATA_QUEUED dst=0x02 seq=236 remaining=29
[2026-09-02T18:58:33.182+00:00][A] [INFO] [RF TX] type=1 source=0x01 destination=0x02 previousHop=0x01 sequence=236 ackSequence=0 ttl=8 hops=0 payloadSize=4 rssi=0 snr=0.00
[2026-09-02T18:58:33.253+00:00][A] [INFO] --------------------------------
[2026-09-02T18:58:33.253+00:00][A] [INFO] [HEARTBEAT TX]
[2026-09-02T18:58:33.258+00:00][A] [INFO] Node ID: 1
[2026-09-02T18:58:33.258+00:00][A] [INFO] type: 2
[2026-09-02T18:58:33.258+00:00][A] [INFO] Destination: 0xFF
[2026-09-02T18:58:33.264+00:00][A] [INFO] Sequence: 237
[2026-09-02T18:58:33.264+00:00][A] [INFO] Packet ID: 67
[2026-09-02T18:58:33.269+00:00][A] [INFO] Packet Size: 26
[2026-09-02T18:58:33.269+00:00][A] [INFO] Timestamp: 67 ms
[2026-09-02T18:58:33.270+00:00][A] [INFO] Transmission Result: success
[2026-09-02T18:58:33.275+00:00][A] [INFO] --------------------------------
[2026-09-02T18:58:33.275+00:00][A] [INFO] [Heartbeat #67]
[2026-09-02T18:58:33.280+00:00][A] [INFO] Sent
[2026-09-02T18:58:33.281+00:00][A] [INFO] Waiting ACK...
[2026-09-02T18:58:33.281+00:00][A] [INFO] [WAITING ACK]
[2026-09-02T18:58:33.294+00:00][A] [INFO] [RF TX] type=2 source=0x01 destination=0xFF previousHop=0x01 sequence=237 ackSequence=0 ttl=8 hops=0 payloadSize=13 rssi=0 snr=0.00
[2026-09-02T18:58:33.295+00:00][A] [INFO] Heartbeat packet sent
[2026-09-02T18:58:34.182+00:00][A] [WARN] TX_RETRY seq=236
[2026-09-02T18:58:34.244+00:00][A] [INFO] [RF TX] type=1 source=0x01 destination=0x02 previousHop=0x01 sequence=236 ackSequence=0 ttl=8 hops=0 payloadSize=4 rssi=0 snr=0.00
[2026-09-02T18:58:34.270+00:00][A] [WARN] Retry 1
[2026-09-02T18:58:34.339+00:00][A] [INFO] --------------------------------
[2026-09-02T18:58:34.340+00:00][A] [INFO] [HEARTBEAT TX]
[2026-09-02T18:58:34.342+00:00][A] [INFO] Node ID: 1
[2026-09-02T18:58:34.342+00:00][A] [INFO] type: 2
[2026-09-02T18:58:34.343+00:00][A] [INFO] Destination: 0xFF
[2026-09-02T18:58:34.348+00:00][A] [INFO] Sequence: 237
[2026-09-02T18:58:34.348+00:00][A] [INFO] Packet ID: 67
[2026-09-02T18:58:34.353+00:00][A] [INFO] Packet Size: 26
[2026-09-02T18:58:34.354+00:00][A] [INFO] Timestamp: 67 ms
[2026-09-02T18:58:34.354+00:00][A] [INFO] Transmission Result: success
[2026-09-02T18:58:34.359+00:00][A] [INFO] --------------------------------
[2026-09-02T18:58:34.359+00:00][A] [INFO] [Heartbeat #67]
[2026-09-02T18:58:34.364+00:00][A] [INFO] Sent
[2026-09-02T18:58:34.365+00:00][A] [INFO] Waiting ACK...
[2026-09-02T18:58:34.365+00:00][A] [INFO] [WAITING ACK]
[2026-09-02T18:58:34.379+00:00][A] [INFO] [RF TX] type=2 source=0x01 destination=0xFF previousHop=0x01 sequence=237 ackSequence=0 ttl=8 hops=0 payloadSize=13 rssi=0 snr=0.00
[2026-09-02T18:58:34.379+00:00][A] [INFO] Heartbeat packet sent
[2026-09-02T18:58:35.253+00:00][A] [INFO] --------------------------------
[2026-09-02T18:58:35.254+00:00][A] [INFO] [HEARTBEAT TX]
[2026-09-02T18:58:35.258+00:00][A] [INFO] Node ID: 1
[2026-09-02T18:58:35.259+00:00][A] [INFO] type: 2
[2026-09-02T18:58:35.259+00:00][A] [INFO] Destination: 0xFF
[2026-09-02T18:58:35.264+00:00][A] [INFO] Sequence: 238
[2026-09-02T18:58:35.265+00:00][A] [INFO] Packet ID: 68
[2026-09-02T18:58:35.269+00:00][A] [INFO] Packet Size: 26
[2026-09-02T18:58:35.270+00:00][A] [INFO] Timestamp: 68 ms
[2026-09-02T18:58:35.270+00:00][A] [INFO] Transmission Result: success
[2026-09-02T18:58:35.275+00:00][A] [INFO] --------------------------------
[2026-09-02T18:58:35.276+00:00][A] [INFO] [Heartbeat #68]
[2026-09-02T18:58:35.281+00:00][A] [INFO] Sent
[2026-09-02T18:58:35.281+00:00][A] [INFO] Waiting ACK...
[2026-09-02T18:58:35.282+00:00][A] [INFO] [WAITING ACK]
[2026-09-02T18:58:35.297+00:00][A] [INFO] [RF TX] type=2 source=0x01 destination=0xFF previousHop=0x01 sequence=238 ackSequence=0 ttl=8 hops=0 payloadSize=13 rssi=0 snr=0.00
[2026-09-02T18:58:35.298+00:00][A] [INFO] Heartbeat packet sent
[2026-09-02T18:58:35.298+00:00][A] [WARN] TX_RETRY seq=236
[2026-09-02T18:58:35.354+00:00][A] [INFO] [RF TX] type=1 source=0x01 destination=0x02 previousHop=0x01 sequence=236 ackSequence=0 ttl=8 hops=0 payloadSize=4 rssi=0 snr=0.00
[2026-09-02T18:58:36.270+00:00][A] [WARN] Retry 1
[2026-09-02T18:58:36.337+00:00][A] [INFO] --------------------------------
[2026-09-02T18:58:36.338+00:00][A] [INFO] [HEARTBEAT TX]
[2026-09-02T18:58:36.343+00:00][A] [INFO] Node ID: 1
[2026-09-02T18:58:36.343+00:00][A] [INFO] type: 2
[2026-09-02T18:58:36.343+00:00][A] [INFO] Destination: 0xFF
[2026-09-02T18:58:36.348+00:00][A] [INFO] Sequence: 238
[2026-09-02T18:58:36.349+00:00][A] [INFO] Packet ID: 68
[2026-09-02T18:58:36.353+00:00][A] [INFO] Packet Size: 26
[2026-09-02T18:58:36.354+00:00][A] [INFO] Timestamp: 68 ms
[2026-09-02T18:58:36.354+00:00][A] [INFO] Transmission Result: success
[2026-09-02T18:58:36.359+00:00][A] [INFO] --------------------------------
[2026-09-02T18:58:36.360+00:00][A] [INFO] [Heartbeat #68]
[2026-09-02T18:58:36.365+00:00][A] [INFO] Sent
[2026-09-02T18:58:36.365+00:00][A] [INFO] Waiting ACK...
[2026-09-02T18:58:36.366+00:00][A] [INFO] [WAITING ACK]
[2026-09-02T18:58:36.381+00:00][A] [INFO] [RF TX] type=2 source=0x01 destination=0xFF previousHop=0x01 sequence=238 ackSequence=0 ttl=8 hops=0 payloadSize=13 rssi=0 snr=0.00
[2026-09-02T18:58:36.382+00:00][A] [INFO] Heartbeat packet sent
[2026-09-02T18:58:36.383+00:00][A] [WARN] TX_RETRY seq=236
[2026-09-02T18:58:36.438+00:00][A] [INFO] [RF TX] type=1 source=0x01 destination=0x02 previousHop=0x01 sequence=236 ackSequence=0 ttl=8 hops=0 payloadSize=4 rssi=0 snr=0.00
[2026-09-02T18:58:37.254+00:00][A] [INFO] --------------------------------
[2026-09-02T18:58:37.254+00:00][A] [INFO] [HEARTBEAT TX]
[2026-09-02T18:58:37.259+00:00][A] [INFO] Node ID: 1
[2026-09-02T18:58:37.259+00:00][A] [INFO] type: 2
[2026-09-02T18:58:37.260+00:00][A] [INFO] Destination: 0xFF
[2026-09-02T18:58:37.264+00:00][A] [INFO] Sequence: 239
[2026-09-02T18:58:37.265+00:00][A] [INFO] Packet ID: 69
[2026-09-02T18:58:37.270+00:00][A] [INFO] Packet Size: 26
[2026-09-02T18:58:37.270+00:00][A] [INFO] Timestamp: 69 ms
[2026-09-02T18:58:37.271+00:00][A] [INFO] Transmission Result: success
[2026-09-02T18:58:37.275+00:00][A] [INFO] --------------------------------
[2026-09-02T18:58:37.276+00:00][A] [INFO] [Heartbeat #69]
[2026-09-02T18:58:37.281+00:00][A] [INFO] Sent
[2026-09-02T18:58:37.281+00:00][A] [INFO] Waiting ACK...
[2026-09-02T18:58:37.282+00:00][A] [INFO] [WAITING ACK]
[2026-09-02T18:58:37.295+00:00][A] [INFO] [RF TX] type=2 source=0x01 destination=0xFF previousHop=0x01 sequence=239 ackSequence=0 ttl=8 hops=0 payloadSize=13 rssi=0 snr=0.00
[2026-09-02T18:58:37.296+00:00][A] [INFO] Heartbeat packet sent
[2026-09-02T18:58:37.442+00:00][A] [ERROR] TX_FAILED
[2026-09-02T18:58:37.442+00:00][A] [WARN] ACK_FAILED seq=236
[2026-09-02T18:58:37.445+00:00][A] [INFO] TEST_DATA_QUEUED dst=0x02 seq=240 remaining=28
[2026-09-02T18:58:37.501+00:00][A] [INFO] [RF TX] type=1 source=0x01 destination=0x02 previousHop=0x01 sequence=240 ackSequence=0 ttl=8 hops=0 payloadSize=4 rssi=0 snr=0.00
[2026-09-02T18:58:37.566+00:00][A] [INFO] [RF RX] type=3 source=0x02 destination=0x01 previousHop=0x02 sequence=267 ackSequence=240 ttl=8 hops=0 payloadSize=2 rssi=-59 snr=9.75
[2026-09-02T18:58:37.567+00:00][A] [INFO] ACK_RX seq=240 source=0x02
[2026-09-02T18:58:37.570+00:00][A] [INFO] TEST_DATA_QUEUED dst=0x02 seq=241 remaining=27
[2026-09-02T18:58:37.625+00:00][A] [INFO] [RF TX] type=1 source=0x01 destination=0x02 previousHop=0x01 sequence=241 ackSequence=0 ttl=8 hops=0 payloadSize=4 rssi=0 snr=0.00
[2026-09-02T18:58:37.690+00:00][A] [INFO] [RF RX] type=3 source=0x02 destination=0x01 previousHop=0x02 sequence=268 ackSequence=241 ttl=8 hops=0 payloadSize=2 rssi=-60 snr=10.25
[2026-09-02T18:58:37.690+00:00][A] [INFO] ACK_RX seq=241 source=0x02
[2026-09-02T18:58:37.694+00:00][A] [INFO] TEST_DATA_QUEUED dst=0x02 seq=242 remaining=26
[2026-09-02T18:58:37.749+00:00][A] [INFO] [RF TX] type=1 source=0x01 destination=0x02 previousHop=0x01 sequence=242 ackSequence=0 ttl=8 hops=0 payloadSize=4 rssi=0 snr=0.00
[2026-09-02T18:58:37.814+00:00][A] [INFO] [RF RX] type=3 source=0x02 destination=0x01 previousHop=0x02 sequence=269 ackSequence=242 ttl=8 hops=0 payloadSize=2 rssi=-60 snr=10.00
[2026-09-02T18:58:37.815+00:00][A] [INFO] ACK_RX seq=242 source=0x02
[2026-09-02T18:58:37.818+00:00][A] [INFO] TEST_DATA_QUEUED dst=0x02 seq=243 remaining=25
[2026-09-02T18:58:37.873+00:00][A] [INFO] [RF TX] type=1 source=0x01 destination=0x02 previousHop=0x01 sequence=243 ackSequence=0 ttl=8 hops=0 payloadSize=4 rssi=0 snr=0.00
[2026-09-02T18:58:37.938+00:00][A] [INFO] [RF RX] type=3 source=0x02 destination=0x01 previousHop=0x02 sequence=270 ackSequence=243 ttl=8 hops=0 payloadSize=2 rssi=-60 snr=9.25
[2026-09-02T18:58:37.939+00:00][A] [INFO] ACK_RX seq=243 source=0x02
[2026-09-02T18:58:37.942+00:00][A] [INFO] TEST_DATA_QUEUED dst=0x02 seq=244 remaining=24
[2026-09-02T18:58:37.996+00:00][A] [INFO] [RF TX] type=1 source=0x01 destination=0x02 previousHop=0x01 sequence=244 ackSequence=0 ttl=8 hops=0 payloadSize=4 rssi=0 snr=0.00
[2026-09-02T18:58:38.062+00:00][A] [INFO] [RF RX] type=3 source=0x02 destination=0x01 previousHop=0x02 sequence=271 ackSequence=244 ttl=8 hops=0 payloadSize=2 rssi=-60 snr=10.00
[2026-09-02T18:58:38.062+00:00][A] [INFO] ACK_RX seq=244 source=0x02
[2026-09-02T18:58:38.066+00:00][A] [INFO] TEST_DATA_QUEUED dst=0x02 seq=245 remaining=23
[2026-09-02T18:58:38.120+00:00][A] [INFO] [RF TX] type=1 source=0x01 destination=0x02 previousHop=0x01 sequence=245 ackSequence=0 ttl=8 hops=0 payloadSize=4 rssi=0 snr=0.00
[2026-09-02T18:58:38.186+00:00][A] [INFO] [RF RX] type=3 source=0x02 destination=0x01 previousHop=0x02 sequence=272 ackSequence=245 ttl=8 hops=0 payloadSize=2 rssi=-60 snr=9.50
[2026-09-02T18:58:38.186+00:00][A] [INFO] ACK_RX seq=245 source=0x02
[2026-09-02T18:58:38.189+00:00][A] [INFO] TEST_DATA_QUEUED dst=0x02 seq=246 remaining=22
[2026-09-02T18:58:38.244+00:00][A] [INFO] [RF TX] type=1 source=0x01 destination=0x02 previousHop=0x01 sequence=246 ackSequence=0 ttl=8 hops=0 payloadSize=4 rssi=0 snr=0.00
[2026-09-02T18:58:38.271+00:00][A] [WARN] Retry 1
[2026-09-02T18:58:38.337+00:00][A] [INFO] --------------------------------
[2026-09-02T18:58:38.338+00:00][A] [INFO] [HEARTBEAT TX]
[2026-09-02T18:58:38.343+00:00][A] [INFO] Node ID: 1
[2026-09-02T18:58:38.343+00:00][A] [INFO] type: 2
[2026-09-02T18:58:38.343+00:00][A] [INFO] Destination: 0xFF
[2026-09-02T18:58:38.348+00:00][A] [INFO] Sequence: 239
[2026-09-02T18:58:38.348+00:00][A] [INFO] Packet ID: 69
[2026-09-02T18:58:38.354+00:00][A] [INFO] Packet Size: 26
[2026-09-02T18:58:38.354+00:00][A] [INFO] Timestamp: 69 ms
[2026-09-02T18:58:38.354+00:00][A] [INFO] Transmission Result: success
[2026-09-02T18:58:38.360+00:00][A] [INFO] --------------------------------
[2026-09-02T18:58:38.360+00:00][A] [INFO] [Heartbeat #69]
[2026-09-02T18:58:38.365+00:00][A] [INFO] Sent
[2026-09-02T18:58:38.365+00:00][A] [INFO] Waiting ACK...
[2026-09-02T18:58:38.365+00:00][A] [INFO] [WAITING ACK]
[2026-09-02T18:58:38.379+00:00][A] [INFO] [RF TX] type=2 source=0x01 destination=0xFF previousHop=0x01 sequence=239 ackSequence=0 ttl=8 hops=0 payloadSize=13 rssi=0 snr=0.00
[2026-09-02T18:58:38.380+00:00][A] [INFO] Heartbeat packet sent
[2026-09-02T18:58:39.254+00:00][A] [INFO] --------------------------------
[2026-09-02T18:58:39.254+00:00][A] [INFO] [HEARTBEAT TX]
[2026-09-02T18:58:39.259+00:00][A] [INFO] Node ID: 1
[2026-09-02T18:58:39.259+00:00][A] [INFO] type: 2
[2026-09-02T18:58:39.260+00:00][A] [INFO] Destination: 0xFF
[2026-09-02T18:58:39.265+00:00][A] [INFO] Sequence: 247
[2026-09-02T18:58:39.265+00:00][A] [INFO] Packet ID: 70
[2026-09-02T18:58:39.270+00:00][A] [INFO] Packet Size: 26
[2026-09-02T18:58:39.270+00:00][A] [INFO] Timestamp: 70 ms
[2026-09-02T18:58:39.271+00:00][A] [INFO] Transmission Result: success
[2026-09-02T18:58:39.276+00:00][A] [INFO] --------------------------------
[2026-09-02T18:58:39.276+00:00][A] [INFO] [Heartbeat #70]
[2026-09-02T18:58:39.281+00:00][A] [INFO] Sent
[2026-09-02T18:58:39.282+00:00][A] [INFO] Waiting ACK...
[2026-09-02T18:58:39.282+00:00][A] [INFO] [WAITING ACK]
[2026-09-02T18:58:39.298+00:00][A] [INFO] [RF TX] type=2 source=0x01 destination=0xFF previousHop=0x01 sequence=247 ackSequence=0 ttl=8 hops=0 payloadSize=13 rssi=0 snr=0.00
[2026-09-02T18:58:39.298+00:00][A] [INFO] Heartbeat packet sent
[2026-09-02T18:58:39.299+00:00][A] [WARN] TX_RETRY seq=246
[2026-09-02T18:58:39.355+00:00][A] [INFO] [RF TX] type=1 source=0x01 destination=0x02 previousHop=0x01 sequence=246 ackSequence=0 ttl=8 hops=0 payloadSize=4 rssi=0 snr=0.00
[2026-09-02T18:58:40.271+00:00][A] [WARN] Retry 1
[2026-09-02T18:58:40.338+00:00][A] [INFO] --------------------------------
[2026-09-02T18:58:40.339+00:00][A] [INFO] [HEARTBEAT TX]
[2026-09-02T18:58:40.343+00:00][A] [INFO] Node ID: 1
[2026-09-02T18:58:40.343+00:00][A] [INFO] type: 2
[2026-09-02T18:58:40.344+00:00][A] [INFO] Destination: 0xFF
[2026-09-02T18:58:40.349+00:00][A] [INFO] Sequence: 247
[2026-09-02T18:58:40.349+00:00][A] [INFO] Packet ID: 70
[2026-09-02T18:58:40.354+00:00][A] [INFO] Packet Size: 26
[2026-09-02T18:58:40.354+00:00][A] [INFO] Timestamp: 70 ms
[2026-09-02T18:58:40.355+00:00][A] [INFO] Transmission Result: success
[2026-09-02T18:58:40.360+00:00][A] [INFO] --------------------------------
[2026-09-02T18:58:40.360+00:00][A] [INFO] [Heartbeat #70]
[2026-09-02T18:58:40.365+00:00][A] [INFO] Sent
[2026-09-02T18:58:40.366+00:00][A] [INFO] Waiting ACK...
[2026-09-02T18:58:40.366+00:00][A] [INFO] [WAITING ACK]
[2026-09-02T18:58:40.382+00:00][A] [INFO] [RF TX] type=2 source=0x01 destination=0xFF previousHop=0x01 sequence=247 ackSequence=0 ttl=8 hops=0 payloadSize=13 rssi=0 snr=0.00
[2026-09-02T18:58:40.382+00:00][A] [INFO] Heartbeat packet sent
[2026-09-02T18:58:40.383+00:00][A] [WARN] TX_RETRY seq=246
[2026-09-02T18:58:40.439+00:00][A] [INFO] [RF TX] type=1 source=0x01 destination=0x02 previousHop=0x01 sequence=246 ackSequence=0 ttl=8 hops=0 payloadSize=4 rssi=0 snr=0.00
[2026-09-02T18:58:41.254+00:00][A] [INFO] --------------------------------
[2026-09-02T18:58:41.255+00:00][A] [INFO] [HEARTBEAT TX]
[2026-09-02T18:58:41.259+00:00][A] [INFO] Node ID: 1
[2026-09-02T18:58:41.260+00:00][A] [INFO] type: 2
[2026-09-02T18:58:41.260+00:00][A] [INFO] Destination: 0xFF
[2026-09-02T18:58:41.265+00:00][A] [INFO] Sequence: 248
[2026-09-02T18:58:41.265+00:00][A] [INFO] Packet ID: 71
[2026-09-02T18:58:41.270+00:00][A] [INFO] Packet Size: 26
[2026-09-02T18:58:41.271+00:00][A] [INFO] Timestamp: 71 ms
[2026-09-02T18:58:41.271+00:00][A] [INFO] Transmission Result: success
[2026-09-02T18:58:41.276+00:00][A] [INFO] --------------------------------
[2026-09-02T18:58:41.277+00:00][A] [INFO] [Heartbeat #71]
[2026-09-02T18:58:41.281+00:00][A] [INFO] Sent
[2026-09-02T18:58:41.282+00:00][A] [INFO] Waiting ACK...
[2026-09-02T18:58:41.282+00:00][A] [INFO] [WAITING ACK]
[2026-09-02T18:58:41.296+00:00][A] [INFO] [RF TX] type=2 source=0x01 destination=0xFF previousHop=0x01 sequence=248 ackSequence=0 ttl=8 hops=0 payloadSize=13 rssi=0 snr=0.00
[2026-09-02T18:58:41.296+00:00][A] [INFO] Heartbeat packet sent
[2026-09-02T18:58:41.439+00:00][A] [WARN] TX_RETRY seq=246
[2026-09-02T18:58:41.501+00:00][A] [INFO] [RF TX] type=1 source=0x01 destination=0x02 previousHop=0x01 sequence=246 ackSequence=0 ttl=8 hops=0 payloadSize=4 rssi=0 snr=0.00
[2026-09-02T18:58:42.271+00:00][A] [WARN] Retry 1
[2026-09-02T18:58:42.339+00:00][A] [INFO] --------------------------------
[2026-09-02T18:58:42.339+00:00][A] [INFO] [HEARTBEAT TX]
[2026-09-02T18:58:42.343+00:00][A] [INFO] Node ID: 1
[2026-09-02T18:58:42.344+00:00][A] [INFO] type: 2
[2026-09-02T18:58:42.344+00:00][A] [INFO] Destination: 0xFF
[2026-09-02T18:58:42.349+00:00][A] [INFO] Sequence: 248
[2026-09-02T18:58:42.350+00:00][A] [INFO] Packet ID: 71
[2026-09-02T18:58:42.354+00:00][A] [INFO] Packet Size: 26
[2026-09-02T18:58:42.355+00:00][A] [INFO] Timestamp: 71 ms
[2026-09-02T18:58:42.356+00:00][A] [INFO] Transmission Result: success
[2026-09-02T18:58:42.360+00:00][A] [INFO] --------------------------------
[2026-09-02T18:58:42.361+00:00][A] [INFO] [Heartbeat #71]
[2026-09-02T18:58:42.366+00:00][A] [INFO] Sent
[2026-09-02T18:58:42.366+00:00][A] [INFO] Waiting ACK...
[2026-09-02T18:58:42.367+00:00][A] [INFO] [WAITING ACK]
[2026-09-02T18:58:42.380+00:00][A] [INFO] [RF TX] type=2 source=0x01 destination=0xFF previousHop=0x01 sequence=248 ackSequence=0 ttl=8 hops=0 payloadSize=13 rssi=0 snr=0.00
[2026-09-02T18:58:42.380+00:00][A] [INFO] Heartbeat packet sent
[2026-09-02T18:58:42.504+00:00][A] [ERROR] TX_FAILED
[2026-09-02T18:58:42.504+00:00][A] [WARN] ACK_FAILED seq=246
[2026-09-02T18:58:42.507+00:00][A] [INFO] TEST_DATA_QUEUED dst=0x02 seq=249 remaining=21
[2026-09-02T18:58:42.563+00:00][A] [INFO] [RF TX] type=1 source=0x01 destination=0x02 previousHop=0x01 sequence=249 ackSequence=0 ttl=8 hops=0 payloadSize=4 rssi=0 snr=0.00
[2026-09-02T18:58:42.629+00:00][A] [INFO] [RF RX] type=3 source=0x02 destination=0x01 previousHop=0x02 sequence=277 ackSequence=249 ttl=8 hops=0 payloadSize=2 rssi=-58 snr=9.75
[2026-09-02T18:58:42.629+00:00][A] [INFO] ACK_RX seq=249 source=0x02
[2026-09-02T18:58:42.633+00:00][A] [INFO] TEST_DATA_QUEUED dst=0x02 seq=250 remaining=20
[2026-09-02T18:58:42.687+00:00][A] [INFO] [RF TX] type=1 source=0x01 destination=0x02 previousHop=0x01 sequence=250 ackSequence=0 ttl=8 hops=0 payloadSize=4 rssi=0 snr=0.00
[2026-09-02T18:58:42.753+00:00][A] [INFO] [RF RX] type=3 source=0x02 destination=0x01 previousHop=0x02 sequence=278 ackSequence=250 ttl=8 hops=0 payloadSize=2 rssi=-60 snr=10.25
[2026-09-02T18:58:42.753+00:00][A] [INFO] ACK_RX seq=250 source=0x02
[2026-09-02T18:58:42.757+00:00][A] [INFO] TEST_DATA_QUEUED dst=0x02 seq=251 remaining=19
[2026-09-02T18:58:42.811+00:00][A] [INFO] [RF TX] type=1 source=0x01 destination=0x02 previousHop=0x01 sequence=251 ackSequence=0 ttl=8 hops=0 payloadSize=4 rssi=0 snr=0.00
[2026-09-02T18:58:42.876+00:00][A] [INFO] [RF RX] type=3 source=0x02 destination=0x01 previousHop=0x02 sequence=279 ackSequence=251 ttl=8 hops=0 payloadSize=2 rssi=-60 snr=10.00
[2026-09-02T18:58:42.877+00:00][A] [INFO] ACK_RX seq=251 source=0x02
[2026-09-02T18:58:42.881+00:00][A] [INFO] TEST_DATA_QUEUED dst=0x02 seq=252 remaining=18
[2026-09-02T18:58:42.935+00:00][A] [INFO] [RF TX] type=1 source=0x01 destination=0x02 previousHop=0x01 sequence=252 ackSequence=0 ttl=8 hops=0 payloadSize=4 rssi=0 snr=0.00
[2026-09-02T18:58:43.000+00:00][A] [INFO] [RF RX] type=3 source=0x02 destination=0x01 previousHop=0x02 sequence=280 ackSequence=252 ttl=8 hops=0 payloadSize=2 rssi=-60 snr=9.75
[2026-09-02T18:58:43.001+00:00][A] [INFO] ACK_RX seq=252 source=0x02
[2026-09-02T18:58:43.004+00:00][A] [INFO] TEST_DATA_QUEUED dst=0x02 seq=253 remaining=17
[2026-09-02T18:58:43.059+00:00][A] [INFO] [RF TX] type=1 source=0x01 destination=0x02 previousHop=0x01 sequence=253 ackSequence=0 ttl=8 hops=0 payloadSize=4 rssi=0 snr=0.00
[2026-09-02T18:58:43.124+00:00][A] [INFO] [RF RX] type=3 source=0x02 destination=0x01 previousHop=0x02 sequence=281 ackSequence=253 ttl=8 hops=0 payloadSize=2 rssi=-60 snr=9.75
[2026-09-02T18:58:43.124+00:00][A] [INFO] ACK_RX seq=253 source=0x02
[2026-09-02T18:58:43.128+00:00][A] [INFO] TEST_DATA_QUEUED dst=0x02 seq=254 remaining=16
[2026-09-02T18:58:43.183+00:00][A] [INFO] [RF TX] type=1 source=0x01 destination=0x02 previousHop=0x01 sequence=254 ackSequence=0 ttl=8 hops=0 payloadSize=4 rssi=0 snr=0.00
[2026-09-02T18:58:43.255+00:00][A] [INFO] --------------------------------
[2026-09-02T18:58:43.255+00:00][A] [INFO] [HEARTBEAT TX]
[2026-09-02T18:58:43.259+00:00][A] [INFO] Node ID: 1
[2026-09-02T18:58:43.260+00:00][A] [INFO] type: 2
[2026-09-02T18:58:43.260+00:00][A] [INFO] Destination: 0xFF
[2026-09-02T18:58:43.265+00:00][A] [INFO] Sequence: 255
[2026-09-02T18:58:43.265+00:00][A] [INFO] Packet ID: 72
[2026-09-02T18:58:43.270+00:00][A] [INFO] Packet Size: 26
[2026-09-02T18:58:43.271+00:00][A] [INFO] Timestamp: 72 ms
[2026-09-02T18:58:43.271+00:00][A] [INFO] Transmission Result: success
[2026-09-02T18:58:43.276+00:00][A] [INFO] --------------------------------
[2026-09-02T18:58:43.277+00:00][A] [INFO] [Heartbeat #72]
[2026-09-02T18:58:43.282+00:00][A] [INFO] Sent
[2026-09-02T18:58:43.282+00:00][A] [INFO] Waiting ACK...
[2026-09-02T18:58:43.282+00:00][A] [INFO] [WAITING ACK]
[2026-09-02T18:58:43.296+00:00][A] [INFO] [RF TX] type=2 source=0x01 destination=0xFF previousHop=0x01 sequence=255 ackSequence=0 ttl=8 hops=0 payloadSize=13 rssi=0 snr=0.00
[2026-09-02T18:58:43.296+00:00][A] [INFO] Heartbeat packet sent
[2026-09-02T18:58:44.184+00:00][A] [WARN] TX_RETRY seq=254
[2026-09-02T18:58:44.245+00:00][A] [INFO] [RF TX] type=1 source=0x01 destination=0x02 previousHop=0x01 sequence=254 ackSequence=0 ttl=8 hops=0 payloadSize=4 rssi=0 snr=0.00
[2026-09-02T18:58:44.271+00:00][A] [WARN] Retry 1
[2026-09-02T18:58:44.338+00:00][A] [INFO] --------------------------------
[2026-09-02T18:58:44.339+00:00][A] [INFO] [HEARTBEAT TX]
[2026-09-02T18:58:44.344+00:00][A] [INFO] Node ID: 1
[2026-09-02T18:58:44.344+00:00][A] [INFO] type: 2
[2026-09-02T18:58:44.344+00:00][A] [INFO] Destination: 0xFF
[2026-09-02T18:58:44.349+00:00][A] [INFO] Sequence: 255
[2026-09-02T18:58:44.350+00:00][A] [INFO] Packet ID: 72
[2026-09-02T18:58:44.354+00:00][A] [INFO] Packet Size: 26
[2026-09-02T18:58:44.355+00:00][A] [INFO] Timestamp: 72 ms
[2026-09-02T18:58:44.355+00:00][A] [INFO] Transmission Result: success
[2026-09-02T18:58:44.360+00:00][A] [INFO] --------------------------------
[2026-09-02T18:58:44.361+00:00][A] [INFO] [Heartbeat #72]
[2026-09-02T18:58:44.366+00:00][A] [INFO] Sent
[2026-09-02T18:58:44.366+00:00][A] [INFO] Waiting ACK...
[2026-09-02T18:58:44.367+00:00][A] [INFO] [WAITING ACK]
[2026-09-02T18:58:44.380+00:00][A] [INFO] [RF TX] type=2 source=0x01 destination=0xFF previousHop=0x01 sequence=255 ackSequence=0 ttl=8 hops=0 payloadSize=13 rssi=0 snr=0.00
[2026-09-02T18:58:44.380+00:00][A] [INFO] Heartbeat packet sent
[2026-09-02T18:58:45.254+00:00][A] [INFO] --------------------------------
[2026-09-02T18:58:45.255+00:00][A] [INFO] [HEARTBEAT TX]
[2026-09-02T18:58:45.260+00:00][A] [INFO] Node ID: 1
[2026-09-02T18:58:45.260+00:00][A] [INFO] type: 2
[2026-09-02T18:58:45.260+00:00][A] [INFO] Destination: 0xFF
[2026-09-02T18:58:45.265+00:00][A] [INFO] Sequence: 256
[2026-09-02T18:58:45.266+00:00][A] [INFO] Packet ID: 73
[2026-09-02T18:58:45.271+00:00][A] [INFO] Packet Size: 26
[2026-09-02T18:58:45.271+00:00][A] [INFO] Timestamp: 73 ms
[2026-09-02T18:58:45.272+00:00][A] [INFO] Transmission Result: success
[2026-09-02T18:58:45.277+00:00][A] [INFO] --------------------------------
[2026-09-02T18:58:45.277+00:00][A] [INFO] [Heartbeat #73]
[2026-09-02T18:58:45.282+00:00][A] [INFO] Sent
[2026-09-02T18:58:45.282+00:00][A] [INFO] Waiting ACK...
[2026-09-02T18:58:45.283+00:00][A] [INFO] [WAITING ACK]
[2026-09-02T18:58:45.298+00:00][A] [INFO] [RF TX] type=2 source=0x01 destination=0xFF previousHop=0x01 sequence=256 ackSequence=0 ttl=8 hops=0 payloadSize=13 rssi=0 snr=0.00
[2026-09-02T18:58:45.299+00:00][A] [INFO] Heartbeat packet sent
[2026-09-02T18:58:45.299+00:00][A] [WARN] TX_RETRY seq=254
[2026-09-02T18:58:45.356+00:00][A] [INFO] [RF TX] type=1 source=0x01 destination=0x02 previousHop=0x01 sequence=254 ackSequence=0 ttl=8 hops=0 payloadSize=4 rssi=0 snr=0.00
[2026-09-02T18:58:46.272+00:00][A] [WARN] Retry 1
[2026-09-02T18:58:46.339+00:00][A] [INFO] --------------------------------
[2026-09-02T18:58:46.339+00:00][A] [INFO] [HEARTBEAT TX]
[2026-09-02T18:58:46.344+00:00][A] [INFO] Node ID: 1
[2026-09-02T18:58:46.344+00:00][A] [INFO] type: 2
[2026-09-02T18:58:46.344+00:00][A] [INFO] Destination: 0xFF
[2026-09-02T18:58:46.350+00:00][A] [INFO] Sequence: 256
[2026-09-02T18:58:46.350+00:00][A] [INFO] Packet ID: 73
[2026-09-02T18:58:46.355+00:00][A] [INFO] Packet Size: 26
[2026-09-02T18:58:46.355+00:00][A] [INFO] Timestamp: 73 ms
[2026-09-02T18:58:46.356+00:00][A] [INFO] Transmission Result: success
[2026-09-02T18:58:46.361+00:00][A] [INFO] --------------------------------
[2026-09-02T18:58:46.361+00:00][A] [INFO] [Heartbeat #73]
[2026-09-02T18:58:46.366+00:00][A] [INFO] Sent
[2026-09-02T18:58:46.366+00:00][A] [INFO] Waiting ACK...
[2026-09-02T18:58:46.367+00:00][A] [INFO] [WAITING ACK]
[2026-09-02T18:58:46.382+00:00][A] [INFO] [RF TX] type=2 source=0x01 destination=0xFF previousHop=0x01 sequence=256 ackSequence=0 ttl=8 hops=0 payloadSize=13 rssi=0 snr=0.00
[2026-09-02T18:58:46.383+00:00][A] [INFO] Heartbeat packet sent
[2026-09-02T18:58:46.384+00:00][A] [WARN] TX_RETRY seq=254
[2026-09-02T18:58:46.439+00:00][A] [INFO] [RF TX] type=1 source=0x01 destination=0x02 previousHop=0x01 sequence=254 ackSequence=0 ttl=8 hops=0 payloadSize=4 rssi=0 snr=0.00
[2026-09-02T18:58:47.255+00:00][A] [INFO] --------------------------------
[2026-09-02T18:58:47.255+00:00][A] [INFO] [HEARTBEAT TX]
[2026-09-02T18:58:47.260+00:00][A] [INFO] Node ID: 1
[2026-09-02T18:58:47.260+00:00][A] [INFO] type: 2
[2026-09-02T18:58:47.261+00:00][A] [INFO] Destination: 0xFF
[2026-09-02T18:58:47.265+00:00][A] [INFO] Sequence: 257
[2026-09-02T18:58:47.266+00:00][A] [INFO] Packet ID: 74
[2026-09-02T18:58:47.271+00:00][A] [INFO] Packet Size: 26
[2026-09-02T18:58:47.271+00:00][A] [INFO] Timestamp: 74 ms
[2026-09-02T18:58:47.272+00:00][A] [INFO] Transmission Result: success
[2026-09-02T18:58:47.277+00:00][A] [INFO] --------------------------------
[2026-09-02T18:58:47.277+00:00][A] [INFO] [Heartbeat #74]
[2026-09-02T18:58:47.282+00:00][A] [INFO] Sent
[2026-09-02T18:58:47.282+00:00][A] [INFO] Waiting ACK...
[2026-09-02T18:58:47.283+00:00][A] [INFO] [WAITING ACK]
[2026-09-02T18:58:47.296+00:00][A] [INFO] [RF TX] type=2 source=0x01 destination=0xFF previousHop=0x01 sequence=257 ackSequence=0 ttl=8 hops=0 payloadSize=13 rssi=0 snr=0.00
[2026-09-02T18:58:47.297+00:00][A] [INFO] Heartbeat packet sent
[2026-09-02T18:58:47.443+00:00][A] [ERROR] TX_FAILED
[2026-09-02T18:58:47.443+00:00][A] [WARN] ACK_FAILED seq=254
[2026-09-02T18:58:47.446+00:00][A] [INFO] TEST_DATA_QUEUED dst=0x02 seq=258 remaining=15
[2026-09-02T18:58:47.502+00:00][A] [INFO] [RF TX] type=1 source=0x01 destination=0x02 previousHop=0x01 sequence=258 ackSequence=0 ttl=8 hops=0 payloadSize=4 rssi=0 snr=0.00
[2026-09-02T18:58:47.567+00:00][A] [INFO] [RF RX] type=3 source=0x02 destination=0x01 previousHop=0x02 sequence=287 ackSequence=258 ttl=8 hops=0 payloadSize=2 rssi=-59 snr=10.00
[2026-09-02T18:58:47.568+00:00][A] [INFO] ACK_RX seq=258 source=0x02
[2026-09-02T18:58:47.571+00:00][A] [INFO] TEST_DATA_QUEUED dst=0x02 seq=259 remaining=14
[2026-09-02T18:58:47.626+00:00][A] [INFO] [RF TX] type=1 source=0x01 destination=0x02 previousHop=0x01 sequence=259 ackSequence=0 ttl=8 hops=0 payloadSize=4 rssi=0 snr=0.00
[2026-09-02T18:58:47.691+00:00][A] [INFO] [RF RX] type=3 source=0x02 destination=0x01 previousHop=0x02 sequence=288 ackSequence=259 ttl=8 hops=0 payloadSize=2 rssi=-60 snr=9.75
[2026-09-02T18:58:47.691+00:00][A] [INFO] ACK_RX seq=259 source=0x02
[2026-09-02T18:58:47.695+00:00][A] [INFO] TEST_DATA_QUEUED dst=0x02 seq=260 remaining=13
[2026-09-02T18:58:47.750+00:00][A] [INFO] [RF TX] type=1 source=0x01 destination=0x02 previousHop=0x01 sequence=260 ackSequence=0 ttl=8 hops=0 payloadSize=4 rssi=0 snr=0.00
[2026-09-02T18:58:47.815+00:00][A] [INFO] [RF RX] type=3 source=0x02 destination=0x01 previousHop=0x02 sequence=289 ackSequence=260 ttl=8 hops=0 payloadSize=2 rssi=-60 snr=9.50
[2026-09-02T18:58:47.815+00:00][A] [INFO] ACK_RX seq=260 source=0x02
[2026-09-02T18:58:47.819+00:00][A] [INFO] TEST_DATA_QUEUED dst=0x02 seq=261 remaining=12
[2026-09-02T18:58:47.873+00:00][A] [INFO] [RF TX] type=1 source=0x01 destination=0x02 previousHop=0x01 sequence=261 ackSequence=0 ttl=8 hops=0 payloadSize=4 rssi=0 snr=0.00
[2026-09-02T18:58:47.939+00:00][A] [INFO] [RF RX] type=3 source=0x02 destination=0x01 previousHop=0x02 sequence=290 ackSequence=261 ttl=8 hops=0 payloadSize=2 rssi=-60 snr=10.00
[2026-09-02T18:58:47.939+00:00][A] [INFO] ACK_RX seq=261 source=0x02
[2026-09-02T18:58:47.943+00:00][A] [INFO] TEST_DATA_QUEUED dst=0x02 seq=262 remaining=11
[2026-09-02T18:58:47.997+00:00][A] [INFO] [RF TX] type=1 source=0x01 destination=0x02 previousHop=0x01 sequence=262 ackSequence=0 ttl=8 hops=0 payloadSize=4 rssi=0 snr=0.00
[2026-09-02T18:58:48.063+00:00][A] [INFO] [RF RX] type=3 source=0x02 destination=0x01 previousHop=0x02 sequence=291 ackSequence=262 ttl=8 hops=0 payloadSize=2 rssi=-60 snr=9.50
[2026-09-02T18:58:48.063+00:00][A] [INFO] ACK_RX seq=262 source=0x02
[2026-09-02T18:58:48.067+00:00][A] [INFO] TEST_DATA_QUEUED dst=0x02 seq=263 remaining=10
[2026-09-02T18:58:48.121+00:00][A] [INFO] [RF TX] type=1 source=0x01 destination=0x02 previousHop=0x01 sequence=263 ackSequence=0 ttl=8 hops=0 payloadSize=4 rssi=0 snr=0.00
[2026-09-02T18:58:48.186+00:00][A] [INFO] [RF RX] type=3 source=0x02 destination=0x01 previousHop=0x02 sequence=292 ackSequence=263 ttl=8 hops=0 payloadSize=2 rssi=-60 snr=9.50
[2026-09-02T18:58:48.187+00:00][A] [INFO] ACK_RX seq=263 source=0x02
[2026-09-02T18:58:48.190+00:00][A] [INFO] TEST_DATA_QUEUED dst=0x02 seq=264 remaining=9
[2026-09-02T18:58:48.245+00:00][A] [INFO] [RF TX] type=1 source=0x01 destination=0x02 previousHop=0x01 sequence=264 ackSequence=0 ttl=8 hops=0 payloadSize=4 rssi=0 snr=0.00
[2026-09-02T18:58:48.272+00:00][A] [WARN] Retry 1
[2026-09-02T18:58:48.339+00:00][A] [INFO] --------------------------------
[2026-09-02T18:58:48.339+00:00][A] [INFO] [HEARTBEAT TX]
[2026-09-02T18:58:48.344+00:00][A] [INFO] Node ID: 1
[2026-09-02T18:58:48.344+00:00][A] [INFO] type: 2
[2026-09-02T18:58:48.344+00:00][A] [INFO] Destination: 0xFF
[2026-09-02T18:58:48.350+00:00][A] [INFO] Sequence: 257
[2026-09-02T18:58:48.350+00:00][A] [INFO] Packet ID: 74
[2026-09-02T18:58:48.355+00:00][A] [INFO] Packet Size: 26
[2026-09-02T18:58:48.355+00:00][A] [INFO] Timestamp: 74 ms
[2026-09-02T18:58:48.356+00:00][A] [INFO] Transmission Result: success
[2026-09-02T18:58:48.361+00:00][A] [INFO] --------------------------------
[2026-09-02T18:58:48.361+00:00][A] [INFO] [Heartbeat #74]
[2026-09-02T18:58:48.367+00:00][A] [INFO] Sent
[2026-09-02T18:58:48.367+00:00][A] [INFO] Waiting ACK...
[2026-09-02T18:58:48.368+00:00][A] [INFO] [WAITING ACK]
[2026-09-02T18:58:48.380+00:00][A] [INFO] [RF TX] type=2 source=0x01 destination=0xFF previousHop=0x01 sequence=257 ackSequence=0 ttl=8 hops=0 payloadSize=13 rssi=0 snr=0.00
[2026-09-02T18:58:48.381+00:00][A] [INFO] Heartbeat packet sent
[2026-09-02T18:58:49.255+00:00][A] [INFO] --------------------------------
[2026-09-02T18:58:49.255+00:00][A] [INFO] [HEARTBEAT TX]
[2026-09-02T18:58:49.260+00:00][A] [INFO] Node ID: 1
[2026-09-02T18:58:49.260+00:00][A] [INFO] type: 2
[2026-09-02T18:58:49.261+00:00][A] [INFO] Destination: 0xFF
[2026-09-02T18:58:49.266+00:00][A] [INFO] Sequence: 265
[2026-09-02T18:58:49.266+00:00][A] [INFO] Packet ID: 75
[2026-09-02T18:58:49.271+00:00][A] [INFO] Packet Size: 26
[2026-09-02T18:58:49.271+00:00][A] [INFO] Timestamp: 75 ms
[2026-09-02T18:58:49.272+00:00][A] [INFO] Transmission Result: success
[2026-09-02T18:58:49.277+00:00][A] [INFO] --------------------------------
[2026-09-02T18:58:49.277+00:00][A] [INFO] [Heartbeat #75]
[2026-09-02T18:58:49.282+00:00][A] [INFO] Sent
[2026-09-02T18:58:49.282+00:00][A] [INFO] Waiting ACK...
[2026-09-02T18:58:49.283+00:00][A] [INFO] [WAITING ACK]
[2026-09-02T18:58:49.299+00:00][A] [INFO] [RF TX] type=2 source=0x01 destination=0xFF previousHop=0x01 sequence=265 ackSequence=0 ttl=8 hops=0 payloadSize=13 rssi=0 snr=0.00
[2026-09-02T18:58:49.299+00:00][A] [INFO] Heartbeat packet sent
[2026-09-02T18:58:49.299+00:00][A] [WARN] TX_RETRY seq=264
[2026-09-02T18:58:49.356+00:00][A] [INFO] [RF TX] type=1 source=0x01 destination=0x02 previousHop=0x01 sequence=264 ackSequence=0 ttl=8 hops=0 payloadSize=4 rssi=0 snr=0.00
[2026-09-02T18:58:50.272+00:00][A] [WARN] Retry 1
[2026-09-02T18:58:50.339+00:00][A] [INFO] --------------------------------
[2026-09-02T18:58:50.339+00:00][A] [INFO] [HEARTBEAT TX]
[2026-09-02T18:58:50.344+00:00][A] [INFO] Node ID: 1
[2026-09-02T18:58:50.345+00:00][A] [INFO] type: 2
[2026-09-02T18:58:50.345+00:00][A] [INFO] Destination: 0xFF
[2026-09-02T18:58:50.350+00:00][A] [INFO] Sequence: 265
[2026-09-02T18:58:50.350+00:00][A] [INFO] Packet ID: 75
[2026-09-02T18:58:50.355+00:00][A] [INFO] Packet Size: 26
[2026-09-02T18:58:50.355+00:00][A] [INFO] Timestamp: 75 ms
[2026-09-02T18:58:50.356+00:00][A] [INFO] Transmission Result: success
[2026-09-02T18:58:50.361+00:00][A] [INFO] --------------------------------
[2026-09-02T18:58:50.361+00:00][A] [INFO] [Heartbeat #75]
[2026-09-02T18:58:50.367+00:00][A] [INFO] Sent
[2026-09-02T18:58:50.367+00:00][A] [INFO] Waiting ACK...
[2026-09-02T18:58:50.367+00:00][A] [INFO] [WAITING ACK]
[2026-09-02T18:58:50.383+00:00][A] [INFO] [RF TX] type=2 source=0x01 destination=0xFF previousHop=0x01 sequence=265 ackSequence=0 ttl=8 hops=0 payloadSize=13 rssi=0 snr=0.00
[2026-09-02T18:58:50.383+00:00][A] [INFO] Heartbeat packet sent
[2026-09-02T18:58:50.384+00:00][A] [WARN] TX_RETRY seq=264
[2026-09-02T18:58:50.440+00:00][A] [INFO] [RF TX] type=1 source=0x01 destination=0x02 previousHop=0x01 sequence=264 ackSequence=0 ttl=8 hops=0 payloadSize=4 rssi=0 snr=0.00
[2026-09-02T18:58:51.255+00:00][A] [INFO] --------------------------------
[2026-09-02T18:58:51.256+00:00][A] [INFO] [HEARTBEAT TX]
[2026-09-02T18:58:51.260+00:00][A] [INFO] Node ID: 1
[2026-09-02T18:58:51.260+00:00][A] [INFO] type: 2
[2026-09-02T18:58:51.261+00:00][A] [INFO] Destination: 0xFF
[2026-09-02T18:58:51.266+00:00][A] [INFO] Sequence: 266
[2026-09-02T18:58:51.266+00:00][A] [INFO] Packet ID: 76
[2026-09-02T18:58:51.271+00:00][A] [INFO] Packet Size: 26
[2026-09-02T18:58:51.271+00:00][A] [INFO] Timestamp: 76 ms
[2026-09-02T18:58:51.272+00:00][A] [INFO] Transmission Result: success
[2026-09-02T18:58:51.277+00:00][A] [INFO] --------------------------------
[2026-09-02T18:58:51.277+00:00][A] [INFO] [Heartbeat #76]
[2026-09-02T18:58:51.282+00:00][A] [INFO] Sent
[2026-09-02T18:58:51.283+00:00][A] [INFO] Waiting ACK...
[2026-09-02T18:58:51.283+00:00][A] [INFO] [WAITING ACK]
[2026-09-02T18:58:51.296+00:00][A] [INFO] [RF TX] type=2 source=0x01 destination=0xFF previousHop=0x01 sequence=266 ackSequence=0 ttl=8 hops=0 payloadSize=13 rssi=0 snr=0.00
[2026-09-02T18:58:51.297+00:00][A] [INFO] Heartbeat packet sent
[2026-09-02T18:58:51.440+00:00][A] [WARN] TX_RETRY seq=264
[2026-09-02T18:58:51.502+00:00][A] [INFO] [RF TX] type=1 source=0x01 destination=0x02 previousHop=0x01 sequence=264 ackSequence=0 ttl=8 hops=0 payloadSize=4 rssi=0 snr=0.00
[2026-09-02T18:58:52.272+00:00][A] [WARN] Retry 1
[2026-09-02T18:58:52.339+00:00][A] [INFO] --------------------------------
[2026-09-02T18:58:52.339+00:00][A] [INFO] [HEARTBEAT TX]
[2026-09-02T18:58:52.344+00:00][A] [INFO] Node ID: 1
[2026-09-02T18:58:52.345+00:00][A] [INFO] type: 2
[2026-09-02T18:58:52.345+00:00][A] [INFO] Destination: 0xFF
[2026-09-02T18:58:52.350+00:00][A] [INFO] Sequence: 266
[2026-09-02T18:58:52.350+00:00][A] [INFO] Packet ID: 76
[2026-09-02T18:58:52.355+00:00][A] [INFO] Packet Size: 26
[2026-09-02T18:58:52.355+00:00][A] [INFO] Timestamp: 76 ms
[2026-09-02T18:58:52.356+00:00][A] [INFO] Transmission Result: success
[2026-09-02T18:58:52.361+00:00][A] [INFO] --------------------------------
[2026-09-02T18:58:52.361+00:00][A] [INFO] [Heartbeat #76]
[2026-09-02T18:58:52.366+00:00][A] [INFO] Sent
[2026-09-02T18:58:52.367+00:00][A] [INFO] Waiting ACK...
[2026-09-02T18:58:52.367+00:00][A] [INFO] [WAITING ACK]
[2026-09-02T18:58:52.381+00:00][A] [INFO] [RF TX] type=2 source=0x01 destination=0xFF previousHop=0x01 sequence=266 ackSequence=0 ttl=8 hops=0 payloadSize=13 rssi=0 snr=0.00
[2026-09-02T18:58:52.381+00:00][A] [INFO] Heartbeat packet sent
[2026-09-02T18:58:52.505+00:00][A] [ERROR] TX_FAILED
[2026-09-02T18:58:52.506+00:00][A] [WARN] ACK_FAILED seq=264
[2026-09-02T18:58:52.508+00:00][A] [INFO] TEST_DATA_QUEUED dst=0x02 seq=267 remaining=8
[2026-09-02T18:58:52.564+00:00][A] [INFO] [RF TX] type=1 source=0x01 destination=0x02 previousHop=0x01 sequence=267 ackSequence=0 ttl=8 hops=0 payloadSize=4 rssi=0 snr=0.00
[2026-09-02T18:58:52.630+00:00][A] [INFO] [RF RX] type=3 source=0x02 destination=0x01 previousHop=0x02 sequence=297 ackSequence=267 ttl=8 hops=0 payloadSize=2 rssi=-59 snr=9.50
[2026-09-02T18:58:52.630+00:00][A] [INFO] ACK_RX seq=267 source=0x02
[2026-09-02T18:58:52.633+00:00][A] [INFO] TEST_DATA_QUEUED dst=0x02 seq=268 remaining=7
[2026-09-02T18:58:52.688+00:00][A] [INFO] [RF TX] type=1 source=0x01 destination=0x02 previousHop=0x01 sequence=268 ackSequence=0 ttl=8 hops=0 payloadSize=4 rssi=0 snr=0.00
[2026-09-02T18:58:52.754+00:00][A] [INFO] [RF RX] type=3 source=0x02 destination=0x01 previousHop=0x02 sequence=298 ackSequence=268 ttl=8 hops=0 payloadSize=2 rssi=-59 snr=10.00
[2026-09-02T18:58:52.754+00:00][A] [INFO] ACK_RX seq=268 source=0x02
[2026-09-02T18:58:52.758+00:00][A] [INFO] TEST_DATA_QUEUED dst=0x02 seq=269 remaining=6
[2026-09-02T18:58:52.812+00:00][A] [INFO] [RF TX] type=1 source=0x01 destination=0x02 previousHop=0x01 sequence=269 ackSequence=0 ttl=8 hops=0 payloadSize=4 rssi=0 snr=0.00
[2026-09-02T18:58:52.877+00:00][A] [INFO] [RF RX] type=3 source=0x02 destination=0x01 previousHop=0x02 sequence=299 ackSequence=269 ttl=8 hops=0 payloadSize=2 rssi=-60 snr=9.50
[2026-09-02T18:58:52.878+00:00][A] [INFO] ACK_RX seq=269 source=0x02
[2026-09-02T18:58:52.881+00:00][A] [INFO] TEST_DATA_QUEUED dst=0x02 seq=270 remaining=5
[2026-09-02T18:58:52.936+00:00][A] [INFO] [RF TX] type=1 source=0x01 destination=0x02 previousHop=0x01 sequence=270 ackSequence=0 ttl=8 hops=0 payloadSize=4 rssi=0 snr=0.00
[2026-09-02T18:58:53.001+00:00][A] [INFO] [RF RX] type=3 source=0x02 destination=0x01 previousHop=0x02 sequence=300 ackSequence=270 ttl=8 hops=0 payloadSize=2 rssi=-59 snr=9.50
[2026-09-02T18:58:53.002+00:00][A] [INFO] ACK_RX seq=270 source=0x02
[2026-09-02T18:58:53.005+00:00][A] [INFO] TEST_DATA_QUEUED dst=0x02 seq=271 remaining=4
[2026-09-02T18:58:53.060+00:00][A] [INFO] [RF TX] type=1 source=0x01 destination=0x02 previousHop=0x01 sequence=271 ackSequence=0 ttl=8 hops=0 payloadSize=4 rssi=0 snr=0.00
[2026-09-02T18:58:53.125+00:00][A] [INFO] [RF RX] type=3 source=0x02 destination=0x01 previousHop=0x02 sequence=301 ackSequence=271 ttl=8 hops=0 payloadSize=2 rssi=-60 snr=10.00
[2026-09-02T18:58:53.125+00:00][A] [INFO] ACK_RX seq=271 source=0x02
[2026-09-02T18:58:53.129+00:00][A] [INFO] TEST_DATA_QUEUED dst=0x02 seq=272 remaining=3
[2026-09-02T18:58:53.184+00:00][A] [INFO] [RF TX] type=1 source=0x01 destination=0x02 previousHop=0x01 sequence=272 ackSequence=0 ttl=8 hops=0 payloadSize=4 rssi=0 snr=0.00
[2026-09-02T18:58:53.255+00:00][A] [INFO] --------------------------------
[2026-09-02T18:58:53.255+00:00][A] [INFO] [HEARTBEAT TX]
[2026-09-02T18:58:53.260+00:00][A] [INFO] Node ID: 1
[2026-09-02T18:58:53.260+00:00][A] [INFO] type: 2
[2026-09-02T18:58:53.260+00:00][A] [INFO] Destination: 0xFF
[2026-09-02T18:58:53.266+00:00][A] [INFO] Sequence: 273
[2026-09-02T18:58:53.266+00:00][A] [INFO] Packet ID: 77
[2026-09-02T18:58:53.271+00:00][A] [INFO] Packet Size: 26
[2026-09-02T18:58:53.271+00:00][A] [INFO] Timestamp: 77 ms
[2026-09-02T18:58:53.271+00:00][A] [INFO] Transmission Result: success
[2026-09-02T18:58:53.277+00:00][A] [INFO] --------------------------------
[2026-09-02T18:58:53.277+00:00][A] [INFO] [Heartbeat #77]
[2026-09-02T18:58:53.282+00:00][A] [INFO] Sent
[2026-09-02T18:58:53.282+00:00][A] [INFO] Waiting ACK...
[2026-09-02T18:58:53.283+00:00][A] [INFO] [WAITING ACK]
[2026-09-02T18:58:53.297+00:00][A] [INFO] [RF TX] type=2 source=0x01 destination=0xFF previousHop=0x01 sequence=273 ackSequence=0 ttl=8 hops=0 payloadSize=13 rssi=0 snr=0.00
[2026-09-02T18:58:53.297+00:00][A] [INFO] Heartbeat packet sent
[2026-09-02T18:58:54.184+00:00][A] [WARN] TX_RETRY seq=272
[2026-09-02T18:58:54.246+00:00][A] [INFO] [RF TX] type=1 source=0x01 destination=0x02 previousHop=0x01 sequence=272 ackSequence=0 ttl=8 hops=0 payloadSize=4 rssi=0 snr=0.00
[2026-09-02T18:58:54.272+00:00][A] [WARN] Retry 1
[2026-09-02T18:58:54.339+00:00][A] [INFO] --------------------------------
[2026-09-02T18:58:54.340+00:00][A] [INFO] [HEARTBEAT TX]
[2026-09-02T18:58:54.344+00:00][A] [INFO] Node ID: 1
[2026-09-02T18:58:54.344+00:00][A] [INFO] type: 2
[2026-09-02T18:58:54.345+00:00][A] [INFO] Destination: 0xFF
[2026-09-02T18:58:54.350+00:00][A] [INFO] Sequence: 273
[2026-09-02T18:58:54.350+00:00][A] [INFO] Packet ID: 77
[2026-09-02T18:58:54.355+00:00][A] [INFO] Packet Size: 26
[2026-09-02T18:58:54.356+00:00][A] [INFO] Timestamp: 77 ms
[2026-09-02T18:58:54.356+00:00][A] [INFO] Transmission Result: success
[2026-09-02T18:58:54.361+00:00][A] [INFO] --------------------------------
[2026-09-02T18:58:54.361+00:00][A] [INFO] [Heartbeat #77]
[2026-09-02T18:58:54.366+00:00][A] [INFO] Sent
[2026-09-02T18:58:54.367+00:00][A] [INFO] Waiting ACK...
[2026-09-02T18:58:54.367+00:00][A] [INFO] [WAITING ACK]
[2026-09-02T18:58:54.381+00:00][A] [INFO] [RF TX] type=2 source=0x01 destination=0xFF previousHop=0x01 sequence=273 ackSequence=0 ttl=8 hops=0 payloadSize=13 rssi=0 snr=0.00
[2026-09-02T18:58:54.381+00:00][A] [INFO] Heartbeat packet sent
[2026-09-02T18:58:55.255+00:00][A] [INFO] --------------------------------
[2026-09-02T18:58:55.256+00:00][A] [INFO] [HEARTBEAT TX]
[2026-09-02T18:58:55.260+00:00][A] [INFO] Node ID: 1
[2026-09-02T18:58:55.260+00:00][A] [INFO] type: 2
[2026-09-02T18:58:55.261+00:00][A] [INFO] Destination: 0xFF
[2026-09-02T18:58:55.266+00:00][A] [INFO] Sequence: 274
[2026-09-02T18:58:55.266+00:00][A] [INFO] Packet ID: 78
[2026-09-02T18:58:55.271+00:00][A] [INFO] Packet Size: 26
[2026-09-02T18:58:55.272+00:00][A] [INFO] Timestamp: 78 ms
[2026-09-02T18:58:55.272+00:00][A] [INFO] Transmission Result: success
[2026-09-02T18:58:55.277+00:00][A] [INFO] --------------------------------
[2026-09-02T18:58:55.277+00:00][A] [INFO] [Heartbeat #78]
[2026-09-02T18:58:55.282+00:00][A] [INFO] Sent
[2026-09-02T18:58:55.283+00:00][A] [INFO] Waiting ACK...
[2026-09-02T18:58:55.283+00:00][A] [INFO] [WAITING ACK]
[2026-09-02T18:58:55.299+00:00][A] [INFO] [RF TX] type=2 source=0x01 destination=0xFF previousHop=0x01 sequence=274 ackSequence=0 ttl=8 hops=0 payloadSize=13 rssi=0 snr=0.00
[2026-09-02T18:58:55.299+00:00][A] [INFO] Heartbeat packet sent
[2026-09-02T18:58:55.300+00:00][A] [WARN] TX_RETRY seq=272
[2026-09-02T18:58:55.356+00:00][A] [INFO] [RF TX] type=1 source=0x01 destination=0x02 previousHop=0x01 sequence=272 ackSequence=0 ttl=8 hops=0 payloadSize=4 rssi=0 snr=0.00
[2026-09-02T18:58:56.272+00:00][A] [WARN] Retry 1
[2026-09-02T18:58:56.339+00:00][A] [INFO] --------------------------------
[2026-09-02T18:58:56.340+00:00][A] [INFO] [HEARTBEAT TX]
[2026-09-02T18:58:56.344+00:00][A] [INFO] Node ID: 1
[2026-09-02T18:58:56.345+00:00][A] [INFO] type: 2
[2026-09-02T18:58:56.345+00:00][A] [INFO] Destination: 0xFF
[2026-09-02T18:58:56.350+00:00][A] [INFO] Sequence: 274
[2026-09-02T18:58:56.350+00:00][A] [INFO] Packet ID: 78
[2026-09-02T18:58:56.355+00:00][A] [INFO] Packet Size: 26
[2026-09-02T18:58:56.356+00:00][A] [INFO] Timestamp: 78 ms
[2026-09-02T18:58:56.356+00:00][A] [INFO] Transmission Result: success
[2026-09-02T18:58:56.361+00:00][A] [INFO] --------------------------------
[2026-09-02T18:58:56.361+00:00][A] [INFO] [Heartbeat #78]
[2026-09-02T18:58:56.366+00:00][A] [INFO] Sent
[2026-09-02T18:58:56.367+00:00][A] [INFO] Waiting ACK...
[2026-09-02T18:58:56.367+00:00][A] [INFO] [WAITING ACK]
[2026-09-02T18:58:56.383+00:00][A] [INFO] [RF TX] type=2 source=0x01 destination=0xFF previousHop=0x01 sequence=274 ackSequence=0 ttl=8 hops=0 payloadSize=13 rssi=0 snr=0.00
[2026-09-02T18:58:56.383+00:00][A] [INFO] Heartbeat packet sent
[2026-09-02T18:58:56.384+00:00][A] [WARN] TX_RETRY seq=272
[2026-09-02T18:58:56.440+00:00][A] [INFO] [RF TX] type=1 source=0x01 destination=0x02 previousHop=0x01 sequence=272 ackSequence=0 ttl=8 hops=0 payloadSize=4 rssi=0 snr=0.00
[2026-09-02T18:58:57.255+00:00][A] [INFO] --------------------------------
[2026-09-02T18:58:57.256+00:00][A] [INFO] [HEARTBEAT TX]
[2026-09-02T18:58:57.260+00:00][A] [INFO] Node ID: 1
[2026-09-02T18:58:57.260+00:00][A] [INFO] type: 2
[2026-09-02T18:58:57.261+00:00][A] [INFO] Destination: 0xFF
[2026-09-02T18:58:57.266+00:00][A] [INFO] Sequence: 275
[2026-09-02T18:58:57.266+00:00][A] [INFO] Packet ID: 79
[2026-09-02T18:58:57.271+00:00][A] [INFO] Packet Size: 26
[2026-09-02T18:58:57.272+00:00][A] [INFO] Timestamp: 79 ms
[2026-09-02T18:58:57.272+00:00][A] [INFO] Transmission Result: success
[2026-09-02T18:58:57.277+00:00][A] [INFO] --------------------------------
[2026-09-02T18:58:57.278+00:00][A] [INFO] [Heartbeat #79]
[2026-09-02T18:58:57.282+00:00][A] [INFO] Sent
[2026-09-02T18:58:57.283+00:00][A] [INFO] Waiting ACK...
[2026-09-02T18:58:57.283+00:00][A] [INFO] [WAITING ACK]
[2026-09-02T18:58:57.297+00:00][A] [INFO] [RF TX] type=2 source=0x01 destination=0xFF previousHop=0x01 sequence=275 ackSequence=0 ttl=8 hops=0 payloadSize=13 rssi=0 snr=0.00
[2026-09-02T18:58:57.297+00:00][A] [INFO] Heartbeat packet sent
[2026-09-02T18:58:57.443+00:00][A] [ERROR] TX_FAILED
[2026-09-02T18:58:57.444+00:00][A] [WARN] ACK_FAILED seq=272
[2026-09-02T18:58:57.447+00:00][A] [INFO] TEST_DATA_QUEUED dst=0x02 seq=276 remaining=2
[2026-09-02T18:58:57.502+00:00][A] [INFO] [RF TX] type=1 source=0x01 destination=0x02 previousHop=0x01 sequence=276 ackSequence=0 ttl=8 hops=0 payloadSize=4 rssi=0 snr=0.00
[2026-09-02T18:58:57.568+00:00][A] [INFO] [RF RX] type=3 source=0x02 destination=0x01 previousHop=0x02 sequence=307 ackSequence=276 ttl=8 hops=0 payloadSize=2 rssi=-59 snr=9.75
[2026-09-02T18:58:57.568+00:00][A] [INFO] ACK_RX seq=276 source=0x02
[2026-09-02T18:58:57.571+00:00][A] [INFO] TEST_DATA_QUEUED dst=0x02 seq=277 remaining=1
[2026-09-02T18:58:57.626+00:00][A] [INFO] [RF TX] type=1 source=0x01 destination=0x02 previousHop=0x01 sequence=277 ackSequence=0 ttl=8 hops=0 payloadSize=4 rssi=0 snr=0.00
[2026-09-02T18:58:57.692+00:00][A] [INFO] [RF RX] type=3 source=0x02 destination=0x01 previousHop=0x02 sequence=308 ackSequence=277 ttl=8 hops=0 payloadSize=2 rssi=-60 snr=9.50
[2026-09-02T18:58:57.692+00:00][A] [INFO] ACK_RX seq=277 source=0x02
[2026-09-02T18:58:57.695+00:00][A] [INFO] TEST_DATA_QUEUED dst=0x02 seq=278 remaining=0
[2026-09-02T18:58:57.750+00:00][A] [INFO] [RF TX] type=1 source=0x01 destination=0x02 previousHop=0x01 sequence=278 ackSequence=0 ttl=8 hops=0 payloadSize=4 rssi=0 snr=0.00
[2026-09-02T18:58:57.816+00:00][A] [INFO] [RF RX] type=3 source=0x02 destination=0x01 previousHop=0x02 sequence=309 ackSequence=278 ttl=8 hops=0 payloadSize=2 rssi=-60 snr=9.50
[2026-09-02T18:58:57.816+00:00][A] [INFO] ACK_RX seq=278 source=0x02
[2026-09-02T18:58:57.820+00:00][A] [INFO] TEST_DATA_QUEUED dst=0x02 seq=279 remaining=99
[2026-09-02T18:58:57.874+00:00][A] [INFO] [RF TX] type=1 source=0x01 destination=0x02 previousHop=0x01 sequence=279 ackSequence=0 ttl=8 hops=0 payloadSize=4 rssi=0 snr=0.00
[2026-09-02T18:58:57.940+00:00][A] [INFO] [RF RX] type=3 source=0x02 destination=0x01 previousHop=0x02 sequence=310 ackSequence=279 ttl=8 hops=0 payloadSize=2 rssi=-60 snr=10.00
[2026-09-02T18:58:57.940+00:00][A] [INFO] ACK_RX seq=279 source=0x02
[2026-09-02T18:58:57.943+00:00][A] [INFO] TEST_DATA_QUEUED dst=0x02 seq=280 remaining=98
[2026-09-02T18:58:57.998+00:00][A] [INFO] [RF TX] type=1 source=0x01 destination=0x02 previousHop=0x01 sequence=280 ackSequence=0 ttl=8 hops=0 payloadSize=4 rssi=0 snr=0.00
[2026-09-02T18:58:58.063+00:00][A] [INFO] [RF RX] type=3 source=0x02 destination=0x01 previousHop=0x02 sequence=311 ackSequence=280 ttl=8 hops=0 payloadSize=2 rssi=-60 snr=9.50
[2026-09-02T18:58:58.064+00:00][A] [INFO] ACK_RX seq=280 source=0x02
[2026-09-02T18:58:58.067+00:00][A] [INFO] TEST_DATA_QUEUED dst=0x02 seq=281 remaining=97
[2026-09-02T18:58:58.122+00:00][A] [INFO] [RF TX] type=1 source=0x01 destination=0x02 previousHop=0x01 sequence=281 ackSequence=0 ttl=8 hops=0 payloadSize=4 rssi=0 snr=0.00
[2026-09-02T18:58:58.187+00:00][A] [INFO] [RF RX] type=3 source=0x02 destination=0x01 previousHop=0x02 sequence=312 ackSequence=281 ttl=8 hops=0 payloadSize=2 rssi=-60 snr=10.00
[2026-09-02T18:58:58.188+00:00][A] [INFO] ACK_RX seq=281 source=0x02
[2026-09-02T18:58:58.191+00:00][A] [INFO] TEST_DATA_QUEUED dst=0x02 seq=282 remaining=96
[2026-09-02T18:58:58.246+00:00][A] [INFO] [RF TX] type=1 source=0x01 destination=0x02 previousHop=0x01 sequence=282 ackSequence=0 ttl=8 hops=0 payloadSize=4 rssi=0 snr=0.00
[2026-09-02T18:58:58.272+00:00][A] [WARN] Retry 1
[2026-09-02T18:58:58.339+00:00][A] [INFO] --------------------------------
[2026-09-02T18:58:58.340+00:00][A] [INFO] [HEARTBEAT TX]
[2026-09-02T18:58:58.344+00:00][A] [INFO] Node ID: 1
[2026-09-02T18:58:58.345+00:00][A] [INFO] type: 2
[2026-09-02T18:58:58.345+00:00][A] [INFO] Destination: 0xFF
[2026-09-02T18:58:58.350+00:00][A] [INFO] Sequence: 275
[2026-09-02T18:58:58.350+00:00][A] [INFO] Packet ID: 79
[2026-09-02T18:58:58.355+00:00][A] [INFO] Packet Size: 26
[2026-09-02T18:58:58.356+00:00][A] [INFO] Timestamp: 79 ms
[2026-09-02T18:58:58.356+00:00][A] [INFO] Transmission Result: success
[2026-09-02T18:58:58.361+00:00][A] [INFO] --------------------------------
[2026-09-02T18:58:58.362+00:00][A] [INFO] [Heartbeat #79]
[2026-09-02T18:58:58.367+00:00][A] [INFO] Sent
[2026-09-02T18:58:58.367+00:00][A] [INFO] Waiting ACK...
[2026-09-02T18:58:58.368+00:00][A] [INFO] [WAITING ACK]
[2026-09-02T18:58:58.381+00:00][A] [INFO] [RF TX] type=2 source=0x01 destination=0xFF previousHop=0x01 sequence=275 ackSequence=0 ttl=8 hops=0 payloadSize=13 rssi=0 snr=0.00
[2026-09-02T18:58:58.381+00:00][A] [INFO] Heartbeat packet sent
[2026-09-02T18:58:59.255+00:00][A] [INFO] --------------------------------
[2026-09-02T18:58:59.256+00:00][A] [INFO] [HEARTBEAT TX]
[2026-09-02T18:58:59.260+00:00][A] [INFO] Node ID: 1
[2026-09-02T18:58:59.261+00:00][A] [INFO] type: 2
[2026-09-02T18:58:59.261+00:00][A] [INFO] Destination: 0xFF
[2026-09-02T18:58:59.266+00:00][A] [INFO] Sequence: 283
[2026-09-02T18:58:59.266+00:00][A] [INFO] Packet ID: 80
[2026-09-02T18:58:59.271+00:00][A] [INFO] Packet Size: 26
[2026-09-02T18:58:59.272+00:00][A] [INFO] Timestamp: 80 ms
[2026-09-02T18:58:59.272+00:00][A] [INFO] Transmission Result: success
[2026-09-02T18:58:59.277+00:00][A] [INFO] --------------------------------
[2026-09-02T18:58:59.277+00:00][A] [INFO] [Heartbeat #80]
[2026-09-02T18:58:59.283+00:00][A] [INFO] Sent
[2026-09-02T18:58:59.283+00:00][A] [INFO] Waiting ACK...
[2026-09-02T18:58:59.283+00:00][A] [INFO] [WAITING ACK]
[2026-09-02T18:58:59.299+00:00][A] [INFO] [RF TX] type=2 source=0x01 destination=0xFF previousHop=0x01 sequence=283 ackSequence=0 ttl=8 hops=0 payloadSize=13 rssi=0 snr=0.00
[2026-09-02T18:58:59.300+00:00][A] [INFO] Heartbeat packet sent
[2026-09-02T18:58:59.300+00:00][A] [WARN] TX_RETRY seq=282
[2026-09-02T18:58:59.356+00:00][A] [INFO] [RF TX] type=1 source=0x01 destination=0x02 previousHop=0x01 sequence=282 ackSequence=0 ttl=8 hops=0 payloadSize=4 rssi=0 snr=0.00
[2026-09-02T18:59:00.272+00:00][A] [WARN] Retry 1
[2026-09-02T18:59:00.339+00:00][A] [INFO] --------------------------------
[2026-09-02T18:59:00.340+00:00][A] [INFO] [HEARTBEAT TX]
[2026-09-02T18:59:00.344+00:00][A] [INFO] Node ID: 1
[2026-09-02T18:59:00.345+00:00][A] [INFO] type: 2
[2026-09-02T18:59:00.345+00:00][A] [INFO] Destination: 0xFF
[2026-09-02T18:59:00.350+00:00][A] [INFO] Sequence: 283
[2026-09-02T18:59:00.351+00:00][A] [INFO] Packet ID: 80
[2026-09-02T18:59:00.355+00:00][A] [INFO] Packet Size: 26
[2026-09-02T18:59:00.356+00:00][A] [INFO] Timestamp: 80 ms
[2026-09-02T18:59:00.356+00:00][A] [INFO] Transmission Result: success
[2026-09-02T18:59:00.361+00:00][A] [INFO] --------------------------------
[2026-09-02T18:59:00.362+00:00][A] [INFO] [Heartbeat #80]
[2026-09-02T18:59:00.367+00:00][A] [INFO] Sent
[2026-09-02T18:59:00.368+00:00][A] [INFO] Waiting ACK...
[2026-09-02T18:59:00.368+00:00][A] [INFO] [WAITING ACK]
[2026-09-02T18:59:00.383+00:00][A] [INFO] [RF TX] type=2 source=0x01 destination=0xFF previousHop=0x01 sequence=283 ackSequence=0 ttl=8 hops=0 payloadSize=13 rssi=0 snr=0.00
[2026-09-02T18:59:00.383+00:00][A] [INFO] Heartbeat packet sent
[2026-09-02T18:59:00.384+00:00][A] [WARN] TX_RETRY seq=282
[2026-09-02T18:59:00.440+00:00][A] [INFO] [RF TX] type=1 source=0x01 destination=0x02 previousHop=0x01 sequence=282 ackSequence=0 ttl=8 hops=0 payloadSize=4 rssi=0 snr=0.00
[2026-09-02T18:59:01.255+00:00][A] [INFO] --------------------------------
[2026-09-02T18:59:01.256+00:00][A] [INFO] [HEARTBEAT TX]
[2026-09-02T18:59:01.260+00:00][A] [INFO] Node ID: 1
[2026-09-02T18:59:01.261+00:00][A] [INFO] type: 2
[2026-09-02T18:59:01.261+00:00][A] [INFO] Destination: 0xFF
[2026-09-02T18:59:01.266+00:00][A] [INFO] Sequence: 284
[2026-09-02T18:59:01.266+00:00][A] [INFO] Packet ID: 81
[2026-09-02T18:59:01.271+00:00][A] [INFO] Packet Size: 26
[2026-09-02T18:59:01.272+00:00][A] [INFO] Timestamp: 81 ms
[2026-09-02T18:59:01.272+00:00][A] [INFO] Transmission Result: success
[2026-09-02T18:59:01.277+00:00][A] [INFO] --------------------------------
[2026-09-02T18:59:01.278+00:00][A] [INFO] [Heartbeat #81]
[2026-09-02T18:59:01.283+00:00][A] [INFO] Sent
[2026-09-02T18:59:01.283+00:00][A] [INFO] Waiting ACK...
[2026-09-02T18:59:01.283+00:00][A] [INFO] [WAITING ACK]
[2026-09-02T18:59:01.297+00:00][A] [INFO] [RF TX] type=2 source=0x01 destination=0xFF previousHop=0x01 sequence=284 ackSequence=0 ttl=8 hops=0 payloadSize=13 rssi=0 snr=0.00
[2026-09-02T18:59:01.297+00:00][A] [INFO] Heartbeat packet sent
[2026-09-02T18:59:01.440+00:00][A] [WARN] TX_RETRY seq=282
[2026-09-02T18:59:01.502+00:00][A] [INFO] [RF TX] type=1 source=0x01 destination=0x02 previousHop=0x01 sequence=282 ackSequence=0 ttl=8 hops=0 payloadSize=4 rssi=0 snr=0.00
[2026-09-02T18:59:02.272+00:00][A] [WARN] Retry 1
[2026-09-02T18:59:02.339+00:00][A] [INFO] --------------------------------
[2026-09-02T18:59:02.340+00:00][A] [INFO] [HEARTBEAT TX]
[2026-09-02T18:59:02.345+00:00][A] [INFO] Node ID: 1
[2026-09-02T18:59:02.345+00:00][A] [INFO] type: 2
[2026-09-02T18:59:02.345+00:00][A] [INFO] Destination: 0xFF
[2026-09-02T18:59:02.350+00:00][A] [INFO] Sequence: 284
[2026-09-02T18:59:02.351+00:00][A] [INFO] Packet ID: 81
[2026-09-02T18:59:02.355+00:00][A] [INFO] Packet Size: 26
[2026-09-02T18:59:02.356+00:00][A] [INFO] Timestamp: 81 ms
[2026-09-02T18:59:02.357+00:00][A] [INFO] Transmission Result: success
[2026-09-02T18:59:02.361+00:00][A] [INFO] --------------------------------
[2026-09-02T18:59:02.362+00:00][A] [INFO] [Heartbeat #81]
[2026-09-02T18:59:02.367+00:00][A] [INFO] Sent
[2026-09-02T18:59:02.367+00:00][A] [INFO] Waiting ACK...
[2026-09-02T18:59:02.367+00:00][A] [INFO] [WAITING ACK]
[2026-09-02T18:59:02.381+00:00][A] [INFO] [RF TX] type=2 source=0x01 destination=0xFF previousHop=0x01 sequence=284 ackSequence=0 ttl=8 hops=0 payloadSize=13 rssi=0 snr=0.00
[2026-09-02T18:59:02.381+00:00][A] [INFO] Heartbeat packet sent
[2026-09-02T18:59:02.505+00:00][A] [ERROR] TX_FAILED
[2026-09-02T18:59:02.506+00:00][A] [WARN] ACK_FAILED seq=282
[2026-09-02T18:59:02.509+00:00][A] [INFO] TEST_DATA_QUEUED dst=0x02 seq=285 remaining=95
[2026-09-02T18:59:02.564+00:00][A] [INFO] [RF TX] type=1 source=0x01 destination=0x02 previousHop=0x01 sequence=285 ackSequence=0 ttl=8 hops=0 payloadSize=4 rssi=0 snr=0.00
[2026-09-02T18:59:02.630+00:00][A] [INFO] [RF RX] type=3 source=0x02 destination=0x01 previousHop=0x02 sequence=317 ackSequence=285 ttl=8 hops=0 payloadSize=2 rssi=-58 snr=10.00
[2026-09-02T18:59:02.631+00:00][A] [INFO] ACK_RX seq=285 source=0x02
[2026-09-02T18:59:02.634+00:00][A] [INFO] TEST_DATA_QUEUED dst=0x02 seq=286 remaining=94
[2026-09-02T18:59:02.688+00:00][A] [INFO] [RF TX] type=1 source=0x01 destination=0x02 previousHop=0x01 sequence=286 ackSequence=0 ttl=8 hops=0 payloadSize=4 rssi=0 snr=0.00
[2026-09-02T18:59:02.754+00:00][A] [INFO] [RF RX] type=3 source=0x02 destination=0x01 previousHop=0x02 sequence=318 ackSequence=286 ttl=8 hops=0 payloadSize=2 rssi=-60 snr=9.75
[2026-09-02T18:59:02.754+00:00][A] [INFO] ACK_RX seq=286 source=0x02
[2026-09-02T18:59:02.758+00:00][A] [INFO] TEST_DATA_QUEUED dst=0x02 seq=287 remaining=93
[2026-09-02T18:59:02.812+00:00][A] [INFO] [RF TX] type=1 source=0x01 destination=0x02 previousHop=0x01 sequence=287 ackSequence=0 ttl=8 hops=0 payloadSize=4 rssi=0 snr=0.00
[2026-09-02T18:59:02.878+00:00][A] [INFO] [RF RX] type=3 source=0x02 destination=0x01 previousHop=0x02 sequence=319 ackSequence=287 ttl=8 hops=0 payloadSize=2 rssi=-59 snr=10.00
[2026-09-02T18:59:02.878+00:00][A] [INFO] ACK_RX seq=287 source=0x02
[2026-09-02T18:59:02.882+00:00][A] [INFO] TEST_DATA_QUEUED dst=0x02 seq=288 remaining=92
[2026-09-02T18:59:02.936+00:00][A] [INFO] [RF TX] type=1 source=0x01 destination=0x02 previousHop=0x01 sequence=288 ackSequence=0 ttl=8 hops=0 payloadSize=4 rssi=0 snr=0.00
[2026-09-02T18:59:03.001+00:00][A] [INFO] [RF RX] type=3 source=0x02 destination=0x01 previousHop=0x02 sequence=320 ackSequence=288 ttl=8 hops=0 payloadSize=2 rssi=-60 snr=9.50
[2026-09-02T18:59:03.002+00:00][A] [INFO] ACK_RX seq=288 source=0x02
[2026-09-02T18:59:03.005+00:00][A] [INFO] TEST_DATA_QUEUED dst=0x02 seq=289 remaining=91
[2026-09-02T18:59:03.060+00:00][A] [INFO] [RF TX] type=1 source=0x01 destination=0x02 previousHop=0x01 sequence=289 ackSequence=0 ttl=8 hops=0 payloadSize=4 rssi=0 snr=0.00
[2026-09-02T18:59:03.125+00:00][A] [INFO] [RF RX] type=3 source=0x02 destination=0x01 previousHop=0x02 sequence=321 ackSequence=289 ttl=8 hops=0 payloadSize=2 rssi=-60 snr=9.75
[2026-09-02T18:59:03.126+00:00][A] [INFO] ACK_RX seq=289 source=0x02
[2026-09-02T18:59:03.129+00:00][A] [INFO] TEST_DATA_QUEUED dst=0x02 seq=290 remaining=90
[2026-09-02T18:59:03.184+00:00][A] [INFO] [RF TX] type=1 source=0x01 destination=0x02 previousHop=0x01 sequence=290 ackSequence=0 ttl=8 hops=0 payloadSize=4 rssi=0 snr=0.00
[2026-09-02T18:59:03.255+00:00][A] [INFO] --------------------------------
[2026-09-02T18:59:03.256+00:00][A] [INFO] [HEARTBEAT TX]
[2026-09-02T18:59:03.260+00:00][A] [INFO] Node ID: 1
[2026-09-02T18:59:03.261+00:00][A] [INFO] type: 2
[2026-09-02T18:59:03.261+00:00][A] [INFO] Destination: 0xFF
[2026-09-02T18:59:03.266+00:00][A] [INFO] Sequence: 291
[2026-09-02T18:59:03.267+00:00][A] [INFO] Packet ID: 82
[2026-09-02T18:59:03.271+00:00][A] [INFO] Packet Size: 26
[2026-09-02T18:59:03.272+00:00][A] [INFO] Timestamp: 82 ms
[2026-09-02T18:59:03.273+00:00][A] [INFO] Transmission Result: success
[2026-09-02T18:59:03.277+00:00][A] [INFO] --------------------------------
[2026-09-02T18:59:03.278+00:00][A] [INFO] [Heartbeat #82]
[2026-09-02T18:59:03.283+00:00][A] [INFO] Sent
[2026-09-02T18:59:03.283+00:00][A] [INFO] Waiting ACK...
[2026-09-02T18:59:03.283+00:00][A] [INFO] [WAITING ACK]
[2026-09-02T18:59:03.297+00:00][A] [INFO] [RF TX] type=2 source=0x01 destination=0xFF previousHop=0x01 sequence=291 ackSequence=0 ttl=8 hops=0 payloadSize=13 rssi=0 snr=0.00
[2026-09-02T18:59:03.298+00:00][A] [INFO] Heartbeat packet sent
[2026-09-02T18:59:04.184+00:00][A] [WARN] TX_RETRY seq=290
[2026-09-02T18:59:04.246+00:00][A] [INFO] [RF TX] type=1 source=0x01 destination=0x02 previousHop=0x01 sequence=290 ackSequence=0 ttl=8 hops=0 payloadSize=4 rssi=0 snr=0.00
[2026-09-02T18:59:04.272+00:00][A] [WARN] Retry 1
[2026-09-02T18:59:04.339+00:00][A] [INFO] --------------------------------
[2026-09-02T18:59:04.340+00:00][A] [INFO] [HEARTBEAT TX]
[2026-09-02T18:59:04.344+00:00][A] [INFO] Node ID: 1
[2026-09-02T18:59:04.345+00:00][A] [INFO] type: 2
[2026-09-02T18:59:04.345+00:00][A] [INFO] Destination: 0xFF
[2026-09-02T18:59:04.350+00:00][A] [INFO] Sequence: 291
[2026-09-02T18:59:04.351+00:00][A] [INFO] Packet ID: 82
[2026-09-02T18:59:04.355+00:00][A] [INFO] Packet Size: 26
[2026-09-02T18:59:04.356+00:00][A] [INFO] Timestamp: 82 ms
[2026-09-02T18:59:04.356+00:00][A] [INFO] Transmission Result: success
[2026-09-02T18:59:04.361+00:00][A] [INFO] --------------------------------
[2026-09-02T18:59:04.362+00:00][A] [INFO] [Heartbeat #82]
[2026-09-02T18:59:04.367+00:00][A] [INFO] Sent
[2026-09-02T18:59:04.367+00:00][A] [INFO] Waiting ACK...
[2026-09-02T18:59:04.367+00:00][A] [INFO] [WAITING ACK]
[2026-09-02T18:59:04.381+00:00][A] [INFO] [RF TX] type=2 source=0x01 destination=0xFF previousHop=0x01 sequence=291 ackSequence=0 ttl=8 hops=0 payloadSize=13 rssi=0 snr=0.00
[2026-09-02T18:59:04.381+00:00][A] [INFO] Heartbeat packet sent
[2026-09-02T18:59:05.255+00:00][A] [INFO] --------------------------------
[2026-09-02T18:59:05.255+00:00][A] [INFO] [HEARTBEAT TX]
[2026-09-02T18:59:05.260+00:00][A] [INFO] Node ID: 1
[2026-09-02T18:59:05.260+00:00][A] [INFO] type: 2
[2026-09-02T18:59:05.261+00:00][A] [INFO] Destination: 0xFF
[2026-09-02T18:59:05.266+00:00][A] [INFO] Sequence: 292
[2026-09-02T18:59:05.266+00:00][A] [INFO] Packet ID: 83
[2026-09-02T18:59:05.271+00:00][A] [INFO] Packet Size: 26
[2026-09-02T18:59:05.271+00:00][A] [INFO] Timestamp: 83 ms
[2026-09-02T18:59:05.271+00:00][A] [INFO] Transmission Result: success
[2026-09-02T18:59:05.277+00:00][A] [INFO] --------------------------------
[2026-09-02T18:59:05.277+00:00][A] [INFO] [Heartbeat #83]
[2026-09-02T18:59:05.282+00:00][A] [INFO] Sent
[2026-09-02T18:59:05.282+00:00][A] [INFO] Waiting ACK...
[2026-09-02T18:59:05.283+00:00][A] [INFO] [WAITING ACK]
[2026-09-02T18:59:05.299+00:00][A] [INFO] [RF TX] type=2 source=0x01 destination=0xFF previousHop=0x01 sequence=292 ackSequence=0 ttl=8 hops=0 payloadSize=13 rssi=0 snr=0.00
[2026-09-02T18:59:05.299+00:00][A] [INFO] Heartbeat packet sent
[2026-09-02T18:59:05.299+00:00][A] [WARN] TX_RETRY seq=290
[2026-09-02T18:59:05.356+00:00][A] [INFO] [RF TX] type=1 source=0x01 destination=0x02 previousHop=0x01 sequence=290 ackSequence=0 ttl=8 hops=0 payloadSize=4 rssi=0 snr=0.00
[2026-09-02T18:59:06.272+00:00][A] [WARN] Retry 1
[2026-09-02T18:59:06.339+00:00][A] [INFO] --------------------------------
[2026-09-02T18:59:06.339+00:00][A] [INFO] [HEARTBEAT TX]
[2026-09-02T18:59:06.344+00:00][A] [INFO] Node ID: 1
[2026-09-02T18:59:06.344+00:00][A] [INFO] type: 2
[2026-09-02T18:59:06.344+00:00][A] [INFO] Destination: 0xFF
[2026-09-02T18:59:06.350+00:00][A] [INFO] Sequence: 292
[2026-09-02T18:59:06.350+00:00][A] [INFO] Packet ID: 83
[2026-09-02T18:59:06.355+00:00][A] [INFO] Packet Size: 26
[2026-09-02T18:59:06.355+00:00][A] [INFO] Timestamp: 83 ms
[2026-09-02T18:59:06.356+00:00][A] [INFO] Transmission Result: success
[2026-09-02T18:59:06.361+00:00][A] [INFO] --------------------------------
[2026-09-02T18:59:06.361+00:00][A] [INFO] [Heartbeat #83]
[2026-09-02T18:59:06.366+00:00][A] [INFO] Sent
[2026-09-02T18:59:06.367+00:00][A] [INFO] Waiting ACK...
[2026-09-02T18:59:06.367+00:00][A] [INFO] [WAITING ACK]
[2026-09-02T18:59:06.383+00:00][A] [INFO] [RF TX] type=2 source=0x01 destination=0xFF previousHop=0x01 sequence=292 ackSequence=0 ttl=8 hops=0 payloadSize=13 rssi=0 snr=0.00
[2026-09-02T18:59:06.383+00:00][A] [INFO] Heartbeat packet sent
[2026-09-02T18:59:06.383+00:00][A] [WARN] TX_RETRY seq=290
[2026-09-02T18:59:06.440+00:00][A] [INFO] [RF TX] type=1 source=0x01 destination=0x02 previousHop=0x01 sequence=290 ackSequence=0 ttl=8 hops=0 payloadSize=4 rssi=0 snr=0.00
[2026-09-02T18:59:07.255+00:00][A] [INFO] --------------------------------
[2026-09-02T18:59:07.255+00:00][A] [INFO] [HEARTBEAT TX]
[2026-09-02T18:59:07.260+00:00][A] [INFO] Node ID: 1
[2026-09-02T18:59:07.260+00:00][A] [INFO] type: 2
[2026-09-02T18:59:07.260+00:00][A] [INFO] Destination: 0xFF
[2026-09-02T18:59:07.266+00:00][A] [INFO] Sequence: 293
[2026-09-02T18:59:07.266+00:00][A] [INFO] Packet ID: 84
[2026-09-02T18:59:07.271+00:00][A] [INFO] Packet Size: 26
[2026-09-02T18:59:07.271+00:00][A] [INFO] Timestamp: 84 ms
[2026-09-02T18:59:07.271+00:00][A] [INFO] Transmission Result: success
[2026-09-02T18:59:07.277+00:00][A] [INFO] --------------------------------
[2026-09-02T18:59:07.277+00:00][A] [INFO] [Heartbeat #84]
[2026-09-02T18:59:07.282+00:00][A] [INFO] Sent
[2026-09-02T18:59:07.283+00:00][A] [INFO] Waiting ACK...
[2026-09-02T18:59:07.283+00:00][A] [INFO] [WAITING ACK]
[2026-09-02T18:59:07.297+00:00][A] [INFO] [RF TX] type=2 source=0x01 destination=0xFF previousHop=0x01 sequence=293 ackSequence=0 ttl=8 hops=0 payloadSize=13 rssi=0 snr=0.00
[2026-09-02T18:59:07.297+00:00][A] [INFO] Heartbeat packet sent
[2026-09-02T18:59:07.443+00:00][A] [ERROR] TX_FAILED
[2026-09-02T18:59:07.443+00:00][A] [WARN] ACK_FAILED seq=290
[2026-09-02T18:59:07.446+00:00][A] [INFO] TEST_DATA_QUEUED dst=0x02 seq=294 remaining=89
[2026-09-02T18:59:07.502+00:00][A] [INFO] [RF TX] type=1 source=0x01 destination=0x02 previousHop=0x01 sequence=294 ackSequence=0 ttl=8 hops=0 payloadSize=4 rssi=0 snr=0.00
[2026-09-02T18:59:07.568+00:00][A] [INFO] [RF RX] type=3 source=0x02 destination=0x01 previousHop=0x02 sequence=327 ackSequence=294 ttl=8 hops=0 payloadSize=2 rssi=-57 snr=9.25
[2026-09-02T18:59:07.568+00:00][A] [INFO] ACK_RX seq=294 source=0x02
[2026-09-02T18:59:07.572+00:00][A] [INFO] TEST_DATA_QUEUED dst=0x02 seq=295 remaining=88
[2026-09-02T18:59:07.626+00:00][A] [INFO] [RF TX] type=1 source=0x01 destination=0x02 previousHop=0x01 sequence=295 ackSequence=0 ttl=8 hops=0 payloadSize=4 rssi=0 snr=0.00
[2026-09-02T18:59:07.692+00:00][A] [INFO] [RF RX] type=3 source=0x02 destination=0x01 previousHop=0x02 sequence=328 ackSequence=295 ttl=8 hops=0 payloadSize=2 rssi=-56 snr=9.50
[2026-09-02T18:59:07.692+00:00][A] [INFO] ACK_RX seq=295 source=0x02
[2026-09-02T18:59:07.696+00:00][A] [INFO] TEST_DATA_QUEUED dst=0x02 seq=296 remaining=87
[2026-09-02T18:59:07.750+00:00][A] [INFO] [RF TX] type=1 source=0x01 destination=0x02 previousHop=0x01 sequence=296 ackSequence=0 ttl=8 hops=0 payloadSize=4 rssi=0 snr=0.00
[2026-09-02T18:59:07.816+00:00][A] [INFO] [RF RX] type=3 source=0x02 destination=0x01 previousHop=0x02 sequence=329 ackSequence=296 ttl=8 hops=0 payloadSize=2 rssi=-57 snr=9.25
[2026-09-02T18:59:07.816+00:00][A] [INFO] ACK_RX seq=296 source=0x02
[2026-09-02T18:59:07.819+00:00][A] [INFO] TEST_DATA_QUEUED dst=0x02 seq=297 remaining=86
[2026-09-02T18:59:07.874+00:00][A] [INFO] [RF TX] type=1 source=0x01 destination=0x02 previousHop=0x01 sequence=297 ackSequence=0 ttl=8 hops=0 payloadSize=4 rssi=0 snr=0.00
[2026-09-02T18:59:07.939+00:00][A] [INFO] [RF RX] type=3 source=0x02 destination=0x01 previousHop=0x02 sequence=330 ackSequence=297 ttl=8 hops=0 payloadSize=2 rssi=-56 snr=10.00
[2026-09-02T18:59:07.940+00:00][A] [INFO] ACK_RX seq=297 source=0x02
[2026-09-02T18:59:07.943+00:00][A] [INFO] TEST_DATA_QUEUED dst=0x02 seq=298 remaining=85
[2026-09-02T18:59:07.998+00:00][A] [INFO] [RF TX] type=1 source=0x01 destination=0x02 previousHop=0x01 sequence=298 ackSequence=0 ttl=8 hops=0 payloadSize=4 rssi=0 snr=0.00
[2026-09-02T18:59:08.063+00:00][A] [INFO] [RF RX] type=3 source=0x02 destination=0x01 previousHop=0x02 sequence=331 ackSequence=298 ttl=8 hops=0 payloadSize=2 rssi=-57 snr=9.75
[2026-09-02T18:59:08.064+00:00][A] [INFO] ACK_RX seq=298 source=0x02
[2026-09-02T18:59:08.067+00:00][A] [INFO] TEST_DATA_QUEUED dst=0x02 seq=299 remaining=84
[2026-09-02T18:59:08.122+00:00][A] [INFO] [RF TX] type=1 source=0x01 destination=0x02 previousHop=0x01 sequence=299 ackSequence=0 ttl=8 hops=0 payloadSize=4 rssi=0 snr=0.00
[2026-09-02T18:59:08.187+00:00][A] [INFO] [RF RX] type=3 source=0x02 destination=0x01 previousHop=0x02 sequence=332 ackSequence=299 ttl=8 hops=0 payloadSize=2 rssi=-57 snr=9.75
[2026-09-02T18:59:08.187+00:00][A] [INFO] ACK_RX seq=299 source=0x02
[2026-09-02T18:59:08.191+00:00][A] [INFO] TEST_DATA_QUEUED dst=0x02 seq=300 remaining=83
[2026-09-02T18:59:08.245+00:00][A] [INFO] [RF TX] type=1 source=0x01 destination=0x02 previousHop=0x01 sequence=300 ackSequence=0 ttl=8 hops=0 payloadSize=4 rssi=0 snr=0.00
[2026-09-02T18:59:08.272+00:00][A] [WARN] Retry 1
[2026-09-02T18:59:08.339+00:00][A] [INFO] --------------------------------
[2026-09-02T18:59:08.339+00:00][A] [INFO] [HEARTBEAT TX]
[2026-09-02T18:59:08.344+00:00][A] [INFO] Node ID: 1
[2026-09-02T18:59:08.344+00:00][A] [INFO] type: 2
[2026-09-02T18:59:08.344+00:00][A] [INFO] Destination: 0xFF
[2026-09-02T18:59:08.350+00:00][A] [INFO] Sequence: 293
[2026-09-02T18:59:08.350+00:00][A] [INFO] Packet ID: 84
[2026-09-02T18:59:08.355+00:00][A] [INFO] Packet Size: 26
[2026-09-02T18:59:08.355+00:00][A] [INFO] Timestamp: 84 ms
[2026-09-02T18:59:08.356+00:00][A] [INFO] Transmission Result: success
[2026-09-02T18:59:08.361+00:00][A] [INFO] --------------------------------
[2026-09-02T18:59:08.361+00:00][A] [INFO] [Heartbeat #84]
[2026-09-02T18:59:08.367+00:00][A] [INFO] Sent
[2026-09-02T18:59:08.367+00:00][A] [INFO] Waiting ACK...
[2026-09-02T18:59:08.367+00:00][A] [INFO] [WAITING ACK]
[2026-09-02T18:59:08.381+00:00][A] [INFO] [RF TX] type=2 source=0x01 destination=0xFF previousHop=0x01 sequence=293 ackSequence=0 ttl=8 hops=0 payloadSize=13 rssi=0 snr=0.00
[2026-09-02T18:59:08.381+00:00][A] [INFO] Heartbeat packet sent
[2026-09-02T18:59:09.266+00:00][A] [INFO] --------------------------------
[2026-09-02T18:59:09.266+00:00][A] [INFO] [HEARTBEAT TX]
[2026-09-02T18:59:09.266+00:00][A] [INFO] Node ID: 1
[2026-09-02T18:59:09.266+00:00][A] [INFO] type: 2
[2026-09-02T18:59:09.267+00:00][A] [INFO] Destination: 0xFF
[2026-09-02T18:59:09.268+00:00][A] [INFO] Sequence: 301
[2026-09-02T18:59:09.268+00:00][A] [INFO] Packet ID: 85
[2026-09-02T18:59:09.272+00:00][A] [INFO] Packet Size: 26
[2026-09-02T18:59:09.272+00:00][A] [INFO] Timestamp: 85 ms
[2026-09-02T18:59:09.273+00:00][A] [INFO] Transmission Result: success
[2026-09-02T18:59:09.277+00:00][A] [INFO] --------------------------------
[2026-09-02T18:59:09.277+00:00][A] [INFO] [Heartbeat #85]
[2026-09-02T18:59:09.283+00:00][A] [INFO] Sent
[2026-09-02T18:59:09.283+00:00][A] [INFO] Waiting ACK...
[2026-09-02T18:59:09.283+00:00][A] [INFO] [WAITING ACK]
[2026-09-02T18:59:09.299+00:00][A] [INFO] [RF TX] type=2 source=0x01 destination=0xFF previousHop=0x01 sequence=301 ackSequence=0 ttl=8 hops=0 payloadSize=13 rssi=0 snr=0.00
[2026-09-02T18:59:09.299+00:00][A] [INFO] Heartbeat packet sent
[2026-09-02T18:59:09.299+00:00][A] [WARN] TX_RETRY seq=300
[2026-09-02T18:59:09.356+00:00][A] [INFO] [RF TX] type=1 source=0x01 destination=0x02 previousHop=0x01 sequence=300 ackSequence=0 ttl=8 hops=0 payloadSize=4 rssi=0 snr=0.00
[2026-09-02T18:59:10.272+00:00][A] [WARN] Retry 1
[2026-09-02T18:59:10.339+00:00][A] [INFO] --------------------------------
[2026-09-02T18:59:10.339+00:00][A] [INFO] [HEARTBEAT TX]
[2026-09-02T18:59:10.344+00:00][A] [INFO] Node ID: 1
[2026-09-02T18:59:10.344+00:00][A] [INFO] type: 2
[2026-09-02T18:59:10.345+00:00][A] [INFO] Destination: 0xFF
[2026-09-02T18:59:10.350+00:00][A] [INFO] Sequence: 301
[2026-09-02T18:59:10.350+00:00][A] [INFO] Packet ID: 85
[2026-09-02T18:59:10.355+00:00][A] [INFO] Packet Size: 26
[2026-09-02T18:59:10.355+00:00][A] [INFO] Timestamp: 85 ms
[2026-09-02T18:59:10.356+00:00][A] [INFO] Transmission Result: success
[2026-09-02T18:59:10.361+00:00][A] [INFO] --------------------------------
[2026-09-02T18:59:10.361+00:00][A] [INFO] [Heartbeat #85]
[2026-09-02T18:59:10.367+00:00][A] [INFO] Sent
[2026-09-02T18:59:10.367+00:00][A] [INFO] Waiting ACK...
[2026-09-02T18:59:10.367+00:00][A] [INFO] [WAITING ACK]
[2026-09-02T18:59:10.383+00:00][A] [INFO] [RF TX] type=2 source=0x01 destination=0xFF previousHop=0x01 sequence=301 ackSequence=0 ttl=8 hops=0 payloadSize=13 rssi=0 snr=0.00
[2026-09-02T18:59:10.383+00:00][A] [INFO] Heartbeat packet sent
[2026-09-02T18:59:10.383+00:00][A] [WARN] TX_RETRY seq=300
[2026-09-02T18:59:10.440+00:00][A] [INFO] [RF TX] type=1 source=0x01 destination=0x02 previousHop=0x01 sequence=300 ackSequence=0 ttl=8 hops=0 payloadSize=4 rssi=0 snr=0.00
[2026-09-02T18:59:11.255+00:00][A] [INFO] --------------------------------
[2026-09-02T18:59:11.256+00:00][A] [INFO] [HEARTBEAT TX]
[2026-09-02T18:59:11.260+00:00][A] [INFO] Node ID: 1
[2026-09-02T18:59:11.261+00:00][A] [INFO] type: 2
[2026-09-02T18:59:11.261+00:00][A] [INFO] Destination: 0xFF
[2026-09-02T18:59:11.266+00:00][A] [INFO] Sequence: 302
[2026-09-02T18:59:11.267+00:00][A] [INFO] Packet ID: 86
[2026-09-02T18:59:11.271+00:00][A] [INFO] Packet Size: 26
[2026-09-02T18:59:11.272+00:00][A] [INFO] Timestamp: 86 ms
[2026-09-02T18:59:11.272+00:00][A] [INFO] Transmission Result: success
[2026-09-02T18:59:11.278+00:00][A] [INFO] --------------------------------
[2026-09-02T18:59:11.278+00:00][A] [INFO] [Heartbeat #86]
[2026-09-02T18:59:11.283+00:00][A] [INFO] Sent
[2026-09-02T18:59:11.283+00:00][A] [INFO] Waiting ACK...
[2026-09-02T18:59:11.283+00:00][A] [INFO] [WAITING ACK]
[2026-09-02T18:59:11.297+00:00][A] [INFO] [RF TX] type=2 source=0x01 destination=0xFF previousHop=0x01 sequence=302 ackSequence=0 ttl=8 hops=0 payloadSize=13 rssi=0 snr=0.00
[2026-09-02T18:59:11.297+00:00][A] [INFO] Heartbeat packet sent
[2026-09-02T18:59:11.440+00:00][A] [WARN] TX_RETRY seq=300
[2026-09-02T18:59:11.503+00:00][A] [INFO] [RF TX] type=1 source=0x01 destination=0x02 previousHop=0x01 sequence=300 ackSequence=0 ttl=8 hops=0 payloadSize=4 rssi=0 snr=0.00
[2026-09-02T18:59:12.272+00:00][A] [WARN] Retry 1
[2026-09-02T18:59:12.339+00:00][A] [INFO] --------------------------------
[2026-09-02T18:59:12.339+00:00][A] [INFO] [HEARTBEAT TX]
[2026-09-02T18:59:12.344+00:00][A] [INFO] Node ID: 1
[2026-09-02T18:59:12.344+00:00][A] [INFO] type: 2
[2026-09-02T18:59:12.344+00:00][A] [INFO] Destination: 0xFF
[2026-09-02T18:59:12.350+00:00][A] [INFO] Sequence: 302
[2026-09-02T18:59:12.350+00:00][A] [INFO] Packet ID: 86
[2026-09-02T18:59:12.355+00:00][A] [INFO] Packet Size: 26
[2026-09-02T18:59:12.355+00:00][A] [INFO] Timestamp: 86 ms
[2026-09-02T18:59:12.356+00:00][A] [INFO] Transmission Result: success
[2026-09-02T18:59:12.361+00:00][A] [INFO] --------------------------------
[2026-09-02T18:59:12.361+00:00][A] [INFO] [Heartbeat #86]
[2026-09-02T18:59:12.366+00:00][A] [INFO] Sent
[2026-09-02T18:59:12.366+00:00][A] [INFO] Waiting ACK...
[2026-09-02T18:59:12.367+00:00][A] [INFO] [WAITING ACK]
[2026-09-02T18:59:12.381+00:00][A] [INFO] [RF TX] type=2 source=0x01 destination=0xFF previousHop=0x01 sequence=302 ackSequence=0 ttl=8 hops=0 payloadSize=13 rssi=0 snr=0.00
[2026-09-02T18:59:12.381+00:00][A] [INFO] Heartbeat packet sent
[2026-09-02T18:59:12.505+00:00][A] [ERROR] TX_FAILED
[2026-09-02T18:59:12.505+00:00][A] [WARN] ACK_FAILED seq=300
[2026-09-02T18:59:12.509+00:00][A] [INFO] TEST_DATA_QUEUED dst=0x02 seq=303 remaining=82
[2026-09-02T18:59:12.564+00:00][A] [INFO] [RF TX] type=1 source=0x01 destination=0x02 previousHop=0x01 sequence=303 ackSequence=0 ttl=8 hops=0 payloadSize=4 rssi=0 snr=0.00
[2026-09-02T18:59:12.630+00:00][A] [INFO] [RF RX] type=3 source=0x02 destination=0x01 previousHop=0x02 sequence=337 ackSequence=303 ttl=8 hops=0 payloadSize=2 rssi=-58 snr=9.75
[2026-09-02T18:59:12.630+00:00][A] [INFO] ACK_RX seq=303 source=0x02
[2026-09-02T18:59:12.634+00:00][A] [INFO] TEST_DATA_QUEUED dst=0x02 seq=304 remaining=81
[2026-09-02T18:59:12.688+00:00][A] [INFO] [RF TX] type=1 source=0x01 destination=0x02 previousHop=0x01 sequence=304 ackSequence=0 ttl=8 hops=0 payloadSize=4 rssi=0 snr=0.00
[2026-09-02T18:59:12.754+00:00][A] [INFO] [RF RX] type=3 source=0x02 destination=0x01 previousHop=0x02 sequence=338 ackSequence=304 ttl=8 hops=0 payloadSize=2 rssi=-59 snr=9.25
[2026-09-02T18:59:12.755+00:00][A] [INFO] ACK_RX seq=304 source=0x02
[2026-09-02T18:59:12.758+00:00][A] [INFO] TEST_DATA_QUEUED dst=0x02 seq=305 remaining=80
[2026-09-02T18:59:12.812+00:00][A] [INFO] [RF TX] type=1 source=0x01 destination=0x02 previousHop=0x01 sequence=305 ackSequence=0 ttl=8 hops=0 payloadSize=4 rssi=0 snr=0.00
[2026-09-02T18:59:12.878+00:00][A] [INFO] [RF RX] type=3 source=0x02 destination=0x01 previousHop=0x02 sequence=339 ackSequence=305 ttl=8 hops=0 payloadSize=2 rssi=-59 snr=9.50
[2026-09-02T18:59:12.878+00:00][A] [INFO] ACK_RX seq=305 source=0x02
[2026-09-02T18:59:12.882+00:00][A] [INFO] TEST_DATA_QUEUED dst=0x02 seq=306 remaining=79
[2026-09-02T18:59:12.936+00:00][A] [INFO] [RF TX] type=1 source=0x01 destination=0x02 previousHop=0x01 sequence=306 ackSequence=0 ttl=8 hops=0 payloadSize=4 rssi=0 snr=0.00
[2026-09-02T18:59:13.002+00:00][A] [INFO] [RF RX] type=3 source=0x02 destination=0x01 previousHop=0x02 sequence=340 ackSequence=306 ttl=8 hops=0 payloadSize=2 rssi=-59 snr=9.75
[2026-09-02T18:59:13.002+00:00][A] [INFO] ACK_RX seq=306 source=0x02
[2026-09-02T18:59:13.006+00:00][A] [INFO] TEST_DATA_QUEUED dst=0x02 seq=307 remaining=78
[2026-09-02T18:59:13.060+00:00][A] [INFO] [RF TX] type=1 source=0x01 destination=0x02 previousHop=0x01 sequence=307 ackSequence=0 ttl=8 hops=0 payloadSize=4 rssi=0 snr=0.00
[2026-09-02T18:59:13.125+00:00][A] [INFO] [RF RX] type=3 source=0x02 destination=0x01 previousHop=0x02 sequence=341 ackSequence=307 ttl=8 hops=0 payloadSize=2 rssi=-59 snr=9.50
[2026-09-02T18:59:13.126+00:00][A] [INFO] ACK_RX seq=307 source=0x02
[2026-09-02T18:59:13.129+00:00][A] [INFO] TEST_DATA_QUEUED dst=0x02 seq=308 remaining=77
[2026-09-02T18:59:13.184+00:00][A] [INFO] [RF TX] type=1 source=0x01 destination=0x02 previousHop=0x01 sequence=308 ackSequence=0 ttl=8 hops=0 payloadSize=4 rssi=0 snr=0.00
[2026-09-02T18:59:13.255+00:00][A] [INFO] --------------------------------
[2026-09-02T18:59:13.256+00:00][A] [INFO] [HEARTBEAT TX]
[2026-09-02T18:59:13.261+00:00][A] [INFO] Node ID: 1
[2026-09-02T18:59:13.261+00:00][A] [INFO] type: 2
[2026-09-02T18:59:13.261+00:00][A] [INFO] Destination: 0xFF
[2026-09-02T18:59:13.266+00:00][A] [INFO] Sequence: 309
[2026-09-02T18:59:13.266+00:00][A] [INFO] Packet ID: 87
[2026-09-02T18:59:13.271+00:00][A] [INFO] Packet Size: 26
[2026-09-02T18:59:13.272+00:00][A] [INFO] Timestamp: 87 ms
[2026-09-02T18:59:13.272+00:00][A] [INFO] Transmission Result: success
[2026-09-02T18:59:13.277+00:00][A] [INFO] --------------------------------
[2026-09-02T18:59:13.277+00:00][A] [INFO] [Heartbeat #87]
[2026-09-02T18:59:13.283+00:00][A] [INFO] Sent
[2026-09-02T18:59:13.283+00:00][A] [INFO] Waiting ACK...
[2026-09-02T18:59:13.283+00:00][A] [INFO] [WAITING ACK]
[2026-09-02T18:59:13.297+00:00][A] [INFO] [RF TX] type=2 source=0x01 destination=0xFF previousHop=0x01 sequence=309 ackSequence=0 ttl=8 hops=0 payloadSize=13 rssi=0 snr=0.00
[2026-09-02T18:59:13.297+00:00][A] [INFO] Heartbeat packet sent
[2026-09-02T18:59:14.185+00:00][A] [WARN] TX_RETRY seq=308
[2026-09-02T18:59:14.246+00:00][A] [INFO] [RF TX] type=1 source=0x01 destination=0x02 previousHop=0x01 sequence=308 ackSequence=0 ttl=8 hops=0 payloadSize=4 rssi=0 snr=0.00
[2026-09-02T18:59:14.272+00:00][A] [WARN] Retry 1
[2026-09-02T18:59:14.339+00:00][A] [INFO] --------------------------------
[2026-09-02T18:59:14.340+00:00][A] [INFO] [HEARTBEAT TX]
[2026-09-02T18:59:14.344+00:00][A] [INFO] Node ID: 1
[2026-09-02T18:59:14.345+00:00][A] [INFO] type: 2
[2026-09-02T18:59:14.345+00:00][A] [INFO] Destination: 0xFF
[2026-09-02T18:59:14.350+00:00][A] [INFO] Sequence: 309
[2026-09-02T18:59:14.350+00:00][A] [INFO] Packet ID: 87
[2026-09-02T18:59:14.355+00:00][A] [INFO] Packet Size: 26
[2026-09-02T18:59:14.356+00:00][A] [INFO] Timestamp: 87 ms
[2026-09-02T18:59:14.356+00:00][A] [INFO] Transmission Result: success
[2026-09-02T18:59:14.361+00:00][A] [INFO] --------------------------------
[2026-09-02T18:59:14.361+00:00][A] [INFO] [Heartbeat #87]
[2026-09-02T18:59:14.367+00:00][A] [INFO] Sent
[2026-09-02T18:59:14.367+00:00][A] [INFO] Waiting ACK...
[2026-09-02T18:59:14.367+00:00][A] [INFO] [WAITING ACK]
[2026-09-02T18:59:14.381+00:00][A] [INFO] [RF TX] type=2 source=0x01 destination=0xFF previousHop=0x01 sequence=309 ackSequence=0 ttl=8 hops=0 payloadSize=13 rssi=0 snr=0.00
[2026-09-02T18:59:14.381+00:00][A] [INFO] Heartbeat packet sent
[2026-09-02T18:59:15.255+00:00][A] [INFO] --------------------------------
[2026-09-02T18:59:15.256+00:00][A] [INFO] [HEARTBEAT TX]
[2026-09-02T18:59:15.261+00:00][A] [INFO] Node ID: 1
[2026-09-02T18:59:15.261+00:00][A] [INFO] type: 2
[2026-09-02T18:59:15.261+00:00][A] [INFO] Destination: 0xFF
[2026-09-02T18:59:15.266+00:00][A] [INFO] Sequence: 310
[2026-09-02T18:59:15.267+00:00][A] [INFO] Packet ID: 88
[2026-09-02T18:59:15.271+00:00][A] [INFO] Packet Size: 26
[2026-09-02T18:59:15.272+00:00][A] [INFO] Timestamp: 88 ms
[2026-09-02T18:59:15.273+00:00][A] [INFO] Transmission Result: success
[2026-09-02T18:59:15.277+00:00][A] [INFO] --------------------------------
[2026-09-02T18:59:15.277+00:00][A] [INFO] [Heartbeat #88]
[2026-09-02T18:59:15.283+00:00][A] [INFO] Sent
[2026-09-02T18:59:15.283+00:00][A] [INFO] Waiting ACK...
[2026-09-02T18:59:15.283+00:00][A] [INFO] [WAITING ACK]
[2026-09-02T18:59:15.299+00:00][A] [INFO] [RF TX] type=2 source=0x01 destination=0xFF previousHop=0x01 sequence=310 ackSequence=0 ttl=8 hops=0 payloadSize=13 rssi=0 snr=0.00
[2026-09-02T18:59:15.299+00:00][A] [INFO] Heartbeat packet sent
[2026-09-02T18:59:15.299+00:00][A] [WARN] TX_RETRY seq=308
[2026-09-02T18:59:15.356+00:00][A] [INFO] [RF TX] type=1 source=0x01 destination=0x02 previousHop=0x01 sequence=308 ackSequence=0 ttl=8 hops=0 payloadSize=4 rssi=0 snr=0.00
[2026-09-02T18:59:16.272+00:00][A] [WARN] Retry 1
[2026-09-02T18:59:16.339+00:00][A] [INFO] --------------------------------
[2026-09-02T18:59:16.340+00:00][A] [INFO] [HEARTBEAT TX]
[2026-09-02T18:59:16.345+00:00][A] [INFO] Node ID: 1
[2026-09-02T18:59:16.345+00:00][A] [INFO] type: 2
[2026-09-02T18:59:16.345+00:00][A] [INFO] Destination: 0xFF
[2026-09-02T18:59:16.350+00:00][A] [INFO] Sequence: 310
[2026-09-02T18:59:16.350+00:00][A] [INFO] Packet ID: 88
[2026-09-02T18:59:16.355+00:00][A] [INFO] Packet Size: 26
[2026-09-02T18:59:16.356+00:00][A] [INFO] Timestamp: 88 ms
[2026-09-02T18:59:16.356+00:00][A] [INFO] Transmission Result: success
[2026-09-02T18:59:16.362+00:00][A] [INFO] --------------------------------
[2026-09-02T18:59:16.362+00:00][A] [INFO] [Heartbeat #88]
[2026-09-02T18:59:16.367+00:00][A] [INFO] Sent
[2026-09-02T18:59:16.367+00:00][A] [INFO] Waiting ACK...
[2026-09-02T18:59:16.368+00:00][A] [INFO] [WAITING ACK]
[2026-09-02T18:59:16.383+00:00][A] [INFO] [RF TX] type=2 source=0x01 destination=0xFF previousHop=0x01 sequence=310 ackSequence=0 ttl=8 hops=0 payloadSize=13 rssi=0 snr=0.00
[2026-09-02T18:59:16.384+00:00][A] [INFO] Heartbeat packet sent
[2026-09-02T18:59:16.384+00:00][A] [WARN] TX_RETRY seq=308
[2026-09-02T18:59:16.440+00:00][A] [INFO] [RF TX] type=1 source=0x01 destination=0x02 previousHop=0x01 sequence=308 ackSequence=0 ttl=8 hops=0 payloadSize=4 rssi=0 snr=0.00
[2026-09-02T18:59:17.256+00:00][A] [INFO] --------------------------------
[2026-09-02T18:59:17.256+00:00][A] [INFO] [HEARTBEAT TX]
[2026-09-02T18:59:17.261+00:00][A] [INFO] Node ID: 1
[2026-09-02T18:59:17.261+00:00][A] [INFO] type: 2
[2026-09-02T18:59:17.261+00:00][A] [INFO] Destination: 0xFF
[2026-09-02T18:59:17.266+00:00][A] [INFO] Sequence: 311
[2026-09-02T18:59:17.267+00:00][A] [INFO] Packet ID: 89
[2026-09-02T18:59:17.271+00:00][A] [INFO] Packet Size: 26
[2026-09-02T18:59:17.272+00:00][A] [INFO] Timestamp: 89 ms
[2026-09-02T18:59:17.272+00:00][A] [INFO] Transmission Result: success
[2026-09-02T18:59:17.277+00:00][A] [INFO] --------------------------------
[2026-09-02T18:59:17.278+00:00][A] [INFO] [Heartbeat #89]
[2026-09-02T18:59:17.283+00:00][A] [INFO] Sent
[2026-09-02T18:59:17.283+00:00][A] [INFO] Waiting ACK...
[2026-09-02T18:59:17.283+00:00][A] [INFO] [WAITING ACK]
[2026-09-02T18:59:17.297+00:00][A] [INFO] [RF TX] type=2 source=0x01 destination=0xFF previousHop=0x01 sequence=311 ackSequence=0 ttl=8 hops=0 payloadSize=13 rssi=0 snr=0.00
[2026-09-02T18:59:17.297+00:00][A] [INFO] Heartbeat packet sent
[2026-09-02T18:59:17.443+00:00][A] [ERROR] TX_FAILED
[2026-09-02T18:59:17.444+00:00][A] [WARN] ACK_FAILED seq=308
[2026-09-02T18:59:17.447+00:00][A] [INFO] TEST_DATA_QUEUED dst=0x02 seq=312 remaining=76
[2026-09-02T18:59:17.503+00:00][A] [INFO] [RF TX] type=1 source=0x01 destination=0x02 previousHop=0x01 sequence=312 ackSequence=0 ttl=8 hops=0 payloadSize=4 rssi=0 snr=0.00
[2026-09-02T18:59:17.568+00:00][A] [INFO] [RF RX] type=3 source=0x02 destination=0x01 previousHop=0x02 sequence=347 ackSequence=312 ttl=8 hops=0 payloadSize=2 rssi=-59 snr=9.50
[2026-09-02T18:59:17.569+00:00][A] [INFO] ACK_RX seq=312 source=0x02
[2026-09-02T18:59:17.572+00:00][A] [INFO] TEST_DATA_QUEUED dst=0x02 seq=313 remaining=75
[2026-09-02T18:59:17.626+00:00][A] [INFO] [RF TX] type=1 source=0x01 destination=0x02 previousHop=0x01 sequence=313 ackSequence=0 ttl=8 hops=0 payloadSize=4 rssi=0 snr=0.00
[2026-09-02T18:59:17.692+00:00][A] [INFO] [RF RX] type=3 source=0x02 destination=0x01 previousHop=0x02 sequence=348 ackSequence=313 ttl=8 hops=0 payloadSize=2 rssi=-58 snr=9.50
[2026-09-02T18:59:17.692+00:00][A] [INFO] ACK_RX seq=313 source=0x02
[2026-09-02T18:59:17.696+00:00][A] [INFO] TEST_DATA_QUEUED dst=0x02 seq=314 remaining=74
[2026-09-02T18:59:17.750+00:00][A] [INFO] [RF TX] type=1 source=0x01 destination=0x02 previousHop=0x01 sequence=314 ackSequence=0 ttl=8 hops=0 payloadSize=4 rssi=0 snr=0.00
[2026-09-02T18:59:17.816+00:00][A] [INFO] [RF RX] type=3 source=0x02 destination=0x01 previousHop=0x02 sequence=349 ackSequence=314 ttl=8 hops=0 payloadSize=2 rssi=-57 snr=9.75
[2026-09-02T18:59:17.816+00:00][A] [INFO] ACK_RX seq=314 source=0x02
[2026-09-02T18:59:17.820+00:00][A] [INFO] TEST_DATA_QUEUED dst=0x02 seq=315 remaining=73
[2026-09-02T18:59:17.874+00:00][A] [INFO] [RF TX] type=1 source=0x01 destination=0x02 previousHop=0x01 sequence=315 ackSequence=0 ttl=8 hops=0 payloadSize=4 rssi=0 snr=0.00
[2026-09-02T18:59:17.940+00:00][A] [INFO] [RF RX] type=3 source=0x02 destination=0x01 previousHop=0x02 sequence=350 ackSequence=315 ttl=8 hops=0 payloadSize=2 rssi=-58 snr=10.00
[2026-09-02T18:59:17.940+00:00][A] [INFO] ACK_RX seq=315 source=0x02
[2026-09-02T18:59:17.944+00:00][A] [INFO] TEST_DATA_QUEUED dst=0x02 seq=316 remaining=72
[2026-09-02T18:59:17.998+00:00][A] [INFO] [RF TX] type=1 source=0x01 destination=0x02 previousHop=0x01 sequence=316 ackSequence=0 ttl=8 hops=0 payloadSize=4 rssi=0 snr=0.00
[2026-09-02T18:59:18.063+00:00][A] [INFO] [RF RX] type=3 source=0x02 destination=0x01 previousHop=0x02 sequence=351 ackSequence=316 ttl=8 hops=0 payloadSize=2 rssi=-58 snr=9.50
[2026-09-02T18:59:18.064+00:00][A] [INFO] ACK_RX seq=316 source=0x02
[2026-09-02T18:59:18.068+00:00][A] [INFO] TEST_DATA_QUEUED dst=0x02 seq=317 remaining=71
[2026-09-02T18:59:18.122+00:00][A] [INFO] [RF TX] type=1 source=0x01 destination=0x02 previousHop=0x01 sequence=317 ackSequence=0 ttl=8 hops=0 payloadSize=4 rssi=0 snr=0.00
[2026-09-02T18:59:18.187+00:00][A] [INFO] [RF RX] type=3 source=0x02 destination=0x01 previousHop=0x02 sequence=352 ackSequence=317 ttl=8 hops=0 payloadSize=2 rssi=-57 snr=9.25
[2026-09-02T18:59:18.188+00:00][A] [INFO] ACK_RX seq=317 source=0x02
[2026-09-02T18:59:18.191+00:00][A] [INFO] TEST_DATA_QUEUED dst=0x02 seq=318 remaining=70
[2026-09-02T18:59:18.246+00:00][A] [INFO] [RF TX] type=1 source=0x01 destination=0x02 previousHop=0x01 sequence=318 ackSequence=0 ttl=8 hops=0 payloadSize=4 rssi=0 snr=0.00
[2026-09-02T18:59:18.272+00:00][A] [WARN] Retry 1
[2026-09-02T18:59:18.339+00:00][A] [INFO] --------------------------------
[2026-09-02T18:59:18.339+00:00][A] [INFO] [HEARTBEAT TX]
[2026-09-02T18:59:18.344+00:00][A] [INFO] Node ID: 1
[2026-09-02T18:59:18.344+00:00][A] [INFO] type: 2
[2026-09-02T18:59:18.344+00:00][A] [INFO] Destination: 0xFF
[2026-09-02T18:59:18.350+00:00][A] [INFO] Sequence: 311
[2026-09-02T18:59:18.350+00:00][A] [INFO] Packet ID: 89
[2026-09-02T18:59:18.355+00:00][A] [INFO] Packet Size: 26
[2026-09-02T18:59:18.355+00:00][A] [INFO] Timestamp: 89 ms
[2026-09-02T18:59:18.356+00:00][A] [INFO] Transmission Result: success
[2026-09-02T18:59:18.361+00:00][A] [INFO] --------------------------------
[2026-09-02T18:59:18.361+00:00][A] [INFO] [Heartbeat #89]
[2026-09-02T18:59:18.366+00:00][A] [INFO] Sent
[2026-09-02T18:59:18.366+00:00][A] [INFO] Waiting ACK...
[2026-09-02T18:59:18.367+00:00][A] [INFO] [WAITING ACK]
[2026-09-02T18:59:18.381+00:00][A] [INFO] [RF TX] type=2 source=0x01 destination=0xFF previousHop=0x01 sequence=311 ackSequence=0 ttl=8 hops=0 payloadSize=13 rssi=0 snr=0.00
[2026-09-02T18:59:18.381+00:00][A] [INFO] Heartbeat packet sent
