[2026-09-02T18:56:19.042+00:00][B] ESP-ROM:esp32s3-20210327
[2026-09-02T18:56:19.050+00:00][B] Build:Mar 27 2021
[2026-09-02T18:56:19.056+00:00][B] rst:0x1 (POWERON),boot:0x8 (SPI_FAST_FLASH_BOOT)
[2026-09-02T18:56:19.056+00:00][B] SPIWP:0xee
[2026-09-02T18:56:19.056+00:00][B] mode:DIO, clock div:1
[2026-09-02T18:56:19.061+00:00][B] load:0x3fce3808,len:0x4bc
[2026-09-02T18:56:19.061+00:00][B] load:0x403c9700,len:0xbd8
[2026-09-02T18:56:19.062+00:00][B] load:0x403cc700,len:0x2a0c
[2026-09-02T18:56:19.062+00:00][B] entry 0x403c98d0
[2026-09-02T18:56:21.153+00:00][B] [INFO] ================================
[2026-09-02T18:56:21.158+00:00][B] [INFO] Jalari BoatNode Firmware
[2026-09-02T18:56:21.158+00:00][B] [INFO] 0.1.0
[2026-09-02T18:56:21.159+00:00][B] [INFO] ================================
[2026-09-02T18:56:21.170+00:00][B] [INFO] LoRa ready
[2026-09-02T18:56:21.237+00:00][B] [INFO] --------------------------------
[2026-09-02T18:56:21.238+00:00][B] [INFO] [HEARTBEAT TX]
[2026-09-02T18:56:21.243+00:00][B] [INFO] Node ID: 2
[2026-09-02T18:56:21.243+00:00][B] [INFO] type: 2
[2026-09-02T18:56:21.243+00:00][B] [INFO] Destination: 0xFF
[2026-09-02T18:56:21.248+00:00][B] [INFO] Sequence: 0
[2026-09-02T18:56:21.248+00:00][B] [INFO] Packet ID: 1
[2026-09-02T18:56:21.248+00:00][B] [INFO] Packet Size: 26
[2026-09-02T18:56:21.254+00:00][B] [INFO] Timestamp: 1 ms
[2026-09-02T18:56:21.254+00:00][B] [INFO] Transmission Result: success
[2026-09-02T18:56:21.259+00:00][B] [INFO] --------------------------------
[2026-09-02T18:56:21.260+00:00][B] [INFO] [Heartbeat #1]
[2026-09-02T18:56:21.265+00:00][B] [INFO] Sent
[2026-09-02T18:56:21.265+00:00][B] [INFO] Waiting ACK...
[2026-09-02T18:56:21.265+00:00][B] [INFO] [WAITING ACK]
[2026-09-02T18:56:21.276+00:00][B] [INFO] [RF TX] type=2 source=0x02 destination=0xFF previousHop=0x02 sequence=0 ackSequence=0 ttl=8 hops=0 payloadSize=13 rssi=0 snr=0.00
[2026-09-02T18:56:21.279+00:00][B] [INFO] Heartbeat packet sent
[2026-09-02T18:56:22.254+00:00][B] [WARN] Retry 1
[2026-09-02T18:56:22.321+00:00][B] [INFO] --------------------------------
[2026-09-02T18:56:22.321+00:00][B] [INFO] [HEARTBEAT TX]
[2026-09-02T18:56:22.326+00:00][B] [INFO] Node ID: 2
[2026-09-02T18:56:22.326+00:00][B] [INFO] type: 2
[2026-09-02T18:56:22.326+00:00][B] [INFO] Destination: 0xFF
[2026-09-02T18:56:22.332+00:00][B] [INFO] Sequence: 0
[2026-09-02T18:56:22.332+00:00][B] [INFO] Packet ID: 1
[2026-09-02T18:56:22.332+00:00][B] [INFO] Packet Size: 26
[2026-09-02T18:56:22.337+00:00][B] [INFO] Timestamp: 1 ms
[2026-09-02T18:56:22.337+00:00][B] [INFO] Transmission Result: success
[2026-09-02T18:56:22.343+00:00][B] [INFO] --------------------------------
[2026-09-02T18:56:22.343+00:00][B] [INFO] [Heartbeat #1]
[2026-09-02T18:56:22.348+00:00][B] [INFO] Sent
[2026-09-02T18:56:22.348+00:00][B] [INFO] Waiting ACK...
[2026-09-02T18:56:22.348+00:00][B] [INFO] [WAITING ACK]
[2026-09-02T18:56:22.360+00:00][B] [INFO] [RF TX] type=2 source=0x02 destination=0xFF previousHop=0x02 sequence=0 ackSequence=0 ttl=8 hops=0 payloadSize=13 rssi=0 snr=0.00
[2026-09-02T18:56:22.362+00:00][B] [INFO] Heartbeat packet sent
[2026-09-02T18:56:23.237+00:00][B] [INFO] --------------------------------
[2026-09-02T18:56:23.237+00:00][B] [INFO] [HEARTBEAT TX]
[2026-09-02T18:56:23.242+00:00][B] [INFO] Node ID: 2
[2026-09-02T18:56:23.243+00:00][B] [INFO] type: 2
[2026-09-02T18:56:23.243+00:00][B] [INFO] Destination: 0xFF
[2026-09-02T18:56:23.248+00:00][B] [INFO] Sequence: 1
[2026-09-02T18:56:23.249+00:00][B] [INFO] Packet ID: 2
[2026-09-02T18:56:23.250+00:00][B] [INFO] Packet Size: 26
[2026-09-02T18:56:23.256+00:00][B] [INFO] Timestamp: 2 ms
[2026-09-02T18:56:23.258+00:00][B] [INFO] Transmission Result: success
[2026-09-02T18:56:23.259+00:00][B] [INFO] --------------------------------
[2026-09-02T18:56:23.259+00:00][B] [INFO] [Heartbeat #2]
[2026-09-02T18:56:23.264+00:00][B] [INFO] Sent
[2026-09-02T18:56:23.265+00:00][B] [INFO] Waiting ACK...
[2026-09-02T18:56:23.265+00:00][B] [INFO] [WAITING ACK]
[2026-09-02T18:56:23.276+00:00][B] [INFO] [RF TX] type=2 source=0x02 destination=0xFF previousHop=0x02 sequence=1 ackSequence=0 ttl=8 hops=0 payloadSize=13 rssi=0 snr=0.00
[2026-09-02T18:56:23.278+00:00][B] [INFO] Heartbeat packet sent
[2026-09-02T18:56:23.938+00:00][B] [INFO] [RF RX] type=1 source=0x01 destination=0x02 previousHop=0x01 sequence=2 ackSequence=0 ttl=8 hops=0 payloadSize=4 rssi=-62 snr=10.00
[2026-09-02T18:56:23.995+00:00][B] [INFO] [RF TX] type=3 source=0x02 destination=0x01 previousHop=0x02 sequence=2 ackSequence=2 ttl=8 hops=0 payloadSize=2 rssi=0 snr=0.00
[2026-09-02T18:56:24.062+00:00][B] [INFO] [RF RX] type=1 source=0x01 destination=0x02 previousHop=0x01 sequence=3 ackSequence=0 ttl=8 hops=0 payloadSize=4 rssi=-62 snr=9.50
[2026-09-02T18:56:24.119+00:00][B] [INFO] [RF TX] type=3 source=0x02 destination=0x01 previousHop=0x02 sequence=3 ackSequence=3 ttl=8 hops=0 payloadSize=2 rssi=0 snr=0.00
[2026-09-02T18:56:24.186+00:00][B] [INFO] [RF RX] type=1 source=0x01 destination=0x02 previousHop=0x01 sequence=4 ackSequence=0 ttl=8 hops=0 payloadSize=4 rssi=-62 snr=9.75
[2026-09-02T18:56:24.243+00:00][B] [INFO] [RF TX] type=3 source=0x02 destination=0x01 previousHop=0x02 sequence=4 ackSequence=4 ttl=8 hops=0 payloadSize=2 rssi=0 snr=0.00
[2026-09-02T18:56:24.254+00:00][B] [WARN] Retry 1
[2026-09-02T18:56:24.321+00:00][B] [INFO] --------------------------------
[2026-09-02T18:56:24.322+00:00][B] [INFO] [HEARTBEAT TX]
[2026-09-02T18:56:24.326+00:00][B] [INFO] Node ID: 2
[2026-09-02T18:56:24.327+00:00][B] [INFO] type: 2
[2026-09-02T18:56:24.327+00:00][B] [INFO] Destination: 0xFF
[2026-09-02T18:56:24.332+00:00][B] [INFO] Sequence: 1
[2026-09-02T18:56:24.332+00:00][B] [INFO] Packet ID: 2
[2026-09-02T18:56:24.333+00:00][B] [INFO] Packet Size: 26
[2026-09-02T18:56:24.337+00:00][B] [INFO] Timestamp: 2 ms
[2026-09-02T18:56:24.338+00:00][B] [INFO] Transmission Result: success
[2026-09-02T18:56:24.343+00:00][B] [INFO] --------------------------------
[2026-09-02T18:56:24.343+00:00][B] [INFO] [Heartbeat #2]
[2026-09-02T18:56:24.348+00:00][B] [INFO] Sent
[2026-09-02T18:56:24.349+00:00][B] [INFO] Waiting ACK...
[2026-09-02T18:56:24.349+00:00][B] [INFO] [WAITING ACK]
[2026-09-02T18:56:24.360+00:00][B] [INFO] [RF TX] type=2 source=0x02 destination=0xFF previousHop=0x02 sequence=1 ackSequence=0 ttl=8 hops=0 payloadSize=13 rssi=0 snr=0.00
[2026-09-02T18:56:24.362+00:00][B] [INFO] Heartbeat packet sent
[2026-09-02T18:56:25.237+00:00][B] [INFO] --------------------------------
[2026-09-02T18:56:25.238+00:00][B] [INFO] [HEARTBEAT TX]
[2026-09-02T18:56:25.242+00:00][B] [INFO] Node ID: 2
[2026-09-02T18:56:25.242+00:00][B] [INFO] type: 2
[2026-09-02T18:56:25.242+00:00][B] [INFO] Destination: 0xFF
[2026-09-02T18:56:25.248+00:00][B] [INFO] Sequence: 5
[2026-09-02T18:56:25.248+00:00][B] [INFO] Packet ID: 3
[2026-09-02T18:56:25.248+00:00][B] [INFO] Packet Size: 26
[2026-09-02T18:56:25.253+00:00][B] [INFO] Timestamp: 3 ms
[2026-09-02T18:56:25.254+00:00][B] [INFO] Transmission Result: success
[2026-09-02T18:56:25.259+00:00][B] [INFO] --------------------------------
[2026-09-02T18:56:25.259+00:00][B] [INFO] [Heartbeat #3]
[2026-09-02T18:56:25.264+00:00][B] [INFO] Sent
[2026-09-02T18:56:25.265+00:00][B] [INFO] Waiting ACK...
[2026-09-02T18:56:25.265+00:00][B] [INFO] [WAITING ACK]
[2026-09-02T18:56:25.276+00:00][B] [INFO] [RF TX] type=2 source=0x02 destination=0xFF previousHop=0x02 sequence=5 ackSequence=0 ttl=8 hops=0 payloadSize=13 rssi=0 snr=0.00
[2026-09-02T18:56:25.278+00:00][B] [INFO] Heartbeat packet sent
[2026-09-02T18:56:25.372+00:00][B] [INFO] [RF RX] type=1 source=0x01 destination=0x02 previousHop=0x01 sequence=5 ackSequence=0 ttl=8 hops=0 payloadSize=4 rssi=-62 snr=9.75
[2026-09-02T18:56:25.429+00:00][B] [INFO] [RF TX] type=3 source=0x02 destination=0x01 previousHop=0x02 sequence=6 ackSequence=5 ttl=8 hops=0 payloadSize=2 rssi=0 snr=0.00
[2026-09-02T18:56:25.496+00:00][B] [INFO] [RF RX] type=1 source=0x01 destination=0x02 previousHop=0x01 sequence=7 ackSequence=0 ttl=8 hops=0 payloadSize=4 rssi=-62 snr=9.00
[2026-09-02T18:56:25.553+00:00][B] [INFO] [RF TX] type=3 source=0x02 destination=0x01 previousHop=0x02 sequence=7 ackSequence=7 ttl=8 hops=0 payloadSize=2 rssi=0 snr=0.00
[2026-09-02T18:56:25.619+00:00][B] [INFO] [RF RX] type=1 source=0x01 destination=0x02 previousHop=0x01 sequence=8 ackSequence=0 ttl=8 hops=0 payloadSize=4 rssi=-62 snr=10.00
[2026-09-02T18:56:25.677+00:00][B] [INFO] [RF TX] type=3 source=0x02 destination=0x01 previousHop=0x02 sequence=8 ackSequence=8 ttl=8 hops=0 payloadSize=2 rssi=0 snr=0.00
[2026-09-02T18:56:25.743+00:00][B] [INFO] [RF RX] type=1 source=0x01 destination=0x02 previousHop=0x01 sequence=9 ackSequence=0 ttl=8 hops=0 payloadSize=4 rssi=-62 snr=9.50
[2026-09-02T18:56:25.800+00:00][B] [INFO] [RF TX] type=3 source=0x02 destination=0x01 previousHop=0x02 sequence=9 ackSequence=9 ttl=8 hops=0 payloadSize=2 rssi=0 snr=0.00
[2026-09-02T18:56:25.867+00:00][B] [INFO] [RF RX] type=1 source=0x01 destination=0x02 previousHop=0x01 sequence=10 ackSequence=0 ttl=8 hops=0 payloadSize=4 rssi=-61 snr=10.00
[2026-09-02T18:56:25.925+00:00][B] [INFO] [RF TX] type=3 source=0x02 destination=0x01 previousHop=0x02 sequence=10 ackSequence=10 ttl=8 hops=0 payloadSize=2 rssi=0 snr=0.00
[2026-09-02T18:56:25.991+00:00][B] [INFO] [RF RX] type=1 source=0x01 destination=0x02 previousHop=0x01 sequence=11 ackSequence=0 ttl=8 hops=0 payloadSize=4 rssi=-61 snr=9.50
[2026-09-02T18:56:26.048+00:00][B] [INFO] [RF TX] type=3 source=0x02 destination=0x01 previousHop=0x02 sequence=11 ackSequence=11 ttl=8 hops=0 payloadSize=2 rssi=0 snr=0.00
[2026-09-02T18:56:26.115+00:00][B] [INFO] [RF RX] type=1 source=0x01 destination=0x02 previousHop=0x01 sequence=12 ackSequence=0 ttl=8 hops=0 payloadSize=4 rssi=-61 snr=10.00
[2026-09-02T18:56:26.172+00:00][B] [INFO] [RF TX] type=3 source=0x02 destination=0x01 previousHop=0x02 sequence=12 ackSequence=12 ttl=8 hops=0 payloadSize=2 rssi=0 snr=0.00
[2026-09-02T18:56:26.238+00:00][B] [INFO] [RF RX] type=1 source=0x01 destination=0x02 previousHop=0x01 sequence=13 ackSequence=0 ttl=8 hops=0 payloadSize=4 rssi=-62 snr=10.25
[2026-09-02T18:56:26.298+00:00][B] [INFO] [RF TX] type=3 source=0x02 destination=0x01 previousHop=0x02 sequence=13 ackSequence=13 ttl=8 hops=0 payloadSize=2 rssi=0 snr=0.00
[2026-09-02T18:56:26.298+00:00][B] [WARN] Retry 1
[2026-09-02T18:56:26.364+00:00][B] [INFO] --------------------------------
[2026-09-02T18:56:26.365+00:00][B] [INFO] [HEARTBEAT TX]
[2026-09-02T18:56:26.368+00:00][B] [INFO] Node ID: 2
[2026-09-02T18:56:26.369+00:00][B] [INFO] type: 2
[2026-09-02T18:56:26.369+00:00][B] [INFO] Destination: 0xFF
[2026-09-02T18:56:26.374+00:00][B] [INFO] Sequence: 5
[2026-09-02T18:56:26.374+00:00][B] [INFO] Packet ID: 3
[2026-09-02T18:56:26.375+00:00][B] [INFO] Packet Size: 26
[2026-09-02T18:56:26.380+00:00][B] [INFO] Timestamp: 3 ms
[2026-09-02T18:56:26.380+00:00][B] [INFO] Transmission Result: success
[2026-09-02T18:56:26.385+00:00][B] [INFO] --------------------------------
[2026-09-02T18:56:26.386+00:00][B] [INFO] [Heartbeat #3]
[2026-09-02T18:56:26.390+00:00][B] [INFO] Sent
[2026-09-02T18:56:26.391+00:00][B] [INFO] Waiting ACK...
[2026-09-02T18:56:26.391+00:00][B] [INFO] [WAITING ACK]
[2026-09-02T18:56:26.402+00:00][B] [INFO] [RF TX] type=2 source=0x02 destination=0xFF previousHop=0x02 sequence=5 ackSequence=0 ttl=8 hops=0 payloadSize=13 rssi=0 snr=0.00
[2026-09-02T18:56:26.404+00:00][B] [INFO] Heartbeat packet sent
[2026-09-02T18:56:27.237+00:00][B] [INFO] --------------------------------
[2026-09-02T18:56:27.239+00:00][B] [INFO] [HEARTBEAT TX]
[2026-09-02T18:56:27.242+00:00][B] [INFO] Node ID: 2
[2026-09-02T18:56:27.242+00:00][B] [INFO] type: 2
[2026-09-02T18:56:27.243+00:00][B] [INFO] Destination: 0xFF
[2026-09-02T18:56:27.248+00:00][B] [INFO] Sequence: 14
[2026-09-02T18:56:27.248+00:00][B] [INFO] Packet ID: 4
[2026-09-02T18:56:27.248+00:00][B] [INFO] Packet Size: 26
[2026-09-02T18:56:27.253+00:00][B] [INFO] Timestamp: 4 ms
[2026-09-02T18:56:27.254+00:00][B] [INFO] Transmission Result: success
[2026-09-02T18:56:27.259+00:00][B] [INFO] --------------------------------
[2026-09-02T18:56:27.259+00:00][B] [INFO] [Heartbeat #4]
[2026-09-02T18:56:27.264+00:00][B] [INFO] Sent
[2026-09-02T18:56:27.264+00:00][B] [INFO] Waiting ACK...
[2026-09-02T18:56:27.264+00:00][B] [INFO] [WAITING ACK]
[2026-09-02T18:56:27.278+00:00][B] [INFO] [RF TX] type=2 source=0x02 destination=0xFF previousHop=0x02 sequence=14 ackSequence=0 ttl=8 hops=0 payloadSize=13 rssi=0 snr=0.00
[2026-09-02T18:56:27.278+00:00][B] [INFO] Heartbeat packet sent
[2026-09-02T18:56:27.388+00:00][B] [INFO] [RF TX] type=3 source=0x02 destination=0x01 previousHop=0x02 sequence=15 ackSequence=13 ttl=8 hops=0 payloadSize=2 rssi=0 snr=0.00
[2026-09-02T18:56:28.254+00:00][B] [WARN] Retry 1
[2026-09-02T18:56:28.321+00:00][B] [INFO] --------------------------------
[2026-09-02T18:56:28.321+00:00][B] [INFO] [HEARTBEAT TX]
[2026-09-02T18:56:28.328+00:00][B] [INFO] Node ID: 2
[2026-09-02T18:56:28.329+00:00][B] [INFO] type: 2
[2026-09-02T18:56:28.330+00:00][B] [INFO] Destination: 0xFF
[2026-09-02T18:56:28.331+00:00][B] [INFO] Sequence: 14
[2026-09-02T18:56:28.332+00:00][B] [INFO] Packet ID: 4
[2026-09-02T18:56:28.332+00:00][B] [INFO] Packet Size: 26
[2026-09-02T18:56:28.337+00:00][B] [INFO] Timestamp: 4 ms
[2026-09-02T18:56:28.338+00:00][B] [INFO] Transmission Result: success
[2026-09-02T18:56:28.343+00:00][B] [INFO] --------------------------------
[2026-09-02T18:56:28.343+00:00][B] [INFO] [Heartbeat #4]
[2026-09-02T18:56:28.348+00:00][B] [INFO] Sent
[2026-09-02T18:56:28.349+00:00][B] [INFO] Waiting ACK...
[2026-09-02T18:56:28.349+00:00][B] [INFO] [WAITING ACK]
[2026-09-02T18:56:28.362+00:00][B] [INFO] [RF TX] type=2 source=0x02 destination=0xFF previousHop=0x02 sequence=14 ackSequence=0 ttl=8 hops=0 payloadSize=13 rssi=0 snr=0.00
[2026-09-02T18:56:28.363+00:00][B] [INFO] Heartbeat packet sent
[2026-09-02T18:56:28.472+00:00][B] [INFO] [RF TX] type=3 source=0x02 destination=0x01 previousHop=0x02 sequence=16 ackSequence=13 ttl=8 hops=0 payloadSize=2 rssi=0 snr=0.00
[2026-09-02T18:56:29.237+00:00][B] [INFO] --------------------------------
[2026-09-02T18:56:29.239+00:00][B] [INFO] [HEARTBEAT TX]
[2026-09-02T18:56:29.242+00:00][B] [INFO] Node ID: 2
[2026-09-02T18:56:29.242+00:00][B] [INFO] type: 2
[2026-09-02T18:56:29.243+00:00][B] [INFO] Destination: 0xFF
[2026-09-02T18:56:29.248+00:00][B] [INFO] Sequence: 17
[2026-09-02T18:56:29.248+00:00][B] [INFO] Packet ID: 5
[2026-09-02T18:56:29.248+00:00][B] [INFO] Packet Size: 26
[2026-09-02T18:56:29.253+00:00][B] [INFO] Timestamp: 5 ms
[2026-09-02T18:56:29.254+00:00][B] [INFO] Transmission Result: success
[2026-09-02T18:56:29.259+00:00][B] [INFO] --------------------------------
[2026-09-02T18:56:29.259+00:00][B] [INFO] [Heartbeat #5]
[2026-09-02T18:56:29.264+00:00][B] [INFO] Sent
[2026-09-02T18:56:29.265+00:00][B] [INFO] Waiting ACK...
[2026-09-02T18:56:29.265+00:00][B] [INFO] [WAITING ACK]
[2026-09-02T18:56:29.278+00:00][B] [INFO] [RF TX] type=2 source=0x02 destination=0xFF previousHop=0x02 sequence=17 ackSequence=0 ttl=8 hops=0 payloadSize=13 rssi=0 snr=0.00
[2026-09-02T18:56:29.278+00:00][B] [INFO] Heartbeat packet sent
[2026-09-02T18:56:29.534+00:00][B] [INFO] [RF TX] type=3 source=0x02 destination=0x01 previousHop=0x02 sequence=18 ackSequence=13 ttl=8 hops=0 payloadSize=2 rssi=0 snr=0.00
[2026-09-02T18:56:30.254+00:00][B] [WARN] Retry 1
[2026-09-02T18:56:30.320+00:00][B] [INFO] --------------------------------
[2026-09-02T18:56:30.321+00:00][B] [INFO] [HEARTBEAT TX]
[2026-09-02T18:56:30.326+00:00][B] [INFO] Node ID: 2
[2026-09-02T18:56:30.326+00:00][B] [INFO] type: 2
[2026-09-02T18:56:30.326+00:00][B] [INFO] Destination: 0xFF
[2026-09-02T18:56:30.331+00:00][B] [INFO] Sequence: 17
[2026-09-02T18:56:30.331+00:00][B] [INFO] Packet ID: 5
[2026-09-02T18:56:30.332+00:00][B] [INFO] Packet Size: 26
[2026-09-02T18:56:30.337+00:00][B] [INFO] Timestamp: 5 ms
[2026-09-02T18:56:30.337+00:00][B] [INFO] Transmission Result: success
[2026-09-02T18:56:30.343+00:00][B] [INFO] --------------------------------
[2026-09-02T18:56:30.343+00:00][B] [INFO] [Heartbeat #5]
[2026-09-02T18:56:30.348+00:00][B] [INFO] Sent
[2026-09-02T18:56:30.348+00:00][B] [INFO] Waiting ACK...
[2026-09-02T18:56:30.348+00:00][B] [INFO] [WAITING ACK]
[2026-09-02T18:56:30.362+00:00][B] [INFO] [RF TX] type=2 source=0x02 destination=0xFF previousHop=0x02 sequence=17 ackSequence=0 ttl=8 hops=0 payloadSize=13 rssi=0 snr=0.00
[2026-09-02T18:56:30.362+00:00][B] [INFO] Heartbeat packet sent
[2026-09-02T18:56:30.549+00:00][B] [INFO] [RF RX] type=1 source=0x01 destination=0x02 previousHop=0x01 sequence=16 ackSequence=0 ttl=8 hops=0 payloadSize=4 rssi=-61 snr=9.75
[2026-09-02T18:56:30.607+00:00][B] [INFO] [RF TX] type=3 source=0x02 destination=0x01 previousHop=0x02 sequence=19 ackSequence=16 ttl=8 hops=0 payloadSize=2 rssi=0 snr=0.00
[2026-09-02T18:56:30.673+00:00][B] [INFO] [RF RX] type=1 source=0x01 destination=0x02 previousHop=0x01 sequence=17 ackSequence=0 ttl=8 hops=0 payloadSize=4 rssi=-61 snr=9.75
[2026-09-02T18:56:30.730+00:00][B] [INFO] [RF TX] type=3 source=0x02 destination=0x01 previousHop=0x02 sequence=20 ackSequence=17 ttl=8 hops=0 payloadSize=2 rssi=0 snr=0.00
[2026-09-02T18:56:30.797+00:00][B] [INFO] [RF RX] type=1 source=0x01 destination=0x02 previousHop=0x01 sequence=18 ackSequence=0 ttl=8 hops=0 payloadSize=4 rssi=-62 snr=9.75
[2026-09-02T18:56:30.854+00:00][B] [INFO] [RF TX] type=3 source=0x02 destination=0x01 previousHop=0x02 sequence=21 ackSequence=18 ttl=8 hops=0 payloadSize=2 rssi=0 snr=0.00
[2026-09-02T18:56:30.921+00:00][B] [INFO] [RF RX] type=1 source=0x01 destination=0x02 previousHop=0x01 sequence=19 ackSequence=0 ttl=8 hops=0 payloadSize=4 rssi=-61 snr=10.25
[2026-09-02T18:56:30.978+00:00][B] [INFO] [RF TX] type=3 source=0x02 destination=0x01 previousHop=0x02 sequence=22 ackSequence=19 ttl=8 hops=0 payloadSize=2 rssi=0 snr=0.00
[2026-09-02T18:56:31.045+00:00][B] [INFO] [RF RX] type=1 source=0x01 destination=0x02 previousHop=0x01 sequence=20 ackSequence=0 ttl=8 hops=0 payloadSize=4 rssi=-61 snr=9.75
[2026-09-02T18:56:31.102+00:00][B] [INFO] [RF TX] type=3 source=0x02 destination=0x01 previousHop=0x02 sequence=23 ackSequence=20 ttl=8 hops=0 payloadSize=2 rssi=0 snr=0.00
[2026-09-02T18:56:31.168+00:00][B] [INFO] [RF RX] type=1 source=0x01 destination=0x02 previousHop=0x01 sequence=21 ackSequence=0 ttl=8 hops=0 payloadSize=4 rssi=-62 snr=9.25
[2026-09-02T18:56:31.226+00:00][B] [INFO] [RF TX] type=3 source=0x02 destination=0x01 previousHop=0x02 sequence=24 ackSequence=21 ttl=8 hops=0 payloadSize=2 rssi=0 snr=0.00
[2026-09-02T18:56:31.293+00:00][B] [INFO] --------------------------------
[2026-09-02T18:56:31.294+00:00][B] [INFO] [HEARTBEAT TX]
[2026-09-02T18:56:31.298+00:00][B] [INFO] Node ID: 2
[2026-09-02T18:56:31.298+00:00][B] [INFO] type: 2
[2026-09-02T18:56:31.299+00:00][B] [INFO] Destination: 0xFF
[2026-09-02T18:56:31.304+00:00][B] [INFO] Sequence: 25
[2026-09-02T18:56:31.304+00:00][B] [INFO] Packet ID: 6
[2026-09-02T18:56:31.304+00:00][B] [INFO] Packet Size: 26
[2026-09-02T18:56:31.309+00:00][B] [INFO] Timestamp: 6 ms
[2026-09-02T18:56:31.311+00:00][B] [INFO] Transmission Result: success
[2026-09-02T18:56:31.315+00:00][B] [INFO] --------------------------------
[2026-09-02T18:56:31.315+00:00][B] [INFO] [Heartbeat #6]
[2026-09-02T18:56:31.320+00:00][B] [INFO] Sent
[2026-09-02T18:56:31.321+00:00][B] [INFO] Waiting ACK...
[2026-09-02T18:56:31.321+00:00][B] [INFO] [WAITING ACK]
[2026-09-02T18:56:31.334+00:00][B] [INFO] [RF TX] type=2 source=0x02 destination=0xFF previousHop=0x02 sequence=25 ackSequence=0 ttl=8 hops=0 payloadSize=13 rssi=0 snr=0.00
[2026-09-02T18:56:31.335+00:00][B] [INFO] Heartbeat packet sent
[2026-09-02T18:56:32.278+00:00][B] [INFO] [RF TX] type=3 source=0x02 destination=0x01 previousHop=0x02 sequence=26 ackSequence=21 ttl=8 hops=0 payloadSize=2 rssi=0 snr=0.00
[2026-09-02T18:56:32.310+00:00][B] [WARN] Retry 1
[2026-09-02T18:56:32.377+00:00][B] [INFO] --------------------------------
[2026-09-02T18:56:32.377+00:00][B] [INFO] [HEARTBEAT TX]
[2026-09-02T18:56:32.382+00:00][B] [INFO] Node ID: 2
[2026-09-02T18:56:32.382+00:00][B] [INFO] type: 2
[2026-09-02T18:56:32.383+00:00][B] [INFO] Destination: 0xFF
[2026-09-02T18:56:32.388+00:00][B] [INFO] Sequence: 25
[2026-09-02T18:56:32.388+00:00][B] [INFO] Packet ID: 6
[2026-09-02T18:56:32.388+00:00][B] [INFO] Packet Size: 26
[2026-09-02T18:56:32.393+00:00][B] [INFO] Timestamp: 6 ms
[2026-09-02T18:56:32.394+00:00][B] [INFO] Transmission Result: success
[2026-09-02T18:56:32.399+00:00][B] [INFO] --------------------------------
[2026-09-02T18:56:32.399+00:00][B] [INFO] [Heartbeat #6]
[2026-09-02T18:56:32.404+00:00][B] [INFO] Sent
[2026-09-02T18:56:32.405+00:00][B] [INFO] Waiting ACK...
[2026-09-02T18:56:32.405+00:00][B] [INFO] [WAITING ACK]
[2026-09-02T18:56:32.418+00:00][B] [INFO] [RF TX] type=2 source=0x02 destination=0xFF previousHop=0x02 sequence=25 ackSequence=0 ttl=8 hops=0 payloadSize=13 rssi=0 snr=0.00
[2026-09-02T18:56:32.418+00:00][B] [INFO] Heartbeat packet sent
[2026-09-02T18:56:33.292+00:00][B] [INFO] --------------------------------
[2026-09-02T18:56:33.292+00:00][B] [INFO] [HEARTBEAT TX]
[2026-09-02T18:56:33.297+00:00][B] [INFO] Node ID: 2
[2026-09-02T18:56:33.297+00:00][B] [INFO] type: 2
[2026-09-02T18:56:33.297+00:00][B] [INFO] Destination: 0xFF
[2026-09-02T18:56:33.303+00:00][B] [INFO] Sequence: 27
[2026-09-02T18:56:33.303+00:00][B] [INFO] Packet ID: 7
[2026-09-02T18:56:33.303+00:00][B] [INFO] Packet Size: 26
[2026-09-02T18:56:33.308+00:00][B] [INFO] Timestamp: 7 ms
[2026-09-02T18:56:33.309+00:00][B] [INFO] Transmission Result: success
[2026-09-02T18:56:33.314+00:00][B] [INFO] --------------------------------
[2026-09-02T18:56:33.314+00:00][B] [INFO] [Heartbeat #7]
[2026-09-02T18:56:33.319+00:00][B] [INFO] Sent
[2026-09-02T18:56:33.319+00:00][B] [INFO] Waiting ACK...
[2026-09-02T18:56:33.320+00:00][B] [INFO] [WAITING ACK]
[2026-09-02T18:56:33.333+00:00][B] [INFO] [RF TX] type=2 source=0x02 destination=0xFF previousHop=0x02 sequence=27 ackSequence=0 ttl=8 hops=0 payloadSize=13 rssi=0 snr=0.00
[2026-09-02T18:56:33.334+00:00][B] [INFO] Heartbeat packet sent
[2026-09-02T18:56:34.309+00:00][B] [WARN] Retry 1
[2026-09-02T18:56:34.376+00:00][B] [INFO] --------------------------------
[2026-09-02T18:56:34.376+00:00][B] [INFO] [HEARTBEAT TX]
[2026-09-02T18:56:34.381+00:00][B] [INFO] Node ID: 2
[2026-09-02T18:56:34.381+00:00][B] [INFO] type: 2
[2026-09-02T18:56:34.381+00:00][B] [INFO] Destination: 0xFF
[2026-09-02T18:56:34.386+00:00][B] [INFO] Sequence: 27
[2026-09-02T18:56:34.386+00:00][B] [INFO] Packet ID: 7
[2026-09-02T18:56:34.387+00:00][B] [INFO] Packet Size: 26
[2026-09-02T18:56:34.392+00:00][B] [INFO] Timestamp: 7 ms
[2026-09-02T18:56:34.393+00:00][B] [INFO] Transmission Result: success
[2026-09-02T18:56:34.397+00:00][B] [INFO] --------------------------------
[2026-09-02T18:56:34.398+00:00][B] [INFO] [Heartbeat #7]
[2026-09-02T18:56:34.403+00:00][B] [INFO] Sent
[2026-09-02T18:56:34.403+00:00][B] [INFO] Waiting ACK...
[2026-09-02T18:56:34.404+00:00][B] [INFO] [WAITING ACK]
[2026-09-02T18:56:34.417+00:00][B] [INFO] [RF TX] type=2 source=0x02 destination=0xFF previousHop=0x02 sequence=27 ackSequence=0 ttl=8 hops=0 payloadSize=13 rssi=0 snr=0.00
[2026-09-02T18:56:34.418+00:00][B] [INFO] Heartbeat packet sent
[2026-09-02T18:56:35.292+00:00][B] [INFO] --------------------------------
[2026-09-02T18:56:35.292+00:00][B] [INFO] [HEARTBEAT TX]
[2026-09-02T18:56:35.297+00:00][B] [INFO] Node ID: 2
[2026-09-02T18:56:35.297+00:00][B] [INFO] type: 2
[2026-09-02T18:56:35.298+00:00][B] [INFO] Destination: 0xFF
[2026-09-02T18:56:35.303+00:00][B] [INFO] Sequence: 28
[2026-09-02T18:56:35.303+00:00][B] [INFO] Packet ID: 8
[2026-09-02T18:56:35.303+00:00][B] [INFO] Packet Size: 26
[2026-09-02T18:56:35.308+00:00][B] [INFO] Timestamp: 8 ms
[2026-09-02T18:56:35.309+00:00][B] [INFO] Transmission Result: success
[2026-09-02T18:56:35.314+00:00][B] [INFO] --------------------------------
[2026-09-02T18:56:35.314+00:00][B] [INFO] [Heartbeat #8]
[2026-09-02T18:56:35.319+00:00][B] [INFO] Sent
[2026-09-02T18:56:35.319+00:00][B] [INFO] Waiting ACK...
[2026-09-02T18:56:35.320+00:00][B] [INFO] [WAITING ACK]
[2026-09-02T18:56:35.333+00:00][B] [INFO] [RF TX] type=2 source=0x02 destination=0xFF previousHop=0x02 sequence=28 ackSequence=0 ttl=8 hops=0 payloadSize=13 rssi=0 snr=0.00
[2026-09-02T18:56:35.333+00:00][B] [INFO] Heartbeat packet sent
[2026-09-02T18:56:35.487+00:00][B] [INFO] [RF RX] type=1 source=0x01 destination=0x02 previousHop=0x01 sequence=25 ackSequence=0 ttl=8 hops=0 payloadSize=4 rssi=-62 snr=9.50
[2026-09-02T18:56:35.544+00:00][B] [INFO] [RF TX] type=3 source=0x02 destination=0x01 previousHop=0x02 sequence=29 ackSequence=25 ttl=8 hops=0 payloadSize=2 rssi=0 snr=0.00
[2026-09-02T18:56:35.611+00:00][B] [INFO] [RF RX] type=1 source=0x01 destination=0x02 previousHop=0x01 sequence=26 ackSequence=0 ttl=8 hops=0 payloadSize=4 rssi=-62 snr=9.75
[2026-09-02T18:56:35.668+00:00][B] [INFO] [RF TX] type=3 source=0x02 destination=0x01 previousHop=0x02 sequence=30 ackSequence=26 ttl=8 hops=0 payloadSize=2 rssi=0 snr=0.00
[2026-09-02T18:56:35.734+00:00][B] [INFO] [RF RX] type=1 source=0x01 destination=0x02 previousHop=0x01 sequence=27 ackSequence=0 ttl=8 hops=0 payloadSize=4 rssi=-62 snr=9.75
[2026-09-02T18:56:35.792+00:00][B] [INFO] [RF TX] type=3 source=0x02 destination=0x01 previousHop=0x02 sequence=31 ackSequence=27 ttl=8 hops=0 payloadSize=2 rssi=0 snr=0.00
[2026-09-02T18:56:35.858+00:00][B] [INFO] [RF RX] type=1 source=0x01 destination=0x02 previousHop=0x01 sequence=28 ackSequence=0 ttl=8 hops=0 payloadSize=4 rssi=-62 snr=9.75
[2026-09-02T18:56:35.916+00:00][B] [INFO] [RF TX] type=3 source=0x02 destination=0x01 previousHop=0x02 sequence=32 ackSequence=28 ttl=8 hops=0 payloadSize=2 rssi=0 snr=0.00
[2026-09-02T18:56:35.982+00:00][B] [INFO] [RF RX] type=1 source=0x01 destination=0x02 previousHop=0x01 sequence=29 ackSequence=0 ttl=8 hops=0 payloadSize=4 rssi=-62 snr=10.00
[2026-09-02T18:56:36.040+00:00][B] [INFO] [RF TX] type=3 source=0x02 destination=0x01 previousHop=0x02 sequence=33 ackSequence=29 ttl=8 hops=0 payloadSize=2 rssi=0 snr=0.00
[2026-09-02T18:56:36.106+00:00][B] [INFO] [RF RX] type=1 source=0x01 destination=0x02 previousHop=0x01 sequence=30 ackSequence=0 ttl=8 hops=0 payloadSize=4 rssi=-61 snr=9.75
[2026-09-02T18:56:36.163+00:00][B] [INFO] [RF TX] type=3 source=0x02 destination=0x01 previousHop=0x02 sequence=34 ackSequence=30 ttl=8 hops=0 payloadSize=2 rssi=0 snr=0.00
[2026-09-02T18:56:36.230+00:00][B] [INFO] [RF RX] type=1 source=0x01 destination=0x02 previousHop=0x01 sequence=31 ackSequence=0 ttl=8 hops=0 payloadSize=4 rssi=-61 snr=9.50
[2026-09-02T18:56:36.287+00:00][B] [INFO] [RF TX] type=3 source=0x02 destination=0x01 previousHop=0x02 sequence=35 ackSequence=31 ttl=8 hops=0 payloadSize=2 rssi=0 snr=0.00
[2026-09-02T18:56:36.309+00:00][B] [WARN] Retry 1
[2026-09-02T18:56:36.376+00:00][B] [INFO] --------------------------------
[2026-09-02T18:56:36.376+00:00][B] [INFO] [HEARTBEAT TX]
[2026-09-02T18:56:36.381+00:00][B] [INFO] Node ID: 2
[2026-09-02T18:56:36.381+00:00][B] [INFO] type: 2
[2026-09-02T18:56:36.381+00:00][B] [INFO] Destination: 0xFF
[2026-09-02T18:56:36.386+00:00][B] [INFO] Sequence: 28
[2026-09-02T18:56:36.387+00:00][B] [INFO] Packet ID: 8
[2026-09-02T18:56:36.387+00:00][B] [INFO] Packet Size: 26
[2026-09-02T18:56:36.392+00:00][B] [INFO] Timestamp: 8 ms
[2026-09-02T18:56:36.393+00:00][B] [INFO] Transmission Result: success
[2026-09-02T18:56:36.397+00:00][B] [INFO] --------------------------------
[2026-09-02T18:56:36.398+00:00][B] [INFO] [Heartbeat #8]
[2026-09-02T18:56:36.403+00:00][B] [INFO] Sent
[2026-09-02T18:56:36.403+00:00][B] [INFO] Waiting ACK...
[2026-09-02T18:56:36.404+00:00][B] [INFO] [WAITING ACK]
[2026-09-02T18:56:36.417+00:00][B] [INFO] [RF TX] type=2 source=0x02 destination=0xFF previousHop=0x02 sequence=28 ackSequence=0 ttl=8 hops=0 payloadSize=13 rssi=0 snr=0.00
[2026-09-02T18:56:36.417+00:00][B] [INFO] Heartbeat packet sent
[2026-09-02T18:56:37.292+00:00][B] [INFO] --------------------------------
[2026-09-02T18:56:37.292+00:00][B] [INFO] [HEARTBEAT TX]
[2026-09-02T18:56:37.297+00:00][B] [INFO] Node ID: 2
[2026-09-02T18:56:37.297+00:00][B] [INFO] type: 2
[2026-09-02T18:56:37.298+00:00][B] [INFO] Destination: 0xFF
[2026-09-02T18:56:37.303+00:00][B] [INFO] Sequence: 36
[2026-09-02T18:56:37.303+00:00][B] [INFO] Packet ID: 9
[2026-09-02T18:56:37.304+00:00][B] [INFO] Packet Size: 26
[2026-09-02T18:56:37.308+00:00][B] [INFO] Timestamp: 9 ms
[2026-09-02T18:56:37.309+00:00][B] [INFO] Transmission Result: success
[2026-09-02T18:56:37.314+00:00][B] [INFO] --------------------------------
[2026-09-02T18:56:37.315+00:00][B] [INFO] [Heartbeat #9]
[2026-09-02T18:56:37.319+00:00][B] [INFO] Sent
[2026-09-02T18:56:37.320+00:00][B] [INFO] Waiting ACK...
[2026-09-02T18:56:37.320+00:00][B] [INFO] [WAITING ACK]
[2026-09-02T18:56:37.333+00:00][B] [INFO] [RF TX] type=2 source=0x02 destination=0xFF previousHop=0x02 sequence=36 ackSequence=0 ttl=8 hops=0 payloadSize=13 rssi=0 snr=0.00
[2026-09-02T18:56:37.335+00:00][B] [INFO] Heartbeat packet sent
[2026-09-02T18:56:38.309+00:00][B] [WARN] Retry 1
[2026-09-02T18:56:38.375+00:00][B] [INFO] --------------------------------
[2026-09-02T18:56:38.376+00:00][B] [INFO] [HEARTBEAT TX]
[2026-09-02T18:56:38.381+00:00][B] [INFO] Node ID: 2
[2026-09-02T18:56:38.381+00:00][B] [INFO] type: 2
[2026-09-02T18:56:38.381+00:00][B] [INFO] Destination: 0xFF
[2026-09-02T18:56:38.386+00:00][B] [INFO] Sequence: 36
[2026-09-02T18:56:38.387+00:00][B] [INFO] Packet ID: 9
[2026-09-02T18:56:38.387+00:00][B] [INFO] Packet Size: 26
[2026-09-02T18:56:38.392+00:00][B] [INFO] Timestamp: 9 ms
[2026-09-02T18:56:38.392+00:00][B] [INFO] Transmission Result: success
[2026-09-02T18:56:38.398+00:00][B] [INFO] --------------------------------
[2026-09-02T18:56:38.398+00:00][B] [INFO] [Heartbeat #9]
[2026-09-02T18:56:38.403+00:00][B] [INFO] Sent
[2026-09-02T18:56:38.404+00:00][B] [INFO] Waiting ACK...
[2026-09-02T18:56:38.404+00:00][B] [INFO] [WAITING ACK]
[2026-09-02T18:56:38.417+00:00][B] [INFO] [RF TX] type=2 source=0x02 destination=0xFF previousHop=0x02 sequence=36 ackSequence=0 ttl=8 hops=0 payloadSize=13 rssi=0 snr=0.00
[2026-09-02T18:56:38.417+00:00][B] [INFO] Heartbeat packet sent
[2026-09-02T18:56:39.291+00:00][B] [INFO] --------------------------------
[2026-09-02T18:56:39.291+00:00][B] [INFO] [HEARTBEAT TX]
[2026-09-02T18:56:39.297+00:00][B] [INFO] Node ID: 2
[2026-09-02T18:56:39.297+00:00][B] [INFO] type: 2
[2026-09-02T18:56:39.297+00:00][B] [INFO] Destination: 0xFF
[2026-09-02T18:56:39.302+00:00][B] [INFO] Sequence: 37
[2026-09-02T18:56:39.303+00:00][B] [INFO] Packet ID: 10
[2026-09-02T18:56:39.303+00:00][B] [INFO] Packet Size: 26
[2026-09-02T18:56:39.308+00:00][B] [INFO] Timestamp: 10 ms
[2026-09-02T18:56:39.308+00:00][B] [INFO] Transmission Result: success
[2026-09-02T18:56:39.314+00:00][B] [INFO] --------------------------------
[2026-09-02T18:56:39.314+00:00][B] [INFO] [Heartbeat #10]
[2026-09-02T18:56:39.319+00:00][B] [INFO] Sent
[2026-09-02T18:56:39.319+00:00][B] [INFO] Waiting ACK...
[2026-09-02T18:56:39.319+00:00][B] [INFO] [WAITING ACK]
[2026-09-02T18:56:39.333+00:00][B] [INFO] [RF TX] type=2 source=0x02 destination=0xFF previousHop=0x02 sequence=37 ackSequence=0 ttl=8 hops=0 payloadSize=13 rssi=0 snr=0.00
[2026-09-02T18:56:39.333+00:00][B] [INFO] Heartbeat packet sent
[2026-09-02T18:56:39.546+00:00][B] [INFO] [RF TX] type=3 source=0x02 destination=0x01 previousHop=0x02 sequence=38 ackSequence=31 ttl=8 hops=0 payloadSize=2 rssi=0 snr=0.00
[2026-09-02T18:56:40.309+00:00][B] [WARN] Retry 1
[2026-09-02T18:56:40.375+00:00][B] [INFO] --------------------------------
[2026-09-02T18:56:40.376+00:00][B] [INFO] [HEARTBEAT TX]
[2026-09-02T18:56:40.381+00:00][B] [INFO] Node ID: 2
[2026-09-02T18:56:40.381+00:00][B] [INFO] type: 2
[2026-09-02T18:56:40.381+00:00][B] [INFO] Destination: 0xFF
[2026-09-02T18:56:40.386+00:00][B] [INFO] Sequence: 37
[2026-09-02T18:56:40.387+00:00][B] [INFO] Packet ID: 10
[2026-09-02T18:56:40.387+00:00][B] [INFO] Packet Size: 26
[2026-09-02T18:56:40.392+00:00][B] [INFO] Timestamp: 10 ms
[2026-09-02T18:56:40.392+00:00][B] [INFO] Transmission Result: success
[2026-09-02T18:56:40.398+00:00][B] [INFO] --------------------------------
[2026-09-02T18:56:40.398+00:00][B] [INFO] [Heartbeat #10]
[2026-09-02T18:56:40.403+00:00][B] [INFO] Sent
[2026-09-02T18:56:40.403+00:00][B] [INFO] Waiting ACK...
[2026-09-02T18:56:40.403+00:00][B] [INFO] [WAITING ACK]
[2026-09-02T18:56:40.417+00:00][B] [INFO] [RF TX] type=2 source=0x02 destination=0xFF previousHop=0x02 sequence=37 ackSequence=0 ttl=8 hops=0 payloadSize=13 rssi=0 snr=0.00
[2026-09-02T18:56:40.417+00:00][B] [INFO] Heartbeat packet sent
[2026-09-02T18:56:40.549+00:00][B] [INFO] [RF RX] type=1 source=0x01 destination=0x02 previousHop=0x01 sequence=34 ackSequence=0 ttl=8 hops=0 payloadSize=4 rssi=-61 snr=9.50
[2026-09-02T18:56:40.606+00:00][B] [INFO] [RF TX] type=3 source=0x02 destination=0x01 previousHop=0x02 sequence=39 ackSequence=34 ttl=8 hops=0 payloadSize=2 rssi=0 snr=0.00
[2026-09-02T18:56:40.673+00:00][B] [INFO] [RF RX] type=1 source=0x01 destination=0x02 previousHop=0x01 sequence=35 ackSequence=0 ttl=8 hops=0 payloadSize=4 rssi=-62 snr=9.75
[2026-09-02T18:56:40.730+00:00][B] [INFO] [RF TX] type=3 source=0x02 destination=0x01 previousHop=0x02 sequence=40 ackSequence=35 ttl=8 hops=0 payloadSize=2 rssi=0 snr=0.00
[2026-09-02T18:56:40.796+00:00][B] [INFO] [RF RX] type=1 source=0x01 destination=0x02 previousHop=0x01 sequence=36 ackSequence=0 ttl=8 hops=0 payloadSize=4 rssi=-62 snr=9.75
[2026-09-02T18:56:40.854+00:00][B] [INFO] [RF TX] type=3 source=0x02 destination=0x01 previousHop=0x02 sequence=41 ackSequence=36 ttl=8 hops=0 payloadSize=2 rssi=0 snr=0.00
[2026-09-02T18:56:40.920+00:00][B] [INFO] [RF RX] type=1 source=0x01 destination=0x02 previousHop=0x01 sequence=37 ackSequence=0 ttl=8 hops=0 payloadSize=4 rssi=-62 snr=10.00
[2026-09-02T18:56:40.978+00:00][B] [INFO] [RF TX] type=3 source=0x02 destination=0x01 previousHop=0x02 sequence=42 ackSequence=37 ttl=8 hops=0 payloadSize=2 rssi=0 snr=0.00
[2026-09-02T18:56:41.044+00:00][B] [INFO] [RF RX] type=1 source=0x01 destination=0x02 previousHop=0x01 sequence=38 ackSequence=0 ttl=8 hops=0 payloadSize=4 rssi=-62 snr=9.50
[2026-09-02T18:56:41.101+00:00][B] [INFO] [RF TX] type=3 source=0x02 destination=0x01 previousHop=0x02 sequence=43 ackSequence=38 ttl=8 hops=0 payloadSize=2 rssi=0 snr=0.00
[2026-09-02T18:56:41.168+00:00][B] [INFO] [RF RX] type=1 source=0x01 destination=0x02 previousHop=0x01 sequence=39 ackSequence=0 ttl=8 hops=0 payloadSize=4 rssi=-62 snr=9.75
[2026-09-02T18:56:41.225+00:00][B] [INFO] [RF TX] type=3 source=0x02 destination=0x01 previousHop=0x02 sequence=44 ackSequence=39 ttl=8 hops=0 payloadSize=2 rssi=0 snr=0.00
[2026-09-02T18:56:41.292+00:00][B] [INFO] --------------------------------
[2026-09-02T18:56:41.293+00:00][B] [INFO] [HEARTBEAT TX]
[2026-09-02T18:56:41.298+00:00][B] [INFO] Node ID: 2
[2026-09-02T18:56:41.298+00:00][B] [INFO] type: 2
[2026-09-02T18:56:41.298+00:00][B] [INFO] Destination: 0xFF
[2026-09-02T18:56:41.303+00:00][B] [INFO] Sequence: 45
[2026-09-02T18:56:41.303+00:00][B] [INFO] Packet ID: 11
[2026-09-02T18:56:41.304+00:00][B] [INFO] Packet Size: 26
[2026-09-02T18:56:41.309+00:00][B] [INFO] Timestamp: 11 ms
[2026-09-02T18:56:41.310+00:00][B] [INFO] Transmission Result: success
[2026-09-02T18:56:41.314+00:00][B] [INFO] --------------------------------
[2026-09-02T18:56:41.315+00:00][B] [INFO] [Heartbeat #11]
[2026-09-02T18:56:41.320+00:00][B] [INFO] Sent
[2026-09-02T18:56:41.321+00:00][B] [INFO] Waiting ACK...
[2026-09-02T18:56:41.321+00:00][B] [INFO] [WAITING ACK]
[2026-09-02T18:56:41.334+00:00][B] [INFO] [RF TX] type=2 source=0x02 destination=0xFF previousHop=0x02 sequence=45 ackSequence=0 ttl=8 hops=0 payloadSize=13 rssi=0 snr=0.00
[2026-09-02T18:56:41.334+00:00][B] [INFO] Heartbeat packet sent
[2026-09-02T18:56:42.277+00:00][B] [INFO] [RF TX] type=3 source=0x02 destination=0x01 previousHop=0x02 sequence=46 ackSequence=39 ttl=8 hops=0 payloadSize=2 rssi=0 snr=0.00
[2026-09-02T18:56:42.308+00:00][B] [WARN] Retry 1
[2026-09-02T18:56:42.390+00:00][B] [INFO] --------------------------------
[2026-09-02T18:56:42.390+00:00][B] [INFO] [HEARTBEAT TX]
[2026-09-02T18:56:42.390+00:00][B] [INFO] Node ID: 2
[2026-09-02T18:56:42.391+00:00][B] [INFO] type: 2
[2026-09-02T18:56:42.391+00:00][B] [INFO] Destination: 0xFF
[2026-09-02T18:56:42.391+00:00][B] [INFO] Sequence: 45
[2026-09-02T18:56:42.392+00:00][B] [INFO] Packet ID: 11
[2026-09-02T18:56:42.392+00:00][B] [INFO] Packet Size: 26
[2026-09-02T18:56:42.392+00:00][B] [INFO] Timestamp: 11 ms
[2026-09-02T18:56:42.392+00:00][B] [INFO] Transmission Result: success
[2026-09-02T18:56:42.397+00:00][B] [INFO] --------------------------------
[2026-09-02T18:56:42.397+00:00][B] [INFO] [Heartbeat #11]
[2026-09-02T18:56:42.403+00:00][B] [INFO] Sent
[2026-09-02T18:56:42.403+00:00][B] [INFO] Waiting ACK...
[2026-09-02T18:56:42.403+00:00][B] [INFO] [WAITING ACK]
[2026-09-02T18:56:42.417+00:00][B] [INFO] [RF TX] type=2 source=0x02 destination=0xFF previousHop=0x02 sequence=45 ackSequence=0 ttl=8 hops=0 payloadSize=13 rssi=0 snr=0.00
[2026-09-02T18:56:42.417+00:00][B] [INFO] Heartbeat packet sent
[2026-09-02T18:56:43.291+00:00][B] [INFO] --------------------------------
[2026-09-02T18:56:43.292+00:00][B] [INFO] [HEARTBEAT TX]
[2026-09-02T18:56:43.297+00:00][B] [INFO] Node ID: 2
[2026-09-02T18:56:43.297+00:00][B] [INFO] type: 2
[2026-09-02T18:56:43.297+00:00][B] [INFO] Destination: 0xFF
[2026-09-02T18:56:43.302+00:00][B] [INFO] Sequence: 47
[2026-09-02T18:56:43.303+00:00][B] [INFO] Packet ID: 12
[2026-09-02T18:56:43.303+00:00][B] [INFO] Packet Size: 26
[2026-09-02T18:56:43.308+00:00][B] [INFO] Timestamp: 12 ms
[2026-09-02T18:56:43.309+00:00][B] [INFO] Transmission Result: success
[2026-09-02T18:56:43.314+00:00][B] [INFO] --------------------------------
[2026-09-02T18:56:43.314+00:00][B] [INFO] [Heartbeat #12]
[2026-09-02T18:56:43.319+00:00][B] [INFO] Sent
[2026-09-02T18:56:43.319+00:00][B] [INFO] Waiting ACK...
[2026-09-02T18:56:43.319+00:00][B] [INFO] [WAITING ACK]
[2026-09-02T18:56:43.333+00:00][B] [INFO] [RF TX] type=2 source=0x02 destination=0xFF previousHop=0x02 sequence=47 ackSequence=0 ttl=8 hops=0 payloadSize=13 rssi=0 snr=0.00
[2026-09-02T18:56:43.334+00:00][B] [INFO] Heartbeat packet sent
[2026-09-02T18:56:44.309+00:00][B] [WARN] Retry 1
[2026-09-02T18:56:44.375+00:00][B] [INFO] --------------------------------
[2026-09-02T18:56:44.376+00:00][B] [INFO] [HEARTBEAT TX]
[2026-09-02T18:56:44.381+00:00][B] [INFO] Node ID: 2
[2026-09-02T18:56:44.381+00:00][B] [INFO] type: 2
[2026-09-02T18:56:44.382+00:00][B] [INFO] Destination: 0xFF
[2026-09-02T18:56:44.386+00:00][B] [INFO] Sequence: 47
[2026-09-02T18:56:44.387+00:00][B] [INFO] Packet ID: 12
[2026-09-02T18:56:44.387+00:00][B] [INFO] Packet Size: 26
[2026-09-02T18:56:44.392+00:00][B] [INFO] Timestamp: 12 ms
[2026-09-02T18:56:44.392+00:00][B] [INFO] Transmission Result: success
[2026-09-02T18:56:44.398+00:00][B] [INFO] --------------------------------
[2026-09-02T18:56:44.398+00:00][B] [INFO] [Heartbeat #12]
[2026-09-02T18:56:44.403+00:00][B] [INFO] Sent
[2026-09-02T18:56:44.403+00:00][B] [INFO] Waiting ACK...
[2026-09-02T18:56:44.404+00:00][B] [INFO] [WAITING ACK]
[2026-09-02T18:56:44.417+00:00][B] [INFO] [RF TX] type=2 source=0x02 destination=0xFF previousHop=0x02 sequence=47 ackSequence=0 ttl=8 hops=0 payloadSize=13 rssi=0 snr=0.00
[2026-09-02T18:56:44.417+00:00][B] [INFO] Heartbeat packet sent
[2026-09-02T18:56:45.291+00:00][B] [INFO] --------------------------------
[2026-09-02T18:56:45.291+00:00][B] [INFO] [HEARTBEAT TX]
[2026-09-02T18:56:45.297+00:00][B] [INFO] Node ID: 2
[2026-09-02T18:56:45.297+00:00][B] [INFO] type: 2
[2026-09-02T18:56:45.297+00:00][B] [INFO] Destination: 0xFF
[2026-09-02T18:56:45.302+00:00][B] [INFO] Sequence: 48
[2026-09-02T18:56:45.302+00:00][B] [INFO] Packet ID: 13
[2026-09-02T18:56:45.302+00:00][B] [INFO] Packet Size: 26
[2026-09-02T18:56:45.308+00:00][B] [INFO] Timestamp: 13 ms
[2026-09-02T18:56:45.308+00:00][B] [INFO] Transmission Result: success
[2026-09-02T18:56:45.313+00:00][B] [INFO] --------------------------------
[2026-09-02T18:56:45.313+00:00][B] [INFO] [Heartbeat #13]
[2026-09-02T18:56:45.319+00:00][B] [INFO] Sent
[2026-09-02T18:56:45.319+00:00][B] [INFO] Waiting ACK...
[2026-09-02T18:56:45.319+00:00][B] [INFO] [WAITING ACK]
[2026-09-02T18:56:45.333+00:00][B] [INFO] [RF TX] type=2 source=0x02 destination=0xFF previousHop=0x02 sequence=48 ackSequence=0 ttl=8 hops=0 payloadSize=13 rssi=0 snr=0.00
[2026-09-02T18:56:45.333+00:00][B] [INFO] Heartbeat packet sent
[2026-09-02T18:56:45.486+00:00][B] [INFO] [RF RX] type=1 source=0x01 destination=0x02 previousHop=0x01 sequence=43 ackSequence=0 ttl=8 hops=0 payloadSize=4 rssi=-61 snr=9.75
[2026-09-02T18:56:45.544+00:00][B] [INFO] [RF TX] type=3 source=0x02 destination=0x01 previousHop=0x02 sequence=49 ackSequence=43 ttl=8 hops=0 payloadSize=2 rssi=0 snr=0.00
[2026-09-02T18:56:45.610+00:00][B] [INFO] [RF RX] type=1 source=0x01 destination=0x02 previousHop=0x01 sequence=44 ackSequence=0 ttl=8 hops=0 payloadSize=4 rssi=-62 snr=10.75
[2026-09-02T18:56:45.668+00:00][B] [INFO] [RF TX] type=3 source=0x02 destination=0x01 previousHop=0x02 sequence=50 ackSequence=44 ttl=8 hops=0 payloadSize=2 rssi=0 snr=0.00
[2026-09-02T18:56:45.736+00:00][B] [INFO] [RF RX] type=1 source=0x01 destination=0x02 previousHop=0x01 sequence=45 ackSequence=0 ttl=8 hops=0 payloadSize=4 rssi=-62 snr=10.00
[2026-09-02T18:56:45.792+00:00][B] [INFO] [RF TX] type=3 source=0x02 destination=0x01 previousHop=0x02 sequence=51 ackSequence=45 ttl=8 hops=0 payloadSize=2 rssi=0 snr=0.00
[2026-09-02T18:56:45.858+00:00][B] [INFO] [RF RX] type=1 source=0x01 destination=0x02 previousHop=0x01 sequence=46 ackSequence=0 ttl=8 hops=0 payloadSize=4 rssi=-63 snr=9.75
[2026-09-02T18:56:45.916+00:00][B] [INFO] [RF TX] type=3 source=0x02 destination=0x01 previousHop=0x02 sequence=52 ackSequence=46 ttl=8 hops=0 payloadSize=2 rssi=0 snr=0.00
[2026-09-02T18:56:45.982+00:00][B] [INFO] [RF RX] type=1 source=0x01 destination=0x02 previousHop=0x01 sequence=47 ackSequence=0 ttl=8 hops=0 payloadSize=4 rssi=-61 snr=10.00
[2026-09-02T18:56:46.041+00:00][B] [INFO] [RF TX] type=3 source=0x02 destination=0x01 previousHop=0x02 sequence=53 ackSequence=47 ttl=8 hops=0 payloadSize=2 rssi=0 snr=0.00
[2026-09-02T18:56:46.106+00:00][B] [INFO] [RF RX] type=1 source=0x01 destination=0x02 previousHop=0x01 sequence=48 ackSequence=0 ttl=8 hops=0 payloadSize=4 rssi=-62 snr=10.25
[2026-09-02T18:56:46.163+00:00][B] [INFO] [RF TX] type=3 source=0x02 destination=0x01 previousHop=0x02 sequence=54 ackSequence=48 ttl=8 hops=0 payloadSize=2 rssi=0 snr=0.00
[2026-09-02T18:56:46.229+00:00][B] [INFO] [RF RX] type=1 source=0x01 destination=0x02 previousHop=0x01 sequence=49 ackSequence=0 ttl=8 hops=0 payloadSize=4 rssi=-62 snr=9.50
[2026-09-02T18:56:46.287+00:00][B] [INFO] [RF TX] type=3 source=0x02 destination=0x01 previousHop=0x02 sequence=55 ackSequence=49 ttl=8 hops=0 payloadSize=2 rssi=0 snr=0.00
[2026-09-02T18:56:46.308+00:00][B] [WARN] Retry 1
[2026-09-02T18:56:46.375+00:00][B] [INFO] --------------------------------
[2026-09-02T18:56:46.375+00:00][B] [INFO] [HEARTBEAT TX]
[2026-09-02T18:56:46.380+00:00][B] [INFO] Node ID: 2
[2026-09-02T18:56:46.380+00:00][B] [INFO] type: 2
[2026-09-02T18:56:46.381+00:00][B] [INFO] Destination: 0xFF
[2026-09-02T18:56:46.386+00:00][B] [INFO] Sequence: 48
[2026-09-02T18:56:46.386+00:00][B] [INFO] Packet ID: 13
[2026-09-02T18:56:46.386+00:00][B] [INFO] Packet Size: 26
[2026-09-02T18:56:46.392+00:00][B] [INFO] Timestamp: 13 ms
[2026-09-02T18:56:46.392+00:00][B] [INFO] Transmission Result: success
[2026-09-02T18:56:46.397+00:00][B] [INFO] --------------------------------
[2026-09-02T18:56:46.397+00:00][B] [INFO] [Heartbeat #13]
[2026-09-02T18:56:46.403+00:00][B] [INFO] Sent
[2026-09-02T18:56:46.403+00:00][B] [INFO] Waiting ACK...
[2026-09-02T18:56:46.403+00:00][B] [INFO] [WAITING ACK]
[2026-09-02T18:56:46.417+00:00][B] [INFO] [RF TX] type=2 source=0x02 destination=0xFF previousHop=0x02 sequence=48 ackSequence=0 ttl=8 hops=0 payloadSize=13 rssi=0 snr=0.00
[2026-09-02T18:56:46.417+00:00][B] [INFO] Heartbeat packet sent
[2026-09-02T18:56:47.291+00:00][B] [INFO] --------------------------------
[2026-09-02T18:56:47.292+00:00][B] [INFO] [HEARTBEAT TX]
[2026-09-02T18:56:47.296+00:00][B] [INFO] Node ID: 2
[2026-09-02T18:56:47.296+00:00][B] [INFO] type: 2
[2026-09-02T18:56:47.297+00:00][B] [INFO] Destination: 0xFF
[2026-09-02T18:56:47.302+00:00][B] [INFO] Sequence: 56
[2026-09-02T18:56:47.302+00:00][B] [INFO] Packet ID: 14
[2026-09-02T18:56:47.302+00:00][B] [INFO] Packet Size: 26
[2026-09-02T18:56:47.307+00:00][B] [INFO] Timestamp: 14 ms
[2026-09-02T18:56:47.308+00:00][B] [INFO] Transmission Result: success
[2026-09-02T18:56:47.313+00:00][B] [INFO] --------------------------------
[2026-09-02T18:56:47.313+00:00][B] [INFO] [Heartbeat #14]
[2026-09-02T18:56:47.319+00:00][B] [INFO] Sent
[2026-09-02T18:56:47.319+00:00][B] [INFO] Waiting ACK...
[2026-09-02T18:56:47.319+00:00][B] [INFO] [WAITING ACK]
[2026-09-02T18:56:47.333+00:00][B] [INFO] [RF TX] type=2 source=0x02 destination=0xFF previousHop=0x02 sequence=56 ackSequence=0 ttl=8 hops=0 payloadSize=13 rssi=0 snr=0.00
[2026-09-02T18:56:47.333+00:00][B] [INFO] Heartbeat packet sent
[2026-09-02T18:56:48.308+00:00][B] [WARN] Retry 1
[2026-09-02T18:56:48.375+00:00][B] [INFO] --------------------------------
[2026-09-02T18:56:48.375+00:00][B] [INFO] [HEARTBEAT TX]
[2026-09-02T18:56:48.380+00:00][B] [INFO] Node ID: 2
[2026-09-02T18:56:48.380+00:00][B] [INFO] type: 2
[2026-09-02T18:56:48.381+00:00][B] [INFO] Destination: 0xFF
[2026-09-02T18:56:48.386+00:00][B] [INFO] Sequence: 56
[2026-09-02T18:56:48.386+00:00][B] [INFO] Packet ID: 14
[2026-09-02T18:56:48.386+00:00][B] [INFO] Packet Size: 26
[2026-09-02T18:56:48.392+00:00][B] [INFO] Timestamp: 14 ms
[2026-09-02T18:56:48.392+00:00][B] [INFO] Transmission Result: success
[2026-09-02T18:56:48.397+00:00][B] [INFO] --------------------------------
[2026-09-02T18:56:48.397+00:00][B] [INFO] [Heartbeat #14]
[2026-09-02T18:56:48.403+00:00][B] [INFO] Sent
[2026-09-02T18:56:48.403+00:00][B] [INFO] Waiting ACK...
[2026-09-02T18:56:48.403+00:00][B] [INFO] [WAITING ACK]
[2026-09-02T18:56:48.417+00:00][B] [INFO] [RF TX] type=2 source=0x02 destination=0xFF previousHop=0x02 sequence=56 ackSequence=0 ttl=8 hops=0 payloadSize=13 rssi=0 snr=0.00
[2026-09-02T18:56:48.417+00:00][B] [INFO] Heartbeat packet sent
[2026-09-02T18:56:49.291+00:00][B] [INFO] --------------------------------
[2026-09-02T18:56:49.291+00:00][B] [INFO] [HEARTBEAT TX]
[2026-09-02T18:56:49.296+00:00][B] [INFO] Node ID: 2
[2026-09-02T18:56:49.296+00:00][B] [INFO] type: 2
[2026-09-02T18:56:49.296+00:00][B] [INFO] Destination: 0xFF
[2026-09-02T18:56:49.302+00:00][B] [INFO] Sequence: 57
[2026-09-02T18:56:49.302+00:00][B] [INFO] Packet ID: 15
[2026-09-02T18:56:49.302+00:00][B] [INFO] Packet Size: 26
[2026-09-02T18:56:49.308+00:00][B] [INFO] Timestamp: 15 ms
[2026-09-02T18:56:49.308+00:00][B] [INFO] Transmission Result: success
[2026-09-02T18:56:49.313+00:00][B] [INFO] --------------------------------
[2026-09-02T18:56:49.313+00:00][B] [INFO] [Heartbeat #15]
[2026-09-02T18:56:49.319+00:00][B] [INFO] Sent
[2026-09-02T18:56:49.319+00:00][B] [INFO] Waiting ACK...
[2026-09-02T18:56:49.319+00:00][B] [INFO] [WAITING ACK]
[2026-09-02T18:56:49.333+00:00][B] [INFO] [RF TX] type=2 source=0x02 destination=0xFF previousHop=0x02 sequence=57 ackSequence=0 ttl=8 hops=0 payloadSize=13 rssi=0 snr=0.00
[2026-09-02T18:56:49.333+00:00][B] [INFO] Heartbeat packet sent
[2026-09-02T18:56:49.533+00:00][B] [INFO] [RF TX] type=3 source=0x02 destination=0x01 previousHop=0x02 sequence=58 ackSequence=49 ttl=8 hops=0 payloadSize=2 rssi=0 snr=0.00
[2026-09-02T18:56:50.308+00:00][B] [WARN] Retry 1
[2026-09-02T18:56:50.375+00:00][B] [INFO] --------------------------------
[2026-09-02T18:56:50.376+00:00][B] [INFO] [HEARTBEAT TX]
[2026-09-02T18:56:50.380+00:00][B] [INFO] Node ID: 2
[2026-09-02T18:56:50.381+00:00][B] [INFO] type: 2
[2026-09-02T18:56:50.381+00:00][B] [INFO] Destination: 0xFF
[2026-09-02T18:56:50.386+00:00][B] [INFO] Sequence: 57
[2026-09-02T18:56:50.386+00:00][B] [INFO] Packet ID: 15
[2026-09-02T18:56:50.387+00:00][B] [INFO] Packet Size: 26
[2026-09-02T18:56:50.392+00:00][B] [INFO] Timestamp: 15 ms
[2026-09-02T18:56:50.392+00:00][B] [INFO] Transmission Result: success
[2026-09-02T18:56:50.398+00:00][B] [INFO] --------------------------------
[2026-09-02T18:56:50.398+00:00][B] [INFO] [Heartbeat #15]
[2026-09-02T18:56:50.403+00:00][B] [INFO] Sent
[2026-09-02T18:56:50.403+00:00][B] [INFO] Waiting ACK...
[2026-09-02T18:56:50.404+00:00][B] [INFO] [WAITING ACK]
[2026-09-02T18:56:50.417+00:00][B] [INFO] [RF TX] type=2 source=0x02 destination=0xFF previousHop=0x02 sequence=57 ackSequence=0 ttl=8 hops=0 payloadSize=13 rssi=0 snr=0.00
[2026-09-02T18:56:50.417+00:00][B] [INFO] Heartbeat packet sent
[2026-09-02T18:56:50.548+00:00][B] [INFO] [RF RX] type=1 source=0x01 destination=0x02 previousHop=0x01 sequence=52 ackSequence=0 ttl=8 hops=0 payloadSize=4 rssi=-61 snr=9.25
[2026-09-02T18:56:50.606+00:00][B] [INFO] [RF TX] type=3 source=0x02 destination=0x01 previousHop=0x02 sequence=59 ackSequence=52 ttl=8 hops=0 payloadSize=2 rssi=0 snr=0.00
[2026-09-02T18:56:50.672+00:00][B] [INFO] [RF RX] type=1 source=0x01 destination=0x02 previousHop=0x01 sequence=53 ackSequence=0 ttl=8 hops=0 payloadSize=4 rssi=-62 snr=9.50
[2026-09-02T18:56:50.730+00:00][B] [INFO] [RF TX] type=3 source=0x02 destination=0x01 previousHop=0x02 sequence=60 ackSequence=53 ttl=8 hops=0 payloadSize=2 rssi=0 snr=0.00
[2026-09-02T18:56:50.796+00:00][B] [INFO] [RF RX] type=1 source=0x01 destination=0x02 previousHop=0x01 sequence=54 ackSequence=0 ttl=8 hops=0 payloadSize=4 rssi=-62 snr=9.75
[2026-09-02T18:56:50.854+00:00][B] [INFO] [RF TX] type=3 source=0x02 destination=0x01 previousHop=0x02 sequence=61 ackSequence=54 ttl=8 hops=0 payloadSize=2 rssi=0 snr=0.00
[2026-09-02T18:56:50.920+00:00][B] [INFO] [RF RX] type=1 source=0x01 destination=0x02 previousHop=0x01 sequence=55 ackSequence=0 ttl=8 hops=0 payloadSize=4 rssi=-62 snr=9.75
[2026-09-02T18:56:50.977+00:00][B] [INFO] [RF TX] type=3 source=0x02 destination=0x01 previousHop=0x02 sequence=62 ackSequence=55 ttl=8 hops=0 payloadSize=2 rssi=0 snr=0.00
[2026-09-02T18:56:51.044+00:00][B] [INFO] [RF RX] type=1 source=0x01 destination=0x02 previousHop=0x01 sequence=56 ackSequence=0 ttl=8 hops=0 payloadSize=4 rssi=-62 snr=9.50
[2026-09-02T18:56:51.101+00:00][B] [INFO] [RF TX] type=3 source=0x02 destination=0x01 previousHop=0x02 sequence=63 ackSequence=56 ttl=8 hops=0 payloadSize=2 rssi=0 snr=0.00
[2026-09-02T18:56:51.168+00:00][B] [INFO] [RF RX] type=1 source=0x01 destination=0x02 previousHop=0x01 sequence=57 ackSequence=0 ttl=8 hops=0 payloadSize=4 rssi=-62 snr=9.50
[2026-09-02T18:56:51.225+00:00][B] [INFO] [RF TX] type=3 source=0x02 destination=0x01 previousHop=0x02 sequence=64 ackSequence=57 ttl=8 hops=0 payloadSize=2 rssi=0 snr=0.00
[2026-09-02T18:56:51.292+00:00][B] [INFO] --------------------------------
[2026-09-02T18:56:51.293+00:00][B] [INFO] [HEARTBEAT TX]
[2026-09-02T18:56:51.298+00:00][B] [INFO] Node ID: 2
[2026-09-02T18:56:51.298+00:00][B] [INFO] type: 2
[2026-09-02T18:56:51.299+00:00][B] [INFO] Destination: 0xFF
[2026-09-02T18:56:51.303+00:00][B] [INFO] Sequence: 65
[2026-09-02T18:56:51.304+00:00][B] [INFO] Packet ID: 16
[2026-09-02T18:56:51.304+00:00][B] [INFO] Packet Size: 26
[2026-09-02T18:56:51.309+00:00][B] [INFO] Timestamp: 16 ms
[2026-09-02T18:56:51.309+00:00][B] [INFO] Transmission Result: success
[2026-09-02T18:56:51.315+00:00][B] [INFO] --------------------------------
[2026-09-02T18:56:51.315+00:00][B] [INFO] [Heartbeat #16]
[2026-09-02T18:56:51.320+00:00][B] [INFO] Sent
[2026-09-02T18:56:51.320+00:00][B] [INFO] Waiting ACK...
[2026-09-02T18:56:51.321+00:00][B] [INFO] [WAITING ACK]
[2026-09-02T18:56:51.334+00:00][B] [INFO] [RF TX] type=2 source=0x02 destination=0xFF previousHop=0x02 sequence=65 ackSequence=0 ttl=8 hops=0 payloadSize=13 rssi=0 snr=0.00
[2026-09-02T18:56:51.334+00:00][B] [INFO] Heartbeat packet sent
[2026-09-02T18:56:52.277+00:00][B] [INFO] [RF TX] type=3 source=0x02 destination=0x01 previousHop=0x02 sequence=66 ackSequence=57 ttl=8 hops=0 payloadSize=2 rssi=0 snr=0.00
[2026-09-02T18:56:52.309+00:00][B] [WARN] Retry 1
[2026-09-02T18:56:52.376+00:00][B] [INFO] --------------------------------
[2026-09-02T18:56:52.377+00:00][B] [INFO] [HEARTBEAT TX]
[2026-09-02T18:56:52.382+00:00][B] [INFO] Node ID: 2
[2026-09-02T18:56:52.383+00:00][B] [INFO] type: 2
[2026-09-02T18:56:52.383+00:00][B] [INFO] Destination: 0xFF
[2026-09-02T18:56:52.388+00:00][B] [INFO] Sequence: 65
[2026-09-02T18:56:52.389+00:00][B] [INFO] Packet ID: 16
[2026-09-02T18:56:52.389+00:00][B] [INFO] Packet Size: 26
[2026-09-02T18:56:52.393+00:00][B] [INFO] Timestamp: 16 ms
[2026-09-02T18:56:52.393+00:00][B] [INFO] Transmission Result: success
[2026-09-02T18:56:52.398+00:00][B] [INFO] --------------------------------
[2026-09-02T18:56:52.398+00:00][B] [INFO] [Heartbeat #16]
[2026-09-02T18:56:52.404+00:00][B] [INFO] Sent
[2026-09-02T18:56:52.404+00:00][B] [INFO] Waiting ACK...
[2026-09-02T18:56:52.404+00:00][B] [INFO] [WAITING ACK]
[2026-09-02T18:56:52.418+00:00][B] [INFO] [RF TX] type=2 source=0x02 destination=0xFF previousHop=0x02 sequence=65 ackSequence=0 ttl=8 hops=0 payloadSize=13 rssi=0 snr=0.00
[2026-09-02T18:56:52.418+00:00][B] [INFO] Heartbeat packet sent
[2026-09-02T18:56:53.292+00:00][B] [INFO] --------------------------------
[2026-09-02T18:56:53.293+00:00][B] [INFO] [HEARTBEAT TX]
[2026-09-02T18:56:53.298+00:00][B] [INFO] Node ID: 2
[2026-09-02T18:56:53.298+00:00][B] [INFO] type: 2
[2026-09-02T18:56:53.298+00:00][B] [INFO] Destination: 0xFF
[2026-09-02T18:56:53.303+00:00][B] [INFO] Sequence: 67
[2026-09-02T18:56:53.303+00:00][B] [INFO] Packet ID: 17
[2026-09-02T18:56:53.304+00:00][B] [INFO] Packet Size: 26
[2026-09-02T18:56:53.309+00:00][B] [INFO] Timestamp: 17 ms
[2026-09-02T18:56:53.309+00:00][B] [INFO] Transmission Result: success
[2026-09-02T18:56:53.314+00:00][B] [INFO] --------------------------------
[2026-09-02T18:56:53.315+00:00][B] [INFO] [Heartbeat #17]
[2026-09-02T18:56:53.320+00:00][B] [INFO] Sent
[2026-09-02T18:56:53.320+00:00][B] [INFO] Waiting ACK...
[2026-09-02T18:56:53.320+00:00][B] [INFO] [WAITING ACK]
[2026-09-02T18:56:53.334+00:00][B] [INFO] [RF TX] type=2 source=0x02 destination=0xFF previousHop=0x02 sequence=67 ackSequence=0 ttl=8 hops=0 payloadSize=13 rssi=0 snr=0.00
[2026-09-02T18:56:53.334+00:00][B] [INFO] Heartbeat packet sent
[2026-09-02T18:56:54.309+00:00][B] [WARN] Retry 1
[2026-09-02T18:56:54.376+00:00][B] [INFO] --------------------------------
[2026-09-02T18:56:54.377+00:00][B] [INFO] [HEARTBEAT TX]
[2026-09-02T18:56:54.381+00:00][B] [INFO] Node ID: 2
[2026-09-02T18:56:54.382+00:00][B] [INFO] type: 2
[2026-09-02T18:56:54.382+00:00][B] [INFO] Destination: 0xFF
[2026-09-02T18:56:54.389+00:00][B] [INFO] Sequence: 67
[2026-09-02T18:56:54.389+00:00][B] [INFO] Packet ID: 17
[2026-09-02T18:56:54.389+00:00][B] [INFO] Packet Size: 26
[2026-09-02T18:56:54.393+00:00][B] [INFO] Timestamp: 17 ms
[2026-09-02T18:56:54.393+00:00][B] [INFO] Transmission Result: success
[2026-09-02T18:56:54.398+00:00][B] [INFO] --------------------------------
[2026-09-02T18:56:54.399+00:00][B] [INFO] [Heartbeat #17]
[2026-09-02T18:56:54.404+00:00][B] [INFO] Sent
[2026-09-02T18:56:54.404+00:00][B] [INFO] Waiting ACK...
[2026-09-02T18:56:54.404+00:00][B] [INFO] [WAITING ACK]
[2026-09-02T18:56:54.418+00:00][B] [INFO] [RF TX] type=2 source=0x02 destination=0xFF previousHop=0x02 sequence=67 ackSequence=0 ttl=8 hops=0 payloadSize=13 rssi=0 snr=0.00
[2026-09-02T18:56:54.418+00:00][B] [INFO] Heartbeat packet sent
[2026-09-02T18:56:55.292+00:00][B] [INFO] --------------------------------
[2026-09-02T18:56:55.292+00:00][B] [INFO] [HEARTBEAT TX]
[2026-09-02T18:56:55.297+00:00][B] [INFO] Node ID: 2
[2026-09-02T18:56:55.297+00:00][B] [INFO] type: 2
[2026-09-02T18:56:55.298+00:00][B] [INFO] Destination: 0xFF
[2026-09-02T18:56:55.303+00:00][B] [INFO] Sequence: 68
[2026-09-02T18:56:55.303+00:00][B] [INFO] Packet ID: 18
[2026-09-02T18:56:55.303+00:00][B] [INFO] Packet Size: 26
[2026-09-02T18:56:55.308+00:00][B] [INFO] Timestamp: 18 ms
[2026-09-02T18:56:55.309+00:00][B] [INFO] Transmission Result: success
[2026-09-02T18:56:55.314+00:00][B] [INFO] --------------------------------
[2026-09-02T18:56:55.315+00:00][B] [INFO] [Heartbeat #18]
[2026-09-02T18:56:55.319+00:00][B] [INFO] Sent
[2026-09-02T18:56:55.320+00:00][B] [INFO] Waiting ACK...
[2026-09-02T18:56:55.320+00:00][B] [INFO] [WAITING ACK]
[2026-09-02T18:56:55.334+00:00][B] [INFO] [RF TX] type=2 source=0x02 destination=0xFF previousHop=0x02 sequence=68 ackSequence=0 ttl=8 hops=0 payloadSize=13 rssi=0 snr=0.00
[2026-09-02T18:56:55.334+00:00][B] [INFO] Heartbeat packet sent
[2026-09-02T18:56:55.487+00:00][B] [INFO] [RF RX] type=1 source=0x01 destination=0x02 previousHop=0x01 sequence=61 ackSequence=0 ttl=8 hops=0 payloadSize=4 rssi=-61 snr=10.00
[2026-09-02T18:56:55.544+00:00][B] [INFO] [RF TX] type=3 source=0x02 destination=0x01 previousHop=0x02 sequence=69 ackSequence=61 ttl=8 hops=0 payloadSize=2 rssi=0 snr=0.00
[2026-09-02T18:56:55.610+00:00][B] [INFO] [RF RX] type=1 source=0x01 destination=0x02 previousHop=0x01 sequence=62 ackSequence=0 ttl=8 hops=0 payloadSize=4 rssi=-61 snr=9.75
[2026-09-02T18:56:55.668+00:00][B] [INFO] [RF TX] type=3 source=0x02 destination=0x01 previousHop=0x02 sequence=70 ackSequence=62 ttl=8 hops=0 payloadSize=2 rssi=0 snr=0.00
[2026-09-02T18:56:55.734+00:00][B] [INFO] [RF RX] type=1 source=0x01 destination=0x02 previousHop=0x01 sequence=63 ackSequence=0 ttl=8 hops=0 payloadSize=4 rssi=-62 snr=9.25
[2026-09-02T18:56:55.792+00:00][B] [INFO] [RF TX] type=3 source=0x02 destination=0x01 previousHop=0x02 sequence=71 ackSequence=63 ttl=8 hops=0 payloadSize=2 rssi=0 snr=0.00
[2026-09-02T18:56:55.858+00:00][B] [INFO] [RF RX] type=1 source=0x01 destination=0x02 previousHop=0x01 sequence=64 ackSequence=0 ttl=8 hops=0 payloadSize=4 rssi=-62 snr=9.75
[2026-09-02T18:56:55.915+00:00][B] [INFO] [RF TX] type=3 source=0x02 destination=0x01 previousHop=0x02 sequence=72 ackSequence=64 ttl=8 hops=0 payloadSize=2 rssi=0 snr=0.00
[2026-09-02T18:56:55.982+00:00][B] [INFO] [RF RX] type=1 source=0x01 destination=0x02 previousHop=0x01 sequence=65 ackSequence=0 ttl=8 hops=0 payloadSize=4 rssi=-61 snr=9.75
[2026-09-02T18:56:56.039+00:00][B] [INFO] [RF TX] type=3 source=0x02 destination=0x01 previousHop=0x02 sequence=73 ackSequence=65 ttl=8 hops=0 payloadSize=2 rssi=0 snr=0.00
[2026-09-02T18:56:56.105+00:00][B] [INFO] [RF RX] type=1 source=0x01 destination=0x02 previousHop=0x01 sequence=66 ackSequence=0 ttl=8 hops=0 payloadSize=4 rssi=-62 snr=9.75
[2026-09-02T18:56:56.163+00:00][B] [INFO] [RF TX] type=3 source=0x02 destination=0x01 previousHop=0x02 sequence=74 ackSequence=66 ttl=8 hops=0 payloadSize=2 rssi=0 snr=0.00
[2026-09-02T18:56:56.309+00:00][B] [WARN] Retry 1
[2026-09-02T18:56:56.376+00:00][B] [INFO] --------------------------------
[2026-09-02T18:56:56.376+00:00][B] [INFO] [HEARTBEAT TX]
[2026-09-02T18:56:56.381+00:00][B] [INFO] Node ID: 2
[2026-09-02T18:56:56.382+00:00][B] [INFO] type: 2
[2026-09-02T18:56:56.382+00:00][B] [INFO] Destination: 0xFF
[2026-09-02T18:56:56.387+00:00][B] [INFO] Sequence: 68
[2026-09-02T18:56:56.387+00:00][B] [INFO] Packet ID: 18
[2026-09-02T18:56:56.388+00:00][B] [INFO] Packet Size: 26
[2026-09-02T18:56:56.393+00:00][B] [INFO] Timestamp: 18 ms
[2026-09-02T18:56:56.393+00:00][B] [INFO] Transmission Result: success
[2026-09-02T18:56:56.398+00:00][B] [INFO] --------------------------------
[2026-09-02T18:56:56.399+00:00][B] [INFO] [Heartbeat #18]
[2026-09-02T18:56:56.404+00:00][B] [INFO] Sent
[2026-09-02T18:56:56.404+00:00][B] [INFO] Waiting ACK...
[2026-09-02T18:56:56.404+00:00][B] [INFO] [WAITING ACK]
[2026-09-02T18:56:56.418+00:00][B] [INFO] [RF TX] type=2 source=0x02 destination=0xFF previousHop=0x02 sequence=68 ackSequence=0 ttl=8 hops=0 payloadSize=13 rssi=0 snr=0.00
[2026-09-02T18:56:56.418+00:00][B] [INFO] Heartbeat packet sent
[2026-09-02T18:56:57.292+00:00][B] [INFO] --------------------------------
[2026-09-02T18:56:57.292+00:00][B] [INFO] [HEARTBEAT TX]
[2026-09-02T18:56:57.297+00:00][B] [INFO] Node ID: 2
[2026-09-02T18:56:57.297+00:00][B] [INFO] type: 2
[2026-09-02T18:56:57.297+00:00][B] [INFO] Destination: 0xFF
[2026-09-02T18:56:57.303+00:00][B] [INFO] Sequence: 75
[2026-09-02T18:56:57.303+00:00][B] [INFO] Packet ID: 19
[2026-09-02T18:56:57.303+00:00][B] [INFO] Packet Size: 26
[2026-09-02T18:56:57.308+00:00][B] [INFO] Timestamp: 19 ms
[2026-09-02T18:56:57.308+00:00][B] [INFO] Transmission Result: success
[2026-09-02T18:56:57.314+00:00][B] [INFO] --------------------------------
[2026-09-02T18:56:57.314+00:00][B] [INFO] [Heartbeat #19]
[2026-09-02T18:56:57.319+00:00][B] [INFO] Sent
[2026-09-02T18:56:57.319+00:00][B] [INFO] Waiting ACK...
[2026-09-02T18:56:57.319+00:00][B] [INFO] [WAITING ACK]
[2026-09-02T18:56:57.333+00:00][B] [INFO] [RF TX] type=2 source=0x02 destination=0xFF previousHop=0x02 sequence=75 ackSequence=0 ttl=8 hops=0 payloadSize=13 rssi=0 snr=0.00
[2026-09-02T18:56:57.334+00:00][B] [INFO] Heartbeat packet sent
[2026-09-02T18:56:58.309+00:00][B] [WARN] Retry 1
[2026-09-02T18:56:58.376+00:00][B] [INFO] --------------------------------
[2026-09-02T18:56:58.376+00:00][B] [INFO] [HEARTBEAT TX]
[2026-09-02T18:56:58.381+00:00][B] [INFO] Node ID: 2
[2026-09-02T18:56:58.381+00:00][B] [INFO] type: 2
[2026-09-02T18:56:58.381+00:00][B] [INFO] Destination: 0xFF
[2026-09-02T18:56:58.387+00:00][B] [INFO] Sequence: 75
[2026-09-02T18:56:58.387+00:00][B] [INFO] Packet ID: 19
[2026-09-02T18:56:58.387+00:00][B] [INFO] Packet Size: 26
[2026-09-02T18:56:58.392+00:00][B] [INFO] Timestamp: 19 ms
[2026-09-02T18:56:58.392+00:00][B] [INFO] Transmission Result: success
[2026-09-02T18:56:58.398+00:00][B] [INFO] --------------------------------
[2026-09-02T18:56:58.398+00:00][B] [INFO] [Heartbeat #19]
[2026-09-02T18:56:58.403+00:00][B] [INFO] Sent
[2026-09-02T18:56:58.403+00:00][B] [INFO] Waiting ACK...
[2026-09-02T18:56:58.403+00:00][B] [INFO] [WAITING ACK]
[2026-09-02T18:56:58.417+00:00][B] [INFO] [RF TX] type=2 source=0x02 destination=0xFF previousHop=0x02 sequence=75 ackSequence=0 ttl=8 hops=0 payloadSize=13 rssi=0 snr=0.00
[2026-09-02T18:56:58.418+00:00][B] [INFO] Heartbeat packet sent
[2026-09-02T18:56:59.292+00:00][B] [INFO] --------------------------------
[2026-09-02T18:56:59.292+00:00][B] [INFO] [HEARTBEAT TX]
[2026-09-02T18:56:59.297+00:00][B] [INFO] Node ID: 2
[2026-09-02T18:56:59.297+00:00][B] [INFO] type: 2
[2026-09-02T18:56:59.297+00:00][B] [INFO] Destination: 0xFF
[2026-09-02T18:56:59.303+00:00][B] [INFO] Sequence: 76
[2026-09-02T18:56:59.303+00:00][B] [INFO] Packet ID: 20
[2026-09-02T18:56:59.303+00:00][B] [INFO] Packet Size: 26
[2026-09-02T18:56:59.308+00:00][B] [INFO] Timestamp: 20 ms
[2026-09-02T18:56:59.308+00:00][B] [INFO] Transmission Result: success
[2026-09-02T18:56:59.314+00:00][B] [INFO] --------------------------------
[2026-09-02T18:56:59.314+00:00][B] [INFO] [Heartbeat #20]
[2026-09-02T18:56:59.319+00:00][B] [INFO] Sent
[2026-09-02T18:56:59.319+00:00][B] [INFO] Waiting ACK...
[2026-09-02T18:56:59.319+00:00][B] [INFO] [WAITING ACK]
[2026-09-02T18:56:59.333+00:00][B] [INFO] [RF TX] type=2 source=0x02 destination=0xFF previousHop=0x02 sequence=76 ackSequence=0 ttl=8 hops=0 payloadSize=13 rssi=0 snr=0.00
[2026-09-02T18:56:59.334+00:00][B] [INFO] Heartbeat packet sent
[2026-09-02T18:56:59.486+00:00][B] [INFO] [RF RX] type=1 source=0x01 destination=0x02 previousHop=0x01 sequence=67 ackSequence=0 ttl=8 hops=0 payloadSize=4 rssi=-61 snr=9.75
[2026-09-02T18:56:59.543+00:00][B] [INFO] [RF TX] type=3 source=0x02 destination=0x01 previousHop=0x02 sequence=77 ackSequence=67 ttl=8 hops=0 payloadSize=2 rssi=0 snr=0.00
[2026-09-02T18:56:59.610+00:00][B] [INFO] [RF RX] type=1 source=0x01 destination=0x02 previousHop=0x01 sequence=70 ackSequence=0 ttl=8 hops=0 payloadSize=4 rssi=-61 snr=9.50
[2026-09-02T18:56:59.667+00:00][B] [INFO] [RF TX] type=3 source=0x02 destination=0x01 previousHop=0x02 sequence=78 ackSequence=70 ttl=8 hops=0 payloadSize=2 rssi=0 snr=0.00
[2026-09-02T18:56:59.734+00:00][B] [INFO] [RF RX] type=1 source=0x01 destination=0x02 previousHop=0x01 sequence=71 ackSequence=0 ttl=8 hops=0 payloadSize=4 rssi=-61 snr=10.00
[2026-09-02T18:56:59.791+00:00][B] [INFO] [RF TX] type=3 source=0x02 destination=0x01 previousHop=0x02 sequence=79 ackSequence=71 ttl=8 hops=0 payloadSize=2 rssi=0 snr=0.00
[2026-09-02T18:56:59.858+00:00][B] [INFO] [RF RX] type=1 source=0x01 destination=0x02 previousHop=0x01 sequence=72 ackSequence=0 ttl=8 hops=0 payloadSize=4 rssi=-61 snr=10.25
[2026-09-02T18:56:59.915+00:00][B] [INFO] [RF TX] type=3 source=0x02 destination=0x01 previousHop=0x02 sequence=80 ackSequence=72 ttl=8 hops=0 payloadSize=2 rssi=0 snr=0.00
[2026-09-02T18:56:59.981+00:00][B] [INFO] [RF RX] type=1 source=0x01 destination=0x02 previousHop=0x01 sequence=73 ackSequence=0 ttl=8 hops=0 payloadSize=4 rssi=-61 snr=9.75
[2026-09-02T18:57:00.039+00:00][B] [INFO] [RF TX] type=3 source=0x02 destination=0x01 previousHop=0x02 sequence=81 ackSequence=73 ttl=8 hops=0 payloadSize=2 rssi=0 snr=0.00
[2026-09-02T18:57:00.105+00:00][B] [INFO] [RF RX] type=1 source=0x01 destination=0x02 previousHop=0x01 sequence=74 ackSequence=0 ttl=8 hops=0 payloadSize=4 rssi=-61 snr=9.50
[2026-09-02T18:57:00.163+00:00][B] [INFO] [RF TX] type=3 source=0x02 destination=0x01 previousHop=0x02 sequence=82 ackSequence=74 ttl=8 hops=0 payloadSize=2 rssi=0 snr=0.00
[2026-09-02T18:57:00.229+00:00][B] [INFO] [RF RX] type=1 source=0x01 destination=0x02 previousHop=0x01 sequence=75 ackSequence=0 ttl=8 hops=0 payloadSize=4 rssi=-62 snr=9.50
[2026-09-02T18:57:00.287+00:00][B] [INFO] [RF TX] type=3 source=0x02 destination=0x01 previousHop=0x02 sequence=83 ackSequence=75 ttl=8 hops=0 payloadSize=2 rssi=0 snr=0.00
[2026-09-02T18:57:00.309+00:00][B] [WARN] Retry 1
[2026-09-02T18:57:00.376+00:00][B] [INFO] --------------------------------
[2026-09-02T18:57:00.376+00:00][B] [INFO] [HEARTBEAT TX]
[2026-09-02T18:57:00.381+00:00][B] [INFO] Node ID: 2
[2026-09-02T18:57:00.381+00:00][B] [INFO] type: 2
[2026-09-02T18:57:00.381+00:00][B] [INFO] Destination: 0xFF
[2026-09-02T18:57:00.387+00:00][B] [INFO] Sequence: 76
[2026-09-02T18:57:00.387+00:00][B] [INFO] Packet ID: 20
[2026-09-02T18:57:00.387+00:00][B] [INFO] Packet Size: 26
[2026-09-02T18:57:00.392+00:00][B] [INFO] Timestamp: 20 ms
[2026-09-02T18:57:00.392+00:00][B] [INFO] Transmission Result: success
[2026-09-02T18:57:00.398+00:00][B] [INFO] --------------------------------
[2026-09-02T18:57:00.398+00:00][B] [INFO] [Heartbeat #20]
[2026-09-02T18:57:00.403+00:00][B] [INFO] Sent
[2026-09-02T18:57:00.404+00:00][B] [INFO] Waiting ACK...
[2026-09-02T18:57:00.404+00:00][B] [INFO] [WAITING ACK]
[2026-09-02T18:57:00.417+00:00][B] [INFO] [RF TX] type=2 source=0x02 destination=0xFF previousHop=0x02 sequence=76 ackSequence=0 ttl=8 hops=0 payloadSize=13 rssi=0 snr=0.00
[2026-09-02T18:57:00.418+00:00][B] [INFO] Heartbeat packet sent
[2026-09-02T18:57:01.292+00:00][B] [INFO] --------------------------------
[2026-09-02T18:57:01.292+00:00][B] [INFO] [HEARTBEAT TX]
[2026-09-02T18:57:01.297+00:00][B] [INFO] Node ID: 2
[2026-09-02T18:57:01.298+00:00][B] [INFO] type: 2
[2026-09-02T18:57:01.298+00:00][B] [INFO] Destination: 0xFF
[2026-09-02T18:57:01.303+00:00][B] [INFO] Sequence: 84
[2026-09-02T18:57:01.304+00:00][B] [INFO] Packet ID: 21
[2026-09-02T18:57:01.304+00:00][B] [INFO] Packet Size: 26
[2026-09-02T18:57:01.308+00:00][B] [INFO] Timestamp: 21 ms
[2026-09-02T18:57:01.309+00:00][B] [INFO] Transmission Result: success
[2026-09-02T18:57:01.315+00:00][B] [INFO] --------------------------------
[2026-09-02T18:57:01.315+00:00][B] [INFO] [Heartbeat #21]
[2026-09-02T18:57:01.319+00:00][B] [INFO] Sent
[2026-09-02T18:57:01.320+00:00][B] [INFO] Waiting ACK...
[2026-09-02T18:57:01.321+00:00][B] [INFO] [WAITING ACK]
[2026-09-02T18:57:01.333+00:00][B] [INFO] [RF TX] type=2 source=0x02 destination=0xFF previousHop=0x02 sequence=84 ackSequence=0 ttl=8 hops=0 payloadSize=13 rssi=0 snr=0.00
[2026-09-02T18:57:01.334+00:00][B] [INFO] Heartbeat packet sent
[2026-09-02T18:57:02.309+00:00][B] [WARN] Retry 1
[2026-09-02T18:57:02.376+00:00][B] [INFO] --------------------------------
[2026-09-02T18:57:02.376+00:00][B] [INFO] [HEARTBEAT TX]
[2026-09-02T18:57:02.381+00:00][B] [INFO] Node ID: 2
[2026-09-02T18:57:02.381+00:00][B] [INFO] type: 2
[2026-09-02T18:57:02.381+00:00][B] [INFO] Destination: 0xFF
[2026-09-02T18:57:02.387+00:00][B] [INFO] Sequence: 84
[2026-09-02T18:57:02.387+00:00][B] [INFO] Packet ID: 21
[2026-09-02T18:57:02.387+00:00][B] [INFO] Packet Size: 26
[2026-09-02T18:57:02.392+00:00][B] [INFO] Timestamp: 21 ms
[2026-09-02T18:57:02.392+00:00][B] [INFO] Transmission Result: success
[2026-09-02T18:57:02.398+00:00][B] [INFO] --------------------------------
[2026-09-02T18:57:02.398+00:00][B] [INFO] [Heartbeat #21]
[2026-09-02T18:57:02.403+00:00][B] [INFO] Sent
[2026-09-02T18:57:02.404+00:00][B] [INFO] Waiting ACK...
[2026-09-02T18:57:02.404+00:00][B] [INFO] [WAITING ACK]
[2026-09-02T18:57:02.417+00:00][B] [INFO] [RF TX] type=2 source=0x02 destination=0xFF previousHop=0x02 sequence=84 ackSequence=0 ttl=8 hops=0 payloadSize=13 rssi=0 snr=0.00
[2026-09-02T18:57:02.418+00:00][B] [INFO] Heartbeat packet sent
[2026-09-02T18:57:03.292+00:00][B] [INFO] --------------------------------
[2026-09-02T18:57:03.292+00:00][B] [INFO] [HEARTBEAT TX]
[2026-09-02T18:57:03.298+00:00][B] [INFO] Node ID: 2
[2026-09-02T18:57:03.298+00:00][B] [INFO] type: 2
[2026-09-02T18:57:03.299+00:00][B] [INFO] Destination: 0xFF
[2026-09-02T18:57:03.303+00:00][B] [INFO] Sequence: 85
[2026-09-02T18:57:03.303+00:00][B] [INFO] Packet ID: 22
[2026-09-02T18:57:03.304+00:00][B] [INFO] Packet Size: 26
[2026-09-02T18:57:03.308+00:00][B] [INFO] Timestamp: 22 ms
[2026-09-02T18:57:03.309+00:00][B] [INFO] Transmission Result: success
[2026-09-02T18:57:03.314+00:00][B] [INFO] --------------------------------
[2026-09-02T18:57:03.315+00:00][B] [INFO] [Heartbeat #22]
[2026-09-02T18:57:03.319+00:00][B] [INFO] Sent
[2026-09-02T18:57:03.320+00:00][B] [INFO] Waiting ACK...
[2026-09-02T18:57:03.320+00:00][B] [INFO] [WAITING ACK]
[2026-09-02T18:57:03.333+00:00][B] [INFO] [RF TX] type=2 source=0x02 destination=0xFF previousHop=0x02 sequence=85 ackSequence=0 ttl=8 hops=0 payloadSize=13 rssi=0 snr=0.00
[2026-09-02T18:57:03.334+00:00][B] [INFO] Heartbeat packet sent
[2026-09-02T18:57:03.533+00:00][B] [INFO] [RF TX] type=3 source=0x02 destination=0x01 previousHop=0x02 sequence=86 ackSequence=75 ttl=8 hops=0 payloadSize=2 rssi=0 snr=0.00
[2026-09-02T18:57:04.309+00:00][B] [WARN] Retry 1
[2026-09-02T18:57:04.376+00:00][B] [INFO] --------------------------------
[2026-09-02T18:57:04.377+00:00][B] [INFO] [HEARTBEAT TX]
[2026-09-02T18:57:04.381+00:00][B] [INFO] Node ID: 2
[2026-09-02T18:57:04.381+00:00][B] [INFO] type: 2
[2026-09-02T18:57:04.382+00:00][B] [INFO] Destination: 0xFF
[2026-09-02T18:57:04.388+00:00][B] [INFO] Sequence: 85
[2026-09-02T18:57:04.388+00:00][B] [INFO] Packet ID: 22
[2026-09-02T18:57:04.388+00:00][B] [INFO] Packet Size: 26
[2026-09-02T18:57:04.392+00:00][B] [INFO] Timestamp: 22 ms
[2026-09-02T18:57:04.393+00:00][B] [INFO] Transmission Result: success
[2026-09-02T18:57:04.398+00:00][B] [INFO] --------------------------------
[2026-09-02T18:57:04.398+00:00][B] [INFO] [Heartbeat #22]
[2026-09-02T18:57:04.403+00:00][B] [INFO] Sent
[2026-09-02T18:57:04.403+00:00][B] [INFO] Waiting ACK...
[2026-09-02T18:57:04.404+00:00][B] [INFO] [WAITING ACK]
[2026-09-02T18:57:04.417+00:00][B] [INFO] [RF TX] type=2 source=0x02 destination=0xFF previousHop=0x02 sequence=85 ackSequence=0 ttl=8 hops=0 payloadSize=13 rssi=0 snr=0.00
[2026-09-02T18:57:04.417+00:00][B] [INFO] Heartbeat packet sent
[2026-09-02T18:57:04.548+00:00][B] [INFO] [RF RX] type=1 source=0x01 destination=0x02 previousHop=0x01 sequence=78 ackSequence=0 ttl=8 hops=0 payloadSize=4 rssi=-61 snr=9.25
[2026-09-02T18:57:04.606+00:00][B] [INFO] [RF TX] type=3 source=0x02 destination=0x01 previousHop=0x02 sequence=87 ackSequence=78 ttl=8 hops=0 payloadSize=2 rssi=0 snr=0.00
[2026-09-02T18:57:04.672+00:00][B] [INFO] [RF RX] type=1 source=0x01 destination=0x02 previousHop=0x01 sequence=79 ackSequence=0 ttl=8 hops=0 payloadSize=4 rssi=-62 snr=9.50
[2026-09-02T18:57:04.730+00:00][B] [INFO] [RF TX] type=3 source=0x02 destination=0x01 previousHop=0x02 sequence=88 ackSequence=79 ttl=8 hops=0 payloadSize=2 rssi=0 snr=0.00
[2026-09-02T18:57:04.796+00:00][B] [INFO] [RF RX] type=1 source=0x01 destination=0x02 previousHop=0x01 sequence=80 ackSequence=0 ttl=8 hops=0 payloadSize=4 rssi=-62 snr=9.25
[2026-09-02T18:57:04.853+00:00][B] [INFO] [RF TX] type=3 source=0x02 destination=0x01 previousHop=0x02 sequence=89 ackSequence=80 ttl=8 hops=0 payloadSize=2 rssi=0 snr=0.00
[2026-09-02T18:57:04.919+00:00][B] [INFO] [RF RX] type=1 source=0x01 destination=0x02 previousHop=0x01 sequence=81 ackSequence=0 ttl=8 hops=0 payloadSize=4 rssi=-61 snr=9.25
[2026-09-02T18:57:04.977+00:00][B] [INFO] [RF TX] type=3 source=0x02 destination=0x01 previousHop=0x02 sequence=90 ackSequence=81 ttl=8 hops=0 payloadSize=2 rssi=0 snr=0.00
[2026-09-02T18:57:05.043+00:00][B] [INFO] [RF RX] type=1 source=0x01 destination=0x02 previousHop=0x01 sequence=82 ackSequence=0 ttl=8 hops=0 payloadSize=4 rssi=-62 snr=9.25
[2026-09-02T18:57:05.101+00:00][B] [INFO] [RF TX] type=3 source=0x02 destination=0x01 previousHop=0x02 sequence=91 ackSequence=82 ttl=8 hops=0 payloadSize=2 rssi=0 snr=0.00
[2026-09-02T18:57:05.167+00:00][B] [INFO] [RF RX] type=1 source=0x01 destination=0x02 previousHop=0x01 sequence=83 ackSequence=0 ttl=8 hops=0 payloadSize=4 rssi=-61 snr=9.75
[2026-09-02T18:57:05.224+00:00][B] [INFO] [RF TX] type=3 source=0x02 destination=0x01 previousHop=0x02 sequence=92 ackSequence=83 ttl=8 hops=0 payloadSize=2 rssi=0 snr=0.00
[2026-09-02T18:57:05.292+00:00][B] [INFO] --------------------------------
[2026-09-02T18:57:05.292+00:00][B] [INFO] [HEARTBEAT TX]
[2026-09-02T18:57:05.297+00:00][B] [INFO] Node ID: 2
[2026-09-02T18:57:05.297+00:00][B] [INFO] type: 2
[2026-09-02T18:57:05.297+00:00][B] [INFO] Destination: 0xFF
[2026-09-02T18:57:05.302+00:00][B] [INFO] Sequence: 93
[2026-09-02T18:57:05.303+00:00][B] [INFO] Packet ID: 23
[2026-09-02T18:57:05.303+00:00][B] [INFO] Packet Size: 26
[2026-09-02T18:57:05.308+00:00][B] [INFO] Timestamp: 23 ms
[2026-09-02T18:57:05.308+00:00][B] [INFO] Transmission Result: success
[2026-09-02T18:57:05.314+00:00][B] [INFO] --------------------------------
[2026-09-02T18:57:05.314+00:00][B] [INFO] [Heartbeat #23]
[2026-09-02T18:57:05.319+00:00][B] [INFO] Sent
[2026-09-02T18:57:05.319+00:00][B] [INFO] Waiting ACK...
[2026-09-02T18:57:05.319+00:00][B] [INFO] [WAITING ACK]
[2026-09-02T18:57:05.333+00:00][B] [INFO] [RF TX] type=2 source=0x02 destination=0xFF previousHop=0x02 sequence=93 ackSequence=0 ttl=8 hops=0 payloadSize=13 rssi=0 snr=0.00
[2026-09-02T18:57:05.333+00:00][B] [INFO] Heartbeat packet sent
[2026-09-02T18:57:06.277+00:00][B] [INFO] [RF TX] type=3 source=0x02 destination=0x01 previousHop=0x02 sequence=94 ackSequence=83 ttl=8 hops=0 payloadSize=2 rssi=0 snr=0.00
[2026-09-02T18:57:06.309+00:00][B] [WARN] Retry 1
[2026-09-02T18:57:06.376+00:00][B] [INFO] --------------------------------
[2026-09-02T18:57:06.376+00:00][B] [INFO] [HEARTBEAT TX]
[2026-09-02T18:57:06.381+00:00][B] [INFO] Node ID: 2
[2026-09-02T18:57:06.381+00:00][B] [INFO] type: 2
[2026-09-02T18:57:06.382+00:00][B] [INFO] Destination: 0xFF
[2026-09-02T18:57:06.387+00:00][B] [INFO] Sequence: 93
[2026-09-02T18:57:06.388+00:00][B] [INFO] Packet ID: 23
[2026-09-02T18:57:06.388+00:00][B] [INFO] Packet Size: 26
[2026-09-02T18:57:06.392+00:00][B] [INFO] Timestamp: 23 ms
[2026-09-02T18:57:06.393+00:00][B] [INFO] Transmission Result: success
[2026-09-02T18:57:06.398+00:00][B] [INFO] --------------------------------
[2026-09-02T18:57:06.398+00:00][B] [INFO] [Heartbeat #23]
[2026-09-02T18:57:06.403+00:00][B] [INFO] Sent
[2026-09-02T18:57:06.404+00:00][B] [INFO] Waiting ACK...
[2026-09-02T18:57:06.404+00:00][B] [INFO] [WAITING ACK]
[2026-09-02T18:57:06.417+00:00][B] [INFO] [RF TX] type=2 source=0x02 destination=0xFF previousHop=0x02 sequence=93 ackSequence=0 ttl=8 hops=0 payloadSize=13 rssi=0 snr=0.00
[2026-09-02T18:57:06.418+00:00][B] [INFO] Heartbeat packet sent
[2026-09-02T18:57:07.291+00:00][B] [INFO] --------------------------------
[2026-09-02T18:57:07.292+00:00][B] [INFO] [HEARTBEAT TX]
[2026-09-02T18:57:07.297+00:00][B] [INFO] Node ID: 2
[2026-09-02T18:57:07.297+00:00][B] [INFO] type: 2
[2026-09-02T18:57:07.297+00:00][B] [INFO] Destination: 0xFF
[2026-09-02T18:57:07.302+00:00][B] [INFO] Sequence: 95
[2026-09-02T18:57:07.303+00:00][B] [INFO] Packet ID: 24
[2026-09-02T18:57:07.303+00:00][B] [INFO] Packet Size: 26
[2026-09-02T18:57:07.308+00:00][B] [INFO] Timestamp: 24 ms
[2026-09-02T18:57:07.308+00:00][B] [INFO] Transmission Result: success
[2026-09-02T18:57:07.314+00:00][B] [INFO] --------------------------------
[2026-09-02T18:57:07.314+00:00][B] [INFO] [Heartbeat #24]
[2026-09-02T18:57:07.320+00:00][B] [INFO] Sent
[2026-09-02T18:57:07.320+00:00][B] [INFO] Waiting ACK...
[2026-09-02T18:57:07.321+00:00][B] [INFO] [WAITING ACK]
[2026-09-02T18:57:07.333+00:00][B] [INFO] [RF TX] type=2 source=0x02 destination=0xFF previousHop=0x02 sequence=95 ackSequence=0 ttl=8 hops=0 payloadSize=13 rssi=0 snr=0.00
[2026-09-02T18:57:07.333+00:00][B] [INFO] Heartbeat packet sent
[2026-09-02T18:57:08.309+00:00][B] [WARN] Retry 1
[2026-09-02T18:57:08.376+00:00][B] [INFO] --------------------------------
[2026-09-02T18:57:08.376+00:00][B] [INFO] [HEARTBEAT TX]
[2026-09-02T18:57:08.381+00:00][B] [INFO] Node ID: 2
[2026-09-02T18:57:08.381+00:00][B] [INFO] type: 2
[2026-09-02T18:57:08.381+00:00][B] [INFO] Destination: 0xFF
[2026-09-02T18:57:08.386+00:00][B] [INFO] Sequence: 95
[2026-09-02T18:57:08.387+00:00][B] [INFO] Packet ID: 24
[2026-09-02T18:57:08.387+00:00][B] [INFO] Packet Size: 26
[2026-09-02T18:57:08.392+00:00][B] [INFO] Timestamp: 24 ms
[2026-09-02T18:57:08.392+00:00][B] [INFO] Transmission Result: success
[2026-09-02T18:57:08.398+00:00][B] [INFO] --------------------------------
[2026-09-02T18:57:08.398+00:00][B] [INFO] [Heartbeat #24]
[2026-09-02T18:57:08.403+00:00][B] [INFO] Sent
[2026-09-02T18:57:08.403+00:00][B] [INFO] Waiting ACK...
[2026-09-02T18:57:08.403+00:00][B] [INFO] [WAITING ACK]
[2026-09-02T18:57:08.417+00:00][B] [INFO] [RF TX] type=2 source=0x02 destination=0xFF previousHop=0x02 sequence=95 ackSequence=0 ttl=8 hops=0 payloadSize=13 rssi=0 snr=0.00
[2026-09-02T18:57:08.417+00:00][B] [INFO] Heartbeat packet sent
[2026-09-02T18:57:09.292+00:00][B] [INFO] --------------------------------
[2026-09-02T18:57:09.292+00:00][B] [INFO] [HEARTBEAT TX]
[2026-09-02T18:57:09.297+00:00][B] [INFO] Node ID: 2
[2026-09-02T18:57:09.297+00:00][B] [INFO] type: 2
[2026-09-02T18:57:09.298+00:00][B] [INFO] Destination: 0xFF
[2026-09-02T18:57:09.304+00:00][B] [INFO] Sequence: 96
[2026-09-02T18:57:09.304+00:00][B] [INFO] Packet ID: 25
[2026-09-02T18:57:09.304+00:00][B] [INFO] Packet Size: 26
[2026-09-02T18:57:09.308+00:00][B] [INFO] Timestamp: 25 ms
[2026-09-02T18:57:09.309+00:00][B] [INFO] Transmission Result: success
[2026-09-02T18:57:09.314+00:00][B] [INFO] --------------------------------
[2026-09-02T18:57:09.315+00:00][B] [INFO] [Heartbeat #25]
[2026-09-02T18:57:09.320+00:00][B] [INFO] Sent
[2026-09-02T18:57:09.320+00:00][B] [INFO] Waiting ACK...
[2026-09-02T18:57:09.321+00:00][B] [INFO] [WAITING ACK]
[2026-09-02T18:57:09.333+00:00][B] [INFO] [RF TX] type=2 source=0x02 destination=0xFF previousHop=0x02 sequence=96 ackSequence=0 ttl=8 hops=0 payloadSize=13 rssi=0 snr=0.00
[2026-09-02T18:57:09.334+00:00][B] [INFO] Heartbeat packet sent
[2026-09-02T18:57:09.488+00:00][B] [INFO] [RF RX] type=1 source=0x01 destination=0x02 previousHop=0x01 sequence=87 ackSequence=0 ttl=8 hops=0 payloadSize=4 rssi=-60 snr=10.00
[2026-09-02T18:57:09.544+00:00][B] [INFO] [RF TX] type=3 source=0x02 destination=0x01 previousHop=0x02 sequence=97 ackSequence=87 ttl=8 hops=0 payloadSize=2 rssi=0 snr=0.00
[2026-09-02T18:57:09.610+00:00][B] [INFO] [RF RX] type=1 source=0x01 destination=0x02 previousHop=0x01 sequence=88 ackSequence=0 ttl=8 hops=0 payloadSize=4 rssi=-61 snr=10.00
[2026-09-02T18:57:09.668+00:00][B] [INFO] [RF TX] type=3 source=0x02 destination=0x01 previousHop=0x02 sequence=98 ackSequence=88 ttl=8 hops=0 payloadSize=2 rssi=0 snr=0.00
[2026-09-02T18:57:09.734+00:00][B] [INFO] [RF RX] type=1 source=0x01 destination=0x02 previousHop=0x01 sequence=89 ackSequence=0 ttl=8 hops=0 payloadSize=4 rssi=-61 snr=9.50
[2026-09-02T18:57:09.792+00:00][B] [INFO] [RF TX] type=3 source=0x02 destination=0x01 previousHop=0x02 sequence=99 ackSequence=89 ttl=8 hops=0 payloadSize=2 rssi=0 snr=0.00
[2026-09-02T18:57:09.858+00:00][B] [INFO] [RF RX] type=1 source=0x01 destination=0x02 previousHop=0x01 sequence=90 ackSequence=0 ttl=8 hops=0 payloadSize=4 rssi=-62 snr=10.25
[2026-09-02T18:57:09.915+00:00][B] [INFO] [RF TX] type=3 source=0x02 destination=0x01 previousHop=0x02 sequence=100 ackSequence=90 ttl=8 hops=0 payloadSize=2 rssi=0 snr=0.00
[2026-09-02T18:57:09.981+00:00][B] [INFO] [RF RX] type=1 source=0x01 destination=0x02 previousHop=0x01 sequence=91 ackSequence=0 ttl=8 hops=0 payloadSize=4 rssi=-62 snr=10.00
[2026-09-02T18:57:10.039+00:00][B] [INFO] [RF TX] type=3 source=0x02 destination=0x01 previousHop=0x02 sequence=101 ackSequence=91 ttl=8 hops=0 payloadSize=2 rssi=0 snr=0.00
[2026-09-02T18:57:10.105+00:00][B] [INFO] [RF RX] type=1 source=0x01 destination=0x02 previousHop=0x01 sequence=92 ackSequence=0 ttl=8 hops=0 payloadSize=4 rssi=-61 snr=9.50
[2026-09-02T18:57:10.163+00:00][B] [INFO] [RF TX] type=3 source=0x02 destination=0x01 previousHop=0x02 sequence=102 ackSequence=92 ttl=8 hops=0 payloadSize=2 rssi=0 snr=0.00
[2026-09-02T18:57:10.229+00:00][B] [INFO] [RF RX] type=1 source=0x01 destination=0x02 previousHop=0x01 sequence=93 ackSequence=0 ttl=8 hops=0 payloadSize=4 rssi=-61 snr=9.50
[2026-09-02T18:57:10.287+00:00][B] [INFO] [RF TX] type=3 source=0x02 destination=0x01 previousHop=0x02 sequence=103 ackSequence=93 ttl=8 hops=0 payloadSize=2 rssi=0 snr=0.00
[2026-09-02T18:57:10.309+00:00][B] [WARN] Retry 1
[2026-09-02T18:57:10.375+00:00][B] [INFO] --------------------------------
[2026-09-02T18:57:10.375+00:00][B] [INFO] [HEARTBEAT TX]
[2026-09-02T18:57:10.381+00:00][B] [INFO] Node ID: 2
[2026-09-02T18:57:10.381+00:00][B] [INFO] type: 2
[2026-09-02T18:57:10.381+00:00][B] [INFO] Destination: 0xFF
[2026-09-02T18:57:10.386+00:00][B] [INFO] Sequence: 96
[2026-09-02T18:57:10.386+00:00][B] [INFO] Packet ID: 25
[2026-09-02T18:57:10.386+00:00][B] [INFO] Packet Size: 26
[2026-09-02T18:57:10.392+00:00][B] [INFO] Timestamp: 25 ms
[2026-09-02T18:57:10.392+00:00][B] [INFO] Transmission Result: success
[2026-09-02T18:57:10.398+00:00][B] [INFO] --------------------------------
[2026-09-02T18:57:10.398+00:00][B] [INFO] [Heartbeat #25]
[2026-09-02T18:57:10.403+00:00][B] [INFO] Sent
[2026-09-02T18:57:10.403+00:00][B] [INFO] Waiting ACK...
[2026-09-02T18:57:10.403+00:00][B] [INFO] [WAITING ACK]
[2026-09-02T18:57:10.417+00:00][B] [INFO] [RF TX] type=2 source=0x02 destination=0xFF previousHop=0x02 sequence=96 ackSequence=0 ttl=8 hops=0 payloadSize=13 rssi=0 snr=0.00
[2026-09-02T18:57:10.417+00:00][B] [INFO] Heartbeat packet sent
[2026-09-02T18:57:11.292+00:00][B] [INFO] --------------------------------
[2026-09-02T18:57:11.292+00:00][B] [INFO] [HEARTBEAT TX]
[2026-09-02T18:57:11.297+00:00][B] [INFO] Node ID: 2
[2026-09-02T18:57:11.297+00:00][B] [INFO] type: 2
[2026-09-02T18:57:11.298+00:00][B] [INFO] Destination: 0xFF
[2026-09-02T18:57:11.303+00:00][B] [INFO] Sequence: 104
[2026-09-02T18:57:11.303+00:00][B] [INFO] Packet ID: 26
[2026-09-02T18:57:11.308+00:00][B] [INFO] Packet Size: 26
[2026-09-02T18:57:11.308+00:00][B] [INFO] Timestamp: 26 ms
[2026-09-02T18:57:11.309+00:00][B] [INFO] Transmission Result: success
[2026-09-02T18:57:11.314+00:00][B] [INFO] --------------------------------
[2026-09-02T18:57:11.314+00:00][B] [INFO] [Heartbeat #26]
[2026-09-02T18:57:11.319+00:00][B] [INFO] Sent
[2026-09-02T18:57:11.319+00:00][B] [INFO] Waiting ACK...
[2026-09-02T18:57:11.320+00:00][B] [INFO] [WAITING ACK]
[2026-09-02T18:57:11.333+00:00][B] [INFO] [RF TX] type=2 source=0x02 destination=0xFF previousHop=0x02 sequence=104 ackSequence=0 ttl=8 hops=0 payloadSize=13 rssi=0 snr=0.00
[2026-09-02T18:57:11.334+00:00][B] [INFO] Heartbeat packet sent
[2026-09-02T18:57:12.309+00:00][B] [WARN] Retry 1
[2026-09-02T18:57:12.376+00:00][B] [INFO] --------------------------------
[2026-09-02T18:57:12.376+00:00][B] [INFO] [HEARTBEAT TX]
[2026-09-02T18:57:12.381+00:00][B] [INFO] Node ID: 2
[2026-09-02T18:57:12.382+00:00][B] [INFO] type: 2
[2026-09-02T18:57:12.382+00:00][B] [INFO] Destination: 0xFF
[2026-09-02T18:57:12.387+00:00][B] [INFO] Sequence: 104
[2026-09-02T18:57:12.387+00:00][B] [INFO] Packet ID: 26
[2026-09-02T18:57:12.392+00:00][B] [INFO] Packet Size: 26
[2026-09-02T18:57:12.392+00:00][B] [INFO] Timestamp: 26 ms
[2026-09-02T18:57:12.393+00:00][B] [INFO] Transmission Result: success
[2026-09-02T18:57:12.398+00:00][B] [INFO] --------------------------------
[2026-09-02T18:57:12.399+00:00][B] [INFO] [Heartbeat #26]
[2026-09-02T18:57:12.403+00:00][B] [INFO] Sent
[2026-09-02T18:57:12.404+00:00][B] [INFO] Waiting ACK...
[2026-09-02T18:57:12.404+00:00][B] [INFO] [WAITING ACK]
[2026-09-02T18:57:12.417+00:00][B] [INFO] [RF TX] type=2 source=0x02 destination=0xFF previousHop=0x02 sequence=104 ackSequence=0 ttl=8 hops=0 payloadSize=13 rssi=0 snr=0.00
[2026-09-02T18:57:12.418+00:00][B] [INFO] Heartbeat packet sent
[2026-09-02T18:57:13.292+00:00][B] [INFO] --------------------------------
[2026-09-02T18:57:13.292+00:00][B] [INFO] [HEARTBEAT TX]
[2026-09-02T18:57:13.297+00:00][B] [INFO] Node ID: 2
[2026-09-02T18:57:13.298+00:00][B] [INFO] type: 2
[2026-09-02T18:57:13.298+00:00][B] [INFO] Destination: 0xFF
[2026-09-02T18:57:13.303+00:00][B] [INFO] Sequence: 105
[2026-09-02T18:57:13.303+00:00][B] [INFO] Packet ID: 27
[2026-09-02T18:57:13.308+00:00][B] [INFO] Packet Size: 26
[2026-09-02T18:57:13.308+00:00][B] [INFO] Timestamp: 27 ms
[2026-09-02T18:57:13.309+00:00][B] [INFO] Transmission Result: success
[2026-09-02T18:57:13.315+00:00][B] [INFO] --------------------------------
[2026-09-02T18:57:13.316+00:00][B] [INFO] [Heartbeat #27]
[2026-09-02T18:57:13.319+00:00][B] [INFO] Sent
[2026-09-02T18:57:13.320+00:00][B] [INFO] Waiting ACK...
[2026-09-02T18:57:13.320+00:00][B] [INFO] [WAITING ACK]
[2026-09-02T18:57:13.333+00:00][B] [INFO] [RF TX] type=2 source=0x02 destination=0xFF previousHop=0x02 sequence=105 ackSequence=0 ttl=8 hops=0 payloadSize=13 rssi=0 snr=0.00
[2026-09-02T18:57:13.334+00:00][B] [INFO] Heartbeat packet sent
[2026-09-02T18:57:13.533+00:00][B] [INFO] [RF TX] type=3 source=0x02 destination=0x01 previousHop=0x02 sequence=106 ackSequence=93 ttl=8 hops=0 payloadSize=2 rssi=0 snr=0.00
[2026-09-02T18:57:14.308+00:00][B] [WARN] Retry 1
[2026-09-02T18:57:14.375+00:00][B] [INFO] --------------------------------
[2026-09-02T18:57:14.376+00:00][B] [INFO] [HEARTBEAT TX]
[2026-09-02T18:57:14.381+00:00][B] [INFO] Node ID: 2
[2026-09-02T18:57:14.381+00:00][B] [INFO] type: 2
[2026-09-02T18:57:14.382+00:00][B] [INFO] Destination: 0xFF
[2026-09-02T18:57:14.387+00:00][B] [INFO] Sequence: 105
[2026-09-02T18:57:14.388+00:00][B] [INFO] Packet ID: 27
[2026-09-02T18:57:14.392+00:00][B] [INFO] Packet Size: 26
[2026-09-02T18:57:14.392+00:00][B] [INFO] Timestamp: 27 ms
[2026-09-02T18:57:14.393+00:00][B] [INFO] Transmission Result: success
[2026-09-02T18:57:14.398+00:00][B] [INFO] --------------------------------
[2026-09-02T18:57:14.398+00:00][B] [INFO] [Heartbeat #27]
[2026-09-02T18:57:14.403+00:00][B] [INFO] Sent
[2026-09-02T18:57:14.404+00:00][B] [INFO] Waiting ACK...
[2026-09-02T18:57:14.405+00:00][B] [INFO] [WAITING ACK]
[2026-09-02T18:57:14.417+00:00][B] [INFO] [RF TX] type=2 source=0x02 destination=0xFF previousHop=0x02 sequence=105 ackSequence=0 ttl=8 hops=0 payloadSize=13 rssi=0 snr=0.00
[2026-09-02T18:57:14.418+00:00][B] [INFO] Heartbeat packet sent
[2026-09-02T18:57:14.548+00:00][B] [INFO] [RF RX] type=1 source=0x01 destination=0x02 previousHop=0x01 sequence=96 ackSequence=0 ttl=8 hops=0 payloadSize=4 rssi=-61 snr=10.50
[2026-09-02T18:57:14.606+00:00][B] [INFO] [RF TX] type=3 source=0x02 destination=0x01 previousHop=0x02 sequence=107 ackSequence=96 ttl=8 hops=0 payloadSize=2 rssi=0 snr=0.00
[2026-09-02T18:57:14.672+00:00][B] [INFO] [RF RX] type=1 source=0x01 destination=0x02 previousHop=0x01 sequence=97 ackSequence=0 ttl=8 hops=0 payloadSize=4 rssi=-61 snr=9.75
[2026-09-02T18:57:14.730+00:00][B] [INFO] [RF TX] type=3 source=0x02 destination=0x01 previousHop=0x02 sequence=108 ackSequence=97 ttl=8 hops=0 payloadSize=2 rssi=0 snr=0.00
[2026-09-02T18:57:14.796+00:00][B] [INFO] [RF RX] type=1 source=0x01 destination=0x02 previousHop=0x01 sequence=98 ackSequence=0 ttl=8 hops=0 payloadSize=4 rssi=-62 snr=9.50
[2026-09-02T18:57:14.854+00:00][B] [INFO] [RF TX] type=3 source=0x02 destination=0x01 previousHop=0x02 sequence=109 ackSequence=98 ttl=8 hops=0 payloadSize=2 rssi=0 snr=0.00
[2026-09-02T18:57:14.920+00:00][B] [INFO] [RF RX] type=1 source=0x01 destination=0x02 previousHop=0x01 sequence=99 ackSequence=0 ttl=8 hops=0 payloadSize=4 rssi=-62 snr=9.75
[2026-09-02T18:57:14.977+00:00][B] [INFO] [RF TX] type=3 source=0x02 destination=0x01 previousHop=0x02 sequence=110 ackSequence=99 ttl=8 hops=0 payloadSize=2 rssi=0 snr=0.00
[2026-09-02T18:57:15.043+00:00][B] [INFO] [RF RX] type=1 source=0x01 destination=0x02 previousHop=0x01 sequence=100 ackSequence=0 ttl=8 hops=0 payloadSize=4 rssi=-61 snr=9.75
[2026-09-02T18:57:15.101+00:00][B] [INFO] [RF TX] type=3 source=0x02 destination=0x01 previousHop=0x02 sequence=111 ackSequence=100 ttl=8 hops=0 payloadSize=2 rssi=0 snr=0.00
[2026-09-02T18:57:15.167+00:00][B] [INFO] [RF RX] type=1 source=0x01 destination=0x02 previousHop=0x01 sequence=101 ackSequence=0 ttl=8 hops=0 payloadSize=4 rssi=-61 snr=10.00
[2026-09-02T18:57:15.226+00:00][B] [INFO] [RF TX] type=3 source=0x02 destination=0x01 previousHop=0x02 sequence=112 ackSequence=101 ttl=8 hops=0 payloadSize=2 rssi=0 snr=0.00
[2026-09-02T18:57:15.291+00:00][B] [INFO] --------------------------------
[2026-09-02T18:57:15.292+00:00][B] [INFO] [HEARTBEAT TX]
[2026-09-02T18:57:15.297+00:00][B] [INFO] Node ID: 2
[2026-09-02T18:57:15.297+00:00][B] [INFO] type: 2
[2026-09-02T18:57:15.297+00:00][B] [INFO] Destination: 0xFF
[2026-09-02T18:57:15.302+00:00][B] [INFO] Sequence: 113
[2026-09-02T18:57:15.302+00:00][B] [INFO] Packet ID: 28
[2026-09-02T18:57:15.308+00:00][B] [INFO] Packet Size: 26
[2026-09-02T18:57:15.308+00:00][B] [INFO] Timestamp: 28 ms
[2026-09-02T18:57:15.308+00:00][B] [INFO] Transmission Result: success
[2026-09-02T18:57:15.314+00:00][B] [INFO] --------------------------------
[2026-09-02T18:57:15.314+00:00][B] [INFO] [Heartbeat #28]
[2026-09-02T18:57:15.319+00:00][B] [INFO] Sent
[2026-09-02T18:57:15.319+00:00][B] [INFO] Waiting ACK...
[2026-09-02T18:57:15.320+00:00][B] [INFO] [WAITING ACK]
[2026-09-02T18:57:15.333+00:00][B] [INFO] [RF TX] type=2 source=0x02 destination=0xFF previousHop=0x02 sequence=113 ackSequence=0 ttl=8 hops=0 payloadSize=13 rssi=0 snr=0.00
[2026-09-02T18:57:15.333+00:00][B] [INFO] Heartbeat packet sent
[2026-09-02T18:57:16.277+00:00][B] [INFO] [RF TX] type=3 source=0x02 destination=0x01 previousHop=0x02 sequence=114 ackSequence=101 ttl=8 hops=0 payloadSize=2 rssi=0 snr=0.00
[2026-09-02T18:57:16.308+00:00][B] [WARN] Retry 1
[2026-09-02T18:57:16.375+00:00][B] [INFO] --------------------------------
[2026-09-02T18:57:16.375+00:00][B] [INFO] [HEARTBEAT TX]
[2026-09-02T18:57:16.381+00:00][B] [INFO] Node ID: 2
[2026-09-02T18:57:16.381+00:00][B] [INFO] type: 2
[2026-09-02T18:57:16.381+00:00][B] [INFO] Destination: 0xFF
[2026-09-02T18:57:16.386+00:00][B] [INFO] Sequence: 113
[2026-09-02T18:57:16.386+00:00][B] [INFO] Packet ID: 28
[2026-09-02T18:57:16.392+00:00][B] [INFO] Packet Size: 26
[2026-09-02T18:57:16.392+00:00][B] [INFO] Timestamp: 28 ms
[2026-09-02T18:57:16.392+00:00][B] [INFO] Transmission Result: success
[2026-09-02T18:57:16.397+00:00][B] [INFO] --------------------------------
[2026-09-02T18:57:16.397+00:00][B] [INFO] [Heartbeat #28]
[2026-09-02T18:57:16.403+00:00][B] [INFO] Sent
[2026-09-02T18:57:16.403+00:00][B] [INFO] Waiting ACK...
[2026-09-02T18:57:16.403+00:00][B] [INFO] [WAITING ACK]
[2026-09-02T18:57:16.417+00:00][B] [INFO] [RF TX] type=2 source=0x02 destination=0xFF previousHop=0x02 sequence=113 ackSequence=0 ttl=8 hops=0 payloadSize=13 rssi=0 snr=0.00
[2026-09-02T18:57:16.417+00:00][B] [INFO] Heartbeat packet sent
[2026-09-02T18:57:17.291+00:00][B] [INFO] --------------------------------
[2026-09-02T18:57:17.292+00:00][B] [INFO] [HEARTBEAT TX]
[2026-09-02T18:57:17.297+00:00][B] [INFO] Node ID: 2
[2026-09-02T18:57:17.297+00:00][B] [INFO] type: 2
[2026-09-02T18:57:17.298+00:00][B] [INFO] Destination: 0xFF
[2026-09-02T18:57:17.302+00:00][B] [INFO] Sequence: 115
[2026-09-02T18:57:17.303+00:00][B] [INFO] Packet ID: 29
[2026-09-02T18:57:17.308+00:00][B] [INFO] Packet Size: 26
[2026-09-02T18:57:17.308+00:00][B] [INFO] Timestamp: 29 ms
[2026-09-02T18:57:17.308+00:00][B] [INFO] Transmission Result: success
[2026-09-02T18:57:17.314+00:00][B] [INFO] --------------------------------
[2026-09-02T18:57:17.314+00:00][B] [INFO] [Heartbeat #29]
[2026-09-02T18:57:17.319+00:00][B] [INFO] Sent
[2026-09-02T18:57:17.319+00:00][B] [INFO] Waiting ACK...
[2026-09-02T18:57:17.319+00:00][B] [INFO] [WAITING ACK]
[2026-09-02T18:57:17.333+00:00][B] [INFO] [RF TX] type=2 source=0x02 destination=0xFF previousHop=0x02 sequence=115 ackSequence=0 ttl=8 hops=0 payloadSize=13 rssi=0 snr=0.00
[2026-09-02T18:57:17.333+00:00][B] [INFO] Heartbeat packet sent
[2026-09-02T18:57:18.308+00:00][B] [WARN] Retry 1
[2026-09-02T18:57:18.375+00:00][B] [INFO] --------------------------------
[2026-09-02T18:57:18.375+00:00][B] [INFO] [HEARTBEAT TX]
[2026-09-02T18:57:18.381+00:00][B] [INFO] Node ID: 2
[2026-09-02T18:57:18.381+00:00][B] [INFO] type: 2
[2026-09-02T18:57:18.381+00:00][B] [INFO] Destination: 0xFF
[2026-09-02T18:57:18.386+00:00][B] [INFO] Sequence: 115
[2026-09-02T18:57:18.386+00:00][B] [INFO] Packet ID: 29
[2026-09-02T18:57:18.392+00:00][B] [INFO] Packet Size: 26
[2026-09-02T18:57:18.392+00:00][B] [INFO] Timestamp: 29 ms
[2026-09-02T18:57:18.392+00:00][B] [INFO] Transmission Result: success
[2026-09-02T18:57:18.397+00:00][B] [INFO] --------------------------------
[2026-09-02T18:57:18.398+00:00][B] [INFO] [Heartbeat #29]
[2026-09-02T18:57:18.403+00:00][B] [INFO] Sent
[2026-09-02T18:57:18.404+00:00][B] [INFO] Waiting ACK...
[2026-09-02T18:57:18.404+00:00][B] [INFO] [WAITING ACK]
[2026-09-02T18:57:18.417+00:00][B] [INFO] [RF TX] type=2 source=0x02 destination=0xFF previousHop=0x02 sequence=115 ackSequence=0 ttl=8 hops=0 payloadSize=13 rssi=0 snr=0.00
[2026-09-02T18:57:18.417+00:00][B] [INFO] Heartbeat packet sent
[2026-09-02T18:57:19.291+00:00][B] [INFO] --------------------------------
[2026-09-02T18:57:19.291+00:00][B] [INFO] [HEARTBEAT TX]
[2026-09-02T18:57:19.297+00:00][B] [INFO] Node ID: 2
[2026-09-02T18:57:19.297+00:00][B] [INFO] type: 2
[2026-09-02T18:57:19.297+00:00][B] [INFO] Destination: 0xFF
[2026-09-02T18:57:19.302+00:00][B] [INFO] Sequence: 116
[2026-09-02T18:57:19.302+00:00][B] [INFO] Packet ID: 30
[2026-09-02T18:57:19.308+00:00][B] [INFO] Packet Size: 26
[2026-09-02T18:57:19.308+00:00][B] [INFO] Timestamp: 30 ms
[2026-09-02T18:57:19.308+00:00][B] [INFO] Transmission Result: success
[2026-09-02T18:57:19.313+00:00][B] [INFO] --------------------------------
[2026-09-02T18:57:19.313+00:00][B] [INFO] [Heartbeat #30]
[2026-09-02T18:57:19.319+00:00][B] [INFO] Sent
[2026-09-02T18:57:19.319+00:00][B] [INFO] Waiting ACK...
[2026-09-02T18:57:19.319+00:00][B] [INFO] [WAITING ACK]
[2026-09-02T18:57:19.333+00:00][B] [INFO] [RF TX] type=2 source=0x02 destination=0xFF previousHop=0x02 sequence=116 ackSequence=0 ttl=8 hops=0 payloadSize=13 rssi=0 snr=0.00
[2026-09-02T18:57:19.333+00:00][B] [INFO] Heartbeat packet sent
[2026-09-02T18:57:19.486+00:00][B] [INFO] [RF RX] type=1 source=0x01 destination=0x02 previousHop=0x01 sequence=105 ackSequence=0 ttl=8 hops=0 payloadSize=4 rssi=-60 snr=10.00
[2026-09-02T18:57:19.543+00:00][B] [INFO] [RF TX] type=3 source=0x02 destination=0x01 previousHop=0x02 sequence=117 ackSequence=105 ttl=8 hops=0 payloadSize=2 rssi=0 snr=0.00
[2026-09-02T18:57:19.610+00:00][B] [INFO] [RF RX] type=1 source=0x01 destination=0x02 previousHop=0x01 sequence=106 ackSequence=0 ttl=8 hops=0 payloadSize=4 rssi=-62 snr=9.75
[2026-09-02T18:57:19.667+00:00][B] [INFO] [RF TX] type=3 source=0x02 destination=0x01 previousHop=0x02 sequence=118 ackSequence=106 ttl=8 hops=0 payloadSize=2 rssi=0 snr=0.00
[2026-09-02T18:57:19.734+00:00][B] [INFO] [RF RX] type=1 source=0x01 destination=0x02 previousHop=0x01 sequence=107 ackSequence=0 ttl=8 hops=0 payloadSize=4 rssi=-61 snr=10.00
[2026-09-02T18:57:19.791+00:00][B] [INFO] [RF TX] type=3 source=0x02 destination=0x01 previousHop=0x02 sequence=119 ackSequence=107 ttl=8 hops=0 payloadSize=2 rssi=0 snr=0.00
[2026-09-02T18:57:19.857+00:00][B] [INFO] [RF RX] type=1 source=0x01 destination=0x02 previousHop=0x01 sequence=108 ackSequence=0 ttl=8 hops=0 payloadSize=4 rssi=-61 snr=9.75
[2026-09-02T18:57:19.915+00:00][B] [INFO] [RF TX] type=3 source=0x02 destination=0x01 previousHop=0x02 sequence=120 ackSequence=108 ttl=8 hops=0 payloadSize=2 rssi=0 snr=0.00
[2026-09-02T18:57:19.981+00:00][B] [INFO] [RF RX] type=1 source=0x01 destination=0x02 previousHop=0x01 sequence=109 ackSequence=0 ttl=8 hops=0 payloadSize=4 rssi=-61 snr=9.50
[2026-09-02T18:57:20.039+00:00][B] [INFO] [RF TX] type=3 source=0x02 destination=0x01 previousHop=0x02 sequence=121 ackSequence=109 ttl=8 hops=0 payloadSize=2 rssi=0 snr=0.00
[2026-09-02T18:57:20.105+00:00][B] [INFO] [RF RX] type=1 source=0x01 destination=0x02 previousHop=0x01 sequence=110 ackSequence=0 ttl=8 hops=0 payloadSize=4 rssi=-62 snr=9.00
[2026-09-02T18:57:20.163+00:00][B] [INFO] [RF TX] type=3 source=0x02 destination=0x01 previousHop=0x02 sequence=122 ackSequence=110 ttl=8 hops=0 payloadSize=2 rssi=0 snr=0.00
[2026-09-02T18:57:20.229+00:00][B] [INFO] [RF RX] type=1 source=0x01 destination=0x02 previousHop=0x01 sequence=111 ackSequence=0 ttl=8 hops=0 payloadSize=4 rssi=-61 snr=9.50
[2026-09-02T18:57:20.290+00:00][B] [INFO] [RF TX] type=3 source=0x02 destination=0x01 previousHop=0x02 sequence=123 ackSequence=111 ttl=8 hops=0 payloadSize=2 rssi=0 snr=0.00
[2026-09-02T18:57:20.309+00:00][B] [WARN] Retry 1
[2026-09-02T18:57:20.375+00:00][B] [INFO] --------------------------------
[2026-09-02T18:57:20.376+00:00][B] [INFO] [HEARTBEAT TX]
[2026-09-02T18:57:20.381+00:00][B] [INFO] Node ID: 2
[2026-09-02T18:57:20.381+00:00][B] [INFO] type: 2
[2026-09-02T18:57:20.381+00:00][B] [INFO] Destination: 0xFF
[2026-09-02T18:57:20.386+00:00][B] [INFO] Sequence: 116
[2026-09-02T18:57:20.387+00:00][B] [INFO] Packet ID: 30
[2026-09-02T18:57:20.392+00:00][B] [INFO] Packet Size: 26
[2026-09-02T18:57:20.392+00:00][B] [INFO] Timestamp: 30 ms
[2026-09-02T18:57:20.393+00:00][B] [INFO] Transmission Result: success
[2026-09-02T18:57:20.398+00:00][B] [INFO] --------------------------------
[2026-09-02T18:57:20.398+00:00][B] [INFO] [Heartbeat #30]
[2026-09-02T18:57:20.403+00:00][B] [INFO] Sent
[2026-09-02T18:57:20.404+00:00][B] [INFO] Waiting ACK...
[2026-09-02T18:57:20.404+00:00][B] [INFO] [WAITING ACK]
[2026-09-02T18:57:20.417+00:00][B] [INFO] [RF TX] type=2 source=0x02 destination=0xFF previousHop=0x02 sequence=116 ackSequence=0 ttl=8 hops=0 payloadSize=13 rssi=0 snr=0.00
[2026-09-02T18:57:20.418+00:00][B] [INFO] Heartbeat packet sent
[2026-09-02T18:57:21.291+00:00][B] [INFO] --------------------------------
[2026-09-02T18:57:21.292+00:00][B] [INFO] [HEARTBEAT TX]
[2026-09-02T18:57:21.297+00:00][B] [INFO] Node ID: 2
[2026-09-02T18:57:21.297+00:00][B] [INFO] type: 2
[2026-09-02T18:57:21.298+00:00][B] [INFO] Destination: 0xFF
[2026-09-02T18:57:21.302+00:00][B] [INFO] Sequence: 124
[2026-09-02T18:57:21.304+00:00][B] [INFO] Packet ID: 31
[2026-09-02T18:57:21.308+00:00][B] [INFO] Packet Size: 26
[2026-09-02T18:57:21.308+00:00][B] [INFO] Timestamp: 31 ms
[2026-09-02T18:57:21.309+00:00][B] [INFO] Transmission Result: success
[2026-09-02T18:57:21.315+00:00][B] [INFO] --------------------------------
[2026-09-02T18:57:21.315+00:00][B] [INFO] [Heartbeat #31]
[2026-09-02T18:57:21.319+00:00][B] [INFO] Sent
[2026-09-02T18:57:21.320+00:00][B] [INFO] Waiting ACK...
[2026-09-02T18:57:21.320+00:00][B] [INFO] [WAITING ACK]
[2026-09-02T18:57:21.333+00:00][B] [INFO] [RF TX] type=2 source=0x02 destination=0xFF previousHop=0x02 sequence=124 ackSequence=0 ttl=8 hops=0 payloadSize=13 rssi=0 snr=0.00
[2026-09-02T18:57:21.334+00:00][B] [INFO] Heartbeat packet sent
[2026-09-02T18:57:22.308+00:00][B] [WARN] Retry 1
[2026-09-02T18:57:22.375+00:00][B] [INFO] --------------------------------
[2026-09-02T18:57:22.375+00:00][B] [INFO] [HEARTBEAT TX]
[2026-09-02T18:57:22.380+00:00][B] [INFO] Node ID: 2
[2026-09-02T18:57:22.381+00:00][B] [INFO] type: 2
[2026-09-02T18:57:22.381+00:00][B] [INFO] Destination: 0xFF
[2026-09-02T18:57:22.386+00:00][B] [INFO] Sequence: 124
[2026-09-02T18:57:22.386+00:00][B] [INFO] Packet ID: 31
[2026-09-02T18:57:22.392+00:00][B] [INFO] Packet Size: 26
[2026-09-02T18:57:22.392+00:00][B] [INFO] Timestamp: 31 ms
[2026-09-02T18:57:22.392+00:00][B] [INFO] Transmission Result: success
[2026-09-02T18:57:22.397+00:00][B] [INFO] --------------------------------
[2026-09-02T18:57:22.397+00:00][B] [INFO] [Heartbeat #31]
[2026-09-02T18:57:22.403+00:00][B] [INFO] Sent
[2026-09-02T18:57:22.403+00:00][B] [INFO] Waiting ACK...
[2026-09-02T18:57:22.403+00:00][B] [INFO] [WAITING ACK]
[2026-09-02T18:57:22.417+00:00][B] [INFO] [RF TX] type=2 source=0x02 destination=0xFF previousHop=0x02 sequence=124 ackSequence=0 ttl=8 hops=0 payloadSize=13 rssi=0 snr=0.00
[2026-09-02T18:57:22.417+00:00][B] [INFO] Heartbeat packet sent
[2026-09-02T18:57:23.291+00:00][B] [INFO] --------------------------------
[2026-09-02T18:57:23.291+00:00][B] [INFO] [HEARTBEAT TX]
[2026-09-02T18:57:23.297+00:00][B] [INFO] Node ID: 2
[2026-09-02T18:57:23.297+00:00][B] [INFO] type: 2
[2026-09-02T18:57:23.297+00:00][B] [INFO] Destination: 0xFF
[2026-09-02T18:57:23.302+00:00][B] [INFO] Sequence: 125
[2026-09-02T18:57:23.302+00:00][B] [INFO] Packet ID: 32
[2026-09-02T18:57:23.308+00:00][B] [INFO] Packet Size: 26
[2026-09-02T18:57:23.308+00:00][B] [INFO] Timestamp: 32 ms
[2026-09-02T18:57:23.308+00:00][B] [INFO] Transmission Result: success
[2026-09-02T18:57:23.313+00:00][B] [INFO] --------------------------------
[2026-09-02T18:57:23.313+00:00][B] [INFO] [Heartbeat #32]
[2026-09-02T18:57:23.319+00:00][B] [INFO] Sent
[2026-09-02T18:57:23.319+00:00][B] [INFO] Waiting ACK...
[2026-09-02T18:57:23.319+00:00][B] [INFO] [WAITING ACK]
[2026-09-02T18:57:23.333+00:00][B] [INFO] [RF TX] type=2 source=0x02 destination=0xFF previousHop=0x02 sequence=125 ackSequence=0 ttl=8 hops=0 payloadSize=13 rssi=0 snr=0.00
[2026-09-02T18:57:23.333+00:00][B] [INFO] Heartbeat packet sent
[2026-09-02T18:57:23.533+00:00][B] [INFO] [RF TX] type=3 source=0x02 destination=0x01 previousHop=0x02 sequence=126 ackSequence=111 ttl=8 hops=0 payloadSize=2 rssi=0 snr=0.00
[2026-09-02T18:57:24.308+00:00][B] [WARN] Retry 1
[2026-09-02T18:57:24.377+00:00][B] [INFO] --------------------------------
[2026-09-02T18:57:24.378+00:00][B] [INFO] [HEARTBEAT TX]
[2026-09-02T18:57:24.381+00:00][B] [INFO] Node ID: 2
[2026-09-02T18:57:24.382+00:00][B] [INFO] type: 2
[2026-09-02T18:57:24.382+00:00][B] [INFO] Destination: 0xFF
[2026-09-02T18:57:24.386+00:00][B] [INFO] Sequence: 125
[2026-09-02T18:57:24.388+00:00][B] [INFO] Packet ID: 32
[2026-09-02T18:57:24.392+00:00][B] [INFO] Packet Size: 26
[2026-09-02T18:57:24.392+00:00][B] [INFO] Timestamp: 32 ms
[2026-09-02T18:57:24.392+00:00][B] [INFO] Transmission Result: success
[2026-09-02T18:57:24.398+00:00][B] [INFO] --------------------------------
[2026-09-02T18:57:24.399+00:00][B] [INFO] [Heartbeat #32]
[2026-09-02T18:57:24.406+00:00][B] [INFO] Sent
[2026-09-02T18:57:24.406+00:00][B] [INFO] Waiting ACK...
[2026-09-02T18:57:24.407+00:00][B] [INFO] [WAITING ACK]
[2026-09-02T18:57:24.417+00:00][B] [INFO] [RF TX] type=2 source=0x02 destination=0xFF previousHop=0x02 sequence=125 ackSequence=0 ttl=8 hops=0 payloadSize=13 rssi=0 snr=0.00
[2026-09-02T18:57:24.417+00:00][B] [INFO] Heartbeat packet sent
[2026-09-02T18:57:24.548+00:00][B] [INFO] [RF RX] type=1 source=0x01 destination=0x02 previousHop=0x01 sequence=114 ackSequence=0 ttl=8 hops=0 payloadSize=4 rssi=-60 snr=9.75
[2026-09-02T18:57:24.605+00:00][B] [INFO] [RF TX] type=3 source=0x02 destination=0x01 previousHop=0x02 sequence=127 ackSequence=114 ttl=8 hops=0 payloadSize=2 rssi=0 snr=0.00
[2026-09-02T18:57:24.672+00:00][B] [INFO] [RF RX] type=1 source=0x01 destination=0x02 previousHop=0x01 sequence=115 ackSequence=0 ttl=8 hops=0 payloadSize=4 rssi=-62 snr=9.50
[2026-09-02T18:57:24.729+00:00][B] [INFO] [RF TX] type=3 source=0x02 destination=0x01 previousHop=0x02 sequence=128 ackSequence=115 ttl=8 hops=0 payloadSize=2 rssi=0 snr=0.00
[2026-09-02T18:57:24.795+00:00][B] [INFO] [RF RX] type=1 source=0x01 destination=0x02 previousHop=0x01 sequence=116 ackSequence=0 ttl=8 hops=0 payloadSize=4 rssi=-62 snr=9.50
[2026-09-02T18:57:24.853+00:00][B] [INFO] [RF TX] type=3 source=0x02 destination=0x01 previousHop=0x02 sequence=129 ackSequence=116 ttl=8 hops=0 payloadSize=2 rssi=0 snr=0.00
[2026-09-02T18:57:24.919+00:00][B] [INFO] [RF RX] type=1 source=0x01 destination=0x02 previousHop=0x01 sequence=117 ackSequence=0 ttl=8 hops=0 payloadSize=4 rssi=-61 snr=9.75
[2026-09-02T18:57:24.978+00:00][B] [INFO] [RF TX] type=3 source=0x02 destination=0x01 previousHop=0x02 sequence=130 ackSequence=117 ttl=8 hops=0 payloadSize=2 rssi=0 snr=0.00
[2026-09-02T18:57:25.043+00:00][B] [INFO] [RF RX] type=1 source=0x01 destination=0x02 previousHop=0x01 sequence=118 ackSequence=0 ttl=8 hops=0 payloadSize=4 rssi=-61 snr=10.00
[2026-09-02T18:57:25.101+00:00][B] [INFO] [RF TX] type=3 source=0x02 destination=0x01 previousHop=0x02 sequence=131 ackSequence=118 ttl=8 hops=0 payloadSize=2 rssi=0 snr=0.00
[2026-09-02T18:57:25.167+00:00][B] [INFO] [RF RX] type=1 source=0x01 destination=0x02 previousHop=0x01 sequence=119 ackSequence=0 ttl=8 hops=0 payloadSize=4 rssi=-61 snr=9.75
[2026-09-02T18:57:25.225+00:00][B] [INFO] [RF TX] type=3 source=0x02 destination=0x01 previousHop=0x02 sequence=132 ackSequence=119 ttl=8 hops=0 payloadSize=2 rssi=0 snr=0.00
[2026-09-02T18:57:25.292+00:00][B] [INFO] --------------------------------
[2026-09-02T18:57:25.292+00:00][B] [INFO] [HEARTBEAT TX]
[2026-09-02T18:57:25.297+00:00][B] [INFO] Node ID: 2
[2026-09-02T18:57:25.298+00:00][B] [INFO] type: 2
[2026-09-02T18:57:25.298+00:00][B] [INFO] Destination: 0xFF
[2026-09-02T18:57:25.304+00:00][B] [INFO] Sequence: 133
[2026-09-02T18:57:25.304+00:00][B] [INFO] Packet ID: 33
[2026-09-02T18:57:25.308+00:00][B] [INFO] Packet Size: 26
[2026-09-02T18:57:25.308+00:00][B] [INFO] Timestamp: 33 ms
[2026-09-02T18:57:25.309+00:00][B] [INFO] Transmission Result: success
[2026-09-02T18:57:25.314+00:00][B] [INFO] --------------------------------
[2026-09-02T18:57:25.315+00:00][B] [INFO] [Heartbeat #33]
[2026-09-02T18:57:25.320+00:00][B] [INFO] Sent
[2026-09-02T18:57:25.321+00:00][B] [INFO] Waiting ACK...
[2026-09-02T18:57:25.321+00:00][B] [INFO] [WAITING ACK]
[2026-09-02T18:57:25.333+00:00][B] [INFO] [RF TX] type=2 source=0x02 destination=0xFF previousHop=0x02 sequence=133 ackSequence=0 ttl=8 hops=0 payloadSize=13 rssi=0 snr=0.00
[2026-09-02T18:57:25.334+00:00][B] [INFO] Heartbeat packet sent
[2026-09-02T18:57:26.276+00:00][B] [INFO] [RF TX] type=3 source=0x02 destination=0x01 previousHop=0x02 sequence=134 ackSequence=119 ttl=8 hops=0 payloadSize=2 rssi=0 snr=0.00
[2026-09-02T18:57:26.308+00:00][B] [WARN] Retry 1
[2026-09-02T18:57:26.375+00:00][B] [INFO] --------------------------------
[2026-09-02T18:57:26.376+00:00][B] [INFO] [HEARTBEAT TX]
[2026-09-02T18:57:26.381+00:00][B] [INFO] Node ID: 2
[2026-09-02T18:57:26.381+00:00][B] [INFO] type: 2
[2026-09-02T18:57:26.382+00:00][B] [INFO] Destination: 0xFF
[2026-09-02T18:57:26.386+00:00][B] [INFO] Sequence: 133
[2026-09-02T18:57:26.386+00:00][B] [INFO] Packet ID: 33
[2026-09-02T18:57:26.391+00:00][B] [INFO] Packet Size: 26
[2026-09-02T18:57:26.392+00:00][B] [INFO] Timestamp: 33 ms
[2026-09-02T18:57:26.392+00:00][B] [INFO] Transmission Result: success
[2026-09-02T18:57:26.398+00:00][B] [INFO] --------------------------------
[2026-09-02T18:57:26.398+00:00][B] [INFO] [Heartbeat #33]
[2026-09-02T18:57:26.403+00:00][B] [INFO] Sent
[2026-09-02T18:57:26.403+00:00][B] [INFO] Waiting ACK...
[2026-09-02T18:57:26.403+00:00][B] [INFO] [WAITING ACK]
[2026-09-02T18:57:26.417+00:00][B] [INFO] [RF TX] type=2 source=0x02 destination=0xFF previousHop=0x02 sequence=133 ackSequence=0 ttl=8 hops=0 payloadSize=13 rssi=0 snr=0.00
[2026-09-02T18:57:26.417+00:00][B] [INFO] Heartbeat packet sent
[2026-09-02T18:57:27.291+00:00][B] [INFO] --------------------------------
[2026-09-02T18:57:27.291+00:00][B] [INFO] [HEARTBEAT TX]
[2026-09-02T18:57:27.296+00:00][B] [INFO] Node ID: 2
[2026-09-02T18:57:27.296+00:00][B] [INFO] type: 2
[2026-09-02T18:57:27.297+00:00][B] [INFO] Destination: 0xFF
[2026-09-02T18:57:27.302+00:00][B] [INFO] Sequence: 135
[2026-09-02T18:57:27.302+00:00][B] [INFO] Packet ID: 34
[2026-09-02T18:57:27.307+00:00][B] [INFO] Packet Size: 26
[2026-09-02T18:57:27.307+00:00][B] [INFO] Timestamp: 34 ms
[2026-09-02T18:57:27.308+00:00][B] [INFO] Transmission Result: success
[2026-09-02T18:57:27.313+00:00][B] [INFO] --------------------------------
[2026-09-02T18:57:27.313+00:00][B] [INFO] [Heartbeat #34]
[2026-09-02T18:57:27.319+00:00][B] [INFO] Sent
[2026-09-02T18:57:27.319+00:00][B] [INFO] Waiting ACK...
[2026-09-02T18:57:27.319+00:00][B] [INFO] [WAITING ACK]
[2026-09-02T18:57:27.333+00:00][B] [INFO] [RF TX] type=2 source=0x02 destination=0xFF previousHop=0x02 sequence=135 ackSequence=0 ttl=8 hops=0 payloadSize=13 rssi=0 snr=0.00
[2026-09-02T18:57:27.333+00:00][B] [INFO] Heartbeat packet sent
[2026-09-02T18:57:28.308+00:00][B] [WARN] Retry 1
[2026-09-02T18:57:28.375+00:00][B] [INFO] --------------------------------
[2026-09-02T18:57:28.376+00:00][B] [INFO] [HEARTBEAT TX]
[2026-09-02T18:57:28.381+00:00][B] [INFO] Node ID: 2
[2026-09-02T18:57:28.381+00:00][B] [INFO] type: 2
[2026-09-02T18:57:28.382+00:00][B] [INFO] Destination: 0xFF
[2026-09-02T18:57:28.386+00:00][B] [INFO] Sequence: 135
[2026-09-02T18:57:28.387+00:00][B] [INFO] Packet ID: 34
[2026-09-02T18:57:28.392+00:00][B] [INFO] Packet Size: 26
[2026-09-02T18:57:28.392+00:00][B] [INFO] Timestamp: 34 ms
[2026-09-02T18:57:28.392+00:00][B] [INFO] Transmission Result: success
[2026-09-02T18:57:28.398+00:00][B] [INFO] --------------------------------
[2026-09-02T18:57:28.398+00:00][B] [INFO] [Heartbeat #34]
[2026-09-02T18:57:28.403+00:00][B] [INFO] Sent
[2026-09-02T18:57:28.403+00:00][B] [INFO] Waiting ACK...
[2026-09-02T18:57:28.404+00:00][B] [INFO] [WAITING ACK]
[2026-09-02T18:57:28.417+00:00][B] [INFO] [RF TX] type=2 source=0x02 destination=0xFF previousHop=0x02 sequence=135 ackSequence=0 ttl=8 hops=0 payloadSize=13 rssi=0 snr=0.00
[2026-09-02T18:57:28.418+00:00][B] [INFO] Heartbeat packet sent
[2026-09-02T18:57:29.291+00:00][B] [INFO] --------------------------------
[2026-09-02T18:57:29.292+00:00][B] [INFO] [HEARTBEAT TX]
[2026-09-02T18:57:29.297+00:00][B] [INFO] Node ID: 2
[2026-09-02T18:57:29.297+00:00][B] [INFO] type: 2
[2026-09-02T18:57:29.297+00:00][B] [INFO] Destination: 0xFF
[2026-09-02T18:57:29.304+00:00][B] [INFO] Sequence: 136
[2026-09-02T18:57:29.305+00:00][B] [INFO] Packet ID: 35
[2026-09-02T18:57:29.308+00:00][B] [INFO] Packet Size: 26
[2026-09-02T18:57:29.308+00:00][B] [INFO] Timestamp: 35 ms
[2026-09-02T18:57:29.309+00:00][B] [INFO] Transmission Result: success
[2026-09-02T18:57:29.319+00:00][B] [INFO] --------------------------------
[2026-09-02T18:57:29.319+00:00][B] [INFO] [Heartbeat #35]
[2026-09-02T18:57:29.319+00:00][B] [INFO] Sent
[2026-09-02T18:57:29.319+00:00][B] [INFO] Waiting ACK...
[2026-09-02T18:57:29.319+00:00][B] [INFO] [WAITING ACK]
[2026-09-02T18:57:29.335+00:00][B] [INFO] [RF TX] type=2 source=0x02 destination=0xFF previousHop=0x02 sequence=136 ackSequence=0 ttl=8 hops=0 payloadSize=13 rssi=0 snr=0.00
[2026-09-02T18:57:29.336+00:00][B] [INFO] Heartbeat packet sent
[2026-09-02T18:57:29.486+00:00][B] [INFO] [RF RX] type=1 source=0x01 destination=0x02 previousHop=0x01 sequence=123 ackSequence=0 ttl=8 hops=0 payloadSize=4 rssi=-61 snr=10.25
[2026-09-02T18:57:29.543+00:00][B] [INFO] [RF TX] type=3 source=0x02 destination=0x01 previousHop=0x02 sequence=137 ackSequence=123 ttl=8 hops=0 payloadSize=2 rssi=0 snr=0.00
[2026-09-02T18:57:29.610+00:00][B] [INFO] [RF RX] type=1 source=0x01 destination=0x02 previousHop=0x01 sequence=124 ackSequence=0 ttl=8 hops=0 payloadSize=4 rssi=-61 snr=9.75
[2026-09-02T18:57:29.667+00:00][B] [INFO] [RF TX] type=3 source=0x02 destination=0x01 previousHop=0x02 sequence=138 ackSequence=124 ttl=8 hops=0 payloadSize=2 rssi=0 snr=0.00
[2026-09-02T18:57:29.734+00:00][B] [INFO] [RF RX] type=1 source=0x01 destination=0x02 previousHop=0x01 sequence=125 ackSequence=0 ttl=8 hops=0 payloadSize=4 rssi=-61 snr=9.25
[2026-09-02T18:57:29.791+00:00][B] [INFO] [RF TX] type=3 source=0x02 destination=0x01 previousHop=0x02 sequence=139 ackSequence=125 ttl=8 hops=0 payloadSize=2 rssi=0 snr=0.00
[2026-09-02T18:57:29.858+00:00][B] [INFO] [RF RX] type=1 source=0x01 destination=0x02 previousHop=0x01 sequence=126 ackSequence=0 ttl=8 hops=0 payloadSize=4 rssi=-61 snr=10.00
[2026-09-02T18:57:29.915+00:00][B] [INFO] [RF TX] type=3 source=0x02 destination=0x01 previousHop=0x02 sequence=140 ackSequence=126 ttl=8 hops=0 payloadSize=2 rssi=0 snr=0.00
[2026-09-02T18:57:29.981+00:00][B] [INFO] [RF RX] type=1 source=0x01 destination=0x02 previousHop=0x01 sequence=127 ackSequence=0 ttl=8 hops=0 payloadSize=4 rssi=-61 snr=9.75
[2026-09-02T18:57:30.039+00:00][B] [INFO] [RF TX] type=3 source=0x02 destination=0x01 previousHop=0x02 sequence=141 ackSequence=127 ttl=8 hops=0 payloadSize=2 rssi=0 snr=0.00
[2026-09-02T18:57:30.105+00:00][B] [INFO] [RF RX] type=1 source=0x01 destination=0x02 previousHop=0x01 sequence=128 ackSequence=0 ttl=8 hops=0 payloadSize=4 rssi=-62 snr=9.50
[2026-09-02T18:57:30.163+00:00][B] [INFO] [RF TX] type=3 source=0x02 destination=0x01 previousHop=0x02 sequence=142 ackSequence=128 ttl=8 hops=0 payloadSize=2 rssi=0 snr=0.00
[2026-09-02T18:57:30.229+00:00][B] [INFO] [RF RX] type=1 source=0x01 destination=0x02 previousHop=0x01 sequence=129 ackSequence=0 ttl=8 hops=0 payloadSize=4 rssi=-61 snr=10.25
[2026-09-02T18:57:30.287+00:00][B] [INFO] [RF TX] type=3 source=0x02 destination=0x01 previousHop=0x02 sequence=143 ackSequence=129 ttl=8 hops=0 payloadSize=2 rssi=0 snr=0.00
[2026-09-02T18:57:30.308+00:00][B] [WARN] Retry 1
[2026-09-02T18:57:30.375+00:00][B] [INFO] --------------------------------
[2026-09-02T18:57:30.375+00:00][B] [INFO] [HEARTBEAT TX]
[2026-09-02T18:57:30.380+00:00][B] [INFO] Node ID: 2
[2026-09-02T18:57:30.380+00:00][B] [INFO] type: 2
[2026-09-02T18:57:30.381+00:00][B] [INFO] Destination: 0xFF
[2026-09-02T18:57:30.386+00:00][B] [INFO] Sequence: 136
[2026-09-02T18:57:30.386+00:00][B] [INFO] Packet ID: 35
[2026-09-02T18:57:30.391+00:00][B] [INFO] Packet Size: 26
[2026-09-02T18:57:30.392+00:00][B] [INFO] Timestamp: 35 ms
[2026-09-02T18:57:30.392+00:00][B] [INFO] Transmission Result: success
[2026-09-02T18:57:30.397+00:00][B] [INFO] --------------------------------
[2026-09-02T18:57:30.397+00:00][B] [INFO] [Heartbeat #35]
[2026-09-02T18:57:30.402+00:00][B] [INFO] Sent
[2026-09-02T18:57:30.403+00:00][B] [INFO] Waiting ACK...
[2026-09-02T18:57:30.403+00:00][B] [INFO] [WAITING ACK]
[2026-09-02T18:57:30.417+00:00][B] [INFO] [RF TX] type=2 source=0x02 destination=0xFF previousHop=0x02 sequence=136 ackSequence=0 ttl=8 hops=0 payloadSize=13 rssi=0 snr=0.00
[2026-09-02T18:57:30.417+00:00][B] [INFO] Heartbeat packet sent
[2026-09-02T18:57:31.291+00:00][B] [INFO] --------------------------------
[2026-09-02T18:57:31.291+00:00][B] [INFO] [HEARTBEAT TX]
[2026-09-02T18:57:31.296+00:00][B] [INFO] Node ID: 2
[2026-09-02T18:57:31.297+00:00][B] [INFO] type: 2
[2026-09-02T18:57:31.297+00:00][B] [INFO] Destination: 0xFF
[2026-09-02T18:57:31.302+00:00][B] [INFO] Sequence: 144
[2026-09-02T18:57:31.302+00:00][B] [INFO] Packet ID: 36
[2026-09-02T18:57:31.307+00:00][B] [INFO] Packet Size: 26
[2026-09-02T18:57:31.308+00:00][B] [INFO] Timestamp: 36 ms
[2026-09-02T18:57:31.308+00:00][B] [INFO] Transmission Result: success
[2026-09-02T18:57:31.313+00:00][B] [INFO] --------------------------------
[2026-09-02T18:57:31.314+00:00][B] [INFO] [Heartbeat #36]
[2026-09-02T18:57:31.319+00:00][B] [INFO] Sent
[2026-09-02T18:57:31.319+00:00][B] [INFO] Waiting ACK...
[2026-09-02T18:57:31.319+00:00][B] [INFO] [WAITING ACK]
[2026-09-02T18:57:31.333+00:00][B] [INFO] [RF TX] type=2 source=0x02 destination=0xFF previousHop=0x02 sequence=144 ackSequence=0 ttl=8 hops=0 payloadSize=13 rssi=0 snr=0.00
[2026-09-02T18:57:31.333+00:00][B] [INFO] Heartbeat packet sent
[2026-09-02T18:57:32.308+00:00][B] [WARN] Retry 1
[2026-09-02T18:57:32.375+00:00][B] [INFO] --------------------------------
[2026-09-02T18:57:32.376+00:00][B] [INFO] [HEARTBEAT TX]
[2026-09-02T18:57:32.381+00:00][B] [INFO] Node ID: 2
[2026-09-02T18:57:32.381+00:00][B] [INFO] type: 2
[2026-09-02T18:57:32.382+00:00][B] [INFO] Destination: 0xFF
[2026-09-02T18:57:32.386+00:00][B] [INFO] Sequence: 144
[2026-09-02T18:57:32.387+00:00][B] [INFO] Packet ID: 36
[2026-09-02T18:57:32.391+00:00][B] [INFO] Packet Size: 26
[2026-09-02T18:57:32.392+00:00][B] [INFO] Timestamp: 36 ms
[2026-09-02T18:57:32.392+00:00][B] [INFO] Transmission Result: success
[2026-09-02T18:57:32.398+00:00][B] [INFO] --------------------------------
[2026-09-02T18:57:32.398+00:00][B] [INFO] [Heartbeat #36]
[2026-09-02T18:57:32.403+00:00][B] [INFO] Sent
[2026-09-02T18:57:32.403+00:00][B] [INFO] Waiting ACK...
[2026-09-02T18:57:32.403+00:00][B] [INFO] [WAITING ACK]
[2026-09-02T18:57:32.417+00:00][B] [INFO] [RF TX] type=2 source=0x02 destination=0xFF previousHop=0x02 sequence=144 ackSequence=0 ttl=8 hops=0 payloadSize=13 rssi=0 snr=0.00
[2026-09-02T18:57:32.417+00:00][B] [INFO] Heartbeat packet sent
[2026-09-02T18:57:33.291+00:00][B] [INFO] --------------------------------
[2026-09-02T18:57:33.291+00:00][B] [INFO] [HEARTBEAT TX]
[2026-09-02T18:57:33.296+00:00][B] [INFO] Node ID: 2
[2026-09-02T18:57:33.297+00:00][B] [INFO] type: 2
[2026-09-02T18:57:33.297+00:00][B] [INFO] Destination: 0xFF
[2026-09-02T18:57:33.302+00:00][B] [INFO] Sequence: 145
[2026-09-02T18:57:33.302+00:00][B] [INFO] Packet ID: 37
[2026-09-02T18:57:33.307+00:00][B] [INFO] Packet Size: 26
[2026-09-02T18:57:33.308+00:00][B] [INFO] Timestamp: 37 ms
[2026-09-02T18:57:33.308+00:00][B] [INFO] Transmission Result: success
[2026-09-02T18:57:33.313+00:00][B] [INFO] --------------------------------
[2026-09-02T18:57:33.314+00:00][B] [INFO] [Heartbeat #37]
[2026-09-02T18:57:33.319+00:00][B] [INFO] Sent
[2026-09-02T18:57:33.319+00:00][B] [INFO] Waiting ACK...
[2026-09-02T18:57:33.319+00:00][B] [INFO] [WAITING ACK]
[2026-09-02T18:57:33.333+00:00][B] [INFO] [RF TX] type=2 source=0x02 destination=0xFF previousHop=0x02 sequence=145 ackSequence=0 ttl=8 hops=0 payloadSize=13 rssi=0 snr=0.00
[2026-09-02T18:57:33.333+00:00][B] [INFO] Heartbeat packet sent
[2026-09-02T18:57:33.532+00:00][B] [INFO] [RF TX] type=3 source=0x02 destination=0x01 previousHop=0x02 sequence=146 ackSequence=129 ttl=8 hops=0 payloadSize=2 rssi=0 snr=0.00
[2026-09-02T18:57:34.308+00:00][B] [WARN] Retry 1
[2026-09-02T18:57:34.375+00:00][B] [INFO] --------------------------------
[2026-09-02T18:57:34.375+00:00][B] [INFO] [HEARTBEAT TX]
[2026-09-02T18:57:34.381+00:00][B] [INFO] Node ID: 2
[2026-09-02T18:57:34.381+00:00][B] [INFO] type: 2
[2026-09-02T18:57:34.381+00:00][B] [INFO] Destination: 0xFF
[2026-09-02T18:57:34.386+00:00][B] [INFO] Sequence: 145
[2026-09-02T18:57:34.386+00:00][B] [INFO] Packet ID: 37
[2026-09-02T18:57:34.391+00:00][B] [INFO] Packet Size: 26
[2026-09-02T18:57:34.392+00:00][B] [INFO] Timestamp: 37 ms
[2026-09-02T18:57:34.392+00:00][B] [INFO] Transmission Result: success
[2026-09-02T18:57:34.397+00:00][B] [INFO] --------------------------------
[2026-09-02T18:57:34.398+00:00][B] [INFO] [Heartbeat #37]
[2026-09-02T18:57:34.402+00:00][B] [INFO] Sent
[2026-09-02T18:57:34.403+00:00][B] [INFO] Waiting ACK...
[2026-09-02T18:57:34.403+00:00][B] [INFO] [WAITING ACK]
[2026-09-02T18:57:34.417+00:00][B] [INFO] [RF TX] type=2 source=0x02 destination=0xFF previousHop=0x02 sequence=145 ackSequence=0 ttl=8 hops=0 payloadSize=13 rssi=0 snr=0.00
[2026-09-02T18:57:34.417+00:00][B] [INFO] Heartbeat packet sent
[2026-09-02T18:57:34.548+00:00][B] [INFO] [RF RX] type=1 source=0x01 destination=0x02 previousHop=0x01 sequence=132 ackSequence=0 ttl=8 hops=0 payloadSize=4 rssi=-61 snr=9.50
[2026-09-02T18:57:34.605+00:00][B] [INFO] [RF TX] type=3 source=0x02 destination=0x01 previousHop=0x02 sequence=147 ackSequence=132 ttl=8 hops=0 payloadSize=2 rssi=0 snr=0.00
[2026-09-02T18:57:34.671+00:00][B] [INFO] [RF RX] type=1 source=0x01 destination=0x02 previousHop=0x01 sequence=133 ackSequence=0 ttl=8 hops=0 payloadSize=4 rssi=-62 snr=9.75
[2026-09-02T18:57:34.729+00:00][B] [INFO] [RF TX] type=3 source=0x02 destination=0x01 previousHop=0x02 sequence=148 ackSequence=133 ttl=8 hops=0 payloadSize=2 rssi=0 snr=0.00
[2026-09-02T18:57:34.795+00:00][B] [INFO] [RF RX] type=1 source=0x01 destination=0x02 previousHop=0x01 sequence=134 ackSequence=0 ttl=8 hops=0 payloadSize=4 rssi=-62 snr=9.50
[2026-09-02T18:57:34.853+00:00][B] [INFO] [RF TX] type=3 source=0x02 destination=0x01 previousHop=0x02 sequence=149 ackSequence=134 ttl=8 hops=0 payloadSize=2 rssi=0 snr=0.00
[2026-09-02T18:57:34.919+00:00][B] [INFO] [RF RX] type=1 source=0x01 destination=0x02 previousHop=0x01 sequence=135 ackSequence=0 ttl=8 hops=0 payloadSize=4 rssi=-62 snr=9.50
[2026-09-02T18:57:34.977+00:00][B] [INFO] [RF TX] type=3 source=0x02 destination=0x01 previousHop=0x02 sequence=150 ackSequence=135 ttl=8 hops=0 payloadSize=2 rssi=0 snr=0.00
[2026-09-02T18:57:35.291+00:00][B] [INFO] --------------------------------
[2026-09-02T18:57:35.291+00:00][B] [INFO] [HEARTBEAT TX]
[2026-09-02T18:57:35.296+00:00][B] [INFO] Node ID: 2
[2026-09-02T18:57:35.297+00:00][B] [INFO] type: 2
[2026-09-02T18:57:35.297+00:00][B] [INFO] Destination: 0xFF
[2026-09-02T18:57:35.302+00:00][B] [INFO] Sequence: 151
[2026-09-02T18:57:35.302+00:00][B] [INFO] Packet ID: 38
[2026-09-02T18:57:35.307+00:00][B] [INFO] Packet Size: 26
[2026-09-02T18:57:35.308+00:00][B] [INFO] Timestamp: 38 ms
[2026-09-02T18:57:35.308+00:00][B] [INFO] Transmission Result: success
[2026-09-02T18:57:35.313+00:00][B] [INFO] --------------------------------
[2026-09-02T18:57:35.314+00:00][B] [INFO] [Heartbeat #38]
[2026-09-02T18:57:35.319+00:00][B] [INFO] Sent
[2026-09-02T18:57:35.319+00:00][B] [INFO] Waiting ACK...
[2026-09-02T18:57:35.319+00:00][B] [INFO] [WAITING ACK]
[2026-09-02T18:57:35.333+00:00][B] [INFO] [RF TX] type=2 source=0x02 destination=0xFF previousHop=0x02 sequence=151 ackSequence=0 ttl=8 hops=0 payloadSize=13 rssi=0 snr=0.00
[2026-09-02T18:57:35.333+00:00][B] [INFO] Heartbeat packet sent
[2026-09-02T18:57:36.105+00:00][B] [INFO] [RF RX] type=1 source=0x01 destination=0x02 previousHop=0x01 sequence=136 ackSequence=0 ttl=8 hops=0 payloadSize=4 rssi=-61 snr=9.75
[2026-09-02T18:57:36.163+00:00][B] [INFO] [RF TX] type=3 source=0x02 destination=0x01 previousHop=0x02 sequence=152 ackSequence=136 ttl=8 hops=0 payloadSize=2 rssi=0 snr=0.00
[2026-09-02T18:57:36.229+00:00][B] [INFO] [RF RX] type=1 source=0x01 destination=0x02 previousHop=0x01 sequence=138 ackSequence=0 ttl=8 hops=0 payloadSize=4 rssi=-62 snr=9.75
[2026-09-02T18:57:36.287+00:00][B] [INFO] [RF TX] type=3 source=0x02 destination=0x01 previousHop=0x02 sequence=153 ackSequence=138 ttl=8 hops=0 payloadSize=2 rssi=0 snr=0.00
[2026-09-02T18:57:36.308+00:00][B] [WARN] Retry 1
[2026-09-02T18:57:36.375+00:00][B] [INFO] --------------------------------
[2026-09-02T18:57:36.375+00:00][B] [INFO] [HEARTBEAT TX]
[2026-09-02T18:57:36.380+00:00][B] [INFO] Node ID: 2
[2026-09-02T18:57:36.380+00:00][B] [INFO] type: 2
[2026-09-02T18:57:36.380+00:00][B] [INFO] Destination: 0xFF
[2026-09-02T18:57:36.386+00:00][B] [INFO] Sequence: 151
[2026-09-02T18:57:36.386+00:00][B] [INFO] Packet ID: 38
[2026-09-02T18:57:36.391+00:00][B] [INFO] Packet Size: 26
[2026-09-02T18:57:36.391+00:00][B] [INFO] Timestamp: 38 ms
[2026-09-02T18:57:36.392+00:00][B] [INFO] Transmission Result: success
[2026-09-02T18:57:36.397+00:00][B] [INFO] --------------------------------
[2026-09-02T18:57:36.397+00:00][B] [INFO] [Heartbeat #38]
[2026-09-02T18:57:36.402+00:00][B] [INFO] Sent
[2026-09-02T18:57:36.403+00:00][B] [INFO] Waiting ACK...
[2026-09-02T18:57:36.403+00:00][B] [INFO] [WAITING ACK]
[2026-09-02T18:57:36.417+00:00][B] [INFO] [RF TX] type=2 source=0x02 destination=0xFF previousHop=0x02 sequence=151 ackSequence=0 ttl=8 hops=0 payloadSize=13 rssi=0 snr=0.00
[2026-09-02T18:57:36.417+00:00][B] [INFO] Heartbeat packet sent
[2026-09-02T18:57:37.291+00:00][B] [INFO] --------------------------------
[2026-09-02T18:57:37.291+00:00][B] [INFO] [HEARTBEAT TX]
[2026-09-02T18:57:37.296+00:00][B] [INFO] Node ID: 2
[2026-09-02T18:57:37.297+00:00][B] [INFO] type: 2
[2026-09-02T18:57:37.297+00:00][B] [INFO] Destination: 0xFF
[2026-09-02T18:57:37.302+00:00][B] [INFO] Sequence: 154
[2026-09-02T18:57:37.302+00:00][B] [INFO] Packet ID: 39
[2026-09-02T18:57:37.307+00:00][B] [INFO] Packet Size: 26
[2026-09-02T18:57:37.308+00:00][B] [INFO] Timestamp: 39 ms
[2026-09-02T18:57:37.308+00:00][B] [INFO] Transmission Result: success
[2026-09-02T18:57:37.314+00:00][B] [INFO] --------------------------------
[2026-09-02T18:57:37.314+00:00][B] [INFO] [Heartbeat #39]
[2026-09-02T18:57:37.319+00:00][B] [INFO] Sent
[2026-09-02T18:57:37.319+00:00][B] [INFO] Waiting ACK...
[2026-09-02T18:57:37.319+00:00][B] [INFO] [WAITING ACK]
[2026-09-02T18:57:37.333+00:00][B] [INFO] [RF TX] type=2 source=0x02 destination=0xFF previousHop=0x02 sequence=154 ackSequence=0 ttl=8 hops=0 payloadSize=13 rssi=0 snr=0.00
[2026-09-02T18:57:37.333+00:00][B] [INFO] Heartbeat packet sent
[2026-09-02T18:57:38.315+00:00][B] [WARN] Retry 1
[2026-09-02T18:57:38.375+00:00][B] [INFO] --------------------------------
[2026-09-02T18:57:38.375+00:00][B] [INFO] [HEARTBEAT TX]
[2026-09-02T18:57:38.380+00:00][B] [INFO] Node ID: 2
[2026-09-02T18:57:38.380+00:00][B] [INFO] type: 2
[2026-09-02T18:57:38.380+00:00][B] [INFO] Destination: 0xFF
[2026-09-02T18:57:38.386+00:00][B] [INFO] Sequence: 154
[2026-09-02T18:57:38.386+00:00][B] [INFO] Packet ID: 39
[2026-09-02T18:57:38.391+00:00][B] [INFO] Packet Size: 26
[2026-09-02T18:57:38.391+00:00][B] [INFO] Timestamp: 39 ms
[2026-09-02T18:57:38.391+00:00][B] [INFO] Transmission Result: success
[2026-09-02T18:57:38.397+00:00][B] [INFO] --------------------------------
[2026-09-02T18:57:38.397+00:00][B] [INFO] [Heartbeat #39]
[2026-09-02T18:57:38.402+00:00][B] [INFO] Sent
[2026-09-02T18:57:38.402+00:00][B] [INFO] Waiting ACK...
[2026-09-02T18:57:38.402+00:00][B] [INFO] [WAITING ACK]
[2026-09-02T18:57:38.417+00:00][B] [INFO] [RF TX] type=2 source=0x02 destination=0xFF previousHop=0x02 sequence=154 ackSequence=0 ttl=8 hops=0 payloadSize=13 rssi=0 snr=0.00
[2026-09-02T18:57:38.417+00:00][B] [INFO] Heartbeat packet sent
[2026-09-02T18:57:39.291+00:00][B] [INFO] --------------------------------
[2026-09-02T18:57:39.291+00:00][B] [INFO] [HEARTBEAT TX]
[2026-09-02T18:57:39.296+00:00][B] [INFO] Node ID: 2
[2026-09-02T18:57:39.296+00:00][B] [INFO] type: 2
[2026-09-02T18:57:39.296+00:00][B] [INFO] Destination: 0xFF
[2026-09-02T18:57:39.302+00:00][B] [INFO] Sequence: 155
[2026-09-02T18:57:39.302+00:00][B] [INFO] Packet ID: 40
[2026-09-02T18:57:39.307+00:00][B] [INFO] Packet Size: 26
[2026-09-02T18:57:39.307+00:00][B] [INFO] Timestamp: 40 ms
[2026-09-02T18:57:39.307+00:00][B] [INFO] Transmission Result: success
[2026-09-02T18:57:39.313+00:00][B] [INFO] --------------------------------
[2026-09-02T18:57:39.313+00:00][B] [INFO] [Heartbeat #40]
[2026-09-02T18:57:39.318+00:00][B] [INFO] Sent
[2026-09-02T18:57:39.318+00:00][B] [INFO] Waiting ACK...
[2026-09-02T18:57:39.318+00:00][B] [INFO] [WAITING ACK]
[2026-09-02T18:57:39.333+00:00][B] [INFO] [RF TX] type=2 source=0x02 destination=0xFF previousHop=0x02 sequence=155 ackSequence=0 ttl=8 hops=0 payloadSize=13 rssi=0 snr=0.00
[2026-09-02T18:57:39.333+00:00][B] [INFO] Heartbeat packet sent
[2026-09-02T18:57:39.532+00:00][B] [INFO] [RF TX] type=3 source=0x02 destination=0x01 previousHop=0x02 sequence=156 ackSequence=138 ttl=8 hops=0 payloadSize=2 rssi=0 snr=0.00
[2026-09-02T18:57:40.308+00:00][B] [WARN] Retry 1
[2026-09-02T18:57:40.375+00:00][B] [INFO] --------------------------------
[2026-09-02T18:57:40.376+00:00][B] [INFO] [HEARTBEAT TX]
[2026-09-02T18:57:40.380+00:00][B] [INFO] Node ID: 2
[2026-09-02T18:57:40.381+00:00][B] [INFO] type: 2
[2026-09-02T18:57:40.381+00:00][B] [INFO] Destination: 0xFF
[2026-09-02T18:57:40.386+00:00][B] [INFO] Sequence: 155
[2026-09-02T18:57:40.386+00:00][B] [INFO] Packet ID: 40
[2026-09-02T18:57:40.391+00:00][B] [INFO] Packet Size: 26
[2026-09-02T18:57:40.392+00:00][B] [INFO] Timestamp: 40 ms
[2026-09-02T18:57:40.392+00:00][B] [INFO] Transmission Result: success
[2026-09-02T18:57:40.397+00:00][B] [INFO] --------------------------------
[2026-09-02T18:57:40.398+00:00][B] [INFO] [Heartbeat #40]
[2026-09-02T18:57:40.402+00:00][B] [INFO] Sent
[2026-09-02T18:57:40.403+00:00][B] [INFO] Waiting ACK...
[2026-09-02T18:57:40.403+00:00][B] [INFO] [WAITING ACK]
[2026-09-02T18:57:40.417+00:00][B] [INFO] [RF TX] type=2 source=0x02 destination=0xFF previousHop=0x02 sequence=155 ackSequence=0 ttl=8 hops=0 payloadSize=13 rssi=0 snr=0.00
[2026-09-02T18:57:40.417+00:00][B] [INFO] Heartbeat packet sent
[2026-09-02T18:57:40.548+00:00][B] [INFO] [RF RX] type=1 source=0x01 destination=0x02 previousHop=0x01 sequence=141 ackSequence=0 ttl=8 hops=0 payloadSize=4 rssi=-61 snr=10.50
[2026-09-02T18:57:40.605+00:00][B] [INFO] [RF TX] type=3 source=0x02 destination=0x01 previousHop=0x02 sequence=157 ackSequence=141 ttl=8 hops=0 payloadSize=2 rssi=0 snr=0.00
[2026-09-02T18:57:40.671+00:00][B] [INFO] [RF RX] type=1 source=0x01 destination=0x02 previousHop=0x01 sequence=142 ackSequence=0 ttl=8 hops=0 payloadSize=4 rssi=-62 snr=9.75
[2026-09-02T18:57:40.729+00:00][B] [INFO] [RF TX] type=3 source=0x02 destination=0x01 previousHop=0x02 sequence=158 ackSequence=142 ttl=8 hops=0 payloadSize=2 rssi=0 snr=0.00
[2026-09-02T18:57:40.795+00:00][B] [INFO] [RF RX] type=1 source=0x01 destination=0x02 previousHop=0x01 sequence=143 ackSequence=0 ttl=8 hops=0 payloadSize=4 rssi=-61 snr=9.75
[2026-09-02T18:57:40.853+00:00][B] [INFO] [RF TX] type=3 source=0x02 destination=0x01 previousHop=0x02 sequence=159 ackSequence=143 ttl=8 hops=0 payloadSize=2 rssi=0 snr=0.00
[2026-09-02T18:57:40.919+00:00][B] [INFO] [RF RX] type=1 source=0x01 destination=0x02 previousHop=0x01 sequence=144 ackSequence=0 ttl=8 hops=0 payloadSize=4 rssi=-61 snr=9.75
[2026-09-02T18:57:40.977+00:00][B] [INFO] [RF TX] type=3 source=0x02 destination=0x01 previousHop=0x02 sequence=160 ackSequence=144 ttl=8 hops=0 payloadSize=2 rssi=0 snr=0.00
[2026-09-02T18:57:41.043+00:00][B] [INFO] [RF RX] type=1 source=0x01 destination=0x02 previousHop=0x01 sequence=145 ackSequence=0 ttl=8 hops=0 payloadSize=4 rssi=-62 snr=10.00
[2026-09-02T18:57:41.100+00:00][B] [INFO] [RF TX] type=3 source=0x02 destination=0x01 previousHop=0x02 sequence=161 ackSequence=145 ttl=8 hops=0 payloadSize=2 rssi=0 snr=0.00
[2026-09-02T18:57:41.167+00:00][B] [INFO] [RF RX] type=1 source=0x01 destination=0x02 previousHop=0x01 sequence=146 ackSequence=0 ttl=8 hops=0 payloadSize=4 rssi=-62 snr=9.50
[2026-09-02T18:57:41.224+00:00][B] [INFO] [RF TX] type=3 source=0x02 destination=0x01 previousHop=0x02 sequence=162 ackSequence=146 ttl=8 hops=0 payloadSize=2 rssi=0 snr=0.00
[2026-09-02T18:57:41.291+00:00][B] [INFO] --------------------------------
[2026-09-02T18:57:41.291+00:00][B] [INFO] [HEARTBEAT TX]
[2026-09-02T18:57:41.297+00:00][B] [INFO] Node ID: 2
[2026-09-02T18:57:41.297+00:00][B] [INFO] type: 2
[2026-09-02T18:57:41.297+00:00][B] [INFO] Destination: 0xFF
[2026-09-02T18:57:41.302+00:00][B] [INFO] Sequence: 163
[2026-09-02T18:57:41.302+00:00][B] [INFO] Packet ID: 41
[2026-09-02T18:57:41.307+00:00][B] [INFO] Packet Size: 26
[2026-09-02T18:57:41.308+00:00][B] [INFO] Timestamp: 41 ms
[2026-09-02T18:57:41.308+00:00][B] [INFO] Transmission Result: success
[2026-09-02T18:57:41.314+00:00][B] [INFO] --------------------------------
[2026-09-02T18:57:41.314+00:00][B] [INFO] [Heartbeat #41]
[2026-09-02T18:57:41.319+00:00][B] [INFO] Sent
[2026-09-02T18:57:41.319+00:00][B] [INFO] Waiting ACK...
[2026-09-02T18:57:41.319+00:00][B] [INFO] [WAITING ACK]
[2026-09-02T18:57:41.333+00:00][B] [INFO] [RF TX] type=2 source=0x02 destination=0xFF previousHop=0x02 sequence=163 ackSequence=0 ttl=8 hops=0 payloadSize=13 rssi=0 snr=0.00
[2026-09-02T18:57:41.333+00:00][B] [INFO] Heartbeat packet sent
[2026-09-02T18:57:42.276+00:00][B] [INFO] [RF TX] type=3 source=0x02 destination=0x01 previousHop=0x02 sequence=164 ackSequence=146 ttl=8 hops=0 payloadSize=2 rssi=0 snr=0.00
[2026-09-02T18:57:42.308+00:00][B] [WARN] Retry 1
[2026-09-02T18:57:42.375+00:00][B] [INFO] --------------------------------
[2026-09-02T18:57:42.375+00:00][B] [INFO] [HEARTBEAT TX]
[2026-09-02T18:57:42.380+00:00][B] [INFO] Node ID: 2
[2026-09-02T18:57:42.381+00:00][B] [INFO] type: 2
[2026-09-02T18:57:42.381+00:00][B] [INFO] Destination: 0xFF
[2026-09-02T18:57:42.386+00:00][B] [INFO] Sequence: 163
[2026-09-02T18:57:42.386+00:00][B] [INFO] Packet ID: 41
[2026-09-02T18:57:42.391+00:00][B] [INFO] Packet Size: 26
[2026-09-02T18:57:42.392+00:00][B] [INFO] Timestamp: 41 ms
[2026-09-02T18:57:42.392+00:00][B] [INFO] Transmission Result: success
[2026-09-02T18:57:42.397+00:00][B] [INFO] --------------------------------
[2026-09-02T18:57:42.398+00:00][B] [INFO] [Heartbeat #41]
[2026-09-02T18:57:42.402+00:00][B] [INFO] Sent
[2026-09-02T18:57:42.403+00:00][B] [INFO] Waiting ACK...
[2026-09-02T18:57:42.403+00:00][B] [INFO] [WAITING ACK]
[2026-09-02T18:57:42.417+00:00][B] [INFO] [RF TX] type=2 source=0x02 destination=0xFF previousHop=0x02 sequence=163 ackSequence=0 ttl=8 hops=0 payloadSize=13 rssi=0 snr=0.00
[2026-09-02T18:57:42.417+00:00][B] [INFO] Heartbeat packet sent
[2026-09-02T18:57:43.291+00:00][B] [INFO] --------------------------------
[2026-09-02T18:57:43.291+00:00][B] [INFO] [HEARTBEAT TX]
[2026-09-02T18:57:43.296+00:00][B] [INFO] Node ID: 2
[2026-09-02T18:57:43.296+00:00][B] [INFO] type: 2
[2026-09-02T18:57:43.297+00:00][B] [INFO] Destination: 0xFF
[2026-09-02T18:57:43.302+00:00][B] [INFO] Sequence: 165
[2026-09-02T18:57:43.302+00:00][B] [INFO] Packet ID: 42
[2026-09-02T18:57:43.307+00:00][B] [INFO] Packet Size: 26
[2026-09-02T18:57:43.308+00:00][B] [INFO] Timestamp: 42 ms
[2026-09-02T18:57:43.308+00:00][B] [INFO] Transmission Result: success
[2026-09-02T18:57:43.313+00:00][B] [INFO] --------------------------------
[2026-09-02T18:57:43.314+00:00][B] [INFO] [Heartbeat #42]
[2026-09-02T18:57:43.318+00:00][B] [INFO] Sent
[2026-09-02T18:57:43.319+00:00][B] [INFO] Waiting ACK...
[2026-09-02T18:57:43.319+00:00][B] [INFO] [WAITING ACK]
[2026-09-02T18:57:43.333+00:00][B] [INFO] [RF TX] type=2 source=0x02 destination=0xFF previousHop=0x02 sequence=165 ackSequence=0 ttl=8 hops=0 payloadSize=13 rssi=0 snr=0.00
[2026-09-02T18:57:43.333+00:00][B] [INFO] Heartbeat packet sent
[2026-09-02T18:57:44.308+00:00][B] [WARN] Retry 1
[2026-09-02T18:57:44.375+00:00][B] [INFO] --------------------------------
[2026-09-02T18:57:44.375+00:00][B] [INFO] [HEARTBEAT TX]
[2026-09-02T18:57:44.380+00:00][B] [INFO] Node ID: 2
[2026-09-02T18:57:44.381+00:00][B] [INFO] type: 2
[2026-09-02T18:57:44.381+00:00][B] [INFO] Destination: 0xFF
[2026-09-02T18:57:44.386+00:00][B] [INFO] Sequence: 165
[2026-09-02T18:57:44.386+00:00][B] [INFO] Packet ID: 42
[2026-09-02T18:57:44.391+00:00][B] [INFO] Packet Size: 26
[2026-09-02T18:57:44.392+00:00][B] [INFO] Timestamp: 42 ms
[2026-09-02T18:57:44.392+00:00][B] [INFO] Transmission Result: success
[2026-09-02T18:57:44.397+00:00][B] [INFO] --------------------------------
[2026-09-02T18:57:44.398+00:00][B] [INFO] [Heartbeat #42]
[2026-09-02T18:57:44.402+00:00][B] [INFO] Sent
[2026-09-02T18:57:44.403+00:00][B] [INFO] Waiting ACK...
[2026-09-02T18:57:44.403+00:00][B] [INFO] [WAITING ACK]
[2026-09-02T18:57:44.417+00:00][B] [INFO] [RF TX] type=2 source=0x02 destination=0xFF previousHop=0x02 sequence=165 ackSequence=0 ttl=8 hops=0 payloadSize=13 rssi=0 snr=0.00
[2026-09-02T18:57:44.417+00:00][B] [INFO] Heartbeat packet sent
[2026-09-02T18:57:45.291+00:00][B] [INFO] --------------------------------
[2026-09-02T18:57:45.291+00:00][B] [INFO] [HEARTBEAT TX]
[2026-09-02T18:57:45.296+00:00][B] [INFO] Node ID: 2
[2026-09-02T18:57:45.296+00:00][B] [INFO] type: 2
[2026-09-02T18:57:45.297+00:00][B] [INFO] Destination: 0xFF
[2026-09-02T18:57:45.302+00:00][B] [INFO] Sequence: 166
[2026-09-02T18:57:45.302+00:00][B] [INFO] Packet ID: 43
[2026-09-02T18:57:45.307+00:00][B] [INFO] Packet Size: 26
[2026-09-02T18:57:45.307+00:00][B] [INFO] Timestamp: 43 ms
[2026-09-02T18:57:45.308+00:00][B] [INFO] Transmission Result: success
[2026-09-02T18:57:45.313+00:00][B] [INFO] --------------------------------
[2026-09-02T18:57:45.313+00:00][B] [INFO] [Heartbeat #43]
[2026-09-02T18:57:45.318+00:00][B] [INFO] Sent
[2026-09-02T18:57:45.318+00:00][B] [INFO] Waiting ACK...
[2026-09-02T18:57:45.319+00:00][B] [INFO] [WAITING ACK]
[2026-09-02T18:57:45.332+00:00][B] [INFO] [RF TX] type=2 source=0x02 destination=0xFF previousHop=0x02 sequence=166 ackSequence=0 ttl=8 hops=0 payloadSize=13 rssi=0 snr=0.00
[2026-09-02T18:57:45.333+00:00][B] [INFO] Heartbeat packet sent
[2026-09-02T18:57:45.486+00:00][B] [INFO] [RF RX] type=1 source=0x01 destination=0x02 previousHop=0x01 sequence=150 ackSequence=0 ttl=8 hops=0 payloadSize=4 rssi=-61 snr=10.00
[2026-09-02T18:57:45.543+00:00][B] [INFO] [RF TX] type=3 source=0x02 destination=0x01 previousHop=0x02 sequence=167 ackSequence=150 ttl=8 hops=0 payloadSize=2 rssi=0 snr=0.00
[2026-09-02T18:57:45.609+00:00][B] [INFO] [RF RX] type=1 source=0x01 destination=0x02 previousHop=0x01 sequence=151 ackSequence=0 ttl=8 hops=0 payloadSize=4 rssi=-62 snr=9.25
[2026-09-02T18:57:45.667+00:00][B] [INFO] [RF TX] type=3 source=0x02 destination=0x01 previousHop=0x02 sequence=168 ackSequence=151 ttl=8 hops=0 payloadSize=2 rssi=0 snr=0.00
[2026-09-02T18:57:45.733+00:00][B] [INFO] [RF RX] type=1 source=0x01 destination=0x02 previousHop=0x01 sequence=152 ackSequence=0 ttl=8 hops=0 payloadSize=4 rssi=-61 snr=9.75
[2026-09-02T18:57:45.791+00:00][B] [INFO] [RF TX] type=3 source=0x02 destination=0x01 previousHop=0x02 sequence=169 ackSequence=152 ttl=8 hops=0 payloadSize=2 rssi=0 snr=0.00
[2026-09-02T18:57:45.857+00:00][B] [INFO] [RF RX] type=1 source=0x01 destination=0x02 previousHop=0x01 sequence=153 ackSequence=0 ttl=8 hops=0 payloadSize=4 rssi=-61 snr=9.75
[2026-09-02T18:57:45.915+00:00][B] [INFO] [RF TX] type=3 source=0x02 destination=0x01 previousHop=0x02 sequence=170 ackSequence=153 ttl=8 hops=0 payloadSize=2 rssi=0 snr=0.00
[2026-09-02T18:57:45.981+00:00][B] [INFO] [RF RX] type=1 source=0x01 destination=0x02 previousHop=0x01 sequence=154 ackSequence=0 ttl=8 hops=0 payloadSize=4 rssi=-61 snr=9.75
[2026-09-02T18:57:46.038+00:00][B] [INFO] [RF TX] type=3 source=0x02 destination=0x01 previousHop=0x02 sequence=171 ackSequence=154 ttl=8 hops=0 payloadSize=2 rssi=0 snr=0.00
[2026-09-02T18:57:46.104+00:00][B] [INFO] [RF RX] type=1 source=0x01 destination=0x02 previousHop=0x01 sequence=155 ackSequence=0 ttl=8 hops=0 payloadSize=4 rssi=-62 snr=9.25
[2026-09-02T18:57:46.162+00:00][B] [INFO] [RF TX] type=3 source=0x02 destination=0x01 previousHop=0x02 sequence=172 ackSequence=155 ttl=8 hops=0 payloadSize=2 rssi=0 snr=0.00
[2026-09-02T18:57:46.228+00:00][B] [INFO] [RF RX] type=1 source=0x01 destination=0x02 previousHop=0x01 sequence=156 ackSequence=0 ttl=8 hops=0 payloadSize=4 rssi=-61 snr=9.50
[2026-09-02T18:57:46.286+00:00][B] [INFO] [RF TX] type=3 source=0x02 destination=0x01 previousHop=0x02 sequence=173 ackSequence=156 ttl=8 hops=0 payloadSize=2 rssi=0 snr=0.00
[2026-09-02T18:57:46.308+00:00][B] [WARN] Retry 1
[2026-09-02T18:57:46.375+00:00][B] [INFO] --------------------------------
[2026-09-02T18:57:46.375+00:00][B] [INFO] [HEARTBEAT TX]
[2026-09-02T18:57:46.380+00:00][B] [INFO] Node ID: 2
[2026-09-02T18:57:46.381+00:00][B] [INFO] type: 2
[2026-09-02T18:57:46.381+00:00][B] [INFO] Destination: 0xFF
[2026-09-02T18:57:46.386+00:00][B] [INFO] Sequence: 166
[2026-09-02T18:57:46.386+00:00][B] [INFO] Packet ID: 43
[2026-09-02T18:57:46.391+00:00][B] [INFO] Packet Size: 26
[2026-09-02T18:57:46.391+00:00][B] [INFO] Timestamp: 43 ms
[2026-09-02T18:57:46.392+00:00][B] [INFO] Transmission Result: success
[2026-09-02T18:57:46.397+00:00][B] [INFO] --------------------------------
[2026-09-02T18:57:46.398+00:00][B] [INFO] [Heartbeat #43]
[2026-09-02T18:57:46.402+00:00][B] [INFO] Sent
[2026-09-02T18:57:46.403+00:00][B] [INFO] Waiting ACK...
[2026-09-02T18:57:46.403+00:00][B] [INFO] [WAITING ACK]
[2026-09-02T18:57:46.417+00:00][B] [INFO] [RF TX] type=2 source=0x02 destination=0xFF previousHop=0x02 sequence=166 ackSequence=0 ttl=8 hops=0 payloadSize=13 rssi=0 snr=0.00
[2026-09-02T18:57:46.417+00:00][B] [INFO] Heartbeat packet sent
[2026-09-02T18:57:47.291+00:00][B] [INFO] --------------------------------
[2026-09-02T18:57:47.291+00:00][B] [INFO] [HEARTBEAT TX]
[2026-09-02T18:57:47.296+00:00][B] [INFO] Node ID: 2
[2026-09-02T18:57:47.296+00:00][B] [INFO] type: 2
[2026-09-02T18:57:47.296+00:00][B] [INFO] Destination: 0xFF
[2026-09-02T18:57:47.302+00:00][B] [INFO] Sequence: 174
[2026-09-02T18:57:47.302+00:00][B] [INFO] Packet ID: 44
[2026-09-02T18:57:47.307+00:00][B] [INFO] Packet Size: 26
[2026-09-02T18:57:47.307+00:00][B] [INFO] Timestamp: 44 ms
[2026-09-02T18:57:47.308+00:00][B] [INFO] Transmission Result: success
[2026-09-02T18:57:47.314+00:00][B] [INFO] --------------------------------
[2026-09-02T18:57:47.314+00:00][B] [INFO] [Heartbeat #44]
[2026-09-02T18:57:47.318+00:00][B] [INFO] Sent
[2026-09-02T18:57:47.318+00:00][B] [INFO] Waiting ACK...
[2026-09-02T18:57:47.319+00:00][B] [INFO] [WAITING ACK]
[2026-09-02T18:57:47.332+00:00][B] [INFO] [RF TX] type=2 source=0x02 destination=0xFF previousHop=0x02 sequence=174 ackSequence=0 ttl=8 hops=0 payloadSize=13 rssi=0 snr=0.00
[2026-09-02T18:57:47.333+00:00][B] [INFO] Heartbeat packet sent
[2026-09-02T18:57:48.308+00:00][B] [WARN] Retry 1
[2026-09-02T18:57:48.375+00:00][B] [INFO] --------------------------------
[2026-09-02T18:57:48.375+00:00][B] [INFO] [HEARTBEAT TX]
[2026-09-02T18:57:48.380+00:00][B] [INFO] Node ID: 2
[2026-09-02T18:57:48.381+00:00][B] [INFO] type: 2
[2026-09-02T18:57:48.381+00:00][B] [INFO] Destination: 0xFF
[2026-09-02T18:57:48.386+00:00][B] [INFO] Sequence: 174
[2026-09-02T18:57:48.386+00:00][B] [INFO] Packet ID: 44
[2026-09-02T18:57:48.391+00:00][B] [INFO] Packet Size: 26
[2026-09-02T18:57:48.392+00:00][B] [INFO] Timestamp: 44 ms
[2026-09-02T18:57:48.392+00:00][B] [INFO] Transmission Result: success
[2026-09-02T18:57:48.397+00:00][B] [INFO] --------------------------------
[2026-09-02T18:57:48.398+00:00][B] [INFO] [Heartbeat #44]
[2026-09-02T18:57:48.402+00:00][B] [INFO] Sent
[2026-09-02T18:57:48.403+00:00][B] [INFO] Waiting ACK...
[2026-09-02T18:57:48.403+00:00][B] [INFO] [WAITING ACK]
[2026-09-02T18:57:48.417+00:00][B] [INFO] [RF TX] type=2 source=0x02 destination=0xFF previousHop=0x02 sequence=174 ackSequence=0 ttl=8 hops=0 payloadSize=13 rssi=0 snr=0.00
[2026-09-02T18:57:48.417+00:00][B] [INFO] Heartbeat packet sent
[2026-09-02T18:57:49.291+00:00][B] [INFO] --------------------------------
[2026-09-02T18:57:49.291+00:00][B] [INFO] [HEARTBEAT TX]
[2026-09-02T18:57:49.296+00:00][B] [INFO] Node ID: 2
[2026-09-02T18:57:49.296+00:00][B] [INFO] type: 2
[2026-09-02T18:57:49.296+00:00][B] [INFO] Destination: 0xFF
[2026-09-02T18:57:49.301+00:00][B] [INFO] Sequence: 175
[2026-09-02T18:57:49.302+00:00][B] [INFO] Packet ID: 45
[2026-09-02T18:57:49.307+00:00][B] [INFO] Packet Size: 26
[2026-09-02T18:57:49.307+00:00][B] [INFO] Timestamp: 45 ms
[2026-09-02T18:57:49.308+00:00][B] [INFO] Transmission Result: success
[2026-09-02T18:57:49.314+00:00][B] [INFO] --------------------------------
[2026-09-02T18:57:49.315+00:00][B] [INFO] [Heartbeat #45]
[2026-09-02T18:57:49.318+00:00][B] [INFO] Sent
[2026-09-02T18:57:49.318+00:00][B] [INFO] Waiting ACK...
[2026-09-02T18:57:49.319+00:00][B] [INFO] [WAITING ACK]
[2026-09-02T18:57:49.332+00:00][B] [INFO] [RF TX] type=2 source=0x02 destination=0xFF previousHop=0x02 sequence=175 ackSequence=0 ttl=8 hops=0 payloadSize=13 rssi=0 snr=0.00
[2026-09-02T18:57:49.333+00:00][B] [INFO] Heartbeat packet sent
[2026-09-02T18:57:49.532+00:00][B] [INFO] [RF TX] type=3 source=0x02 destination=0x01 previousHop=0x02 sequence=176 ackSequence=156 ttl=8 hops=0 payloadSize=2 rssi=0 snr=0.00
[2026-09-02T18:57:50.308+00:00][B] [WARN] Retry 1
[2026-09-02T18:57:50.374+00:00][B] [INFO] --------------------------------
[2026-09-02T18:57:50.375+00:00][B] [INFO] [HEARTBEAT TX]
[2026-09-02T18:57:50.380+00:00][B] [INFO] Node ID: 2
[2026-09-02T18:57:50.380+00:00][B] [INFO] type: 2
[2026-09-02T18:57:50.380+00:00][B] [INFO] Destination: 0xFF
[2026-09-02T18:57:50.385+00:00][B] [INFO] Sequence: 175
[2026-09-02T18:57:50.386+00:00][B] [INFO] Packet ID: 45
[2026-09-02T18:57:50.391+00:00][B] [INFO] Packet Size: 26
[2026-09-02T18:57:50.391+00:00][B] [INFO] Timestamp: 45 ms
[2026-09-02T18:57:50.391+00:00][B] [INFO] Transmission Result: success
[2026-09-02T18:57:50.397+00:00][B] [INFO] --------------------------------
[2026-09-02T18:57:50.397+00:00][B] [INFO] [Heartbeat #45]
[2026-09-02T18:57:50.402+00:00][B] [INFO] Sent
[2026-09-02T18:57:50.402+00:00][B] [INFO] Waiting ACK...
[2026-09-02T18:57:50.402+00:00][B] [INFO] [WAITING ACK]
[2026-09-02T18:57:50.416+00:00][B] [INFO] [RF TX] type=2 source=0x02 destination=0xFF previousHop=0x02 sequence=175 ackSequence=0 ttl=8 hops=0 payloadSize=13 rssi=0 snr=0.00
[2026-09-02T18:57:50.417+00:00][B] [INFO] Heartbeat packet sent
[2026-09-02T18:57:50.547+00:00][B] [INFO] [RF RX] type=1 source=0x01 destination=0x02 previousHop=0x01 sequence=159 ackSequence=0 ttl=8 hops=0 payloadSize=4 rssi=-62 snr=9.75
[2026-09-02T18:57:50.605+00:00][B] [INFO] [RF TX] type=3 source=0x02 destination=0x01 previousHop=0x02 sequence=177 ackSequence=159 ttl=8 hops=0 payloadSize=2 rssi=0 snr=0.00
[2026-09-02T18:57:50.674+00:00][B] [INFO] [RF RX] type=1 source=0x01 destination=0x02 previousHop=0x01 sequence=160 ackSequence=0 ttl=8 hops=0 payloadSize=4 rssi=-61 snr=10.25
[2026-09-02T18:57:50.729+00:00][B] [INFO] [RF TX] type=3 source=0x02 destination=0x01 previousHop=0x02 sequence=178 ackSequence=160 ttl=8 hops=0 payloadSize=2 rssi=0 snr=0.00
[2026-09-02T18:57:50.795+00:00][B] [INFO] [RF RX] type=1 source=0x01 destination=0x02 previousHop=0x01 sequence=161 ackSequence=0 ttl=8 hops=0 payloadSize=4 rssi=-61 snr=9.75
[2026-09-02T18:57:50.853+00:00][B] [INFO] [RF TX] type=3 source=0x02 destination=0x01 previousHop=0x02 sequence=179 ackSequence=161 ttl=8 hops=0 payloadSize=2 rssi=0 snr=0.00
[2026-09-02T18:57:50.919+00:00][B] [INFO] [RF RX] type=1 source=0x01 destination=0x02 previousHop=0x01 sequence=162 ackSequence=0 ttl=8 hops=0 payloadSize=4 rssi=-61 snr=10.00
[2026-09-02T18:57:50.977+00:00][B] [INFO] [RF TX] type=3 source=0x02 destination=0x01 previousHop=0x02 sequence=180 ackSequence=162 ttl=8 hops=0 payloadSize=2 rssi=0 snr=0.00
[2026-09-02T18:57:51.043+00:00][B] [INFO] [RF RX] type=1 source=0x01 destination=0x02 previousHop=0x01 sequence=163 ackSequence=0 ttl=8 hops=0 payloadSize=4 rssi=-62 snr=9.75
[2026-09-02T18:57:51.101+00:00][B] [INFO] [RF TX] type=3 source=0x02 destination=0x01 previousHop=0x02 sequence=181 ackSequence=163 ttl=8 hops=0 payloadSize=2 rssi=0 snr=0.00
[2026-09-02T18:57:51.167+00:00][B] [INFO] [RF RX] type=1 source=0x01 destination=0x02 previousHop=0x01 sequence=164 ackSequence=0 ttl=8 hops=0 payloadSize=4 rssi=-62 snr=9.50
[2026-09-02T18:57:51.224+00:00][B] [INFO] [RF TX] type=3 source=0x02 destination=0x01 previousHop=0x02 sequence=182 ackSequence=164 ttl=8 hops=0 payloadSize=2 rssi=0 snr=0.00
[2026-09-02T18:57:51.291+00:00][B] [INFO] --------------------------------
[2026-09-02T18:57:51.291+00:00][B] [INFO] [HEARTBEAT TX]
[2026-09-02T18:57:51.296+00:00][B] [INFO] Node ID: 2
[2026-09-02T18:57:51.296+00:00][B] [INFO] type: 2
[2026-09-02T18:57:51.297+00:00][B] [INFO] Destination: 0xFF
[2026-09-02T18:57:51.302+00:00][B] [INFO] Sequence: 183
[2026-09-02T18:57:51.302+00:00][B] [INFO] Packet ID: 46
[2026-09-02T18:57:51.307+00:00][B] [INFO] Packet Size: 26
[2026-09-02T18:57:51.307+00:00][B] [INFO] Timestamp: 46 ms
[2026-09-02T18:57:51.308+00:00][B] [INFO] Transmission Result: success
[2026-09-02T18:57:51.313+00:00][B] [INFO] --------------------------------
[2026-09-02T18:57:51.313+00:00][B] [INFO] [Heartbeat #46]
[2026-09-02T18:57:51.318+00:00][B] [INFO] Sent
[2026-09-02T18:57:51.319+00:00][B] [INFO] Waiting ACK...
[2026-09-02T18:57:51.319+00:00][B] [INFO] [WAITING ACK]
[2026-09-02T18:57:51.333+00:00][B] [INFO] [RF TX] type=2 source=0x02 destination=0xFF previousHop=0x02 sequence=183 ackSequence=0 ttl=8 hops=0 payloadSize=13 rssi=0 snr=0.00
[2026-09-02T18:57:51.333+00:00][B] [INFO] Heartbeat packet sent
[2026-09-02T18:57:52.276+00:00][B] [INFO] [RF TX] type=3 source=0x02 destination=0x01 previousHop=0x02 sequence=184 ackSequence=164 ttl=8 hops=0 payloadSize=2 rssi=0 snr=0.00
[2026-09-02T18:57:52.308+00:00][B] [WARN] Retry 1
[2026-09-02T18:57:52.375+00:00][B] [INFO] --------------------------------
[2026-09-02T18:57:52.375+00:00][B] [INFO] [HEARTBEAT TX]
[2026-09-02T18:57:52.380+00:00][B] [INFO] Node ID: 2
[2026-09-02T18:57:52.381+00:00][B] [INFO] type: 2
[2026-09-02T18:57:52.381+00:00][B] [INFO] Destination: 0xFF
[2026-09-02T18:57:52.386+00:00][B] [INFO] Sequence: 183
[2026-09-02T18:57:52.386+00:00][B] [INFO] Packet ID: 46
[2026-09-02T18:57:52.391+00:00][B] [INFO] Packet Size: 26
[2026-09-02T18:57:52.391+00:00][B] [INFO] Timestamp: 46 ms
[2026-09-02T18:57:52.392+00:00][B] [INFO] Transmission Result: success
[2026-09-02T18:57:52.397+00:00][B] [INFO] --------------------------------
[2026-09-02T18:57:52.398+00:00][B] [INFO] [Heartbeat #46]
[2026-09-02T18:57:52.402+00:00][B] [INFO] Sent
[2026-09-02T18:57:52.403+00:00][B] [INFO] Waiting ACK...
[2026-09-02T18:57:52.403+00:00][B] [INFO] [WAITING ACK]
[2026-09-02T18:57:52.416+00:00][B] [INFO] [RF TX] type=2 source=0x02 destination=0xFF previousHop=0x02 sequence=183 ackSequence=0 ttl=8 hops=0 payloadSize=13 rssi=0 snr=0.00
[2026-09-02T18:57:52.417+00:00][B] [INFO] Heartbeat packet sent
[2026-09-02T18:57:53.290+00:00][B] [INFO] --------------------------------
[2026-09-02T18:57:53.291+00:00][B] [INFO] [HEARTBEAT TX]
[2026-09-02T18:57:53.296+00:00][B] [INFO] Node ID: 2
[2026-09-02T18:57:53.296+00:00][B] [INFO] type: 2
[2026-09-02T18:57:53.296+00:00][B] [INFO] Destination: 0xFF
[2026-09-02T18:57:53.301+00:00][B] [INFO] Sequence: 185
[2026-09-02T18:57:53.302+00:00][B] [INFO] Packet ID: 47
[2026-09-02T18:57:53.307+00:00][B] [INFO] Packet Size: 26
[2026-09-02T18:57:53.307+00:00][B] [INFO] Timestamp: 47 ms
[2026-09-02T18:57:53.308+00:00][B] [INFO] Transmission Result: success
[2026-09-02T18:57:53.313+00:00][B] [INFO] --------------------------------
[2026-09-02T18:57:53.313+00:00][B] [INFO] [Heartbeat #47]
[2026-09-02T18:57:53.318+00:00][B] [INFO] Sent
[2026-09-02T18:57:53.319+00:00][B] [INFO] Waiting ACK...
[2026-09-02T18:57:53.319+00:00][B] [INFO] [WAITING ACK]
[2026-09-02T18:57:53.332+00:00][B] [INFO] [RF TX] type=2 source=0x02 destination=0xFF previousHop=0x02 sequence=185 ackSequence=0 ttl=8 hops=0 payloadSize=13 rssi=0 snr=0.00
[2026-09-02T18:57:53.333+00:00][B] [INFO] Heartbeat packet sent
[2026-09-02T18:57:54.308+00:00][B] [WARN] Retry 1
[2026-09-02T18:57:54.375+00:00][B] [INFO] --------------------------------
[2026-09-02T18:57:54.375+00:00][B] [INFO] [HEARTBEAT TX]
[2026-09-02T18:57:54.381+00:00][B] [INFO] Node ID: 2
[2026-09-02T18:57:54.381+00:00][B] [INFO] type: 2
[2026-09-02T18:57:54.382+00:00][B] [INFO] Destination: 0xFF
[2026-09-02T18:57:54.386+00:00][B] [INFO] Sequence: 185
[2026-09-02T18:57:54.386+00:00][B] [INFO] Packet ID: 47
[2026-09-02T18:57:54.391+00:00][B] [INFO] Packet Size: 26
[2026-09-02T18:57:54.391+00:00][B] [INFO] Timestamp: 47 ms
[2026-09-02T18:57:54.392+00:00][B] [INFO] Transmission Result: success
[2026-09-02T18:57:54.397+00:00][B] [INFO] --------------------------------
[2026-09-02T18:57:54.397+00:00][B] [INFO] [Heartbeat #47]
[2026-09-02T18:57:54.402+00:00][B] [INFO] Sent
[2026-09-02T18:57:54.403+00:00][B] [INFO] Waiting ACK...
[2026-09-02T18:57:54.403+00:00][B] [INFO] [WAITING ACK]
[2026-09-02T18:57:54.416+00:00][B] [INFO] [RF TX] type=2 source=0x02 destination=0xFF previousHop=0x02 sequence=185 ackSequence=0 ttl=8 hops=0 payloadSize=13 rssi=0 snr=0.00
[2026-09-02T18:57:54.417+00:00][B] [INFO] Heartbeat packet sent
[2026-09-02T18:57:55.290+00:00][B] [INFO] --------------------------------
[2026-09-02T18:57:55.291+00:00][B] [INFO] [HEARTBEAT TX]
[2026-09-02T18:57:55.296+00:00][B] [INFO] Node ID: 2
[2026-09-02T18:57:55.296+00:00][B] [INFO] type: 2
[2026-09-02T18:57:55.296+00:00][B] [INFO] Destination: 0xFF
[2026-09-02T18:57:55.301+00:00][B] [INFO] Sequence: 186
[2026-09-02T18:57:55.302+00:00][B] [INFO] Packet ID: 48
[2026-09-02T18:57:55.307+00:00][B] [INFO] Packet Size: 26
[2026-09-02T18:57:55.307+00:00][B] [INFO] Timestamp: 48 ms
[2026-09-02T18:57:55.307+00:00][B] [INFO] Transmission Result: success
[2026-09-02T18:57:55.313+00:00][B] [INFO] --------------------------------
[2026-09-02T18:57:55.313+00:00][B] [INFO] [Heartbeat #48]
[2026-09-02T18:57:55.318+00:00][B] [INFO] Sent
[2026-09-02T18:57:55.318+00:00][B] [INFO] Waiting ACK...
[2026-09-02T18:57:55.318+00:00][B] [INFO] [WAITING ACK]
[2026-09-02T18:57:55.332+00:00][B] [INFO] [RF TX] type=2 source=0x02 destination=0xFF previousHop=0x02 sequence=186 ackSequence=0 ttl=8 hops=0 payloadSize=13 rssi=0 snr=0.00
[2026-09-02T18:57:55.333+00:00][B] [INFO] Heartbeat packet sent
[2026-09-02T18:57:55.485+00:00][B] [INFO] [RF RX] type=1 source=0x01 destination=0x02 previousHop=0x01 sequence=168 ackSequence=0 ttl=8 hops=0 payloadSize=4 rssi=-62 snr=9.75
[2026-09-02T18:57:55.543+00:00][B] [INFO] [RF TX] type=3 source=0x02 destination=0x01 previousHop=0x02 sequence=187 ackSequence=168 ttl=8 hops=0 payloadSize=2 rssi=0 snr=0.00
[2026-09-02T18:57:55.609+00:00][B] [INFO] [RF RX] type=1 source=0x01 destination=0x02 previousHop=0x01 sequence=169 ackSequence=0 ttl=8 hops=0 payloadSize=4 rssi=-63 snr=10.00
[2026-09-02T18:57:55.667+00:00][B] [INFO] [RF TX] type=3 source=0x02 destination=0x01 previousHop=0x02 sequence=188 ackSequence=169 ttl=8 hops=0 payloadSize=2 rssi=0 snr=0.00
[2026-09-02T18:57:55.733+00:00][B] [INFO] [RF RX] type=1 source=0x01 destination=0x02 previousHop=0x01 sequence=170 ackSequence=0 ttl=8 hops=0 payloadSize=4 rssi=-61 snr=10.00
[2026-09-02T18:57:55.791+00:00][B] [INFO] [RF TX] type=3 source=0x02 destination=0x01 previousHop=0x02 sequence=189 ackSequence=170 ttl=8 hops=0 payloadSize=2 rssi=0 snr=0.00
[2026-09-02T18:57:55.857+00:00][B] [INFO] [RF RX] type=1 source=0x01 destination=0x02 previousHop=0x01 sequence=171 ackSequence=0 ttl=8 hops=0 payloadSize=4 rssi=-62 snr=9.50
[2026-09-02T18:57:55.915+00:00][B] [INFO] [RF TX] type=3 source=0x02 destination=0x01 previousHop=0x02 sequence=190 ackSequence=171 ttl=8 hops=0 payloadSize=2 rssi=0 snr=0.00
[2026-09-02T18:57:55.981+00:00][B] [INFO] [RF RX] type=1 source=0x01 destination=0x02 previousHop=0x01 sequence=172 ackSequence=0 ttl=8 hops=0 payloadSize=4 rssi=-62 snr=9.75
[2026-09-02T18:57:56.038+00:00][B] [INFO] [RF TX] type=3 source=0x02 destination=0x01 previousHop=0x02 sequence=191 ackSequence=172 ttl=8 hops=0 payloadSize=2 rssi=0 snr=0.00
[2026-09-02T18:57:56.104+00:00][B] [INFO] [RF RX] type=1 source=0x01 destination=0x02 previousHop=0x01 sequence=173 ackSequence=0 ttl=8 hops=0 payloadSize=4 rssi=-62 snr=9.50
[2026-09-02T18:57:56.162+00:00][B] [INFO] [RF TX] type=3 source=0x02 destination=0x01 previousHop=0x02 sequence=192 ackSequence=173 ttl=8 hops=0 payloadSize=2 rssi=0 snr=0.00
[2026-09-02T18:57:56.228+00:00][B] [INFO] [RF RX] type=1 source=0x01 destination=0x02 previousHop=0x01 sequence=174 ackSequence=0 ttl=8 hops=0 payloadSize=4 rssi=-61 snr=10.25
[2026-09-02T18:57:56.286+00:00][B] [INFO] [RF TX] type=3 source=0x02 destination=0x01 previousHop=0x02 sequence=193 ackSequence=174 ttl=8 hops=0 payloadSize=2 rssi=0 snr=0.00
[2026-09-02T18:57:56.307+00:00][B] [WARN] Retry 1
[2026-09-02T18:57:56.375+00:00][B] [INFO] --------------------------------
[2026-09-02T18:57:56.375+00:00][B] [INFO] [HEARTBEAT TX]
[2026-09-02T18:57:56.380+00:00][B] [INFO] Node ID: 2
[2026-09-02T18:57:56.380+00:00][B] [INFO] type: 2
[2026-09-02T18:57:56.381+00:00][B] [INFO] Destination: 0xFF
[2026-09-02T18:57:56.385+00:00][B] [INFO] Sequence: 186
[2026-09-02T18:57:56.386+00:00][B] [INFO] Packet ID: 48
[2026-09-02T18:57:56.391+00:00][B] [INFO] Packet Size: 26
[2026-09-02T18:57:56.391+00:00][B] [INFO] Timestamp: 48 ms
[2026-09-02T18:57:56.391+00:00][B] [INFO] Transmission Result: success
[2026-09-02T18:57:56.397+00:00][B] [INFO] --------------------------------
[2026-09-02T18:57:56.397+00:00][B] [INFO] [Heartbeat #48]
[2026-09-02T18:57:56.402+00:00][B] [INFO] Sent
[2026-09-02T18:57:56.402+00:00][B] [INFO] Waiting ACK...
[2026-09-02T18:57:56.403+00:00][B] [INFO] [WAITING ACK]
[2026-09-02T18:57:56.416+00:00][B] [INFO] [RF TX] type=2 source=0x02 destination=0xFF previousHop=0x02 sequence=186 ackSequence=0 ttl=8 hops=0 payloadSize=13 rssi=0 snr=0.00
[2026-09-02T18:57:56.417+00:00][B] [INFO] Heartbeat packet sent
[2026-09-02T18:57:57.290+00:00][B] [INFO] --------------------------------
[2026-09-02T18:57:57.291+00:00][B] [INFO] [HEARTBEAT TX]
[2026-09-02T18:57:57.296+00:00][B] [INFO] Node ID: 2
[2026-09-02T18:57:57.296+00:00][B] [INFO] type: 2
[2026-09-02T18:57:57.296+00:00][B] [INFO] Destination: 0xFF
[2026-09-02T18:57:57.301+00:00][B] [INFO] Sequence: 194
[2026-09-02T18:57:57.302+00:00][B] [INFO] Packet ID: 49
[2026-09-02T18:57:57.307+00:00][B] [INFO] Packet Size: 26
[2026-09-02T18:57:57.307+00:00][B] [INFO] Timestamp: 49 ms
[2026-09-02T18:57:57.307+00:00][B] [INFO] Transmission Result: success
[2026-09-02T18:57:57.313+00:00][B] [INFO] --------------------------------
[2026-09-02T18:57:57.313+00:00][B] [INFO] [Heartbeat #49]
[2026-09-02T18:57:57.318+00:00][B] [INFO] Sent
[2026-09-02T18:57:57.318+00:00][B] [INFO] Waiting ACK...
[2026-09-02T18:57:57.319+00:00][B] [INFO] [WAITING ACK]
[2026-09-02T18:57:57.332+00:00][B] [INFO] [RF TX] type=2 source=0x02 destination=0xFF previousHop=0x02 sequence=194 ackSequence=0 ttl=8 hops=0 payloadSize=13 rssi=0 snr=0.00
[2026-09-02T18:57:57.333+00:00][B] [INFO] Heartbeat packet sent
[2026-09-02T18:57:58.308+00:00][B] [WARN] Retry 1
[2026-09-02T18:57:58.375+00:00][B] [INFO] --------------------------------
[2026-09-02T18:57:58.375+00:00][B] [INFO] [HEARTBEAT TX]
[2026-09-02T18:57:58.380+00:00][B] [INFO] Node ID: 2
[2026-09-02T18:57:58.380+00:00][B] [INFO] type: 2
[2026-09-02T18:57:58.381+00:00][B] [INFO] Destination: 0xFF
[2026-09-02T18:57:58.385+00:00][B] [INFO] Sequence: 194
[2026-09-02T18:57:58.386+00:00][B] [INFO] Packet ID: 49
[2026-09-02T18:57:58.391+00:00][B] [INFO] Packet Size: 26
[2026-09-02T18:57:58.391+00:00][B] [INFO] Timestamp: 49 ms
[2026-09-02T18:57:58.392+00:00][B] [INFO] Transmission Result: success
[2026-09-02T18:57:58.397+00:00][B] [INFO] --------------------------------
[2026-09-02T18:57:58.397+00:00][B] [INFO] [Heartbeat #49]
[2026-09-02T18:57:58.402+00:00][B] [INFO] Sent
[2026-09-02T18:57:58.402+00:00][B] [INFO] Waiting ACK...
[2026-09-02T18:57:58.403+00:00][B] [INFO] [WAITING ACK]
[2026-09-02T18:57:58.416+00:00][B] [INFO] [RF TX] type=2 source=0x02 destination=0xFF previousHop=0x02 sequence=194 ackSequence=0 ttl=8 hops=0 payloadSize=13 rssi=0 snr=0.00
[2026-09-02T18:57:58.417+00:00][B] [INFO] Heartbeat packet sent
[2026-09-02T18:57:59.290+00:00][B] [INFO] --------------------------------
[2026-09-02T18:57:59.291+00:00][B] [INFO] [HEARTBEAT TX]
[2026-09-02T18:57:59.296+00:00][B] [INFO] Node ID: 2
[2026-09-02T18:57:59.296+00:00][B] [INFO] type: 2
[2026-09-02T18:57:59.296+00:00][B] [INFO] Destination: 0xFF
[2026-09-02T18:57:59.301+00:00][B] [INFO] Sequence: 195
[2026-09-02T18:57:59.301+00:00][B] [INFO] Packet ID: 50
[2026-09-02T18:57:59.307+00:00][B] [INFO] Packet Size: 26
[2026-09-02T18:57:59.307+00:00][B] [INFO] Timestamp: 50 ms
[2026-09-02T18:57:59.307+00:00][B] [INFO] Transmission Result: success
[2026-09-02T18:57:59.313+00:00][B] [INFO] --------------------------------
[2026-09-02T18:57:59.313+00:00][B] [INFO] [Heartbeat #50]
[2026-09-02T18:57:59.318+00:00][B] [INFO] Sent
[2026-09-02T18:57:59.319+00:00][B] [INFO] Waiting ACK...
[2026-09-02T18:57:59.319+00:00][B] [INFO] [WAITING ACK]
[2026-09-02T18:57:59.332+00:00][B] [INFO] [RF TX] type=2 source=0x02 destination=0xFF previousHop=0x02 sequence=195 ackSequence=0 ttl=8 hops=0 payloadSize=13 rssi=0 snr=0.00
[2026-09-02T18:57:59.333+00:00][B] [INFO] Heartbeat packet sent
[2026-09-02T18:57:59.532+00:00][B] [INFO] [RF TX] type=3 source=0x02 destination=0x01 previousHop=0x02 sequence=196 ackSequence=174 ttl=8 hops=0 payloadSize=2 rssi=0 snr=0.00
[2026-09-02T18:58:00.308+00:00][B] [WARN] Retry 1
[2026-09-02T18:58:00.375+00:00][B] [INFO] --------------------------------
[2026-09-02T18:58:00.375+00:00][B] [INFO] [HEARTBEAT TX]
[2026-09-02T18:58:00.380+00:00][B] [INFO] Node ID: 2
[2026-09-02T18:58:00.380+00:00][B] [INFO] type: 2
[2026-09-02T18:58:00.381+00:00][B] [INFO] Destination: 0xFF
[2026-09-02T18:58:00.386+00:00][B] [INFO] Sequence: 195
[2026-09-02T18:58:00.386+00:00][B] [INFO] Packet ID: 50
[2026-09-02T18:58:00.391+00:00][B] [INFO] Packet Size: 26
[2026-09-02T18:58:00.391+00:00][B] [INFO] Timestamp: 50 ms
[2026-09-02T18:58:00.391+00:00][B] [INFO] Transmission Result: success
[2026-09-02T18:58:00.397+00:00][B] [INFO] --------------------------------
[2026-09-02T18:58:00.397+00:00][B] [INFO] [Heartbeat #50]
[2026-09-02T18:58:00.402+00:00][B] [INFO] Sent
[2026-09-02T18:58:00.402+00:00][B] [INFO] Waiting ACK...
[2026-09-02T18:58:00.403+00:00][B] [INFO] [WAITING ACK]
[2026-09-02T18:58:00.416+00:00][B] [INFO] [RF TX] type=2 source=0x02 destination=0xFF previousHop=0x02 sequence=195 ackSequence=0 ttl=8 hops=0 payloadSize=13 rssi=0 snr=0.00
[2026-09-02T18:58:00.417+00:00][B] [INFO] Heartbeat packet sent
[2026-09-02T18:58:00.547+00:00][B] [INFO] [RF RX] type=1 source=0x01 destination=0x02 previousHop=0x01 sequence=177 ackSequence=0 ttl=8 hops=0 payloadSize=4 rssi=-62 snr=10.00
[2026-09-02T18:58:00.605+00:00][B] [INFO] [RF TX] type=3 source=0x02 destination=0x01 previousHop=0x02 sequence=197 ackSequence=177 ttl=8 hops=0 payloadSize=2 rssi=0 snr=0.00
[2026-09-02T18:58:00.671+00:00][B] [INFO] [RF RX] type=1 source=0x01 destination=0x02 previousHop=0x01 sequence=178 ackSequence=0 ttl=8 hops=0 payloadSize=4 rssi=-63 snr=9.75
[2026-09-02T18:58:00.729+00:00][B] [INFO] [RF TX] type=3 source=0x02 destination=0x01 previousHop=0x02 sequence=198 ackSequence=178 ttl=8 hops=0 payloadSize=2 rssi=0 snr=0.00
[2026-09-02T18:58:00.795+00:00][B] [INFO] [RF RX] type=1 source=0x01 destination=0x02 previousHop=0x01 sequence=179 ackSequence=0 ttl=8 hops=0 payloadSize=4 rssi=-61 snr=9.50
[2026-09-02T18:58:00.852+00:00][B] [INFO] [RF TX] type=3 source=0x02 destination=0x01 previousHop=0x02 sequence=199 ackSequence=179 ttl=8 hops=0 payloadSize=2 rssi=0 snr=0.00
[2026-09-02T18:58:00.919+00:00][B] [INFO] [RF RX] type=1 source=0x01 destination=0x02 previousHop=0x01 sequence=180 ackSequence=0 ttl=8 hops=0 payloadSize=4 rssi=-62 snr=10.00
[2026-09-02T18:58:00.976+00:00][B] [INFO] [RF TX] type=3 source=0x02 destination=0x01 previousHop=0x02 sequence=200 ackSequence=180 ttl=8 hops=0 payloadSize=2 rssi=0 snr=0.00
[2026-09-02T18:58:01.042+00:00][B] [INFO] [RF RX] type=1 source=0x01 destination=0x02 previousHop=0x01 sequence=181 ackSequence=0 ttl=8 hops=0 payloadSize=4 rssi=-61 snr=10.00
[2026-09-02T18:58:01.100+00:00][B] [INFO] [RF TX] type=3 source=0x02 destination=0x01 previousHop=0x02 sequence=201 ackSequence=181 ttl=8 hops=0 payloadSize=2 rssi=0 snr=0.00
[2026-09-02T18:58:01.166+00:00][B] [INFO] [RF RX] type=1 source=0x01 destination=0x02 previousHop=0x01 sequence=182 ackSequence=0 ttl=8 hops=0 payloadSize=4 rssi=-62 snr=9.50
[2026-09-02T18:58:01.224+00:00][B] [INFO] [RF TX] type=3 source=0x02 destination=0x01 previousHop=0x02 sequence=202 ackSequence=182 ttl=8 hops=0 payloadSize=2 rssi=0 snr=0.00
[2026-09-02T18:58:01.291+00:00][B] [INFO] --------------------------------
[2026-09-02T18:58:01.291+00:00][B] [INFO] [HEARTBEAT TX]
[2026-09-02T18:58:01.296+00:00][B] [INFO] Node ID: 2
[2026-09-02T18:58:01.296+00:00][B] [INFO] type: 2
[2026-09-02T18:58:01.297+00:00][B] [INFO] Destination: 0xFF
[2026-09-02T18:58:01.302+00:00][B] [INFO] Sequence: 203
[2026-09-02T18:58:01.302+00:00][B] [INFO] Packet ID: 51
[2026-09-02T18:58:01.307+00:00][B] [INFO] Packet Size: 26
[2026-09-02T18:58:01.307+00:00][B] [INFO] Timestamp: 51 ms
[2026-09-02T18:58:01.308+00:00][B] [INFO] Transmission Result: success
[2026-09-02T18:58:01.313+00:00][B] [INFO] --------------------------------
[2026-09-02T18:58:01.313+00:00][B] [INFO] [Heartbeat #51]
[2026-09-02T18:58:01.318+00:00][B] [INFO] Sent
[2026-09-02T18:58:01.319+00:00][B] [INFO] Waiting ACK...
[2026-09-02T18:58:01.319+00:00][B] [INFO] [WAITING ACK]
[2026-09-02T18:58:01.332+00:00][B] [INFO] [RF TX] type=2 source=0x02 destination=0xFF previousHop=0x02 sequence=203 ackSequence=0 ttl=8 hops=0 payloadSize=13 rssi=0 snr=0.00
[2026-09-02T18:58:01.333+00:00][B] [INFO] Heartbeat packet sent
[2026-09-02T18:58:02.276+00:00][B] [INFO] [RF TX] type=3 source=0x02 destination=0x01 previousHop=0x02 sequence=204 ackSequence=182 ttl=8 hops=0 payloadSize=2 rssi=0 snr=0.00
[2026-09-02T18:58:02.307+00:00][B] [WARN] Retry 1
[2026-09-02T18:58:02.374+00:00][B] [INFO] --------------------------------
[2026-09-02T18:58:02.374+00:00][B] [INFO] [HEARTBEAT TX]
[2026-09-02T18:58:02.379+00:00][B] [INFO] Node ID: 2
[2026-09-02T18:58:02.380+00:00][B] [INFO] type: 2
[2026-09-02T18:58:02.380+00:00][B] [INFO] Destination: 0xFF
[2026-09-02T18:58:02.385+00:00][B] [INFO] Sequence: 203
[2026-09-02T18:58:02.385+00:00][B] [INFO] Packet ID: 51
[2026-09-02T18:58:02.390+00:00][B] [INFO] Packet Size: 26
[2026-09-02T18:58:02.391+00:00][B] [INFO] Timestamp: 51 ms
[2026-09-02T18:58:02.391+00:00][B] [INFO] Transmission Result: success
[2026-09-02T18:58:02.396+00:00][B] [INFO] --------------------------------
[2026-09-02T18:58:02.396+00:00][B] [INFO] [Heartbeat #51]
[2026-09-02T18:58:02.402+00:00][B] [INFO] Sent
[2026-09-02T18:58:02.402+00:00][B] [INFO] Waiting ACK...
[2026-09-02T18:58:02.402+00:00][B] [INFO] [WAITING ACK]
[2026-09-02T18:58:02.416+00:00][B] [INFO] [RF TX] type=2 source=0x02 destination=0xFF previousHop=0x02 sequence=203 ackSequence=0 ttl=8 hops=0 payloadSize=13 rssi=0 snr=0.00
[2026-09-02T18:58:02.416+00:00][B] [INFO] Heartbeat packet sent
[2026-09-02T18:58:03.290+00:00][B] [INFO] --------------------------------
[2026-09-02T18:58:03.291+00:00][B] [INFO] [HEARTBEAT TX]
[2026-09-02T18:58:03.296+00:00][B] [INFO] Node ID: 2
[2026-09-02T18:58:03.296+00:00][B] [INFO] type: 2
[2026-09-02T18:58:03.296+00:00][B] [INFO] Destination: 0xFF
[2026-09-02T18:58:03.301+00:00][B] [INFO] Sequence: 205
[2026-09-02T18:58:03.302+00:00][B] [INFO] Packet ID: 52
[2026-09-02T18:58:03.307+00:00][B] [INFO] Packet Size: 26
[2026-09-02T18:58:03.307+00:00][B] [INFO] Timestamp: 52 ms
[2026-09-02T18:58:03.307+00:00][B] [INFO] Transmission Result: success
[2026-09-02T18:58:03.313+00:00][B] [INFO] --------------------------------
[2026-09-02T18:58:03.313+00:00][B] [INFO] [Heartbeat #52]
[2026-09-02T18:58:03.318+00:00][B] [INFO] Sent
[2026-09-02T18:58:03.318+00:00][B] [INFO] Waiting ACK...
[2026-09-02T18:58:03.319+00:00][B] [INFO] [WAITING ACK]
[2026-09-02T18:58:03.332+00:00][B] [INFO] [RF TX] type=2 source=0x02 destination=0xFF previousHop=0x02 sequence=205 ackSequence=0 ttl=8 hops=0 payloadSize=13 rssi=0 snr=0.00
[2026-09-02T18:58:03.333+00:00][B] [INFO] Heartbeat packet sent
[2026-09-02T18:58:04.307+00:00][B] [WARN] Retry 1
[2026-09-02T18:58:04.374+00:00][B] [INFO] --------------------------------
[2026-09-02T18:58:04.374+00:00][B] [INFO] [HEARTBEAT TX]
[2026-09-02T18:58:04.379+00:00][B] [INFO] Node ID: 2
[2026-09-02T18:58:04.379+00:00][B] [INFO] type: 2
[2026-09-02T18:58:04.380+00:00][B] [INFO] Destination: 0xFF
[2026-09-02T18:58:04.385+00:00][B] [INFO] Sequence: 205
[2026-09-02T18:58:04.385+00:00][B] [INFO] Packet ID: 52
[2026-09-02T18:58:04.390+00:00][B] [INFO] Packet Size: 26
[2026-09-02T18:58:04.391+00:00][B] [INFO] Timestamp: 52 ms
[2026-09-02T18:58:04.391+00:00][B] [INFO] Transmission Result: success
[2026-09-02T18:58:04.396+00:00][B] [INFO] --------------------------------
[2026-09-02T18:58:04.396+00:00][B] [INFO] [Heartbeat #52]
[2026-09-02T18:58:04.402+00:00][B] [INFO] Sent
[2026-09-02T18:58:04.402+00:00][B] [INFO] Waiting ACK...
[2026-09-02T18:58:04.402+00:00][B] [INFO] [WAITING ACK]
[2026-09-02T18:58:04.416+00:00][B] [INFO] [RF TX] type=2 source=0x02 destination=0xFF previousHop=0x02 sequence=205 ackSequence=0 ttl=8 hops=0 payloadSize=13 rssi=0 snr=0.00
[2026-09-02T18:58:04.416+00:00][B] [INFO] Heartbeat packet sent
[2026-09-02T18:58:05.290+00:00][B] [INFO] --------------------------------
[2026-09-02T18:58:05.291+00:00][B] [INFO] [HEARTBEAT TX]
[2026-09-02T18:58:05.296+00:00][B] [INFO] Node ID: 2
[2026-09-02T18:58:05.296+00:00][B] [INFO] type: 2
[2026-09-02T18:58:05.296+00:00][B] [INFO] Destination: 0xFF
[2026-09-02T18:58:05.301+00:00][B] [INFO] Sequence: 206
[2026-09-02T18:58:05.302+00:00][B] [INFO] Packet ID: 53
[2026-09-02T18:58:05.307+00:00][B] [INFO] Packet Size: 26
[2026-09-02T18:58:05.307+00:00][B] [INFO] Timestamp: 53 ms
[2026-09-02T18:58:05.307+00:00][B] [INFO] Transmission Result: success
[2026-09-02T18:58:05.313+00:00][B] [INFO] --------------------------------
[2026-09-02T18:58:05.313+00:00][B] [INFO] [Heartbeat #53]
[2026-09-02T18:58:05.318+00:00][B] [INFO] Sent
[2026-09-02T18:58:05.318+00:00][B] [INFO] Waiting ACK...
[2026-09-02T18:58:05.319+00:00][B] [INFO] [WAITING ACK]
[2026-09-02T18:58:05.332+00:00][B] [INFO] [RF TX] type=2 source=0x02 destination=0xFF previousHop=0x02 sequence=206 ackSequence=0 ttl=8 hops=0 payloadSize=13 rssi=0 snr=0.00
[2026-09-02T18:58:05.333+00:00][B] [INFO] Heartbeat packet sent
[2026-09-02T18:58:05.485+00:00][B] [INFO] [RF RX] type=1 source=0x01 destination=0x02 previousHop=0x01 sequence=186 ackSequence=0 ttl=8 hops=0 payloadSize=4 rssi=-61 snr=9.75
[2026-09-02T18:58:05.543+00:00][B] [INFO] [RF TX] type=3 source=0x02 destination=0x01 previousHop=0x02 sequence=207 ackSequence=186 ttl=8 hops=0 payloadSize=2 rssi=0 snr=0.00
[2026-09-02T18:58:06.308+00:00][B] [WARN] Retry 1
[2026-09-02T18:58:06.375+00:00][B] [INFO] --------------------------------
[2026-09-02T18:58:06.375+00:00][B] [INFO] [HEARTBEAT TX]
[2026-09-02T18:58:06.380+00:00][B] [INFO] Node ID: 2
[2026-09-02T18:58:06.381+00:00][B] [INFO] type: 2
[2026-09-02T18:58:06.381+00:00][B] [INFO] Destination: 0xFF
[2026-09-02T18:58:06.386+00:00][B] [INFO] Sequence: 206
[2026-09-02T18:58:06.386+00:00][B] [INFO] Packet ID: 53
[2026-09-02T18:58:06.391+00:00][B] [INFO] Packet Size: 26
[2026-09-02T18:58:06.392+00:00][B] [INFO] Timestamp: 53 ms
[2026-09-02T18:58:06.392+00:00][B] [INFO] Transmission Result: success
[2026-09-02T18:58:06.397+00:00][B] [INFO] --------------------------------
[2026-09-02T18:58:06.398+00:00][B] [INFO] [Heartbeat #53]
[2026-09-02T18:58:06.402+00:00][B] [INFO] Sent
[2026-09-02T18:58:06.403+00:00][B] [INFO] Waiting ACK...
[2026-09-02T18:58:06.403+00:00][B] [INFO] [WAITING ACK]
[2026-09-02T18:58:06.417+00:00][B] [INFO] [RF TX] type=2 source=0x02 destination=0xFF previousHop=0x02 sequence=206 ackSequence=0 ttl=8 hops=0 payloadSize=13 rssi=0 snr=0.00
[2026-09-02T18:58:06.417+00:00][B] [INFO] Heartbeat packet sent
[2026-09-02T18:58:06.673+00:00][B] [INFO] [RF RX] type=1 source=0x01 destination=0x02 previousHop=0x01 sequence=187 ackSequence=0 ttl=8 hops=0 payloadSize=4 rssi=-61 snr=10.25
[2026-09-02T18:58:06.731+00:00][B] [INFO] [RF TX] type=3 source=0x02 destination=0x01 previousHop=0x02 sequence=208 ackSequence=187 ttl=8 hops=0 payloadSize=2 rssi=0 snr=0.00
[2026-09-02T18:58:06.797+00:00][B] [INFO] [RF RX] type=1 source=0x01 destination=0x02 previousHop=0x01 sequence=188 ackSequence=0 ttl=8 hops=0 payloadSize=4 rssi=-62 snr=10.00
[2026-09-02T18:58:06.856+00:00][B] [INFO] [RF TX] type=3 source=0x02 destination=0x01 previousHop=0x02 sequence=209 ackSequence=188 ttl=8 hops=0 payloadSize=2 rssi=0 snr=0.00
[2026-09-02T18:58:06.921+00:00][B] [INFO] [RF RX] type=1 source=0x01 destination=0x02 previousHop=0x01 sequence=189 ackSequence=0 ttl=8 hops=0 payloadSize=4 rssi=-61 snr=10.00
[2026-09-02T18:58:06.978+00:00][B] [INFO] [RF TX] type=3 source=0x02 destination=0x01 previousHop=0x02 sequence=210 ackSequence=189 ttl=8 hops=0 payloadSize=2 rssi=0 snr=0.00
[2026-09-02T18:58:07.045+00:00][B] [INFO] [RF RX] type=1 source=0x01 destination=0x02 previousHop=0x01 sequence=190 ackSequence=0 ttl=8 hops=0 payloadSize=4 rssi=-61 snr=9.75
[2026-09-02T18:58:07.102+00:00][B] [INFO] [RF TX] type=3 source=0x02 destination=0x01 previousHop=0x02 sequence=211 ackSequence=190 ttl=8 hops=0 payloadSize=2 rssi=0 snr=0.00
[2026-09-02T18:58:07.169+00:00][B] [INFO] [RF RX] type=1 source=0x01 destination=0x02 previousHop=0x01 sequence=191 ackSequence=0 ttl=8 hops=0 payloadSize=4 rssi=-62 snr=9.50
[2026-09-02T18:58:07.227+00:00][B] [INFO] [RF TX] type=3 source=0x02 destination=0x01 previousHop=0x02 sequence=212 ackSequence=191 ttl=8 hops=0 payloadSize=2 rssi=0 snr=0.00
[2026-09-02T18:58:07.293+00:00][B] [INFO] --------------------------------
[2026-09-02T18:58:07.294+00:00][B] [INFO] [HEARTBEAT TX]
[2026-09-02T18:58:07.299+00:00][B] [INFO] Node ID: 2
[2026-09-02T18:58:07.299+00:00][B] [INFO] type: 2
[2026-09-02T18:58:07.300+00:00][B] [INFO] Destination: 0xFF
[2026-09-02T18:58:07.304+00:00][B] [INFO] Sequence: 213
[2026-09-02T18:58:07.305+00:00][B] [INFO] Packet ID: 54
[2026-09-02T18:58:07.310+00:00][B] [INFO] Packet Size: 26
[2026-09-02T18:58:07.310+00:00][B] [INFO] Timestamp: 54 ms
[2026-09-02T18:58:07.310+00:00][B] [INFO] Transmission Result: success
[2026-09-02T18:58:07.316+00:00][B] [INFO] --------------------------------
[2026-09-02T18:58:07.316+00:00][B] [INFO] [Heartbeat #54]
[2026-09-02T18:58:07.321+00:00][B] [INFO] Sent
[2026-09-02T18:58:07.321+00:00][B] [INFO] Waiting ACK...
[2026-09-02T18:58:07.322+00:00][B] [INFO] [WAITING ACK]
[2026-09-02T18:58:07.335+00:00][B] [INFO] [RF TX] type=2 source=0x02 destination=0xFF previousHop=0x02 sequence=213 ackSequence=0 ttl=8 hops=0 payloadSize=13 rssi=0 snr=0.00
[2026-09-02T18:58:07.336+00:00][B] [INFO] Heartbeat packet sent
[2026-09-02T18:58:08.280+00:00][B] [INFO] [RF TX] type=3 source=0x02 destination=0x01 previousHop=0x02 sequence=214 ackSequence=191 ttl=8 hops=0 payloadSize=2 rssi=0 snr=0.00
[2026-09-02T18:58:08.311+00:00][B] [WARN] Retry 1
[2026-09-02T18:58:08.378+00:00][B] [INFO] --------------------------------
[2026-09-02T18:58:08.378+00:00][B] [INFO] [HEARTBEAT TX]
[2026-09-02T18:58:08.384+00:00][B] [INFO] Node ID: 2
[2026-09-02T18:58:08.384+00:00][B] [INFO] type: 2
[2026-09-02T18:58:08.384+00:00][B] [INFO] Destination: 0xFF
[2026-09-02T18:58:08.389+00:00][B] [INFO] Sequence: 213
[2026-09-02T18:58:08.389+00:00][B] [INFO] Packet ID: 54
[2026-09-02T18:58:08.395+00:00][B] [INFO] Packet Size: 26
[2026-09-02T18:58:08.395+00:00][B] [INFO] Timestamp: 54 ms
[2026-09-02T18:58:08.395+00:00][B] [INFO] Transmission Result: success
[2026-09-02T18:58:08.400+00:00][B] [INFO] --------------------------------
[2026-09-02T18:58:08.400+00:00][B] [INFO] [Heartbeat #54]
[2026-09-02T18:58:08.406+00:00][B] [INFO] Sent
[2026-09-02T18:58:08.406+00:00][B] [INFO] Waiting ACK...
[2026-09-02T18:58:08.406+00:00][B] [INFO] [WAITING ACK]
[2026-09-02T18:58:08.420+00:00][B] [INFO] [RF TX] type=2 source=0x02 destination=0xFF previousHop=0x02 sequence=213 ackSequence=0 ttl=8 hops=0 payloadSize=13 rssi=0 snr=0.00
[2026-09-02T18:58:08.420+00:00][B] [INFO] Heartbeat packet sent
[2026-09-02T18:58:09.295+00:00][B] [INFO] --------------------------------
[2026-09-02T18:58:09.296+00:00][B] [INFO] [HEARTBEAT TX]
[2026-09-02T18:58:09.301+00:00][B] [INFO] Node ID: 2
[2026-09-02T18:58:09.301+00:00][B] [INFO] type: 2
[2026-09-02T18:58:09.302+00:00][B] [INFO] Destination: 0xFF
[2026-09-02T18:58:09.306+00:00][B] [INFO] Sequence: 215
[2026-09-02T18:58:09.307+00:00][B] [INFO] Packet ID: 55
[2026-09-02T18:58:09.312+00:00][B] [INFO] Packet Size: 26
[2026-09-02T18:58:09.312+00:00][B] [INFO] Timestamp: 55 ms
[2026-09-02T18:58:09.313+00:00][B] [INFO] Transmission Result: success
[2026-09-02T18:58:09.318+00:00][B] [INFO] --------------------------------
[2026-09-02T18:58:09.319+00:00][B] [INFO] [Heartbeat #55]
[2026-09-02T18:58:09.323+00:00][B] [INFO] Sent
[2026-09-02T18:58:09.323+00:00][B] [INFO] Waiting ACK...
[2026-09-02T18:58:09.324+00:00][B] [INFO] [WAITING ACK]
[2026-09-02T18:58:09.337+00:00][B] [INFO] [RF TX] type=2 source=0x02 destination=0xFF previousHop=0x02 sequence=215 ackSequence=0 ttl=8 hops=0 payloadSize=13 rssi=0 snr=0.00
[2026-09-02T18:58:09.337+00:00][B] [INFO] Heartbeat packet sent
[2026-09-02T18:58:10.313+00:00][B] [WARN] Retry 1
[2026-09-02T18:58:10.380+00:00][B] [INFO] --------------------------------
[2026-09-02T18:58:10.381+00:00][B] [INFO] [HEARTBEAT TX]
[2026-09-02T18:58:10.386+00:00][B] [INFO] Node ID: 2
[2026-09-02T18:58:10.386+00:00][B] [INFO] type: 2
[2026-09-02T18:58:10.387+00:00][B] [INFO] Destination: 0xFF
[2026-09-02T18:58:10.391+00:00][B] [INFO] Sequence: 215
[2026-09-02T18:58:10.392+00:00][B] [INFO] Packet ID: 55
[2026-09-02T18:58:10.397+00:00][B] [INFO] Packet Size: 26
[2026-09-02T18:58:10.397+00:00][B] [INFO] Timestamp: 55 ms
[2026-09-02T18:58:10.397+00:00][B] [INFO] Transmission Result: success
[2026-09-02T18:58:10.403+00:00][B] [INFO] --------------------------------
[2026-09-02T18:58:10.403+00:00][B] [INFO] [Heartbeat #55]
[2026-09-02T18:58:10.408+00:00][B] [INFO] Sent
[2026-09-02T18:58:10.408+00:00][B] [INFO] Waiting ACK...
[2026-09-02T18:58:10.409+00:00][B] [INFO] [WAITING ACK]
[2026-09-02T18:58:10.422+00:00][B] [INFO] [RF TX] type=2 source=0x02 destination=0xFF previousHop=0x02 sequence=215 ackSequence=0 ttl=8 hops=0 payloadSize=13 rssi=0 snr=0.00
[2026-09-02T18:58:10.423+00:00][B] [INFO] Heartbeat packet sent
[2026-09-02T18:58:11.297+00:00][B] [INFO] --------------------------------
[2026-09-02T18:58:11.298+00:00][B] [INFO] [HEARTBEAT TX]
[2026-09-02T18:58:11.303+00:00][B] [INFO] Node ID: 2
[2026-09-02T18:58:11.303+00:00][B] [INFO] type: 2
[2026-09-02T18:58:11.304+00:00][B] [INFO] Destination: 0xFF
[2026-09-02T18:58:11.308+00:00][B] [INFO] Sequence: 216
[2026-09-02T18:58:11.309+00:00][B] [INFO] Packet ID: 56
[2026-09-02T18:58:11.314+00:00][B] [INFO] Packet Size: 26
[2026-09-02T18:58:11.314+00:00][B] [INFO] Timestamp: 56 ms
[2026-09-02T18:58:11.314+00:00][B] [INFO] Transmission Result: success
[2026-09-02T18:58:11.320+00:00][B] [INFO] --------------------------------
[2026-09-02T18:58:11.320+00:00][B] [INFO] [Heartbeat #56]
[2026-09-02T18:58:11.325+00:00][B] [INFO] Sent
[2026-09-02T18:58:11.325+00:00][B] [INFO] Waiting ACK...
[2026-09-02T18:58:11.326+00:00][B] [INFO] [WAITING ACK]
[2026-09-02T18:58:11.339+00:00][B] [INFO] [RF TX] type=2 source=0x02 destination=0xFF previousHop=0x02 sequence=216 ackSequence=0 ttl=8 hops=0 payloadSize=13 rssi=0 snr=0.00
[2026-09-02T18:58:11.340+00:00][B] [INFO] Heartbeat packet sent
[2026-09-02T18:58:11.491+00:00][B] [INFO] [RF RX] type=1 source=0x01 destination=0x02 previousHop=0x01 sequence=195 ackSequence=0 ttl=8 hops=0 payloadSize=4 rssi=-61 snr=9.50
[2026-09-02T18:58:11.549+00:00][B] [INFO] [RF TX] type=3 source=0x02 destination=0x01 previousHop=0x02 sequence=217 ackSequence=195 ttl=8 hops=0 payloadSize=2 rssi=0 snr=0.00
[2026-09-02T18:58:11.616+00:00][B] [INFO] [RF RX] type=1 source=0x01 destination=0x02 previousHop=0x01 sequence=196 ackSequence=0 ttl=8 hops=0 payloadSize=4 rssi=-61 snr=9.75
[2026-09-02T18:58:11.673+00:00][B] [INFO] [RF TX] type=3 source=0x02 destination=0x01 previousHop=0x02 sequence=218 ackSequence=196 ttl=8 hops=0 payloadSize=2 rssi=0 snr=0.00
[2026-09-02T18:58:11.739+00:00][B] [INFO] [RF RX] type=1 source=0x01 destination=0x02 previousHop=0x01 sequence=197 ackSequence=0 ttl=8 hops=0 payloadSize=4 rssi=-61 snr=10.00
[2026-09-02T18:58:11.797+00:00][B] [INFO] [RF TX] type=3 source=0x02 destination=0x01 previousHop=0x02 sequence=219 ackSequence=197 ttl=8 hops=0 payloadSize=2 rssi=0 snr=0.00
[2026-09-02T18:58:11.863+00:00][B] [INFO] [RF RX] type=1 source=0x01 destination=0x02 previousHop=0x01 sequence=198 ackSequence=0 ttl=8 hops=0 payloadSize=4 rssi=-61 snr=10.00
[2026-09-02T18:58:11.921+00:00][B] [INFO] [RF TX] type=3 source=0x02 destination=0x01 previousHop=0x02 sequence=220 ackSequence=198 ttl=8 hops=0 payloadSize=2 rssi=0 snr=0.00
[2026-09-02T18:58:11.987+00:00][B] [INFO] [RF RX] type=1 source=0x01 destination=0x02 previousHop=0x01 sequence=199 ackSequence=0 ttl=8 hops=0 payloadSize=4 rssi=-61 snr=9.75
[2026-09-02T18:58:12.045+00:00][B] [INFO] [RF TX] type=3 source=0x02 destination=0x01 previousHop=0x02 sequence=221 ackSequence=199 ttl=8 hops=0 payloadSize=2 rssi=0 snr=0.00
[2026-09-02T18:58:12.111+00:00][B] [INFO] [RF RX] type=1 source=0x01 destination=0x02 previousHop=0x01 sequence=200 ackSequence=0 ttl=8 hops=0 payloadSize=4 rssi=-62 snr=9.50
[2026-09-02T18:58:12.169+00:00][B] [INFO] [RF TX] type=3 source=0x02 destination=0x01 previousHop=0x02 sequence=222 ackSequence=200 ttl=8 hops=0 payloadSize=2 rssi=0 snr=0.00
[2026-09-02T18:58:12.235+00:00][B] [INFO] [RF RX] type=1 source=0x01 destination=0x02 previousHop=0x01 sequence=201 ackSequence=0 ttl=8 hops=0 payloadSize=4 rssi=-61 snr=9.75
[2026-09-02T18:58:12.295+00:00][B] [INFO] [RF TX] type=3 source=0x02 destination=0x01 previousHop=0x02 sequence=223 ackSequence=201 ttl=8 hops=0 payloadSize=2 rssi=0 snr=0.00
[2026-09-02T18:58:12.315+00:00][B] [WARN] Retry 1
[2026-09-02T18:58:12.382+00:00][B] [INFO] --------------------------------
[2026-09-02T18:58:12.383+00:00][B] [INFO] [HEARTBEAT TX]
[2026-09-02T18:58:12.388+00:00][B] [INFO] Node ID: 2
[2026-09-02T18:58:12.388+00:00][B] [INFO] type: 2
[2026-09-02T18:58:12.388+00:00][B] [INFO] Destination: 0xFF
[2026-09-02T18:58:12.393+00:00][B] [INFO] Sequence: 216
[2026-09-02T18:58:12.393+00:00][B] [INFO] Packet ID: 56
[2026-09-02T18:58:12.398+00:00][B] [INFO] Packet Size: 26
[2026-09-02T18:58:12.399+00:00][B] [INFO] Timestamp: 56 ms
[2026-09-02T18:58:12.399+00:00][B] [INFO] Transmission Result: success
[2026-09-02T18:58:12.404+00:00][B] [INFO] --------------------------------
[2026-09-02T18:58:12.405+00:00][B] [INFO] [Heartbeat #56]
[2026-09-02T18:58:12.410+00:00][B] [INFO] Sent
[2026-09-02T18:58:12.410+00:00][B] [INFO] Waiting ACK...
[2026-09-02T18:58:12.410+00:00][B] [INFO] [WAITING ACK]
[2026-09-02T18:58:12.424+00:00][B] [INFO] [RF TX] type=2 source=0x02 destination=0xFF previousHop=0x02 sequence=216 ackSequence=0 ttl=8 hops=0 payloadSize=13 rssi=0 snr=0.00
[2026-09-02T18:58:12.424+00:00][B] [INFO] Heartbeat packet sent
[2026-09-02T18:58:13.299+00:00][B] [INFO] --------------------------------
[2026-09-02T18:58:13.300+00:00][B] [INFO] [HEARTBEAT TX]
[2026-09-02T18:58:13.305+00:00][B] [INFO] Node ID: 2
[2026-09-02T18:58:13.305+00:00][B] [INFO] type: 2
[2026-09-02T18:58:13.306+00:00][B] [INFO] Destination: 0xFF
[2026-09-02T18:58:13.310+00:00][B] [INFO] Sequence: 224
[2026-09-02T18:58:13.310+00:00][B] [INFO] Packet ID: 57
[2026-09-02T18:58:13.315+00:00][B] [INFO] Packet Size: 26
[2026-09-02T18:58:13.316+00:00][B] [INFO] Timestamp: 57 ms
[2026-09-02T18:58:13.316+00:00][B] [INFO] Transmission Result: success
[2026-09-02T18:58:13.322+00:00][B] [INFO] --------------------------------
[2026-09-02T18:58:13.322+00:00][B] [INFO] [Heartbeat #57]
[2026-09-02T18:58:13.327+00:00][B] [INFO] Sent
[2026-09-02T18:58:13.327+00:00][B] [INFO] Waiting ACK...
[2026-09-02T18:58:13.328+00:00][B] [INFO] [WAITING ACK]
[2026-09-02T18:58:13.341+00:00][B] [INFO] [RF TX] type=2 source=0x02 destination=0xFF previousHop=0x02 sequence=224 ackSequence=0 ttl=8 hops=0 payloadSize=13 rssi=0 snr=0.00
[2026-09-02T18:58:13.341+00:00][B] [INFO] Heartbeat packet sent
[2026-09-02T18:58:14.317+00:00][B] [WARN] Retry 1
[2026-09-02T18:58:14.384+00:00][B] [INFO] --------------------------------
[2026-09-02T18:58:14.384+00:00][B] [INFO] [HEARTBEAT TX]
[2026-09-02T18:58:14.389+00:00][B] [INFO] Node ID: 2
[2026-09-02T18:58:14.390+00:00][B] [INFO] type: 2
[2026-09-02T18:58:14.390+00:00][B] [INFO] Destination: 0xFF
[2026-09-02T18:58:14.395+00:00][B] [INFO] Sequence: 224
[2026-09-02T18:58:14.395+00:00][B] [INFO] Packet ID: 57
[2026-09-02T18:58:14.400+00:00][B] [INFO] Packet Size: 26
[2026-09-02T18:58:14.401+00:00][B] [INFO] Timestamp: 57 ms
[2026-09-02T18:58:14.401+00:00][B] [INFO] Transmission Result: success
[2026-09-02T18:58:14.406+00:00][B] [INFO] --------------------------------
[2026-09-02T18:58:14.407+00:00][B] [INFO] [Heartbeat #57]
[2026-09-02T18:58:14.411+00:00][B] [INFO] Sent
[2026-09-02T18:58:14.412+00:00][B] [INFO] Waiting ACK...
[2026-09-02T18:58:14.412+00:00][B] [INFO] [WAITING ACK]
[2026-09-02T18:58:14.426+00:00][B] [INFO] [RF TX] type=2 source=0x02 destination=0xFF previousHop=0x02 sequence=224 ackSequence=0 ttl=8 hops=0 payloadSize=13 rssi=0 snr=0.00
[2026-09-02T18:58:14.426+00:00][B] [INFO] Heartbeat packet sent
[2026-09-02T18:58:15.301+00:00][B] [INFO] --------------------------------
[2026-09-02T18:58:15.301+00:00][B] [INFO] [HEARTBEAT TX]
[2026-09-02T18:58:15.306+00:00][B] [INFO] Node ID: 2
[2026-09-02T18:58:15.306+00:00][B] [INFO] type: 2
[2026-09-02T18:58:15.307+00:00][B] [INFO] Destination: 0xFF
[2026-09-02T18:58:15.312+00:00][B] [INFO] Sequence: 225
[2026-09-02T18:58:15.312+00:00][B] [INFO] Packet ID: 58
[2026-09-02T18:58:15.317+00:00][B] [INFO] Packet Size: 26
[2026-09-02T18:58:15.317+00:00][B] [INFO] Timestamp: 58 ms
[2026-09-02T18:58:15.318+00:00][B] [INFO] Transmission Result: success
[2026-09-02T18:58:15.323+00:00][B] [INFO] --------------------------------
[2026-09-02T18:58:15.323+00:00][B] [INFO] [Heartbeat #58]
[2026-09-02T18:58:15.328+00:00][B] [INFO] Sent
[2026-09-02T18:58:15.329+00:00][B] [INFO] Waiting ACK...
[2026-09-02T18:58:15.329+00:00][B] [INFO] [WAITING ACK]
[2026-09-02T18:58:15.342+00:00][B] [INFO] [RF TX] type=2 source=0x02 destination=0xFF previousHop=0x02 sequence=225 ackSequence=0 ttl=8 hops=0 payloadSize=13 rssi=0 snr=0.00
[2026-09-02T18:58:15.343+00:00][B] [INFO] Heartbeat packet sent
[2026-09-02T18:58:15.541+00:00][B] [INFO] [RF TX] type=3 source=0x02 destination=0x01 previousHop=0x02 sequence=226 ackSequence=201 ttl=8 hops=0 payloadSize=2 rssi=0 snr=0.00
[2026-09-02T18:58:16.318+00:00][B] [WARN] Retry 1
[2026-09-02T18:58:16.385+00:00][B] [INFO] --------------------------------
[2026-09-02T18:58:16.386+00:00][B] [INFO] [HEARTBEAT TX]
[2026-09-02T18:58:16.391+00:00][B] [INFO] Node ID: 2
[2026-09-02T18:58:16.391+00:00][B] [INFO] type: 2
[2026-09-02T18:58:16.392+00:00][B] [INFO] Destination: 0xFF
[2026-09-02T18:58:16.397+00:00][B] [INFO] Sequence: 225
[2026-09-02T18:58:16.397+00:00][B] [INFO] Packet ID: 58
[2026-09-02T18:58:16.402+00:00][B] [INFO] Packet Size: 26
[2026-09-02T18:58:16.402+00:00][B] [INFO] Timestamp: 58 ms
[2026-09-02T18:58:16.402+00:00][B] [INFO] Transmission Result: success
[2026-09-02T18:58:16.408+00:00][B] [INFO] --------------------------------
[2026-09-02T18:58:16.408+00:00][B] [INFO] [Heartbeat #58]
[2026-09-02T18:58:16.413+00:00][B] [INFO] Sent
[2026-09-02T18:58:16.413+00:00][B] [INFO] Waiting ACK...
[2026-09-02T18:58:16.414+00:00][B] [INFO] [WAITING ACK]
[2026-09-02T18:58:16.427+00:00][B] [INFO] [RF TX] type=2 source=0x02 destination=0xFF previousHop=0x02 sequence=225 ackSequence=0 ttl=8 hops=0 payloadSize=13 rssi=0 snr=0.00
[2026-09-02T18:58:16.428+00:00][B] [INFO] Heartbeat packet sent
[2026-09-02T18:58:16.558+00:00][B] [INFO] [RF RX] type=1 source=0x01 destination=0x02 previousHop=0x01 sequence=204 ackSequence=0 ttl=8 hops=0 payloadSize=4 rssi=-61 snr=9.50
[2026-09-02T18:58:16.615+00:00][B] [INFO] [RF TX] type=3 source=0x02 destination=0x01 previousHop=0x02 sequence=227 ackSequence=204 ttl=8 hops=0 payloadSize=2 rssi=0 snr=0.00
[2026-09-02T18:58:16.681+00:00][B] [INFO] [RF RX] type=1 source=0x01 destination=0x02 previousHop=0x01 sequence=205 ackSequence=0 ttl=8 hops=0 payloadSize=4 rssi=-62 snr=9.75
[2026-09-02T18:58:16.739+00:00][B] [INFO] [RF TX] type=3 source=0x02 destination=0x01 previousHop=0x02 sequence=228 ackSequence=205 ttl=8 hops=0 payloadSize=2 rssi=0 snr=0.00
[2026-09-02T18:58:16.805+00:00][B] [INFO] [RF RX] type=1 source=0x01 destination=0x02 previousHop=0x01 sequence=206 ackSequence=0 ttl=8 hops=0 payloadSize=4 rssi=-61 snr=9.75
[2026-09-02T18:58:16.863+00:00][B] [INFO] [RF TX] type=3 source=0x02 destination=0x01 previousHop=0x02 sequence=229 ackSequence=206 ttl=8 hops=0 payloadSize=2 rssi=0 snr=0.00
[2026-09-02T18:58:16.929+00:00][B] [INFO] [RF RX] type=1 source=0x01 destination=0x02 previousHop=0x01 sequence=207 ackSequence=0 ttl=8 hops=0 payloadSize=4 rssi=-61 snr=9.75
[2026-09-02T18:58:16.987+00:00][B] [INFO] [RF TX] type=3 source=0x02 destination=0x01 previousHop=0x02 sequence=230 ackSequence=207 ttl=8 hops=0 payloadSize=2 rssi=0 snr=0.00
[2026-09-02T18:58:17.053+00:00][B] [INFO] [RF RX] type=1 source=0x01 destination=0x02 previousHop=0x01 sequence=208 ackSequence=0 ttl=8 hops=0 payloadSize=4 rssi=-62 snr=9.75
[2026-09-02T18:58:17.111+00:00][B] [INFO] [RF TX] type=3 source=0x02 destination=0x01 previousHop=0x02 sequence=231 ackSequence=208 ttl=8 hops=0 payloadSize=2 rssi=0 snr=0.00
[2026-09-02T18:58:17.177+00:00][B] [INFO] [RF RX] type=1 source=0x01 destination=0x02 previousHop=0x01 sequence=209 ackSequence=0 ttl=8 hops=0 payloadSize=4 rssi=-61 snr=10.00
[2026-09-02T18:58:17.235+00:00][B] [INFO] [RF TX] type=3 source=0x02 destination=0x01 previousHop=0x02 sequence=232 ackSequence=209 ttl=8 hops=0 payloadSize=2 rssi=0 snr=0.00
[2026-09-02T18:58:17.302+00:00][B] [INFO] --------------------------------
[2026-09-02T18:58:17.302+00:00][B] [INFO] [HEARTBEAT TX]
[2026-09-02T18:58:17.307+00:00][B] [INFO] Node ID: 2
[2026-09-02T18:58:17.308+00:00][B] [INFO] type: 2
[2026-09-02T18:58:17.308+00:00][B] [INFO] Destination: 0xFF
[2026-09-02T18:58:17.313+00:00][B] [INFO] Sequence: 233
[2026-09-02T18:58:17.313+00:00][B] [INFO] Packet ID: 59
[2026-09-02T18:58:17.318+00:00][B] [INFO] Packet Size: 26
[2026-09-02T18:58:17.319+00:00][B] [INFO] Timestamp: 59 ms
[2026-09-02T18:58:17.319+00:00][B] [INFO] Transmission Result: success
[2026-09-02T18:58:17.324+00:00][B] [INFO] --------------------------------
[2026-09-02T18:58:17.325+00:00][B] [INFO] [Heartbeat #59]
[2026-09-02T18:58:17.330+00:00][B] [INFO] Sent
[2026-09-02T18:58:17.330+00:00][B] [INFO] Waiting ACK...
[2026-09-02T18:58:17.330+00:00][B] [INFO] [WAITING ACK]
[2026-09-02T18:58:17.344+00:00][B] [INFO] [RF TX] type=2 source=0x02 destination=0xFF previousHop=0x02 sequence=233 ackSequence=0 ttl=8 hops=0 payloadSize=13 rssi=0 snr=0.00
[2026-09-02T18:58:17.344+00:00][B] [INFO] Heartbeat packet sent
[2026-09-02T18:58:18.287+00:00][B] [INFO] [RF TX] type=3 source=0x02 destination=0x01 previousHop=0x02 sequence=234 ackSequence=209 ttl=8 hops=0 payloadSize=2 rssi=0 snr=0.00
[2026-09-02T18:58:18.320+00:00][B] [WARN] Retry 1
[2026-09-02T18:58:18.386+00:00][B] [INFO] --------------------------------
[2026-09-02T18:58:18.387+00:00][B] [INFO] [HEARTBEAT TX]
[2026-09-02T18:58:18.392+00:00][B] [INFO] Node ID: 2
[2026-09-02T18:58:18.393+00:00][B] [INFO] type: 2
[2026-09-02T18:58:18.393+00:00][B] [INFO] Destination: 0xFF
[2026-09-02T18:58:18.397+00:00][B] [INFO] Sequence: 233
[2026-09-02T18:58:18.398+00:00][B] [INFO] Packet ID: 59
[2026-09-02T18:58:18.403+00:00][B] [INFO] Packet Size: 26
[2026-09-02T18:58:18.403+00:00][B] [INFO] Timestamp: 59 ms
[2026-09-02T18:58:18.403+00:00][B] [INFO] Transmission Result: success
[2026-09-02T18:58:18.409+00:00][B] [INFO] --------------------------------
[2026-09-02T18:58:18.410+00:00][B] [INFO] [Heartbeat #59]
[2026-09-02T18:58:18.414+00:00][B] [INFO] Sent
[2026-09-02T18:58:18.415+00:00][B] [INFO] Waiting ACK...
[2026-09-02T18:58:18.415+00:00][B] [INFO] [WAITING ACK]
[2026-09-02T18:58:18.428+00:00][B] [INFO] [RF TX] type=2 source=0x02 destination=0xFF previousHop=0x02 sequence=233 ackSequence=0 ttl=8 hops=0 payloadSize=13 rssi=0 snr=0.00
[2026-09-02T18:58:18.429+00:00][B] [INFO] Heartbeat packet sent
[2026-09-02T18:58:19.303+00:00][B] [INFO] --------------------------------
[2026-09-02T18:58:19.303+00:00][B] [INFO] [HEARTBEAT TX]
[2026-09-02T18:58:19.308+00:00][B] [INFO] Node ID: 2
[2026-09-02T18:58:19.309+00:00][B] [INFO] type: 2
[2026-09-02T18:58:19.310+00:00][B] [INFO] Destination: 0xFF
[2026-09-02T18:58:19.314+00:00][B] [INFO] Sequence: 235
[2026-09-02T18:58:19.315+00:00][B] [INFO] Packet ID: 60
[2026-09-02T18:58:19.319+00:00][B] [INFO] Packet Size: 26
[2026-09-02T18:58:19.320+00:00][B] [INFO] Timestamp: 60 ms
[2026-09-02T18:58:19.320+00:00][B] [INFO] Transmission Result: success
[2026-09-02T18:58:19.325+00:00][B] [INFO] --------------------------------
[2026-09-02T18:58:19.326+00:00][B] [INFO] [Heartbeat #60]
[2026-09-02T18:58:19.331+00:00][B] [INFO] Sent
[2026-09-02T18:58:19.331+00:00][B] [INFO] Waiting ACK...
[2026-09-02T18:58:19.331+00:00][B] [INFO] [WAITING ACK]
[2026-09-02T18:58:19.345+00:00][B] [INFO] [RF TX] type=2 source=0x02 destination=0xFF previousHop=0x02 sequence=235 ackSequence=0 ttl=8 hops=0 payloadSize=13 rssi=0 snr=0.00
[2026-09-02T18:58:19.345+00:00][B] [INFO] Heartbeat packet sent
[2026-09-02T18:58:20.321+00:00][B] [WARN] Retry 1
[2026-09-02T18:58:20.388+00:00][B] [INFO] --------------------------------
[2026-09-02T18:58:20.388+00:00][B] [INFO] [HEARTBEAT TX]
[2026-09-02T18:58:20.393+00:00][B] [INFO] Node ID: 2
[2026-09-02T18:58:20.394+00:00][B] [INFO] type: 2
[2026-09-02T18:58:20.394+00:00][B] [INFO] Destination: 0xFF
[2026-09-02T18:58:20.399+00:00][B] [INFO] Sequence: 235
[2026-09-02T18:58:20.399+00:00][B] [INFO] Packet ID: 60
[2026-09-02T18:58:20.404+00:00][B] [INFO] Packet Size: 26
[2026-09-02T18:58:20.404+00:00][B] [INFO] Timestamp: 60 ms
[2026-09-02T18:58:20.405+00:00][B] [INFO] Transmission Result: success
[2026-09-02T18:58:20.410+00:00][B] [INFO] --------------------------------
[2026-09-02T18:58:20.411+00:00][B] [INFO] [Heartbeat #60]
[2026-09-02T18:58:20.415+00:00][B] [INFO] Sent
[2026-09-02T18:58:20.416+00:00][B] [INFO] Waiting ACK...
[2026-09-02T18:58:20.416+00:00][B] [INFO] [WAITING ACK]
[2026-09-02T18:58:20.429+00:00][B] [INFO] [RF TX] type=2 source=0x02 destination=0xFF previousHop=0x02 sequence=235 ackSequence=0 ttl=8 hops=0 payloadSize=13 rssi=0 snr=0.00
[2026-09-02T18:58:20.430+00:00][B] [INFO] Heartbeat packet sent
[2026-09-02T18:58:21.304+00:00][B] [INFO] --------------------------------
[2026-09-02T18:58:21.304+00:00][B] [INFO] [HEARTBEAT TX]
[2026-09-02T18:58:21.309+00:00][B] [INFO] Node ID: 2
[2026-09-02T18:58:21.310+00:00][B] [INFO] type: 2
[2026-09-02T18:58:21.310+00:00][B] [INFO] Destination: 0xFF
[2026-09-02T18:58:21.315+00:00][B] [INFO] Sequence: 236
[2026-09-02T18:58:21.315+00:00][B] [INFO] Packet ID: 61
[2026-09-02T18:58:21.320+00:00][B] [INFO] Packet Size: 26
[2026-09-02T18:58:21.321+00:00][B] [INFO] Timestamp: 61 ms
[2026-09-02T18:58:21.321+00:00][B] [INFO] Transmission Result: success
[2026-09-02T18:58:21.329+00:00][B] [INFO] --------------------------------
[2026-09-02T18:58:21.329+00:00][B] [INFO] [Heartbeat #61]
[2026-09-02T18:58:21.332+00:00][B] [INFO] Sent
[2026-09-02T18:58:21.332+00:00][B] [INFO] Waiting ACK...
[2026-09-02T18:58:21.332+00:00][B] [INFO] [WAITING ACK]
[2026-09-02T18:58:21.346+00:00][B] [INFO] [RF TX] type=2 source=0x02 destination=0xFF previousHop=0x02 sequence=236 ackSequence=0 ttl=8 hops=0 payloadSize=13 rssi=0 snr=0.00
[2026-09-02T18:58:21.346+00:00][B] [INFO] Heartbeat packet sent
[2026-09-02T18:58:21.498+00:00][B] [INFO] [RF RX] type=1 source=0x01 destination=0x02 previousHop=0x01 sequence=213 ackSequence=0 ttl=8 hops=0 payloadSize=4 rssi=-61 snr=10.00
[2026-09-02T18:58:21.556+00:00][B] [INFO] [RF TX] type=3 source=0x02 destination=0x01 previousHop=0x02 sequence=237 ackSequence=213 ttl=8 hops=0 payloadSize=2 rssi=0 snr=0.00
[2026-09-02T18:58:21.622+00:00][B] [INFO] [RF RX] type=1 source=0x01 destination=0x02 previousHop=0x01 sequence=214 ackSequence=0 ttl=8 hops=0 payloadSize=4 rssi=-61 snr=10.50
[2026-09-02T18:58:21.679+00:00][B] [INFO] [RF TX] type=3 source=0x02 destination=0x01 previousHop=0x02 sequence=238 ackSequence=214 ttl=8 hops=0 payloadSize=2 rssi=0 snr=0.00
[2026-09-02T18:58:21.746+00:00][B] [INFO] [RF RX] type=1 source=0x01 destination=0x02 previousHop=0x01 sequence=215 ackSequence=0 ttl=8 hops=0 payloadSize=4 rssi=-62 snr=9.75
[2026-09-02T18:58:21.803+00:00][B] [INFO] [RF TX] type=3 source=0x02 destination=0x01 previousHop=0x02 sequence=239 ackSequence=215 ttl=8 hops=0 payloadSize=2 rssi=0 snr=0.00
[2026-09-02T18:58:22.322+00:00][B] [WARN] Retry 1
[2026-09-02T18:58:22.389+00:00][B] [INFO] --------------------------------
[2026-09-02T18:58:22.389+00:00][B] [INFO] [HEARTBEAT TX]
[2026-09-02T18:58:22.394+00:00][B] [INFO] Node ID: 2
[2026-09-02T18:58:22.394+00:00][B] [INFO] type: 2
[2026-09-02T18:58:22.395+00:00][B] [INFO] Destination: 0xFF
[2026-09-02T18:58:22.399+00:00][B] [INFO] Sequence: 236
[2026-09-02T18:58:22.400+00:00][B] [INFO] Packet ID: 61
[2026-09-02T18:58:22.405+00:00][B] [INFO] Packet Size: 26
[2026-09-02T18:58:22.405+00:00][B] [INFO] Timestamp: 61 ms
[2026-09-02T18:58:22.405+00:00][B] [INFO] Transmission Result: success
[2026-09-02T18:58:22.411+00:00][B] [INFO] --------------------------------
[2026-09-02T18:58:22.412+00:00][B] [INFO] [Heartbeat #61]
[2026-09-02T18:58:22.416+00:00][B] [INFO] Sent
[2026-09-02T18:58:22.416+00:00][B] [INFO] Waiting ACK...
[2026-09-02T18:58:22.417+00:00][B] [INFO] [WAITING ACK]
[2026-09-02T18:58:22.430+00:00][B] [INFO] [RF TX] type=2 source=0x02 destination=0xFF previousHop=0x02 sequence=236 ackSequence=0 ttl=8 hops=0 payloadSize=13 rssi=0 snr=0.00
[2026-09-02T18:58:22.431+00:00][B] [INFO] Heartbeat packet sent
[2026-09-02T18:58:22.932+00:00][B] [INFO] [RF RX] type=1 source=0x01 destination=0x02 previousHop=0x01 sequence=216 ackSequence=0 ttl=8 hops=0 payloadSize=4 rssi=-61 snr=10.00
[2026-09-02T18:58:22.990+00:00][B] [INFO] [RF TX] type=3 source=0x02 destination=0x01 previousHop=0x02 sequence=240 ackSequence=216 ttl=8 hops=0 payloadSize=2 rssi=0 snr=0.00
[2026-09-02T18:58:23.056+00:00][B] [INFO] [RF RX] type=1 source=0x01 destination=0x02 previousHop=0x01 sequence=217 ackSequence=0 ttl=8 hops=0 payloadSize=4 rssi=-63 snr=10.00
[2026-09-02T18:58:23.114+00:00][B] [INFO] [RF TX] type=3 source=0x02 destination=0x01 previousHop=0x02 sequence=241 ackSequence=217 ttl=8 hops=0 payloadSize=2 rssi=0 snr=0.00
[2026-09-02T18:58:23.180+00:00][B] [INFO] [RF RX] type=1 source=0x01 destination=0x02 previousHop=0x01 sequence=218 ackSequence=0 ttl=8 hops=0 payloadSize=4 rssi=-62 snr=10.25
[2026-09-02T18:58:23.238+00:00][B] [INFO] [RF TX] type=3 source=0x02 destination=0x01 previousHop=0x02 sequence=242 ackSequence=218 ttl=8 hops=0 payloadSize=2 rssi=0 snr=0.00
[2026-09-02T18:58:23.305+00:00][B] [INFO] --------------------------------
[2026-09-02T18:58:23.305+00:00][B] [INFO] [HEARTBEAT TX]
[2026-09-02T18:58:23.310+00:00][B] [INFO] Node ID: 2
[2026-09-02T18:58:23.311+00:00][B] [INFO] type: 2
[2026-09-02T18:58:23.311+00:00][B] [INFO] Destination: 0xFF
[2026-09-02T18:58:23.316+00:00][B] [INFO] Sequence: 243
[2026-09-02T18:58:23.316+00:00][B] [INFO] Packet ID: 62
[2026-09-02T18:58:23.321+00:00][B] [INFO] Packet Size: 26
[2026-09-02T18:58:23.321+00:00][B] [INFO] Timestamp: 62 ms
[2026-09-02T18:58:23.322+00:00][B] [INFO] Transmission Result: success
[2026-09-02T18:58:23.327+00:00][B] [INFO] --------------------------------
[2026-09-02T18:58:23.327+00:00][B] [INFO] [Heartbeat #62]
[2026-09-02T18:58:23.332+00:00][B] [INFO] Sent
[2026-09-02T18:58:23.333+00:00][B] [INFO] Waiting ACK...
[2026-09-02T18:58:23.333+00:00][B] [INFO] [WAITING ACK]
[2026-09-02T18:58:23.347+00:00][B] [INFO] [RF TX] type=2 source=0x02 destination=0xFF previousHop=0x02 sequence=243 ackSequence=0 ttl=8 hops=0 payloadSize=13 rssi=0 snr=0.00
[2026-09-02T18:58:23.347+00:00][B] [INFO] Heartbeat packet sent
[2026-09-02T18:58:24.290+00:00][B] [INFO] [RF TX] type=3 source=0x02 destination=0x01 previousHop=0x02 sequence=244 ackSequence=218 ttl=8 hops=0 payloadSize=2 rssi=0 snr=0.00
[2026-09-02T18:58:24.322+00:00][B] [WARN] Retry 1
[2026-09-02T18:58:24.389+00:00][B] [INFO] --------------------------------
[2026-09-02T18:58:24.390+00:00][B] [INFO] [HEARTBEAT TX]
[2026-09-02T18:58:24.395+00:00][B] [INFO] Node ID: 2
[2026-09-02T18:58:24.395+00:00][B] [INFO] type: 2
[2026-09-02T18:58:24.395+00:00][B] [INFO] Destination: 0xFF
[2026-09-02T18:58:24.400+00:00][B] [INFO] Sequence: 243
[2026-09-02T18:58:24.400+00:00][B] [INFO] Packet ID: 62
[2026-09-02T18:58:24.406+00:00][B] [INFO] Packet Size: 26
[2026-09-02T18:58:24.406+00:00][B] [INFO] Timestamp: 62 ms
[2026-09-02T18:58:24.406+00:00][B] [INFO] Transmission Result: success
[2026-09-02T18:58:24.411+00:00][B] [INFO] --------------------------------
[2026-09-02T18:58:24.412+00:00][B] [INFO] [Heartbeat #62]
[2026-09-02T18:58:24.417+00:00][B] [INFO] Sent
[2026-09-02T18:58:24.417+00:00][B] [INFO] Waiting ACK...
[2026-09-02T18:58:24.417+00:00][B] [INFO] [WAITING ACK]
[2026-09-02T18:58:24.431+00:00][B] [INFO] [RF TX] type=2 source=0x02 destination=0xFF previousHop=0x02 sequence=243 ackSequence=0 ttl=8 hops=0 payloadSize=13 rssi=0 snr=0.00
[2026-09-02T18:58:24.431+00:00][B] [INFO] Heartbeat packet sent
[2026-09-02T18:58:25.306+00:00][B] [INFO] --------------------------------
[2026-09-02T18:58:25.306+00:00][B] [INFO] [HEARTBEAT TX]
[2026-09-02T18:58:25.311+00:00][B] [INFO] Node ID: 2
[2026-09-02T18:58:25.311+00:00][B] [INFO] type: 2
[2026-09-02T18:58:25.312+00:00][B] [INFO] Destination: 0xFF
[2026-09-02T18:58:25.317+00:00][B] [INFO] Sequence: 245
[2026-09-02T18:58:25.317+00:00][B] [INFO] Packet ID: 63
[2026-09-02T18:58:25.322+00:00][B] [INFO] Packet Size: 26
[2026-09-02T18:58:25.322+00:00][B] [INFO] Timestamp: 63 ms
[2026-09-02T18:58:25.323+00:00][B] [INFO] Transmission Result: success
[2026-09-02T18:58:25.328+00:00][B] [INFO] --------------------------------
[2026-09-02T18:58:25.328+00:00][B] [INFO] [Heartbeat #63]
[2026-09-02T18:58:25.333+00:00][B] [INFO] Sent
[2026-09-02T18:58:25.334+00:00][B] [INFO] Waiting ACK...
[2026-09-02T18:58:25.334+00:00][B] [INFO] [WAITING ACK]
[2026-09-02T18:58:25.347+00:00][B] [INFO] [RF TX] type=2 source=0x02 destination=0xFF previousHop=0x02 sequence=245 ackSequence=0 ttl=8 hops=0 payloadSize=13 rssi=0 snr=0.00
[2026-09-02T18:58:25.348+00:00][B] [INFO] Heartbeat packet sent
[2026-09-02T18:58:26.323+00:00][B] [WARN] Retry 1
[2026-09-02T18:58:26.390+00:00][B] [INFO] --------------------------------
[2026-09-02T18:58:26.390+00:00][B] [INFO] [HEARTBEAT TX]
[2026-09-02T18:58:26.396+00:00][B] [INFO] Node ID: 2
[2026-09-02T18:58:26.396+00:00][B] [INFO] type: 2
[2026-09-02T18:58:26.396+00:00][B] [INFO] Destination: 0xFF
[2026-09-02T18:58:26.401+00:00][B] [INFO] Sequence: 245
[2026-09-02T18:58:26.401+00:00][B] [INFO] Packet ID: 63
[2026-09-02T18:58:26.406+00:00][B] [INFO] Packet Size: 26
[2026-09-02T18:58:26.407+00:00][B] [INFO] Timestamp: 63 ms
[2026-09-02T18:58:26.407+00:00][B] [INFO] Transmission Result: success
[2026-09-02T18:58:26.413+00:00][B] [INFO] --------------------------------
[2026-09-02T18:58:26.413+00:00][B] [INFO] [Heartbeat #63]
[2026-09-02T18:58:26.418+00:00][B] [INFO] Sent
[2026-09-02T18:58:26.418+00:00][B] [INFO] Waiting ACK...
[2026-09-02T18:58:26.419+00:00][B] [INFO] [WAITING ACK]
[2026-09-02T18:58:26.432+00:00][B] [INFO] [RF TX] type=2 source=0x02 destination=0xFF previousHop=0x02 sequence=245 ackSequence=0 ttl=8 hops=0 payloadSize=13 rssi=0 snr=0.00
[2026-09-02T18:58:26.432+00:00][B] [INFO] Heartbeat packet sent
[2026-09-02T18:58:27.306+00:00][B] [INFO] --------------------------------
[2026-09-02T18:58:27.307+00:00][B] [INFO] [HEARTBEAT TX]
[2026-09-02T18:58:27.312+00:00][B] [INFO] Node ID: 2
[2026-09-02T18:58:27.312+00:00][B] [INFO] type: 2
[2026-09-02T18:58:27.312+00:00][B] [INFO] Destination: 0xFF
[2026-09-02T18:58:27.317+00:00][B] [INFO] Sequence: 246
[2026-09-02T18:58:27.318+00:00][B] [INFO] Packet ID: 64
[2026-09-02T18:58:27.323+00:00][B] [INFO] Packet Size: 26
[2026-09-02T18:58:27.323+00:00][B] [INFO] Timestamp: 64 ms
[2026-09-02T18:58:27.323+00:00][B] [INFO] Transmission Result: success
[2026-09-02T18:58:27.328+00:00][B] [INFO] --------------------------------
[2026-09-02T18:58:27.329+00:00][B] [INFO] [Heartbeat #64]
[2026-09-02T18:58:27.334+00:00][B] [INFO] Sent
[2026-09-02T18:58:27.334+00:00][B] [INFO] Waiting ACK...
[2026-09-02T18:58:27.335+00:00][B] [INFO] [WAITING ACK]
[2026-09-02T18:58:27.349+00:00][B] [INFO] [RF TX] type=2 source=0x02 destination=0xFF previousHop=0x02 sequence=246 ackSequence=0 ttl=8 hops=0 payloadSize=13 rssi=0 snr=0.00
[2026-09-02T18:58:27.350+00:00][B] [INFO] Heartbeat packet sent
[2026-09-02T18:58:27.500+00:00][B] [INFO] [RF RX] type=1 source=0x01 destination=0x02 previousHop=0x01 sequence=222 ackSequence=0 ttl=8 hops=0 payloadSize=4 rssi=-61 snr=9.25
[2026-09-02T18:58:27.558+00:00][B] [INFO] [RF TX] type=3 source=0x02 destination=0x01 previousHop=0x02 sequence=247 ackSequence=222 ttl=8 hops=0 payloadSize=2 rssi=0 snr=0.00
[2026-09-02T18:58:27.624+00:00][B] [INFO] [RF RX] type=1 source=0x01 destination=0x02 previousHop=0x01 sequence=223 ackSequence=0 ttl=8 hops=0 payloadSize=4 rssi=-61 snr=9.50
[2026-09-02T18:58:27.682+00:00][B] [INFO] [RF TX] type=3 source=0x02 destination=0x01 previousHop=0x02 sequence=248 ackSequence=223 ttl=8 hops=0 payloadSize=2 rssi=0 snr=0.00
[2026-09-02T18:58:27.748+00:00][B] [INFO] [RF RX] type=1 source=0x01 destination=0x02 previousHop=0x01 sequence=224 ackSequence=0 ttl=8 hops=0 payloadSize=4 rssi=-63 snr=9.50
[2026-09-02T18:58:27.806+00:00][B] [INFO] [RF TX] type=3 source=0x02 destination=0x01 previousHop=0x02 sequence=249 ackSequence=224 ttl=8 hops=0 payloadSize=2 rssi=0 snr=0.00
[2026-09-02T18:58:27.872+00:00][B] [INFO] [RF RX] type=1 source=0x01 destination=0x02 previousHop=0x01 sequence=225 ackSequence=0 ttl=8 hops=0 payloadSize=4 rssi=-63 snr=9.00
[2026-09-02T18:58:27.930+00:00][B] [INFO] [RF TX] type=3 source=0x02 destination=0x01 previousHop=0x02 sequence=250 ackSequence=225 ttl=8 hops=0 payloadSize=2 rssi=0 snr=0.00
[2026-09-02T18:58:27.996+00:00][B] [INFO] [RF RX] type=1 source=0x01 destination=0x02 previousHop=0x01 sequence=226 ackSequence=0 ttl=8 hops=0 payloadSize=4 rssi=-61 snr=10.00
[2026-09-02T18:58:28.054+00:00][B] [INFO] [RF TX] type=3 source=0x02 destination=0x01 previousHop=0x02 sequence=251 ackSequence=226 ttl=8 hops=0 payloadSize=2 rssi=0 snr=0.00
[2026-09-02T18:58:28.120+00:00][B] [INFO] [RF RX] type=1 source=0x01 destination=0x02 previousHop=0x01 sequence=227 ackSequence=0 ttl=8 hops=0 payloadSize=4 rssi=-62 snr=9.50
[2026-09-02T18:58:28.178+00:00][B] [INFO] [RF TX] type=3 source=0x02 destination=0x01 previousHop=0x02 sequence=252 ackSequence=227 ttl=8 hops=0 payloadSize=2 rssi=0 snr=0.00
[2026-09-02T18:58:28.244+00:00][B] [INFO] [RF RX] type=1 source=0x01 destination=0x02 previousHop=0x01 sequence=228 ackSequence=0 ttl=8 hops=0 payloadSize=4 rssi=-62 snr=9.50
[2026-09-02T18:58:28.302+00:00][B] [INFO] [RF TX] type=3 source=0x02 destination=0x01 previousHop=0x02 sequence=253 ackSequence=228 ttl=8 hops=0 payloadSize=2 rssi=0 snr=0.00
[2026-09-02T18:58:28.324+00:00][B] [WARN] Retry 1
[2026-09-02T18:58:28.391+00:00][B] [INFO] --------------------------------
[2026-09-02T18:58:28.391+00:00][B] [INFO] [HEARTBEAT TX]
[2026-09-02T18:58:28.396+00:00][B] [INFO] Node ID: 2
[2026-09-02T18:58:28.397+00:00][B] [INFO] type: 2
[2026-09-02T18:58:28.397+00:00][B] [INFO] Destination: 0xFF
[2026-09-02T18:58:28.402+00:00][B] [INFO] Sequence: 246
[2026-09-02T18:58:28.402+00:00][B] [INFO] Packet ID: 64
[2026-09-02T18:58:28.407+00:00][B] [INFO] Packet Size: 26
[2026-09-02T18:58:28.407+00:00][B] [INFO] Timestamp: 64 ms
[2026-09-02T18:58:28.408+00:00][B] [INFO] Transmission Result: success
[2026-09-02T18:58:28.413+00:00][B] [INFO] --------------------------------
[2026-09-02T18:58:28.414+00:00][B] [INFO] [Heartbeat #64]
[2026-09-02T18:58:28.418+00:00][B] [INFO] Sent
[2026-09-02T18:58:28.419+00:00][B] [INFO] Waiting ACK...
[2026-09-02T18:58:28.419+00:00][B] [INFO] [WAITING ACK]
[2026-09-02T18:58:28.432+00:00][B] [INFO] [RF TX] type=2 source=0x02 destination=0xFF previousHop=0x02 sequence=246 ackSequence=0 ttl=8 hops=0 payloadSize=13 rssi=0 snr=0.00
[2026-09-02T18:58:28.433+00:00][B] [INFO] Heartbeat packet sent
[2026-09-02T18:58:29.307+00:00][B] [INFO] --------------------------------
[2026-09-02T18:58:29.308+00:00][B] [INFO] [HEARTBEAT TX]
[2026-09-02T18:58:29.313+00:00][B] [INFO] Node ID: 2
[2026-09-02T18:58:29.313+00:00][B] [INFO] type: 2
[2026-09-02T18:58:29.314+00:00][B] [INFO] Destination: 0xFF
[2026-09-02T18:58:29.318+00:00][B] [INFO] Sequence: 254
[2026-09-02T18:58:29.318+00:00][B] [INFO] Packet ID: 65
[2026-09-02T18:58:29.323+00:00][B] [INFO] Packet Size: 26
[2026-09-02T18:58:29.324+00:00][B] [INFO] Timestamp: 65 ms
[2026-09-02T18:58:29.324+00:00][B] [INFO] Transmission Result: success
[2026-09-02T18:58:29.330+00:00][B] [INFO] --------------------------------
[2026-09-02T18:58:29.331+00:00][B] [INFO] [Heartbeat #65]
[2026-09-02T18:58:29.335+00:00][B] [INFO] Sent
[2026-09-02T18:58:29.335+00:00][B] [INFO] Waiting ACK...
[2026-09-02T18:58:29.336+00:00][B] [INFO] [WAITING ACK]
[2026-09-02T18:58:29.349+00:00][B] [INFO] [RF TX] type=2 source=0x02 destination=0xFF previousHop=0x02 sequence=254 ackSequence=0 ttl=8 hops=0 payloadSize=13 rssi=0 snr=0.00
[2026-09-02T18:58:29.349+00:00][B] [INFO] Heartbeat packet sent
[2026-09-02T18:58:30.324+00:00][B] [WARN] Retry 1
[2026-09-02T18:58:30.391+00:00][B] [INFO] --------------------------------
[2026-09-02T18:58:30.392+00:00][B] [INFO] [HEARTBEAT TX]
[2026-09-02T18:58:30.397+00:00][B] [INFO] Node ID: 2
[2026-09-02T18:58:30.397+00:00][B] [INFO] type: 2
[2026-09-02T18:58:30.398+00:00][B] [INFO] Destination: 0xFF
[2026-09-02T18:58:30.402+00:00][B] [INFO] Sequence: 254
[2026-09-02T18:58:30.403+00:00][B] [INFO] Packet ID: 65
[2026-09-02T18:58:30.408+00:00][B] [INFO] Packet Size: 26
[2026-09-02T18:58:30.408+00:00][B] [INFO] Timestamp: 65 ms
[2026-09-02T18:58:30.408+00:00][B] [INFO] Transmission Result: success
[2026-09-02T18:58:30.414+00:00][B] [INFO] --------------------------------
[2026-09-02T18:58:30.414+00:00][B] [INFO] [Heartbeat #65]
[2026-09-02T18:58:30.419+00:00][B] [INFO] Sent
[2026-09-02T18:58:30.419+00:00][B] [INFO] Waiting ACK...
[2026-09-02T18:58:30.420+00:00][B] [INFO] [WAITING ACK]
[2026-09-02T18:58:30.433+00:00][B] [INFO] [RF TX] type=2 source=0x02 destination=0xFF previousHop=0x02 sequence=254 ackSequence=0 ttl=8 hops=0 payloadSize=13 rssi=0 snr=0.00
[2026-09-02T18:58:30.433+00:00][B] [INFO] Heartbeat packet sent
[2026-09-02T18:58:31.307+00:00][B] [INFO] --------------------------------
[2026-09-02T18:58:31.308+00:00][B] [INFO] [HEARTBEAT TX]
[2026-09-02T18:58:31.313+00:00][B] [INFO] Node ID: 2
[2026-09-02T18:58:31.313+00:00][B] [INFO] type: 2
[2026-09-02T18:58:31.314+00:00][B] [INFO] Destination: 0xFF
[2026-09-02T18:58:31.318+00:00][B] [INFO] Sequence: 255
[2026-09-02T18:58:31.319+00:00][B] [INFO] Packet ID: 66
[2026-09-02T18:58:31.324+00:00][B] [INFO] Packet Size: 26
[2026-09-02T18:58:31.324+00:00][B] [INFO] Timestamp: 66 ms
[2026-09-02T18:58:31.325+00:00][B] [INFO] Transmission Result: success
[2026-09-02T18:58:31.330+00:00][B] [INFO] --------------------------------
[2026-09-02T18:58:31.330+00:00][B] [INFO] [Heartbeat #66]
[2026-09-02T18:58:31.335+00:00][B] [INFO] Sent
[2026-09-02T18:58:31.336+00:00][B] [INFO] Waiting ACK...
[2026-09-02T18:58:31.336+00:00][B] [INFO] [WAITING ACK]
[2026-09-02T18:58:31.349+00:00][B] [INFO] [RF TX] type=2 source=0x02 destination=0xFF previousHop=0x02 sequence=255 ackSequence=0 ttl=8 hops=0 payloadSize=13 rssi=0 snr=0.00
[2026-09-02T18:58:31.350+00:00][B] [INFO] Heartbeat packet sent
[2026-09-02T18:58:31.548+00:00][B] [INFO] [RF TX] type=3 source=0x02 destination=0x01 previousHop=0x02 sequence=256 ackSequence=228 ttl=8 hops=0 payloadSize=2 rssi=0 snr=0.00
[2026-09-02T18:58:32.325+00:00][B] [WARN] Retry 1
[2026-09-02T18:58:32.392+00:00][B] [INFO] --------------------------------
[2026-09-02T18:58:32.392+00:00][B] [INFO] [HEARTBEAT TX]
[2026-09-02T18:58:32.397+00:00][B] [INFO] Node ID: 2
[2026-09-02T18:58:32.398+00:00][B] [INFO] type: 2
[2026-09-02T18:58:32.398+00:00][B] [INFO] Destination: 0xFF
[2026-09-02T18:58:32.403+00:00][B] [INFO] Sequence: 255
[2026-09-02T18:58:32.403+00:00][B] [INFO] Packet ID: 66
[2026-09-02T18:58:32.408+00:00][B] [INFO] Packet Size: 26
[2026-09-02T18:58:32.408+00:00][B] [INFO] Timestamp: 66 ms
[2026-09-02T18:58:32.409+00:00][B] [INFO] Transmission Result: success
[2026-09-02T18:58:32.415+00:00][B] [INFO] --------------------------------
[2026-09-02T18:58:32.415+00:00][B] [INFO] [Heartbeat #66]
[2026-09-02T18:58:32.419+00:00][B] [INFO] Sent
[2026-09-02T18:58:32.419+00:00][B] [INFO] Waiting ACK...
[2026-09-02T18:58:32.420+00:00][B] [INFO] [WAITING ACK]
[2026-09-02T18:58:32.433+00:00][B] [INFO] [RF TX] type=2 source=0x02 destination=0xFF previousHop=0x02 sequence=255 ackSequence=0 ttl=8 hops=0 payloadSize=13 rssi=0 snr=0.00
[2026-09-02T18:58:32.434+00:00][B] [INFO] Heartbeat packet sent
[2026-09-02T18:58:32.564+00:00][B] [INFO] [RF RX] type=1 source=0x01 destination=0x02 previousHop=0x01 sequence=231 ackSequence=0 ttl=8 hops=0 payloadSize=4 rssi=-61 snr=10.25
[2026-09-02T18:58:32.621+00:00][B] [INFO] [RF TX] type=3 source=0x02 destination=0x01 previousHop=0x02 sequence=257 ackSequence=231 ttl=8 hops=0 payloadSize=2 rssi=0 snr=0.00
[2026-09-02T18:58:32.688+00:00][B] [INFO] [RF RX] type=1 source=0x01 destination=0x02 previousHop=0x01 sequence=232 ackSequence=0 ttl=8 hops=0 payloadSize=4 rssi=-62 snr=9.75
[2026-09-02T18:58:32.746+00:00][B] [INFO] [RF TX] type=3 source=0x02 destination=0x01 previousHop=0x02 sequence=258 ackSequence=232 ttl=8 hops=0 payloadSize=2 rssi=0 snr=0.00
[2026-09-02T18:58:32.812+00:00][B] [INFO] [RF RX] type=1 source=0x01 destination=0x02 previousHop=0x01 sequence=233 ackSequence=0 ttl=8 hops=0 payloadSize=4 rssi=-61 snr=9.75
[2026-09-02T18:58:32.869+00:00][B] [INFO] [RF TX] type=3 source=0x02 destination=0x01 previousHop=0x02 sequence=259 ackSequence=233 ttl=8 hops=0 payloadSize=2 rssi=0 snr=0.00
[2026-09-02T18:58:32.936+00:00][B] [INFO] [RF RX] type=1 source=0x01 destination=0x02 previousHop=0x01 sequence=234 ackSequence=0 ttl=8 hops=0 payloadSize=4 rssi=-62 snr=9.75
[2026-09-02T18:58:32.994+00:00][B] [INFO] [RF TX] type=3 source=0x02 destination=0x01 previousHop=0x02 sequence=260 ackSequence=234 ttl=8 hops=0 payloadSize=2 rssi=0 snr=0.00
[2026-09-02T18:58:33.059+00:00][B] [INFO] [RF RX] type=1 source=0x01 destination=0x02 previousHop=0x01 sequence=235 ackSequence=0 ttl=8 hops=0 payloadSize=4 rssi=-61 snr=9.75
[2026-09-02T18:58:33.117+00:00][B] [INFO] [RF TX] type=3 source=0x02 destination=0x01 previousHop=0x02 sequence=261 ackSequence=235 ttl=8 hops=0 payloadSize=2 rssi=0 snr=0.00
[2026-09-02T18:58:33.184+00:00][B] [INFO] [RF RX] type=1 source=0x01 destination=0x02 previousHop=0x01 sequence=236 ackSequence=0 ttl=8 hops=0 payloadSize=4 rssi=-61 snr=9.75
[2026-09-02T18:58:33.241+00:00][B] [INFO] [RF TX] type=3 source=0x02 destination=0x01 previousHop=0x02 sequence=262 ackSequence=236 ttl=8 hops=0 payloadSize=2 rssi=0 snr=0.00
[2026-09-02T18:58:33.308+00:00][B] [INFO] --------------------------------
[2026-09-02T18:58:33.308+00:00][B] [INFO] [HEARTBEAT TX]
[2026-09-02T18:58:33.313+00:00][B] [INFO] Node ID: 2
[2026-09-02T18:58:33.314+00:00][B] [INFO] type: 2
[2026-09-02T18:58:33.315+00:00][B] [INFO] Destination: 0xFF
[2026-09-02T18:58:33.319+00:00][B] [INFO] Sequence: 263
[2026-09-02T18:58:33.319+00:00][B] [INFO] Packet ID: 67
[2026-09-02T18:58:33.324+00:00][B] [INFO] Packet Size: 26
[2026-09-02T18:58:33.325+00:00][B] [INFO] Timestamp: 67 ms
[2026-09-02T18:58:33.325+00:00][B] [INFO] Transmission Result: success
[2026-09-02T18:58:33.330+00:00][B] [INFO] --------------------------------
[2026-09-02T18:58:33.331+00:00][B] [INFO] [Heartbeat #67]
[2026-09-02T18:58:33.336+00:00][B] [INFO] Sent
[2026-09-02T18:58:33.336+00:00][B] [INFO] Waiting ACK...
[2026-09-02T18:58:33.336+00:00][B] [INFO] [WAITING ACK]
[2026-09-02T18:58:33.350+00:00][B] [INFO] [RF TX] type=2 source=0x02 destination=0xFF previousHop=0x02 sequence=263 ackSequence=0 ttl=8 hops=0 payloadSize=13 rssi=0 snr=0.00
[2026-09-02T18:58:33.350+00:00][B] [INFO] Heartbeat packet sent
[2026-09-02T18:58:34.293+00:00][B] [INFO] [RF TX] type=3 source=0x02 destination=0x01 previousHop=0x02 sequence=264 ackSequence=236 ttl=8 hops=0 payloadSize=2 rssi=0 snr=0.00
[2026-09-02T18:58:34.325+00:00][B] [WARN] Retry 1
[2026-09-02T18:58:34.392+00:00][B] [INFO] --------------------------------
[2026-09-02T18:58:34.392+00:00][B] [INFO] [HEARTBEAT TX]
[2026-09-02T18:58:34.398+00:00][B] [INFO] Node ID: 2
[2026-09-02T18:58:34.398+00:00][B] [INFO] type: 2
[2026-09-02T18:58:34.399+00:00][B] [INFO] Destination: 0xFF
[2026-09-02T18:58:34.403+00:00][B] [INFO] Sequence: 263
[2026-09-02T18:58:34.403+00:00][B] [INFO] Packet ID: 67
[2026-09-02T18:58:34.408+00:00][B] [INFO] Packet Size: 26
[2026-09-02T18:58:34.409+00:00][B] [INFO] Timestamp: 67 ms
[2026-09-02T18:58:34.409+00:00][B] [INFO] Transmission Result: success
[2026-09-02T18:58:34.415+00:00][B] [INFO] --------------------------------
[2026-09-02T18:58:34.415+00:00][B] [INFO] [Heartbeat #67]
[2026-09-02T18:58:34.420+00:00][B] [INFO] Sent
[2026-09-02T18:58:34.420+00:00][B] [INFO] Waiting ACK...
[2026-09-02T18:58:34.421+00:00][B] [INFO] [WAITING ACK]
[2026-09-02T18:58:34.434+00:00][B] [INFO] [RF TX] type=2 source=0x02 destination=0xFF previousHop=0x02 sequence=263 ackSequence=0 ttl=8 hops=0 payloadSize=13 rssi=0 snr=0.00
[2026-09-02T18:58:34.434+00:00][B] [INFO] Heartbeat packet sent
[2026-09-02T18:58:35.308+00:00][B] [INFO] --------------------------------
[2026-09-02T18:58:35.309+00:00][B] [INFO] [HEARTBEAT TX]
[2026-09-02T18:58:35.314+00:00][B] [INFO] Node ID: 2
[2026-09-02T18:58:35.314+00:00][B] [INFO] type: 2
[2026-09-02T18:58:35.315+00:00][B] [INFO] Destination: 0xFF
[2026-09-02T18:58:35.319+00:00][B] [INFO] Sequence: 265
[2026-09-02T18:58:35.320+00:00][B] [INFO] Packet ID: 68
[2026-09-02T18:58:35.325+00:00][B] [INFO] Packet Size: 26
[2026-09-02T18:58:35.325+00:00][B] [INFO] Timestamp: 68 ms
[2026-09-02T18:58:35.325+00:00][B] [INFO] Transmission Result: success
[2026-09-02T18:58:35.331+00:00][B] [INFO] --------------------------------
[2026-09-02T18:58:35.331+00:00][B] [INFO] [Heartbeat #68]
[2026-09-02T18:58:35.336+00:00][B] [INFO] Sent
[2026-09-02T18:58:35.336+00:00][B] [INFO] Waiting ACK...
[2026-09-02T18:58:35.337+00:00][B] [INFO] [WAITING ACK]
[2026-09-02T18:58:35.350+00:00][B] [INFO] [RF TX] type=2 source=0x02 destination=0xFF previousHop=0x02 sequence=265 ackSequence=0 ttl=8 hops=0 payloadSize=13 rssi=0 snr=0.00
[2026-09-02T18:58:35.351+00:00][B] [INFO] Heartbeat packet sent
[2026-09-02T18:58:36.326+00:00][B] [WARN] Retry 1
[2026-09-02T18:58:36.393+00:00][B] [INFO] --------------------------------
[2026-09-02T18:58:36.393+00:00][B] [INFO] [HEARTBEAT TX]
[2026-09-02T18:58:36.398+00:00][B] [INFO] Node ID: 2
[2026-09-02T18:58:36.398+00:00][B] [INFO] type: 2
[2026-09-02T18:58:36.399+00:00][B] [INFO] Destination: 0xFF
[2026-09-02T18:58:36.404+00:00][B] [INFO] Sequence: 265
[2026-09-02T18:58:36.404+00:00][B] [INFO] Packet ID: 68
[2026-09-02T18:58:36.409+00:00][B] [INFO] Packet Size: 26
[2026-09-02T18:58:36.409+00:00][B] [INFO] Timestamp: 68 ms
[2026-09-02T18:58:36.409+00:00][B] [INFO] Transmission Result: success
[2026-09-02T18:58:36.415+00:00][B] [INFO] --------------------------------
[2026-09-02T18:58:36.416+00:00][B] [INFO] [Heartbeat #68]
[2026-09-02T18:58:36.420+00:00][B] [INFO] Sent
[2026-09-02T18:58:36.420+00:00][B] [INFO] Waiting ACK...
[2026-09-02T18:58:36.421+00:00][B] [INFO] [WAITING ACK]
[2026-09-02T18:58:36.434+00:00][B] [INFO] [RF TX] type=2 source=0x02 destination=0xFF previousHop=0x02 sequence=265 ackSequence=0 ttl=8 hops=0 payloadSize=13 rssi=0 snr=0.00
[2026-09-02T18:58:36.435+00:00][B] [INFO] Heartbeat packet sent
[2026-09-02T18:58:37.309+00:00][B] [INFO] --------------------------------
[2026-09-02T18:58:37.309+00:00][B] [INFO] [HEARTBEAT TX]
[2026-09-02T18:58:37.314+00:00][B] [INFO] Node ID: 2
[2026-09-02T18:58:37.314+00:00][B] [INFO] type: 2
[2026-09-02T18:58:37.315+00:00][B] [INFO] Destination: 0xFF
[2026-09-02T18:58:37.320+00:00][B] [INFO] Sequence: 266
[2026-09-02T18:58:37.320+00:00][B] [INFO] Packet ID: 69
[2026-09-02T18:58:37.325+00:00][B] [INFO] Packet Size: 26
[2026-09-02T18:58:37.325+00:00][B] [INFO] Timestamp: 69 ms
[2026-09-02T18:58:37.326+00:00][B] [INFO] Transmission Result: success
[2026-09-02T18:58:37.331+00:00][B] [INFO] --------------------------------
[2026-09-02T18:58:37.332+00:00][B] [INFO] [Heartbeat #69]
[2026-09-02T18:58:37.336+00:00][B] [INFO] Sent
[2026-09-02T18:58:37.337+00:00][B] [INFO] Waiting ACK...
[2026-09-02T18:58:37.337+00:00][B] [INFO] [WAITING ACK]
[2026-09-02T18:58:37.350+00:00][B] [INFO] [RF TX] type=2 source=0x02 destination=0xFF previousHop=0x02 sequence=266 ackSequence=0 ttl=8 hops=0 payloadSize=13 rssi=0 snr=0.00
[2026-09-02T18:58:37.351+00:00][B] [INFO] Heartbeat packet sent
[2026-09-02T18:58:37.503+00:00][B] [INFO] [RF RX] type=1 source=0x01 destination=0x02 previousHop=0x01 sequence=240 ackSequence=0 ttl=8 hops=0 payloadSize=4 rssi=-61 snr=10.00
[2026-09-02T18:58:37.560+00:00][B] [INFO] [RF TX] type=3 source=0x02 destination=0x01 previousHop=0x02 sequence=267 ackSequence=240 ttl=8 hops=0 payloadSize=2 rssi=0 snr=0.00
[2026-09-02T18:58:37.627+00:00][B] [INFO] [RF RX] type=1 source=0x01 destination=0x02 previousHop=0x01 sequence=241 ackSequence=0 ttl=8 hops=0 payloadSize=4 rssi=-62 snr=9.75
[2026-09-02T18:58:37.684+00:00][B] [INFO] [RF TX] type=3 source=0x02 destination=0x01 previousHop=0x02 sequence=268 ackSequence=241 ttl=8 hops=0 payloadSize=2 rssi=0 snr=0.00
[2026-09-02T18:58:37.750+00:00][B] [INFO] [RF RX] type=1 source=0x01 destination=0x02 previousHop=0x01 sequence=242 ackSequence=0 ttl=8 hops=0 payloadSize=4 rssi=-61 snr=10.00
[2026-09-02T18:58:37.808+00:00][B] [INFO] [RF TX] type=3 source=0x02 destination=0x01 previousHop=0x02 sequence=269 ackSequence=242 ttl=8 hops=0 payloadSize=2 rssi=0 snr=0.00
[2026-09-02T18:58:37.874+00:00][B] [INFO] [RF RX] type=1 source=0x01 destination=0x02 previousHop=0x01 sequence=243 ackSequence=0 ttl=8 hops=0 payloadSize=4 rssi=-61 snr=9.75
[2026-09-02T18:58:37.933+00:00][B] [INFO] [RF TX] type=3 source=0x02 destination=0x01 previousHop=0x02 sequence=270 ackSequence=243 ttl=8 hops=0 payloadSize=2 rssi=0 snr=0.00
[2026-09-02T18:58:37.998+00:00][B] [INFO] [RF RX] type=1 source=0x01 destination=0x02 previousHop=0x01 sequence=244 ackSequence=0 ttl=8 hops=0 payloadSize=4 rssi=-62 snr=9.75
[2026-09-02T18:58:38.056+00:00][B] [INFO] [RF TX] type=3 source=0x02 destination=0x01 previousHop=0x02 sequence=271 ackSequence=244 ttl=8 hops=0 payloadSize=2 rssi=0 snr=0.00
[2026-09-02T18:58:38.122+00:00][B] [INFO] [RF RX] type=1 source=0x01 destination=0x02 previousHop=0x01 sequence=245 ackSequence=0 ttl=8 hops=0 payloadSize=4 rssi=-61 snr=10.00
[2026-09-02T18:58:38.180+00:00][B] [INFO] [RF TX] type=3 source=0x02 destination=0x01 previousHop=0x02 sequence=272 ackSequence=245 ttl=8 hops=0 payloadSize=2 rssi=0 snr=0.00
[2026-09-02T18:58:38.246+00:00][B] [INFO] [RF RX] type=1 source=0x01 destination=0x02 previousHop=0x01 sequence=246 ackSequence=0 ttl=8 hops=0 payloadSize=4 rssi=-61 snr=9.75
[2026-09-02T18:58:38.304+00:00][B] [INFO] [RF TX] type=3 source=0x02 destination=0x01 previousHop=0x02 sequence=273 ackSequence=246 ttl=8 hops=0 payloadSize=2 rssi=0 snr=0.00
[2026-09-02T18:58:38.326+00:00][B] [WARN] Retry 1
[2026-09-02T18:58:38.393+00:00][B] [INFO] --------------------------------
[2026-09-02T18:58:38.393+00:00][B] [INFO] [HEARTBEAT TX]
[2026-09-02T18:58:38.398+00:00][B] [INFO] Node ID: 2
[2026-09-02T18:58:38.399+00:00][B] [INFO] type: 2
[2026-09-02T18:58:38.399+00:00][B] [INFO] Destination: 0xFF
[2026-09-02T18:58:38.404+00:00][B] [INFO] Sequence: 266
[2026-09-02T18:58:38.404+00:00][B] [INFO] Packet ID: 69
[2026-09-02T18:58:38.409+00:00][B] [INFO] Packet Size: 26
[2026-09-02T18:58:38.409+00:00][B] [INFO] Timestamp: 69 ms
[2026-09-02T18:58:38.410+00:00][B] [INFO] Transmission Result: success
[2026-09-02T18:58:38.415+00:00][B] [INFO] --------------------------------
[2026-09-02T18:58:38.416+00:00][B] [INFO] [Heartbeat #69]
[2026-09-02T18:58:38.420+00:00][B] [INFO] Sent
[2026-09-02T18:58:38.421+00:00][B] [INFO] Waiting ACK...
[2026-09-02T18:58:38.421+00:00][B] [INFO] [WAITING ACK]
[2026-09-02T18:58:38.435+00:00][B] [INFO] [RF TX] type=2 source=0x02 destination=0xFF previousHop=0x02 sequence=266 ackSequence=0 ttl=8 hops=0 payloadSize=13 rssi=0 snr=0.00
[2026-09-02T18:58:38.435+00:00][B] [INFO] Heartbeat packet sent
[2026-09-02T18:58:39.309+00:00][B] [INFO] --------------------------------
[2026-09-02T18:58:39.309+00:00][B] [INFO] [HEARTBEAT TX]
[2026-09-02T18:58:39.314+00:00][B] [INFO] Node ID: 2
[2026-09-02T18:58:39.315+00:00][B] [INFO] type: 2
[2026-09-02T18:58:39.315+00:00][B] [INFO] Destination: 0xFF
[2026-09-02T18:58:39.320+00:00][B] [INFO] Sequence: 274
[2026-09-02T18:58:39.320+00:00][B] [INFO] Packet ID: 70
[2026-09-02T18:58:39.325+00:00][B] [INFO] Packet Size: 26
[2026-09-02T18:58:39.326+00:00][B] [INFO] Timestamp: 70 ms
[2026-09-02T18:58:39.326+00:00][B] [INFO] Transmission Result: success
[2026-09-02T18:58:39.331+00:00][B] [INFO] --------------------------------
[2026-09-02T18:58:39.332+00:00][B] [INFO] [Heartbeat #70]
[2026-09-02T18:58:39.337+00:00][B] [INFO] Sent
[2026-09-02T18:58:39.337+00:00][B] [INFO] Waiting ACK...
[2026-09-02T18:58:39.337+00:00][B] [INFO] [WAITING ACK]
[2026-09-02T18:58:39.351+00:00][B] [INFO] [RF TX] type=2 source=0x02 destination=0xFF previousHop=0x02 sequence=274 ackSequence=0 ttl=8 hops=0 payloadSize=13 rssi=0 snr=0.00
[2026-09-02T18:58:39.351+00:00][B] [INFO] Heartbeat packet sent
[2026-09-02T18:58:40.326+00:00][B] [WARN] Retry 1
[2026-09-02T18:58:40.393+00:00][B] [INFO] --------------------------------
[2026-09-02T18:58:40.393+00:00][B] [INFO] [HEARTBEAT TX]
[2026-09-02T18:58:40.399+00:00][B] [INFO] Node ID: 2
[2026-09-02T18:58:40.400+00:00][B] [INFO] type: 2
[2026-09-02T18:58:40.400+00:00][B] [INFO] Destination: 0xFF
[2026-09-02T18:58:40.404+00:00][B] [INFO] Sequence: 274
[2026-09-02T18:58:40.404+00:00][B] [INFO] Packet ID: 70
[2026-09-02T18:58:40.409+00:00][B] [INFO] Packet Size: 26
[2026-09-02T18:58:40.410+00:00][B] [INFO] Timestamp: 70 ms
[2026-09-02T18:58:40.410+00:00][B] [INFO] Transmission Result: success
[2026-09-02T18:58:40.415+00:00][B] [INFO] --------------------------------
[2026-09-02T18:58:40.416+00:00][B] [INFO] [Heartbeat #70]
[2026-09-02T18:58:40.420+00:00][B] [INFO] Sent
[2026-09-02T18:58:40.421+00:00][B] [INFO] Waiting ACK...
[2026-09-02T18:58:40.421+00:00][B] [INFO] [WAITING ACK]
[2026-09-02T18:58:40.435+00:00][B] [INFO] [RF TX] type=2 source=0x02 destination=0xFF previousHop=0x02 sequence=274 ackSequence=0 ttl=8 hops=0 payloadSize=13 rssi=0 snr=0.00
[2026-09-02T18:58:40.435+00:00][B] [INFO] Heartbeat packet sent
[2026-09-02T18:58:41.309+00:00][B] [INFO] --------------------------------
[2026-09-02T18:58:41.310+00:00][B] [INFO] [HEARTBEAT TX]
[2026-09-02T18:58:41.315+00:00][B] [INFO] Node ID: 2
[2026-09-02T18:58:41.315+00:00][B] [INFO] type: 2
[2026-09-02T18:58:41.315+00:00][B] [INFO] Destination: 0xFF
[2026-09-02T18:58:41.320+00:00][B] [INFO] Sequence: 275
[2026-09-02T18:58:41.321+00:00][B] [INFO] Packet ID: 71
[2026-09-02T18:58:41.326+00:00][B] [INFO] Packet Size: 26
[2026-09-02T18:58:41.326+00:00][B] [INFO] Timestamp: 71 ms
[2026-09-02T18:58:41.326+00:00][B] [INFO] Transmission Result: success
[2026-09-02T18:58:41.332+00:00][B] [INFO] --------------------------------
[2026-09-02T18:58:41.333+00:00][B] [INFO] [Heartbeat #71]
[2026-09-02T18:58:41.337+00:00][B] [INFO] Sent
[2026-09-02T18:58:41.337+00:00][B] [INFO] Waiting ACK...
[2026-09-02T18:58:41.337+00:00][B] [INFO] [WAITING ACK]
[2026-09-02T18:58:41.351+00:00][B] [INFO] [RF TX] type=2 source=0x02 destination=0xFF previousHop=0x02 sequence=275 ackSequence=0 ttl=8 hops=0 payloadSize=13 rssi=0 snr=0.00
[2026-09-02T18:58:41.352+00:00][B] [INFO] Heartbeat packet sent
[2026-09-02T18:58:41.550+00:00][B] [INFO] [RF TX] type=3 source=0x02 destination=0x01 previousHop=0x02 sequence=276 ackSequence=246 ttl=8 hops=0 payloadSize=2 rssi=0 snr=0.00
[2026-09-02T18:58:42.326+00:00][B] [WARN] Retry 1
[2026-09-02T18:58:42.393+00:00][B] [INFO] --------------------------------
[2026-09-02T18:58:42.394+00:00][B] [INFO] [HEARTBEAT TX]
[2026-09-02T18:58:42.399+00:00][B] [INFO] Node ID: 2
[2026-09-02T18:58:42.399+00:00][B] [INFO] type: 2
[2026-09-02T18:58:42.400+00:00][B] [INFO] Destination: 0xFF
[2026-09-02T18:58:42.404+00:00][B] [INFO] Sequence: 275
[2026-09-02T18:58:42.405+00:00][B] [INFO] Packet ID: 71
[2026-09-02T18:58:42.410+00:00][B] [INFO] Packet Size: 26
[2026-09-02T18:58:42.410+00:00][B] [INFO] Timestamp: 71 ms
[2026-09-02T18:58:42.410+00:00][B] [INFO] Transmission Result: success
[2026-09-02T18:58:42.416+00:00][B] [INFO] --------------------------------
[2026-09-02T18:58:42.416+00:00][B] [INFO] [Heartbeat #71]
[2026-09-02T18:58:42.421+00:00][B] [INFO] Sent
[2026-09-02T18:58:42.421+00:00][B] [INFO] Waiting ACK...
[2026-09-02T18:58:42.422+00:00][B] [INFO] [WAITING ACK]
[2026-09-02T18:58:42.435+00:00][B] [INFO] [RF TX] type=2 source=0x02 destination=0xFF previousHop=0x02 sequence=275 ackSequence=0 ttl=8 hops=0 payloadSize=13 rssi=0 snr=0.00
[2026-09-02T18:58:42.436+00:00][B] [INFO] Heartbeat packet sent
[2026-09-02T18:58:42.565+00:00][B] [INFO] [RF RX] type=1 source=0x01 destination=0x02 previousHop=0x01 sequence=249 ackSequence=0 ttl=8 hops=0 payloadSize=4 rssi=-61 snr=10.25
[2026-09-02T18:58:42.623+00:00][B] [INFO] [RF TX] type=3 source=0x02 destination=0x01 previousHop=0x02 sequence=277 ackSequence=249 ttl=8 hops=0 payloadSize=2 rssi=0 snr=0.00
[2026-09-02T18:58:42.689+00:00][B] [INFO] [RF RX] type=1 source=0x01 destination=0x02 previousHop=0x01 sequence=250 ackSequence=0 ttl=8 hops=0 payloadSize=4 rssi=-62 snr=9.75
[2026-09-02T18:58:42.747+00:00][B] [INFO] [RF TX] type=3 source=0x02 destination=0x01 previousHop=0x02 sequence=278 ackSequence=250 ttl=8 hops=0 payloadSize=2 rssi=0 snr=0.00
[2026-09-02T18:58:42.813+00:00][B] [INFO] [RF RX] type=1 source=0x01 destination=0x02 previousHop=0x01 sequence=251 ackSequence=0 ttl=8 hops=0 payloadSize=4 rssi=-62 snr=10.00
[2026-09-02T18:58:42.871+00:00][B] [INFO] [RF TX] type=3 source=0x02 destination=0x01 previousHop=0x02 sequence=279 ackSequence=251 ttl=8 hops=0 payloadSize=2 rssi=0 snr=0.00
[2026-09-02T18:58:42.937+00:00][B] [INFO] [RF RX] type=1 source=0x01 destination=0x02 previousHop=0x01 sequence=252 ackSequence=0 ttl=8 hops=0 payloadSize=4 rssi=-61 snr=10.00
[2026-09-02T18:58:42.994+00:00][B] [INFO] [RF TX] type=3 source=0x02 destination=0x01 previousHop=0x02 sequence=280 ackSequence=252 ttl=8 hops=0 payloadSize=2 rssi=0 snr=0.00
[2026-09-02T18:58:43.060+00:00][B] [INFO] [RF RX] type=1 source=0x01 destination=0x02 previousHop=0x01 sequence=253 ackSequence=0 ttl=8 hops=0 payloadSize=4 rssi=-62 snr=9.50
[2026-09-02T18:58:43.118+00:00][B] [INFO] [RF TX] type=3 source=0x02 destination=0x01 previousHop=0x02 sequence=281 ackSequence=253 ttl=8 hops=0 payloadSize=2 rssi=0 snr=0.00
[2026-09-02T18:58:43.184+00:00][B] [INFO] [RF RX] type=1 source=0x01 destination=0x02 previousHop=0x01 sequence=254 ackSequence=0 ttl=8 hops=0 payloadSize=4 rssi=-62 snr=9.25
[2026-09-02T18:58:43.242+00:00][B] [INFO] [RF TX] type=3 source=0x02 destination=0x01 previousHop=0x02 sequence=282 ackSequence=254 ttl=8 hops=0 payloadSize=2 rssi=0 snr=0.00
[2026-09-02T18:58:43.310+00:00][B] [INFO] --------------------------------
[2026-09-02T18:58:43.310+00:00][B] [INFO] [HEARTBEAT TX]
[2026-09-02T18:58:43.315+00:00][B] [INFO] Node ID: 2
[2026-09-02T18:58:43.315+00:00][B] [INFO] type: 2
[2026-09-02T18:58:43.316+00:00][B] [INFO] Destination: 0xFF
[2026-09-02T18:58:43.320+00:00][B] [INFO] Sequence: 283
[2026-09-02T18:58:43.321+00:00][B] [INFO] Packet ID: 72
[2026-09-02T18:58:43.326+00:00][B] [INFO] Packet Size: 26
[2026-09-02T18:58:43.326+00:00][B] [INFO] Timestamp: 72 ms
[2026-09-02T18:58:43.326+00:00][B] [INFO] Transmission Result: success
[2026-09-02T18:58:43.332+00:00][B] [INFO] --------------------------------
[2026-09-02T18:58:43.332+00:00][B] [INFO] [Heartbeat #72]
[2026-09-02T18:58:43.337+00:00][B] [INFO] Sent
[2026-09-02T18:58:43.337+00:00][B] [INFO] Waiting ACK...
[2026-09-02T18:58:43.338+00:00][B] [INFO] [WAITING ACK]
[2026-09-02T18:58:43.351+00:00][B] [INFO] [RF TX] type=2 source=0x02 destination=0xFF previousHop=0x02 sequence=283 ackSequence=0 ttl=8 hops=0 payloadSize=13 rssi=0 snr=0.00
[2026-09-02T18:58:43.352+00:00][B] [INFO] Heartbeat packet sent
[2026-09-02T18:58:44.294+00:00][B] [INFO] [RF TX] type=3 source=0x02 destination=0x01 previousHop=0x02 sequence=284 ackSequence=254 ttl=8 hops=0 payloadSize=2 rssi=0 snr=0.00
[2026-09-02T18:58:44.327+00:00][B] [WARN] Retry 1
[2026-09-02T18:58:44.393+00:00][B] [INFO] --------------------------------
[2026-09-02T18:58:44.394+00:00][B] [INFO] [HEARTBEAT TX]
[2026-09-02T18:58:44.399+00:00][B] [INFO] Node ID: 2
[2026-09-02T18:58:44.399+00:00][B] [INFO] type: 2
[2026-09-02T18:58:44.400+00:00][B] [INFO] Destination: 0xFF
[2026-09-02T18:58:44.404+00:00][B] [INFO] Sequence: 283
[2026-09-02T18:58:44.405+00:00][B] [INFO] Packet ID: 72
[2026-09-02T18:58:44.410+00:00][B] [INFO] Packet Size: 26
[2026-09-02T18:58:44.410+00:00][B] [INFO] Timestamp: 72 ms
[2026-09-02T18:58:44.410+00:00][B] [INFO] Transmission Result: success
[2026-09-02T18:58:44.416+00:00][B] [INFO] --------------------------------
[2026-09-02T18:58:44.416+00:00][B] [INFO] [Heartbeat #72]
[2026-09-02T18:58:44.421+00:00][B] [INFO] Sent
[2026-09-02T18:58:44.421+00:00][B] [INFO] Waiting ACK...
[2026-09-02T18:58:44.422+00:00][B] [INFO] [WAITING ACK]
[2026-09-02T18:58:44.435+00:00][B] [INFO] [RF TX] type=2 source=0x02 destination=0xFF previousHop=0x02 sequence=283 ackSequence=0 ttl=8 hops=0 payloadSize=13 rssi=0 snr=0.00
[2026-09-02T18:58:44.436+00:00][B] [INFO] Heartbeat packet sent
[2026-09-02T18:58:45.310+00:00][B] [INFO] --------------------------------
[2026-09-02T18:58:45.310+00:00][B] [INFO] [HEARTBEAT TX]
[2026-09-02T18:58:45.315+00:00][B] [INFO] Node ID: 2
[2026-09-02T18:58:45.315+00:00][B] [INFO] type: 2
[2026-09-02T18:58:45.316+00:00][B] [INFO] Destination: 0xFF
[2026-09-02T18:58:45.321+00:00][B] [INFO] Sequence: 285
[2026-09-02T18:58:45.321+00:00][B] [INFO] Packet ID: 73
[2026-09-02T18:58:45.326+00:00][B] [INFO] Packet Size: 26
[2026-09-02T18:58:45.326+00:00][B] [INFO] Timestamp: 73 ms
[2026-09-02T18:58:45.327+00:00][B] [INFO] Transmission Result: success
[2026-09-02T18:58:45.332+00:00][B] [INFO] --------------------------------
[2026-09-02T18:58:45.332+00:00][B] [INFO] [Heartbeat #73]
[2026-09-02T18:58:45.337+00:00][B] [INFO] Sent
[2026-09-02T18:58:45.338+00:00][B] [INFO] Waiting ACK...
[2026-09-02T18:58:45.338+00:00][B] [INFO] [WAITING ACK]
[2026-09-02T18:58:45.351+00:00][B] [INFO] [RF TX] type=2 source=0x02 destination=0xFF previousHop=0x02 sequence=285 ackSequence=0 ttl=8 hops=0 payloadSize=13 rssi=0 snr=0.00
[2026-09-02T18:58:45.352+00:00][B] [INFO] Heartbeat packet sent
[2026-09-02T18:58:46.327+00:00][B] [WARN] Retry 1
[2026-09-02T18:58:46.394+00:00][B] [INFO] --------------------------------
[2026-09-02T18:58:46.394+00:00][B] [INFO] [HEARTBEAT TX]
[2026-09-02T18:58:46.399+00:00][B] [INFO] Node ID: 2
[2026-09-02T18:58:46.400+00:00][B] [INFO] type: 2
[2026-09-02T18:58:46.400+00:00][B] [INFO] Destination: 0xFF
[2026-09-02T18:58:46.405+00:00][B] [INFO] Sequence: 285
[2026-09-02T18:58:46.405+00:00][B] [INFO] Packet ID: 73
[2026-09-02T18:58:46.410+00:00][B] [INFO] Packet Size: 26
[2026-09-02T18:58:46.410+00:00][B] [INFO] Timestamp: 73 ms
[2026-09-02T18:58:46.411+00:00][B] [INFO] Transmission Result: success
[2026-09-02T18:58:46.416+00:00][B] [INFO] --------------------------------
[2026-09-02T18:58:46.417+00:00][B] [INFO] [Heartbeat #73]
[2026-09-02T18:58:46.421+00:00][B] [INFO] Sent
[2026-09-02T18:58:46.422+00:00][B] [INFO] Waiting ACK...
[2026-09-02T18:58:46.422+00:00][B] [INFO] [WAITING ACK]
[2026-09-02T18:58:46.435+00:00][B] [INFO] [RF TX] type=2 source=0x02 destination=0xFF previousHop=0x02 sequence=285 ackSequence=0 ttl=8 hops=0 payloadSize=13 rssi=0 snr=0.00
[2026-09-02T18:58:46.436+00:00][B] [INFO] Heartbeat packet sent
[2026-09-02T18:58:47.310+00:00][B] [INFO] --------------------------------
[2026-09-02T18:58:47.310+00:00][B] [INFO] [HEARTBEAT TX]
[2026-09-02T18:58:47.315+00:00][B] [INFO] Node ID: 2
[2026-09-02T18:58:47.315+00:00][B] [INFO] type: 2
[2026-09-02T18:58:47.316+00:00][B] [INFO] Destination: 0xFF
[2026-09-02T18:58:47.321+00:00][B] [INFO] Sequence: 286
[2026-09-02T18:58:47.321+00:00][B] [INFO] Packet ID: 74
[2026-09-02T18:58:47.326+00:00][B] [INFO] Packet Size: 26
[2026-09-02T18:58:47.326+00:00][B] [INFO] Timestamp: 74 ms
[2026-09-02T18:58:47.327+00:00][B] [INFO] Transmission Result: success
[2026-09-02T18:58:47.332+00:00][B] [INFO] --------------------------------
[2026-09-02T18:58:47.332+00:00][B] [INFO] [Heartbeat #74]
[2026-09-02T18:58:47.337+00:00][B] [INFO] Sent
[2026-09-02T18:58:47.338+00:00][B] [INFO] Waiting ACK...
[2026-09-02T18:58:47.338+00:00][B] [INFO] [WAITING ACK]
[2026-09-02T18:58:47.351+00:00][B] [INFO] [RF TX] type=2 source=0x02 destination=0xFF previousHop=0x02 sequence=286 ackSequence=0 ttl=8 hops=0 payloadSize=13 rssi=0 snr=0.00
[2026-09-02T18:58:47.352+00:00][B] [INFO] Heartbeat packet sent
[2026-09-02T18:58:47.504+00:00][B] [INFO] [RF RX] type=1 source=0x01 destination=0x02 previousHop=0x01 sequence=258 ackSequence=0 ttl=8 hops=0 payloadSize=4 rssi=-61 snr=9.50
[2026-09-02T18:58:47.561+00:00][B] [INFO] [RF TX] type=3 source=0x02 destination=0x01 previousHop=0x02 sequence=287 ackSequence=258 ttl=8 hops=0 payloadSize=2 rssi=0 snr=0.00
[2026-09-02T18:58:47.628+00:00][B] [INFO] [RF RX] type=1 source=0x01 destination=0x02 previousHop=0x01 sequence=259 ackSequence=0 ttl=8 hops=0 payloadSize=4 rssi=-62 snr=9.75
[2026-09-02T18:58:47.685+00:00][B] [INFO] [RF TX] type=3 source=0x02 destination=0x01 previousHop=0x02 sequence=288 ackSequence=259 ttl=8 hops=0 payloadSize=2 rssi=0 snr=0.00
[2026-09-02T18:58:47.751+00:00][B] [INFO] [RF RX] type=1 source=0x01 destination=0x02 previousHop=0x01 sequence=260 ackSequence=0 ttl=8 hops=0 payloadSize=4 rssi=-62 snr=9.75
[2026-09-02T18:58:47.809+00:00][B] [INFO] [RF TX] type=3 source=0x02 destination=0x01 previousHop=0x02 sequence=289 ackSequence=260 ttl=8 hops=0 payloadSize=2 rssi=0 snr=0.00
[2026-09-02T18:58:47.875+00:00][B] [INFO] [RF RX] type=1 source=0x01 destination=0x02 previousHop=0x01 sequence=261 ackSequence=0 ttl=8 hops=0 payloadSize=4 rssi=-63 snr=9.75
[2026-09-02T18:58:47.933+00:00][B] [INFO] [RF TX] type=3 source=0x02 destination=0x01 previousHop=0x02 sequence=290 ackSequence=261 ttl=8 hops=0 payloadSize=2 rssi=0 snr=0.00
[2026-09-02T18:58:47.999+00:00][B] [INFO] [RF RX] type=1 source=0x01 destination=0x02 previousHop=0x01 sequence=262 ackSequence=0 ttl=8 hops=0 payloadSize=4 rssi=-62 snr=9.50
[2026-09-02T18:58:48.057+00:00][B] [INFO] [RF TX] type=3 source=0x02 destination=0x01 previousHop=0x02 sequence=291 ackSequence=262 ttl=8 hops=0 payloadSize=2 rssi=0 snr=0.00
[2026-09-02T18:58:48.123+00:00][B] [INFO] [RF RX] type=1 source=0x01 destination=0x02 previousHop=0x01 sequence=263 ackSequence=0 ttl=8 hops=0 payloadSize=4 rssi=-62 snr=9.75
[2026-09-02T18:58:48.181+00:00][B] [INFO] [RF TX] type=3 source=0x02 destination=0x01 previousHop=0x02 sequence=292 ackSequence=263 ttl=8 hops=0 payloadSize=2 rssi=0 snr=0.00
[2026-09-02T18:58:48.247+00:00][B] [INFO] [RF RX] type=1 source=0x01 destination=0x02 previousHop=0x01 sequence=264 ackSequence=0 ttl=8 hops=0 payloadSize=4 rssi=-63 snr=9.75
[2026-09-02T18:58:48.304+00:00][B] [INFO] [RF TX] type=3 source=0x02 destination=0x01 previousHop=0x02 sequence=293 ackSequence=264 ttl=8 hops=0 payloadSize=2 rssi=0 snr=0.00
[2026-09-02T18:58:48.327+00:00][B] [WARN] Retry 1
[2026-09-02T18:58:48.394+00:00][B] [INFO] --------------------------------
[2026-09-02T18:58:48.394+00:00][B] [INFO] [HEARTBEAT TX]
[2026-09-02T18:58:48.399+00:00][B] [INFO] Node ID: 2
[2026-09-02T18:58:48.400+00:00][B] [INFO] type: 2
[2026-09-02T18:58:48.400+00:00][B] [INFO] Destination: 0xFF
[2026-09-02T18:58:48.405+00:00][B] [INFO] Sequence: 286
[2026-09-02T18:58:48.405+00:00][B] [INFO] Packet ID: 74
[2026-09-02T18:58:48.410+00:00][B] [INFO] Packet Size: 26
[2026-09-02T18:58:48.410+00:00][B] [INFO] Timestamp: 74 ms
[2026-09-02T18:58:48.411+00:00][B] [INFO] Transmission Result: success
[2026-09-02T18:58:48.416+00:00][B] [INFO] --------------------------------
[2026-09-02T18:58:48.417+00:00][B] [INFO] [Heartbeat #74]
[2026-09-02T18:58:48.421+00:00][B] [INFO] Sent
[2026-09-02T18:58:48.422+00:00][B] [INFO] Waiting ACK...
[2026-09-02T18:58:48.422+00:00][B] [INFO] [WAITING ACK]
[2026-09-02T18:58:48.436+00:00][B] [INFO] [RF TX] type=2 source=0x02 destination=0xFF previousHop=0x02 sequence=286 ackSequence=0 ttl=8 hops=0 payloadSize=13 rssi=0 snr=0.00
[2026-09-02T18:58:48.436+00:00][B] [INFO] Heartbeat packet sent
[2026-09-02T18:58:49.310+00:00][B] [INFO] --------------------------------
[2026-09-02T18:58:49.310+00:00][B] [INFO] [HEARTBEAT TX]
[2026-09-02T18:58:49.315+00:00][B] [INFO] Node ID: 2
[2026-09-02T18:58:49.316+00:00][B] [INFO] type: 2
[2026-09-02T18:58:49.316+00:00][B] [INFO] Destination: 0xFF
[2026-09-02T18:58:49.321+00:00][B] [INFO] Sequence: 294
[2026-09-02T18:58:49.321+00:00][B] [INFO] Packet ID: 75
[2026-09-02T18:58:49.326+00:00][B] [INFO] Packet Size: 26
[2026-09-02T18:58:49.327+00:00][B] [INFO] Timestamp: 75 ms
[2026-09-02T18:58:49.327+00:00][B] [INFO] Transmission Result: success
[2026-09-02T18:58:49.332+00:00][B] [INFO] --------------------------------
[2026-09-02T18:58:49.333+00:00][B] [INFO] [Heartbeat #75]
[2026-09-02T18:58:49.337+00:00][B] [INFO] Sent
[2026-09-02T18:58:49.338+00:00][B] [INFO] Waiting ACK...
[2026-09-02T18:58:49.338+00:00][B] [INFO] [WAITING ACK]
[2026-09-02T18:58:49.352+00:00][B] [INFO] [RF TX] type=2 source=0x02 destination=0xFF previousHop=0x02 sequence=294 ackSequence=0 ttl=8 hops=0 payloadSize=13 rssi=0 snr=0.00
[2026-09-02T18:58:49.352+00:00][B] [INFO] Heartbeat packet sent
[2026-09-02T18:58:50.327+00:00][B] [WARN] Retry 1
[2026-09-02T18:58:50.394+00:00][B] [INFO] --------------------------------
[2026-09-02T18:58:50.394+00:00][B] [INFO] [HEARTBEAT TX]
[2026-09-02T18:58:50.400+00:00][B] [INFO] Node ID: 2
[2026-09-02T18:58:50.400+00:00][B] [INFO] type: 2
[2026-09-02T18:58:50.401+00:00][B] [INFO] Destination: 0xFF
[2026-09-02T18:58:50.405+00:00][B] [INFO] Sequence: 294
[2026-09-02T18:58:50.405+00:00][B] [INFO] Packet ID: 75
[2026-09-02T18:58:50.410+00:00][B] [INFO] Packet Size: 26
[2026-09-02T18:58:50.411+00:00][B] [INFO] Timestamp: 75 ms
[2026-09-02T18:58:50.411+00:00][B] [INFO] Transmission Result: success
[2026-09-02T18:58:50.416+00:00][B] [INFO] --------------------------------
[2026-09-02T18:58:50.417+00:00][B] [INFO] [Heartbeat #75]
[2026-09-02T18:58:50.422+00:00][B] [INFO] Sent
[2026-09-02T18:58:50.422+00:00][B] [INFO] Waiting ACK...
[2026-09-02T18:58:50.422+00:00][B] [INFO] [WAITING ACK]
[2026-09-02T18:58:50.436+00:00][B] [INFO] [RF TX] type=2 source=0x02 destination=0xFF previousHop=0x02 sequence=294 ackSequence=0 ttl=8 hops=0 payloadSize=13 rssi=0 snr=0.00
[2026-09-02T18:58:50.436+00:00][B] [INFO] Heartbeat packet sent
[2026-09-02T18:58:51.310+00:00][B] [INFO] --------------------------------
[2026-09-02T18:58:51.311+00:00][B] [INFO] [HEARTBEAT TX]
[2026-09-02T18:58:51.315+00:00][B] [INFO] Node ID: 2
[2026-09-02T18:58:51.316+00:00][B] [INFO] type: 2
[2026-09-02T18:58:51.316+00:00][B] [INFO] Destination: 0xFF
[2026-09-02T18:58:51.321+00:00][B] [INFO] Sequence: 295
[2026-09-02T18:58:51.321+00:00][B] [INFO] Packet ID: 76
[2026-09-02T18:58:51.326+00:00][B] [INFO] Packet Size: 26
[2026-09-02T18:58:51.327+00:00][B] [INFO] Timestamp: 76 ms
[2026-09-02T18:58:51.327+00:00][B] [INFO] Transmission Result: success
[2026-09-02T18:58:51.332+00:00][B] [INFO] --------------------------------
[2026-09-02T18:58:51.333+00:00][B] [INFO] [Heartbeat #76]
[2026-09-02T18:58:51.338+00:00][B] [INFO] Sent
[2026-09-02T18:58:51.338+00:00][B] [INFO] Waiting ACK...
[2026-09-02T18:58:51.338+00:00][B] [INFO] [WAITING ACK]
[2026-09-02T18:58:51.352+00:00][B] [INFO] [RF TX] type=2 source=0x02 destination=0xFF previousHop=0x02 sequence=295 ackSequence=0 ttl=8 hops=0 payloadSize=13 rssi=0 snr=0.00
[2026-09-02T18:58:51.352+00:00][B] [INFO] Heartbeat packet sent
[2026-09-02T18:58:51.551+00:00][B] [INFO] [RF TX] type=3 source=0x02 destination=0x01 previousHop=0x02 sequence=296 ackSequence=264 ttl=8 hops=0 payloadSize=2 rssi=0 snr=0.00
[2026-09-02T18:58:52.327+00:00][B] [WARN] Retry 1
[2026-09-02T18:58:52.394+00:00][B] [INFO] --------------------------------
[2026-09-02T18:58:52.394+00:00][B] [INFO] [HEARTBEAT TX]
[2026-09-02T18:58:52.399+00:00][B] [INFO] Node ID: 2
[2026-09-02T18:58:52.400+00:00][B] [INFO] type: 2
[2026-09-02T18:58:52.400+00:00][B] [INFO] Destination: 0xFF
[2026-09-02T18:58:52.405+00:00][B] [INFO] Sequence: 295
[2026-09-02T18:58:52.405+00:00][B] [INFO] Packet ID: 76
[2026-09-02T18:58:52.410+00:00][B] [INFO] Packet Size: 26
[2026-09-02T18:58:52.411+00:00][B] [INFO] Timestamp: 76 ms
[2026-09-02T18:58:52.411+00:00][B] [INFO] Transmission Result: success
[2026-09-02T18:58:52.416+00:00][B] [INFO] --------------------------------
[2026-09-02T18:58:52.417+00:00][B] [INFO] [Heartbeat #76]
[2026-09-02T18:58:52.422+00:00][B] [INFO] Sent
[2026-09-02T18:58:52.422+00:00][B] [INFO] Waiting ACK...
[2026-09-02T18:58:52.422+00:00][B] [INFO] [WAITING ACK]
[2026-09-02T18:58:52.436+00:00][B] [INFO] [RF TX] type=2 source=0x02 destination=0xFF previousHop=0x02 sequence=295 ackSequence=0 ttl=8 hops=0 payloadSize=13 rssi=0 snr=0.00
[2026-09-02T18:58:52.436+00:00][B] [INFO] Heartbeat packet sent
[2026-09-02T18:58:52.566+00:00][B] [INFO] [RF RX] type=1 source=0x01 destination=0x02 previousHop=0x01 sequence=267 ackSequence=0 ttl=8 hops=0 payloadSize=4 rssi=-61 snr=9.75
[2026-09-02T18:58:52.624+00:00][B] [INFO] [RF TX] type=3 source=0x02 destination=0x01 previousHop=0x02 sequence=297 ackSequence=267 ttl=8 hops=0 payloadSize=2 rssi=0 snr=0.00
[2026-09-02T18:58:52.690+00:00][B] [INFO] [RF RX] type=1 source=0x01 destination=0x02 previousHop=0x01 sequence=268 ackSequence=0 ttl=8 hops=0 payloadSize=4 rssi=-61 snr=10.00
[2026-09-02T18:58:52.748+00:00][B] [INFO] [RF TX] type=3 source=0x02 destination=0x01 previousHop=0x02 sequence=298 ackSequence=268 ttl=8 hops=0 payloadSize=2 rssi=0 snr=0.00
[2026-09-02T18:58:52.814+00:00][B] [INFO] [RF RX] type=1 source=0x01 destination=0x02 previousHop=0x01 sequence=269 ackSequence=0 ttl=8 hops=0 payloadSize=4 rssi=-61 snr=10.25
[2026-09-02T18:58:52.872+00:00][B] [INFO] [RF TX] type=3 source=0x02 destination=0x01 previousHop=0x02 sequence=299 ackSequence=269 ttl=8 hops=0 payloadSize=2 rssi=0 snr=0.00
[2026-09-02T18:58:52.938+00:00][B] [INFO] [RF RX] type=1 source=0x01 destination=0x02 previousHop=0x01 sequence=270 ackSequence=0 ttl=8 hops=0 payloadSize=4 rssi=-61 snr=10.00
[2026-09-02T18:58:52.995+00:00][B] [INFO] [RF TX] type=3 source=0x02 destination=0x01 previousHop=0x02 sequence=300 ackSequence=270 ttl=8 hops=0 payloadSize=2 rssi=0 snr=0.00
[2026-09-02T18:58:53.061+00:00][B] [INFO] [RF RX] type=1 source=0x01 destination=0x02 previousHop=0x01 sequence=271 ackSequence=0 ttl=8 hops=0 payloadSize=4 rssi=-62 snr=10.00
[2026-09-02T18:58:53.119+00:00][B] [INFO] [RF TX] type=3 source=0x02 destination=0x01 previousHop=0x02 sequence=301 ackSequence=271 ttl=8 hops=0 payloadSize=2 rssi=0 snr=0.00
[2026-09-02T18:58:53.185+00:00][B] [INFO] [RF RX] type=1 source=0x01 destination=0x02 previousHop=0x01 sequence=272 ackSequence=0 ttl=8 hops=0 payloadSize=4 rssi=-62 snr=9.50
[2026-09-02T18:58:53.243+00:00][B] [INFO] [RF TX] type=3 source=0x02 destination=0x01 previousHop=0x02 sequence=302 ackSequence=272 ttl=8 hops=0 payloadSize=2 rssi=0 snr=0.00
[2026-09-02T18:58:53.310+00:00][B] [INFO] --------------------------------
[2026-09-02T18:58:53.310+00:00][B] [INFO] [HEARTBEAT TX]
[2026-09-02T18:58:53.315+00:00][B] [INFO] Node ID: 2
[2026-09-02T18:58:53.316+00:00][B] [INFO] type: 2
[2026-09-02T18:58:53.316+00:00][B] [INFO] Destination: 0xFF
[2026-09-02T18:58:53.321+00:00][B] [INFO] Sequence: 303
[2026-09-02T18:58:53.321+00:00][B] [INFO] Packet ID: 77
[2026-09-02T18:58:53.326+00:00][B] [INFO] Packet Size: 26
[2026-09-02T18:58:53.327+00:00][B] [INFO] Timestamp: 77 ms
[2026-09-02T18:58:53.327+00:00][B] [INFO] Transmission Result: success
[2026-09-02T18:58:53.332+00:00][B] [INFO] --------------------------------
[2026-09-02T18:58:53.332+00:00][B] [INFO] [Heartbeat #77]
[2026-09-02T18:58:53.338+00:00][B] [INFO] Sent
[2026-09-02T18:58:53.338+00:00][B] [INFO] Waiting ACK...
[2026-09-02T18:58:53.338+00:00][B] [INFO] [WAITING ACK]
[2026-09-02T18:58:53.352+00:00][B] [INFO] [RF TX] type=2 source=0x02 destination=0xFF previousHop=0x02 sequence=303 ackSequence=0 ttl=8 hops=0 payloadSize=13 rssi=0 snr=0.00
[2026-09-02T18:58:53.352+00:00][B] [INFO] Heartbeat packet sent
[2026-09-02T18:58:54.295+00:00][B] [INFO] [RF TX] type=3 source=0x02 destination=0x01 previousHop=0x02 sequence=304 ackSequence=272 ttl=8 hops=0 payloadSize=2 rssi=0 snr=0.00
[2026-09-02T18:58:54.327+00:00][B] [WARN] Retry 1
[2026-09-02T18:58:54.394+00:00][B] [INFO] --------------------------------
[2026-09-02T18:58:54.394+00:00][B] [INFO] [HEARTBEAT TX]
[2026-09-02T18:58:54.400+00:00][B] [INFO] Node ID: 2
[2026-09-02T18:58:54.400+00:00][B] [INFO] type: 2
[2026-09-02T18:58:54.400+00:00][B] [INFO] Destination: 0xFF
[2026-09-02T18:58:54.405+00:00][B] [INFO] Sequence: 303
[2026-09-02T18:58:54.406+00:00][B] [INFO] Packet ID: 77
[2026-09-02T18:58:54.410+00:00][B] [INFO] Packet Size: 26
[2026-09-02T18:58:54.411+00:00][B] [INFO] Timestamp: 77 ms
[2026-09-02T18:58:54.411+00:00][B] [INFO] Transmission Result: success
[2026-09-02T18:58:54.416+00:00][B] [INFO] --------------------------------
[2026-09-02T18:58:54.417+00:00][B] [INFO] [Heartbeat #77]
[2026-09-02T18:58:54.422+00:00][B] [INFO] Sent
[2026-09-02T18:58:54.422+00:00][B] [INFO] Waiting ACK...
[2026-09-02T18:58:54.422+00:00][B] [INFO] [WAITING ACK]
[2026-09-02T18:58:54.436+00:00][B] [INFO] [RF TX] type=2 source=0x02 destination=0xFF previousHop=0x02 sequence=303 ackSequence=0 ttl=8 hops=0 payloadSize=13 rssi=0 snr=0.00
[2026-09-02T18:58:54.436+00:00][B] [INFO] Heartbeat packet sent
[2026-09-02T18:58:55.310+00:00][B] [INFO] --------------------------------
[2026-09-02T18:58:55.310+00:00][B] [INFO] [HEARTBEAT TX]
[2026-09-02T18:58:55.316+00:00][B] [INFO] Node ID: 2
[2026-09-02T18:58:55.316+00:00][B] [INFO] type: 2
[2026-09-02T18:58:55.316+00:00][B] [INFO] Destination: 0xFF
[2026-09-02T18:58:55.321+00:00][B] [INFO] Sequence: 305
[2026-09-02T18:58:55.321+00:00][B] [INFO] Packet ID: 78
[2026-09-02T18:58:55.326+00:00][B] [INFO] Packet Size: 26
[2026-09-02T18:58:55.327+00:00][B] [INFO] Timestamp: 78 ms
[2026-09-02T18:58:55.327+00:00][B] [INFO] Transmission Result: success
[2026-09-02T18:58:55.332+00:00][B] [INFO] --------------------------------
[2026-09-02T18:58:55.333+00:00][B] [INFO] [Heartbeat #78]
[2026-09-02T18:58:55.338+00:00][B] [INFO] Sent
[2026-09-02T18:58:55.338+00:00][B] [INFO] Waiting ACK...
[2026-09-02T18:58:55.338+00:00][B] [INFO] [WAITING ACK]
[2026-09-02T18:58:55.352+00:00][B] [INFO] [RF TX] type=2 source=0x02 destination=0xFF previousHop=0x02 sequence=305 ackSequence=0 ttl=8 hops=0 payloadSize=13 rssi=0 snr=0.00
[2026-09-02T18:58:55.352+00:00][B] [INFO] Heartbeat packet sent
[2026-09-02T18:58:56.327+00:00][B] [WARN] Retry 1
[2026-09-02T18:58:56.394+00:00][B] [INFO] --------------------------------
[2026-09-02T18:58:56.394+00:00][B] [INFO] [HEARTBEAT TX]
[2026-09-02T18:58:56.400+00:00][B] [INFO] Node ID: 2
[2026-09-02T18:58:56.400+00:00][B] [INFO] type: 2
[2026-09-02T18:58:56.400+00:00][B] [INFO] Destination: 0xFF
[2026-09-02T18:58:56.405+00:00][B] [INFO] Sequence: 305
[2026-09-02T18:58:56.406+00:00][B] [INFO] Packet ID: 78
[2026-09-02T18:58:56.411+00:00][B] [INFO] Packet Size: 26
[2026-09-02T18:58:56.411+00:00][B] [INFO] Timestamp: 78 ms
[2026-09-02T18:58:56.411+00:00][B] [INFO] Transmission Result: success
[2026-09-02T18:58:56.416+00:00][B] [INFO] --------------------------------
[2026-09-02T18:58:56.417+00:00][B] [INFO] [Heartbeat #78]
[2026-09-02T18:58:56.422+00:00][B] [INFO] Sent
[2026-09-02T18:58:56.422+00:00][B] [INFO] Waiting ACK...
[2026-09-02T18:58:56.422+00:00][B] [INFO] [WAITING ACK]
[2026-09-02T18:58:56.436+00:00][B] [INFO] [RF TX] type=2 source=0x02 destination=0xFF previousHop=0x02 sequence=305 ackSequence=0 ttl=8 hops=0 payloadSize=13 rssi=0 snr=0.00
[2026-09-02T18:58:56.436+00:00][B] [INFO] Heartbeat packet sent
[2026-09-02T18:58:57.310+00:00][B] [INFO] --------------------------------
[2026-09-02T18:58:57.310+00:00][B] [INFO] [HEARTBEAT TX]
[2026-09-02T18:58:57.316+00:00][B] [INFO] Node ID: 2
[2026-09-02T18:58:57.316+00:00][B] [INFO] type: 2
[2026-09-02T18:58:57.316+00:00][B] [INFO] Destination: 0xFF
[2026-09-02T18:58:57.321+00:00][B] [INFO] Sequence: 306
[2026-09-02T18:58:57.322+00:00][B] [INFO] Packet ID: 79
[2026-09-02T18:58:57.327+00:00][B] [INFO] Packet Size: 26
[2026-09-02T18:58:57.327+00:00][B] [INFO] Timestamp: 79 ms
[2026-09-02T18:58:57.327+00:00][B] [INFO] Transmission Result: success
[2026-09-02T18:58:57.333+00:00][B] [INFO] --------------------------------
[2026-09-02T18:58:57.333+00:00][B] [INFO] [Heartbeat #79]
[2026-09-02T18:58:57.338+00:00][B] [INFO] Sent
[2026-09-02T18:58:57.338+00:00][B] [INFO] Waiting ACK...
[2026-09-02T18:58:57.339+00:00][B] [INFO] [WAITING ACK]
[2026-09-02T18:58:57.352+00:00][B] [INFO] [RF TX] type=2 source=0x02 destination=0xFF previousHop=0x02 sequence=306 ackSequence=0 ttl=8 hops=0 payloadSize=13 rssi=0 snr=0.00
[2026-09-02T18:58:57.352+00:00][B] [INFO] Heartbeat packet sent
[2026-09-02T18:58:57.504+00:00][B] [INFO] [RF RX] type=1 source=0x01 destination=0x02 previousHop=0x01 sequence=276 ackSequence=0 ttl=8 hops=0 payloadSize=4 rssi=-62 snr=9.75
[2026-09-02T18:58:57.562+00:00][B] [INFO] [RF TX] type=3 source=0x02 destination=0x01 previousHop=0x02 sequence=307 ackSequence=276 ttl=8 hops=0 payloadSize=2 rssi=0 snr=0.00
[2026-09-02T18:58:57.628+00:00][B] [INFO] [RF RX] type=1 source=0x01 destination=0x02 previousHop=0x01 sequence=277 ackSequence=0 ttl=8 hops=0 payloadSize=4 rssi=-62 snr=9.50
[2026-09-02T18:58:57.686+00:00][B] [INFO] [RF TX] type=3 source=0x02 destination=0x01 previousHop=0x02 sequence=308 ackSequence=277 ttl=8 hops=0 payloadSize=2 rssi=0 snr=0.00
[2026-09-02T18:58:57.752+00:00][B] [INFO] [RF RX] type=1 source=0x01 destination=0x02 previousHop=0x01 sequence=278 ackSequence=0 ttl=8 hops=0 payloadSize=4 rssi=-60 snr=9.50
[2026-09-02T18:58:57.809+00:00][B] [INFO] [RF TX] type=3 source=0x02 destination=0x01 previousHop=0x02 sequence=309 ackSequence=278 ttl=8 hops=0 payloadSize=2 rssi=0 snr=0.00
[2026-09-02T18:58:57.876+00:00][B] [INFO] [RF RX] type=1 source=0x01 destination=0x02 previousHop=0x01 sequence=279 ackSequence=0 ttl=8 hops=0 payloadSize=4 rssi=-62 snr=9.75
[2026-09-02T18:58:57.934+00:00][B] [INFO] [RF TX] type=3 source=0x02 destination=0x01 previousHop=0x02 sequence=310 ackSequence=279 ttl=8 hops=0 payloadSize=2 rssi=0 snr=0.00
[2026-09-02T18:58:58.000+00:00][B] [INFO] [RF RX] type=1 source=0x01 destination=0x02 previousHop=0x01 sequence=280 ackSequence=0 ttl=8 hops=0 payloadSize=4 rssi=-62 snr=9.50
[2026-09-02T18:58:58.057+00:00][B] [INFO] [RF TX] type=3 source=0x02 destination=0x01 previousHop=0x02 sequence=311 ackSequence=280 ttl=8 hops=0 payloadSize=2 rssi=0 snr=0.00
[2026-09-02T18:58:58.124+00:00][B] [INFO] [RF RX] type=1 source=0x01 destination=0x02 previousHop=0x01 sequence=281 ackSequence=0 ttl=8 hops=0 payloadSize=4 rssi=-62 snr=9.50
[2026-09-02T18:58:58.181+00:00][B] [INFO] [RF TX] type=3 source=0x02 destination=0x01 previousHop=0x02 sequence=312 ackSequence=281 ttl=8 hops=0 payloadSize=2 rssi=0 snr=0.00
[2026-09-02T18:58:58.248+00:00][B] [INFO] [RF RX] type=1 source=0x01 destination=0x02 previousHop=0x01 sequence=282 ackSequence=0 ttl=8 hops=0 payloadSize=4 rssi=-62 snr=10.00
[2026-09-02T18:58:58.305+00:00][B] [INFO] [RF TX] type=3 source=0x02 destination=0x01 previousHop=0x02 sequence=313 ackSequence=282 ttl=8 hops=0 payloadSize=2 rssi=0 snr=0.00
[2026-09-02T18:58:58.327+00:00][B] [WARN] Retry 1
[2026-09-02T18:58:58.394+00:00][B] [INFO] --------------------------------
[2026-09-02T18:58:58.395+00:00][B] [INFO] [HEARTBEAT TX]
[2026-09-02T18:58:58.400+00:00][B] [INFO] Node ID: 2
[2026-09-02T18:58:58.400+00:00][B] [INFO] type: 2
[2026-09-02T18:58:58.401+00:00][B] [INFO] Destination: 0xFF
[2026-09-02T18:58:58.405+00:00][B] [INFO] Sequence: 306
[2026-09-02T18:58:58.406+00:00][B] [INFO] Packet ID: 79
[2026-09-02T18:58:58.410+00:00][B] [INFO] Packet Size: 26
[2026-09-02T18:58:58.411+00:00][B] [INFO] Timestamp: 79 ms
[2026-09-02T18:58:58.411+00:00][B] [INFO] Transmission Result: success
[2026-09-02T18:58:58.416+00:00][B] [INFO] --------------------------------
[2026-09-02T18:58:58.417+00:00][B] [INFO] [Heartbeat #79]
[2026-09-02T18:58:58.422+00:00][B] [INFO] Sent
[2026-09-02T18:58:58.422+00:00][B] [INFO] Waiting ACK...
[2026-09-02T18:58:58.423+00:00][B] [INFO] [WAITING ACK]
[2026-09-02T18:58:58.436+00:00][B] [INFO] [RF TX] type=2 source=0x02 destination=0xFF previousHop=0x02 sequence=306 ackSequence=0 ttl=8 hops=0 payloadSize=13 rssi=0 snr=0.00
[2026-09-02T18:58:58.437+00:00][B] [INFO] Heartbeat packet sent
[2026-09-02T18:58:59.310+00:00][B] [INFO] --------------------------------
[2026-09-02T18:58:59.311+00:00][B] [INFO] [HEARTBEAT TX]
[2026-09-02T18:58:59.316+00:00][B] [INFO] Node ID: 2
[2026-09-02T18:58:59.316+00:00][B] [INFO] type: 2
[2026-09-02T18:58:59.316+00:00][B] [INFO] Destination: 0xFF
[2026-09-02T18:58:59.321+00:00][B] [INFO] Sequence: 314
[2026-09-02T18:58:59.322+00:00][B] [INFO] Packet ID: 80
[2026-09-02T18:58:59.327+00:00][B] [INFO] Packet Size: 26
[2026-09-02T18:58:59.327+00:00][B] [INFO] Timestamp: 80 ms
[2026-09-02T18:58:59.327+00:00][B] [INFO] Transmission Result: success
[2026-09-02T18:58:59.333+00:00][B] [INFO] --------------------------------
[2026-09-02T18:58:59.333+00:00][B] [INFO] [Heartbeat #80]
[2026-09-02T18:58:59.338+00:00][B] [INFO] Sent
[2026-09-02T18:58:59.338+00:00][B] [INFO] Waiting ACK...
[2026-09-02T18:58:59.339+00:00][B] [INFO] [WAITING ACK]
[2026-09-02T18:58:59.352+00:00][B] [INFO] [RF TX] type=2 source=0x02 destination=0xFF previousHop=0x02 sequence=314 ackSequence=0 ttl=8 hops=0 payloadSize=13 rssi=0 snr=0.00
[2026-09-02T18:58:59.353+00:00][B] [INFO] Heartbeat packet sent
[2026-09-02T18:59:00.327+00:00][B] [WARN] Retry 1
[2026-09-02T18:59:00.394+00:00][B] [INFO] --------------------------------
[2026-09-02T18:59:00.395+00:00][B] [INFO] [HEARTBEAT TX]
[2026-09-02T18:59:00.400+00:00][B] [INFO] Node ID: 2
[2026-09-02T18:59:00.400+00:00][B] [INFO] type: 2
[2026-09-02T18:59:00.401+00:00][B] [INFO] Destination: 0xFF
[2026-09-02T18:59:00.405+00:00][B] [INFO] Sequence: 314
[2026-09-02T18:59:00.406+00:00][B] [INFO] Packet ID: 80
[2026-09-02T18:59:00.411+00:00][B] [INFO] Packet Size: 26
[2026-09-02T18:59:00.411+00:00][B] [INFO] Timestamp: 80 ms
[2026-09-02T18:59:00.411+00:00][B] [INFO] Transmission Result: success
[2026-09-02T18:59:00.417+00:00][B] [INFO] --------------------------------
[2026-09-02T18:59:00.417+00:00][B] [INFO] [Heartbeat #80]
[2026-09-02T18:59:00.422+00:00][B] [INFO] Sent
[2026-09-02T18:59:00.422+00:00][B] [INFO] Waiting ACK...
[2026-09-02T18:59:00.423+00:00][B] [INFO] [WAITING ACK]
[2026-09-02T18:59:00.436+00:00][B] [INFO] [RF TX] type=2 source=0x02 destination=0xFF previousHop=0x02 sequence=314 ackSequence=0 ttl=8 hops=0 payloadSize=13 rssi=0 snr=0.00
[2026-09-02T18:59:00.437+00:00][B] [INFO] Heartbeat packet sent
[2026-09-02T18:59:01.311+00:00][B] [INFO] --------------------------------
[2026-09-02T18:59:01.311+00:00][B] [INFO] [HEARTBEAT TX]
[2026-09-02T18:59:01.316+00:00][B] [INFO] Node ID: 2
[2026-09-02T18:59:01.316+00:00][B] [INFO] type: 2
[2026-09-02T18:59:01.316+00:00][B] [INFO] Destination: 0xFF
[2026-09-02T18:59:01.321+00:00][B] [INFO] Sequence: 315
[2026-09-02T18:59:01.322+00:00][B] [INFO] Packet ID: 81
[2026-09-02T18:59:01.327+00:00][B] [INFO] Packet Size: 26
[2026-09-02T18:59:01.327+00:00][B] [INFO] Timestamp: 81 ms
[2026-09-02T18:59:01.328+00:00][B] [INFO] Transmission Result: success
[2026-09-02T18:59:01.333+00:00][B] [INFO] --------------------------------
[2026-09-02T18:59:01.335+00:00][B] [INFO] [Heartbeat #81]
[2026-09-02T18:59:01.338+00:00][B] [INFO] Sent
[2026-09-02T18:59:01.338+00:00][B] [INFO] Waiting ACK...
[2026-09-02T18:59:01.338+00:00][B] [INFO] [WAITING ACK]
[2026-09-02T18:59:01.352+00:00][B] [INFO] [RF TX] type=2 source=0x02 destination=0xFF previousHop=0x02 sequence=315 ackSequence=0 ttl=8 hops=0 payloadSize=13 rssi=0 snr=0.00
[2026-09-02T18:59:01.353+00:00][B] [INFO] Heartbeat packet sent
[2026-09-02T18:59:01.551+00:00][B] [INFO] [RF TX] type=3 source=0x02 destination=0x01 previousHop=0x02 sequence=316 ackSequence=282 ttl=8 hops=0 payloadSize=2 rssi=0 snr=0.00
[2026-09-02T18:59:02.327+00:00][B] [WARN] Retry 1
[2026-09-02T18:59:02.394+00:00][B] [INFO] --------------------------------
[2026-09-02T18:59:02.395+00:00][B] [INFO] [HEARTBEAT TX]
[2026-09-02T18:59:02.400+00:00][B] [INFO] Node ID: 2
[2026-09-02T18:59:02.400+00:00][B] [INFO] type: 2
[2026-09-02T18:59:02.401+00:00][B] [INFO] Destination: 0xFF
[2026-09-02T18:59:02.405+00:00][B] [INFO] Sequence: 315
[2026-09-02T18:59:02.406+00:00][B] [INFO] Packet ID: 81
[2026-09-02T18:59:02.411+00:00][B] [INFO] Packet Size: 26
[2026-09-02T18:59:02.411+00:00][B] [INFO] Timestamp: 81 ms
[2026-09-02T18:59:02.411+00:00][B] [INFO] Transmission Result: success
[2026-09-02T18:59:02.417+00:00][B] [INFO] --------------------------------
[2026-09-02T18:59:02.417+00:00][B] [INFO] [Heartbeat #81]
[2026-09-02T18:59:02.422+00:00][B] [INFO] Sent
[2026-09-02T18:59:02.422+00:00][B] [INFO] Waiting ACK...
[2026-09-02T18:59:02.423+00:00][B] [INFO] [WAITING ACK]
[2026-09-02T18:59:02.436+00:00][B] [INFO] [RF TX] type=2 source=0x02 destination=0xFF previousHop=0x02 sequence=315 ackSequence=0 ttl=8 hops=0 payloadSize=13 rssi=0 snr=0.00
[2026-09-02T18:59:02.437+00:00][B] [INFO] Heartbeat packet sent
[2026-09-02T18:59:02.567+00:00][B] [INFO] [RF RX] type=1 source=0x01 destination=0x02 previousHop=0x01 sequence=285 ackSequence=0 ttl=8 hops=0 payloadSize=4 rssi=-60 snr=10.25
[2026-09-02T18:59:02.624+00:00][B] [INFO] [RF TX] type=3 source=0x02 destination=0x01 previousHop=0x02 sequence=317 ackSequence=285 ttl=8 hops=0 payloadSize=2 rssi=0 snr=0.00
[2026-09-02T18:59:02.690+00:00][B] [INFO] [RF RX] type=1 source=0x01 destination=0x02 previousHop=0x01 sequence=286 ackSequence=0 ttl=8 hops=0 payloadSize=4 rssi=-61 snr=10.00
[2026-09-02T18:59:02.748+00:00][B] [INFO] [RF TX] type=3 source=0x02 destination=0x01 previousHop=0x02 sequence=318 ackSequence=286 ttl=8 hops=0 payloadSize=2 rssi=0 snr=0.00
[2026-09-02T18:59:02.814+00:00][B] [INFO] [RF RX] type=1 source=0x01 destination=0x02 previousHop=0x01 sequence=287 ackSequence=0 ttl=8 hops=0 payloadSize=4 rssi=-61 snr=10.50
[2026-09-02T18:59:02.872+00:00][B] [INFO] [RF TX] type=3 source=0x02 destination=0x01 previousHop=0x02 sequence=319 ackSequence=287 ttl=8 hops=0 payloadSize=2 rssi=0 snr=0.00
[2026-09-02T18:59:02.938+00:00][B] [INFO] [RF RX] type=1 source=0x01 destination=0x02 previousHop=0x01 sequence=288 ackSequence=0 ttl=8 hops=0 payloadSize=4 rssi=-61 snr=10.00
[2026-09-02T18:59:02.996+00:00][B] [INFO] [RF TX] type=3 source=0x02 destination=0x01 previousHop=0x02 sequence=320 ackSequence=288 ttl=8 hops=0 payloadSize=2 rssi=0 snr=0.00
[2026-09-02T18:59:03.061+00:00][B] [INFO] [RF RX] type=1 source=0x01 destination=0x02 previousHop=0x01 sequence=289 ackSequence=0 ttl=8 hops=0 payloadSize=4 rssi=-61 snr=9.75
[2026-09-02T18:59:03.119+00:00][B] [INFO] [RF TX] type=3 source=0x02 destination=0x01 previousHop=0x02 sequence=321 ackSequence=289 ttl=8 hops=0 payloadSize=2 rssi=0 snr=0.00
[2026-09-02T18:59:03.185+00:00][B] [INFO] [RF RX] type=1 source=0x01 destination=0x02 previousHop=0x01 sequence=290 ackSequence=0 ttl=8 hops=0 payloadSize=4 rssi=-62 snr=9.50
[2026-09-02T18:59:03.243+00:00][B] [INFO] [RF TX] type=3 source=0x02 destination=0x01 previousHop=0x02 sequence=322 ackSequence=290 ttl=8 hops=0 payloadSize=2 rssi=0 snr=0.00
[2026-09-02T18:59:03.310+00:00][B] [INFO] --------------------------------
[2026-09-02T18:59:03.311+00:00][B] [INFO] [HEARTBEAT TX]
[2026-09-02T18:59:03.316+00:00][B] [INFO] Node ID: 2
[2026-09-02T18:59:03.316+00:00][B] [INFO] type: 2
[2026-09-02T18:59:03.317+00:00][B] [INFO] Destination: 0xFF
[2026-09-02T18:59:03.321+00:00][B] [INFO] Sequence: 323
[2026-09-02T18:59:03.322+00:00][B] [INFO] Packet ID: 82
[2026-09-02T18:59:03.327+00:00][B] [INFO] Packet Size: 26
[2026-09-02T18:59:03.327+00:00][B] [INFO] Timestamp: 82 ms
[2026-09-02T18:59:03.327+00:00][B] [INFO] Transmission Result: success
[2026-09-02T18:59:03.333+00:00][B] [INFO] --------------------------------
[2026-09-02T18:59:03.333+00:00][B] [INFO] [Heartbeat #82]
[2026-09-02T18:59:03.338+00:00][B] [INFO] Sent
[2026-09-02T18:59:03.338+00:00][B] [INFO] Waiting ACK...
[2026-09-02T18:59:03.339+00:00][B] [INFO] [WAITING ACK]
[2026-09-02T18:59:03.352+00:00][B] [INFO] [RF TX] type=2 source=0x02 destination=0xFF previousHop=0x02 sequence=323 ackSequence=0 ttl=8 hops=0 payloadSize=13 rssi=0 snr=0.00
[2026-09-02T18:59:03.353+00:00][B] [INFO] Heartbeat packet sent
[2026-09-02T18:59:04.295+00:00][B] [INFO] [RF TX] type=3 source=0x02 destination=0x01 previousHop=0x02 sequence=324 ackSequence=290 ttl=8 hops=0 payloadSize=2 rssi=0 snr=0.00
[2026-09-02T18:59:04.327+00:00][B] [WARN] Retry 1
[2026-09-02T18:59:04.394+00:00][B] [INFO] --------------------------------
[2026-09-02T18:59:04.395+00:00][B] [INFO] [HEARTBEAT TX]
[2026-09-02T18:59:04.400+00:00][B] [INFO] Node ID: 2
[2026-09-02T18:59:04.400+00:00][B] [INFO] type: 2
[2026-09-02T18:59:04.400+00:00][B] [INFO] Destination: 0xFF
[2026-09-02T18:59:04.405+00:00][B] [INFO] Sequence: 323
[2026-09-02T18:59:04.406+00:00][B] [INFO] Packet ID: 82
[2026-09-02T18:59:04.411+00:00][B] [INFO] Packet Size: 26
[2026-09-02T18:59:04.411+00:00][B] [INFO] Timestamp: 82 ms
[2026-09-02T18:59:04.411+00:00][B] [INFO] Transmission Result: success
[2026-09-02T18:59:04.417+00:00][B] [INFO] --------------------------------
[2026-09-02T18:59:04.418+00:00][B] [INFO] [Heartbeat #82]
[2026-09-02T18:59:04.422+00:00][B] [INFO] Sent
[2026-09-02T18:59:04.422+00:00][B] [INFO] Waiting ACK...
[2026-09-02T18:59:04.423+00:00][B] [INFO] [WAITING ACK]
[2026-09-02T18:59:04.436+00:00][B] [INFO] [RF TX] type=2 source=0x02 destination=0xFF previousHop=0x02 sequence=323 ackSequence=0 ttl=8 hops=0 payloadSize=13 rssi=0 snr=0.00
[2026-09-02T18:59:04.437+00:00][B] [INFO] Heartbeat packet sent
[2026-09-02T18:59:05.310+00:00][B] [INFO] --------------------------------
[2026-09-02T18:59:05.310+00:00][B] [INFO] [HEARTBEAT TX]
[2026-09-02T18:59:05.315+00:00][B] [INFO] Node ID: 2
[2026-09-02T18:59:05.315+00:00][B] [INFO] type: 2
[2026-09-02T18:59:05.316+00:00][B] [INFO] Destination: 0xFF
[2026-09-02T18:59:05.321+00:00][B] [INFO] Sequence: 325
[2026-09-02T18:59:05.321+00:00][B] [INFO] Packet ID: 83
[2026-09-02T18:59:05.326+00:00][B] [INFO] Packet Size: 26
[2026-09-02T18:59:05.327+00:00][B] [INFO] Timestamp: 83 ms
[2026-09-02T18:59:05.327+00:00][B] [INFO] Transmission Result: success
[2026-09-02T18:59:05.332+00:00][B] [INFO] --------------------------------
[2026-09-02T18:59:05.332+00:00][B] [INFO] [Heartbeat #83]
[2026-09-02T18:59:05.338+00:00][B] [INFO] Sent
[2026-09-02T18:59:05.338+00:00][B] [INFO] Waiting ACK...
[2026-09-02T18:59:05.338+00:00][B] [INFO] [WAITING ACK]
[2026-09-02T18:59:05.352+00:00][B] [INFO] [RF TX] type=2 source=0x02 destination=0xFF previousHop=0x02 sequence=325 ackSequence=0 ttl=8 hops=0 payloadSize=13 rssi=0 snr=0.00
[2026-09-02T18:59:05.352+00:00][B] [INFO] Heartbeat packet sent
[2026-09-02T18:59:06.327+00:00][B] [WARN] Retry 1
[2026-09-02T18:59:06.394+00:00][B] [INFO] --------------------------------
[2026-09-02T18:59:06.394+00:00][B] [INFO] [HEARTBEAT TX]
[2026-09-02T18:59:06.400+00:00][B] [INFO] Node ID: 2
[2026-09-02T18:59:06.400+00:00][B] [INFO] type: 2
[2026-09-02T18:59:06.400+00:00][B] [INFO] Destination: 0xFF
[2026-09-02T18:59:06.405+00:00][B] [INFO] Sequence: 325
[2026-09-02T18:59:06.405+00:00][B] [INFO] Packet ID: 83
[2026-09-02T18:59:06.411+00:00][B] [INFO] Packet Size: 26
[2026-09-02T18:59:06.411+00:00][B] [INFO] Timestamp: 83 ms
[2026-09-02T18:59:06.411+00:00][B] [INFO] Transmission Result: success
[2026-09-02T18:59:06.416+00:00][B] [INFO] --------------------------------
[2026-09-02T18:59:06.417+00:00][B] [INFO] [Heartbeat #83]
[2026-09-02T18:59:06.422+00:00][B] [INFO] Sent
[2026-09-02T18:59:06.422+00:00][B] [INFO] Waiting ACK...
[2026-09-02T18:59:06.422+00:00][B] [INFO] [WAITING ACK]
[2026-09-02T18:59:06.436+00:00][B] [INFO] [RF TX] type=2 source=0x02 destination=0xFF previousHop=0x02 sequence=325 ackSequence=0 ttl=8 hops=0 payloadSize=13 rssi=0 snr=0.00
[2026-09-02T18:59:06.436+00:00][B] [INFO] Heartbeat packet sent
[2026-09-02T18:59:07.310+00:00][B] [INFO] --------------------------------
[2026-09-02T18:59:07.310+00:00][B] [INFO] [HEARTBEAT TX]
[2026-09-02T18:59:07.316+00:00][B] [INFO] Node ID: 2
[2026-09-02T18:59:07.316+00:00][B] [INFO] type: 2
[2026-09-02T18:59:07.316+00:00][B] [INFO] Destination: 0xFF
[2026-09-02T18:59:07.321+00:00][B] [INFO] Sequence: 326
[2026-09-02T18:59:07.321+00:00][B] [INFO] Packet ID: 84
[2026-09-02T18:59:07.327+00:00][B] [INFO] Packet Size: 26
[2026-09-02T18:59:07.327+00:00][B] [INFO] Timestamp: 84 ms
[2026-09-02T18:59:07.327+00:00][B] [INFO] Transmission Result: success
[2026-09-02T18:59:07.332+00:00][B] [INFO] --------------------------------
[2026-09-02T18:59:07.332+00:00][B] [INFO] [Heartbeat #84]
[2026-09-02T18:59:07.338+00:00][B] [INFO] Sent
[2026-09-02T18:59:07.338+00:00][B] [INFO] Waiting ACK...
[2026-09-02T18:59:07.338+00:00][B] [INFO] [WAITING ACK]
[2026-09-02T18:59:07.352+00:00][B] [INFO] [RF TX] type=2 source=0x02 destination=0xFF previousHop=0x02 sequence=326 ackSequence=0 ttl=8 hops=0 payloadSize=13 rssi=0 snr=0.00
[2026-09-02T18:59:07.352+00:00][B] [INFO] Heartbeat packet sent
[2026-09-02T18:59:07.504+00:00][B] [INFO] [RF RX] type=1 source=0x01 destination=0x02 previousHop=0x01 sequence=294 ackSequence=0 ttl=8 hops=0 payloadSize=4 rssi=-59 snr=9.25
[2026-09-02T18:59:07.562+00:00][B] [INFO] [RF TX] type=3 source=0x02 destination=0x01 previousHop=0x02 sequence=327 ackSequence=294 ttl=8 hops=0 payloadSize=2 rssi=0 snr=0.00
[2026-09-02T18:59:07.628+00:00][B] [INFO] [RF RX] type=1 source=0x01 destination=0x02 previousHop=0x01 sequence=295 ackSequence=0 ttl=8 hops=0 payloadSize=4 rssi=-60 snr=9.50
[2026-09-02T18:59:07.686+00:00][B] [INFO] [RF TX] type=3 source=0x02 destination=0x01 previousHop=0x02 sequence=328 ackSequence=295 ttl=8 hops=0 payloadSize=2 rssi=0 snr=0.00
[2026-09-02T18:59:07.752+00:00][B] [INFO] [RF RX] type=1 source=0x01 destination=0x02 previousHop=0x01 sequence=296 ackSequence=0 ttl=8 hops=0 payloadSize=4 rssi=-61 snr=9.25
[2026-09-02T18:59:07.810+00:00][B] [INFO] [RF TX] type=3 source=0x02 destination=0x01 previousHop=0x02 sequence=329 ackSequence=296 ttl=8 hops=0 payloadSize=2 rssi=0 snr=0.00
[2026-09-02T18:59:07.876+00:00][B] [INFO] [RF RX] type=1 source=0x01 destination=0x02 previousHop=0x01 sequence=297 ackSequence=0 ttl=8 hops=0 payloadSize=4 rssi=-60 snr=9.50
[2026-09-02T18:59:07.934+00:00][B] [INFO] [RF TX] type=3 source=0x02 destination=0x01 previousHop=0x02 sequence=330 ackSequence=297 ttl=8 hops=0 payloadSize=2 rssi=0 snr=0.00
[2026-09-02T18:59:08.000+00:00][B] [INFO] [RF RX] type=1 source=0x01 destination=0x02 previousHop=0x01 sequence=298 ackSequence=0 ttl=8 hops=0 payloadSize=4 rssi=-60 snr=9.50
[2026-09-02T18:59:08.057+00:00][B] [INFO] [RF TX] type=3 source=0x02 destination=0x01 previousHop=0x02 sequence=331 ackSequence=298 ttl=8 hops=0 payloadSize=2 rssi=0 snr=0.00
[2026-09-02T18:59:08.124+00:00][B] [INFO] [RF RX] type=1 source=0x01 destination=0x02 previousHop=0x01 sequence=299 ackSequence=0 ttl=8 hops=0 payloadSize=4 rssi=-60 snr=9.25
[2026-09-02T18:59:08.181+00:00][B] [INFO] [RF TX] type=3 source=0x02 destination=0x01 previousHop=0x02 sequence=332 ackSequence=299 ttl=8 hops=0 payloadSize=2 rssi=0 snr=0.00
[2026-09-02T18:59:08.247+00:00][B] [INFO] [RF RX] type=1 source=0x01 destination=0x02 previousHop=0x01 sequence=300 ackSequence=0 ttl=8 hops=0 payloadSize=4 rssi=-60 snr=9.75
[2026-09-02T18:59:08.305+00:00][B] [INFO] [RF TX] type=3 source=0x02 destination=0x01 previousHop=0x02 sequence=333 ackSequence=300 ttl=8 hops=0 payloadSize=2 rssi=0 snr=0.00
[2026-09-02T18:59:08.327+00:00][B] [WARN] Retry 1
[2026-09-02T18:59:08.394+00:00][B] [INFO] --------------------------------
[2026-09-02T18:59:08.394+00:00][B] [INFO] [HEARTBEAT TX]
[2026-09-02T18:59:08.399+00:00][B] [INFO] Node ID: 2
[2026-09-02T18:59:08.400+00:00][B] [INFO] type: 2
[2026-09-02T18:59:08.400+00:00][B] [INFO] Destination: 0xFF
[2026-09-02T18:59:08.405+00:00][B] [INFO] Sequence: 326
[2026-09-02T18:59:08.405+00:00][B] [INFO] Packet ID: 84
[2026-09-02T18:59:08.410+00:00][B] [INFO] Packet Size: 26
[2026-09-02T18:59:08.411+00:00][B] [INFO] Timestamp: 84 ms
[2026-09-02T18:59:08.411+00:00][B] [INFO] Transmission Result: success
[2026-09-02T18:59:08.416+00:00][B] [INFO] --------------------------------
[2026-09-02T18:59:08.416+00:00][B] [INFO] [Heartbeat #84]
[2026-09-02T18:59:08.422+00:00][B] [INFO] Sent
[2026-09-02T18:59:08.422+00:00][B] [INFO] Waiting ACK...
[2026-09-02T18:59:08.422+00:00][B] [INFO] [WAITING ACK]
[2026-09-02T18:59:08.436+00:00][B] [INFO] [RF TX] type=2 source=0x02 destination=0xFF previousHop=0x02 sequence=326 ackSequence=0 ttl=8 hops=0 payloadSize=13 rssi=0 snr=0.00
[2026-09-02T18:59:08.436+00:00][B] [INFO] Heartbeat packet sent
[2026-09-02T18:59:09.310+00:00][B] [INFO] --------------------------------
[2026-09-02T18:59:09.310+00:00][B] [INFO] [HEARTBEAT TX]
[2026-09-02T18:59:09.316+00:00][B] [INFO] Node ID: 2
[2026-09-02T18:59:09.316+00:00][B] [INFO] type: 2
[2026-09-02T18:59:09.316+00:00][B] [INFO] Destination: 0xFF
[2026-09-02T18:59:09.321+00:00][B] [INFO] Sequence: 334
[2026-09-02T18:59:09.321+00:00][B] [INFO] Packet ID: 85
[2026-09-02T18:59:09.327+00:00][B] [INFO] Packet Size: 26
[2026-09-02T18:59:09.327+00:00][B] [INFO] Timestamp: 85 ms
[2026-09-02T18:59:09.327+00:00][B] [INFO] Transmission Result: success
[2026-09-02T18:59:09.332+00:00][B] [INFO] --------------------------------
[2026-09-02T18:59:09.332+00:00][B] [INFO] [Heartbeat #85]
[2026-09-02T18:59:09.338+00:00][B] [INFO] Sent
[2026-09-02T18:59:09.338+00:00][B] [INFO] Waiting ACK...
[2026-09-02T18:59:09.338+00:00][B] [INFO] [WAITING ACK]
[2026-09-02T18:59:09.352+00:00][B] [INFO] [RF TX] type=2 source=0x02 destination=0xFF previousHop=0x02 sequence=334 ackSequence=0 ttl=8 hops=0 payloadSize=13 rssi=0 snr=0.00
[2026-09-02T18:59:09.352+00:00][B] [INFO] Heartbeat packet sent
[2026-09-02T18:59:10.327+00:00][B] [WARN] Retry 1
[2026-09-02T18:59:10.394+00:00][B] [INFO] --------------------------------
[2026-09-02T18:59:10.394+00:00][B] [INFO] [HEARTBEAT TX]
[2026-09-02T18:59:10.400+00:00][B] [INFO] Node ID: 2
[2026-09-02T18:59:10.400+00:00][B] [INFO] type: 2
[2026-09-02T18:59:10.400+00:00][B] [INFO] Destination: 0xFF
[2026-09-02T18:59:10.405+00:00][B] [INFO] Sequence: 334
[2026-09-02T18:59:10.405+00:00][B] [INFO] Packet ID: 85
[2026-09-02T18:59:10.411+00:00][B] [INFO] Packet Size: 26
[2026-09-02T18:59:10.411+00:00][B] [INFO] Timestamp: 85 ms
[2026-09-02T18:59:10.411+00:00][B] [INFO] Transmission Result: success
[2026-09-02T18:59:10.416+00:00][B] [INFO] --------------------------------
[2026-09-02T18:59:10.416+00:00][B] [INFO] [Heartbeat #85]
[2026-09-02T18:59:10.422+00:00][B] [INFO] Sent
[2026-09-02T18:59:10.422+00:00][B] [INFO] Waiting ACK...
[2026-09-02T18:59:10.422+00:00][B] [INFO] [WAITING ACK]
[2026-09-02T18:59:10.436+00:00][B] [INFO] [RF TX] type=2 source=0x02 destination=0xFF previousHop=0x02 sequence=334 ackSequence=0 ttl=8 hops=0 payloadSize=13 rssi=0 snr=0.00
[2026-09-02T18:59:10.436+00:00][B] [INFO] Heartbeat packet sent
[2026-09-02T18:59:11.310+00:00][B] [INFO] --------------------------------
[2026-09-02T18:59:11.310+00:00][B] [INFO] [HEARTBEAT TX]
[2026-09-02T18:59:11.316+00:00][B] [INFO] Node ID: 2
[2026-09-02T18:59:11.316+00:00][B] [INFO] type: 2
[2026-09-02T18:59:11.316+00:00][B] [INFO] Destination: 0xFF
[2026-09-02T18:59:11.321+00:00][B] [INFO] Sequence: 335
[2026-09-02T18:59:11.321+00:00][B] [INFO] Packet ID: 86
[2026-09-02T18:59:11.327+00:00][B] [INFO] Packet Size: 26
[2026-09-02T18:59:11.327+00:00][B] [INFO] Timestamp: 86 ms
[2026-09-02T18:59:11.327+00:00][B] [INFO] Transmission Result: success
[2026-09-02T18:59:11.333+00:00][B] [INFO] --------------------------------
[2026-09-02T18:59:11.333+00:00][B] [INFO] [Heartbeat #86]
[2026-09-02T18:59:11.338+00:00][B] [INFO] Sent
[2026-09-02T18:59:11.338+00:00][B] [INFO] Waiting ACK...
[2026-09-02T18:59:11.338+00:00][B] [INFO] [WAITING ACK]
[2026-09-02T18:59:11.352+00:00][B] [INFO] [RF TX] type=2 source=0x02 destination=0xFF previousHop=0x02 sequence=335 ackSequence=0 ttl=8 hops=0 payloadSize=13 rssi=0 snr=0.00
[2026-09-02T18:59:11.353+00:00][B] [INFO] Heartbeat packet sent
[2026-09-02T18:59:11.551+00:00][B] [INFO] [RF TX] type=3 source=0x02 destination=0x01 previousHop=0x02 sequence=336 ackSequence=300 ttl=8 hops=0 payloadSize=2 rssi=0 snr=0.00
[2026-09-02T18:59:12.327+00:00][B] [WARN] Retry 1
[2026-09-02T18:59:12.394+00:00][B] [INFO] --------------------------------
[2026-09-02T18:59:12.394+00:00][B] [INFO] [HEARTBEAT TX]
[2026-09-02T18:59:12.399+00:00][B] [INFO] Node ID: 2
[2026-09-02T18:59:12.400+00:00][B] [INFO] type: 2
[2026-09-02T18:59:12.400+00:00][B] [INFO] Destination: 0xFF
[2026-09-02T18:59:12.405+00:00][B] [INFO] Sequence: 335
[2026-09-02T18:59:12.405+00:00][B] [INFO] Packet ID: 86
[2026-09-02T18:59:12.411+00:00][B] [INFO] Packet Size: 26
[2026-09-02T18:59:12.411+00:00][B] [INFO] Timestamp: 86 ms
[2026-09-02T18:59:12.411+00:00][B] [INFO] Transmission Result: success
[2026-09-02T18:59:12.416+00:00][B] [INFO] --------------------------------
[2026-09-02T18:59:12.416+00:00][B] [INFO] [Heartbeat #86]
[2026-09-02T18:59:12.422+00:00][B] [INFO] Sent
[2026-09-02T18:59:12.422+00:00][B] [INFO] Waiting ACK...
[2026-09-02T18:59:12.422+00:00][B] [INFO] [WAITING ACK]
[2026-09-02T18:59:12.436+00:00][B] [INFO] [RF TX] type=2 source=0x02 destination=0xFF previousHop=0x02 sequence=335 ackSequence=0 ttl=8 hops=0 payloadSize=13 rssi=0 snr=0.00
[2026-09-02T18:59:12.436+00:00][B] [INFO] Heartbeat packet sent
[2026-09-02T18:59:12.566+00:00][B] [INFO] [RF RX] type=1 source=0x01 destination=0x02 previousHop=0x01 sequence=303 ackSequence=0 ttl=8 hops=0 payloadSize=4 rssi=-61 snr=9.50
[2026-09-02T18:59:12.624+00:00][B] [INFO] [RF TX] type=3 source=0x02 destination=0x01 previousHop=0x02 sequence=337 ackSequence=303 ttl=8 hops=0 payloadSize=2 rssi=0 snr=0.00
[2026-09-02T18:59:12.690+00:00][B] [INFO] [RF RX] type=1 source=0x01 destination=0x02 previousHop=0x01 sequence=304 ackSequence=0 ttl=8 hops=0 payloadSize=4 rssi=-62 snr=10.25
[2026-09-02T18:59:12.748+00:00][B] [INFO] [RF TX] type=3 source=0x02 destination=0x01 previousHop=0x02 sequence=338 ackSequence=304 ttl=8 hops=0 payloadSize=2 rssi=0 snr=0.00
[2026-09-02T18:59:12.814+00:00][B] [INFO] [RF RX] type=1 source=0x01 destination=0x02 previousHop=0x01 sequence=305 ackSequence=0 ttl=8 hops=0 payloadSize=4 rssi=-62 snr=10.00
[2026-09-02T18:59:12.872+00:00][B] [INFO] [RF TX] type=3 source=0x02 destination=0x01 previousHop=0x02 sequence=339 ackSequence=305 ttl=8 hops=0 payloadSize=2 rssi=0 snr=0.00
[2026-09-02T18:59:12.938+00:00][B] [INFO] [RF RX] type=1 source=0x01 destination=0x02 previousHop=0x01 sequence=306 ackSequence=0 ttl=8 hops=0 payloadSize=4 rssi=-61 snr=9.75
[2026-09-02T18:59:12.996+00:00][B] [INFO] [RF TX] type=3 source=0x02 destination=0x01 previousHop=0x02 sequence=340 ackSequence=306 ttl=8 hops=0 payloadSize=2 rssi=0 snr=0.00
[2026-09-02T18:59:13.062+00:00][B] [INFO] [RF RX] type=1 source=0x01 destination=0x02 previousHop=0x01 sequence=307 ackSequence=0 ttl=8 hops=0 payloadSize=4 rssi=-62 snr=9.75
[2026-09-02T18:59:13.119+00:00][B] [INFO] [RF TX] type=3 source=0x02 destination=0x01 previousHop=0x02 sequence=341 ackSequence=307 ttl=8 hops=0 payloadSize=2 rssi=0 snr=0.00
[2026-09-02T18:59:13.186+00:00][B] [INFO] [RF RX] type=1 source=0x01 destination=0x02 previousHop=0x01 sequence=308 ackSequence=0 ttl=8 hops=0 payloadSize=4 rssi=-62 snr=9.25
[2026-09-02T18:59:13.243+00:00][B] [INFO] [RF TX] type=3 source=0x02 destination=0x01 previousHop=0x02 sequence=342 ackSequence=308 ttl=8 hops=0 payloadSize=2 rssi=0 snr=0.00
[2026-09-02T18:59:13.310+00:00][B] [INFO] --------------------------------
[2026-09-02T18:59:13.310+00:00][B] [INFO] [HEARTBEAT TX]
[2026-09-02T18:59:13.316+00:00][B] [INFO] Node ID: 2
[2026-09-02T18:59:13.316+00:00][B] [INFO] type: 2
[2026-09-02T18:59:13.316+00:00][B] [INFO] Destination: 0xFF
[2026-09-02T18:59:13.321+00:00][B] [INFO] Sequence: 343
[2026-09-02T18:59:13.321+00:00][B] [INFO] Packet ID: 87
[2026-09-02T18:59:13.327+00:00][B] [INFO] Packet Size: 26
[2026-09-02T18:59:13.327+00:00][B] [INFO] Timestamp: 87 ms
[2026-09-02T18:59:13.327+00:00][B] [INFO] Transmission Result: success
[2026-09-02T18:59:13.332+00:00][B] [INFO] --------------------------------
[2026-09-02T18:59:13.333+00:00][B] [INFO] [Heartbeat #87]
[2026-09-02T18:59:13.338+00:00][B] [INFO] Sent
[2026-09-02T18:59:13.338+00:00][B] [INFO] Waiting ACK...
[2026-09-02T18:59:13.338+00:00][B] [INFO] [WAITING ACK]
[2026-09-02T18:59:13.352+00:00][B] [INFO] [RF TX] type=2 source=0x02 destination=0xFF previousHop=0x02 sequence=343 ackSequence=0 ttl=8 hops=0 payloadSize=13 rssi=0 snr=0.00
[2026-09-02T18:59:13.353+00:00][B] [INFO] Heartbeat packet sent
[2026-09-02T18:59:14.295+00:00][B] [INFO] [RF TX] type=3 source=0x02 destination=0x01 previousHop=0x02 sequence=344 ackSequence=308 ttl=8 hops=0 payloadSize=2 rssi=0 snr=0.00
[2026-09-02T18:59:14.327+00:00][B] [WARN] Retry 1
[2026-09-02T18:59:14.394+00:00][B] [INFO] --------------------------------
[2026-09-02T18:59:14.395+00:00][B] [INFO] [HEARTBEAT TX]
[2026-09-02T18:59:14.400+00:00][B] [INFO] Node ID: 2
[2026-09-02T18:59:14.400+00:00][B] [INFO] type: 2
[2026-09-02T18:59:14.400+00:00][B] [INFO] Destination: 0xFF
[2026-09-02T18:59:14.405+00:00][B] [INFO] Sequence: 343
[2026-09-02T18:59:14.406+00:00][B] [INFO] Packet ID: 87
[2026-09-02T18:59:14.411+00:00][B] [INFO] Packet Size: 26
[2026-09-02T18:59:14.411+00:00][B] [INFO] Timestamp: 87 ms
[2026-09-02T18:59:14.411+00:00][B] [INFO] Transmission Result: success
[2026-09-02T18:59:14.417+00:00][B] [INFO] --------------------------------
[2026-09-02T18:59:14.417+00:00][B] [INFO] [Heartbeat #87]
[2026-09-02T18:59:14.422+00:00][B] [INFO] Sent
[2026-09-02T18:59:14.422+00:00][B] [INFO] Waiting ACK...
[2026-09-02T18:59:14.423+00:00][B] [INFO] [WAITING ACK]
[2026-09-02T18:59:14.436+00:00][B] [INFO] [RF TX] type=2 source=0x02 destination=0xFF previousHop=0x02 sequence=343 ackSequence=0 ttl=8 hops=0 payloadSize=13 rssi=0 snr=0.00
[2026-09-02T18:59:14.437+00:00][B] [INFO] Heartbeat packet sent
[2026-09-02T18:59:15.310+00:00][B] [INFO] --------------------------------
[2026-09-02T18:59:15.310+00:00][B] [INFO] [HEARTBEAT TX]
[2026-09-02T18:59:15.316+00:00][B] [INFO] Node ID: 2
[2026-09-02T18:59:15.316+00:00][B] [INFO] type: 2
[2026-09-02T18:59:15.316+00:00][B] [INFO] Destination: 0xFF
[2026-09-02T18:59:15.321+00:00][B] [INFO] Sequence: 345
[2026-09-02T18:59:15.321+00:00][B] [INFO] Packet ID: 88
[2026-09-02T18:59:15.327+00:00][B] [INFO] Packet Size: 26
[2026-09-02T18:59:15.327+00:00][B] [INFO] Timestamp: 88 ms
[2026-09-02T18:59:15.327+00:00][B] [INFO] Transmission Result: success
[2026-09-02T18:59:15.332+00:00][B] [INFO] --------------------------------
[2026-09-02T18:59:15.333+00:00][B] [INFO] [Heartbeat #88]
[2026-09-02T18:59:15.338+00:00][B] [INFO] Sent
[2026-09-02T18:59:15.338+00:00][B] [INFO] Waiting ACK...
[2026-09-02T18:59:15.338+00:00][B] [INFO] [WAITING ACK]
[2026-09-02T18:59:15.352+00:00][B] [INFO] [RF TX] type=2 source=0x02 destination=0xFF previousHop=0x02 sequence=345 ackSequence=0 ttl=8 hops=0 payloadSize=13 rssi=0 snr=0.00
[2026-09-02T18:59:15.352+00:00][B] [INFO] Heartbeat packet sent
[2026-09-02T18:59:16.327+00:00][B] [WARN] Retry 1
[2026-09-02T18:59:16.394+00:00][B] [INFO] --------------------------------
[2026-09-02T18:59:16.394+00:00][B] [INFO] [HEARTBEAT TX]
[2026-09-02T18:59:16.400+00:00][B] [INFO] Node ID: 2
[2026-09-02T18:59:16.400+00:00][B] [INFO] type: 2
[2026-09-02T18:59:16.400+00:00][B] [INFO] Destination: 0xFF
[2026-09-02T18:59:16.405+00:00][B] [INFO] Sequence: 345
[2026-09-02T18:59:16.406+00:00][B] [INFO] Packet ID: 88
[2026-09-02T18:59:16.411+00:00][B] [INFO] Packet Size: 26
[2026-09-02T18:59:16.411+00:00][B] [INFO] Timestamp: 88 ms
[2026-09-02T18:59:16.411+00:00][B] [INFO] Transmission Result: success
[2026-09-02T18:59:16.417+00:00][B] [INFO] --------------------------------
[2026-09-02T18:59:16.417+00:00][B] [INFO] [Heartbeat #88]
[2026-09-02T18:59:16.422+00:00][B] [INFO] Sent
[2026-09-02T18:59:16.422+00:00][B] [INFO] Waiting ACK...
[2026-09-02T18:59:16.423+00:00][B] [INFO] [WAITING ACK]
[2026-09-02T18:59:16.436+00:00][B] [INFO] [RF TX] type=2 source=0x02 destination=0xFF previousHop=0x02 sequence=345 ackSequence=0 ttl=8 hops=0 payloadSize=13 rssi=0 snr=0.00
[2026-09-02T18:59:16.436+00:00][B] [INFO] Heartbeat packet sent
[2026-09-02T18:59:17.310+00:00][B] [INFO] --------------------------------
[2026-09-02T18:59:17.310+00:00][B] [INFO] [HEARTBEAT TX]
[2026-09-02T18:59:17.316+00:00][B] [INFO] Node ID: 2
[2026-09-02T18:59:17.316+00:00][B] [INFO] type: 2
[2026-09-02T18:59:17.316+00:00][B] [INFO] Destination: 0xFF
[2026-09-02T18:59:17.321+00:00][B] [INFO] Sequence: 346
[2026-09-02T18:59:17.321+00:00][B] [INFO] Packet ID: 89
[2026-09-02T18:59:17.327+00:00][B] [INFO] Packet Size: 26
[2026-09-02T18:59:17.327+00:00][B] [INFO] Timestamp: 89 ms
[2026-09-02T18:59:17.327+00:00][B] [INFO] Transmission Result: success
[2026-09-02T18:59:17.332+00:00][B] [INFO] --------------------------------
[2026-09-02T18:59:17.333+00:00][B] [INFO] [Heartbeat #89]
[2026-09-02T18:59:17.338+00:00][B] [INFO] Sent
[2026-09-02T18:59:17.338+00:00][B] [INFO] Waiting ACK...
[2026-09-02T18:59:17.339+00:00][B] [INFO] [WAITING ACK]
[2026-09-02T18:59:17.352+00:00][B] [INFO] [RF TX] type=2 source=0x02 destination=0xFF previousHop=0x02 sequence=346 ackSequence=0 ttl=8 hops=0 payloadSize=13 rssi=0 snr=0.00
[2026-09-02T18:59:17.353+00:00][B] [INFO] Heartbeat packet sent
[2026-09-02T18:59:17.504+00:00][B] [INFO] [RF RX] type=1 source=0x01 destination=0x02 previousHop=0x01 sequence=312 ackSequence=0 ttl=8 hops=0 payloadSize=4 rssi=-60 snr=9.75
[2026-09-02T18:59:17.562+00:00][B] [INFO] [RF TX] type=3 source=0x02 destination=0x01 previousHop=0x02 sequence=347 ackSequence=312 ttl=8 hops=0 payloadSize=2 rssi=0 snr=0.00
[2026-09-02T18:59:17.628+00:00][B] [INFO] [RF RX] type=1 source=0x01 destination=0x02 previousHop=0x01 sequence=313 ackSequence=0 ttl=8 hops=0 payloadSize=4 rssi=-62 snr=9.25
[2026-09-02T18:59:17.686+00:00][B] [INFO] [RF TX] type=3 source=0x02 destination=0x01 previousHop=0x02 sequence=348 ackSequence=313 ttl=8 hops=0 payloadSize=2 rssi=0 snr=0.00
[2026-09-02T18:59:17.752+00:00][B] [INFO] [RF RX] type=1 source=0x01 destination=0x02 previousHop=0x01 sequence=314 ackSequence=0 ttl=8 hops=0 payloadSize=4 rssi=-61 snr=9.75
[2026-09-02T18:59:17.810+00:00][B] [INFO] [RF TX] type=3 source=0x02 destination=0x01 previousHop=0x02 sequence=349 ackSequence=314 ttl=8 hops=0 payloadSize=2 rssi=0 snr=0.00
[2026-09-02T18:59:17.876+00:00][B] [INFO] [RF RX] type=1 source=0x01 destination=0x02 previousHop=0x01 sequence=315 ackSequence=0 ttl=8 hops=0 payloadSize=4 rssi=-61 snr=10.00
[2026-09-02T18:59:17.934+00:00][B] [INFO] [RF TX] type=3 source=0x02 destination=0x01 previousHop=0x02 sequence=350 ackSequence=315 ttl=8 hops=0 payloadSize=2 rssi=0 snr=0.00
[2026-09-02T18:59:18.000+00:00][B] [INFO] [RF RX] type=1 source=0x01 destination=0x02 previousHop=0x01 sequence=316 ackSequence=0 ttl=8 hops=0 payloadSize=4 rssi=-61 snr=9.50
[2026-09-02T18:59:18.058+00:00][B] [INFO] [RF TX] type=3 source=0x02 destination=0x01 previousHop=0x02 sequence=351 ackSequence=316 ttl=8 hops=0 payloadSize=2 rssi=0 snr=0.00
[2026-09-02T18:59:18.124+00:00][B] [INFO] [RF RX] type=1 source=0x01 destination=0x02 previousHop=0x01 sequence=317 ackSequence=0 ttl=8 hops=0 payloadSize=4 rssi=-61 snr=9.00
[2026-09-02T18:59:18.181+00:00][B] [INFO] [RF TX] type=3 source=0x02 destination=0x01 previousHop=0x02 sequence=352 ackSequence=317 ttl=8 hops=0 payloadSize=2 rssi=0 snr=0.00
[2026-09-02T18:59:18.247+00:00][B] [INFO] [RF RX] type=1 source=0x01 destination=0x02 previousHop=0x01 sequence=318 ackSequence=0 ttl=8 hops=0 payloadSize=4 rssi=-59 snr=9.75
[2026-09-02T18:59:18.305+00:00][B] [INFO] [RF TX] type=3 source=0x02 destination=0x01 previousHop=0x02 sequence=353 ackSequence=318 ttl=8 hops=0 payloadSize=2 rssi=0 snr=0.00
[2026-09-02T18:59:18.327+00:00][B] [WARN] Retry 1
[2026-09-02T18:59:18.394+00:00][B] [INFO] --------------------------------
[2026-09-02T18:59:18.394+00:00][B] [INFO] [HEARTBEAT TX]
[2026-09-02T18:59:18.399+00:00][B] [INFO] Node ID: 2
[2026-09-02T18:59:18.400+00:00][B] [INFO] type: 2
[2026-09-02T18:59:18.400+00:00][B] [INFO] Destination: 0xFF
[2026-09-02T18:59:18.405+00:00][B] [INFO] Sequence: 346
[2026-09-02T18:59:18.405+00:00][B] [INFO] Packet ID: 89
[2026-09-02T18:59:18.410+00:00][B] [INFO] Packet Size: 26
[2026-09-02T18:59:18.411+00:00][B] [INFO] Timestamp: 89 ms
[2026-09-02T18:59:18.411+00:00][B] [INFO] Transmission Result: success
[2026-09-02T18:59:18.416+00:00][B] [INFO] --------------------------------
[2026-09-02T18:59:18.416+00:00][B] [INFO] [Heartbeat #89]
[2026-09-02T18:59:18.422+00:00][B] [INFO] Sent
[2026-09-02T18:59:18.422+00:00][B] [INFO] Waiting ACK...
[2026-09-02T18:59:18.422+00:00][B] [INFO] [WAITING ACK]
[2026-09-02T18:59:18.436+00:00][B] [INFO] [RF TX] type=2 source=0x02 destination=0xFF previousHop=0x02 sequence=346 ackSequence=0 ttl=8 hops=0 payloadSize=13 rssi=0 snr=0.00
[2026-09-02T18:59:18.436+00:00][B] [INFO] Heartbeat packet sent
