[2026-09-02T18:39:33.736+00:00][A] [INFO] TEST_DATA_QUEUED dst=0x02 seq=468 remaining=99
[2026-09-02T18:39:33.797+00:00][B] [INFO] [RF RX] type=1 source=0x01 destination=0x02 previousHop=0x01 sequence=468 ackSequence=0 ttl=8 hops=0 payloadSize=4 rssi=-61 snr
[2026-09-02T18:39:33.800+00:00][A] [INFO] [RF TX] type=1 source=0x01 destination=0x02 previousHop=0x01 sequence=468 ackSequence=0 ttl=8 hops=0 payloadSize=4 rssi=0 snr=0
[2026-09-02T18:39:33.801+00:00][A] [INFO] TEST_DATA_QUEUED dst=0x02 seq=469 remaining=98
[2026-09-02T18:39:33.855+00:00][B] [INFO] [RF TX] type=3 source=0x02 destination=0x01 previousHop=0x02 sequence=262 ackSequence=468 ttl=8 hops=0 payloadSize=2 rssi=0 snr
[2026-09-02T18:39:33.863+00:00][A] [INFO] [RF TX] type=1 source=0x01 destination=0x02 previousHop=0x01 sequence=469 ackSequence=0 ttl=8 hops=0 payloadSize=4 rssi=0 snr=0
[2026-09-02T18:39:33.864+00:00][A] [INFO] TEST_DATA_QUEUED dst=0x02 seq=470 remaining=97
[2026-09-02T18:39:33.923+00:00][B] [INFO] [RF RX] type=1 source=0x01 destination=0x02 previousHop=0x01 sequence=470 ackSequence=0 ttl=8 hops=0 payloadSize=4 rssi=-62 snr
[2026-09-02T18:39:33.926+00:00][A] [INFO] [RF TX] type=1 source=0x01 destination=0x02 previousHop=0x01 sequence=470 ackSequence=0 ttl=8 hops=0 payloadSize=4 rssi=0 snr=0
[2026-09-02T18:39:33.926+00:00][A] [INFO] TEST_DATA_QUEUED dst=0x02 seq=471 remaining=96
[2026-09-02T18:39:33.981+00:00][B] [INFO] [RF TX] type=3 source=0x02 destination=0x01 previousHop=0x02 sequence=263 ackSequence=470 ttl=8 hops=0 payloadSize=2 rssi=0 snr
[2026-09-02T18:39:33.989+00:00][A] [INFO] [RF TX] type=1 source=0x01 destination=0x02 previousHop=0x01 sequence=471 ackSequence=0 ttl=8 hops=0 payloadSize=4 rssi=0 snr=0
[2026-09-02T18:39:33.989+00:00][A] [INFO] TEST_DATA_QUEUED dst=0x02 seq=472 remaining=95
[2026-09-02T18:39:34.049+00:00][B] [INFO] [RF RX] type=1 source=0x01 destination=0x02 previousHop=0x01 sequence=472 ackSequence=0 ttl=8 hops=0 payloadSize=4 rssi=-61 snr
[2026-09-02T18:39:34.052+00:00][A] [INFO] [RF TX] type=1 source=0x01 destination=0x02 previousHop=0x01 sequence=472 ackSequence=0 ttl=8 hops=0 payloadSize=4 rssi=0 snr=0
[2026-09-02T18:39:34.052+00:00][A] [INFO] TEST_DATA_QUEUED dst=0x02 seq=473 remaining=94
[2026-09-02T18:39:34.053+00:00][A] [WARN] Retry 1
[2026-09-02T18:39:34.107+00:00][B] [INFO] [RF TX] type=3 source=0x02 destination=0x01 previousHop=0x02 sequence=264 ackSequence=472 ttl=8 hops=0 payloadSize=2 rssi=0 snr
[2026-09-02T18:39:34.115+00:00][A] [INFO] [RF TX] type=1 source=0x01 destination=0x02 previousHop=0x01 sequence=473 ackSequence=0 ttl=8 hops=0 payloadSize=4 rssi=0 snr=0
[2026-09-02T18:39:34.116+00:00][A] [INFO] TEST_DATA_QUEUED dst=0x02 seq=474 remaining=93
[2026-09-02T18:39:34.177+00:00][A] [INFO] --------------------------------
[2026-09-02T18:39:34.178+00:00][A] [INFO] [HEARTBEAT TX]
[2026-09-02T18:39:34.183+00:00][A] [INFO] Node ID: 1
[2026-09-02T18:39:34.183+00:00][A] [INFO] type: 2
[2026-09-02T18:39:34.183+00:00][A] [INFO] Destination: 0xFF
[2026-09-02T18:39:34.185+00:00][B] [INFO] [RF RX] type=2 source=0x01 destination=0xFF previousHop=0x01 sequence=467 ackSequence=0 ttl=8 hops=0 payloadSize=13 rssi=-61 sn
[2026-09-02T18:39:34.188+00:00][A] [INFO] Sequence: 467
[2026-09-02T18:39:34.188+00:00][A] [INFO] Packet ID: 266
[2026-09-02T18:39:34.193+00:00][A] [INFO] Packet Size: 26
[2026-09-02T18:39:34.194+00:00][A] [INFO] Timestamp: 266 ms
[2026-09-02T18:39:34.199+00:00][A] [INFO] Transmission Result: success
[2026-09-02T18:39:34.200+00:00][A] [INFO] --------------------------------
[2026-09-02T18:39:34.205+00:00][A] [INFO] [Heartbeat #266]
[2026-09-02T18:39:34.205+00:00][A] [INFO] Sent
[2026-09-02T18:39:34.205+00:00][A] [INFO] Waiting ACK...
[2026-09-02T18:39:34.205+00:00][A] [INFO] [WAITING ACK]
[2026-09-02T18:39:34.221+00:00][A] [INFO] [RF TX] type=2 source=0x01 destination=0xFF previousHop=0x01 sequence=467 ackSequence=0 ttl=8 hops=0 payloadSize=13 rssi=0 snr=
[2026-09-02T18:39:34.222+00:00][A] [INFO] Heartbeat packet sent
[2026-09-02T18:39:34.224+00:00][A] [INFO] TEST_DATA_QUEUED dst=0x02 seq=475 remaining=92
[2026-09-02T18:39:34.280+00:00][B] [INFO] [RF RX] type=1 source=0x01 destination=0x02 previousHop=0x01 sequence=474 ackSequence=0 ttl=8 hops=0 payloadSize=4 rssi=-61 snr
[2026-09-02T18:39:34.283+00:00][A] [INFO] [RF TX] type=1 source=0x01 destination=0x02 previousHop=0x01 sequence=474 ackSequence=0 ttl=8 hops=0 payloadSize=4 rssi=0 snr=0
[2026-09-02T18:39:34.284+00:00][A] [INFO] TEST_DATA_QUEUED dst=0x02 seq=476 remaining=91
[2026-09-02T18:39:34.337+00:00][B] [INFO] [RF TX] type=3 source=0x02 destination=0x01 previousHop=0x02 sequence=265 ackSequence=474 ttl=8 hops=0 payloadSize=2 rssi=0 snr
[2026-09-02T18:39:34.346+00:00][A] [INFO] [RF TX] type=1 source=0x01 destination=0x02 previousHop=0x01 sequence=475 ackSequence=0 ttl=8 hops=0 payloadSize=4 rssi=0 snr=0
[2026-09-02T18:39:34.346+00:00][A] [INFO] TEST_DATA_QUEUED dst=0x02 seq=477 remaining=90
[2026-09-02T18:39:34.405+00:00][B] [INFO] [RF RX] type=1 source=0x01 destination=0x02 previousHop=0x01 sequence=476 ackSequence=0 ttl=8 hops=0 payloadSize=4 rssi=-62 snr
[2026-09-02T18:39:34.409+00:00][A] [INFO] [RF TX] type=1 source=0x01 destination=0x02 previousHop=0x01 sequence=476 ackSequence=0 ttl=8 hops=0 payloadSize=4 rssi=0 snr=0
[2026-09-02T18:39:34.409+00:00][A] [INFO] TEST_DATA_QUEUED dst=0x02 seq=478 remaining=89
[2026-09-02T18:39:34.463+00:00][B] [INFO] [RF TX] type=3 source=0x02 destination=0x01 previousHop=0x02 sequence=266 ackSequence=476 ttl=8 hops=0 payloadSize=2 rssi=0 snr
[2026-09-02T18:39:34.471+00:00][A] [INFO] [RF TX] type=1 source=0x01 destination=0x02 previousHop=0x01 sequence=477 ackSequence=0 ttl=8 hops=0 payloadSize=4 rssi=0 snr=0
[2026-09-02T18:39:34.472+00:00][A] [INFO] TEST_DATA_QUEUED dst=0x02 seq=479 remaining=88
[2026-09-02T18:39:34.531+00:00][B] [INFO] [RF RX] type=1 source=0x01 destination=0x02 previousHop=0x01 sequence=478 ackSequence=0 ttl=8 hops=0 payloadSize=4 rssi=-62 snr
[2026-09-02T18:39:34.534+00:00][A] [INFO] [RF TX] type=1 source=0x01 destination=0x02 previousHop=0x01 sequence=478 ackSequence=0 ttl=8 hops=0 payloadSize=4 rssi=0 snr=0
[2026-09-02T18:39:34.535+00:00][A] [INFO] TEST_DATA_QUEUED dst=0x02 seq=480 remaining=87
[2026-09-02T18:39:34.590+00:00][B] [INFO] [RF TX] type=3 source=0x02 destination=0x01 previousHop=0x02 sequence=267 ackSequence=478 ttl=8 hops=0 payloadSize=2 rssi=0 snr
[2026-09-02T18:39:34.590+00:00][B] [WARN] Retry 1
[2026-09-02T18:39:34.597+00:00][A] [INFO] [RF TX] type=1 source=0x01 destination=0x02 previousHop=0x01 sequence=479 ackSequence=0 ttl=8 hops=0 payloadSize=4 rssi=0 snr=0
[2026-09-02T18:39:34.598+00:00][A] [INFO] TEST_DATA_QUEUED dst=0x02 seq=481 remaining=86
[2026-09-02T18:39:34.656+00:00][B] [INFO] --------------------------------
[2026-09-02T18:39:34.657+00:00][B] [INFO] [HEARTBEAT TX]
[2026-09-02T18:39:34.660+00:00][A] [INFO] [RF TX] type=1 source=0x01 destination=0x02 previousHop=0x01 sequence=480 ackSequence=0 ttl=8 hops=0 payloadSize=4 rssi=0 snr=0
[2026-09-02T18:39:34.661+00:00][A] [INFO] TEST_DATA_QUEUED dst=0x02 seq=482 remaining=85
[2026-09-02T18:39:34.661+00:00][B] [INFO] Node ID: 2
[2026-09-02T18:39:34.662+00:00][B] [INFO] type: 2
[2026-09-02T18:39:34.662+00:00][B] [INFO] Destination: 0xFF
[2026-09-02T18:39:34.667+00:00][B] [INFO] Sequence: 261
[2026-09-02T18:39:34.667+00:00][B] [INFO] Packet ID: 148
[2026-09-02T18:39:34.672+00:00][B] [INFO] Packet Size: 26
[2026-09-02T18:39:34.673+00:00][B] [INFO] Timestamp: 148 ms
[2026-09-02T18:39:34.678+00:00][B] [INFO] Transmission Result: success
[2026-09-02T18:39:34.678+00:00][B] [INFO] --------------------------------
[2026-09-02T18:39:34.683+00:00][B] [INFO] [Heartbeat #148]
[2026-09-02T18:39:34.684+00:00][B] [INFO] Sent
[2026-09-02T18:39:34.684+00:00][B] [INFO] Waiting ACK...
[2026-09-02T18:39:34.684+00:00][B] [INFO] [WAITING ACK]
[2026-09-02T18:39:34.698+00:00][B] [INFO] [RF TX] type=2 source=0x02 destination=0xFF previousHop=0x02 sequence=261 ackSequence=0 ttl=8 hops=0 payloadSize=13 rssi=0 snr=
[2026-09-02T18:39:34.698+00:00][B] [INFO] Heartbeat packet sent
[2026-09-02T18:39:34.723+00:00][A] [INFO] [RF TX] type=1 source=0x01 destination=0x02 previousHop=0x01 sequence=481 ackSequence=0 ttl=8 hops=0 payloadSize=4 rssi=0 snr=0
[2026-09-02T18:39:34.723+00:00][A] [INFO] TEST_DATA_QUEUED dst=0x02 seq=483 remaining=84
[2026-09-02T18:39:34.782+00:00][B] [INFO] [RF RX] type=1 source=0x01 destination=0x02 previousHop=0x01 sequence=482 ackSequence=0 ttl=8 hops=0 payloadSize=4 rssi=-62 snr
[2026-09-02T18:39:34.785+00:00][A] [INFO] [RF TX] type=1 source=0x01 destination=0x02 previousHop=0x01 sequence=482 ackSequence=0 ttl=8 hops=0 payloadSize=4 rssi=0 snr=0
[2026-09-02T18:39:34.786+00:00][A] [INFO] TEST_DATA_QUEUED dst=0x02 seq=484 remaining=83
[2026-09-02T18:39:34.840+00:00][B] [INFO] [RF TX] type=3 source=0x02 destination=0x01 previousHop=0x02 sequence=268 ackSequence=482 ttl=8 hops=0 payloadSize=2 rssi=0 snr
[2026-09-02T18:39:34.848+00:00][A] [INFO] [RF TX] type=1 source=0x01 destination=0x02 previousHop=0x01 sequence=483 ackSequence=0 ttl=8 hops=0 payloadSize=4 rssi=0 snr=0
[2026-09-02T18:39:34.849+00:00][A] [INFO] TEST_DATA_QUEUED dst=0x02 seq=485 remaining=82
[2026-09-02T18:39:34.850+00:00][A] [WARN] TX_RETRY seq=468
[2026-09-02T18:39:34.908+00:00][B] [INFO] [RF RX] type=1 source=0x01 destination=0x02 previousHop=0x01 sequence=484 ackSequence=0 ttl=8 hops=0 payloadSize=4 rssi=-62 snr
[2026-09-02T18:39:34.911+00:00][A] [INFO] [RF TX] type=1 source=0x01 destination=0x02 previousHop=0x01 sequence=484 ackSequence=0 ttl=8 hops=0 payloadSize=4 rssi=0 snr=0
[2026-09-02T18:39:34.912+00:00][A] [INFO] TEST_DATA_QUEUED dst=0x02 seq=486 remaining=81
[2026-09-02T18:39:34.914+00:00][A] [WARN] TX_RETRY seq=469
[2026-09-02T18:39:34.966+00:00][B] [INFO] [RF TX] type=3 source=0x02 destination=0x01 previousHop=0x02 sequence=269 ackSequence=484 ttl=8 hops=0 payloadSize=2 rssi=0 snr
[2026-09-02T18:39:34.975+00:00][A] [INFO] [RF TX] type=1 source=0x01 destination=0x02 previousHop=0x01 sequence=485 ackSequence=0 ttl=8 hops=0 payloadSize=4 rssi=0 snr=0
[2026-09-02T18:39:34.975+00:00][A] [INFO] TEST_DATA_QUEUED dst=0x02 seq=487 remaining=80
[2026-09-02T18:39:34.977+00:00][A] [WARN] TX_RETRY seq=470
[2026-09-02T18:39:35.037+00:00][A] [INFO] [RF TX] type=1 source=0x01 destination=0x02 previousHop=0x01 sequence=468 ackSequence=0 ttl=8 hops=0 payloadSize=4 rssi=0 snr=0
[2026-09-02T18:39:35.038+00:00][A] [INFO] TEST_DATA_QUEUED dst=0x02 seq=489 remaining=79
[2026-09-02T18:39:35.040+00:00][A] [WARN] TX_RETRY seq=471
[2026-09-02T18:39:35.081+00:00][B] [INFO] [RF TX] type=3 source=0x02 destination=0x01 previousHop=0x02 sequence=270 ackSequence=468 ttl=8 hops=0 payloadSize=2 rssi=0 snr
[2026-09-02T18:39:35.100+00:00][A] [INFO] [RF TX] type=1 source=0x01 destination=0x02 previousHop=0x01 sequence=486 ackSequence=0 ttl=8 hops=0 payloadSize=4 rssi=0 snr=0
[2026-09-02T18:39:35.101+00:00][A] [INFO] TEST_DATA_QUEUED dst=0x02 seq=490 remaining=78
[2026-09-02T18:39:35.103+00:00][A] [WARN] TX_RETRY seq=472
[2026-09-02T18:39:35.160+00:00][B] [INFO] [RF RX] type=1 source=0x01 destination=0x02 previousHop=0x01 sequence=469 ackSequence=0 ttl=8 hops=0 payloadSize=4 rssi=-62 snr
[2026-09-02T18:39:35.163+00:00][A] [INFO] [RF TX] type=1 source=0x01 destination=0x02 previousHop=0x01 sequence=469 ackSequence=0 ttl=8 hops=0 payloadSize=4 rssi=0 snr=0
[2026-09-02T18:39:35.164+00:00][A] [INFO] TEST_DATA_QUEUED dst=0x02 seq=491 remaining=77
[2026-09-02T18:39:35.165+00:00][A] [ERROR] TX_FAILED
[2026-09-02T18:39:35.218+00:00][B] [INFO] [RF TX] type=3 source=0x02 destination=0x01 previousHop=0x02 sequence=271 ackSequence=469 ttl=8 hops=0 payloadSize=2 rssi=0 snr
[2026-09-02T18:39:35.226+00:00][A] [INFO] [RF TX] type=1 source=0x01 destination=0x02 previousHop=0x01 sequence=487 ackSequence=0 ttl=8 hops=0 payloadSize=4 rssi=0 snr=0
[2026-09-02T18:39:35.227+00:00][A] [INFO] TEST_DATA_QUEUED dst=0x02 seq=492 remaining=76
[2026-09-02T18:39:35.228+00:00][A] [WARN] Retry 1
[2026-09-02T18:39:35.289+00:00][A] [INFO] [RF TX] type=1 source=0x01 destination=0x02 previousHop=0x01 sequence=470 ackSequence=0 ttl=8 hops=0 payloadSize=4 rssi=0 snr=0
[2026-09-02T18:39:35.290+00:00][A] [INFO] TEST_DATA_QUEUED dst=0x02 seq=493 remaining=75
[2026-09-02T18:39:35.291+00:00][A] [ERROR] TX_FAILED
[2026-09-02T18:39:35.333+00:00][B] [INFO] [RF TX] type=3 source=0x02 destination=0x01 previousHop=0x02 sequence=272 ackSequence=470 ttl=8 hops=0 payloadSize=2 rssi=0 snr
[2026-09-02T18:39:35.352+00:00][A] [INFO] --------------------------------
[2026-09-02T18:39:35.352+00:00][A] [INFO] [HEARTBEAT TX]
[2026-09-02T18:39:35.357+00:00][A] [INFO] Node ID: 1
[2026-09-02T18:39:35.357+00:00][A] [INFO] type: 2
[2026-09-02T18:39:35.358+00:00][A] [INFO] Destination: 0xFF
[2026-09-02T18:39:35.362+00:00][A] [INFO] Sequence: 488
[2026-09-02T18:39:35.363+00:00][A] [INFO] Packet ID: 267
[2026-09-02T18:39:35.368+00:00][A] [INFO] Packet Size: 26
[2026-09-02T18:39:35.368+00:00][A] [INFO] Timestamp: 267 ms
[2026-09-02T18:39:35.373+00:00][A] [INFO] Transmission Result: success
[2026-09-02T18:39:35.374+00:00][A] [INFO] --------------------------------
[2026-09-02T18:39:35.379+00:00][A] [INFO] [Heartbeat #267]
[2026-09-02T18:39:35.379+00:00][A] [INFO] Sent
[2026-09-02T18:39:35.380+00:00][A] [INFO] Waiting ACK...
[2026-09-02T18:39:35.380+00:00][A] [INFO] [WAITING ACK]
[2026-09-02T18:39:35.396+00:00][A] [INFO] [RF TX] type=2 source=0x01 destination=0xFF previousHop=0x01 sequence=488 ackSequence=0 ttl=8 hops=0 payloadSize=13 rssi=0 snr=
[2026-09-02T18:39:35.396+00:00][A] [INFO] Heartbeat packet sent
[2026-09-02T18:39:35.400+00:00][A] [INFO] TEST_DATA_QUEUED dst=0x02 seq=494 remaining=74
[2026-09-02T18:39:35.400+00:00][A] [ERROR] TX_FAILED
[2026-09-02T18:39:35.464+00:00][B] [INFO] [RF RX] type=1 source=0x01 destination=0x02 previousHop=0x01 sequence=489 ackSequence=0 ttl=8 hops=0 payloadSize=4 rssi=-62 snr
[2026-09-02T18:39:35.467+00:00][A] [INFO] [RF TX] type=1 source=0x01 destination=0x02 previousHop=0x01 sequence=489 ackSequence=0 ttl=8 hops=0 payloadSize=4 rssi=0 snr=0
[2026-09-02T18:39:35.468+00:00][A] [INFO] TEST_DATA_QUEUED dst=0x02 seq=495 remaining=73
[2026-09-02T18:39:35.522+00:00][B] [INFO] [RF TX] type=3 source=0x02 destination=0x01 previousHop=0x02 sequence=273 ackSequence=489 ttl=8 hops=0 payloadSize=2 rssi=0 snr
[2026-09-02T18:39:35.530+00:00][A] [INFO] [RF TX] type=1 source=0x01 destination=0x02 previousHop=0x01 sequence=471 ackSequence=0 ttl=8 hops=0 payloadSize=4 rssi=0 snr=0
[2026-09-02T18:39:35.531+00:00][A] [INFO] TEST_DATA_QUEUED dst=0x02 seq=496 remaining=72
[2026-09-02T18:39:35.589+00:00][B] [INFO] --------------------------------
[2026-09-02T18:39:35.590+00:00][B] [INFO] [HEARTBEAT TX]
[2026-09-02T18:39:35.593+00:00][A] [INFO] [RF TX] type=1 source=0x01 destination=0x02 previousHop=0x01 sequence=490 ackSequence=0 ttl=8 hops=0 payloadSize=4 rssi=0 snr=0
[2026-09-02T18:39:35.594+00:00][A] [INFO] TEST_DATA_QUEUED dst=0x02 seq=497 remaining=71
[2026-09-02T18:39:35.595+00:00][B] [INFO] Node ID: 2
[2026-09-02T18:39:35.595+00:00][B] [INFO] type: 2
[2026-09-02T18:39:35.595+00:00][B] [INFO] Destination: 0xFF
[2026-09-02T18:39:35.600+00:00][B] [INFO] Sequence: 274
[2026-09-02T18:39:35.600+00:00][B] [INFO] Packet ID: 149
[2026-09-02T18:39:35.606+00:00][B] [INFO] Packet Size: 26
[2026-09-02T18:39:35.606+00:00][B] [INFO] Timestamp: 149 ms
[2026-09-02T18:39:35.611+00:00][B] [INFO] Transmission Result: success
[2026-09-02T18:39:35.612+00:00][B] [INFO] --------------------------------
[2026-09-02T18:39:35.617+00:00][B] [INFO] [Heartbeat #149]
[2026-09-02T18:39:35.617+00:00][B] [INFO] Sent
[2026-09-02T18:39:35.617+00:00][B] [INFO] Waiting ACK...
[2026-09-02T18:39:35.617+00:00][B] [INFO] [WAITING ACK]
[2026-09-02T18:39:35.631+00:00][B] [INFO] [RF TX] type=2 source=0x02 destination=0xFF previousHop=0x02 sequence=274 ackSequence=0 ttl=8 hops=0 payloadSize=13 rssi=0 snr=
[2026-09-02T18:39:35.631+00:00][B] [INFO] Heartbeat packet sent
[2026-09-02T18:39:35.656+00:00][A] [INFO] [RF TX] type=1 source=0x01 destination=0x02 previousHop=0x01 sequence=472 ackSequence=0 ttl=8 hops=0 payloadSize=4 rssi=0 snr=0
[2026-09-02T18:39:35.657+00:00][A] [INFO] TEST_DATA_QUEUED dst=0x02 seq=498 remaining=70
[2026-09-02T18:39:35.716+00:00][B] [INFO] [RF RX] type=1 source=0x01 destination=0x02 previousHop=0x01 sequence=491 ackSequence=0 ttl=8 hops=0 payloadSize=4 rssi=-62 snr
[2026-09-02T18:39:35.719+00:00][A] [INFO] [RF TX] type=1 source=0x01 destination=0x02 previousHop=0x01 sequence=491 ackSequence=0 ttl=8 hops=0 payloadSize=4 rssi=0 snr=0
[2026-09-02T18:39:35.720+00:00][A] [INFO] TEST_DATA_QUEUED dst=0x02 seq=499 remaining=69
[2026-09-02T18:39:35.774+00:00][B] [INFO] [RF TX] type=3 source=0x02 destination=0x01 previousHop=0x02 sequence=275 ackSequence=491 ttl=8 hops=0 payloadSize=2 rssi=0 snr
[2026-09-02T18:39:35.782+00:00][A] [INFO] [RF TX] type=1 source=0x01 destination=0x02 previousHop=0x01 sequence=492 ackSequence=0 ttl=8 hops=0 payloadSize=4 rssi=0 snr=0
[2026-09-02T18:39:35.783+00:00][A] [INFO] TEST_DATA_QUEUED dst=0x02 seq=500 remaining=68
[2026-09-02T18:39:35.842+00:00][B] [INFO] [RF RX] type=1 source=0x01 destination=0x02 previousHop=0x01 sequence=493 ackSequence=0 ttl=8 hops=0 payloadSize=4 rssi=-62 snr
[2026-09-02T18:39:35.845+00:00][A] [INFO] [RF TX] type=1 source=0x01 destination=0x02 previousHop=0x01 sequence=493 ackSequence=0 ttl=8 hops=0 payloadSize=4 rssi=0 snr=0
[2026-09-02T18:39:35.845+00:00][A] [INFO] TEST_DATA_QUEUED dst=0x02 seq=501 remaining=67
[2026-09-02T18:39:35.899+00:00][B] [INFO] [RF TX] type=3 source=0x02 destination=0x01 previousHop=0x02 sequence=276 ackSequence=493 ttl=8 hops=0 payloadSize=2 rssi=0 snr
[2026-09-02T18:39:35.908+00:00][A] [INFO] [RF TX] type=1 source=0x01 destination=0x02 previousHop=0x01 sequence=494 ackSequence=0 ttl=8 hops=0 payloadSize=4 rssi=0 snr=0
[2026-09-02T18:39:35.908+00:00][A] [INFO] TEST_DATA_QUEUED dst=0x02 seq=502 remaining=66
[2026-09-02T18:39:35.967+00:00][B] [INFO] [RF RX] type=1 source=0x01 destination=0x02 previousHop=0x01 sequence=495 ackSequence=0 ttl=8 hops=0 payloadSize=4 rssi=-62 snr
[2026-09-02T18:39:35.970+00:00][A] [INFO] [RF TX] type=1 source=0x01 destination=0x02 previousHop=0x01 sequence=495 ackSequence=0 ttl=8 hops=0 payloadSize=4 rssi=0 snr=0
[2026-09-02T18:39:35.971+00:00][A] [INFO] TEST_DATA_QUEUED dst=0x02 seq=503 remaining=65
[2026-09-02T18:39:36.025+00:00][B] [INFO] [RF TX] type=3 source=0x02 destination=0x01 previousHop=0x02 sequence=277 ackSequence=495 ttl=8 hops=0 payloadSize=2 rssi=0 snr
[2026-09-02T18:39:36.033+00:00][A] [INFO] [RF TX] type=1 source=0x01 destination=0x02 previousHop=0x01 sequence=496 ackSequence=0 ttl=8 hops=0 payloadSize=4 rssi=0 snr=0
[2026-09-02T18:39:36.034+00:00][A] [INFO] TEST_DATA_QUEUED dst=0x02 seq=504 remaining=64
[2026-09-02T18:39:36.093+00:00][B] [INFO] [RF RX] type=1 source=0x01 destination=0x02 previousHop=0x01 sequence=497 ackSequence=0 ttl=8 hops=0 payloadSize=4 rssi=-62 snr
[2026-09-02T18:39:36.096+00:00][A] [INFO] [RF TX] type=1 source=0x01 destination=0x02 previousHop=0x01 sequence=497 ackSequence=0 ttl=8 hops=0 payloadSize=4 rssi=0 snr=0
[2026-09-02T18:39:36.096+00:00][A] [INFO] TEST_DATA_QUEUED dst=0x02 seq=505 remaining=63
[2026-09-02T18:39:36.098+00:00][A] [ERROR] TX_FAILED
[2026-09-02T18:39:36.150+00:00][B] [INFO] [RF TX] type=3 source=0x02 destination=0x01 previousHop=0x02 sequence=278 ackSequence=497 ttl=8 hops=0 payloadSize=2 rssi=0 snr
[2026-09-02T18:39:36.159+00:00][A] [INFO] [RF TX] type=1 source=0x01 destination=0x02 previousHop=0x01 sequence=498 ackSequence=0 ttl=8 hops=0 payloadSize=4 rssi=0 snr=0
[2026-09-02T18:39:36.160+00:00][A] [INFO] TEST_DATA_QUEUED dst=0x02 seq=506 remaining=62
[2026-09-02T18:39:36.219+00:00][B] [INFO] [RF RX] type=1 source=0x01 destination=0x02 previousHop=0x01 sequence=499 ackSequence=0 ttl=8 hops=0 payloadSize=4 rssi=-63 snr
[2026-09-02T18:39:36.222+00:00][A] [INFO] [RF TX] type=1 source=0x01 destination=0x02 previousHop=0x01 sequence=499 ackSequence=0 ttl=8 hops=0 payloadSize=4 rssi=0 snr=0
[2026-09-02T18:39:36.223+00:00][A] [INFO] TEST_DATA_QUEUED dst=0x02 seq=507 remaining=61
[2026-09-02T18:39:36.223+00:00][A] [ERROR] TX_FAILED
[2026-09-02T18:39:36.276+00:00][B] [INFO] [RF TX] type=3 source=0x02 destination=0x01 previousHop=0x02 sequence=279 ackSequence=499 ttl=8 hops=0 payloadSize=2 rssi=0 snr
[2026-09-02T18:39:36.285+00:00][A] [INFO] [RF TX] type=1 source=0x01 destination=0x02 previousHop=0x01 sequence=500 ackSequence=0 ttl=8 hops=0 payloadSize=4 rssi=0 snr=0
[2026-09-02T18:39:36.285+00:00][A] [INFO] TEST_DATA_QUEUED dst=0x02 seq=508 remaining=60
[2026-09-02T18:39:36.286+00:00][A] [ERROR] TX_FAILED
[2026-09-02T18:39:36.344+00:00][B] [INFO] [RF RX] type=1 source=0x01 destination=0x02 previousHop=0x01 sequence=501 ackSequence=0 ttl=8 hops=0 payloadSize=4 rssi=-61 snr
[2026-09-02T18:39:36.347+00:00][A] [INFO] [RF TX] type=1 source=0x01 destination=0x02 previousHop=0x01 sequence=501 ackSequence=0 ttl=8 hops=0 payloadSize=4 rssi=0 snr=0
[2026-09-02T18:39:36.348+00:00][A] [INFO] TEST_DATA_QUEUED dst=0x02 seq=509 remaining=59
[2026-09-02T18:39:36.349+00:00][A] [ERROR] TX_FAILED
[2026-09-02T18:39:36.402+00:00][B] [INFO] [RF TX] type=3 source=0x02 destination=0x01 previousHop=0x02 sequence=280 ackSequence=501 ttl=8 hops=0 payloadSize=2 rssi=0 snr
[2026-09-02T18:39:36.410+00:00][A] [INFO] [RF TX] type=1 source=0x01 destination=0x02 previousHop=0x01 sequence=502 ackSequence=0 ttl=8 hops=0 payloadSize=4 rssi=0 snr=0
[2026-09-02T18:39:36.411+00:00][A] [INFO] TEST_DATA_QUEUED dst=0x02 seq=510 remaining=58
[2026-09-02T18:39:36.412+00:00][A] [WARN] Retry 1
[2026-09-02T18:39:36.470+00:00][B] [INFO] [RF RX] type=1 source=0x01 destination=0x02 previousHop=0x01 sequence=503 ackSequence=0 ttl=8 hops=0 payloadSize=4 rssi=-61 snr
[2026-09-02T18:39:36.473+00:00][A] [INFO] [RF TX] type=1 source=0x01 destination=0x02 previousHop=0x01 sequence=503 ackSequence=0 ttl=8 hops=0 payloadSize=4 rssi=0 snr=0
[2026-09-02T18:39:36.474+00:00][A] [INFO] TEST_DATA_QUEUED dst=0x02 seq=511 remaining=57
[2026-09-02T18:39:36.475+00:00][A] [ERROR] TX_FAILED
[2026-09-02T18:39:36.528+00:00][B] [INFO] [RF TX] type=3 source=0x02 destination=0x01 previousHop=0x02 sequence=281 ackSequence=503 ttl=8 hops=0 payloadSize=2 rssi=0 snr
[2026-09-02T18:39:36.536+00:00][A] [INFO] [RF TX] type=1 source=0x01 destination=0x02 previousHop=0x01 sequence=504 ackSequence=0 ttl=8 hops=0 payloadSize=4 rssi=0 snr=0
[2026-09-02T18:39:36.537+00:00][A] [INFO] TEST_DATA_QUEUED dst=0x02 seq=512 remaining=56
[2026-09-02T18:39:36.538+00:00][A] [ERROR] TX_FAILED
[2026-09-02T18:39:36.596+00:00][B] [INFO] [RF RX] type=1 source=0x01 destination=0x02 previousHop=0x01 sequence=505 ackSequence=0 ttl=8 hops=0 payloadSize=4 rssi=-60 snr
[2026-09-02T18:39:36.599+00:00][A] [INFO] [RF TX] type=1 source=0x01 destination=0x02 previousHop=0x01 sequence=505 ackSequence=0 ttl=8 hops=0 payloadSize=4 rssi=0 snr=0
[2026-09-02T18:39:36.600+00:00][A] [INFO] TEST_DATA_QUEUED dst=0x02 seq=513 remaining=55
[2026-09-02T18:39:36.601+00:00][A] [ERROR] TX_FAILED
[2026-09-02T18:39:36.655+00:00][B] [INFO] [RF TX] type=3 source=0x02 destination=0x01 previousHop=0x02 sequence=282 ackSequence=505 ttl=8 hops=0 payloadSize=2 rssi=0 snr
[2026-09-02T18:39:36.656+00:00][B] [WARN] Retry 1
[2026-09-02T18:39:36.662+00:00][A] [INFO] [RF TX] type=1 source=0x01 destination=0x02 previousHop=0x01 sequence=506 ackSequence=0 ttl=8 hops=0 payloadSize=4 rssi=0 snr=0
[2026-09-02T18:39:36.663+00:00][A] [INFO] TEST_DATA_QUEUED dst=0x02 seq=514 remaining=54
[2026-09-02T18:39:36.664+00:00][A] [ERROR] TX_FAILED
[2026-09-02T18:39:36.721+00:00][B] [INFO] --------------------------------
[2026-09-02T18:39:36.722+00:00][B] [INFO] [HEARTBEAT TX]
[2026-09-02T18:39:36.725+00:00][A] [INFO] [RF TX] type=1 source=0x01 destination=0x02 previousHop=0x01 sequence=507 ackSequence=0 ttl=8 hops=0 payloadSize=4 rssi=0 snr=0
[2026-09-02T18:39:36.726+00:00][A] [INFO] TEST_DATA_QUEUED dst=0x02 seq=515 remaining=53
[2026-09-02T18:39:36.726+00:00][B] [INFO] Node ID: 2
[2026-09-02T18:39:36.727+00:00][B] [INFO] type: 2
[2026-09-02T18:39:36.727+00:00][B] [INFO] Destination: 0xFF
[2026-09-02T18:39:36.732+00:00][B] [INFO] Sequence: 274
[2026-09-02T18:39:36.732+00:00][B] [INFO] Packet ID: 149
[2026-09-02T18:39:36.737+00:00][B] [INFO] Packet Size: 26
[2026-09-02T18:39:36.738+00:00][B] [INFO] Timestamp: 149 ms
[2026-09-02T18:39:36.743+00:00][B] [INFO] Transmission Result: success
[2026-09-02T18:39:36.744+00:00][B] [INFO] --------------------------------
[2026-09-02T18:39:36.748+00:00][B] [INFO] [Heartbeat #149]
[2026-09-02T18:39:36.749+00:00][B] [INFO] Sent
[2026-09-02T18:39:36.749+00:00][B] [INFO] Waiting ACK...
[2026-09-02T18:39:36.749+00:00][B] [INFO] [WAITING ACK]
[2026-09-02T18:39:36.763+00:00][B] [INFO] [RF TX] type=2 source=0x02 destination=0xFF previousHop=0x02 sequence=274 ackSequence=0 ttl=8 hops=0 payloadSize=13 rssi=0 snr=
[2026-09-02T18:39:36.763+00:00][B] [INFO] Heartbeat packet sent
[2026-09-02T18:39:36.788+00:00][A] [INFO] [RF TX] type=1 source=0x01 destination=0x02 previousHop=0x01 sequence=508 ackSequence=0 ttl=8 hops=0 payloadSize=4 rssi=0 snr=0
[2026-09-02T18:39:36.789+00:00][A] [INFO] TEST_DATA_QUEUED dst=0x02 seq=516 remaining=52
[2026-09-02T18:39:36.848+00:00][B] [INFO] [RF RX] type=1 source=0x01 destination=0x02 previousHop=0x01 sequence=509 ackSequence=0 ttl=8 hops=0 payloadSize=4 rssi=-61 snr
[2026-09-02T18:39:36.851+00:00][A] [INFO] [RF TX] type=1 source=0x01 destination=0x02 previousHop=0x01 sequence=509 ackSequence=0 ttl=8 hops=0 payloadSize=4 rssi=0 snr=0
[2026-09-02T18:39:36.852+00:00][A] [INFO] TEST_DATA_QUEUED dst=0x02 seq=517 remaining=51
[2026-09-02T18:39:36.905+00:00][B] [INFO] [RF TX] type=3 source=0x02 destination=0x01 previousHop=0x02 sequence=283 ackSequence=509 ttl=8 hops=0 payloadSize=2 rssi=0 snr
[2026-09-02T18:39:36.914+00:00][A] [INFO] [RF TX] type=1 source=0x01 destination=0x02 previousHop=0x01 sequence=510 ackSequence=0 ttl=8 hops=0 payloadSize=4 rssi=0 snr=0
[2026-09-02T18:39:36.914+00:00][A] [INFO] TEST_DATA_QUEUED dst=0x02 seq=518 remaining=50
[2026-09-02T18:39:36.973+00:00][B] [INFO] [RF RX] type=1 source=0x01 destination=0x02 previousHop=0x01 sequence=511 ackSequence=0 ttl=8 hops=0 payloadSize=4 rssi=-62 snr
[2026-09-02T18:39:36.976+00:00][A] [INFO] [RF TX] type=1 source=0x01 destination=0x02 previousHop=0x01 sequence=511 ackSequence=0 ttl=8 hops=0 payloadSize=4 rssi=0 snr=0
[2026-09-02T18:39:36.977+00:00][A] [INFO] TEST_DATA_QUEUED dst=0x02 seq=519 remaining=49
[2026-09-02T18:39:37.031+00:00][B] [INFO] [RF TX] type=3 source=0x02 destination=0x01 previousHop=0x02 sequence=284 ackSequence=511 ttl=8 hops=0 payloadSize=2 rssi=0 snr
[2026-09-02T18:39:37.040+00:00][A] [INFO] [RF TX] type=1 source=0x01 destination=0x02 previousHop=0x01 sequence=512 ackSequence=0 ttl=8 hops=0 payloadSize=4 rssi=0 snr=0
[2026-09-02T18:39:37.040+00:00][A] [INFO] TEST_DATA_QUEUED dst=0x02 seq=521 remaining=48
[2026-09-02T18:39:37.099+00:00][B] [INFO] [RF RX] type=1 source=0x01 destination=0x02 previousHop=0x01 sequence=513 ackSequence=0 ttl=8 hops=0 payloadSize=4 rssi=-61 snr
[2026-09-02T18:39:37.102+00:00][A] [INFO] [RF TX] type=1 source=0x01 destination=0x02 previousHop=0x01 sequence=513 ackSequence=0 ttl=8 hops=0 payloadSize=4 rssi=0 snr=0
[2026-09-02T18:39:37.103+00:00][A] [INFO] TEST_DATA_QUEUED dst=0x02 seq=523 remaining=47
[2026-09-02T18:39:37.157+00:00][B] [INFO] [RF TX] type=3 source=0x02 destination=0x01 previousHop=0x02 sequence=285 ackSequence=513 ttl=8 hops=0 payloadSize=2 rssi=0 snr
[2026-09-02T18:39:37.166+00:00][A] [INFO] [RF TX] type=1 source=0x01 destination=0x02 previousHop=0x01 sequence=514 ackSequence=0 ttl=8 hops=0 payloadSize=4 rssi=0 snr=0
[2026-09-02T18:39:37.166+00:00][A] [INFO] TEST_DATA_QUEUED dst=0x02 seq=525 remaining=46
[2026-09-02T18:39:37.167+00:00][A] [ERROR] TX_FAILED
[2026-09-02T18:39:37.226+00:00][B] [INFO] [RF RX] type=1 source=0x01 destination=0x02 previousHop=0x01 sequence=515 ackSequence=0 ttl=8 hops=0 payloadSize=4 rssi=-62 snr
[2026-09-02T18:39:37.229+00:00][A] [INFO] [RF TX] type=1 source=0x01 destination=0x02 previousHop=0x01 sequence=515 ackSequence=0 ttl=8 hops=0 payloadSize=4 rssi=0 snr=0
[2026-09-02T18:39:37.230+00:00][A] [INFO] TEST_DATA_QUEUED dst=0x02 seq=527 remaining=45
[2026-09-02T18:39:37.283+00:00][B] [INFO] [RF TX] type=3 source=0x02 destination=0x01 previousHop=0x02 sequence=286 ackSequence=515 ttl=8 hops=0 payloadSize=2 rssi=0 snr
[2026-09-02T18:39:37.292+00:00][A] [INFO] [RF TX] type=1 source=0x01 destination=0x02 previousHop=0x01 sequence=516 ackSequence=0 ttl=8 hops=0 payloadSize=4 rssi=0 snr=0
[2026-09-02T18:39:37.293+00:00][A] [INFO] TEST_DATA_QUEUED dst=0x02 seq=529 remaining=44
[2026-09-02T18:39:37.294+00:00][A] [ERROR] TX_FAILED
[2026-09-02T18:39:37.352+00:00][B] [INFO] [RF RX] type=1 source=0x01 destination=0x02 previousHop=0x01 sequence=517 ackSequence=0 ttl=8 hops=0 payloadSize=4 rssi=-61 snr
[2026-09-02T18:39:37.355+00:00][A] [INFO] [RF TX] type=1 source=0x01 destination=0x02 previousHop=0x01 sequence=517 ackSequence=0 ttl=8 hops=0 payloadSize=4 rssi=0 snr=0
[2026-09-02T18:39:37.356+00:00][A] [INFO] TEST_DATA_QUEUED dst=0x02 seq=531 remaining=43
[2026-09-02T18:39:37.357+00:00][A] [ERROR] TX_FAILED
[2026-09-02T18:39:37.410+00:00][B] [INFO] [RF TX] type=3 source=0x02 destination=0x01 previousHop=0x02 sequence=287 ackSequence=517 ttl=8 hops=0 payloadSize=2 rssi=0 snr
[2026-09-02T18:39:37.418+00:00][A] [INFO] [RF TX] type=1 source=0x01 destination=0x02 previousHop=0x01 sequence=518 ackSequence=0 ttl=8 hops=0 payloadSize=4 rssi=0 snr=0
[2026-09-02T18:39:37.419+00:00][A] [INFO] TEST_DATA_QUEUED dst=0x02 seq=533 remaining=42
[2026-09-02T18:39:37.421+00:00][A] [ERROR] TX_FAILED
[2026-09-02T18:39:37.422+00:00][A] [WARN] Retry 2
[2026-09-02T18:39:37.478+00:00][B] [INFO] [RF RX] type=1 source=0x01 destination=0x02 previousHop=0x01 sequence=519 ackSequence=0 ttl=8 hops=0 payloadSize=4 rssi=-62 snr
[2026-09-02T18:39:37.481+00:00][A] [INFO] [RF TX] type=1 source=0x01 destination=0x02 previousHop=0x01 sequence=519 ackSequence=0 ttl=8 hops=0 payloadSize=4 rssi=0 snr=0
[2026-09-02T18:39:37.482+00:00][A] [INFO] TEST_DATA_QUEUED dst=0x02 seq=535 remaining=41
[2026-09-02T18:39:37.536+00:00][B] [INFO] [RF TX] type=3 source=0x02 destination=0x01 previousHop=0x02 sequence=288 ackSequence=519 ttl=8 hops=0 payloadSize=2 rssi=0 snr
[2026-09-02T18:39:37.544+00:00][A] [INFO] [RF TX] type=1 source=0x01 destination=0x02 previousHop=0x01 sequence=521 ackSequence=0 ttl=8 hops=0 payloadSize=4 rssi=0 snr=0
[2026-09-02T18:39:37.545+00:00][A] [INFO] TEST_DATA_QUEUED dst=0x02 seq=537 remaining=40
[2026-09-02T18:39:37.546+00:00][A] [ERROR] TX_FAILED
[2026-09-02T18:39:37.603+00:00][B] [INFO] --------------------------------
[2026-09-02T18:39:37.604+00:00][B] [INFO] [HEARTBEAT TX]
[2026-09-02T18:39:37.608+00:00][A] [INFO] [RF TX] type=1 source=0x01 destination=0x02 previousHop=0x01 sequence=523 ackSequence=0 ttl=8 hops=0 payloadSize=4 rssi=0 snr=0
[2026-09-02T18:39:37.609+00:00][A] [INFO] TEST_DATA_QUEUED dst=0x02 seq=539 remaining=39
[2026-09-02T18:39:37.609+00:00][B] [INFO] Node ID: 2
[2026-09-02T18:39:37.610+00:00][A] [ERROR] TX_FAILED
[2026-09-02T18:39:37.610+00:00][B] [INFO] type: 2
[2026-09-02T18:39:37.610+00:00][B] [INFO] Destination: 0xFF
[2026-09-02T18:39:37.614+00:00][B] [INFO] Sequence: 289
[2026-09-02T18:39:37.615+00:00][B] [INFO] Packet ID: 150
[2026-09-02T18:39:37.619+00:00][B] [INFO] Packet Size: 26
[2026-09-02T18:39:37.620+00:00][B] [INFO] Timestamp: 150 ms
[2026-09-02T18:39:37.625+00:00][B] [INFO] Transmission Result: success
[2026-09-02T18:39:37.626+00:00][B] [INFO] --------------------------------
[2026-09-02T18:39:37.630+00:00][B] [INFO] [Heartbeat #150]
[2026-09-02T18:39:37.631+00:00][B] [INFO] Sent
[2026-09-02T18:39:37.631+00:00][B] [INFO] Waiting ACK...
[2026-09-02T18:39:37.631+00:00][B] [INFO] [WAITING ACK]
[2026-09-02T18:39:37.645+00:00][B] [INFO] [RF TX] type=2 source=0x02 destination=0xFF previousHop=0x02 sequence=289 ackSequence=0 ttl=8 hops=0 payloadSize=13 rssi=0 snr=
[2026-09-02T18:39:37.645+00:00][B] [INFO] Heartbeat packet sent
[2026-09-02T18:39:37.671+00:00][A] [INFO] [RF TX] type=1 source=0x01 destination=0x02 previousHop=0x01 sequence=525 ackSequence=0 ttl=8 hops=0 payloadSize=4 rssi=0 snr=0
[2026-09-02T18:39:37.672+00:00][A] [INFO] TEST_DATA_QUEUED dst=0x02 seq=541 remaining=38
[2026-09-02T18:39:37.672+00:00][A] [ERROR] TX_FAILED
[2026-09-02T18:39:37.731+00:00][B] [INFO] [RF RX] type=1 source=0x01 destination=0x02 previousHop=0x01 sequence=527 ackSequence=0 ttl=8 hops=0 payloadSize=4 rssi=-62 snr
[2026-09-02T18:39:37.734+00:00][A] [INFO] [RF TX] type=1 source=0x01 destination=0x02 previousHop=0x01 sequence=527 ackSequence=0 ttl=8 hops=0 payloadSize=4 rssi=0 snr=0
[2026-09-02T18:39:37.735+00:00][A] [INFO] TEST_DATA_QUEUED dst=0x02 seq=543 remaining=37
[2026-09-02T18:39:37.736+00:00][A] [ERROR] TX_FAILED
[2026-09-02T18:39:37.788+00:00][B] [INFO] [RF TX] type=3 source=0x02 destination=0x01 previousHop=0x02 sequence=290 ackSequence=527 ttl=8 hops=0 payloadSize=2 rssi=0 snr
[2026-09-02T18:39:37.797+00:00][A] [INFO] [RF TX] type=1 source=0x01 destination=0x02 previousHop=0x01 sequence=529 ackSequence=0 ttl=8 hops=0 payloadSize=4 rssi=0 snr=0
[2026-09-02T18:39:37.798+00:00][A] [INFO] TEST_DATA_QUEUED dst=0x02 seq=545 remaining=36
[2026-09-02T18:39:37.857+00:00][B] [INFO] [RF RX] type=1 source=0x01 destination=0x02 previousHop=0x01 sequence=531 ackSequence=0 ttl=8 hops=0 payloadSize=4 rssi=-61 snr
[2026-09-02T18:39:37.860+00:00][A] [INFO] [RF TX] type=1 source=0x01 destination=0x02 previousHop=0x01 sequence=531 ackSequence=0 ttl=8 hops=0 payloadSize=4 rssi=0 snr=0
[2026-09-02T18:39:37.861+00:00][A] [INFO] TEST_DATA_QUEUED dst=0x02 seq=547 remaining=35
[2026-09-02T18:39:37.915+00:00][B] [INFO] [RF TX] type=3 source=0x02 destination=0x01 previousHop=0x02 sequence=291 ackSequence=531 ttl=8 hops=0 payloadSize=2 rssi=0 snr
[2026-09-02T18:39:37.923+00:00][A] [INFO] [RF TX] type=1 source=0x01 destination=0x02 previousHop=0x01 sequence=533 ackSequence=0 ttl=8 hops=0 payloadSize=4 rssi=0 snr=0
[2026-09-02T18:39:37.924+00:00][A] [INFO] TEST_DATA_QUEUED dst=0x02 seq=549 remaining=34
[2026-09-02T18:39:37.983+00:00][B] [INFO] [RF RX] type=1 source=0x01 destination=0x02 previousHop=0x01 sequence=535 ackSequence=0 ttl=8 hops=0 payloadSize=4 rssi=-61 snr
[2026-09-02T18:39:37.986+00:00][A] [INFO] [RF TX] type=1 source=0x01 destination=0x02 previousHop=0x01 sequence=535 ackSequence=0 ttl=8 hops=0 payloadSize=4 rssi=0 snr=0
[2026-09-02T18:39:37.987+00:00][A] [INFO] TEST_DATA_QUEUED dst=0x02 seq=551 remaining=33
[2026-09-02T18:39:38.041+00:00][B] [INFO] [RF TX] type=3 source=0x02 destination=0x01 previousHop=0x02 sequence=292 ackSequence=535 ttl=8 hops=0 payloadSize=2 rssi=0 snr
[2026-09-02T18:39:38.049+00:00][A] [INFO] [RF TX] type=1 source=0x01 destination=0x02 previousHop=0x01 sequence=537 ackSequence=0 ttl=8 hops=0 payloadSize=4 rssi=0 snr=0
[2026-09-02T18:39:38.050+00:00][A] [INFO] TEST_DATA_QUEUED dst=0x02 seq=553 remaining=32
[2026-09-02T18:39:38.109+00:00][B] [INFO] [RF RX] type=1 source=0x01 destination=0x02 previousHop=0x01 sequence=539 ackSequence=0 ttl=8 hops=0 payloadSize=4 rssi=-62 snr
[2026-09-02T18:39:38.112+00:00][A] [INFO] [RF TX] type=1 source=0x01 destination=0x02 previousHop=0x01 sequence=539 ackSequence=0 ttl=8 hops=0 payloadSize=4 rssi=0 snr=0
[2026-09-02T18:39:38.113+00:00][A] [INFO] TEST_DATA_QUEUED dst=0x02 seq=555 remaining=31
[2026-09-02T18:39:38.167+00:00][B] [INFO] [RF TX] type=3 source=0x02 destination=0x01 previousHop=0x02 sequence=293 ackSequence=539 ttl=8 hops=0 payloadSize=2 rssi=0 snr
[2026-09-02T18:39:38.175+00:00][A] [INFO] [RF TX] type=1 source=0x01 destination=0x02 previousHop=0x01 sequence=541 ackSequence=0 ttl=8 hops=0 payloadSize=4 rssi=0 snr=0
[2026-09-02T18:39:38.176+00:00][A] [INFO] TEST_DATA_QUEUED dst=0x02 seq=557 remaining=30
[2026-09-02T18:39:38.235+00:00][B] [INFO] [RF RX] type=1 source=0x01 destination=0x02 previousHop=0x01 sequence=543 ackSequence=0 ttl=8 hops=0 payloadSize=4 rssi=-62 snr
[2026-09-02T18:39:38.238+00:00][A] [INFO] [RF TX] type=1 source=0x01 destination=0x02 previousHop=0x01 sequence=543 ackSequence=0 ttl=8 hops=0 payloadSize=4 rssi=0 snr=0
[2026-09-02T18:39:38.239+00:00][A] [INFO] TEST_DATA_QUEUED dst=0x02 seq=559 remaining=29
[2026-09-02T18:39:38.240+00:00][A] [ERROR] TX_FAILED
[2026-09-02T18:39:38.293+00:00][B] [INFO] [RF TX] type=3 source=0x02 destination=0x01 previousHop=0x02 sequence=294 ackSequence=543 ttl=8 hops=0 payloadSize=2 rssi=0 snr
[2026-09-02T18:39:38.302+00:00][A] [INFO] [RF TX] type=1 source=0x01 destination=0x02 previousHop=0x01 sequence=545 ackSequence=0 ttl=8 hops=0 payloadSize=4 rssi=0 snr=0
[2026-09-02T18:39:38.302+00:00][A] [INFO] TEST_DATA_QUEUED dst=0x02 seq=561 remaining=28
[2026-09-02T18:39:38.362+00:00][B] [INFO] [RF RX] type=1 source=0x01 destination=0x02 previousHop=0x01 sequence=547 ackSequence=0 ttl=8 hops=0 payloadSize=4 rssi=-62 snr
[2026-09-02T18:39:38.365+00:00][A] [INFO] [RF TX] type=1 source=0x01 destination=0x02 previousHop=0x01 sequence=547 ackSequence=0 ttl=8 hops=0 payloadSize=4 rssi=0 snr=0
[2026-09-02T18:39:38.365+00:00][A] [INFO] TEST_DATA_QUEUED dst=0x02 seq=563 remaining=27
[2026-09-02T18:39:38.366+00:00][A] [ERROR] TX_FAILED
[2026-09-02T18:39:38.419+00:00][B] [INFO] [RF TX] type=3 source=0x02 destination=0x01 previousHop=0x02 sequence=295 ackSequence=547 ttl=8 hops=0 payloadSize=2 rssi=0 snr
[2026-09-02T18:39:38.428+00:00][A] [INFO] [RF TX] type=1 source=0x01 destination=0x02 previousHop=0x01 sequence=549 ackSequence=0 ttl=8 hops=0 payloadSize=4 rssi=0 snr=0
[2026-09-02T18:39:38.429+00:00][A] [INFO] TEST_DATA_QUEUED dst=0x02 seq=565 remaining=26
[2026-09-02T18:39:38.431+00:00][A] [ERROR] TX_FAILED
[2026-09-02T18:39:38.431+00:00][A] [WARN] Retry 3
[2026-09-02T18:39:38.491+00:00][A] [INFO] [RF TX] type=1 source=0x01 destination=0x02 previousHop=0x01 sequence=551 ackSequence=0 ttl=8 hops=0 payloadSize=4 rssi=0 snr=0
[2026-09-02T18:39:38.492+00:00][A] [INFO] TEST_DATA_QUEUED dst=0x02 seq=567 remaining=25
[2026-09-02T18:39:38.493+00:00][A] [ERROR] TX_FAILED
[2026-09-02T18:39:38.551+00:00][B] [INFO] [RF RX] type=1 source=0x01 destination=0x02 previousHop=0x01 sequence=553 ackSequence=0 ttl=8 hops=0 payloadSize=4 rssi=-62 snr
[2026-09-02T18:39:38.554+00:00][A] [INFO] [RF TX] type=1 source=0x01 destination=0x02 previousHop=0x01 sequence=553 ackSequence=0 ttl=8 hops=0 payloadSize=4 rssi=0 snr=0
[2026-09-02T18:39:38.555+00:00][A] [INFO] TEST_DATA_QUEUED dst=0x02 seq=569 remaining=24
[2026-09-02T18:39:38.609+00:00][B] [INFO] [RF TX] type=3 source=0x02 destination=0x01 previousHop=0x02 sequence=296 ackSequence=553 ttl=8 hops=0 payloadSize=2 rssi=0 snr
[2026-09-02T18:39:38.617+00:00][A] [INFO] [RF TX] type=1 source=0x01 destination=0x02 previousHop=0x01 sequence=555 ackSequence=0 ttl=8 hops=0 payloadSize=4 rssi=0 snr=0
[2026-09-02T18:39:38.618+00:00][A] [INFO] TEST_DATA_QUEUED dst=0x02 seq=571 remaining=23
[2026-09-02T18:39:38.619+00:00][A] [ERROR] TX_FAILED
[2026-09-02T18:39:38.620+00:00][B] [WARN] Retry 1
[2026-09-02T18:39:38.680+00:00][A] [INFO] [RF TX] type=1 source=0x01 destination=0x02 previousHop=0x01 sequence=557 ackSequence=0 ttl=8 hops=0 payloadSize=4 rssi=0 snr=0
[2026-09-02T18:39:38.681+00:00][A] [INFO] TEST_DATA_QUEUED dst=0x02 seq=573 remaining=22
[2026-09-02T18:39:38.682+00:00][A] [ERROR] TX_FAILED
[2026-09-02T18:39:38.687+00:00][B] [INFO] --------------------------------
[2026-09-02T18:39:38.687+00:00][B] [INFO] [HEARTBEAT TX]
[2026-09-02T18:39:38.692+00:00][B] [INFO] Node ID: 2
[2026-09-02T18:39:38.692+00:00][B] [INFO] type: 2
[2026-09-02T18:39:38.693+00:00][B] [INFO] Destination: 0xFF
[2026-09-02T18:39:38.698+00:00][B] [INFO] Sequence: 289
[2026-09-02T18:39:38.698+00:00][B] [INFO] Packet ID: 150
[2026-09-02T18:39:38.703+00:00][B] [INFO] Packet Size: 26
[2026-09-02T18:39:38.703+00:00][B] [INFO] Timestamp: 150 ms
[2026-09-02T18:39:38.709+00:00][B] [INFO] Transmission Result: success
[2026-09-02T18:39:38.709+00:00][B] [INFO] --------------------------------
[2026-09-02T18:39:38.714+00:00][B] [INFO] [Heartbeat #150]
[2026-09-02T18:39:38.714+00:00][B] [INFO] Sent
[2026-09-02T18:39:38.715+00:00][B] [INFO] Waiting ACK...
[2026-09-02T18:39:38.715+00:00][B] [INFO] [WAITING ACK]
[2026-09-02T18:39:38.728+00:00][B] [INFO] [RF TX] type=2 source=0x02 destination=0xFF previousHop=0x02 sequence=289 ackSequence=0 ttl=8 hops=0 payloadSize=13 rssi=0 snr=
[2026-09-02T18:39:38.729+00:00][B] [INFO] Heartbeat packet sent
[2026-09-02T18:39:38.744+00:00][A] [INFO] [RF TX] type=1 source=0x01 destination=0x02 previousHop=0x01 sequence=559 ackSequence=0 ttl=8 hops=0 payloadSize=4 rssi=0 snr=0
[2026-09-02T18:39:38.744+00:00][A] [INFO] TEST_DATA_QUEUED dst=0x02 seq=575 remaining=21
[2026-09-02T18:39:38.745+00:00][A] [ERROR] TX_FAILED
[2026-09-02T18:39:38.804+00:00][B] [INFO] [RF RX] type=1 source=0x01 destination=0x02 previousHop=0x01 sequence=561 ackSequence=0 ttl=8 hops=0 payloadSize=4 rssi=-62 snr
[2026-09-02T18:39:38.807+00:00][A] [INFO] [RF TX] type=1 source=0x01 destination=0x02 previousHop=0x01 sequence=561 ackSequence=0 ttl=8 hops=0 payloadSize=4 rssi=0 snr=0
[2026-09-02T18:39:38.808+00:00][A] [INFO] TEST_DATA_QUEUED dst=0x02 seq=577 remaining=20
[2026-09-02T18:39:38.809+00:00][A] [ERROR] TX_FAILED
[2026-09-02T18:39:38.862+00:00][B] [INFO] [RF TX] type=3 source=0x02 destination=0x01 previousHop=0x02 sequence=297 ackSequence=561 ttl=8 hops=0 payloadSize=2 rssi=0 snr
[2026-09-02T18:39:38.870+00:00][A] [INFO] [RF TX] type=1 source=0x01 destination=0x02 previousHop=0x01 sequence=563 ackSequence=0 ttl=8 hops=0 payloadSize=4 rssi=0 snr=0
[2026-09-02T18:39:38.871+00:00][A] [INFO] TEST_DATA_QUEUED dst=0x02 seq=579 remaining=19
[2026-09-02T18:39:38.930+00:00][B] [INFO] [RF RX] type=1 source=0x01 destination=0x02 previousHop=0x01 sequence=565 ackSequence=0 ttl=8 hops=0 payloadSize=4 rssi=-62 snr
[2026-09-02T18:39:38.933+00:00][A] [INFO] [RF TX] type=1 source=0x01 destination=0x02 previousHop=0x01 sequence=565 ackSequence=0 ttl=8 hops=0 payloadSize=4 rssi=0 snr=0
[2026-09-02T18:39:38.933+00:00][A] [INFO] TEST_DATA_QUEUED dst=0x02 seq=581 remaining=18
[2026-09-02T18:39:38.988+00:00][B] [INFO] [RF TX] type=3 source=0x02 destination=0x01 previousHop=0x02 sequence=298 ackSequence=565 ttl=8 hops=0 payloadSize=2 rssi=0 snr
[2026-09-02T18:39:38.996+00:00][A] [INFO] [RF TX] type=1 source=0x01 destination=0x02 previousHop=0x01 sequence=567 ackSequence=0 ttl=8 hops=0 payloadSize=4 rssi=0 snr=0
[2026-09-02T18:39:38.996+00:00][A] [INFO] TEST_DATA_QUEUED dst=0x02 seq=583 remaining=17
[2026-09-02T18:39:39.056+00:00][B] [INFO] [RF RX] type=1 source=0x01 destination=0x02 previousHop=0x01 sequence=569 ackSequence=0 ttl=8 hops=0 payloadSize=4 rssi=-62 snr
[2026-09-02T18:39:39.059+00:00][A] [INFO] [RF TX] type=1 source=0x01 destination=0x02 previousHop=0x01 sequence=569 ackSequence=0 ttl=8 hops=0 payloadSize=4 rssi=0 snr=0
[2026-09-02T18:39:39.060+00:00][A] [INFO] TEST_DATA_QUEUED dst=0x02 seq=585 remaining=16
[2026-09-02T18:39:39.114+00:00][B] [INFO] [RF TX] type=3 source=0x02 destination=0x01 previousHop=0x02 sequence=299 ackSequence=569 ttl=8 hops=0 payloadSize=2 rssi=0 snr
[2026-09-02T18:39:39.122+00:00][A] [INFO] [RF TX] type=1 source=0x01 destination=0x02 previousHop=0x01 sequence=571 ackSequence=0 ttl=8 hops=0 payloadSize=4 rssi=0 snr=0
[2026-09-02T18:39:39.123+00:00][A] [INFO] TEST_DATA_QUEUED dst=0x02 seq=587 remaining=15
[2026-09-02T18:39:39.182+00:00][B] [INFO] [RF RX] type=1 source=0x01 destination=0x02 previousHop=0x01 sequence=573 ackSequence=0 ttl=8 hops=0 payloadSize=4 rssi=-62 snr
[2026-09-02T18:39:39.185+00:00][A] [INFO] [RF TX] type=1 source=0x01 destination=0x02 previousHop=0x01 sequence=573 ackSequence=0 ttl=8 hops=0 payloadSize=4 rssi=0 snr=0
[2026-09-02T18:39:39.186+00:00][A] [INFO] TEST_DATA_QUEUED dst=0x02 seq=589 remaining=14
[2026-09-02T18:39:39.240+00:00][B] [INFO] [RF TX] type=3 source=0x02 destination=0x01 previousHop=0x02 sequence=300 ackSequence=573 ttl=8 hops=0 payloadSize=2 rssi=0 snr
[2026-09-02T18:39:39.248+00:00][A] [INFO] [RF TX] type=1 source=0x01 destination=0x02 previousHop=0x01 sequence=575 ackSequence=0 ttl=8 hops=0 payloadSize=4 rssi=0 snr=0
[2026-09-02T18:39:39.249+00:00][A] [INFO] TEST_DATA_QUEUED dst=0x02 seq=591 remaining=13
[2026-09-02T18:39:39.308+00:00][B] [INFO] [RF RX] type=1 source=0x01 destination=0x02 previousHop=0x01 sequence=577 ackSequence=0 ttl=8 hops=0 payloadSize=4 rssi=-62 snr
[2026-09-02T18:39:39.312+00:00][A] [INFO] [RF TX] type=1 source=0x01 destination=0x02 previousHop=0x01 sequence=577 ackSequence=0 ttl=8 hops=0 payloadSize=4 rssi=0 snr=0
[2026-09-02T18:39:39.312+00:00][A] [INFO] TEST_DATA_QUEUED dst=0x02 seq=593 remaining=12
[2026-09-02T18:39:39.313+00:00][A] [ERROR] TX_FAILED
[2026-09-02T18:39:39.366+00:00][B] [INFO] [RF TX] type=3 source=0x02 destination=0x01 previousHop=0x02 sequence=301 ackSequence=577 ttl=8 hops=0 payloadSize=2 rssi=0 snr
[2026-09-02T18:39:39.375+00:00][A] [INFO] [RF TX] type=1 source=0x01 destination=0x02 previousHop=0x01 sequence=579 ackSequence=0 ttl=8 hops=0 payloadSize=4 rssi=0 snr=0
[2026-09-02T18:39:39.375+00:00][A] [INFO] TEST_DATA_QUEUED dst=0x02 seq=595 remaining=11
[2026-09-02T18:39:39.435+00:00][B] [INFO] [RF RX] type=1 source=0x01 destination=0x02 previousHop=0x01 sequence=581 ackSequence=0 ttl=8 hops=0 payloadSize=4 rssi=-61 snr
[2026-09-02T18:39:39.438+00:00][A] [INFO] [RF TX] type=1 source=0x01 destination=0x02 previousHop=0x01 sequence=581 ackSequence=0 ttl=8 hops=0 payloadSize=4 rssi=0 snr=0
[2026-09-02T18:39:39.438+00:00][A] [INFO] TEST_DATA_QUEUED dst=0x02 seq=597 remaining=10
[2026-09-02T18:39:39.443+00:00][A] [ERROR] TX_FAILED
[2026-09-02T18:39:39.444+00:00][A] [ERROR] FAILED (No ACK after 3 retries)
[2026-09-02T18:39:39.450+00:00][A] [INFO] Stats: Sent=325 | ACK=0 | Retries=172 | Timeouts=3 | Success=0.0%
[2026-09-02T18:39:39.493+00:00][B] [INFO] [RF TX] type=3 source=0x02 destination=0x01 previousHop=0x02 sequence=302 ackSequence=581 ttl=8 hops=0 payloadSize=2 rssi=0 snr
[2026-09-02T18:39:39.511+00:00][A] [INFO] [RF TX] type=1 source=0x01 destination=0x02 previousHop=0x01 sequence=583 ackSequence=0 ttl=8 hops=0 payloadSize=4 rssi=0 snr=0
[2026-09-02T18:39:39.512+00:00][A] [INFO] TEST_DATA_QUEUED dst=0x02 seq=599 remaining=9
[2026-09-02T18:39:39.513+00:00][A] [ERROR] TX_FAILED
[2026-09-02T18:39:39.575+00:00][A] [INFO] [RF TX] type=1 source=0x01 destination=0x02 previousHop=0x01 sequence=585 ackSequence=0 ttl=8 hops=0 payloadSize=4 rssi=0 snr=0
[2026-09-02T18:39:39.575+00:00][A] [INFO] TEST_DATA_QUEUED dst=0x02 seq=601 remaining=8
[2026-09-02T18:39:39.576+00:00][A] [ERROR] TX_FAILED
[2026-09-02T18:39:39.603+00:00][B] [INFO] --------------------------------
[2026-09-02T18:39:39.603+00:00][B] [INFO] [HEARTBEAT TX]
[2026-09-02T18:39:39.608+00:00][B] [INFO] Node ID: 2
[2026-09-02T18:39:39.609+00:00][B] [INFO] type: 2
[2026-09-02T18:39:39.609+00:00][B] [INFO] Destination: 0xFF
[2026-09-02T18:39:39.614+00:00][B] [INFO] Sequence: 303
[2026-09-02T18:39:39.614+00:00][B] [INFO] Packet ID: 151
[2026-09-02T18:39:39.619+00:00][B] [INFO] Packet Size: 26
[2026-09-02T18:39:39.620+00:00][B] [INFO] Timestamp: 151 ms
[2026-09-02T18:39:39.625+00:00][B] [INFO] Transmission Result: success
[2026-09-02T18:39:39.625+00:00][B] [INFO] --------------------------------
[2026-09-02T18:39:39.630+00:00][B] [INFO] [Heartbeat #151]
[2026-09-02T18:39:39.630+00:00][B] [INFO] Sent
[2026-09-02T18:39:39.631+00:00][B] [INFO] Waiting ACK...
[2026-09-02T18:39:39.631+00:00][B] [INFO] [WAITING ACK]
[2026-09-02T18:39:39.638+00:00][A] [INFO] [RF TX] type=1 source=0x01 destination=0x02 previousHop=0x01 sequence=587 ackSequence=0 ttl=8 hops=0 payloadSize=4 rssi=0 snr=0
[2026-09-02T18:39:39.638+00:00][A] [INFO] TEST_DATA_QUEUED dst=0x02 seq=603 remaining=7
[2026-09-02T18:39:39.644+00:00][B] [INFO] [RF TX] type=2 source=0x02 destination=0xFF previousHop=0x02 sequence=303 ackSequence=0 ttl=8 hops=0 payloadSize=13 rssi=0 snr=
[2026-09-02T18:39:39.645+00:00][B] [INFO] Heartbeat packet sent
[2026-09-02T18:39:39.701+00:00][A] [INFO] [RF TX] type=1 source=0x01 destination=0x02 previousHop=0x01 sequence=589 ackSequence=0 ttl=8 hops=0 payloadSize=4 rssi=0 snr=0
[2026-09-02T18:39:39.702+00:00][A] [INFO] TEST_DATA_QUEUED dst=0x02 seq=605 remaining=6
[2026-09-02T18:39:39.702+00:00][A] [ERROR] TX_FAILED
[2026-09-02T18:39:39.761+00:00][B] [INFO] [RF RX] type=1 source=0x01 destination=0x02 previousHop=0x01 sequence=591 ackSequence=0 ttl=8 hops=0 payloadSize=4 rssi=-61 snr
[2026-09-02T18:39:39.764+00:00][A] [INFO] [RF TX] type=1 source=0x01 destination=0x02 previousHop=0x01 sequence=591 ackSequence=0 ttl=8 hops=0 payloadSize=4 rssi=0 snr=0
[2026-09-02T18:39:39.765+00:00][A] [INFO] TEST_DATA_QUEUED dst=0x02 seq=607 remaining=5
[2026-09-02T18:39:39.765+00:00][A] [ERROR] TX_FAILED
[2026-09-02T18:39:39.819+00:00][B] [INFO] [RF TX] type=3 source=0x02 destination=0x01 previousHop=0x02 sequence=304 ackSequence=591 ttl=8 hops=0 payloadSize=2 rssi=0 snr
[2026-09-02T18:39:39.827+00:00][A] [INFO] [RF TX] type=1 source=0x01 destination=0x02 previousHop=0x01 sequence=593 ackSequence=0 ttl=8 hops=0 payloadSize=4 rssi=0 snr=0
[2026-09-02T18:39:39.828+00:00][A] [INFO] TEST_DATA_QUEUED dst=0x02 seq=609 remaining=4
[2026-09-02T18:39:39.829+00:00][A] [ERROR] TX_FAILED
[2026-09-02T18:39:39.887+00:00][B] [INFO] [RF RX] type=1 source=0x01 destination=0x02 previousHop=0x01 sequence=595 ackSequence=0 ttl=8 hops=0 payloadSize=4 rssi=-63 snr
[2026-09-02T18:39:39.890+00:00][A] [INFO] [RF TX] type=1 source=0x01 destination=0x02 previousHop=0x01 sequence=595 ackSequence=0 ttl=8 hops=0 payloadSize=4 rssi=0 snr=0
[2026-09-02T18:39:39.891+00:00][A] [INFO] TEST_DATA_QUEUED dst=0x02 seq=611 remaining=3
[2026-09-02T18:39:39.892+00:00][A] [ERROR] TX_FAILED
[2026-09-02T18:39:39.945+00:00][B] [INFO] [RF TX] type=3 source=0x02 destination=0x01 previousHop=0x02 sequence=305 ackSequence=595 ttl=8 hops=0 payloadSize=2 rssi=0 snr
[2026-09-02T18:39:39.953+00:00][A] [INFO] [RF TX] type=1 source=0x01 destination=0x02 previousHop=0x01 sequence=597 ackSequence=0 ttl=8 hops=0 payloadSize=4 rssi=0 snr=0
[2026-09-02T18:39:39.954+00:00][A] [INFO] TEST_DATA_QUEUED dst=0x02 seq=613 remaining=2
[2026-09-02T18:39:40.014+00:00][B] [INFO] [RF RX] type=1 source=0x01 destination=0x02 previousHop=0x01 sequence=599 ackSequence=0 ttl=8 hops=0 payloadSize=4 rssi=-62 snr
[2026-09-02T18:39:40.016+00:00][A] [INFO] [RF TX] type=1 source=0x01 destination=0x02 previousHop=0x01 sequence=599 ackSequence=0 ttl=8 hops=0 payloadSize=4 rssi=0 snr=0
[2026-09-02T18:39:40.017+00:00][A] [INFO] TEST_DATA_QUEUED dst=0x02 seq=615 remaining=1
[2026-09-02T18:39:40.071+00:00][B] [INFO] [RF TX] type=3 source=0x02 destination=0x01 previousHop=0x02 sequence=306 ackSequence=599 ttl=8 hops=0 payloadSize=2 rssi=0 snr
[2026-09-02T18:39:40.079+00:00][A] [INFO] [RF TX] type=1 source=0x01 destination=0x02 previousHop=0x01 sequence=601 ackSequence=0 ttl=8 hops=0 payloadSize=4 rssi=0 snr=0
[2026-09-02T18:39:40.080+00:00][A] [INFO] TEST_DATA_QUEUED dst=0x02 seq=617 remaining=0
[2026-09-02T18:39:40.138+00:00][A] [INFO] [RF TX] type=1 source=0x01 destination=0x02 previousHop=0x01 sequence=603 ackSequence=0 ttl=8 hops=0 payloadSize=4 rssi=0 snr=0
[2026-09-02T18:39:40.139+00:00][B] [INFO] [RF RX] type=1 source=0x01 destination=0x02 previousHop=0x01 sequence=603 ackSequence=0 ttl=8 hops=0 payloadSize=4 rssi=-61 snr
[2026-09-02T18:39:40.197+00:00][B] [INFO] [RF TX] type=3 source=0x02 destination=0x01 previousHop=0x02 sequence=307 ackSequence=603 ttl=8 hops=0 payloadSize=2 rssi=0 snr
[2026-09-02T18:39:40.201+00:00][A] [INFO] [RF TX] type=1 source=0x01 destination=0x02 previousHop=0x01 sequence=605 ackSequence=0 ttl=8 hops=0 payloadSize=4 rssi=0 snr=0
[2026-09-02T18:39:40.264+00:00][A] [INFO] [RF TX] type=1 source=0x01 destination=0x02 previousHop=0x01 sequence=607 ackSequence=0 ttl=8 hops=0 payloadSize=4 rssi=0 snr=0
[2026-09-02T18:39:40.265+00:00][B] [INFO] [RF RX] type=1 source=0x01 destination=0x02 previousHop=0x01 sequence=607 ackSequence=0 ttl=8 hops=0 payloadSize=4 rssi=-61 snr
[2026-09-02T18:39:40.323+00:00][B] [INFO] [RF TX] type=3 source=0x02 destination=0x01 previousHop=0x02 sequence=308 ackSequence=607 ttl=8 hops=0 payloadSize=2 rssi=0 snr
[2026-09-02T18:39:40.326+00:00][A] [INFO] [RF TX] type=1 source=0x01 destination=0x02 previousHop=0x01 sequence=609 ackSequence=0 ttl=8 hops=0 payloadSize=4 rssi=0 snr=0
[2026-09-02T18:39:40.391+00:00][A] [INFO] [RF TX] type=1 source=0x01 destination=0x02 previousHop=0x01 sequence=611 ackSequence=0 ttl=8 hops=0 payloadSize=4 rssi=0 snr=0
[2026-09-02T18:39:40.392+00:00][A] [WARN] TX_RETRY seq=579
[2026-09-02T18:39:40.452+00:00][A] [INFO] [RF TX] type=1 source=0x01 destination=0x02 previousHop=0x01 sequence=613 ackSequence=0 ttl=8 hops=0 payloadSize=4 rssi=0 snr=0
[2026-09-02T18:39:40.454+00:00][B] [INFO] [RF RX] type=1 source=0x01 destination=0x02 previousHop=0x01 sequence=613 ackSequence=0 ttl=8 hops=0 payloadSize=4 rssi=-62 snr
[2026-09-02T18:39:40.511+00:00][B] [INFO] [RF TX] type=3 source=0x02 destination=0x01 previousHop=0x02 sequence=309 ackSequence=613 ttl=8 hops=0 payloadSize=2 rssi=0 snr
[2026-09-02T18:39:40.517+00:00][A] [INFO] [RF TX] type=1 source=0x01 destination=0x02 previousHop=0x01 sequence=615 ackSequence=0 ttl=8 hops=0 payloadSize=4 rssi=0 snr=0
[2026-09-02T18:39:40.517+00:00][A] [WARN] TX_RETRY seq=583
[2026-09-02T18:39:40.579+00:00][B] [INFO] [RF RX] type=1 source=0x01 destination=0x02 previousHop=0x01 sequence=617 ackSequence=0 ttl=8 hops=0 payloadSize=4 rssi=-61 snr
[2026-09-02T18:39:40.580+00:00][A] [INFO] [RF TX] type=1 source=0x01 destination=0x02 previousHop=0x01 sequence=617 ackSequence=0 ttl=8 hops=0 payloadSize=4 rssi=0 snr=0
[2026-09-02T18:39:40.580+00:00][A] [WARN] TX_RETRY seq=585
[2026-09-02T18:39:40.638+00:00][B] [INFO] [RF TX] type=3 source=0x02 destination=0x01 previousHop=0x02 sequence=310 ackSequence=617 ttl=8 hops=0 payloadSize=2 rssi=0 snr
[2026-09-02T18:39:40.639+00:00][B] [WARN] Retry 1
[2026-09-02T18:39:40.645+00:00][A] [INFO] --------------------------------
[2026-09-02T18:39:40.645+00:00][A] [INFO] [HEARTBEAT TX]
[2026-09-02T18:39:40.650+00:00][A] [INFO] Node ID: 1
[2026-09-02T18:39:40.650+00:00][A] [INFO] type: 2
[2026-09-02T18:39:40.651+00:00][A] [INFO] Destination: 0xFF
[2026-09-02T18:39:40.656+00:00][A] [INFO] Sequence: 619
[2026-09-02T18:39:40.656+00:00][A] [INFO] Packet ID: 318
[2026-09-02T18:39:40.661+00:00][A] [INFO] Packet Size: 26
[2026-09-02T18:39:40.661+00:00][A] [INFO] Timestamp: 318 ms
[2026-09-02T18:39:40.667+00:00][A] [INFO] Transmission Result: success
[2026-09-02T18:39:40.667+00:00][A] [INFO] --------------------------------
[2026-09-02T18:39:40.672+00:00][A] [INFO] [Heartbeat #318]
[2026-09-02T18:39:40.672+00:00][A] [INFO] Sent
[2026-09-02T18:39:40.673+00:00][A] [INFO] Waiting ACK...
[2026-09-02T18:39:40.673+00:00][A] [INFO] [WAITING ACK]
[2026-09-02T18:39:40.689+00:00][A] [INFO] [RF TX] type=2 source=0x01 destination=0xFF previousHop=0x01 sequence=619 ackSequence=0 ttl=8 hops=0 payloadSize=13 rssi=0 snr=
[2026-09-02T18:39:40.689+00:00][A] [INFO] Heartbeat packet sent
[2026-09-02T18:39:40.690+00:00][A] [WARN] TX_RETRY seq=587
[2026-09-02T18:39:40.704+00:00][B] [INFO] --------------------------------
[2026-09-02T18:39:40.705+00:00][B] [INFO] [HEARTBEAT TX]
[2026-09-02T18:39:40.710+00:00][B] [INFO] Node ID: 2
[2026-09-02T18:39:40.710+00:00][B] [INFO] type: 2
[2026-09-02T18:39:40.710+00:00][B] [INFO] Destination: 0xFF
[2026-09-02T18:39:40.715+00:00][B] [INFO] Sequence: 303
[2026-09-02T18:39:40.715+00:00][B] [INFO] Packet ID: 151
[2026-09-02T18:39:40.721+00:00][B] [INFO] Packet Size: 26
[2026-09-02T18:39:40.721+00:00][B] [INFO] Timestamp: 151 ms
[2026-09-02T18:39:40.726+00:00][B] [INFO] Transmission Result: success
[2026-09-02T18:39:40.727+00:00][B] [INFO] --------------------------------
[2026-09-02T18:39:40.732+00:00][B] [INFO] [Heartbeat #151]
[2026-09-02T18:39:40.732+00:00][B] [INFO] Sent
[2026-09-02T18:39:40.732+00:00][B] [INFO] Waiting ACK...
[2026-09-02T18:39:40.733+00:00][B] [INFO] [WAITING ACK]
[2026-09-02T18:39:40.746+00:00][A] [INFO] [RF TX] type=1 source=0x01 destination=0x02 previousHop=0x01 sequence=579 ackSequence=0 ttl=8 hops=0 payloadSize=4 rssi=0 snr=0
[2026-09-02T18:39:40.746+00:00][B] [INFO] [RF TX] type=2 source=0x02 destination=0xFF previousHop=0x02 sequence=303 ackSequence=0 ttl=8 hops=0 payloadSize=13 rssi=0 snr=
[2026-09-02T18:39:40.746+00:00][B] [INFO] Heartbeat packet sent
[2026-09-02T18:39:40.810+00:00][B] [INFO] [RF RX] type=1 source=0x01 destination=0x02 previousHop=0x01 sequence=583 ackSequence=0 ttl=8 hops=0 payloadSize=4 rssi=-62 snr
[2026-09-02T18:39:40.810+00:00][A] [INFO] [RF TX] type=1 source=0x01 destination=0x02 previousHop=0x01 sequence=583 ackSequence=0 ttl=8 hops=0 payloadSize=4 rssi=0 snr=0
[2026-09-02T18:39:40.811+00:00][A] [WARN] TX_RETRY seq=591
[2026-09-02T18:39:40.868+00:00][B] [INFO] [RF TX] type=3 source=0x02 destination=0x01 previousHop=0x02 sequence=311 ackSequence=583 ttl=8 hops=0 payloadSize=2 rssi=0 snr
[2026-09-02T18:39:40.873+00:00][A] [INFO] [RF TX] type=1 source=0x01 destination=0x02 previousHop=0x01 sequence=585 ackSequence=0 ttl=8 hops=0 payloadSize=4 rssi=0 snr=0
[2026-09-02T18:39:40.874+00:00][A] [WARN] TX_RETRY seq=593
[2026-09-02T18:39:40.936+00:00][B] [INFO] [RF RX] type=1 source=0x01 destination=0x02 previousHop=0x01 sequence=587 ackSequence=0 ttl=8 hops=0 payloadSize=4 rssi=-62 snr
[2026-09-02T18:39:40.936+00:00][A] [INFO] [RF TX] type=1 source=0x01 destination=0x02 previousHop=0x01 sequence=587 ackSequence=0 ttl=8 hops=0 payloadSize=4 rssi=0 snr=0
[2026-09-02T18:39:40.937+00:00][A] [WARN] TX_RETRY seq=595
[2026-09-02T18:39:40.993+00:00][B] [INFO] [RF TX] type=3 source=0x02 destination=0x01 previousHop=0x02 sequence=312 ackSequence=587 ttl=8 hops=0 payloadSize=2 rssi=0 snr
[2026-09-02T18:39:40.999+00:00][A] [INFO] [RF TX] type=1 source=0x01 destination=0x02 previousHop=0x01 sequence=591 ackSequence=0 ttl=8 hops=0 payloadSize=4 rssi=0 snr=0
[2026-09-02T18:39:41.000+00:00][A] [WARN] TX_RETRY seq=597
[2026-09-02T18:39:41.060+00:00][A] [INFO] [RF TX] type=1 source=0x01 destination=0x02 previousHop=0x01 sequence=593 ackSequence=0 ttl=8 hops=0 payloadSize=4 rssi=0 snr=0
[2026-09-02T18:39:41.062+00:00][B] [INFO] [RF RX] type=1 source=0x01 destination=0x02 previousHop=0x01 sequence=593 ackSequence=0 ttl=8 hops=0 payloadSize=4 rssi=-62 snr
[2026-09-02T18:39:41.119+00:00][B] [INFO] [RF TX] type=3 source=0x02 destination=0x01 previousHop=0x02 sequence=313 ackSequence=593 ttl=8 hops=0 payloadSize=2 rssi=0 snr
[2026-09-02T18:39:41.123+00:00][A] [INFO] [RF TX] type=1 source=0x01 destination=0x02 previousHop=0x01 sequence=595 ackSequence=0 ttl=8 hops=0 payloadSize=4 rssi=0 snr=0
[2026-09-02T18:39:41.185+00:00][A] [INFO] [RF TX] type=1 source=0x01 destination=0x02 previousHop=0x01 sequence=597 ackSequence=0 ttl=8 hops=0 payloadSize=4 rssi=0 snr=0
[2026-09-02T18:39:41.187+00:00][B] [INFO] [RF RX] type=1 source=0x01 destination=0x02 previousHop=0x01 sequence=597 ackSequence=0 ttl=8 hops=0 payloadSize=4 rssi=-63 snr
[2026-09-02T18:39:41.245+00:00][B] [INFO] [RF TX] type=3 source=0x02 destination=0x01 previousHop=0x02 sequence=314 ackSequence=597 ttl=8 hops=0 payloadSize=2 rssi=0 snr
[2026-09-02T18:39:41.249+00:00][A] [INFO] [RF RX] type=3 source=0x02 destination=0x01 previousHop=0x02 sequence=314 ackSequence=597 ttl=8 hops=0 payloadSize=2 rssi=-60 s
[2026-09-02T18:39:41.250+00:00][A] [INFO] ACK_RX seq=597 source=0x02
[2026-09-02T18:39:41.603+00:00][B] [INFO] --------------------------------
[2026-09-02T18:39:41.604+00:00][B] [INFO] [HEARTBEAT TX]
[2026-09-02T18:39:41.608+00:00][B] [INFO] Node ID: 2
[2026-09-02T18:39:41.608+00:00][B] [INFO] type: 2
[2026-09-02T18:39:41.609+00:00][B] [INFO] Destination: 0xFF
[2026-09-02T18:39:41.611+00:00][A] [INFO] [RF RX] type=2 source=0x02 destination=0xFF previousHop=0x02 sequence=315 ackSequence=0 ttl=8 hops=0 payloadSize=13 rssi=-60 sn
[2026-09-02T18:39:41.614+00:00][B] [INFO] Sequence: 315
[2026-09-02T18:39:41.614+00:00][B] [INFO] Packet ID: 152
[2026-09-02T18:39:41.619+00:00][B] [INFO] Packet Size: 26
[2026-09-02T18:39:41.619+00:00][B] [INFO] Timestamp: 152 ms
[2026-09-02T18:39:41.625+00:00][B] [INFO] Transmission Result: success
[2026-09-02T18:39:41.625+00:00][B] [INFO] --------------------------------
[2026-09-02T18:39:41.630+00:00][B] [INFO] [Heartbeat #152]
[2026-09-02T18:39:41.630+00:00][B] [INFO] Sent
[2026-09-02T18:39:41.631+00:00][B] [INFO] Waiting ACK...
[2026-09-02T18:39:41.631+00:00][B] [INFO] [WAITING ACK]
[2026-09-02T18:39:41.644+00:00][B] [INFO] [RF TX] type=2 source=0x02 destination=0xFF previousHop=0x02 sequence=315 ackSequence=0 ttl=8 hops=0 payloadSize=13 rssi=0 snr=
[2026-09-02T18:39:41.645+00:00][B] [INFO] Heartbeat packet sent
[2026-09-02T18:39:41.661+00:00][A] [WARN] Retry 1
[2026-09-02T18:39:41.728+00:00][A] [INFO] --------------------------------
[2026-09-02T18:39:41.728+00:00][A] [INFO] [HEARTBEAT TX]
[2026-09-02T18:39:41.734+00:00][A] [INFO] Node ID: 1
[2026-09-02T18:39:41.734+00:00][A] [INFO] type: 2
[2026-09-02T18:39:41.734+00:00][A] [INFO] Destination: 0xFF
[2026-09-02T18:39:41.737+00:00][B] [INFO] [RF RX] type=2 source=0x01 destination=0xFF previousHop=0x01 sequence=619 ackSequence=0 ttl=8 hops=0 payloadSize=13 rssi=-61 sn
[2026-09-02T18:39:41.739+00:00][A] [INFO] Sequence: 619
[2026-09-02T18:39:41.739+00:00][A] [INFO] Packet ID: 318
[2026-09-02T18:39:41.745+00:00][A] [INFO] Packet Size: 26
[2026-09-02T18:39:41.745+00:00][A] [INFO] Timestamp: 318 ms
[2026-09-02T18:39:41.750+00:00][A] [INFO] Transmission Result: success
[2026-09-02T18:39:41.751+00:00][A] [INFO] --------------------------------
[2026-09-02T18:39:41.756+00:00][A] [INFO] [Heartbeat #318]
[2026-09-02T18:39:41.756+00:00][A] [INFO] Sent
[2026-09-02T18:39:41.756+00:00][A] [INFO] Waiting ACK...
[2026-09-02T18:39:41.756+00:00][A] [INFO] [WAITING ACK]
[2026-09-02T18:39:41.772+00:00][A] [INFO] [RF TX] type=2 source=0x01 destination=0xFF previousHop=0x01 sequence=619 ackSequence=0 ttl=8 hops=0 payloadSize=13 rssi=0 snr=
[2026-09-02T18:39:41.773+00:00][A] [INFO] Heartbeat packet sent
[2026-09-02T18:39:41.773+00:00][A] [WARN] TX_RETRY seq=579
[2026-09-02T18:39:41.831+00:00][B] [INFO] [RF RX] type=1 source=0x01 destination=0x02 previousHop=0x01 sequence=579 ackSequence=0 ttl=8 hops=0 payloadSize=4 rssi=-62 snr
[2026-09-02T18:39:41.831+00:00][A] [INFO] [RF TX] type=1 source=0x01 destination=0x02 previousHop=0x01 sequence=579 ackSequence=0 ttl=8 hops=0 payloadSize=4 rssi=0 snr=0
[2026-09-02T18:39:41.832+00:00][A] [WARN] TX_RETRY seq=583
[2026-09-02T18:39:41.889+00:00][B] [INFO] [RF TX] type=3 source=0x02 destination=0x01 previousHop=0x02 sequence=316 ackSequence=579 ttl=8 hops=0 payloadSize=2 rssi=0 snr
[2026-09-02T18:39:41.894+00:00][A] [INFO] [RF TX] type=1 source=0x01 destination=0x02 previousHop=0x01 sequence=583 ackSequence=0 ttl=8 hops=0 payloadSize=4 rssi=0 snr=0
[2026-09-02T18:39:41.895+00:00][A] [WARN] TX_RETRY seq=585
[2026-09-02T18:39:41.957+00:00][B] [INFO] [RF RX] type=1 source=0x01 destination=0x02 previousHop=0x01 sequence=585 ackSequence=0 ttl=8 hops=0 payloadSize=4 rssi=-62 snr
[2026-09-02T18:39:41.957+00:00][A] [INFO] [RF TX] type=1 source=0x01 destination=0x02 previousHop=0x01 sequence=585 ackSequence=0 ttl=8 hops=0 payloadSize=4 rssi=0 snr=0
[2026-09-02T18:39:41.958+00:00][A] [WARN] TX_RETRY seq=587
[2026-09-02T18:39:42.015+00:00][B] [INFO] [RF TX] type=3 source=0x02 destination=0x01 previousHop=0x02 sequence=317 ackSequence=585 ttl=8 hops=0 payloadSize=2 rssi=0 snr
[2026-09-02T18:39:42.020+00:00][A] [INFO] [RF TX] type=1 source=0x01 destination=0x02 previousHop=0x01 sequence=587 ackSequence=0 ttl=8 hops=0 payloadSize=4 rssi=0 snr=0
[2026-09-02T18:39:42.021+00:00][A] [WARN] TX_RETRY seq=591
[2026-09-02T18:39:42.083+00:00][A] [INFO] [RF TX] type=1 source=0x01 destination=0x02 previousHop=0x01 sequence=591 ackSequence=0 ttl=8 hops=0 payloadSize=4 rssi=0 snr=0
[2026-09-02T18:39:42.084+00:00][A] [WARN] TX_RETRY seq=593
[2026-09-02T18:39:42.130+00:00][B] [INFO] [RF TX] type=3 source=0x02 destination=0x01 previousHop=0x02 sequence=318 ackSequence=591 ttl=8 hops=0 payloadSize=2 rssi=0 snr
[2026-09-02T18:39:42.146+00:00][A] [INFO] [RF TX] type=1 source=0x01 destination=0x02 previousHop=0x01 sequence=593 ackSequence=0 ttl=8 hops=0 payloadSize=4 rssi=0 snr=0
[2026-09-02T18:39:42.146+00:00][A] [WARN] TX_RETRY seq=595
[2026-09-02T18:39:42.207+00:00][A] [INFO] [RF TX] type=1 source=0x01 destination=0x02 previousHop=0x01 sequence=595 ackSequence=0 ttl=8 hops=0 payloadSize=4 rssi=0 snr=0
[2026-09-02T18:39:42.256+00:00][B] [INFO] [RF TX] type=3 source=0x02 destination=0x01 previousHop=0x02 sequence=319 ackSequence=595 ttl=8 hops=0 payloadSize=2 rssi=0 snr
[2026-09-02T18:39:42.274+00:00][A] [INFO] --------------------------------
[2026-09-02T18:39:42.274+00:00][A] [INFO] [HEARTBEAT TX]
[2026-09-02T18:39:42.279+00:00][A] [INFO] Node ID: 1
[2026-09-02T18:39:42.280+00:00][A] [INFO] type: 2
[2026-09-02T18:39:42.280+00:00][A] [INFO] Destination: 0xFF
[2026-09-02T18:39:42.285+00:00][A] [INFO] Sequence: 620
[2026-09-02T18:39:42.285+00:00][A] [INFO] Packet ID: 319
[2026-09-02T18:39:42.290+00:00][A] [INFO] Packet Size: 26
[2026-09-02T18:39:42.291+00:00][A] [INFO] Timestamp: 319 ms
[2026-09-02T18:39:42.296+00:00][A] [INFO] Transmission Result: success
[2026-09-02T18:39:42.296+00:00][A] [INFO] --------------------------------
[2026-09-02T18:39:42.301+00:00][A] [INFO] [Heartbeat #319]
[2026-09-02T18:39:42.302+00:00][A] [INFO] Sent
[2026-09-02T18:39:42.302+00:00][A] [INFO] Waiting ACK...
[2026-09-02T18:39:42.302+00:00][A] [INFO] [WAITING ACK]
[2026-09-02T18:39:42.316+00:00][A] [INFO] [RF TX] type=2 source=0x01 destination=0xFF previousHop=0x01 sequence=620 ackSequence=0 ttl=8 hops=0 payloadSize=13 rssi=0 snr=
[2026-09-02T18:39:42.316+00:00][A] [INFO] Heartbeat packet sent
[2026-09-02T18:39:42.619+00:00][B] [WARN] Retry 1
[2026-09-02T18:39:42.686+00:00][B] [INFO] --------------------------------
[2026-09-02T18:39:42.686+00:00][B] [INFO] [HEARTBEAT TX]
[2026-09-02T18:39:42.691+00:00][B] [INFO] Node ID: 2
[2026-09-02T18:39:42.691+00:00][B] [INFO] type: 2
[2026-09-02T18:39:42.692+00:00][B] [INFO] Destination: 0xFF
[2026-09-02T18:39:42.694+00:00][A] [INFO] [RF RX] type=2 source=0x02 destination=0xFF previousHop=0x02 sequence=315 ackSequence=0 ttl=8 hops=0 payloadSize=13 rssi=-60 sn
[2026-09-02T18:39:42.697+00:00][B] [INFO] Sequence: 315
[2026-09-02T18:39:42.697+00:00][B] [INFO] Packet ID: 152
[2026-09-02T18:39:42.702+00:00][B] [INFO] Packet Size: 26
[2026-09-02T18:39:42.702+00:00][B] [INFO] Timestamp: 152 ms
[2026-09-02T18:39:42.708+00:00][B] [INFO] Transmission Result: success
[2026-09-02T18:39:42.708+00:00][B] [INFO] --------------------------------
[2026-09-02T18:39:42.713+00:00][B] [INFO] [Heartbeat #152]
[2026-09-02T18:39:42.713+00:00][B] [INFO] Sent
[2026-09-02T18:39:42.714+00:00][B] [INFO] Waiting ACK...
[2026-09-02T18:39:42.714+00:00][B] [INFO] [WAITING ACK]
[2026-09-02T18:39:42.727+00:00][B] [INFO] [RF TX] type=2 source=0x02 destination=0xFF previousHop=0x02 sequence=315 ackSequence=0 ttl=8 hops=0 payloadSize=13 rssi=0 snr=
[2026-09-02T18:39:42.728+00:00][B] [INFO] Heartbeat packet sent
[2026-09-02T18:39:42.830+00:00][A] [WARN] TX_RETRY seq=579
[2026-09-02T18:39:42.894+00:00][A] [INFO] [RF TX] type=1 source=0x01 destination=0x02 previousHop=0x01 sequence=579 ackSequence=0 ttl=8 hops=0 payloadSize=4 rssi=0 snr=0
[2026-09-02T18:39:42.895+00:00][A] [WARN] TX_RETRY seq=583
[2026-09-02T18:39:42.941+00:00][B] [INFO] [RF TX] type=3 source=0x02 destination=0x01 previousHop=0x02 sequence=320 ackSequence=579 ttl=8 hops=0 payloadSize=2 rssi=0 snr
[2026-09-02T18:39:42.957+00:00][A] [INFO] [RF TX] type=1 source=0x01 destination=0x02 previousHop=0x01 sequence=583 ackSequence=0 ttl=8 hops=0 payloadSize=4 rssi=0 snr=0
[2026-09-02T18:39:42.958+00:00][A] [WARN] TX_RETRY seq=585
[2026-09-02T18:39:43.020+00:00][A] [INFO] [RF TX] type=1 source=0x01 destination=0x02 previousHop=0x01 sequence=585 ackSequence=0 ttl=8 hops=0 payloadSize=4 rssi=0 snr=0
[2026-09-02T18:39:43.021+00:00][A] [WARN] TX_RETRY seq=587
[2026-09-02T18:39:43.067+00:00][B] [INFO] [RF TX] type=3 source=0x02 destination=0x01 previousHop=0x02 sequence=321 ackSequence=585 ttl=8 hops=0 payloadSize=2 rssi=0 snr
[2026-09-02T18:39:43.083+00:00][A] [INFO] [RF TX] type=1 source=0x01 destination=0x02 previousHop=0x01 sequence=587 ackSequence=0 ttl=8 hops=0 payloadSize=4 rssi=0 snr=0
[2026-09-02T18:39:43.084+00:00][A] [WARN] TX_RETRY seq=591
[2026-09-02T18:39:43.146+00:00][A] [INFO] [RF TX] type=1 source=0x01 destination=0x02 previousHop=0x01 sequence=591 ackSequence=0 ttl=8 hops=0 payloadSize=4 rssi=0 snr=0
[2026-09-02T18:39:43.147+00:00][A] [WARN] TX_RETRY seq=593
[2026-09-02T18:39:43.193+00:00][B] [INFO] [RF TX] type=3 source=0x02 destination=0x01 previousHop=0x02 sequence=322 ackSequence=591 ttl=8 hops=0 payloadSize=2 rssi=0 snr
[2026-09-02T18:39:43.209+00:00][A] [INFO] [RF TX] type=1 source=0x01 destination=0x02 previousHop=0x01 sequence=593 ackSequence=0 ttl=8 hops=0 payloadSize=4 rssi=0 snr=0
[2026-09-02T18:39:43.210+00:00][A] [WARN] TX_RETRY seq=595
[2026-09-02T18:39:43.270+00:00][A] [INFO] [RF TX] type=1 source=0x01 destination=0x02 previousHop=0x01 sequence=595 ackSequence=0 ttl=8 hops=0 payloadSize=4 rssi=0 snr=0
[2026-09-02T18:39:43.291+00:00][A] [WARN] Retry 1
[2026-09-02T18:39:43.319+00:00][B] [INFO] [RF TX] type=3 source=0x02 destination=0x01 previousHop=0x02 sequence=323 ackSequence=595 ttl=8 hops=0 payloadSize=2 rssi=0 snr
[2026-09-02T18:39:43.358+00:00][A] [INFO] --------------------------------
[2026-09-02T18:39:43.358+00:00][A] [INFO] [HEARTBEAT TX]
[2026-09-02T18:39:43.363+00:00][A] [INFO] Node ID: 1
[2026-09-02T18:39:43.363+00:00][A] [INFO] type: 2
[2026-09-02T18:39:43.363+00:00][A] [INFO] Destination: 0xFF
[2026-09-02T18:39:43.368+00:00][A] [INFO] Sequence: 620
[2026-09-02T18:39:43.369+00:00][A] [INFO] Packet ID: 319
[2026-09-02T18:39:43.374+00:00][A] [INFO] Packet Size: 26
[2026-09-02T18:39:43.374+00:00][A] [INFO] Timestamp: 319 ms
[2026-09-02T18:39:43.379+00:00][A] [INFO] Transmission Result: success
[2026-09-02T18:39:43.380+00:00][A] [INFO] --------------------------------
[2026-09-02T18:39:43.385+00:00][A] [INFO] [Heartbeat #319]
[2026-09-02T18:39:43.385+00:00][A] [INFO] Sent
[2026-09-02T18:39:43.385+00:00][A] [INFO] Waiting ACK...
[2026-09-02T18:39:43.386+00:00][A] [INFO] [WAITING ACK]
[2026-09-02T18:39:43.399+00:00][A] [INFO] [RF TX] type=2 source=0x01 destination=0xFF previousHop=0x01 sequence=620 ackSequence=0 ttl=8 hops=0 payloadSize=13 rssi=0 snr=
[2026-09-02T18:39:43.400+00:00][A] [INFO] Heartbeat packet sent
[2026-09-02T18:39:43.603+00:00][B] [INFO] --------------------------------
[2026-09-02T18:39:43.603+00:00][B] [INFO] [HEARTBEAT TX]
[2026-09-02T18:39:43.608+00:00][B] [INFO] Node ID: 2
[2026-09-02T18:39:43.608+00:00][B] [INFO] type: 2
[2026-09-02T18:39:43.609+00:00][B] [INFO] Destination: 0xFF
[2026-09-02T18:39:43.611+00:00][A] [INFO] [RF RX] type=2 source=0x02 destination=0xFF previousHop=0x02 sequence=324 ackSequence=0 ttl=8 hops=0 payloadSize=13 rssi=-60 sn
[2026-09-02T18:39:43.614+00:00][B] [INFO] Sequence: 324
[2026-09-02T18:39:43.614+00:00][B] [INFO] Packet ID: 153
[2026-09-02T18:39:43.619+00:00][B] [INFO] Packet Size: 26
[2026-09-02T18:39:43.619+00:00][B] [INFO] Timestamp: 153 ms
[2026-09-02T18:39:43.625+00:00][B] [INFO] Transmission Result: success
[2026-09-02T18:39:43.625+00:00][B] [INFO] --------------------------------
[2026-09-02T18:39:43.630+00:00][B] [INFO] [Heartbeat #153]
[2026-09-02T18:39:43.630+00:00][B] [INFO] Sent
[2026-09-02T18:39:43.631+00:00][B] [INFO] Waiting ACK...
[2026-09-02T18:39:43.631+00:00][B] [INFO] [WAITING ACK]
[2026-09-02T18:39:43.644+00:00][B] [INFO] [RF TX] type=2 source=0x02 destination=0xFF previousHop=0x02 sequence=324 ackSequence=0 ttl=8 hops=0 payloadSize=13 rssi=0 snr=
[2026-09-02T18:39:43.645+00:00][B] [INFO] Heartbeat packet sent
[2026-09-02T18:39:43.894+00:00][A] [ERROR] TX_FAILED
[2026-09-02T18:39:43.894+00:00][A] [WARN] ACK_FAILED seq=579
[2026-09-02T18:39:43.957+00:00][A] [ERROR] TX_FAILED
[2026-09-02T18:39:43.958+00:00][A] [WARN] ACK_FAILED seq=583
[2026-09-02T18:39:44.020+00:00][A] [ERROR] TX_FAILED
[2026-09-02T18:39:44.021+00:00][A] [WARN] ACK_FAILED seq=585
[2026-09-02T18:39:44.083+00:00][A] [ERROR] TX_FAILED
[2026-09-02T18:39:44.084+00:00][A] [WARN] ACK_FAILED seq=587
[2026-09-02T18:39:44.146+00:00][A] [ERROR] TX_FAILED
[2026-09-02T18:39:44.147+00:00][A] [WARN] ACK_FAILED seq=591
[2026-09-02T18:39:44.211+00:00][A] [INFO] --------------------------------
[2026-09-02T18:39:44.211+00:00][A] [INFO] [HEARTBEAT TX]
[2026-09-02T18:39:44.216+00:00][A] [INFO] Node ID: 1
[2026-09-02T18:39:44.216+00:00][A] [INFO] type: 2
[2026-09-02T18:39:44.217+00:00][A] [INFO] Destination: 0xFF
[2026-09-02T18:39:44.219+00:00][B] [INFO] [RF RX] type=2 source=0x01 destination=0xFF previousHop=0x01 sequence=621 ackSequence=0 ttl=8 hops=0 payloadSize=13 rssi=-61 sn
[2026-09-02T18:39:44.221+00:00][A] [INFO] Sequence: 621
[2026-09-02T18:39:44.222+00:00][A] [INFO] Packet ID: 320
[2026-09-02T18:39:44.227+00:00][A] [INFO] Packet Size: 26
[2026-09-02T18:39:44.227+00:00][A] [INFO] Timestamp: 320 ms
[2026-09-02T18:39:44.232+00:00][A] [INFO] Transmission Result: success
[2026-09-02T18:39:44.233+00:00][A] [INFO] --------------------------------
[2026-09-02T18:39:44.238+00:00][A] [INFO] [Heartbeat #320]
[2026-09-02T18:39:44.238+00:00][A] [INFO] Sent
[2026-09-02T18:39:44.239+00:00][A] [INFO] Waiting ACK...
[2026-09-02T18:39:44.239+00:00][A] [INFO] [WAITING ACK]
[2026-09-02T18:39:44.255+00:00][A] [INFO] [RF TX] type=2 source=0x01 destination=0xFF previousHop=0x01 sequence=621 ackSequence=0 ttl=8 hops=0 payloadSize=13 rssi=0 snr=
[2026-09-02T18:39:44.255+00:00][A] [INFO] Heartbeat packet sent
[2026-09-02T18:39:44.255+00:00][A] [ERROR] TX_FAILED
[2026-09-02T18:39:44.256+00:00][A] [WARN] ACK_FAILED seq=593
[2026-09-02T18:39:44.272+00:00][A] [ERROR] TX_FAILED
[2026-09-02T18:39:44.272+00:00][A] [WARN] ACK_FAILED seq=595
[2026-09-02T18:39:44.620+00:00][B] [WARN] Retry 1
[2026-09-02T18:39:44.687+00:00][B] [INFO] --------------------------------
[2026-09-02T18:39:44.687+00:00][B] [INFO] [HEARTBEAT TX]
[2026-09-02T18:39:44.692+00:00][B] [INFO] Node ID: 2
[2026-09-02T18:39:44.692+00:00][B] [INFO] type: 2
[2026-09-02T18:39:44.692+00:00][B] [INFO] Destination: 0xFF
[2026-09-02T18:39:44.695+00:00][A] [INFO] [RF RX] type=2 source=0x02 destination=0xFF previousHop=0x02 sequence=324 ackSequence=0 ttl=8 hops=0 payloadSize=13 rssi=-61 sn
[2026-09-02T18:39:44.698+00:00][B] [INFO] Sequence: 324
[2026-09-02T18:39:44.698+00:00][B] [INFO] Packet ID: 153
[2026-09-02T18:39:44.703+00:00][B] [INFO] Packet Size: 26
[2026-09-02T18:39:44.703+00:00][B] [INFO] Timestamp: 153 ms
[2026-09-02T18:39:44.709+00:00][B] [INFO] Transmission Result: success
[2026-09-02T18:39:44.709+00:00][B] [INFO] --------------------------------
[2026-09-02T18:39:44.714+00:00][B] [INFO] [Heartbeat #153]
[2026-09-02T18:39:44.714+00:00][B] [INFO] Sent
[2026-09-02T18:39:44.715+00:00][B] [INFO] Waiting ACK...
[2026-09-02T18:39:44.715+00:00][B] [INFO] [WAITING ACK]
[2026-09-02T18:39:44.728+00:00][B] [INFO] [RF TX] type=2 source=0x02 destination=0xFF previousHop=0x02 sequence=324 ackSequence=0 ttl=8 hops=0 payloadSize=13 rssi=0 snr=
[2026-09-02T18:39:44.729+00:00][B] [INFO] Heartbeat packet sent
[2026-09-02T18:39:45.228+00:00][A] [WARN] Retry 1
[2026-09-02T18:39:45.295+00:00][A] [INFO] --------------------------------
[2026-09-02T18:39:45.295+00:00][A] [INFO] [HEARTBEAT TX]
[2026-09-02T18:39:45.300+00:00][A] [INFO] Node ID: 1
[2026-09-02T18:39:45.300+00:00][A] [INFO] type: 2
[2026-09-02T18:39:45.300+00:00][A] [INFO] Destination: 0xFF
[2026-09-02T18:39:45.303+00:00][B] [INFO] [RF RX] type=2 source=0x01 destination=0xFF previousHop=0x01 sequence=621 ackSequence=0 ttl=8 hops=0 payloadSize=13 rssi=-61 sn
[2026-09-02T18:39:45.305+00:00][A] [INFO] Sequence: 621
[2026-09-02T18:39:45.306+00:00][A] [INFO] Packet ID: 320
[2026-09-02T18:39:45.311+00:00][A] [INFO] Packet Size: 26
[2026-09-02T18:39:45.311+00:00][A] [INFO] Timestamp: 320 ms
[2026-09-02T18:39:45.316+00:00][A] [INFO] Transmission Result: success
[2026-09-02T18:39:45.317+00:00][A] [INFO] --------------------------------
[2026-09-02T18:39:45.322+00:00][A] [INFO] [Heartbeat #320]
[2026-09-02T18:39:45.322+00:00][A] [INFO] Sent
[2026-09-02T18:39:45.322+00:00][A] [INFO] Waiting ACK...
[2026-09-02T18:39:45.323+00:00][A] [INFO] [WAITING ACK]
[2026-09-02T18:39:45.336+00:00][A] [INFO] [RF TX] type=2 source=0x01 destination=0xFF previousHop=0x01 sequence=621 ackSequence=0 ttl=8 hops=0 payloadSize=13 rssi=0 snr=
[2026-09-02T18:39:45.337+00:00][A] [INFO] Heartbeat packet sent
[2026-09-02T18:39:45.603+00:00][B] [INFO] --------------------------------
[2026-09-02T18:39:45.603+00:00][B] [INFO] [HEARTBEAT TX]
[2026-09-02T18:39:45.608+00:00][B] [INFO] Node ID: 2
[2026-09-02T18:39:45.609+00:00][B] [INFO] type: 2
[2026-09-02T18:39:45.609+00:00][B] [INFO] Destination: 0xFF
[2026-09-02T18:39:45.611+00:00][A] [INFO] [RF RX] type=2 source=0x02 destination=0xFF previousHop=0x02 sequence=325 ackSequence=0 ttl=8 hops=0 payloadSize=13 rssi=-60 sn
[2026-09-02T18:39:45.614+00:00][B] [INFO] Sequence: 325
[2026-09-02T18:39:45.614+00:00][B] [INFO] Packet ID: 154
[2026-09-02T18:39:45.619+00:00][B] [INFO] Packet Size: 26
[2026-09-02T18:39:45.619+00:00][B] [INFO] Timestamp: 154 ms
[2026-09-02T18:39:45.624+00:00][B] [INFO] Transmission Result: success
[2026-09-02T18:39:45.625+00:00][B] [INFO] --------------------------------
[2026-09-02T18:39:45.630+00:00][B] [INFO] [Heartbeat #154]
[2026-09-02T18:39:45.630+00:00][B] [INFO] Sent
[2026-09-02T18:39:45.631+00:00][B] [INFO] Waiting ACK...
[2026-09-02T18:39:45.631+00:00][B] [INFO] [WAITING ACK]
[2026-09-02T18:39:45.644+00:00][B] [INFO] [RF TX] type=2 source=0x02 destination=0xFF previousHop=0x02 sequence=325 ackSequence=0 ttl=8 hops=0 payloadSize=13 rssi=0 snr=
[2026-09-02T18:39:45.645+00:00][B] [INFO] Heartbeat packet sent
[2026-09-02T18:39:46.211+00:00][A] [INFO] --------------------------------
[2026-09-02T18:39:46.211+00:00][A] [INFO] [HEARTBEAT TX]
[2026-09-02T18:39:46.216+00:00][A] [INFO] Node ID: 1
[2026-09-02T18:39:46.216+00:00][A] [INFO] type: 2
[2026-09-02T18:39:46.217+00:00][A] [INFO] Destination: 0xFF
[2026-09-02T18:39:46.219+00:00][B] [INFO] [RF RX] type=2 source=0x01 destination=0xFF previousHop=0x01 sequence=622 ackSequence=0 ttl=8 hops=0 payloadSize=13 rssi=-60 sn
[2026-09-02T18:39:46.221+00:00][A] [INFO] Sequence: 622
[2026-09-02T18:39:46.222+00:00][A] [INFO] Packet ID: 321
[2026-09-02T18:39:46.227+00:00][A] [INFO] Packet Size: 26
[2026-09-02T18:39:46.227+00:00][A] [INFO] Timestamp: 321 ms
[2026-09-02T18:39:46.232+00:00][A] [INFO] Transmission Result: success
[2026-09-02T18:39:46.233+00:00][A] [INFO] --------------------------------
[2026-09-02T18:39:46.238+00:00][A] [INFO] [Heartbeat #321]
[2026-09-02T18:39:46.238+00:00][A] [INFO] Sent
[2026-09-02T18:39:46.238+00:00][A] [INFO] Waiting ACK...
[2026-09-02T18:39:46.239+00:00][A] [INFO] [WAITING ACK]
[2026-09-02T18:39:46.252+00:00][A] [INFO] [RF TX] type=2 source=0x01 destination=0xFF previousHop=0x01 sequence=622 ackSequence=0 ttl=8 hops=0 payloadSize=13 rssi=0 snr=
[2026-09-02T18:39:46.253+00:00][A] [INFO] Heartbeat packet sent
[2026-09-02T18:39:46.620+00:00][B] [WARN] Retry 1
[2026-09-02T18:39:46.687+00:00][B] [INFO] --------------------------------
[2026-09-02T18:39:46.687+00:00][B] [INFO] [HEARTBEAT TX]
[2026-09-02T18:39:46.692+00:00][B] [INFO] Node ID: 2
[2026-09-02T18:39:46.692+00:00][B] [INFO] type: 2
[2026-09-02T18:39:46.693+00:00][B] [INFO] Destination: 0xFF
[2026-09-02T18:39:46.695+00:00][A] [INFO] [RF RX] type=2 source=0x02 destination=0xFF previousHop=0x02 sequence=325 ackSequence=0 ttl=8 hops=0 payloadSize=13 rssi=-61 sn
[2026-09-02T18:39:46.698+00:00][B] [INFO] Sequence: 325
[2026-09-02T18:39:46.698+00:00][B] [INFO] Packet ID: 154
[2026-09-02T18:39:46.703+00:00][B] [INFO] Packet Size: 26
[2026-09-02T18:39:46.703+00:00][B] [INFO] Timestamp: 154 ms
[2026-09-02T18:39:46.708+00:00][B] [INFO] Transmission Result: success
[2026-09-02T18:39:46.709+00:00][B] [INFO] --------------------------------
[2026-09-02T18:39:46.714+00:00][B] [INFO] [Heartbeat #154]
[2026-09-02T18:39:46.714+00:00][B] [INFO] Sent
[2026-09-02T18:39:46.715+00:00][B] [INFO] Waiting ACK...
[2026-09-02T18:39:46.715+00:00][B] [INFO] [WAITING ACK]
[2026-09-02T18:39:46.728+00:00][B] [INFO] [RF TX] type=2 source=0x02 destination=0xFF previousHop=0x02 sequence=325 ackSequence=0 ttl=8 hops=0 payloadSize=13 rssi=0 snr=
[2026-09-02T18:39:46.729+00:00][B] [INFO] Heartbeat packet sent
[2026-09-02T18:39:47.227+00:00][A] [WARN] Retry 1
[2026-09-02T18:39:47.294+00:00][A] [INFO] --------------------------------
[2026-09-02T18:39:47.295+00:00][A] [INFO] [HEARTBEAT TX]
[2026-09-02T18:39:47.300+00:00][A] [INFO] Node ID: 1
[2026-09-02T18:39:47.300+00:00][A] [INFO] type: 2
[2026-09-02T18:39:47.300+00:00][A] [INFO] Destination: 0xFF
[2026-09-02T18:39:47.303+00:00][B] [INFO] [RF RX] type=2 source=0x01 destination=0xFF previousHop=0x01 sequence=622 ackSequence=0 ttl=8 hops=0 payloadSize=13 rssi=-61 sn
[2026-09-02T18:39:47.305+00:00][A] [INFO] Sequence: 622
[2026-09-02T18:39:47.306+00:00][A] [INFO] Packet ID: 321
[2026-09-02T18:39:47.311+00:00][A] [INFO] Packet Size: 26
[2026-09-02T18:39:47.311+00:00][A] [INFO] Timestamp: 321 ms
[2026-09-02T18:39:47.316+00:00][A] [INFO] Transmission Result: success
[2026-09-02T18:39:47.317+00:00][A] [INFO] --------------------------------
[2026-09-02T18:39:47.322+00:00][A] [INFO] [Heartbeat #321]
[2026-09-02T18:39:47.322+00:00][A] [INFO] Sent
[2026-09-02T18:39:47.322+00:00][A] [INFO] Waiting ACK...
[2026-09-02T18:39:47.323+00:00][A] [INFO] [WAITING ACK]
[2026-09-02T18:39:47.336+00:00][A] [INFO] [RF TX] type=2 source=0x01 destination=0xFF previousHop=0x01 sequence=622 ackSequence=0 ttl=8 hops=0 payloadSize=13 rssi=0 snr=
[2026-09-02T18:39:47.336+00:00][A] [INFO] Heartbeat packet sent
[2026-09-02T18:39:47.603+00:00][B] [INFO] --------------------------------
[2026-09-02T18:39:47.603+00:00][B] [INFO] [HEARTBEAT TX]
[2026-09-02T18:39:47.608+00:00][B] [INFO] Node ID: 2
[2026-09-02T18:39:47.608+00:00][B] [INFO] type: 2
[2026-09-02T18:39:47.609+00:00][B] [INFO] Destination: 0xFF
[2026-09-02T18:39:47.611+00:00][A] [INFO] [RF RX] type=2 source=0x02 destination=0xFF previousHop=0x02 sequence=326 ackSequence=0 ttl=8 hops=0 payloadSize=13 rssi=-60 sn
[2026-09-02T18:39:47.614+00:00][B] [INFO] Sequence: 326
[2026-09-02T18:39:47.614+00:00][B] [INFO] Packet ID: 155
[2026-09-02T18:39:47.619+00:00][B] [INFO] Packet Size: 26
[2026-09-02T18:39:47.619+00:00][B] [INFO] Timestamp: 155 ms
[2026-09-02T18:39:47.624+00:00][B] [INFO] Transmission Result: success
[2026-09-02T18:39:47.625+00:00][B] [INFO] --------------------------------
[2026-09-02T18:39:47.630+00:00][B] [INFO] [Heartbeat #155]
[2026-09-02T18:39:47.630+00:00][B] [INFO] Sent
[2026-09-02T18:39:47.631+00:00][B] [INFO] Waiting ACK...
[2026-09-02T18:39:47.631+00:00][B] [INFO] [WAITING ACK]
[2026-09-02T18:39:47.644+00:00][B] [INFO] [RF TX] type=2 source=0x02 destination=0xFF previousHop=0x02 sequence=326 ackSequence=0 ttl=8 hops=0 payloadSize=13 rssi=0 snr=
[2026-09-02T18:39:47.645+00:00][B] [INFO] Heartbeat packet sent
[2026-09-02T18:39:48.210+00:00][A] [INFO] --------------------------------
[2026-09-02T18:39:48.211+00:00][A] [INFO] [HEARTBEAT TX]
[2026-09-02T18:39:48.216+00:00][A] [INFO] Node ID: 1
[2026-09-02T18:39:48.216+00:00][A] [INFO] type: 2
[2026-09-02T18:39:48.216+00:00][A] [INFO] Destination: 0xFF
[2026-09-02T18:39:48.218+00:00][B] [INFO] [RF RX] type=2 source=0x01 destination=0xFF previousHop=0x01 sequence=623 ackSequence=0 ttl=8 hops=0 payloadSize=13 rssi=-60 sn
[2026-09-02T18:39:48.221+00:00][A] [INFO] Sequence: 623
[2026-09-02T18:39:48.222+00:00][A] [INFO] Packet ID: 322
[2026-09-02T18:39:48.227+00:00][A] [INFO] Packet Size: 26
[2026-09-02T18:39:48.227+00:00][A] [INFO] Timestamp: 322 ms
[2026-09-02T18:39:48.232+00:00][A] [INFO] Transmission Result: success
[2026-09-02T18:39:48.233+00:00][A] [INFO] --------------------------------
[2026-09-02T18:39:48.238+00:00][A] [INFO] [Heartbeat #322]
[2026-09-02T18:39:48.238+00:00][A] [INFO] Sent
[2026-09-02T18:39:48.238+00:00][A] [INFO] Waiting ACK...
[2026-09-02T18:39:48.239+00:00][A] [INFO] [WAITING ACK]
[2026-09-02T18:39:48.252+00:00][A] [INFO] [RF TX] type=2 source=0x01 destination=0xFF previousHop=0x01 sequence=623 ackSequence=0 ttl=8 hops=0 payloadSize=13 rssi=0 snr=
[2026-09-02T18:39:48.252+00:00][A] [INFO] Heartbeat packet sent
[2026-09-02T18:39:48.620+00:00][B] [WARN] Retry 1
[2026-09-02T18:39:48.687+00:00][B] [INFO] --------------------------------
[2026-09-02T18:39:48.687+00:00][B] [INFO] [HEARTBEAT TX]
[2026-09-02T18:39:48.692+00:00][B] [INFO] Node ID: 2
[2026-09-02T18:39:48.692+00:00][B] [INFO] type: 2
[2026-09-02T18:39:48.693+00:00][B] [INFO] Destination: 0xFF
[2026-09-02T18:39:48.695+00:00][A] [INFO] [RF RX] type=2 source=0x02 destination=0xFF previousHop=0x02 sequence=326 ackSequence=0 ttl=8 hops=0 payloadSize=13 rssi=-60 sn
[2026-09-02T18:39:48.698+00:00][B] [INFO] Sequence: 326
[2026-09-02T18:39:48.698+00:00][B] [INFO] Packet ID: 155
[2026-09-02T18:39:48.703+00:00][B] [INFO] Packet Size: 26
[2026-09-02T18:39:48.703+00:00][B] [INFO] Timestamp: 155 ms
[2026-09-02T18:39:48.708+00:00][B] [INFO] Transmission Result: success
[2026-09-02T18:39:48.709+00:00][B] [INFO] --------------------------------
[2026-09-02T18:39:48.714+00:00][B] [INFO] [Heartbeat #155]
[2026-09-02T18:39:48.714+00:00][B] [INFO] Sent
[2026-09-02T18:39:48.715+00:00][B] [INFO] Waiting ACK...
[2026-09-02T18:39:48.715+00:00][B] [INFO] [WAITING ACK]
[2026-09-02T18:39:48.728+00:00][B] [INFO] [RF TX] type=2 source=0x02 destination=0xFF previousHop=0x02 sequence=326 ackSequence=0 ttl=8 hops=0 payloadSize=13 rssi=0 snr=
[2026-09-02T18:39:48.729+00:00][B] [INFO] Heartbeat packet sent
[2026-09-02T18:39:49.227+00:00][A] [WARN] Retry 1
[2026-09-02T18:39:49.295+00:00][A] [INFO] --------------------------------
[2026-09-02T18:39:49.295+00:00][A] [INFO] [HEARTBEAT TX]
[2026-09-02T18:39:49.300+00:00][A] [INFO] Node ID: 1
[2026-09-02T18:39:49.300+00:00][A] [INFO] type: 2
[2026-09-02T18:39:49.300+00:00][A] [INFO] Destination: 0xFF
[2026-09-02T18:39:49.305+00:00][A] [INFO] Sequence: 623
[2026-09-02T18:39:49.305+00:00][A] [INFO] Packet ID: 322
[2026-09-02T18:39:49.311+00:00][A] [INFO] Packet Size: 26
[2026-09-02T18:39:49.311+00:00][A] [INFO] Timestamp: 322 ms
[2026-09-02T18:39:49.316+00:00][A] [INFO] Transmission Result: success
[2026-09-02T18:39:49.317+00:00][A] [INFO] --------------------------------
[2026-09-02T18:39:49.322+00:00][A] [INFO] [Heartbeat #322]
[2026-09-02T18:39:49.322+00:00][A] [INFO] Sent
[2026-09-02T18:39:49.323+00:00][A] [INFO] Waiting ACK...
[2026-09-02T18:39:49.323+00:00][A] [INFO] [WAITING ACK]
[2026-09-02T18:39:49.336+00:00][A] [INFO] [RF TX] type=2 source=0x01 destination=0xFF previousHop=0x01 sequence=623 ackSequence=0 ttl=8 hops=0 payloadSize=13 rssi=0 snr=
[2026-09-02T18:39:49.336+00:00][A] [INFO] Heartbeat packet sent
[2026-09-02T18:39:49.603+00:00][B] [INFO] --------------------------------
[2026-09-02T18:39:49.603+00:00][B] [INFO] [HEARTBEAT TX]
[2026-09-02T18:39:49.608+00:00][B] [INFO] Node ID: 2
[2026-09-02T18:39:49.608+00:00][B] [INFO] type: 2
[2026-09-02T18:39:49.609+00:00][B] [INFO] Destination: 0xFF
[2026-09-02T18:39:49.611+00:00][A] [INFO] [RF RX] type=2 source=0x02 destination=0xFF previousHop=0x02 sequence=327 ackSequence=0 ttl=8 hops=0 payloadSize=13 rssi=-60 sn
[2026-09-02T18:39:49.613+00:00][B] [INFO] Sequence: 327
[2026-09-02T18:39:49.614+00:00][B] [INFO] Packet ID: 156
[2026-09-02T18:39:49.619+00:00][B] [INFO] Packet Size: 26
[2026-09-02T18:39:49.619+00:00][B] [INFO] Timestamp: 156 ms
[2026-09-02T18:39:49.624+00:00][B] [INFO] Transmission Result: success
[2026-09-02T18:39:49.625+00:00][B] [INFO] --------------------------------
[2026-09-02T18:39:49.630+00:00][B] [INFO] [Heartbeat #156]
[2026-09-02T18:39:49.630+00:00][B] [INFO] Sent
[2026-09-02T18:39:49.631+00:00][B] [INFO] Waiting ACK...
[2026-09-02T18:39:49.631+00:00][B] [INFO] [WAITING ACK]
[2026-09-02T18:39:49.644+00:00][B] [INFO] [RF TX] type=2 source=0x02 destination=0xFF previousHop=0x02 sequence=327 ackSequence=0 ttl=8 hops=0 payloadSize=13 rssi=0 snr=
[2026-09-02T18:39:49.645+00:00][B] [INFO] Heartbeat packet sent
[2026-09-02T18:39:50.210+00:00][A] [INFO] --------------------------------
[2026-09-02T18:39:50.211+00:00][A] [INFO] [HEARTBEAT TX]
[2026-09-02T18:39:50.216+00:00][A] [INFO] Node ID: 1
[2026-09-02T18:39:50.216+00:00][A] [INFO] type: 2
[2026-09-02T18:39:50.216+00:00][A] [INFO] Destination: 0xFF
[2026-09-02T18:39:50.219+00:00][B] [INFO] [RF RX] type=2 source=0x01 destination=0xFF previousHop=0x01 sequence=624 ackSequence=0 ttl=8 hops=0 payloadSize=13 rssi=-61 sn
[2026-09-02T18:39:50.221+00:00][A] [INFO] Sequence: 624
[2026-09-02T18:39:50.222+00:00][A] [INFO] Packet ID: 323
[2026-09-02T18:39:50.227+00:00][A] [INFO] Packet Size: 26
[2026-09-02T18:39:50.227+00:00][A] [INFO] Timestamp: 323 ms
[2026-09-02T18:39:50.232+00:00][A] [INFO] Transmission Result: success
[2026-09-02T18:39:50.234+00:00][A] [INFO] --------------------------------
[2026-09-02T18:39:50.238+00:00][A] [INFO] [Heartbeat #323]
[2026-09-02T18:39:50.238+00:00][A] [INFO] Sent
[2026-09-02T18:39:50.238+00:00][A] [INFO] Waiting ACK...
[2026-09-02T18:39:50.238+00:00][A] [INFO] [WAITING ACK]
[2026-09-02T18:39:50.252+00:00][A] [INFO] [RF TX] type=2 source=0x01 destination=0xFF previousHop=0x01 sequence=624 ackSequence=0 ttl=8 hops=0 payloadSize=13 rssi=0 snr=
[2026-09-02T18:39:50.252+00:00][A] [INFO] Heartbeat packet sent
[2026-09-02T18:39:50.620+00:00][B] [WARN] Retry 1
[2026-09-02T18:39:50.687+00:00][B] [INFO] --------------------------------
[2026-09-02T18:39:50.687+00:00][B] [INFO] [HEARTBEAT TX]
[2026-09-02T18:39:50.692+00:00][B] [INFO] Node ID: 2
[2026-09-02T18:39:50.692+00:00][B] [INFO] type: 2
[2026-09-02T18:39:50.693+00:00][B] [INFO] Destination: 0xFF
[2026-09-02T18:39:50.695+00:00][A] [INFO] [RF RX] type=2 source=0x02 destination=0xFF previousHop=0x02 sequence=327 ackSequence=0 ttl=8 hops=0 payloadSize=13 rssi=-60 sn
[2026-09-02T18:39:50.697+00:00][B] [INFO] Sequence: 327
[2026-09-02T18:39:50.698+00:00][B] [INFO] Packet ID: 156
[2026-09-02T18:39:50.703+00:00][B] [INFO] Packet Size: 26
[2026-09-02T18:39:50.703+00:00][B] [INFO] Timestamp: 156 ms
[2026-09-02T18:39:50.708+00:00][B] [INFO] Transmission Result: success
[2026-09-02T18:39:50.709+00:00][B] [INFO] --------------------------------
[2026-09-02T18:39:50.714+00:00][B] [INFO] [Heartbeat #156]
[2026-09-02T18:39:50.714+00:00][B] [INFO] Sent
[2026-09-02T18:39:50.715+00:00][B] [INFO] Waiting ACK...
[2026-09-02T18:39:50.715+00:00][B] [INFO] [WAITING ACK]
[2026-09-02T18:39:50.728+00:00][B] [INFO] [RF TX] type=2 source=0x02 destination=0xFF previousHop=0x02 sequence=327 ackSequence=0 ttl=8 hops=0 payloadSize=13 rssi=0 snr=
[2026-09-02T18:39:50.729+00:00][B] [INFO] Heartbeat packet sent
[2026-09-02T18:39:51.227+00:00][A] [WARN] Retry 1
[2026-09-02T18:39:51.294+00:00][A] [INFO] --------------------------------
[2026-09-02T18:39:51.295+00:00][A] [INFO] [HEARTBEAT TX]
[2026-09-02T18:39:51.300+00:00][A] [INFO] Node ID: 1
[2026-09-02T18:39:51.300+00:00][A] [INFO] type: 2
[2026-09-02T18:39:51.300+00:00][A] [INFO] Destination: 0xFF
[2026-09-02T18:39:51.302+00:00][B] [INFO] [RF RX] type=2 source=0x01 destination=0xFF previousHop=0x01 sequence=624 ackSequence=0 ttl=8 hops=0 payloadSize=13 rssi=-61 sn
[2026-09-02T18:39:51.305+00:00][A] [INFO] Sequence: 624
[2026-09-02T18:39:51.305+00:00][A] [INFO] Packet ID: 323
[2026-09-02T18:39:51.310+00:00][A] [INFO] Packet Size: 26
[2026-09-02T18:39:51.311+00:00][A] [INFO] Timestamp: 323 ms
[2026-09-02T18:39:51.316+00:00][A] [INFO] Transmission Result: success
[2026-09-02T18:39:51.317+00:00][A] [INFO] --------------------------------
[2026-09-02T18:39:51.322+00:00][A] [INFO] [Heartbeat #323]
[2026-09-02T18:39:51.322+00:00][A] [INFO] Sent
[2026-09-02T18:39:51.322+00:00][A] [INFO] Waiting ACK...
[2026-09-02T18:39:51.322+00:00][A] [INFO] [WAITING ACK]
[2026-09-02T18:39:51.336+00:00][A] [INFO] [RF TX] type=2 source=0x01 destination=0xFF previousHop=0x01 sequence=624 ackSequence=0 ttl=8 hops=0 payloadSize=13 rssi=0 snr=
[2026-09-02T18:39:51.336+00:00][A] [INFO] Heartbeat packet sent
[2026-09-02T18:39:51.603+00:00][B] [INFO] --------------------------------
[2026-09-02T18:39:51.603+00:00][B] [INFO] [HEARTBEAT TX]
[2026-09-02T18:39:51.608+00:00][B] [INFO] Node ID: 2
[2026-09-02T18:39:51.608+00:00][B] [INFO] type: 2
[2026-09-02T18:39:51.609+00:00][B] [INFO] Destination: 0xFF
[2026-09-02T18:39:51.611+00:00][A] [INFO] [RF RX] type=2 source=0x02 destination=0xFF previousHop=0x02 sequence=328 ackSequence=0 ttl=8 hops=0 payloadSize=13 rssi=-61 sn
[2026-09-02T18:39:51.613+00:00][B] [INFO] Sequence: 328
[2026-09-02T18:39:51.614+00:00][B] [INFO] Packet ID: 157
[2026-09-02T18:39:51.619+00:00][B] [INFO] Packet Size: 26
[2026-09-02T18:39:51.619+00:00][B] [INFO] Timestamp: 157 ms
[2026-09-02T18:39:51.624+00:00][B] [INFO] Transmission Result: success
[2026-09-02T18:39:51.625+00:00][B] [INFO] --------------------------------
[2026-09-02T18:39:51.630+00:00][B] [INFO] [Heartbeat #157]
[2026-09-02T18:39:51.630+00:00][B] [INFO] Sent
[2026-09-02T18:39:51.631+00:00][B] [INFO] Waiting ACK...
[2026-09-02T18:39:51.631+00:00][B] [INFO] [WAITING ACK]
[2026-09-02T18:39:51.644+00:00][B] [INFO] [RF TX] type=2 source=0x02 destination=0xFF previousHop=0x02 sequence=328 ackSequence=0 ttl=8 hops=0 payloadSize=13 rssi=0 snr=
[2026-09-02T18:39:51.645+00:00][B] [INFO] Heartbeat packet sent
[2026-09-02T18:39:52.210+00:00][A] [INFO] --------------------------------
[2026-09-02T18:39:52.211+00:00][A] [INFO] [HEARTBEAT TX]
[2026-09-02T18:39:52.216+00:00][A] [INFO] Node ID: 1
[2026-09-02T18:39:52.216+00:00][A] [INFO] type: 2
[2026-09-02T18:39:52.216+00:00][A] [INFO] Destination: 0xFF
[2026-09-02T18:39:52.219+00:00][B] [INFO] [RF RX] type=2 source=0x01 destination=0xFF previousHop=0x01 sequence=625 ackSequence=0 ttl=8 hops=0 payloadSize=13 rssi=-61 sn
[2026-09-02T18:39:52.221+00:00][A] [INFO] Sequence: 625
[2026-09-02T18:39:52.222+00:00][A] [INFO] Packet ID: 324
[2026-09-02T18:39:52.226+00:00][A] [INFO] Packet Size: 26
[2026-09-02T18:39:52.227+00:00][A] [INFO] Timestamp: 324 ms
[2026-09-02T18:39:52.232+00:00][A] [INFO] Transmission Result: success
[2026-09-02T18:39:52.233+00:00][A] [INFO] --------------------------------
[2026-09-02T18:39:52.238+00:00][A] [INFO] [Heartbeat #324]
[2026-09-02T18:39:52.238+00:00][A] [INFO] Sent
[2026-09-02T18:39:52.238+00:00][A] [INFO] Waiting ACK...
[2026-09-02T18:39:52.239+00:00][A] [INFO] [WAITING ACK]
[2026-09-02T18:39:52.252+00:00][A] [INFO] [RF TX] type=2 source=0x01 destination=0xFF previousHop=0x01 sequence=625 ackSequence=0 ttl=8 hops=0 payloadSize=13 rssi=0 snr=
[2026-09-02T18:39:52.252+00:00][A] [INFO] Heartbeat packet sent
[2026-09-02T18:39:52.620+00:00][B] [WARN] Retry 1
[2026-09-02T18:39:52.687+00:00][B] [INFO] --------------------------------
[2026-09-02T18:39:52.687+00:00][B] [INFO] [HEARTBEAT TX]
[2026-09-02T18:39:52.692+00:00][B] [INFO] Node ID: 2
[2026-09-02T18:39:52.692+00:00][B] [INFO] type: 2
[2026-09-02T18:39:52.693+00:00][B] [INFO] Destination: 0xFF
[2026-09-02T18:39:52.695+00:00][A] [INFO] [RF RX] type=2 source=0x02 destination=0xFF previousHop=0x02 sequence=328 ackSequence=0 ttl=8 hops=0 payloadSize=13 rssi=-61 sn
[2026-09-02T18:39:52.697+00:00][B] [INFO] Sequence: 328
[2026-09-02T18:39:52.698+00:00][B] [INFO] Packet ID: 157
[2026-09-02T18:39:52.703+00:00][B] [INFO] Packet Size: 26
[2026-09-02T18:39:52.703+00:00][B] [INFO] Timestamp: 157 ms
[2026-09-02T18:39:52.708+00:00][B] [INFO] Transmission Result: success
[2026-09-02T18:39:52.709+00:00][B] [INFO] --------------------------------
[2026-09-02T18:39:52.714+00:00][B] [INFO] [Heartbeat #157]
[2026-09-02T18:39:52.714+00:00][B] [INFO] Sent
[2026-09-02T18:39:52.715+00:00][B] [INFO] Waiting ACK...
[2026-09-02T18:39:52.715+00:00][B] [INFO] [WAITING ACK]
[2026-09-02T18:39:52.728+00:00][B] [INFO] [RF TX] type=2 source=0x02 destination=0xFF previousHop=0x02 sequence=328 ackSequence=0 ttl=8 hops=0 payloadSize=13 rssi=0 snr=
[2026-09-02T18:39:52.729+00:00][B] [INFO] Heartbeat packet sent
[2026-09-02T18:39:53.227+00:00][A] [WARN] Retry 1
[2026-09-02T18:39:53.294+00:00][A] [INFO] --------------------------------
[2026-09-02T18:39:53.295+00:00][A] [INFO] [HEARTBEAT TX]
[2026-09-02T18:39:53.300+00:00][A] [INFO] Node ID: 1
[2026-09-02T18:39:53.300+00:00][A] [INFO] type: 2
[2026-09-02T18:39:53.300+00:00][A] [INFO] Destination: 0xFF
[2026-09-02T18:39:53.303+00:00][B] [INFO] [RF RX] type=2 source=0x01 destination=0xFF previousHop=0x01 sequence=625 ackSequence=0 ttl=8 hops=0 payloadSize=13 rssi=-61 sn
[2026-09-02T18:39:53.305+00:00][A] [INFO] Sequence: 625
[2026-09-02T18:39:53.305+00:00][A] [INFO] Packet ID: 324
[2026-09-02T18:39:53.310+00:00][A] [INFO] Packet Size: 26
[2026-09-02T18:39:53.311+00:00][A] [INFO] Timestamp: 324 ms
[2026-09-02T18:39:53.316+00:00][A] [INFO] Transmission Result: success
[2026-09-02T18:39:53.317+00:00][A] [INFO] --------------------------------
[2026-09-02T18:39:53.322+00:00][A] [INFO] [Heartbeat #324]
[2026-09-02T18:39:53.322+00:00][A] [INFO] Sent
[2026-09-02T18:39:53.322+00:00][A] [INFO] Waiting ACK...
[2026-09-02T18:39:53.323+00:00][A] [INFO] [WAITING ACK]
[2026-09-02T18:39:53.336+00:00][A] [INFO] [RF TX] type=2 source=0x01 destination=0xFF previousHop=0x01 sequence=625 ackSequence=0 ttl=8 hops=0 payloadSize=13 rssi=0 snr=
[2026-09-02T18:39:53.336+00:00][A] [INFO] Heartbeat packet sent
[2026-09-02T18:39:53.603+00:00][B] [INFO] --------------------------------
[2026-09-02T18:39:53.603+00:00][B] [INFO] [HEARTBEAT TX]
[2026-09-02T18:39:53.608+00:00][B] [INFO] Node ID: 2
[2026-09-02T18:39:53.608+00:00][B] [INFO] type: 2
[2026-09-02T18:39:53.609+00:00][B] [INFO] Destination: 0xFF
[2026-09-02T18:39:53.611+00:00][A] [INFO] [RF RX] type=2 source=0x02 destination=0xFF previousHop=0x02 sequence=329 ackSequence=0 ttl=8 hops=0 payloadSize=13 rssi=-60 sn
[2026-09-02T18:39:53.613+00:00][B] [INFO] Sequence: 329
[2026-09-02T18:39:53.614+00:00][B] [INFO] Packet ID: 158
[2026-09-02T18:39:53.619+00:00][B] [INFO] Packet Size: 26
[2026-09-02T18:39:53.619+00:00][B] [INFO] Timestamp: 158 ms
[2026-09-02T18:39:53.624+00:00][B] [INFO] Transmission Result: success
[2026-09-02T18:39:53.625+00:00][B] [INFO] --------------------------------
[2026-09-02T18:39:53.630+00:00][B] [INFO] [Heartbeat #158]
[2026-09-02T18:39:53.630+00:00][B] [INFO] Sent
[2026-09-02T18:39:53.631+00:00][B] [INFO] Waiting ACK...
[2026-09-02T18:39:53.631+00:00][B] [INFO] [WAITING ACK]
[2026-09-02T18:39:53.644+00:00][B] [INFO] [RF TX] type=2 source=0x02 destination=0xFF previousHop=0x02 sequence=329 ackSequence=0 ttl=8 hops=0 payloadSize=13 rssi=0 snr=
[2026-09-02T18:39:53.645+00:00][B] [INFO] Heartbeat packet sent
[2026-09-02T18:39:54.210+00:00][A] [INFO] --------------------------------
[2026-09-02T18:39:54.211+00:00][A] [INFO] [HEARTBEAT TX]
[2026-09-02T18:39:54.216+00:00][A] [INFO] Node ID: 1
[2026-09-02T18:39:54.216+00:00][A] [INFO] type: 2
[2026-09-02T18:39:54.216+00:00][A] [INFO] Destination: 0xFF
[2026-09-02T18:39:54.218+00:00][B] [INFO] [RF RX] type=2 source=0x01 destination=0xFF previousHop=0x01 sequence=626 ackSequence=0 ttl=8 hops=0 payloadSize=13 rssi=-60 sn
[2026-09-02T18:39:54.221+00:00][A] [INFO] Sequence: 626
[2026-09-02T18:39:54.221+00:00][A] [INFO] Packet ID: 325
[2026-09-02T18:39:54.226+00:00][A] [INFO] Packet Size: 26
[2026-09-02T18:39:54.227+00:00][A] [INFO] Timestamp: 325 ms
[2026-09-02T18:39:54.232+00:00][A] [INFO] Transmission Result: success
[2026-09-02T18:39:54.233+00:00][A] [INFO] --------------------------------
[2026-09-02T18:39:54.238+00:00][A] [INFO] [Heartbeat #325]
[2026-09-02T18:39:54.238+00:00][A] [INFO] Sent
[2026-09-02T18:39:54.238+00:00][A] [INFO] Waiting ACK...
[2026-09-02T18:39:54.239+00:00][A] [INFO] [WAITING ACK]
[2026-09-02T18:39:54.252+00:00][A] [INFO] [RF TX] type=2 source=0x01 destination=0xFF previousHop=0x01 sequence=626 ackSequence=0 ttl=8 hops=0 payloadSize=13 rssi=0 snr=
[2026-09-02T18:39:54.252+00:00][A] [INFO] Heartbeat packet sent
[2026-09-02T18:39:54.620+00:00][B] [WARN] Retry 1
[2026-09-02T18:39:54.687+00:00][B] [INFO] --------------------------------
[2026-09-02T18:39:54.687+00:00][B] [INFO] [HEARTBEAT TX]
[2026-09-02T18:39:54.692+00:00][B] [INFO] Node ID: 2
[2026-09-02T18:39:54.692+00:00][B] [INFO] type: 2
[2026-09-02T18:39:54.693+00:00][B] [INFO] Destination: 0xFF
[2026-09-02T18:39:54.695+00:00][A] [INFO] [RF RX] type=2 source=0x02 destination=0xFF previousHop=0x02 sequence=329 ackSequence=0 ttl=8 hops=0 payloadSize=13 rssi=-60 sn
[2026-09-02T18:39:54.697+00:00][B] [INFO] Sequence: 329
[2026-09-02T18:39:54.698+00:00][B] [INFO] Packet ID: 158
[2026-09-02T18:39:54.703+00:00][B] [INFO] Packet Size: 26
[2026-09-02T18:39:54.703+00:00][B] [INFO] Timestamp: 158 ms
[2026-09-02T18:39:54.708+00:00][B] [INFO] Transmission Result: success
[2026-09-02T18:39:54.709+00:00][B] [INFO] --------------------------------
[2026-09-02T18:39:54.714+00:00][B] [INFO] [Heartbeat #158]
[2026-09-02T18:39:54.714+00:00][B] [INFO] Sent
[2026-09-02T18:39:54.714+00:00][B] [INFO] Waiting ACK...
[2026-09-02T18:39:54.715+00:00][B] [INFO] [WAITING ACK]
[2026-09-02T18:39:54.728+00:00][B] [INFO] [RF TX] type=2 source=0x02 destination=0xFF previousHop=0x02 sequence=329 ackSequence=0 ttl=8 hops=0 payloadSize=13 rssi=0 snr=
[2026-09-02T18:39:54.729+00:00][B] [INFO] Heartbeat packet sent
[2026-09-02T18:39:55.227+00:00][A] [WARN] Retry 1
[2026-09-02T18:39:55.294+00:00][A] [INFO] --------------------------------
[2026-09-02T18:39:55.294+00:00][A] [INFO] [HEARTBEAT TX]
[2026-09-02T18:39:55.299+00:00][A] [INFO] Node ID: 1
[2026-09-02T18:39:55.299+00:00][A] [INFO] type: 2
[2026-09-02T18:39:55.300+00:00][A] [INFO] Destination: 0xFF
[2026-09-02T18:39:55.302+00:00][B] [INFO] [RF RX] type=2 source=0x01 destination=0xFF previousHop=0x01 sequence=626 ackSequence=0 ttl=8 hops=0 payloadSize=13 rssi=-62 sn
[2026-09-02T18:39:55.305+00:00][A] [INFO] Sequence: 626
[2026-09-02T18:39:55.305+00:00][A] [INFO] Packet ID: 325
[2026-09-02T18:39:55.310+00:00][A] [INFO] Packet Size: 26
[2026-09-02T18:39:55.310+00:00][A] [INFO] Timestamp: 325 ms
[2026-09-02T18:39:55.316+00:00][A] [INFO] Transmission Result: success
[2026-09-02T18:39:55.316+00:00][A] [INFO] --------------------------------
[2026-09-02T18:39:55.322+00:00][A] [INFO] [Heartbeat #325]
[2026-09-02T18:39:55.322+00:00][A] [INFO] Sent
[2026-09-02T18:39:55.322+00:00][A] [INFO] Waiting ACK...
[2026-09-02T18:39:55.322+00:00][A] [INFO] [WAITING ACK]
[2026-09-02T18:39:55.336+00:00][A] [INFO] [RF TX] type=2 source=0x01 destination=0xFF previousHop=0x01 sequence=626 ackSequence=0 ttl=8 hops=0 payloadSize=13 rssi=0 snr=
[2026-09-02T18:39:55.336+00:00][A] [INFO] Heartbeat packet sent
[2026-09-02T18:39:55.603+00:00][B] [INFO] --------------------------------
[2026-09-02T18:39:55.603+00:00][B] [INFO] [HEARTBEAT TX]
[2026-09-02T18:39:55.608+00:00][B] [INFO] Node ID: 2
[2026-09-02T18:39:55.608+00:00][B] [INFO] type: 2
[2026-09-02T18:39:55.609+00:00][B] [INFO] Destination: 0xFF
[2026-09-02T18:39:55.611+00:00][A] [INFO] [RF RX] type=2 source=0x02 destination=0xFF previousHop=0x02 sequence=330 ackSequence=0 ttl=8 hops=0 payloadSize=13 rssi=-60 sn
[2026-09-02T18:39:55.613+00:00][B] [INFO] Sequence: 330
[2026-09-02T18:39:55.614+00:00][B] [INFO] Packet ID: 159
[2026-09-02T18:39:55.619+00:00][B] [INFO] Packet Size: 26
[2026-09-02T18:39:55.619+00:00][B] [INFO] Timestamp: 159 ms
[2026-09-02T18:39:55.624+00:00][B] [INFO] Transmission Result: success
[2026-09-02T18:39:55.625+00:00][B] [INFO] --------------------------------
[2026-09-02T18:39:55.630+00:00][B] [INFO] [Heartbeat #159]
[2026-09-02T18:39:55.630+00:00][B] [INFO] Sent
[2026-09-02T18:39:55.631+00:00][B] [INFO] Waiting ACK...
[2026-09-02T18:39:55.631+00:00][B] [INFO] [WAITING ACK]
[2026-09-02T18:39:55.644+00:00][B] [INFO] [RF TX] type=2 source=0x02 destination=0xFF previousHop=0x02 sequence=330 ackSequence=0 ttl=8 hops=0 payloadSize=13 rssi=0 snr=
[2026-09-02T18:39:55.645+00:00][B] [INFO] Heartbeat packet sent
[2026-09-02T18:39:56.210+00:00][A] [INFO] --------------------------------
[2026-09-02T18:39:56.211+00:00][A] [INFO] [HEARTBEAT TX]
[2026-09-02T18:39:56.216+00:00][A] [INFO] Node ID: 1
[2026-09-02T18:39:56.216+00:00][A] [INFO] type: 2
[2026-09-02T18:39:56.216+00:00][A] [INFO] Destination: 0xFF
[2026-09-02T18:39:56.218+00:00][B] [INFO] [RF RX] type=2 source=0x01 destination=0xFF previousHop=0x01 sequence=627 ackSequence=0 ttl=8 hops=0 payloadSize=13 rssi=-61 sn
[2026-09-02T18:39:56.221+00:00][A] [INFO] Sequence: 627
[2026-09-02T18:39:56.221+00:00][A] [INFO] Packet ID: 326
[2026-09-02T18:39:56.226+00:00][A] [INFO] Packet Size: 26
[2026-09-02T18:39:56.227+00:00][A] [INFO] Timestamp: 326 ms
[2026-09-02T18:39:56.232+00:00][A] [INFO] Transmission Result: success
[2026-09-02T18:39:56.233+00:00][A] [INFO] --------------------------------
[2026-09-02T18:39:56.238+00:00][A] [INFO] [Heartbeat #326]
[2026-09-02T18:39:56.238+00:00][A] [INFO] Sent
[2026-09-02T18:39:56.238+00:00][A] [INFO] Waiting ACK...
[2026-09-02T18:39:56.238+00:00][A] [INFO] [WAITING ACK]
[2026-09-02T18:39:56.252+00:00][A] [INFO] [RF TX] type=2 source=0x01 destination=0xFF previousHop=0x01 sequence=627 ackSequence=0 ttl=8 hops=0 payloadSize=13 rssi=0 snr=
[2026-09-02T18:39:56.252+00:00][A] [INFO] Heartbeat packet sent
[2026-09-02T18:39:56.620+00:00][B] [WARN] Retry 1
[2026-09-02T18:39:56.687+00:00][B] [INFO] --------------------------------
[2026-09-02T18:39:56.687+00:00][B] [INFO] [HEARTBEAT TX]
[2026-09-02T18:39:56.692+00:00][B] [INFO] Node ID: 2
[2026-09-02T18:39:56.692+00:00][B] [INFO] type: 2
[2026-09-02T18:39:56.693+00:00][B] [INFO] Destination: 0xFF
[2026-09-02T18:39:56.695+00:00][A] [INFO] [RF RX] type=2 source=0x02 destination=0xFF previousHop=0x02 sequence=330 ackSequence=0 ttl=8 hops=0 payloadSize=13 rssi=-60 sn
[2026-09-02T18:39:56.697+00:00][B] [INFO] Sequence: 330
[2026-09-02T18:39:56.698+00:00][B] [INFO] Packet ID: 159
[2026-09-02T18:39:56.703+00:00][B] [INFO] Packet Size: 26
[2026-09-02T18:39:56.703+00:00][B] [INFO] Timestamp: 159 ms
[2026-09-02T18:39:56.708+00:00][B] [INFO] Transmission Result: success
[2026-09-02T18:39:56.709+00:00][B] [INFO] --------------------------------
[2026-09-02T18:39:56.714+00:00][B] [INFO] [Heartbeat #159]
[2026-09-02T18:39:56.714+00:00][B] [INFO] Sent
[2026-09-02T18:39:56.714+00:00][B] [INFO] Waiting ACK...
[2026-09-02T18:39:56.715+00:00][B] [INFO] [WAITING ACK]
[2026-09-02T18:39:56.728+00:00][B] [INFO] [RF TX] type=2 source=0x02 destination=0xFF previousHop=0x02 sequence=330 ackSequence=0 ttl=8 hops=0 payloadSize=13 rssi=0 snr=
[2026-09-02T18:39:56.729+00:00][B] [INFO] Heartbeat packet sent
[2026-09-02T18:39:57.227+00:00][A] [WARN] Retry 1
[2026-09-02T18:39:57.294+00:00][A] [INFO] --------------------------------
[2026-09-02T18:39:57.295+00:00][A] [INFO] [HEARTBEAT TX]
[2026-09-02T18:39:57.300+00:00][A] [INFO] Node ID: 1
[2026-09-02T18:39:57.300+00:00][A] [INFO] type: 2
[2026-09-02T18:39:57.300+00:00][A] [INFO] Destination: 0xFF
[2026-09-02T18:39:57.303+00:00][B] [INFO] [RF RX] type=2 source=0x01 destination=0xFF previousHop=0x01 sequence=627 ackSequence=0 ttl=8 hops=0 payloadSize=13 rssi=-62 sn
[2026-09-02T18:39:57.305+00:00][A] [INFO] Sequence: 627
[2026-09-02T18:39:57.305+00:00][A] [INFO] Packet ID: 326
[2026-09-02T18:39:57.310+00:00][A] [INFO] Packet Size: 26
[2026-09-02T18:39:57.311+00:00][A] [INFO] Timestamp: 326 ms
[2026-09-02T18:39:57.316+00:00][A] [INFO] Transmission Result: success
[2026-09-02T18:39:57.317+00:00][A] [INFO] --------------------------------
[2026-09-02T18:39:57.322+00:00][A] [INFO] [Heartbeat #326]
[2026-09-02T18:39:57.322+00:00][A] [INFO] Sent
[2026-09-02T18:39:57.322+00:00][A] [INFO] Waiting ACK...
[2026-09-02T18:39:57.322+00:00][A] [INFO] [WAITING ACK]
[2026-09-02T18:39:57.336+00:00][A] [INFO] [RF TX] type=2 source=0x01 destination=0xFF previousHop=0x01 sequence=627 ackSequence=0 ttl=8 hops=0 payloadSize=13 rssi=0 snr=
[2026-09-02T18:39:57.336+00:00][A] [INFO] Heartbeat packet sent
[2026-09-02T18:39:57.603+00:00][B] [INFO] --------------------------------
[2026-09-02T18:39:57.603+00:00][B] [INFO] [HEARTBEAT TX]
[2026-09-02T18:39:57.608+00:00][B] [INFO] Node ID: 2
[2026-09-02T18:39:57.608+00:00][B] [INFO] type: 2
[2026-09-02T18:39:57.608+00:00][B] [INFO] Destination: 0xFF
[2026-09-02T18:39:57.611+00:00][A] [INFO] [RF RX] type=2 source=0x02 destination=0xFF previousHop=0x02 sequence=331 ackSequence=0 ttl=8 hops=0 payloadSize=13 rssi=-60 sn
[2026-09-02T18:39:57.613+00:00][B] [INFO] Sequence: 331
[2026-09-02T18:39:57.614+00:00][B] [INFO] Packet ID: 160
[2026-09-02T18:39:57.619+00:00][B] [INFO] Packet Size: 26
[2026-09-02T18:39:57.619+00:00][B] [INFO] Timestamp: 160 ms
[2026-09-02T18:39:57.624+00:00][B] [INFO] Transmission Result: success
[2026-09-02T18:39:57.625+00:00][B] [INFO] --------------------------------
[2026-09-02T18:39:57.630+00:00][B] [INFO] [Heartbeat #160]
[2026-09-02T18:39:57.630+00:00][B] [INFO] Sent
[2026-09-02T18:39:57.630+00:00][B] [INFO] Waiting ACK...
[2026-09-02T18:39:57.631+00:00][B] [INFO] [WAITING ACK]
[2026-09-02T18:39:57.644+00:00][B] [INFO] [RF TX] type=2 source=0x02 destination=0xFF previousHop=0x02 sequence=331 ackSequence=0 ttl=8 hops=0 payloadSize=13 rssi=0 snr=
[2026-09-02T18:39:57.644+00:00][B] [INFO] Heartbeat packet sent
[2026-09-02T18:39:58.210+00:00][A] [INFO] --------------------------------
[2026-09-02T18:39:58.211+00:00][A] [INFO] [HEARTBEAT TX]
[2026-09-02T18:39:58.215+00:00][A] [INFO] Node ID: 1
[2026-09-02T18:39:58.216+00:00][A] [INFO] type: 2
[2026-09-02T18:39:58.216+00:00][A] [INFO] Destination: 0xFF
[2026-09-02T18:39:58.218+00:00][B] [INFO] [RF RX] type=2 source=0x01 destination=0xFF previousHop=0x01 sequence=628 ackSequence=0 ttl=8 hops=0 payloadSize=13 rssi=-61 sn
[2026-09-02T18:39:58.221+00:00][A] [INFO] Sequence: 628
[2026-09-02T18:39:58.221+00:00][A] [INFO] Packet ID: 327
[2026-09-02T18:39:58.226+00:00][A] [INFO] Packet Size: 26
[2026-09-02T18:39:58.227+00:00][A] [INFO] Timestamp: 327 ms
[2026-09-02T18:39:58.232+00:00][A] [INFO] Transmission Result: success
[2026-09-02T18:39:58.232+00:00][A] [INFO] --------------------------------
[2026-09-02T18:39:58.237+00:00][A] [INFO] [Heartbeat #327]
[2026-09-02T18:39:58.238+00:00][A] [INFO] Sent
[2026-09-02T18:39:58.238+00:00][A] [INFO] Waiting ACK...
[2026-09-02T18:39:58.238+00:00][A] [INFO] [WAITING ACK]
[2026-09-02T18:39:58.252+00:00][A] [INFO] [RF TX] type=2 source=0x01 destination=0xFF previousHop=0x01 sequence=628 ackSequence=0 ttl=8 hops=0 payloadSize=13 rssi=0 snr=
[2026-09-02T18:39:58.252+00:00][A] [INFO] Heartbeat packet sent
[2026-09-02T18:39:58.620+00:00][B] [WARN] Retry 1
[2026-09-02T18:39:58.687+00:00][B] [INFO] --------------------------------
[2026-09-02T18:39:58.687+00:00][B] [INFO] [HEARTBEAT TX]
[2026-09-02T18:39:58.692+00:00][B] [INFO] Node ID: 2
[2026-09-02T18:39:58.692+00:00][B] [INFO] type: 2
[2026-09-02T18:39:58.693+00:00][B] [INFO] Destination: 0xFF
[2026-09-02T18:39:58.695+00:00][A] [INFO] [RF RX] type=2 source=0x02 destination=0xFF previousHop=0x02 sequence=331 ackSequence=0 ttl=8 hops=0 payloadSize=13 rssi=-60 sn
[2026-09-02T18:39:58.697+00:00][B] [INFO] Sequence: 331
[2026-09-02T18:39:58.698+00:00][B] [INFO] Packet ID: 160
[2026-09-02T18:39:58.703+00:00][B] [INFO] Packet Size: 26
[2026-09-02T18:39:58.703+00:00][B] [INFO] Timestamp: 160 ms
[2026-09-02T18:39:58.708+00:00][B] [INFO] Transmission Result: success
[2026-09-02T18:39:58.709+00:00][B] [INFO] --------------------------------
[2026-09-02T18:39:58.714+00:00][B] [INFO] [Heartbeat #160]
[2026-09-02T18:39:58.714+00:00][B] [INFO] Sent
[2026-09-02T18:39:58.714+00:00][B] [INFO] Waiting ACK...
[2026-09-02T18:39:58.715+00:00][B] [INFO] [WAITING ACK]
[2026-09-02T18:39:58.728+00:00][B] [INFO] [RF TX] type=2 source=0x02 destination=0xFF previousHop=0x02 sequence=331 ackSequence=0 ttl=8 hops=0 payloadSize=13 rssi=0 snr=
[2026-09-02T18:39:58.728+00:00][B] [INFO] Heartbeat packet sent
[2026-09-02T18:39:59.227+00:00][A] [WARN] Retry 1
[2026-09-02T18:39:59.294+00:00][A] [INFO] --------------------------------
[2026-09-02T18:39:59.295+00:00][A] [INFO] [HEARTBEAT TX]
[2026-09-02T18:39:59.299+00:00][A] [INFO] Node ID: 1
[2026-09-02T18:39:59.300+00:00][A] [INFO] type: 2
[2026-09-02T18:39:59.300+00:00][A] [INFO] Destination: 0xFF
[2026-09-02T18:39:59.302+00:00][B] [INFO] [RF RX] type=2 source=0x01 destination=0xFF previousHop=0x01 sequence=628 ackSequence=0 ttl=8 hops=0 payloadSize=13 rssi=-61 sn
[2026-09-02T18:39:59.305+00:00][A] [INFO] Sequence: 628
[2026-09-02T18:39:59.305+00:00][A] [INFO] Packet ID: 327
[2026-09-02T18:39:59.310+00:00][A] [INFO] Packet Size: 26
[2026-09-02T18:39:59.311+00:00][A] [INFO] Timestamp: 327 ms
[2026-09-02T18:39:59.316+00:00][A] [INFO] Transmission Result: success
[2026-09-02T18:39:59.316+00:00][A] [INFO] --------------------------------
[2026-09-02T18:39:59.321+00:00][A] [INFO] [Heartbeat #327]
[2026-09-02T18:39:59.322+00:00][A] [INFO] Sent
[2026-09-02T18:39:59.322+00:00][A] [INFO] Waiting ACK...
[2026-09-02T18:39:59.322+00:00][A] [INFO] [WAITING ACK]
[2026-09-02T18:39:59.336+00:00][A] [INFO] [RF TX] type=2 source=0x01 destination=0xFF previousHop=0x01 sequence=628 ackSequence=0 ttl=8 hops=0 payloadSize=13 rssi=0 snr=
[2026-09-02T18:39:59.336+00:00][A] [INFO] Heartbeat packet sent
[2026-09-02T18:39:59.602+00:00][B] [INFO] --------------------------------
[2026-09-02T18:39:59.602+00:00][B] [INFO] [HEARTBEAT TX]
[2026-09-02T18:39:59.608+00:00][B] [INFO] Node ID: 2
[2026-09-02T18:39:59.608+00:00][B] [INFO] type: 2
[2026-09-02T18:39:59.608+00:00][B] [INFO] Destination: 0xFF
[2026-09-02T18:39:59.611+00:00][A] [INFO] [RF RX] type=2 source=0x02 destination=0xFF previousHop=0x02 sequence=332 ackSequence=0 ttl=8 hops=0 payloadSize=13 rssi=-60 sn
[2026-09-02T18:39:59.613+00:00][B] [INFO] Sequence: 332
[2026-09-02T18:39:59.613+00:00][B] [INFO] Packet ID: 161
[2026-09-02T18:39:59.619+00:00][B] [INFO] Packet Size: 26
[2026-09-02T18:39:59.619+00:00][B] [INFO] Timestamp: 161 ms
[2026-09-02T18:39:59.624+00:00][B] [INFO] Transmission Result: success
[2026-09-02T18:39:59.624+00:00][B] [INFO] --------------------------------
[2026-09-02T18:39:59.630+00:00][B] [INFO] [Heartbeat #161]
[2026-09-02T18:39:59.630+00:00][B] [INFO] Sent
[2026-09-02T18:39:59.630+00:00][B] [INFO] Waiting ACK...
[2026-09-02T18:39:59.630+00:00][B] [INFO] [WAITING ACK]
[2026-09-02T18:39:59.644+00:00][B] [INFO] [RF TX] type=2 source=0x02 destination=0xFF previousHop=0x02 sequence=332 ackSequence=0 ttl=8 hops=0 payloadSize=13 rssi=0 snr=
[2026-09-02T18:39:59.644+00:00][B] [INFO] Heartbeat packet sent
[2026-09-02T18:40:00.211+00:00][A] [INFO] --------------------------------
[2026-09-02T18:40:00.211+00:00][A] [INFO] [HEARTBEAT TX]
[2026-09-02T18:40:00.216+00:00][A] [INFO] Node ID: 1
[2026-09-02T18:40:00.216+00:00][A] [INFO] type: 2
[2026-09-02T18:40:00.216+00:00][A] [INFO] Destination: 0xFF
[2026-09-02T18:40:00.218+00:00][B] [INFO] [RF RX] type=2 source=0x01 destination=0xFF previousHop=0x01 sequence=629 ackSequence=0 ttl=8 hops=0 payloadSize=13 rssi=-62 sn
[2026-09-02T18:40:00.221+00:00][A] [INFO] Sequence: 629
[2026-09-02T18:40:00.221+00:00][A] [INFO] Packet ID: 328
[2026-09-02T18:40:00.226+00:00][A] [INFO] Packet Size: 26
[2026-09-02T18:40:00.227+00:00][A] [INFO] Timestamp: 328 ms
[2026-09-02T18:40:00.232+00:00][A] [INFO] Transmission Result: success
[2026-09-02T18:40:00.233+00:00][A] [INFO] --------------------------------
[2026-09-02T18:40:00.237+00:00][A] [INFO] [Heartbeat #328]
[2026-09-02T18:40:00.238+00:00][A] [INFO] Sent
[2026-09-02T18:40:00.238+00:00][A] [INFO] Waiting ACK...
[2026-09-02T18:40:00.238+00:00][A] [INFO] [WAITING ACK]
[2026-09-02T18:40:00.252+00:00][A] [INFO] [RF TX] type=2 source=0x01 destination=0xFF previousHop=0x01 sequence=629 ackSequence=0 ttl=8 hops=0 payloadSize=13 rssi=0 snr=
[2026-09-02T18:40:00.252+00:00][A] [INFO] Heartbeat packet sent
[2026-09-02T18:40:00.620+00:00][B] [WARN] Retry 1
[2026-09-02T18:40:00.687+00:00][B] [INFO] --------------------------------
[2026-09-02T18:40:00.687+00:00][B] [INFO] [HEARTBEAT TX]
[2026-09-02T18:40:00.692+00:00][B] [INFO] Node ID: 2
[2026-09-02T18:40:00.693+00:00][B] [INFO] type: 2
[2026-09-02T18:40:00.694+00:00][B] [INFO] Destination: 0xFF
[2026-09-02T18:40:00.695+00:00][A] [INFO] [RF RX] type=2 source=0x02 destination=0xFF previousHop=0x02 sequence=332 ackSequence=0 ttl=8 hops=0 payloadSize=13 rssi=-61 sn
[2026-09-02T18:40:00.697+00:00][B] [INFO] Sequence: 332
[2026-09-02T18:40:00.697+00:00][B] [INFO] Packet ID: 161
[2026-09-02T18:40:00.703+00:00][B] [INFO] Packet Size: 26
[2026-09-02T18:40:00.703+00:00][B] [INFO] Timestamp: 161 ms
[2026-09-02T18:40:00.708+00:00][B] [INFO] Transmission Result: success
[2026-09-02T18:40:00.709+00:00][B] [INFO] --------------------------------
[2026-09-02T18:40:00.714+00:00][B] [INFO] [Heartbeat #161]
[2026-09-02T18:40:00.714+00:00][B] [INFO] Sent
[2026-09-02T18:40:00.715+00:00][B] [INFO] Waiting ACK...
[2026-09-02T18:40:00.715+00:00][B] [INFO] [WAITING ACK]
[2026-09-02T18:40:00.728+00:00][B] [INFO] [RF TX] type=2 source=0x02 destination=0xFF previousHop=0x02 sequence=332 ackSequence=0 ttl=8 hops=0 payloadSize=13 rssi=0 snr=
[2026-09-02T18:40:00.729+00:00][B] [INFO] Heartbeat packet sent
[2026-09-02T18:40:01.227+00:00][A] [WARN] Retry 1
[2026-09-02T18:40:01.295+00:00][A] [INFO] --------------------------------
[2026-09-02T18:40:01.295+00:00][A] [INFO] [HEARTBEAT TX]
[2026-09-02T18:40:01.299+00:00][A] [INFO] Node ID: 1
[2026-09-02T18:40:01.300+00:00][A] [INFO] type: 2
[2026-09-02T18:40:01.300+00:00][A] [INFO] Destination: 0xFF
[2026-09-02T18:40:01.302+00:00][B] [INFO] [RF RX] type=2 source=0x01 destination=0xFF previousHop=0x01 sequence=629 ackSequence=0 ttl=8 hops=0 payloadSize=13 rssi=-62 sn
[2026-09-02T18:40:01.305+00:00][A] [INFO] Sequence: 629
[2026-09-02T18:40:01.306+00:00][A] [INFO] Packet ID: 328
[2026-09-02T18:40:01.310+00:00][A] [INFO] Packet Size: 26
[2026-09-02T18:40:01.311+00:00][A] [INFO] Timestamp: 328 ms
[2026-09-02T18:40:01.316+00:00][A] [INFO] Transmission Result: success
[2026-09-02T18:40:01.317+00:00][A] [INFO] --------------------------------
[2026-09-02T18:40:01.321+00:00][A] [INFO] [Heartbeat #328]
[2026-09-02T18:40:01.322+00:00][A] [INFO] Sent
[2026-09-02T18:40:01.322+00:00][A] [INFO] Waiting ACK...
[2026-09-02T18:40:01.322+00:00][A] [INFO] [WAITING ACK]
[2026-09-02T18:40:01.336+00:00][A] [INFO] [RF TX] type=2 source=0x01 destination=0xFF previousHop=0x01 sequence=629 ackSequence=0 ttl=8 hops=0 payloadSize=13 rssi=0 snr=
[2026-09-02T18:40:01.336+00:00][A] [INFO] Heartbeat packet sent
[2026-09-02T18:40:01.603+00:00][B] [INFO] --------------------------------
[2026-09-02T18:40:01.603+00:00][B] [INFO] [HEARTBEAT TX]
[2026-09-02T18:40:01.608+00:00][B] [INFO] Node ID: 2
[2026-09-02T18:40:01.608+00:00][B] [INFO] type: 2
[2026-09-02T18:40:01.609+00:00][B] [INFO] Destination: 0xFF
[2026-09-02T18:40:01.611+00:00][A] [INFO] [RF RX] type=2 source=0x02 destination=0xFF previousHop=0x02 sequence=333 ackSequence=0 ttl=8 hops=0 payloadSize=13 rssi=-61 sn
[2026-09-02T18:40:01.613+00:00][B] [INFO] Sequence: 333
[2026-09-02T18:40:01.614+00:00][B] [INFO] Packet ID: 162
[2026-09-02T18:40:01.619+00:00][B] [INFO] Packet Size: 26
[2026-09-02T18:40:01.619+00:00][B] [INFO] Timestamp: 162 ms
[2026-09-02T18:40:01.624+00:00][B] [INFO] Transmission Result: success
[2026-09-02T18:40:01.625+00:00][B] [INFO] --------------------------------
[2026-09-02T18:40:01.630+00:00][B] [INFO] [Heartbeat #162]
[2026-09-02T18:40:01.630+00:00][B] [INFO] Sent
[2026-09-02T18:40:01.630+00:00][B] [INFO] Waiting ACK...
[2026-09-02T18:40:01.631+00:00][B] [INFO] [WAITING ACK]
[2026-09-02T18:40:01.644+00:00][B] [INFO] [RF TX] type=2 source=0x02 destination=0xFF previousHop=0x02 sequence=333 ackSequence=0 ttl=8 hops=0 payloadSize=13 rssi=0 snr=
[2026-09-02T18:40:01.645+00:00][B] [INFO] Heartbeat packet sent
[2026-09-02T18:40:02.210+00:00][A] [INFO] --------------------------------
[2026-09-02T18:40:02.211+00:00][A] [INFO] [HEARTBEAT TX]
[2026-09-02T18:40:02.215+00:00][A] [INFO] Node ID: 1
[2026-09-02T18:40:02.216+00:00][A] [INFO] type: 2
[2026-09-02T18:40:02.216+00:00][A] [INFO] Destination: 0xFF
[2026-09-02T18:40:02.218+00:00][B] [INFO] [RF RX] type=2 source=0x01 destination=0xFF previousHop=0x01 sequence=630 ackSequence=0 ttl=8 hops=0 payloadSize=13 rssi=-61 sn
[2026-09-02T18:40:02.221+00:00][A] [INFO] Sequence: 630
[2026-09-02T18:40:02.221+00:00][A] [INFO] Packet ID: 329
[2026-09-02T18:40:02.226+00:00][A] [INFO] Packet Size: 26
[2026-09-02T18:40:02.227+00:00][A] [INFO] Timestamp: 329 ms
[2026-09-02T18:40:02.232+00:00][A] [INFO] Transmission Result: success
[2026-09-02T18:40:02.232+00:00][A] [INFO] --------------------------------
[2026-09-02T18:40:02.237+00:00][A] [INFO] [Heartbeat #329]
[2026-09-02T18:40:02.238+00:00][A] [INFO] Sent
[2026-09-02T18:40:02.238+00:00][A] [INFO] Waiting ACK...
[2026-09-02T18:40:02.238+00:00][A] [INFO] [WAITING ACK]
[2026-09-02T18:40:02.252+00:00][A] [INFO] [RF TX] type=2 source=0x01 destination=0xFF previousHop=0x01 sequence=630 ackSequence=0 ttl=8 hops=0 payloadSize=13 rssi=0 snr=
[2026-09-02T18:40:02.252+00:00][A] [INFO] Heartbeat packet sent
[2026-09-02T18:40:02.619+00:00][B] [WARN] Retry 1
[2026-09-02T18:40:02.686+00:00][B] [INFO] --------------------------------
[2026-09-02T18:40:02.687+00:00][B] [INFO] [HEARTBEAT TX]
[2026-09-02T18:40:02.692+00:00][B] [INFO] Node ID: 2
[2026-09-02T18:40:02.692+00:00][B] [INFO] type: 2
[2026-09-02T18:40:02.693+00:00][B] [INFO] Destination: 0xFF
[2026-09-02T18:40:02.695+00:00][A] [INFO] [RF RX] type=2 source=0x02 destination=0xFF previousHop=0x02 sequence=333 ackSequence=0 ttl=8 hops=0 payloadSize=13 rssi=-61 sn
[2026-09-02T18:40:02.697+00:00][B] [INFO] Sequence: 333
[2026-09-02T18:40:02.698+00:00][B] [INFO] Packet ID: 162
[2026-09-02T18:40:02.703+00:00][B] [INFO] Packet Size: 26
[2026-09-02T18:40:02.703+00:00][B] [INFO] Timestamp: 162 ms
[2026-09-02T18:40:02.708+00:00][B] [INFO] Transmission Result: success
[2026-09-02T18:40:02.709+00:00][B] [INFO] --------------------------------
[2026-09-02T18:40:02.714+00:00][B] [INFO] [Heartbeat #162]
[2026-09-02T18:40:02.714+00:00][B] [INFO] Sent
[2026-09-02T18:40:02.714+00:00][B] [INFO] Waiting ACK...
[2026-09-02T18:40:02.715+00:00][B] [INFO] [WAITING ACK]
[2026-09-02T18:40:02.728+00:00][B] [INFO] [RF TX] type=2 source=0x02 destination=0xFF previousHop=0x02 sequence=333 ackSequence=0 ttl=8 hops=0 payloadSize=13 rssi=0 snr=
[2026-09-02T18:40:02.728+00:00][B] [INFO] Heartbeat packet sent
[2026-09-02T18:40:03.227+00:00][A] [WARN] Retry 1
[2026-09-02T18:40:03.294+00:00][A] [INFO] --------------------------------
[2026-09-02T18:40:03.295+00:00][A] [INFO] [HEARTBEAT TX]
[2026-09-02T18:40:03.299+00:00][A] [INFO] Node ID: 1
[2026-09-02T18:40:03.300+00:00][A] [INFO] type: 2
[2026-09-02T18:40:03.300+00:00][A] [INFO] Destination: 0xFF
[2026-09-02T18:40:03.302+00:00][B] [INFO] [RF RX] type=2 source=0x01 destination=0xFF previousHop=0x01 sequence=630 ackSequence=0 ttl=8 hops=0 payloadSize=13 rssi=-62 sn
[2026-09-02T18:40:03.305+00:00][A] [INFO] Sequence: 630
[2026-09-02T18:40:03.305+00:00][A] [INFO] Packet ID: 329
[2026-09-02T18:40:03.310+00:00][A] [INFO] Packet Size: 26
[2026-09-02T18:40:03.311+00:00][A] [INFO] Timestamp: 329 ms
[2026-09-02T18:40:03.316+00:00][A] [INFO] Transmission Result: success
[2026-09-02T18:40:03.316+00:00][A] [INFO] --------------------------------
[2026-09-02T18:40:03.321+00:00][A] [INFO] [Heartbeat #329]
[2026-09-02T18:40:03.322+00:00][A] [INFO] Sent
[2026-09-02T18:40:03.322+00:00][A] [INFO] Waiting ACK...
[2026-09-02T18:40:03.322+00:00][A] [INFO] [WAITING ACK]
[2026-09-02T18:40:03.336+00:00][A] [INFO] [RF TX] type=2 source=0x01 destination=0xFF previousHop=0x01 sequence=630 ackSequence=0 ttl=8 hops=0 payloadSize=13 rssi=0 snr=
[2026-09-02T18:40:03.336+00:00][A] [INFO] Heartbeat packet sent
[2026-09-02T18:40:03.602+00:00][B] [INFO] --------------------------------
[2026-09-02T18:40:03.603+00:00][B] [INFO] [HEARTBEAT TX]
[2026-09-02T18:40:03.608+00:00][B] [INFO] Node ID: 2
[2026-09-02T18:40:03.608+00:00][B] [INFO] type: 2
[2026-09-02T18:40:03.608+00:00][B] [INFO] Destination: 0xFF
[2026-09-02T18:40:03.610+00:00][A] [INFO] [RF RX] type=2 source=0x02 destination=0xFF previousHop=0x02 sequence=334 ackSequence=0 ttl=8 hops=0 payloadSize=13 rssi=-61 sn
[2026-09-02T18:40:03.613+00:00][B] [INFO] Sequence: 334
[2026-09-02T18:40:03.614+00:00][B] [INFO] Packet ID: 163
[2026-09-02T18:40:03.619+00:00][B] [INFO] Packet Size: 26
[2026-09-02T18:40:03.619+00:00][B] [INFO] Timestamp: 163 ms
[2026-09-02T18:40:03.624+00:00][B] [INFO] Transmission Result: success
[2026-09-02T18:40:03.625+00:00][B] [INFO] --------------------------------
[2026-09-02T18:40:03.630+00:00][B] [INFO] [Heartbeat #163]
[2026-09-02T18:40:03.630+00:00][B] [INFO] Sent
[2026-09-02T18:40:03.630+00:00][B] [INFO] Waiting ACK...
[2026-09-02T18:40:03.631+00:00][B] [INFO] [WAITING ACK]
[2026-09-02T18:40:03.644+00:00][B] [INFO] [RF TX] type=2 source=0x02 destination=0xFF previousHop=0x02 sequence=334 ackSequence=0 ttl=8 hops=0 payloadSize=13 rssi=0 snr=
[2026-09-02T18:40:03.644+00:00][B] [INFO] Heartbeat packet sent
[2026-09-02T18:40:04.210+00:00][A] [INFO] --------------------------------
[2026-09-02T18:40:04.211+00:00][A] [INFO] [HEARTBEAT TX]
[2026-09-02T18:40:04.215+00:00][A] [INFO] Node ID: 1
[2026-09-02T18:40:04.216+00:00][A] [INFO] type: 2
[2026-09-02T18:40:04.216+00:00][A] [INFO] Destination: 0xFF
[2026-09-02T18:40:04.218+00:00][B] [INFO] [RF RX] type=2 source=0x01 destination=0xFF previousHop=0x01 sequence=631 ackSequence=0 ttl=8 hops=0 payloadSize=13 rssi=-61 sn
[2026-09-02T18:40:04.221+00:00][A] [INFO] Sequence: 631
[2026-09-02T18:40:04.221+00:00][A] [INFO] Packet ID: 330
[2026-09-02T18:40:04.226+00:00][A] [INFO] Packet Size: 26
[2026-09-02T18:40:04.227+00:00][A] [INFO] Timestamp: 330 ms
[2026-09-02T18:40:04.232+00:00][A] [INFO] Transmission Result: success
[2026-09-02T18:40:04.232+00:00][A] [INFO] --------------------------------
[2026-09-02T18:40:04.237+00:00][A] [INFO] [Heartbeat #330]
[2026-09-02T18:40:04.238+00:00][A] [INFO] Sent
[2026-09-02T18:40:04.238+00:00][A] [INFO] Waiting ACK...
[2026-09-02T18:40:04.238+00:00][A] [INFO] [WAITING ACK]
[2026-09-02T18:40:04.252+00:00][A] [INFO] [RF TX] type=2 source=0x01 destination=0xFF previousHop=0x01 sequence=631 ackSequence=0 ttl=8 hops=0 payloadSize=13 rssi=0 snr=
[2026-09-02T18:40:04.252+00:00][A] [INFO] Heartbeat packet sent
[2026-09-02T18:40:04.619+00:00][B] [WARN] Retry 1
[2026-09-02T18:40:04.686+00:00][B] [INFO] --------------------------------
[2026-09-02T18:40:04.687+00:00][B] [INFO] [HEARTBEAT TX]
[2026-09-02T18:40:04.692+00:00][B] [INFO] Node ID: 2
[2026-09-02T18:40:04.692+00:00][B] [INFO] type: 2
[2026-09-02T18:40:04.692+00:00][B] [INFO] Destination: 0xFF
[2026-09-02T18:40:04.694+00:00][A] [INFO] [RF RX] type=2 source=0x02 destination=0xFF previousHop=0x02 sequence=334 ackSequence=0 ttl=8 hops=0 payloadSize=13 rssi=-60 sn
[2026-09-02T18:40:04.697+00:00][B] [INFO] Sequence: 334
[2026-09-02T18:40:04.697+00:00][B] [INFO] Packet ID: 163
[2026-09-02T18:40:04.702+00:00][B] [INFO] Packet Size: 26
[2026-09-02T18:40:04.703+00:00][B] [INFO] Timestamp: 163 ms
[2026-09-02T18:40:04.708+00:00][B] [INFO] Transmission Result: success
[2026-09-02T18:40:04.708+00:00][B] [INFO] --------------------------------
[2026-09-02T18:40:04.714+00:00][B] [INFO] [Heartbeat #163]
[2026-09-02T18:40:04.714+00:00][B] [INFO] Sent
[2026-09-02T18:40:04.714+00:00][B] [INFO] Waiting ACK...
[2026-09-02T18:40:04.714+00:00][B] [INFO] [WAITING ACK]
[2026-09-02T18:40:04.728+00:00][B] [INFO] [RF TX] type=2 source=0x02 destination=0xFF previousHop=0x02 sequence=334 ackSequence=0 ttl=8 hops=0 payloadSize=13 rssi=0 snr=
[2026-09-02T18:40:04.728+00:00][B] [INFO] Heartbeat packet sent
[2026-09-02T18:40:05.227+00:00][A] [WARN] Retry 1
[2026-09-02T18:40:05.294+00:00][A] [INFO] --------------------------------
[2026-09-02T18:40:05.295+00:00][A] [INFO] [HEARTBEAT TX]
[2026-09-02T18:40:05.299+00:00][A] [INFO] Node ID: 1
[2026-09-02T18:40:05.300+00:00][A] [INFO] type: 2
[2026-09-02T18:40:05.300+00:00][A] [INFO] Destination: 0xFF
[2026-09-02T18:40:05.302+00:00][B] [INFO] [RF RX] type=2 source=0x01 destination=0xFF previousHop=0x01 sequence=631 ackSequence=0 ttl=8 hops=0 payloadSize=13 rssi=-61 sn
[2026-09-02T18:40:05.305+00:00][A] [INFO] Sequence: 631
[2026-09-02T18:40:05.305+00:00][A] [INFO] Packet ID: 330
[2026-09-02T18:40:05.310+00:00][A] [INFO] Packet Size: 26
[2026-09-02T18:40:05.311+00:00][A] [INFO] Timestamp: 330 ms
[2026-09-02T18:40:05.316+00:00][A] [INFO] Transmission Result: success
[2026-09-02T18:40:05.316+00:00][A] [INFO] --------------------------------
[2026-09-02T18:40:05.321+00:00][A] [INFO] [Heartbeat #330]
[2026-09-02T18:40:05.322+00:00][A] [INFO] Sent
[2026-09-02T18:40:05.322+00:00][A] [INFO] Waiting ACK...
[2026-09-02T18:40:05.322+00:00][A] [INFO] [WAITING ACK]
[2026-09-02T18:40:05.336+00:00][A] [INFO] [RF TX] type=2 source=0x01 destination=0xFF previousHop=0x01 sequence=631 ackSequence=0 ttl=8 hops=0 payloadSize=13 rssi=0 snr=
[2026-09-02T18:40:05.336+00:00][A] [INFO] Heartbeat packet sent
[2026-09-02T18:40:05.602+00:00][B] [INFO] --------------------------------
[2026-09-02T18:40:05.603+00:00][B] [INFO] [HEARTBEAT TX]
[2026-09-02T18:40:05.608+00:00][B] [INFO] Node ID: 2
[2026-09-02T18:40:05.608+00:00][B] [INFO] type: 2
[2026-09-02T18:40:05.608+00:00][B] [INFO] Destination: 0xFF
[2026-09-02T18:40:05.611+00:00][A] [INFO] [RF RX] type=2 source=0x02 destination=0xFF previousHop=0x02 sequence=335 ackSequence=0 ttl=8 hops=0 payloadSize=13 rssi=-61 sn
[2026-09-02T18:40:05.613+00:00][B] [INFO] Sequence: 335
[2026-09-02T18:40:05.614+00:00][B] [INFO] Packet ID: 164
[2026-09-02T18:40:05.618+00:00][B] [INFO] Packet Size: 26
[2026-09-02T18:40:05.619+00:00][B] [INFO] Timestamp: 164 ms
[2026-09-02T18:40:05.624+00:00][B] [INFO] Transmission Result: success
[2026-09-02T18:40:05.625+00:00][B] [INFO] --------------------------------
[2026-09-02T18:40:05.630+00:00][B] [INFO] [Heartbeat #164]
[2026-09-02T18:40:05.630+00:00][B] [INFO] Sent
[2026-09-02T18:40:05.630+00:00][B] [INFO] Waiting ACK...
[2026-09-02T18:40:05.630+00:00][B] [INFO] [WAITING ACK]
[2026-09-02T18:40:05.644+00:00][B] [INFO] [RF TX] type=2 source=0x02 destination=0xFF previousHop=0x02 sequence=335 ackSequence=0 ttl=8 hops=0 payloadSize=13 rssi=0 snr=
[2026-09-02T18:40:05.644+00:00][B] [INFO] Heartbeat packet sent
[2026-09-02T18:40:06.210+00:00][A] [INFO] --------------------------------
[2026-09-02T18:40:06.211+00:00][A] [INFO] [HEARTBEAT TX]
[2026-09-02T18:40:06.215+00:00][A] [INFO] Node ID: 1
[2026-09-02T18:40:06.216+00:00][A] [INFO] type: 2
[2026-09-02T18:40:06.216+00:00][A] [INFO] Destination: 0xFF
[2026-09-02T18:40:06.218+00:00][B] [INFO] [RF RX] type=2 source=0x01 destination=0xFF previousHop=0x01 sequence=632 ackSequence=0 ttl=8 hops=0 payloadSize=13 rssi=-61 sn
[2026-09-02T18:40:06.221+00:00][A] [INFO] Sequence: 632
[2026-09-02T18:40:06.221+00:00][A] [INFO] Packet ID: 331
[2026-09-02T18:40:06.226+00:00][A] [INFO] Packet Size: 26
[2026-09-02T18:40:06.227+00:00][A] [INFO] Timestamp: 331 ms
[2026-09-02T18:40:06.232+00:00][A] [INFO] Transmission Result: success
[2026-09-02T18:40:06.232+00:00][A] [INFO] --------------------------------
[2026-09-02T18:40:06.237+00:00][A] [INFO] [Heartbeat #331]
[2026-09-02T18:40:06.238+00:00][A] [INFO] Sent
[2026-09-02T18:40:06.238+00:00][A] [INFO] Waiting ACK...
[2026-09-02T18:40:06.238+00:00][A] [INFO] [WAITING ACK]
[2026-09-02T18:40:06.252+00:00][A] [INFO] [RF TX] type=2 source=0x01 destination=0xFF previousHop=0x01 sequence=632 ackSequence=0 ttl=8 hops=0 payloadSize=13 rssi=0 snr=
[2026-09-02T18:40:06.252+00:00][A] [INFO] Heartbeat packet sent
[2026-09-02T18:40:06.619+00:00][B] [WARN] Retry 1
[2026-09-02T18:40:06.687+00:00][B] [INFO] --------------------------------
[2026-09-02T18:40:06.687+00:00][B] [INFO] [HEARTBEAT TX]
[2026-09-02T18:40:06.692+00:00][B] [INFO] Node ID: 2
[2026-09-02T18:40:06.692+00:00][B] [INFO] type: 2
[2026-09-02T18:40:06.692+00:00][B] [INFO] Destination: 0xFF
[2026-09-02T18:40:06.695+00:00][A] [INFO] [RF RX] type=2 source=0x02 destination=0xFF previousHop=0x02 sequence=335 ackSequence=0 ttl=8 hops=0 payloadSize=13 rssi=-61 sn
[2026-09-02T18:40:06.697+00:00][B] [INFO] Sequence: 335
[2026-09-02T18:40:06.698+00:00][B] [INFO] Packet ID: 164
[2026-09-02T18:40:06.703+00:00][B] [INFO] Packet Size: 26
[2026-09-02T18:40:06.703+00:00][B] [INFO] Timestamp: 164 ms
[2026-09-02T18:40:06.708+00:00][B] [INFO] Transmission Result: success
[2026-09-02T18:40:06.709+00:00][B] [INFO] --------------------------------
[2026-09-02T18:40:06.714+00:00][B] [INFO] [Heartbeat #164]
[2026-09-02T18:40:06.714+00:00][B] [INFO] Sent
[2026-09-02T18:40:06.714+00:00][B] [INFO] Waiting ACK...
[2026-09-02T18:40:06.715+00:00][B] [INFO] [WAITING ACK]
[2026-09-02T18:40:06.728+00:00][B] [INFO] [RF TX] type=2 source=0x02 destination=0xFF previousHop=0x02 sequence=335 ackSequence=0 ttl=8 hops=0 payloadSize=13 rssi=0 snr=
[2026-09-02T18:40:06.728+00:00][B] [INFO] Heartbeat packet sent
[2026-09-02T18:40:07.227+00:00][A] [WARN] Retry 1
[2026-09-02T18:40:07.294+00:00][A] [INFO] --------------------------------
[2026-09-02T18:40:07.295+00:00][A] [INFO] [HEARTBEAT TX]
[2026-09-02T18:40:07.299+00:00][A] [INFO] Node ID: 1
[2026-09-02T18:40:07.300+00:00][A] [INFO] type: 2
[2026-09-02T18:40:07.300+00:00][A] [INFO] Destination: 0xFF
[2026-09-02T18:40:07.302+00:00][B] [INFO] [RF RX] type=2 source=0x01 destination=0xFF previousHop=0x01 sequence=632 ackSequence=0 ttl=8 hops=0 payloadSize=13 rssi=-61 sn
[2026-09-02T18:40:07.305+00:00][A] [INFO] Sequence: 632
[2026-09-02T18:40:07.305+00:00][A] [INFO] Packet ID: 331
[2026-09-02T18:40:07.310+00:00][A] [INFO] Packet Size: 26
[2026-09-02T18:40:07.311+00:00][A] [INFO] Timestamp: 331 ms
[2026-09-02T18:40:07.316+00:00][A] [INFO] Transmission Result: success
[2026-09-02T18:40:07.316+00:00][A] [INFO] --------------------------------
[2026-09-02T18:40:07.321+00:00][A] [INFO] [Heartbeat #331]
[2026-09-02T18:40:07.322+00:00][A] [INFO] Sent
[2026-09-02T18:40:07.322+00:00][A] [INFO] Waiting ACK...
[2026-09-02T18:40:07.322+00:00][A] [INFO] [WAITING ACK]
[2026-09-02T18:40:07.336+00:00][A] [INFO] [RF TX] type=2 source=0x01 destination=0xFF previousHop=0x01 sequence=632 ackSequence=0 ttl=8 hops=0 payloadSize=13 rssi=0 snr=
[2026-09-02T18:40:07.336+00:00][A] [INFO] Heartbeat packet sent
[2026-09-02T18:40:07.602+00:00][B] [INFO] --------------------------------
[2026-09-02T18:40:07.603+00:00][B] [INFO] [HEARTBEAT TX]
[2026-09-02T18:40:07.607+00:00][B] [INFO] Node ID: 2
[2026-09-02T18:40:07.608+00:00][B] [INFO] type: 2
[2026-09-02T18:40:07.608+00:00][B] [INFO] Destination: 0xFF
[2026-09-02T18:40:07.610+00:00][A] [INFO] [RF RX] type=2 source=0x02 destination=0xFF previousHop=0x02 sequence=336 ackSequence=0 ttl=8 hops=0 payloadSize=13 rssi=-61 sn
[2026-09-02T18:40:07.613+00:00][B] [INFO] Sequence: 336
[2026-09-02T18:40:07.613+00:00][B] [INFO] Packet ID: 165
[2026-09-02T18:40:07.618+00:00][B] [INFO] Packet Size: 26
[2026-09-02T18:40:07.619+00:00][B] [INFO] Timestamp: 165 ms
[2026-09-02T18:40:07.624+00:00][B] [INFO] Transmission Result: success
[2026-09-02T18:40:07.624+00:00][B] [INFO] --------------------------------
[2026-09-02T18:40:07.630+00:00][B] [INFO] [Heartbeat #165]
[2026-09-02T18:40:07.630+00:00][B] [INFO] Sent
[2026-09-02T18:40:07.630+00:00][B] [INFO] Waiting ACK...
[2026-09-02T18:40:07.630+00:00][B] [INFO] [WAITING ACK]
[2026-09-02T18:40:07.644+00:00][B] [INFO] [RF TX] type=2 source=0x02 destination=0xFF previousHop=0x02 sequence=336 ackSequence=0 ttl=8 hops=0 payloadSize=13 rssi=0 snr=
[2026-09-02T18:40:07.644+00:00][B] [INFO] Heartbeat packet sent
[2026-09-02T18:40:08.210+00:00][A] [INFO] --------------------------------
[2026-09-02T18:40:08.210+00:00][A] [INFO] [HEARTBEAT TX]
[2026-09-02T18:40:08.215+00:00][A] [INFO] Node ID: 1
[2026-09-02T18:40:08.215+00:00][A] [INFO] type: 2
[2026-09-02T18:40:08.216+00:00][A] [INFO] Destination: 0xFF
[2026-09-02T18:40:08.218+00:00][B] [INFO] [RF RX] type=2 source=0x01 destination=0xFF previousHop=0x01 sequence=633 ackSequence=0 ttl=8 hops=0 payloadSize=13 rssi=-61 sn
[2026-09-02T18:40:08.221+00:00][A] [INFO] Sequence: 633
[2026-09-02T18:40:08.221+00:00][A] [INFO] Packet ID: 332
[2026-09-02T18:40:08.226+00:00][A] [INFO] Packet Size: 26
[2026-09-02T18:40:08.227+00:00][A] [INFO] Timestamp: 332 ms
[2026-09-02T18:40:08.232+00:00][A] [INFO] Transmission Result: success
[2026-09-02T18:40:08.232+00:00][A] [INFO] --------------------------------
[2026-09-02T18:40:08.237+00:00][A] [INFO] [Heartbeat #332]
[2026-09-02T18:40:08.238+00:00][A] [INFO] Sent
[2026-09-02T18:40:08.238+00:00][A] [INFO] Waiting ACK...
[2026-09-02T18:40:08.238+00:00][A] [INFO] [WAITING ACK]
[2026-09-02T18:40:08.252+00:00][A] [INFO] [RF TX] type=2 source=0x01 destination=0xFF previousHop=0x01 sequence=633 ackSequence=0 ttl=8 hops=0 payloadSize=13 rssi=0 snr=
[2026-09-02T18:40:08.252+00:00][A] [INFO] Heartbeat packet sent
[2026-09-02T18:40:08.619+00:00][B] [WARN] Retry 1
[2026-09-02T18:40:08.686+00:00][B] [INFO] --------------------------------
[2026-09-02T18:40:08.687+00:00][B] [INFO] [HEARTBEAT TX]
[2026-09-02T18:40:08.692+00:00][B] [INFO] Node ID: 2
[2026-09-02T18:40:08.692+00:00][B] [INFO] type: 2
[2026-09-02T18:40:08.692+00:00][B] [INFO] Destination: 0xFF
[2026-09-02T18:40:08.695+00:00][A] [INFO] [RF RX] type=2 source=0x02 destination=0xFF previousHop=0x02 sequence=336 ackSequence=0 ttl=8 hops=0 payloadSize=13 rssi=-61 sn
[2026-09-02T18:40:08.697+00:00][B] [INFO] Sequence: 336
[2026-09-02T18:40:08.697+00:00][B] [INFO] Packet ID: 165
[2026-09-02T18:40:08.702+00:00][B] [INFO] Packet Size: 26
[2026-09-02T18:40:08.703+00:00][B] [INFO] Timestamp: 165 ms
[2026-09-02T18:40:08.708+00:00][B] [INFO] Transmission Result: success
[2026-09-02T18:40:08.709+00:00][B] [INFO] --------------------------------
[2026-09-02T18:40:08.714+00:00][B] [INFO] [Heartbeat #165]
[2026-09-02T18:40:08.714+00:00][B] [INFO] Sent
[2026-09-02T18:40:08.714+00:00][B] [INFO] Waiting ACK...
[2026-09-02T18:40:08.714+00:00][B] [INFO] [WAITING ACK]
[2026-09-02T18:40:08.728+00:00][B] [INFO] [RF TX] type=2 source=0x02 destination=0xFF previousHop=0x02 sequence=336 ackSequence=0 ttl=8 hops=0 payloadSize=13 rssi=0 snr=
[2026-09-02T18:40:08.728+00:00][B] [INFO] Heartbeat packet sent
[2026-09-02T18:40:09.227+00:00][A] [WARN] Retry 1
[2026-09-02T18:40:09.294+00:00][A] [INFO] --------------------------------
[2026-09-02T18:40:09.295+00:00][A] [INFO] [HEARTBEAT TX]
[2026-09-02T18:40:09.299+00:00][A] [INFO] Node ID: 1
[2026-09-02T18:40:09.300+00:00][A] [INFO] type: 2
[2026-09-02T18:40:09.300+00:00][A] [INFO] Destination: 0xFF
[2026-09-02T18:40:09.302+00:00][B] [INFO] [RF RX] type=2 source=0x01 destination=0xFF previousHop=0x01 sequence=633 ackSequence=0 ttl=8 hops=0 payloadSize=13 rssi=-61 sn
[2026-09-02T18:40:09.305+00:00][A] [INFO] Sequence: 633
[2026-09-02T18:40:09.305+00:00][A] [INFO] Packet ID: 332
[2026-09-02T18:40:09.310+00:00][A] [INFO] Packet Size: 26
[2026-09-02T18:40:09.311+00:00][A] [INFO] Timestamp: 332 ms
[2026-09-02T18:40:09.316+00:00][A] [INFO] Transmission Result: success
[2026-09-02T18:40:09.316+00:00][A] [INFO] --------------------------------
[2026-09-02T18:40:09.321+00:00][A] [INFO] [Heartbeat #332]
[2026-09-02T18:40:09.321+00:00][A] [INFO] Sent
[2026-09-02T18:40:09.322+00:00][A] [INFO] Waiting ACK...
[2026-09-02T18:40:09.322+00:00][A] [INFO] [WAITING ACK]
[2026-09-02T18:40:09.335+00:00][A] [INFO] [RF TX] type=2 source=0x01 destination=0xFF previousHop=0x01 sequence=633 ackSequence=0 ttl=8 hops=0 payloadSize=13 rssi=0 snr=
[2026-09-02T18:40:09.336+00:00][A] [INFO] Heartbeat packet sent
[2026-09-02T18:40:09.602+00:00][B] [INFO] --------------------------------
[2026-09-02T18:40:09.603+00:00][B] [INFO] [HEARTBEAT TX]
[2026-09-02T18:40:09.607+00:00][B] [INFO] Node ID: 2
[2026-09-02T18:40:09.608+00:00][B] [INFO] type: 2
[2026-09-02T18:40:09.608+00:00][B] [INFO] Destination: 0xFF
[2026-09-02T18:40:09.610+00:00][A] [INFO] [RF RX] type=2 source=0x02 destination=0xFF previousHop=0x02 sequence=337 ackSequence=0 ttl=8 hops=0 payloadSize=13 rssi=-62 sn
[2026-09-02T18:40:09.613+00:00][B] [INFO] Sequence: 337
[2026-09-02T18:40:09.613+00:00][B] [INFO] Packet ID: 166
[2026-09-02T18:40:09.618+00:00][B] [INFO] Packet Size: 26
[2026-09-02T18:40:09.619+00:00][B] [INFO] Timestamp: 166 ms
[2026-09-02T18:40:09.624+00:00][B] [INFO] Transmission Result: success
[2026-09-02T18:40:09.625+00:00][B] [INFO] --------------------------------
[2026-09-02T18:40:09.629+00:00][B] [INFO] [Heartbeat #166]
[2026-09-02T18:40:09.630+00:00][B] [INFO] Sent
[2026-09-02T18:40:09.630+00:00][B] [INFO] Waiting ACK...
[2026-09-02T18:40:09.630+00:00][B] [INFO] [WAITING ACK]
[2026-09-02T18:40:09.644+00:00][B] [INFO] [RF TX] type=2 source=0x02 destination=0xFF previousHop=0x02 sequence=337 ackSequence=0 ttl=8 hops=0 payloadSize=13 rssi=0 snr=
[2026-09-02T18:40:09.644+00:00][B] [INFO] Heartbeat packet sent
[2026-09-02T18:40:10.210+00:00][A] [INFO] --------------------------------
[2026-09-02T18:40:10.211+00:00][A] [INFO] [HEARTBEAT TX]
[2026-09-02T18:40:10.215+00:00][A] [INFO] Node ID: 1
[2026-09-02T18:40:10.216+00:00][A] [INFO] type: 2
[2026-09-02T18:40:10.216+00:00][A] [INFO] Destination: 0xFF
[2026-09-02T18:40:10.218+00:00][B] [INFO] [RF RX] type=2 source=0x01 destination=0xFF previousHop=0x01 sequence=634 ackSequence=0 ttl=8 hops=0 payloadSize=13 rssi=-61 sn
[2026-09-02T18:40:10.221+00:00][A] [INFO] Sequence: 634
[2026-09-02T18:40:10.221+00:00][A] [INFO] Packet ID: 333
[2026-09-02T18:40:10.226+00:00][A] [INFO] Packet Size: 26
[2026-09-02T18:40:10.227+00:00][A] [INFO] Timestamp: 333 ms
[2026-09-02T18:40:10.232+00:00][A] [INFO] Transmission Result: success
[2026-09-02T18:40:10.232+00:00][A] [INFO] --------------------------------
[2026-09-02T18:40:10.237+00:00][A] [INFO] [Heartbeat #333]
[2026-09-02T18:40:10.237+00:00][A] [INFO] Sent
[2026-09-02T18:40:10.238+00:00][A] [INFO] Waiting ACK...
[2026-09-02T18:40:10.238+00:00][A] [INFO] [WAITING ACK]
[2026-09-02T18:40:10.251+00:00][A] [INFO] [RF TX] type=2 source=0x01 destination=0xFF previousHop=0x01 sequence=634 ackSequence=0 ttl=8 hops=0 payloadSize=13 rssi=0 snr=
[2026-09-02T18:40:10.252+00:00][A] [INFO] Heartbeat packet sent
[2026-09-02T18:40:10.619+00:00][B] [WARN] Retry 1
[2026-09-02T18:40:10.686+00:00][B] [INFO] --------------------------------
[2026-09-02T18:40:10.687+00:00][B] [INFO] [HEARTBEAT TX]
[2026-09-02T18:40:10.691+00:00][B] [INFO] Node ID: 2
[2026-09-02T18:40:10.692+00:00][B] [INFO] type: 2
[2026-09-02T18:40:10.692+00:00][B] [INFO] Destination: 0xFF
[2026-09-02T18:40:10.694+00:00][A] [INFO] [RF RX] type=2 source=0x02 destination=0xFF previousHop=0x02 sequence=337 ackSequence=0 ttl=8 hops=0 payloadSize=13 rssi=-61 sn
[2026-09-02T18:40:10.697+00:00][B] [INFO] Sequence: 337
[2026-09-02T18:40:10.697+00:00][B] [INFO] Packet ID: 166
[2026-09-02T18:40:10.702+00:00][B] [INFO] Packet Size: 26
[2026-09-02T18:40:10.703+00:00][B] [INFO] Timestamp: 166 ms
[2026-09-02T18:40:10.708+00:00][B] [INFO] Transmission Result: success
[2026-09-02T18:40:10.708+00:00][B] [INFO] --------------------------------
[2026-09-02T18:40:10.713+00:00][B] [INFO] [Heartbeat #166]
[2026-09-02T18:40:10.714+00:00][B] [INFO] Sent
[2026-09-02T18:40:10.714+00:00][B] [INFO] Waiting ACK...
[2026-09-02T18:40:10.715+00:00][B] [INFO] [WAITING ACK]
[2026-09-02T18:40:10.728+00:00][B] [INFO] [RF TX] type=2 source=0x02 destination=0xFF previousHop=0x02 sequence=337 ackSequence=0 ttl=8 hops=0 payloadSize=13 rssi=0 snr=
[2026-09-02T18:40:10.728+00:00][B] [INFO] Heartbeat packet sent
[2026-09-02T18:40:11.227+00:00][A] [WARN] Retry 1
[2026-09-02T18:40:11.294+00:00][A] [INFO] --------------------------------
[2026-09-02T18:40:11.295+00:00][A] [INFO] [HEARTBEAT TX]
[2026-09-02T18:40:11.299+00:00][A] [INFO] Node ID: 1
[2026-09-02T18:40:11.300+00:00][A] [INFO] type: 2
[2026-09-02T18:40:11.300+00:00][A] [INFO] Destination: 0xFF
[2026-09-02T18:40:11.302+00:00][B] [INFO] [RF RX] type=2 source=0x01 destination=0xFF previousHop=0x01 sequence=634 ackSequence=0 ttl=8 hops=0 payloadSize=13 rssi=-61 sn
[2026-09-02T18:40:11.305+00:00][A] [INFO] Sequence: 634
[2026-09-02T18:40:11.305+00:00][A] [INFO] Packet ID: 333
[2026-09-02T18:40:11.310+00:00][A] [INFO] Packet Size: 26
[2026-09-02T18:40:11.311+00:00][A] [INFO] Timestamp: 333 ms
[2026-09-02T18:40:11.316+00:00][A] [INFO] Transmission Result: success
[2026-09-02T18:40:11.316+00:00][A] [INFO] --------------------------------
[2026-09-02T18:40:11.321+00:00][A] [INFO] [Heartbeat #333]
[2026-09-02T18:40:11.322+00:00][A] [INFO] Sent
[2026-09-02T18:40:11.322+00:00][A] [INFO] Waiting ACK...
[2026-09-02T18:40:11.322+00:00][A] [INFO] [WAITING ACK]
[2026-09-02T18:40:11.336+00:00][A] [INFO] [RF TX] type=2 source=0x01 destination=0xFF previousHop=0x01 sequence=634 ackSequence=0 ttl=8 hops=0 payloadSize=13 rssi=0 snr=
[2026-09-02T18:40:11.336+00:00][A] [INFO] Heartbeat packet sent
[2026-09-02T18:40:11.602+00:00][B] [INFO] --------------------------------
[2026-09-02T18:40:11.603+00:00][B] [INFO] [HEARTBEAT TX]
[2026-09-02T18:40:11.608+00:00][B] [INFO] Node ID: 2
[2026-09-02T18:40:11.608+00:00][B] [INFO] type: 2
[2026-09-02T18:40:11.608+00:00][B] [INFO] Destination: 0xFF
[2026-09-02T18:40:11.610+00:00][A] [INFO] [RF RX] type=2 source=0x02 destination=0xFF previousHop=0x02 sequence=338 ackSequence=0 ttl=8 hops=0 payloadSize=13 rssi=-61 sn
[2026-09-02T18:40:11.613+00:00][B] [INFO] Sequence: 338
[2026-09-02T18:40:11.613+00:00][B] [INFO] Packet ID: 167
[2026-09-02T18:40:11.618+00:00][B] [INFO] Packet Size: 26
[2026-09-02T18:40:11.619+00:00][B] [INFO] Timestamp: 167 ms
[2026-09-02T18:40:11.624+00:00][B] [INFO] Transmission Result: success
[2026-09-02T18:40:11.625+00:00][B] [INFO] --------------------------------
[2026-09-02T18:40:11.629+00:00][B] [INFO] [Heartbeat #167]
[2026-09-02T18:40:11.630+00:00][B] [INFO] Sent
[2026-09-02T18:40:11.630+00:00][B] [INFO] Waiting ACK...
[2026-09-02T18:40:11.630+00:00][B] [INFO] [WAITING ACK]
[2026-09-02T18:40:11.644+00:00][B] [INFO] [RF TX] type=2 source=0x02 destination=0xFF previousHop=0x02 sequence=338 ackSequence=0 ttl=8 hops=0 payloadSize=13 rssi=0 snr=
[2026-09-02T18:40:11.644+00:00][B] [INFO] Heartbeat packet sent
[2026-09-02T18:40:12.210+00:00][A] [INFO] --------------------------------
[2026-09-02T18:40:12.211+00:00][A] [INFO] [HEARTBEAT TX]
[2026-09-02T18:40:12.215+00:00][A] [INFO] Node ID: 1
[2026-09-02T18:40:12.215+00:00][A] [INFO] type: 2
[2026-09-02T18:40:12.216+00:00][A] [INFO] Destination: 0xFF
[2026-09-02T18:40:12.218+00:00][B] [INFO] [RF RX] type=2 source=0x01 destination=0xFF previousHop=0x01 sequence=635 ackSequence=0 ttl=8 hops=0 payloadSize=13 rssi=-61 sn
[2026-09-02T18:40:12.221+00:00][A] [INFO] Sequence: 635
[2026-09-02T18:40:12.221+00:00][A] [INFO] Packet ID: 334
[2026-09-02T18:40:12.226+00:00][A] [INFO] Packet Size: 26
[2026-09-02T18:40:12.227+00:00][A] [INFO] Timestamp: 334 ms
[2026-09-02T18:40:12.232+00:00][A] [INFO] Transmission Result: success
[2026-09-02T18:40:12.232+00:00][A] [INFO] --------------------------------
[2026-09-02T18:40:12.237+00:00][A] [INFO] [Heartbeat #334]
[2026-09-02T18:40:12.237+00:00][A] [INFO] Sent
[2026-09-02T18:40:12.238+00:00][A] [INFO] Waiting ACK...
[2026-09-02T18:40:12.238+00:00][A] [INFO] [WAITING ACK]
[2026-09-02T18:40:12.251+00:00][A] [INFO] [RF TX] type=2 source=0x01 destination=0xFF previousHop=0x01 sequence=635 ackSequence=0 ttl=8 hops=0 payloadSize=13 rssi=0 snr=
[2026-09-02T18:40:12.252+00:00][A] [INFO] Heartbeat packet sent
[2026-09-02T18:40:12.619+00:00][B] [WARN] Retry 1
[2026-09-02T18:40:12.686+00:00][B] [INFO] --------------------------------
[2026-09-02T18:40:12.687+00:00][B] [INFO] [HEARTBEAT TX]
[2026-09-02T18:40:12.691+00:00][B] [INFO] Node ID: 2
[2026-09-02T18:40:12.692+00:00][B] [INFO] type: 2
[2026-09-02T18:40:12.692+00:00][B] [INFO] Destination: 0xFF
[2026-09-02T18:40:12.694+00:00][A] [INFO] [RF RX] type=2 source=0x02 destination=0xFF previousHop=0x02 sequence=338 ackSequence=0 ttl=8 hops=0 payloadSize=13 rssi=-61 sn
[2026-09-02T18:40:12.697+00:00][B] [INFO] Sequence: 338
[2026-09-02T18:40:12.697+00:00][B] [INFO] Packet ID: 167
[2026-09-02T18:40:12.702+00:00][B] [INFO] Packet Size: 26
[2026-09-02T18:40:12.703+00:00][B] [INFO] Timestamp: 167 ms
[2026-09-02T18:40:12.708+00:00][B] [INFO] Transmission Result: success
[2026-09-02T18:40:12.708+00:00][B] [INFO] --------------------------------
[2026-09-02T18:40:12.713+00:00][B] [INFO] [Heartbeat #167]
[2026-09-02T18:40:12.714+00:00][B] [INFO] Sent
[2026-09-02T18:40:12.714+00:00][B] [INFO] Waiting ACK...
[2026-09-02T18:40:12.714+00:00][B] [INFO] [WAITING ACK]
[2026-09-02T18:40:12.728+00:00][B] [INFO] [RF TX] type=2 source=0x02 destination=0xFF previousHop=0x02 sequence=338 ackSequence=0 ttl=8 hops=0 payloadSize=13 rssi=0 snr=
[2026-09-02T18:40:12.728+00:00][B] [INFO] Heartbeat packet sent
[2026-09-02T18:40:13.227+00:00][A] [WARN] Retry 1
[2026-09-02T18:40:13.294+00:00][A] [INFO] --------------------------------
[2026-09-02T18:40:13.294+00:00][A] [INFO] [HEARTBEAT TX]
[2026-09-02T18:40:13.299+00:00][A] [INFO] Node ID: 1
[2026-09-02T18:40:13.299+00:00][A] [INFO] type: 2
[2026-09-02T18:40:13.300+00:00][A] [INFO] Destination: 0xFF
[2026-09-02T18:40:13.302+00:00][B] [INFO] [RF RX] type=2 source=0x01 destination=0xFF previousHop=0x01 sequence=635 ackSequence=0 ttl=8 hops=0 payloadSize=13 rssi=-60 sn
[2026-09-02T18:40:13.305+00:00][A] [INFO] Sequence: 635
[2026-09-02T18:40:13.305+00:00][A] [INFO] Packet ID: 334
[2026-09-02T18:40:13.310+00:00][A] [INFO] Packet Size: 26
[2026-09-02T18:40:13.310+00:00][A] [INFO] Timestamp: 334 ms
[2026-09-02T18:40:13.316+00:00][A] [INFO] Transmission Result: success
[2026-09-02T18:40:13.316+00:00][A] [INFO] --------------------------------
[2026-09-02T18:40:13.321+00:00][A] [INFO] [Heartbeat #334]
[2026-09-02T18:40:13.321+00:00][A] [INFO] Sent
[2026-09-02T18:40:13.322+00:00][A] [INFO] Waiting ACK...
[2026-09-02T18:40:13.322+00:00][A] [INFO] [WAITING ACK]
[2026-09-02T18:40:13.335+00:00][A] [INFO] [RF TX] type=2 source=0x01 destination=0xFF previousHop=0x01 sequence=635 ackSequence=0 ttl=8 hops=0 payloadSize=13 rssi=0 snr=
[2026-09-02T18:40:13.336+00:00][A] [INFO] Heartbeat packet sent
[2026-09-02T18:40:13.602+00:00][B] [INFO] --------------------------------
[2026-09-02T18:40:13.603+00:00][B] [INFO] [HEARTBEAT TX]
[2026-09-02T18:40:13.607+00:00][B] [INFO] Node ID: 2
[2026-09-02T18:40:13.608+00:00][B] [INFO] type: 2
[2026-09-02T18:40:13.608+00:00][B] [INFO] Destination: 0xFF
[2026-09-02T18:40:13.610+00:00][A] [INFO] [RF RX] type=2 source=0x02 destination=0xFF previousHop=0x02 sequence=339 ackSequence=0 ttl=8 hops=0 payloadSize=13 rssi=-61 sn
[2026-09-02T18:40:13.613+00:00][B] [INFO] Sequence: 339
[2026-09-02T18:40:13.613+00:00][B] [INFO] Packet ID: 168
[2026-09-02T18:40:13.618+00:00][B] [INFO] Packet Size: 26
[2026-09-02T18:40:13.619+00:00][B] [INFO] Timestamp: 168 ms
[2026-09-02T18:40:13.624+00:00][B] [INFO] Transmission Result: success
[2026-09-02T18:40:13.625+00:00][B] [INFO] --------------------------------
[2026-09-02T18:40:13.629+00:00][B] [INFO] [Heartbeat #168]
[2026-09-02T18:40:13.630+00:00][B] [INFO] Sent
[2026-09-02T18:40:13.630+00:00][B] [INFO] Waiting ACK...
[2026-09-02T18:40:13.630+00:00][B] [INFO] [WAITING ACK]
[2026-09-02T18:40:13.644+00:00][B] [INFO] [RF TX] type=2 source=0x02 destination=0xFF previousHop=0x02 sequence=339 ackSequence=0 ttl=8 hops=0 payloadSize=13 rssi=0 snr=
[2026-09-02T18:40:13.644+00:00][B] [INFO] Heartbeat packet sent
[2026-09-02T18:40:14.210+00:00][A] [INFO] --------------------------------
[2026-09-02T18:40:14.211+00:00][A] [INFO] [HEARTBEAT TX]
[2026-09-02T18:40:14.215+00:00][A] [INFO] Node ID: 1
[2026-09-02T18:40:14.216+00:00][A] [INFO] type: 2
[2026-09-02T18:40:14.216+00:00][A] [INFO] Destination: 0xFF
[2026-09-02T18:40:14.218+00:00][B] [INFO] [RF RX] type=2 source=0x01 destination=0xFF previousHop=0x01 sequence=636 ackSequence=0 ttl=8 hops=0 payloadSize=13 rssi=-60 sn
[2026-09-02T18:40:14.221+00:00][A] [INFO] Sequence: 636
[2026-09-02T18:40:14.221+00:00][A] [INFO] Packet ID: 335
[2026-09-02T18:40:14.226+00:00][A] [INFO] Packet Size: 26
[2026-09-02T18:40:14.227+00:00][A] [INFO] Timestamp: 335 ms
[2026-09-02T18:40:14.232+00:00][A] [INFO] Transmission Result: success
[2026-09-02T18:40:14.232+00:00][A] [INFO] --------------------------------
[2026-09-02T18:40:14.237+00:00][A] [INFO] [Heartbeat #335]
[2026-09-02T18:40:14.237+00:00][A] [INFO] Sent
[2026-09-02T18:40:14.238+00:00][A] [INFO] Waiting ACK...
[2026-09-02T18:40:14.238+00:00][A] [INFO] [WAITING ACK]
[2026-09-02T18:40:14.251+00:00][A] [INFO] [RF TX] type=2 source=0x01 destination=0xFF previousHop=0x01 sequence=636 ackSequence=0 ttl=8 hops=0 payloadSize=13 rssi=0 snr=
[2026-09-02T18:40:14.252+00:00][A] [INFO] Heartbeat packet sent
[2026-09-02T18:40:14.619+00:00][B] [WARN] Retry 1
[2026-09-02T18:40:14.686+00:00][B] [INFO] --------------------------------
[2026-09-02T18:40:14.687+00:00][B] [INFO] [HEARTBEAT TX]
[2026-09-02T18:40:14.691+00:00][B] [INFO] Node ID: 2
[2026-09-02T18:40:14.692+00:00][B] [INFO] type: 2
[2026-09-02T18:40:14.693+00:00][B] [INFO] Destination: 0xFF
[2026-09-02T18:40:14.694+00:00][A] [INFO] [RF RX] type=2 source=0x02 destination=0xFF previousHop=0x02 sequence=339 ackSequence=0 ttl=8 hops=0 payloadSize=13 rssi=-60 sn
[2026-09-02T18:40:14.697+00:00][B] [INFO] Sequence: 339
[2026-09-02T18:40:14.697+00:00][B] [INFO] Packet ID: 168
[2026-09-02T18:40:14.702+00:00][B] [INFO] Packet Size: 26
[2026-09-02T18:40:14.703+00:00][B] [INFO] Timestamp: 168 ms
[2026-09-02T18:40:14.708+00:00][B] [INFO] Transmission Result: success
[2026-09-02T18:40:14.708+00:00][B] [INFO] --------------------------------
[2026-09-02T18:40:14.713+00:00][B] [INFO] [Heartbeat #168]
[2026-09-02T18:40:14.714+00:00][B] [INFO] Sent
[2026-09-02T18:40:14.714+00:00][B] [INFO] Waiting ACK...
[2026-09-02T18:40:14.714+00:00][B] [INFO] [WAITING ACK]
[2026-09-02T18:40:14.728+00:00][B] [INFO] [RF TX] type=2 source=0x02 destination=0xFF previousHop=0x02 sequence=339 ackSequence=0 ttl=8 hops=0 payloadSize=13 rssi=0 snr=
[2026-09-02T18:40:14.728+00:00][B] [INFO] Heartbeat packet sent
[2026-09-02T18:40:15.227+00:00][A] [WARN] Retry 1
[2026-09-02T18:40:15.294+00:00][A] [INFO] --------------------------------
[2026-09-02T18:40:15.294+00:00][A] [INFO] [HEARTBEAT TX]
[2026-09-02T18:40:15.299+00:00][A] [INFO] Node ID: 1
[2026-09-02T18:40:15.300+00:00][A] [INFO] type: 2
[2026-09-02T18:40:15.300+00:00][A] [INFO] Destination: 0xFF
[2026-09-02T18:40:15.302+00:00][B] [INFO] [RF RX] type=2 source=0x01 destination=0xFF previousHop=0x01 sequence=636 ackSequence=0 ttl=8 hops=0 payloadSize=13 rssi=-62 sn
[2026-09-02T18:40:15.305+00:00][A] [INFO] Sequence: 636
[2026-09-02T18:40:15.305+00:00][A] [INFO] Packet ID: 335
[2026-09-02T18:40:15.310+00:00][A] [INFO] Packet Size: 26
[2026-09-02T18:40:15.310+00:00][A] [INFO] Timestamp: 335 ms
[2026-09-02T18:40:15.315+00:00][A] [INFO] Transmission Result: success
[2026-09-02T18:40:15.316+00:00][A] [INFO] --------------------------------
[2026-09-02T18:40:15.321+00:00][A] [INFO] [Heartbeat #335]
[2026-09-02T18:40:15.321+00:00][A] [INFO] Sent
[2026-09-02T18:40:15.322+00:00][A] [INFO] Waiting ACK...
[2026-09-02T18:40:15.322+00:00][A] [INFO] [WAITING ACK]
[2026-09-02T18:40:15.335+00:00][A] [INFO] [RF TX] type=2 source=0x01 destination=0xFF previousHop=0x01 sequence=636 ackSequence=0 ttl=8 hops=0 payloadSize=13 rssi=0 snr=
[2026-09-02T18:40:15.336+00:00][A] [INFO] Heartbeat packet sent
[2026-09-02T18:40:15.602+00:00][B] [INFO] --------------------------------
[2026-09-02T18:40:15.603+00:00][B] [INFO] [HEARTBEAT TX]
[2026-09-02T18:40:15.607+00:00][B] [INFO] Node ID: 2
[2026-09-02T18:40:15.608+00:00][B] [INFO] type: 2
[2026-09-02T18:40:15.608+00:00][B] [INFO] Destination: 0xFF
[2026-09-02T18:40:15.610+00:00][A] [INFO] [RF RX] type=2 source=0x02 destination=0xFF previousHop=0x02 sequence=340 ackSequence=0 ttl=8 hops=0 payloadSize=13 rssi=-60 sn
[2026-09-02T18:40:15.613+00:00][B] [INFO] Sequence: 340
[2026-09-02T18:40:15.613+00:00][B] [INFO] Packet ID: 169
[2026-09-02T18:40:15.618+00:00][B] [INFO] Packet Size: 26
[2026-09-02T18:40:15.619+00:00][B] [INFO] Timestamp: 169 ms
[2026-09-02T18:40:15.624+00:00][B] [INFO] Transmission Result: success
[2026-09-02T18:40:15.624+00:00][B] [INFO] --------------------------------
[2026-09-02T18:40:15.629+00:00][B] [INFO] [Heartbeat #169]
[2026-09-02T18:40:15.630+00:00][B] [INFO] Sent
[2026-09-02T18:40:15.630+00:00][B] [INFO] Waiting ACK...
[2026-09-02T18:40:15.630+00:00][B] [INFO] [WAITING ACK]
[2026-09-02T18:40:15.644+00:00][B] [INFO] [RF TX] type=2 source=0x02 destination=0xFF previousHop=0x02 sequence=340 ackSequence=0 ttl=8 hops=0 payloadSize=13 rssi=0 snr=
[2026-09-02T18:40:15.644+00:00][B] [INFO] Heartbeat packet sent
[2026-09-02T18:40:16.210+00:00][A] [INFO] --------------------------------
[2026-09-02T18:40:16.210+00:00][A] [INFO] [HEARTBEAT TX]
[2026-09-02T18:40:16.215+00:00][A] [INFO] Node ID: 1
[2026-09-02T18:40:16.215+00:00][A] [INFO] type: 2
[2026-09-02T18:40:16.216+00:00][A] [INFO] Destination: 0xFF
[2026-09-02T18:40:16.218+00:00][B] [INFO] [RF RX] type=2 source=0x01 destination=0xFF previousHop=0x01 sequence=637 ackSequence=0 ttl=8 hops=0 payloadSize=13 rssi=-61 sn
[2026-09-02T18:40:16.221+00:00][A] [INFO] Sequence: 637
[2026-09-02T18:40:16.221+00:00][A] [INFO] Packet ID: 336
[2026-09-02T18:40:16.226+00:00][A] [INFO] Packet Size: 26
[2026-09-02T18:40:16.226+00:00][A] [INFO] Timestamp: 336 ms
[2026-09-02T18:40:16.232+00:00][A] [INFO] Transmission Result: success
[2026-09-02T18:40:16.232+00:00][A] [INFO] --------------------------------
[2026-09-02T18:40:16.237+00:00][A] [INFO] [Heartbeat #336]
[2026-09-02T18:40:16.237+00:00][A] [INFO] Sent
[2026-09-02T18:40:16.238+00:00][A] [INFO] Waiting ACK...
[2026-09-02T18:40:16.238+00:00][A] [INFO] [WAITING ACK]
[2026-09-02T18:40:16.251+00:00][A] [INFO] [RF TX] type=2 source=0x01 destination=0xFF previousHop=0x01 sequence=637 ackSequence=0 ttl=8 hops=0 payloadSize=13 rssi=0 snr=
[2026-09-02T18:40:16.252+00:00][A] [INFO] Heartbeat packet sent
[2026-09-02T18:40:16.619+00:00][B] [WARN] Retry 1
[2026-09-02T18:40:16.686+00:00][B] [INFO] --------------------------------
[2026-09-02T18:40:16.686+00:00][B] [INFO] [HEARTBEAT TX]
[2026-09-02T18:40:16.691+00:00][B] [INFO] Node ID: 2
[2026-09-02T18:40:16.691+00:00][B] [INFO] type: 2
[2026-09-02T18:40:16.691+00:00][B] [INFO] Destination: 0xFF
[2026-09-02T18:40:16.694+00:00][A] [INFO] [RF RX] type=2 source=0x02 destination=0xFF previousHop=0x02 sequence=340 ackSequence=0 ttl=8 hops=0 payloadSize=13 rssi=-60 sn
[2026-09-02T18:40:16.697+00:00][B] [INFO] Sequence: 340
[2026-09-02T18:40:16.697+00:00][B] [INFO] Packet ID: 169
[2026-09-02T18:40:16.702+00:00][B] [INFO] Packet Size: 26
[2026-09-02T18:40:16.702+00:00][B] [INFO] Timestamp: 169 ms
[2026-09-02T18:40:16.708+00:00][B] [INFO] Transmission Result: success
[2026-09-02T18:40:16.708+00:00][B] [INFO] --------------------------------
[2026-09-02T18:40:16.713+00:00][B] [INFO] [Heartbeat #169]
[2026-09-02T18:40:16.713+00:00][B] [INFO] Sent
[2026-09-02T18:40:16.714+00:00][B] [INFO] Waiting ACK...
[2026-09-02T18:40:16.714+00:00][B] [INFO] [WAITING ACK]
[2026-09-02T18:40:16.728+00:00][B] [INFO] [RF TX] type=2 source=0x02 destination=0xFF previousHop=0x02 sequence=340 ackSequence=0 ttl=8 hops=0 payloadSize=13 rssi=0 snr=
[2026-09-02T18:40:16.728+00:00][B] [INFO] Heartbeat packet sent
[2026-09-02T18:40:17.227+00:00][A] [WARN] Retry 1
[2026-09-02T18:40:17.294+00:00][A] [INFO] --------------------------------
[2026-09-02T18:40:17.294+00:00][A] [INFO] [HEARTBEAT TX]
[2026-09-02T18:40:17.299+00:00][A] [INFO] Node ID: 1
[2026-09-02T18:40:17.299+00:00][A] [INFO] type: 2
[2026-09-02T18:40:17.300+00:00][A] [INFO] Destination: 0xFF
[2026-09-02T18:40:17.302+00:00][B] [INFO] [RF RX] type=2 source=0x01 destination=0xFF previousHop=0x01 sequence=637 ackSequence=0 ttl=8 hops=0 payloadSize=13 rssi=-61 sn
[2026-09-02T18:40:17.305+00:00][A] [INFO] Sequence: 637
[2026-09-02T18:40:17.305+00:00][A] [INFO] Packet ID: 336
[2026-09-02T18:40:17.310+00:00][A] [INFO] Packet Size: 26
[2026-09-02T18:40:17.310+00:00][A] [INFO] Timestamp: 336 ms
[2026-09-02T18:40:17.316+00:00][A] [INFO] Transmission Result: success
[2026-09-02T18:40:17.316+00:00][A] [INFO] --------------------------------
[2026-09-02T18:40:17.321+00:00][A] [INFO] [Heartbeat #336]
[2026-09-02T18:40:17.321+00:00][A] [INFO] Sent
[2026-09-02T18:40:17.322+00:00][A] [INFO] Waiting ACK...
[2026-09-02T18:40:17.322+00:00][A] [INFO] [WAITING ACK]
[2026-09-02T18:40:17.335+00:00][A] [INFO] [RF TX] type=2 source=0x01 destination=0xFF previousHop=0x01 sequence=637 ackSequence=0 ttl=8 hops=0 payloadSize=13 rssi=0 snr=
[2026-09-02T18:40:17.336+00:00][A] [INFO] Heartbeat packet sent
[2026-09-02T18:40:17.602+00:00][B] [INFO] --------------------------------
[2026-09-02T18:40:17.603+00:00][B] [INFO] [HEARTBEAT TX]
[2026-09-02T18:40:17.607+00:00][B] [INFO] Node ID: 2
[2026-09-02T18:40:17.608+00:00][B] [INFO] type: 2
[2026-09-02T18:40:17.608+00:00][B] [INFO] Destination: 0xFF
[2026-09-02T18:40:17.610+00:00][A] [INFO] [RF RX] type=2 source=0x02 destination=0xFF previousHop=0x02 sequence=341 ackSequence=0 ttl=8 hops=0 payloadSize=13 rssi=-60 sn
[2026-09-02T18:40:17.613+00:00][B] [INFO] Sequence: 341
[2026-09-02T18:40:17.613+00:00][B] [INFO] Packet ID: 170
[2026-09-02T18:40:17.618+00:00][B] [INFO] Packet Size: 26
[2026-09-02T18:40:17.619+00:00][B] [INFO] Timestamp: 170 ms
[2026-09-02T18:40:17.624+00:00][B] [INFO] Transmission Result: success
[2026-09-02T18:40:17.624+00:00][B] [INFO] --------------------------------
[2026-09-02T18:40:17.629+00:00][B] [INFO] [Heartbeat #170]
[2026-09-02T18:40:17.630+00:00][B] [INFO] Sent
[2026-09-02T18:40:17.630+00:00][B] [INFO] Waiting ACK...
[2026-09-02T18:40:17.630+00:00][B] [INFO] [WAITING ACK]
[2026-09-02T18:40:17.644+00:00][B] [INFO] [RF TX] type=2 source=0x02 destination=0xFF previousHop=0x02 sequence=341 ackSequence=0 ttl=8 hops=0 payloadSize=13 rssi=0 snr=
[2026-09-02T18:40:17.644+00:00][B] [INFO] Heartbeat packet sent
[2026-09-02T18:40:18.210+00:00][A] [INFO] --------------------------------
[2026-09-02T18:40:18.210+00:00][A] [INFO] [HEARTBEAT TX]
[2026-09-02T18:40:18.215+00:00][A] [INFO] Node ID: 1
[2026-09-02T18:40:18.215+00:00][A] [INFO] type: 2
[2026-09-02T18:40:18.216+00:00][A] [INFO] Destination: 0xFF
[2026-09-02T18:40:18.218+00:00][B] [INFO] [RF RX] type=2 source=0x01 destination=0xFF previousHop=0x01 sequence=638 ackSequence=0 ttl=8 hops=0 payloadSize=13 rssi=-61 sn
[2026-09-02T18:40:18.221+00:00][A] [INFO] Sequence: 638
[2026-09-02T18:40:18.221+00:00][A] [INFO] Packet ID: 337
[2026-09-02T18:40:18.226+00:00][A] [INFO] Packet Size: 26
[2026-09-02T18:40:18.226+00:00][A] [INFO] Timestamp: 337 ms
[2026-09-02T18:40:18.231+00:00][A] [INFO] Transmission Result: success
[2026-09-02T18:40:18.232+00:00][A] [INFO] --------------------------------
[2026-09-02T18:40:18.237+00:00][A] [INFO] [Heartbeat #337]
[2026-09-02T18:40:18.237+00:00][A] [INFO] Sent
[2026-09-02T18:40:18.238+00:00][A] [INFO] Waiting ACK...
[2026-09-02T18:40:18.238+00:00][A] [INFO] [WAITING ACK]
[2026-09-02T18:40:18.251+00:00][A] [INFO] [RF TX] type=2 source=0x01 destination=0xFF previousHop=0x01 sequence=638 ackSequence=0 ttl=8 hops=0 payloadSize=13 rssi=0 snr=
[2026-09-02T18:40:18.252+00:00][A] [INFO] Heartbeat packet sent
[2026-09-02T18:40:18.619+00:00][B] [WARN] Retry 1
[2026-09-02T18:40:18.686+00:00][B] [INFO] --------------------------------
[2026-09-02T18:40:18.686+00:00][B] [INFO] [HEARTBEAT TX]
[2026-09-02T18:40:18.691+00:00][B] [INFO] Node ID: 2
[2026-09-02T18:40:18.692+00:00][B] [INFO] type: 2
[2026-09-02T18:40:18.692+00:00][B] [INFO] Destination: 0xFF
[2026-09-02T18:40:18.694+00:00][A] [INFO] [RF RX] type=2 source=0x02 destination=0xFF previousHop=0x02 sequence=341 ackSequence=0 ttl=8 hops=0 payloadSize=13 rssi=-60 sn
[2026-09-02T18:40:18.697+00:00][B] [INFO] Sequence: 341
[2026-09-02T18:40:18.697+00:00][B] [INFO] Packet ID: 170
[2026-09-02T18:40:18.702+00:00][B] [INFO] Packet Size: 26
[2026-09-02T18:40:18.703+00:00][B] [INFO] Timestamp: 170 ms
[2026-09-02T18:40:18.708+00:00][B] [INFO] Transmission Result: success
[2026-09-02T18:40:18.708+00:00][B] [INFO] --------------------------------
[2026-09-02T18:40:18.713+00:00][B] [INFO] [Heartbeat #170]
[2026-09-02T18:40:18.714+00:00][B] [INFO] Sent
[2026-09-02T18:40:18.714+00:00][B] [INFO] Waiting ACK...
[2026-09-02T18:40:18.715+00:00][B] [INFO] [WAITING ACK]
[2026-09-02T18:40:18.728+00:00][B] [INFO] [RF TX] type=2 source=0x02 destination=0xFF previousHop=0x02 sequence=341 ackSequence=0 ttl=8 hops=0 payloadSize=13 rssi=0 snr=
[2026-09-02T18:40:18.728+00:00][B] [INFO] Heartbeat packet sent
[2026-09-02T18:40:19.227+00:00][A] [WARN] Retry 1
[2026-09-02T18:40:19.294+00:00][A] [INFO] --------------------------------
[2026-09-02T18:40:19.294+00:00][A] [INFO] [HEARTBEAT TX]
[2026-09-02T18:40:19.299+00:00][A] [INFO] Node ID: 1
[2026-09-02T18:40:19.299+00:00][A] [INFO] type: 2
[2026-09-02T18:40:19.300+00:00][A] [INFO] Destination: 0xFF
[2026-09-02T18:40:19.302+00:00][B] [INFO] [RF RX] type=2 source=0x01 destination=0xFF previousHop=0x01 sequence=638 ackSequence=0 ttl=8 hops=0 payloadSize=13 rssi=-61 sn
[2026-09-02T18:40:19.305+00:00][A] [INFO] Sequence: 638
[2026-09-02T18:40:19.305+00:00][A] [INFO] Packet ID: 337
[2026-09-02T18:40:19.310+00:00][A] [INFO] Packet Size: 26
[2026-09-02T18:40:19.310+00:00][A] [INFO] Timestamp: 337 ms
[2026-09-02T18:40:19.315+00:00][A] [INFO] Transmission Result: success
[2026-09-02T18:40:19.316+00:00][A] [INFO] --------------------------------
[2026-09-02T18:40:19.321+00:00][A] [INFO] [Heartbeat #337]
[2026-09-02T18:40:19.321+00:00][A] [INFO] Sent
[2026-09-02T18:40:19.322+00:00][A] [INFO] Waiting ACK...
[2026-09-02T18:40:19.322+00:00][A] [INFO] [WAITING ACK]
[2026-09-02T18:40:19.335+00:00][A] [INFO] [RF TX] type=2 source=0x01 destination=0xFF previousHop=0x01 sequence=638 ackSequence=0 ttl=8 hops=0 payloadSize=13 rssi=0 snr=
[2026-09-02T18:40:19.336+00:00][A] [INFO] Heartbeat packet sent
[2026-09-02T18:40:19.602+00:00][B] [INFO] --------------------------------
[2026-09-02T18:40:19.603+00:00][B] [INFO] [HEARTBEAT TX]
[2026-09-02T18:40:19.607+00:00][B] [INFO] Node ID: 2
[2026-09-02T18:40:19.608+00:00][B] [INFO] type: 2
[2026-09-02T18:40:19.608+00:00][B] [INFO] Destination: 0xFF
[2026-09-02T18:40:19.610+00:00][A] [INFO] [RF RX] type=2 source=0x02 destination=0xFF previousHop=0x02 sequence=342 ackSequence=0 ttl=8 hops=0 payloadSize=13 rssi=-61 sn
[2026-09-02T18:40:19.613+00:00][B] [INFO] Sequence: 342
[2026-09-02T18:40:19.613+00:00][B] [INFO] Packet ID: 171
[2026-09-02T18:40:19.618+00:00][B] [INFO] Packet Size: 26
[2026-09-02T18:40:19.619+00:00][B] [INFO] Timestamp: 171 ms
[2026-09-02T18:40:19.624+00:00][B] [INFO] Transmission Result: success
[2026-09-02T18:40:19.624+00:00][B] [INFO] --------------------------------
[2026-09-02T18:40:19.629+00:00][B] [INFO] [Heartbeat #171]
[2026-09-02T18:40:19.630+00:00][B] [INFO] Sent
[2026-09-02T18:40:19.630+00:00][B] [INFO] Waiting ACK...
[2026-09-02T18:40:19.630+00:00][B] [INFO] [WAITING ACK]
[2026-09-02T18:40:19.644+00:00][B] [INFO] [RF TX] type=2 source=0x02 destination=0xFF previousHop=0x02 sequence=342 ackSequence=0 ttl=8 hops=0 payloadSize=13 rssi=0 snr=
[2026-09-02T18:40:19.644+00:00][B] [INFO] Heartbeat packet sent
[2026-09-02T18:40:20.210+00:00][A] [INFO] --------------------------------
[2026-09-02T18:40:20.210+00:00][A] [INFO] [HEARTBEAT TX]
[2026-09-02T18:40:20.215+00:00][A] [INFO] Node ID: 1
[2026-09-02T18:40:20.215+00:00][A] [INFO] type: 2
[2026-09-02T18:40:20.216+00:00][A] [INFO] Destination: 0xFF
[2026-09-02T18:40:20.218+00:00][B] [INFO] [RF RX] type=2 source=0x01 destination=0xFF previousHop=0x01 sequence=639 ackSequence=0 ttl=8 hops=0 payloadSize=13 rssi=-61 sn
[2026-09-02T18:40:20.221+00:00][A] [INFO] Sequence: 639
[2026-09-02T18:40:20.221+00:00][A] [INFO] Packet ID: 338
[2026-09-02T18:40:20.226+00:00][A] [INFO] Packet Size: 26
[2026-09-02T18:40:20.226+00:00][A] [INFO] Timestamp: 338 ms
[2026-09-02T18:40:20.231+00:00][A] [INFO] Transmission Result: success
[2026-09-02T18:40:20.232+00:00][A] [INFO] --------------------------------
[2026-09-02T18:40:20.237+00:00][A] [INFO] [Heartbeat #338]
[2026-09-02T18:40:20.237+00:00][A] [INFO] Sent
[2026-09-02T18:40:20.238+00:00][A] [INFO] Waiting ACK...
[2026-09-02T18:40:20.238+00:00][A] [INFO] [WAITING ACK]
[2026-09-02T18:40:20.251+00:00][A] [INFO] [RF TX] type=2 source=0x01 destination=0xFF previousHop=0x01 sequence=639 ackSequence=0 ttl=8 hops=0 payloadSize=13 rssi=0 snr=
[2026-09-02T18:40:20.252+00:00][A] [INFO] Heartbeat packet sent
[2026-09-02T18:40:20.619+00:00][B] [WARN] Retry 1
[2026-09-02T18:40:20.686+00:00][B] [INFO] --------------------------------
[2026-09-02T18:40:20.686+00:00][B] [INFO] [HEARTBEAT TX]
[2026-09-02T18:40:20.691+00:00][B] [INFO] Node ID: 2
[2026-09-02T18:40:20.692+00:00][B] [INFO] type: 2
[2026-09-02T18:40:20.692+00:00][B] [INFO] Destination: 0xFF
[2026-09-02T18:40:20.694+00:00][A] [INFO] [RF RX] type=2 source=0x02 destination=0xFF previousHop=0x02 sequence=342 ackSequence=0 ttl=8 hops=0 payloadSize=13 rssi=-61 sn
[2026-09-02T18:40:20.697+00:00][B] [INFO] Sequence: 342
[2026-09-02T18:40:20.697+00:00][B] [INFO] Packet ID: 171
[2026-09-02T18:40:20.702+00:00][B] [INFO] Packet Size: 26
[2026-09-02T18:40:20.703+00:00][B] [INFO] Timestamp: 171 ms
[2026-09-02T18:40:20.708+00:00][B] [INFO] Transmission Result: success
[2026-09-02T18:40:20.708+00:00][B] [INFO] --------------------------------
[2026-09-02T18:40:20.713+00:00][B] [INFO] [Heartbeat #171]
[2026-09-02T18:40:20.714+00:00][B] [INFO] Sent
[2026-09-02T18:40:20.714+00:00][B] [INFO] Waiting ACK...
[2026-09-02T18:40:20.714+00:00][B] [INFO] [WAITING ACK]
[2026-09-02T18:40:20.728+00:00][B] [INFO] [RF TX] type=2 source=0x02 destination=0xFF previousHop=0x02 sequence=342 ackSequence=0 ttl=8 hops=0 payloadSize=13 rssi=0 snr=
[2026-09-02T18:40:20.728+00:00][B] [INFO] Heartbeat packet sent
[2026-09-02T18:40:21.227+00:00][A] [WARN] Retry 1
[2026-09-02T18:40:21.294+00:00][A] [INFO] --------------------------------
[2026-09-02T18:40:21.294+00:00][A] [INFO] [HEARTBEAT TX]
[2026-09-02T18:40:21.299+00:00][A] [INFO] Node ID: 1
[2026-09-02T18:40:21.300+00:00][A] [INFO] type: 2
[2026-09-02T18:40:21.300+00:00][A] [INFO] Destination: 0xFF
[2026-09-02T18:40:21.302+00:00][B] [INFO] [RF RX] type=2 source=0x01 destination=0xFF previousHop=0x01 sequence=639 ackSequence=0 ttl=8 hops=0 payloadSize=13 rssi=-61 sn
[2026-09-02T18:40:21.305+00:00][A] [INFO] Sequence: 639
[2026-09-02T18:40:21.305+00:00][A] [INFO] Packet ID: 338
[2026-09-02T18:40:21.310+00:00][A] [INFO] Packet Size: 26
[2026-09-02T18:40:21.310+00:00][A] [INFO] Timestamp: 338 ms
[2026-09-02T18:40:21.315+00:00][A] [INFO] Transmission Result: success
[2026-09-02T18:40:21.316+00:00][A] [INFO] --------------------------------
[2026-09-02T18:40:21.321+00:00][A] [INFO] [Heartbeat #338]
[2026-09-02T18:40:21.321+00:00][A] [INFO] Sent
[2026-09-02T18:40:21.322+00:00][A] [INFO] Waiting ACK...
[2026-09-02T18:40:21.322+00:00][A] [INFO] [WAITING ACK]
[2026-09-02T18:40:21.335+00:00][A] [INFO] [RF TX] type=2 source=0x01 destination=0xFF previousHop=0x01 sequence=639 ackSequence=0 ttl=8 hops=0 payloadSize=13 rssi=0 snr=
[2026-09-02T18:40:21.336+00:00][A] [INFO] Heartbeat packet sent
[2026-09-02T18:40:21.602+00:00][B] [INFO] --------------------------------
[2026-09-02T18:40:21.602+00:00][B] [INFO] [HEARTBEAT TX]
[2026-09-02T18:40:21.607+00:00][B] [INFO] Node ID: 2
[2026-09-02T18:40:21.608+00:00][B] [INFO] type: 2
[2026-09-02T18:40:21.608+00:00][B] [INFO] Destination: 0xFF
[2026-09-02T18:40:21.610+00:00][A] [INFO] [RF RX] type=2 source=0x02 destination=0xFF previousHop=0x02 sequence=343 ackSequence=0 ttl=8 hops=0 payloadSize=13 rssi=-61 sn
[2026-09-02T18:40:21.613+00:00][B] [INFO] Sequence: 343
[2026-09-02T18:40:21.613+00:00][B] [INFO] Packet ID: 172
[2026-09-02T18:40:21.618+00:00][B] [INFO] Packet Size: 26
[2026-09-02T18:40:21.618+00:00][B] [INFO] Timestamp: 172 ms
[2026-09-02T18:40:21.624+00:00][B] [INFO] Transmission Result: success
[2026-09-02T18:40:21.624+00:00][B] [INFO] --------------------------------
[2026-09-02T18:40:21.629+00:00][B] [INFO] [Heartbeat #172]
[2026-09-02T18:40:21.629+00:00][B] [INFO] Sent
[2026-09-02T18:40:21.630+00:00][B] [INFO] Waiting ACK...
[2026-09-02T18:40:21.630+00:00][B] [INFO] [WAITING ACK]
[2026-09-02T18:40:21.643+00:00][B] [INFO] [RF TX] type=2 source=0x02 destination=0xFF previousHop=0x02 sequence=343 ackSequence=0 ttl=8 hops=0 payloadSize=13 rssi=0 snr=
[2026-09-02T18:40:21.644+00:00][B] [INFO] Heartbeat packet sent
[2026-09-02T18:40:22.210+00:00][A] [INFO] --------------------------------
[2026-09-02T18:40:22.210+00:00][A] [INFO] [HEARTBEAT TX]
[2026-09-02T18:40:22.215+00:00][A] [INFO] Node ID: 1
[2026-09-02T18:40:22.215+00:00][A] [INFO] type: 2
[2026-09-02T18:40:22.216+00:00][A] [INFO] Destination: 0xFF
[2026-09-02T18:40:22.218+00:00][B] [INFO] [RF RX] type=2 source=0x01 destination=0xFF previousHop=0x01 sequence=640 ackSequence=0 ttl=8 hops=0 payloadSize=13 rssi=-61 sn
[2026-09-02T18:40:22.221+00:00][A] [INFO] Sequence: 640
[2026-09-02T18:40:22.221+00:00][A] [INFO] Packet ID: 339
[2026-09-02T18:40:22.226+00:00][A] [INFO] Packet Size: 26
[2026-09-02T18:40:22.226+00:00][A] [INFO] Timestamp: 339 ms
[2026-09-02T18:40:22.231+00:00][A] [INFO] Transmission Result: success
[2026-09-02T18:40:22.232+00:00][A] [INFO] --------------------------------
[2026-09-02T18:40:22.237+00:00][A] [INFO] [Heartbeat #339]
[2026-09-02T18:40:22.237+00:00][A] [INFO] Sent
[2026-09-02T18:40:22.238+00:00][A] [INFO] Waiting ACK...
[2026-09-02T18:40:22.238+00:00][A] [INFO] [WAITING ACK]
[2026-09-02T18:40:22.251+00:00][A] [INFO] [RF TX] type=2 source=0x01 destination=0xFF previousHop=0x01 sequence=640 ackSequence=0 ttl=8 hops=0 payloadSize=13 rssi=0 snr=
[2026-09-02T18:40:22.252+00:00][A] [INFO] Heartbeat packet sent
[2026-09-02T18:40:22.619+00:00][B] [WARN] Retry 1
[2026-09-02T18:40:22.686+00:00][B] [INFO] --------------------------------
[2026-09-02T18:40:22.687+00:00][B] [INFO] [HEARTBEAT TX]
[2026-09-02T18:40:22.691+00:00][B] [INFO] Node ID: 2
[2026-09-02T18:40:22.692+00:00][B] [INFO] type: 2
[2026-09-02T18:40:22.692+00:00][B] [INFO] Destination: 0xFF
[2026-09-02T18:40:22.694+00:00][A] [INFO] [RF RX] type=2 source=0x02 destination=0xFF previousHop=0x02 sequence=343 ackSequence=0 ttl=8 hops=0 payloadSize=13 rssi=-61 sn
[2026-09-02T18:40:22.697+00:00][B] [INFO] Sequence: 343
[2026-09-02T18:40:22.697+00:00][B] [INFO] Packet ID: 172
[2026-09-02T18:40:22.702+00:00][B] [INFO] Packet Size: 26
[2026-09-02T18:40:22.703+00:00][B] [INFO] Timestamp: 172 ms
[2026-09-02T18:40:22.708+00:00][B] [INFO] Transmission Result: success
[2026-09-02T18:40:22.708+00:00][B] [INFO] --------------------------------
[2026-09-02T18:40:22.713+00:00][B] [INFO] [Heartbeat #172]
[2026-09-02T18:40:22.713+00:00][B] [INFO] Sent
[2026-09-02T18:40:22.714+00:00][B] [INFO] Waiting ACK...
[2026-09-02T18:40:22.714+00:00][B] [INFO] [WAITING ACK]
[2026-09-02T18:40:22.727+00:00][B] [INFO] [RF TX] type=2 source=0x02 destination=0xFF previousHop=0x02 sequence=343 ackSequence=0 ttl=8 hops=0 payloadSize=13 rssi=0 snr=
[2026-09-02T18:40:22.728+00:00][B] [INFO] Heartbeat packet sent
[2026-09-02T18:40:23.227+00:00][A] [WARN] Retry 1
[2026-09-02T18:40:23.294+00:00][A] [INFO] --------------------------------
[2026-09-02T18:40:23.294+00:00][A] [INFO] [HEARTBEAT TX]
[2026-09-02T18:40:23.299+00:00][A] [INFO] Node ID: 1
[2026-09-02T18:40:23.299+00:00][A] [INFO] type: 2
[2026-09-02T18:40:23.300+00:00][A] [INFO] Destination: 0xFF
[2026-09-02T18:40:23.302+00:00][B] [INFO] [RF RX] type=2 source=0x01 destination=0xFF previousHop=0x01 sequence=640 ackSequence=0 ttl=8 hops=0 payloadSize=13 rssi=-62 sn
[2026-09-02T18:40:23.304+00:00][A] [INFO] Sequence: 640
[2026-09-02T18:40:23.305+00:00][A] [INFO] Packet ID: 339
[2026-09-02T18:40:23.310+00:00][A] [INFO] Packet Size: 26
[2026-09-02T18:40:23.310+00:00][A] [INFO] Timestamp: 339 ms
[2026-09-02T18:40:23.315+00:00][A] [INFO] Transmission Result: success
[2026-09-02T18:40:23.316+00:00][A] [INFO] --------------------------------
[2026-09-02T18:40:23.321+00:00][A] [INFO] [Heartbeat #339]
[2026-09-02T18:40:23.321+00:00][A] [INFO] Sent
[2026-09-02T18:40:23.322+00:00][A] [INFO] Waiting ACK...
[2026-09-02T18:40:23.322+00:00][A] [INFO] [WAITING ACK]
[2026-09-02T18:40:23.335+00:00][A] [INFO] [RF TX] type=2 source=0x01 destination=0xFF previousHop=0x01 sequence=640 ackSequence=0 ttl=8 hops=0 payloadSize=13 rssi=0 snr=
[2026-09-02T18:40:23.336+00:00][A] [INFO] Heartbeat packet sent
[2026-09-02T18:40:23.602+00:00][B] [INFO] --------------------------------
[2026-09-02T18:40:23.602+00:00][B] [INFO] [HEARTBEAT TX]
[2026-09-02T18:40:23.607+00:00][B] [INFO] Node ID: 2
[2026-09-02T18:40:23.607+00:00][B] [INFO] type: 2
[2026-09-02T18:40:23.608+00:00][B] [INFO] Destination: 0xFF
[2026-09-02T18:40:23.610+00:00][A] [INFO] [RF RX] type=2 source=0x02 destination=0xFF previousHop=0x02 sequence=344 ackSequence=0 ttl=8 hops=0 payloadSize=13 rssi=-61 sn
[2026-09-02T18:40:23.613+00:00][B] [INFO] Sequence: 344
[2026-09-02T18:40:23.613+00:00][B] [INFO] Packet ID: 173
[2026-09-02T18:40:23.618+00:00][B] [INFO] Packet Size: 26
[2026-09-02T18:40:23.618+00:00][B] [INFO] Timestamp: 173 ms
[2026-09-02T18:40:23.624+00:00][B] [INFO] Transmission Result: success
[2026-09-02T18:40:23.624+00:00][B] [INFO] --------------------------------
[2026-09-02T18:40:23.629+00:00][B] [INFO] [Heartbeat #173]
[2026-09-02T18:40:23.629+00:00][B] [INFO] Sent
[2026-09-02T18:40:23.630+00:00][B] [INFO] Waiting ACK...
[2026-09-02T18:40:23.630+00:00][B] [INFO] [WAITING ACK]
[2026-09-02T18:40:23.643+00:00][B] [INFO] [RF TX] type=2 source=0x02 destination=0xFF previousHop=0x02 sequence=344 ackSequence=0 ttl=8 hops=0 payloadSize=13 rssi=0 snr=
[2026-09-02T18:40:23.644+00:00][B] [INFO] Heartbeat packet sent
[2026-09-02T18:40:24.210+00:00][A] [INFO] --------------------------------
[2026-09-02T18:40:24.210+00:00][A] [INFO] [HEARTBEAT TX]
[2026-09-02T18:40:24.215+00:00][A] [INFO] Node ID: 1
[2026-09-02T18:40:24.215+00:00][A] [INFO] type: 2
[2026-09-02T18:40:24.216+00:00][A] [INFO] Destination: 0xFF
[2026-09-02T18:40:24.218+00:00][B] [INFO] [RF RX] type=2 source=0x01 destination=0xFF previousHop=0x01 sequence=641 ackSequence=0 ttl=8 hops=0 payloadSize=13 rssi=-61 sn
[2026-09-02T18:40:24.220+00:00][A] [INFO] Sequence: 641
[2026-09-02T18:40:24.221+00:00][A] [INFO] Packet ID: 340
[2026-09-02T18:40:24.226+00:00][A] [INFO] Packet Size: 26
[2026-09-02T18:40:24.226+00:00][A] [INFO] Timestamp: 340 ms
[2026-09-02T18:40:24.231+00:00][A] [INFO] Transmission Result: success
[2026-09-02T18:40:24.232+00:00][A] [INFO] --------------------------------
[2026-09-02T18:40:24.237+00:00][A] [INFO] [Heartbeat #340]
[2026-09-02T18:40:24.237+00:00][A] [INFO] Sent
[2026-09-02T18:40:24.238+00:00][A] [INFO] Waiting ACK...
[2026-09-02T18:40:24.238+00:00][A] [INFO] [WAITING ACK]
[2026-09-02T18:40:24.251+00:00][A] [INFO] [RF TX] type=2 source=0x01 destination=0xFF previousHop=0x01 sequence=641 ackSequence=0 ttl=8 hops=0 payloadSize=13 rssi=0 snr=
[2026-09-02T18:40:24.252+00:00][A] [INFO] Heartbeat packet sent
[2026-09-02T18:40:24.619+00:00][B] [WARN] Retry 1
[2026-09-02T18:40:24.686+00:00][B] [INFO] --------------------------------
[2026-09-02T18:40:24.686+00:00][B] [INFO] [HEARTBEAT TX]
[2026-09-02T18:40:24.691+00:00][B] [INFO] Node ID: 2
[2026-09-02T18:40:24.692+00:00][B] [INFO] type: 2
[2026-09-02T18:40:24.692+00:00][B] [INFO] Destination: 0xFF
[2026-09-02T18:40:24.694+00:00][A] [INFO] [RF RX] type=2 source=0x02 destination=0xFF previousHop=0x02 sequence=344 ackSequence=0 ttl=8 hops=0 payloadSize=13 rssi=-61 sn
[2026-09-02T18:40:24.697+00:00][B] [INFO] Sequence: 344
[2026-09-02T18:40:24.697+00:00][B] [INFO] Packet ID: 173
[2026-09-02T18:40:24.702+00:00][B] [INFO] Packet Size: 26
[2026-09-02T18:40:24.702+00:00][B] [INFO] Timestamp: 173 ms
[2026-09-02T18:40:24.708+00:00][B] [INFO] Transmission Result: success
[2026-09-02T18:40:24.708+00:00][B] [INFO] --------------------------------
[2026-09-02T18:40:24.713+00:00][B] [INFO] [Heartbeat #173]
[2026-09-02T18:40:24.713+00:00][B] [INFO] Sent
[2026-09-02T18:40:24.714+00:00][B] [INFO] Waiting ACK...
[2026-09-02T18:40:24.714+00:00][B] [INFO] [WAITING ACK]
[2026-09-02T18:40:24.727+00:00][B] [INFO] [RF TX] type=2 source=0x02 destination=0xFF previousHop=0x02 sequence=344 ackSequence=0 ttl=8 hops=0 payloadSize=13 rssi=0 snr=
[2026-09-02T18:40:24.728+00:00][B] [INFO] Heartbeat packet sent
[2026-09-02T18:40:25.227+00:00][A] [WARN] Retry 1
[2026-09-02T18:40:25.294+00:00][A] [INFO] --------------------------------
[2026-09-02T18:40:25.294+00:00][A] [INFO] [HEARTBEAT TX]
[2026-09-02T18:40:25.299+00:00][A] [INFO] Node ID: 1
[2026-09-02T18:40:25.299+00:00][A] [INFO] type: 2
[2026-09-02T18:40:25.300+00:00][A] [INFO] Destination: 0xFF
[2026-09-02T18:40:25.302+00:00][B] [INFO] [RF RX] type=2 source=0x01 destination=0xFF previousHop=0x01 sequence=641 ackSequence=0 ttl=8 hops=0 payloadSize=13 rssi=-61 sn
[2026-09-02T18:40:25.304+00:00][A] [INFO] Sequence: 641
[2026-09-02T18:40:25.305+00:00][A] [INFO] Packet ID: 340
[2026-09-02T18:40:25.310+00:00][A] [INFO] Packet Size: 26
[2026-09-02T18:40:25.310+00:00][A] [INFO] Timestamp: 340 ms
[2026-09-02T18:40:25.315+00:00][A] [INFO] Transmission Result: success
[2026-09-02T18:40:25.316+00:00][A] [INFO] --------------------------------
[2026-09-02T18:40:25.321+00:00][A] [INFO] [Heartbeat #340]
[2026-09-02T18:40:25.321+00:00][A] [INFO] Sent
[2026-09-02T18:40:25.322+00:00][A] [INFO] Waiting ACK...
[2026-09-02T18:40:25.322+00:00][A] [INFO] [WAITING ACK]
[2026-09-02T18:40:25.335+00:00][A] [INFO] [RF TX] type=2 source=0x01 destination=0xFF previousHop=0x01 sequence=641 ackSequence=0 ttl=8 hops=0 payloadSize=13 rssi=0 snr=
[2026-09-02T18:40:25.335+00:00][A] [INFO] Heartbeat packet sent
[2026-09-02T18:40:25.602+00:00][B] [INFO] --------------------------------
[2026-09-02T18:40:25.602+00:00][B] [INFO] [HEARTBEAT TX]
[2026-09-02T18:40:25.607+00:00][B] [INFO] Node ID: 2
[2026-09-02T18:40:25.607+00:00][B] [INFO] type: 2
[2026-09-02T18:40:25.608+00:00][B] [INFO] Destination: 0xFF
[2026-09-02T18:40:25.610+00:00][A] [INFO] [RF RX] type=2 source=0x02 destination=0xFF previousHop=0x02 sequence=345 ackSequence=0 ttl=8 hops=0 payloadSize=13 rssi=-61 sn
[2026-09-02T18:40:25.613+00:00][B] [INFO] Sequence: 345
[2026-09-02T18:40:25.613+00:00][B] [INFO] Packet ID: 174
[2026-09-02T18:40:25.618+00:00][B] [INFO] Packet Size: 26
[2026-09-02T18:40:25.618+00:00][B] [INFO] Timestamp: 174 ms
[2026-09-02T18:40:25.623+00:00][B] [INFO] Transmission Result: success
[2026-09-02T18:40:25.624+00:00][B] [INFO] --------------------------------
[2026-09-02T18:40:25.629+00:00][B] [INFO] [Heartbeat #174]
[2026-09-02T18:40:25.629+00:00][B] [INFO] Sent
[2026-09-02T18:40:25.630+00:00][B] [INFO] Waiting ACK...
[2026-09-02T18:40:25.630+00:00][B] [INFO] [WAITING ACK]
[2026-09-02T18:40:25.643+00:00][B] [INFO] [RF TX] type=2 source=0x02 destination=0xFF previousHop=0x02 sequence=345 ackSequence=0 ttl=8 hops=0 payloadSize=13 rssi=0 snr=
[2026-09-02T18:40:25.644+00:00][B] [INFO] Heartbeat packet sent
[2026-09-02T18:40:26.210+00:00][A] [INFO] --------------------------------
[2026-09-02T18:40:26.210+00:00][A] [INFO] [HEARTBEAT TX]
[2026-09-02T18:40:26.215+00:00][A] [INFO] Node ID: 1
[2026-09-02T18:40:26.215+00:00][A] [INFO] type: 2
[2026-09-02T18:40:26.216+00:00][A] [INFO] Destination: 0xFF
[2026-09-02T18:40:26.218+00:00][B] [INFO] [RF RX] type=2 source=0x01 destination=0xFF previousHop=0x01 sequence=642 ackSequence=0 ttl=8 hops=0 payloadSize=13 rssi=-61 sn
[2026-09-02T18:40:26.220+00:00][A] [INFO] Sequence: 642
[2026-09-02T18:40:26.221+00:00][A] [INFO] Packet ID: 341
[2026-09-02T18:40:26.226+00:00][A] [INFO] Packet Size: 26
[2026-09-02T18:40:26.226+00:00][A] [INFO] Timestamp: 341 ms
[2026-09-02T18:40:26.231+00:00][A] [INFO] Transmission Result: success
[2026-09-02T18:40:26.232+00:00][A] [INFO] --------------------------------
[2026-09-02T18:40:26.237+00:00][A] [INFO] [Heartbeat #341]
[2026-09-02T18:40:26.237+00:00][A] [INFO] Sent
[2026-09-02T18:40:26.238+00:00][A] [INFO] Waiting ACK...
[2026-09-02T18:40:26.238+00:00][A] [INFO] [WAITING ACK]
[2026-09-02T18:40:26.251+00:00][A] [INFO] [RF TX] type=2 source=0x01 destination=0xFF previousHop=0x01 sequence=642 ackSequence=0 ttl=8 hops=0 payloadSize=13 rssi=0 snr=
[2026-09-02T18:40:26.252+00:00][A] [INFO] Heartbeat packet sent
[2026-09-02T18:40:26.619+00:00][B] [WARN] Retry 1
[2026-09-02T18:40:26.686+00:00][B] [INFO] --------------------------------
[2026-09-02T18:40:26.686+00:00][B] [INFO] [HEARTBEAT TX]
[2026-09-02T18:40:26.691+00:00][B] [INFO] Node ID: 2
[2026-09-02T18:40:26.691+00:00][B] [INFO] type: 2
[2026-09-02T18:40:26.692+00:00][B] [INFO] Destination: 0xFF
[2026-09-02T18:40:26.694+00:00][A] [INFO] [RF RX] type=2 source=0x02 destination=0xFF previousHop=0x02 sequence=345 ackSequence=0 ttl=8 hops=0 payloadSize=13 rssi=-61 sn
[2026-09-02T18:40:26.697+00:00][B] [INFO] Sequence: 345
[2026-09-02T18:40:26.697+00:00][B] [INFO] Packet ID: 174
[2026-09-02T18:40:26.702+00:00][B] [INFO] Packet Size: 26
[2026-09-02T18:40:26.703+00:00][B] [INFO] Timestamp: 174 ms
[2026-09-02T18:40:26.707+00:00][B] [INFO] Transmission Result: success
[2026-09-02T18:40:26.708+00:00][B] [INFO] --------------------------------
[2026-09-02T18:40:26.713+00:00][B] [INFO] [Heartbeat #174]
[2026-09-02T18:40:26.713+00:00][B] [INFO] Sent
[2026-09-02T18:40:26.714+00:00][B] [INFO] Waiting ACK...
[2026-09-02T18:40:26.714+00:00][B] [INFO] [WAITING ACK]
[2026-09-02T18:40:26.727+00:00][B] [INFO] [RF TX] type=2 source=0x02 destination=0xFF previousHop=0x02 sequence=345 ackSequence=0 ttl=8 hops=0 payloadSize=13 rssi=0 snr=
[2026-09-02T18:40:26.728+00:00][B] [INFO] Heartbeat packet sent
[2026-09-02T18:40:27.227+00:00][A] [WARN] Retry 1
[2026-09-02T18:40:27.294+00:00][A] [INFO] --------------------------------
[2026-09-02T18:40:27.294+00:00][A] [INFO] [HEARTBEAT TX]
[2026-09-02T18:40:27.299+00:00][A] [INFO] Node ID: 1
[2026-09-02T18:40:27.299+00:00][A] [INFO] type: 2
[2026-09-02T18:40:27.300+00:00][A] [INFO] Destination: 0xFF
[2026-09-02T18:40:27.302+00:00][B] [INFO] [RF RX] type=2 source=0x01 destination=0xFF previousHop=0x01 sequence=642 ackSequence=0 ttl=8 hops=0 payloadSize=13 rssi=-61 sn
[2026-09-02T18:40:27.304+00:00][A] [INFO] Sequence: 642
[2026-09-02T18:40:27.305+00:00][A] [INFO] Packet ID: 341
[2026-09-02T18:40:27.310+00:00][A] [INFO] Packet Size: 26
[2026-09-02T18:40:27.310+00:00][A] [INFO] Timestamp: 341 ms
[2026-09-02T18:40:27.315+00:00][A] [INFO] Transmission Result: success
[2026-09-02T18:40:27.316+00:00][A] [INFO] --------------------------------
[2026-09-02T18:40:27.321+00:00][A] [INFO] [Heartbeat #341]
[2026-09-02T18:40:27.321+00:00][A] [INFO] Sent
[2026-09-02T18:40:27.322+00:00][A] [INFO] Waiting ACK...
[2026-09-02T18:40:27.322+00:00][A] [INFO] [WAITING ACK]
[2026-09-02T18:40:27.335+00:00][A] [INFO] [RF TX] type=2 source=0x01 destination=0xFF previousHop=0x01 sequence=642 ackSequence=0 ttl=8 hops=0 payloadSize=13 rssi=0 snr=
[2026-09-02T18:40:27.335+00:00][A] [INFO] Heartbeat packet sent
[2026-09-02T18:40:27.602+00:00][B] [INFO] --------------------------------
[2026-09-02T18:40:27.602+00:00][B] [INFO] [HEARTBEAT TX]
[2026-09-02T18:40:27.607+00:00][B] [INFO] Node ID: 2
[2026-09-02T18:40:27.607+00:00][B] [INFO] type: 2
[2026-09-02T18:40:27.608+00:00][B] [INFO] Destination: 0xFF
[2026-09-02T18:40:27.610+00:00][A] [INFO] [RF RX] type=2 source=0x02 destination=0xFF previousHop=0x02 sequence=346 ackSequence=0 ttl=8 hops=0 payloadSize=13 rssi=-61 sn
[2026-09-02T18:40:27.613+00:00][B] [INFO] Sequence: 346
[2026-09-02T18:40:27.613+00:00][B] [INFO] Packet ID: 175
[2026-09-02T18:40:27.618+00:00][B] [INFO] Packet Size: 26
[2026-09-02T18:40:27.618+00:00][B] [INFO] Timestamp: 175 ms
[2026-09-02T18:40:27.624+00:00][B] [INFO] Transmission Result: success
[2026-09-02T18:40:27.624+00:00][B] [INFO] --------------------------------
[2026-09-02T18:40:27.629+00:00][B] [INFO] [Heartbeat #175]
[2026-09-02T18:40:27.629+00:00][B] [INFO] Sent
[2026-09-02T18:40:27.630+00:00][B] [INFO] Waiting ACK...
[2026-09-02T18:40:27.630+00:00][B] [INFO] [WAITING ACK]
[2026-09-02T18:40:27.643+00:00][B] [INFO] [RF TX] type=2 source=0x02 destination=0xFF previousHop=0x02 sequence=346 ackSequence=0 ttl=8 hops=0 payloadSize=13 rssi=0 snr=
[2026-09-02T18:40:27.644+00:00][B] [INFO] Heartbeat packet sent
[2026-09-02T18:40:28.210+00:00][A] [INFO] --------------------------------
[2026-09-02T18:40:28.210+00:00][A] [INFO] [HEARTBEAT TX]
[2026-09-02T18:40:28.215+00:00][A] [INFO] Node ID: 1
[2026-09-02T18:40:28.215+00:00][A] [INFO] type: 2
[2026-09-02T18:40:28.216+00:00][A] [INFO] Destination: 0xFF
[2026-09-02T18:40:28.218+00:00][B] [INFO] [RF RX] type=2 source=0x01 destination=0xFF previousHop=0x01 sequence=643 ackSequence=0 ttl=8 hops=0 payloadSize=13 rssi=-61 sn
[2026-09-02T18:40:28.220+00:00][A] [INFO] Sequence: 643
[2026-09-02T18:40:28.221+00:00][A] [INFO] Packet ID: 342
[2026-09-02T18:40:28.226+00:00][A] [INFO] Packet Size: 26
[2026-09-02T18:40:28.226+00:00][A] [INFO] Timestamp: 342 ms
[2026-09-02T18:40:28.231+00:00][A] [INFO] Transmission Result: success
[2026-09-02T18:40:28.232+00:00][A] [INFO] --------------------------------
[2026-09-02T18:40:28.237+00:00][A] [INFO] [Heartbeat #342]
[2026-09-02T18:40:28.237+00:00][A] [INFO] Sent
[2026-09-02T18:40:28.238+00:00][A] [INFO] Waiting ACK...
[2026-09-02T18:40:28.238+00:00][A] [INFO] [WAITING ACK]
[2026-09-02T18:40:28.251+00:00][A] [INFO] [RF TX] type=2 source=0x01 destination=0xFF previousHop=0x01 sequence=643 ackSequence=0 ttl=8 hops=0 payloadSize=13 rssi=0 snr=
[2026-09-02T18:40:28.252+00:00][A] [INFO] Heartbeat packet sent
[2026-09-02T18:40:28.619+00:00][B] [WARN] Retry 1
[2026-09-02T18:40:28.686+00:00][B] [INFO] --------------------------------
[2026-09-02T18:40:28.686+00:00][B] [INFO] [HEARTBEAT TX]
[2026-09-02T18:40:28.691+00:00][B] [INFO] Node ID: 2
[2026-09-02T18:40:28.691+00:00][B] [INFO] type: 2
[2026-09-02T18:40:28.692+00:00][B] [INFO] Destination: 0xFF
[2026-09-02T18:40:28.694+00:00][A] [INFO] [RF RX] type=2 source=0x02 destination=0xFF previousHop=0x02 sequence=346 ackSequence=0 ttl=8 hops=0 payloadSize=13 rssi=-61 sn
[2026-09-02T18:40:28.697+00:00][B] [INFO] Sequence: 346
[2026-09-02T18:40:28.697+00:00][B] [INFO] Packet ID: 175
[2026-09-02T18:40:28.702+00:00][B] [INFO] Packet Size: 26
[2026-09-02T18:40:28.702+00:00][B] [INFO] Timestamp: 175 ms
[2026-09-02T18:40:28.707+00:00][B] [INFO] Transmission Result: success
[2026-09-02T18:40:28.708+00:00][B] [INFO] --------------------------------
[2026-09-02T18:40:28.713+00:00][B] [INFO] [Heartbeat #175]
[2026-09-02T18:40:28.713+00:00][B] [INFO] Sent
[2026-09-02T18:40:28.714+00:00][B] [INFO] Waiting ACK...
[2026-09-02T18:40:28.714+00:00][B] [INFO] [WAITING ACK]
[2026-09-02T18:40:28.727+00:00][B] [INFO] [RF TX] type=2 source=0x02 destination=0xFF previousHop=0x02 sequence=346 ackSequence=0 ttl=8 hops=0 payloadSize=13 rssi=0 snr=
[2026-09-02T18:40:28.728+00:00][B] [INFO] Heartbeat packet sent
[2026-09-02T18:40:29.227+00:00][A] [WARN] Retry 1
[2026-09-02T18:40:29.294+00:00][A] [INFO] --------------------------------
[2026-09-02T18:40:29.295+00:00][A] [INFO] [HEARTBEAT TX]
[2026-09-02T18:40:29.299+00:00][A] [INFO] Node ID: 1
[2026-09-02T18:40:29.299+00:00][A] [INFO] type: 2
[2026-09-02T18:40:29.300+00:00][A] [INFO] Destination: 0xFF
[2026-09-02T18:40:29.302+00:00][B] [INFO] [RF RX] type=2 source=0x01 destination=0xFF previousHop=0x01 sequence=643 ackSequence=0 ttl=8 hops=0 payloadSize=13 rssi=-61 sn
[2026-09-02T18:40:29.304+00:00][A] [INFO] Sequence: 643
[2026-09-02T18:40:29.305+00:00][A] [INFO] Packet ID: 342
[2026-09-02T18:40:29.310+00:00][A] [INFO] Packet Size: 26
[2026-09-02T18:40:29.310+00:00][A] [INFO] Timestamp: 342 ms
[2026-09-02T18:40:29.315+00:00][A] [INFO] Transmission Result: success
[2026-09-02T18:40:29.316+00:00][A] [INFO] --------------------------------
[2026-09-02T18:40:29.321+00:00][A] [INFO] [Heartbeat #342]
[2026-09-02T18:40:29.321+00:00][A] [INFO] Sent
[2026-09-02T18:40:29.322+00:00][A] [INFO] Waiting ACK...
[2026-09-02T18:40:29.322+00:00][A] [INFO] [WAITING ACK]
[2026-09-02T18:40:29.335+00:00][A] [INFO] [RF TX] type=2 source=0x01 destination=0xFF previousHop=0x01 sequence=643 ackSequence=0 ttl=8 hops=0 payloadSize=13 rssi=0 snr=
[2026-09-02T18:40:29.336+00:00][A] [INFO] Heartbeat packet sent
[2026-09-02T18:40:29.602+00:00][B] [INFO] --------------------------------
[2026-09-02T18:40:29.602+00:00][B] [INFO] [HEARTBEAT TX]
[2026-09-02T18:40:29.607+00:00][B] [INFO] Node ID: 2
[2026-09-02T18:40:29.607+00:00][B] [INFO] type: 2
[2026-09-02T18:40:29.607+00:00][B] [INFO] Destination: 0xFF
[2026-09-02T18:40:29.610+00:00][A] [INFO] [RF RX] type=2 source=0x02 destination=0xFF previousHop=0x02 sequence=347 ackSequence=0 ttl=8 hops=0 payloadSize=13 rssi=-61 sn
[2026-09-02T18:40:29.612+00:00][B] [INFO] Sequence: 347
[2026-09-02T18:40:29.613+00:00][B] [INFO] Packet ID: 176
[2026-09-02T18:40:29.618+00:00][B] [INFO] Packet Size: 26
[2026-09-02T18:40:29.618+00:00][B] [INFO] Timestamp: 176 ms
[2026-09-02T18:40:29.623+00:00][B] [INFO] Transmission Result: success
[2026-09-02T18:40:29.624+00:00][B] [INFO] --------------------------------
[2026-09-02T18:40:29.629+00:00][B] [INFO] [Heartbeat #176]
[2026-09-02T18:40:29.629+00:00][B] [INFO] Sent
[2026-09-02T18:40:29.629+00:00][B] [INFO] Waiting ACK...
[2026-09-02T18:40:29.630+00:00][B] [INFO] [WAITING ACK]
[2026-09-02T18:40:29.643+00:00][B] [INFO] [RF TX] type=2 source=0x02 destination=0xFF previousHop=0x02 sequence=347 ackSequence=0 ttl=8 hops=0 payloadSize=13 rssi=0 snr=
[2026-09-02T18:40:29.644+00:00][B] [INFO] Heartbeat packet sent
[2026-09-02T18:40:30.210+00:00][A] [INFO] --------------------------------
[2026-09-02T18:40:30.210+00:00][A] [INFO] [HEARTBEAT TX]
[2026-09-02T18:40:30.215+00:00][A] [INFO] Node ID: 1
[2026-09-02T18:40:30.215+00:00][A] [INFO] type: 2
[2026-09-02T18:40:30.216+00:00][A] [INFO] Destination: 0xFF
[2026-09-02T18:40:30.218+00:00][B] [INFO] [RF RX] type=2 source=0x01 destination=0xFF previousHop=0x01 sequence=644 ackSequence=0 ttl=8 hops=0 payloadSize=13 rssi=-61 sn
[2026-09-02T18:40:30.220+00:00][A] [INFO] Sequence: 644
[2026-09-02T18:40:30.221+00:00][A] [INFO] Packet ID: 343
[2026-09-02T18:40:30.226+00:00][A] [INFO] Packet Size: 26
[2026-09-02T18:40:30.226+00:00][A] [INFO] Timestamp: 343 ms
[2026-09-02T18:40:30.231+00:00][A] [INFO] Transmission Result: success
[2026-09-02T18:40:30.232+00:00][A] [INFO] --------------------------------
[2026-09-02T18:40:30.237+00:00][A] [INFO] [Heartbeat #343]
[2026-09-02T18:40:30.237+00:00][A] [INFO] Sent
[2026-09-02T18:40:30.237+00:00][A] [INFO] Waiting ACK...
[2026-09-02T18:40:30.238+00:00][A] [INFO] [WAITING ACK]
[2026-09-02T18:40:30.251+00:00][A] [INFO] [RF TX] type=2 source=0x01 destination=0xFF previousHop=0x01 sequence=644 ackSequence=0 ttl=8 hops=0 payloadSize=13 rssi=0 snr=
[2026-09-02T18:40:30.252+00:00][A] [INFO] Heartbeat packet sent
[2026-09-02T18:40:30.619+00:00][B] [WARN] Retry 1
[2026-09-02T18:40:30.686+00:00][B] [INFO] --------------------------------
[2026-09-02T18:40:30.686+00:00][B] [INFO] [HEARTBEAT TX]
[2026-09-02T18:40:30.691+00:00][B] [INFO] Node ID: 2
[2026-09-02T18:40:30.691+00:00][B] [INFO] type: 2
[2026-09-02T18:40:30.692+00:00][B] [INFO] Destination: 0xFF
[2026-09-02T18:40:30.694+00:00][A] [INFO] [RF RX] type=2 source=0x02 destination=0xFF previousHop=0x02 sequence=347 ackSequence=0 ttl=8 hops=0 payloadSize=13 rssi=-61 sn
[2026-09-02T18:40:30.697+00:00][B] [INFO] Sequence: 347
[2026-09-02T18:40:30.697+00:00][B] [INFO] Packet ID: 176
[2026-09-02T18:40:30.702+00:00][B] [INFO] Packet Size: 26
[2026-09-02T18:40:30.702+00:00][B] [INFO] Timestamp: 176 ms
[2026-09-02T18:40:30.707+00:00][B] [INFO] Transmission Result: success
[2026-09-02T18:40:30.708+00:00][B] [INFO] --------------------------------
[2026-09-02T18:40:30.713+00:00][B] [INFO] [Heartbeat #176]
[2026-09-02T18:40:30.713+00:00][B] [INFO] Sent
[2026-09-02T18:40:30.714+00:00][B] [INFO] Waiting ACK...
[2026-09-02T18:40:30.714+00:00][B] [INFO] [WAITING ACK]
[2026-09-02T18:40:30.727+00:00][B] [INFO] [RF TX] type=2 source=0x02 destination=0xFF previousHop=0x02 sequence=347 ackSequence=0 ttl=8 hops=0 payloadSize=13 rssi=0 snr=
[2026-09-02T18:40:30.728+00:00][B] [INFO] Heartbeat packet sent
[2026-09-02T18:40:31.227+00:00][A] [WARN] Retry 1
[2026-09-02T18:40:31.294+00:00][A] [INFO] --------------------------------
[2026-09-02T18:40:31.294+00:00][A] [INFO] [HEARTBEAT TX]
[2026-09-02T18:40:31.299+00:00][A] [INFO] Node ID: 1
[2026-09-02T18:40:31.299+00:00][A] [INFO] type: 2
[2026-09-02T18:40:31.299+00:00][A] [INFO] Destination: 0xFF
[2026-09-02T18:40:31.302+00:00][B] [INFO] [RF RX] type=2 source=0x01 destination=0xFF previousHop=0x01 sequence=644 ackSequence=0 ttl=8 hops=0 payloadSize=13 rssi=-61 sn
[2026-09-02T18:40:31.304+00:00][A] [INFO] Sequence: 644
[2026-09-02T18:40:31.305+00:00][A] [INFO] Packet ID: 343
[2026-09-02T18:40:31.310+00:00][A] [INFO] Packet Size: 26
[2026-09-02T18:40:31.310+00:00][A] [INFO] Timestamp: 343 ms
[2026-09-02T18:40:31.315+00:00][A] [INFO] Transmission Result: success
[2026-09-02T18:40:31.316+00:00][A] [INFO] --------------------------------
[2026-09-02T18:40:31.321+00:00][A] [INFO] [Heartbeat #343]
[2026-09-02T18:40:31.321+00:00][A] [INFO] Sent
[2026-09-02T18:40:31.322+00:00][A] [INFO] Waiting ACK...
[2026-09-02T18:40:31.322+00:00][A] [INFO] [WAITING ACK]
[2026-09-02T18:40:31.335+00:00][A] [INFO] [RF TX] type=2 source=0x01 destination=0xFF previousHop=0x01 sequence=644 ackSequence=0 ttl=8 hops=0 payloadSize=13 rssi=0 snr=
[2026-09-02T18:40:31.336+00:00][A] [INFO] Heartbeat packet sent
[2026-09-02T18:40:31.602+00:00][B] [INFO] --------------------------------
[2026-09-02T18:40:31.602+00:00][B] [INFO] [HEARTBEAT TX]
[2026-09-02T18:40:31.607+00:00][B] [INFO] Node ID: 2
[2026-09-02T18:40:31.607+00:00][B] [INFO] type: 2
[2026-09-02T18:40:31.607+00:00][B] [INFO] Destination: 0xFF
[2026-09-02T18:40:31.610+00:00][A] [INFO] [RF RX] type=2 source=0x02 destination=0xFF previousHop=0x02 sequence=348 ackSequence=0 ttl=8 hops=0 payloadSize=13 rssi=-60 sn
[2026-09-02T18:40:31.612+00:00][B] [INFO] Sequence: 348
[2026-09-02T18:40:31.613+00:00][B] [INFO] Packet ID: 177
[2026-09-02T18:40:31.618+00:00][B] [INFO] Packet Size: 26
[2026-09-02T18:40:31.618+00:00][B] [INFO] Timestamp: 177 ms
[2026-09-02T18:40:31.623+00:00][B] [INFO] Transmission Result: success
[2026-09-02T18:40:31.624+00:00][B] [INFO] --------------------------------
[2026-09-02T18:40:31.629+00:00][B] [INFO] [Heartbeat #177]
[2026-09-02T18:40:31.629+00:00][B] [INFO] Sent
[2026-09-02T18:40:31.629+00:00][B] [INFO] Waiting ACK...
[2026-09-02T18:40:31.629+00:00][B] [INFO] [WAITING ACK]
[2026-09-02T18:40:31.643+00:00][B] [INFO] [RF TX] type=2 source=0x02 destination=0xFF previousHop=0x02 sequence=348 ackSequence=0 ttl=8 hops=0 payloadSize=13 rssi=0 snr=
[2026-09-02T18:40:31.643+00:00][B] [INFO] Heartbeat packet sent
[2026-09-02T18:40:32.210+00:00][A] [INFO] --------------------------------
[2026-09-02T18:40:32.210+00:00][A] [INFO] [HEARTBEAT TX]
[2026-09-02T18:40:32.215+00:00][A] [INFO] Node ID: 1
[2026-09-02T18:40:32.215+00:00][A] [INFO] type: 2
[2026-09-02T18:40:32.215+00:00][A] [INFO] Destination: 0xFF
[2026-09-02T18:40:32.218+00:00][B] [INFO] [RF RX] type=2 source=0x01 destination=0xFF previousHop=0x01 sequence=645 ackSequence=0 ttl=8 hops=0 payloadSize=13 rssi=-61 sn
[2026-09-02T18:40:32.220+00:00][A] [INFO] Sequence: 645
[2026-09-02T18:40:32.221+00:00][A] [INFO] Packet ID: 344
[2026-09-02T18:40:32.226+00:00][A] [INFO] Packet Size: 26
[2026-09-02T18:40:32.226+00:00][A] [INFO] Timestamp: 344 ms
[2026-09-02T18:40:32.231+00:00][A] [INFO] Transmission Result: success
[2026-09-02T18:40:32.232+00:00][A] [INFO] --------------------------------
[2026-09-02T18:40:32.237+00:00][A] [INFO] [Heartbeat #344]
[2026-09-02T18:40:32.237+00:00][A] [INFO] Sent
[2026-09-02T18:40:32.237+00:00][A] [INFO] Waiting ACK...
[2026-09-02T18:40:32.238+00:00][A] [INFO] [WAITING ACK]
[2026-09-02T18:40:32.251+00:00][A] [INFO] [RF TX] type=2 source=0x01 destination=0xFF previousHop=0x01 sequence=645 ackSequence=0 ttl=8 hops=0 payloadSize=13 rssi=0 snr=
[2026-09-02T18:40:32.252+00:00][A] [INFO] Heartbeat packet sent
[2026-09-02T18:40:32.619+00:00][B] [WARN] Retry 1
[2026-09-02T18:40:32.686+00:00][B] [INFO] --------------------------------
[2026-09-02T18:40:32.686+00:00][B] [INFO] [HEARTBEAT TX]
[2026-09-02T18:40:32.691+00:00][B] [INFO] Node ID: 2
[2026-09-02T18:40:32.691+00:00][B] [INFO] type: 2
[2026-09-02T18:40:32.692+00:00][B] [INFO] Destination: 0xFF
[2026-09-02T18:40:32.694+00:00][A] [INFO] [RF RX] type=2 source=0x02 destination=0xFF previousHop=0x02 sequence=348 ackSequence=0 ttl=8 hops=0 payloadSize=13 rssi=-61 sn
[2026-09-02T18:40:32.696+00:00][B] [INFO] Sequence: 348
[2026-09-02T18:40:32.697+00:00][B] [INFO] Packet ID: 177
[2026-09-02T18:40:32.702+00:00][B] [INFO] Packet Size: 26
[2026-09-02T18:40:32.702+00:00][B] [INFO] Timestamp: 177 ms
[2026-09-02T18:40:32.707+00:00][B] [INFO] Transmission Result: success
[2026-09-02T18:40:32.708+00:00][B] [INFO] --------------------------------
[2026-09-02T18:40:32.713+00:00][B] [INFO] [Heartbeat #177]
[2026-09-02T18:40:32.713+00:00][B] [INFO] Sent
[2026-09-02T18:40:32.713+00:00][B] [INFO] Waiting ACK...
[2026-09-02T18:40:32.714+00:00][B] [INFO] [WAITING ACK]
[2026-09-02T18:40:32.727+00:00][B] [INFO] [RF TX] type=2 source=0x02 destination=0xFF previousHop=0x02 sequence=348 ackSequence=0 ttl=8 hops=0 payloadSize=13 rssi=0 snr=
[2026-09-02T18:40:32.728+00:00][B] [INFO] Heartbeat packet sent
[2026-09-02T18:40:33.227+00:00][A] [WARN] Retry 1
[2026-09-02T18:40:33.294+00:00][A] [INFO] --------------------------------
[2026-09-02T18:40:33.294+00:00][A] [INFO] [HEARTBEAT TX]
[2026-09-02T18:40:33.299+00:00][A] [INFO] Node ID: 1
[2026-09-02T18:40:33.299+00:00][A] [INFO] type: 2
[2026-09-02T18:40:33.299+00:00][A] [INFO] Destination: 0xFF
[2026-09-02T18:40:33.302+00:00][B] [INFO] [RF RX] type=2 source=0x01 destination=0xFF previousHop=0x01 sequence=645 ackSequence=0 ttl=8 hops=0 payloadSize=13 rssi=-61 sn
[2026-09-02T18:40:33.304+00:00][A] [INFO] Sequence: 645
[2026-09-02T18:40:33.305+00:00][A] [INFO] Packet ID: 344
[2026-09-02T18:40:33.310+00:00][A] [INFO] Packet Size: 26
[2026-09-02T18:40:33.310+00:00][A] [INFO] Timestamp: 344 ms
[2026-09-02T18:40:33.315+00:00][A] [INFO] Transmission Result: success
[2026-09-02T18:40:33.316+00:00][A] [INFO] --------------------------------
[2026-09-02T18:40:33.321+00:00][A] [INFO] [Heartbeat #344]
[2026-09-02T18:40:33.321+00:00][A] [INFO] Sent
[2026-09-02T18:40:33.321+00:00][A] [INFO] Waiting ACK...
[2026-09-02T18:40:33.322+00:00][A] [INFO] [WAITING ACK]
[2026-09-02T18:40:33.335+00:00][A] [INFO] [RF TX] type=2 source=0x01 destination=0xFF previousHop=0x01 sequence=645 ackSequence=0 ttl=8 hops=0 payloadSize=13 rssi=0 snr=
[2026-09-02T18:40:33.335+00:00][A] [INFO] Heartbeat packet sent
[2026-09-02T18:40:33.602+00:00][B] [INFO] --------------------------------
[2026-09-02T18:40:33.602+00:00][B] [INFO] [HEARTBEAT TX]
[2026-09-02T18:40:33.607+00:00][B] [INFO] Node ID: 2
[2026-09-02T18:40:33.607+00:00][B] [INFO] type: 2
[2026-09-02T18:40:33.608+00:00][B] [INFO] Destination: 0xFF
[2026-09-02T18:40:33.610+00:00][A] [INFO] [RF RX] type=2 source=0x02 destination=0xFF previousHop=0x02 sequence=349 ackSequence=0 ttl=8 hops=0 payloadSize=13 rssi=-60 sn
[2026-09-02T18:40:33.612+00:00][B] [INFO] Sequence: 349
[2026-09-02T18:40:33.613+00:00][B] [INFO] Packet ID: 178
[2026-09-02T18:40:33.618+00:00][B] [INFO] Packet Size: 26
[2026-09-02T18:40:33.618+00:00][B] [INFO] Timestamp: 178 ms
[2026-09-02T18:40:33.623+00:00][B] [INFO] Transmission Result: success
[2026-09-02T18:40:33.624+00:00][B] [INFO] --------------------------------
[2026-09-02T18:40:33.629+00:00][B] [INFO] [Heartbeat #178]
[2026-09-02T18:40:33.629+00:00][B] [INFO] Sent
[2026-09-02T18:40:33.629+00:00][B] [INFO] Waiting ACK...
[2026-09-02T18:40:33.630+00:00][B] [INFO] [WAITING ACK]
[2026-09-02T18:40:33.643+00:00][B] [INFO] [RF TX] type=2 source=0x02 destination=0xFF previousHop=0x02 sequence=349 ackSequence=0 ttl=8 hops=0 payloadSize=13 rssi=0 snr=
[2026-09-02T18:40:33.644+00:00][B] [INFO] Heartbeat packet sent
[2026-09-02T18:40:34.210+00:00][A] [INFO] --------------------------------
[2026-09-02T18:40:34.210+00:00][A] [INFO] [HEARTBEAT TX]
[2026-09-02T18:40:34.215+00:00][A] [INFO] Node ID: 1
[2026-09-02T18:40:34.215+00:00][A] [INFO] type: 2
[2026-09-02T18:40:34.216+00:00][A] [INFO] Destination: 0xFF
[2026-09-02T18:40:34.220+00:00][A] [INFO] Sequence: 646
[2026-09-02T18:40:34.221+00:00][A] [INFO] Packet ID: 345
[2026-09-02T18:40:34.226+00:00][A] [INFO] Packet Size: 26
[2026-09-02T18:40:34.226+00:00][A] [INFO] Timestamp: 345 ms
[2026-09-02T18:40:34.231+00:00][A] [INFO] Transmission Result: success
[2026-09-02T18:40:34.232+00:00][A] [INFO] --------------------------------
[2026-09-02T18:40:34.237+00:00][A] [INFO] [Heartbeat #345]
[2026-09-02T18:40:34.237+00:00][A] [INFO] Sent
[2026-09-02T18:40:34.237+00:00][A] [INFO] Waiting ACK...
[2026-09-02T18:40:34.238+00:00][A] [INFO] [WAITING ACK]
[2026-09-02T18:40:34.251+00:00][A] [INFO] [RF TX] type=2 source=0x01 destination=0xFF previousHop=0x01 sequence=646 ackSequence=0 ttl=8 hops=0 payloadSize=13 rssi=0 snr=
[2026-09-02T18:40:34.252+00:00][A] [INFO] Heartbeat packet sent
[2026-09-02T18:40:34.619+00:00][B] [WARN] Retry 1
[2026-09-02T18:40:34.686+00:00][B] [INFO] --------------------------------
[2026-09-02T18:40:34.686+00:00][B] [INFO] [HEARTBEAT TX]
[2026-09-02T18:40:34.691+00:00][B] [INFO] Node ID: 2
[2026-09-02T18:40:34.691+00:00][B] [INFO] type: 2
[2026-09-02T18:40:34.692+00:00][B] [INFO] Destination: 0xFF
[2026-09-02T18:40:34.694+00:00][A] [INFO] [RF RX] type=2 source=0x02 destination=0xFF previousHop=0x02 sequence=349 ackSequence=0 ttl=8 hops=0 payloadSize=13 rssi=-60 sn
[2026-09-02T18:40:34.696+00:00][B] [INFO] Sequence: 349
[2026-09-02T18:40:34.697+00:00][B] [INFO] Packet ID: 178
[2026-09-02T18:40:34.702+00:00][B] [INFO] Packet Size: 26
[2026-09-02T18:40:34.702+00:00][B] [INFO] Timestamp: 178 ms
[2026-09-02T18:40:34.707+00:00][B] [INFO] Transmission Result: success
[2026-09-02T18:40:34.708+00:00][B] [INFO] --------------------------------
[2026-09-02T18:40:34.713+00:00][B] [INFO] [Heartbeat #178]
[2026-09-02T18:40:34.713+00:00][B] [INFO] Sent
[2026-09-02T18:40:34.713+00:00][B] [INFO] Waiting ACK...
[2026-09-02T18:40:34.714+00:00][B] [INFO] [WAITING ACK]
[2026-09-02T18:40:34.727+00:00][B] [INFO] [RF TX] type=2 source=0x02 destination=0xFF previousHop=0x02 sequence=349 ackSequence=0 ttl=8 hops=0 payloadSize=13 rssi=0 snr=
[2026-09-02T18:40:34.727+00:00][B] [INFO] Heartbeat packet sent
[2026-09-02T18:40:35.227+00:00][A] [WARN] Retry 1
[2026-09-02T18:40:35.294+00:00][A] [INFO] --------------------------------
[2026-09-02T18:40:35.294+00:00][A] [INFO] [HEARTBEAT TX]
[2026-09-02T18:40:35.299+00:00][A] [INFO] Node ID: 1
[2026-09-02T18:40:35.299+00:00][A] [INFO] type: 2
[2026-09-02T18:40:35.299+00:00][A] [INFO] Destination: 0xFF
[2026-09-02T18:40:35.302+00:00][B] [INFO] [RF RX] type=2 source=0x01 destination=0xFF previousHop=0x01 sequence=646 ackSequence=0 ttl=8 hops=0 payloadSize=13 rssi=-61 sn
[2026-09-02T18:40:35.304+00:00][A] [INFO] Sequence: 646
[2026-09-02T18:40:35.304+00:00][A] [INFO] Packet ID: 345
[2026-09-02T18:40:35.310+00:00][A] [INFO] Packet Size: 26
[2026-09-02T18:40:35.310+00:00][A] [INFO] Timestamp: 345 ms
[2026-09-02T18:40:35.315+00:00][A] [INFO] Transmission Result: success
[2026-09-02T18:40:35.316+00:00][A] [INFO] --------------------------------
[2026-09-02T18:40:35.321+00:00][A] [INFO] [Heartbeat #345]
[2026-09-02T18:40:35.321+00:00][A] [INFO] Sent
[2026-09-02T18:40:35.321+00:00][A] [INFO] Waiting ACK...
[2026-09-02T18:40:35.322+00:00][A] [INFO] [WAITING ACK]
[2026-09-02T18:40:35.335+00:00][A] [INFO] [RF TX] type=2 source=0x01 destination=0xFF previousHop=0x01 sequence=646 ackSequence=0 ttl=8 hops=0 payloadSize=13 rssi=0 snr=
[2026-09-02T18:40:35.335+00:00][A] [INFO] Heartbeat packet sent
[2026-09-02T18:40:35.602+00:00][B] [INFO] --------------------------------
[2026-09-02T18:40:35.602+00:00][B] [INFO] [HEARTBEAT TX]
[2026-09-02T18:40:35.607+00:00][B] [INFO] Node ID: 2
[2026-09-02T18:40:35.607+00:00][B] [INFO] type: 2
[2026-09-02T18:40:35.608+00:00][B] [INFO] Destination: 0xFF
[2026-09-02T18:40:35.610+00:00][A] [INFO] [RF RX] type=2 source=0x02 destination=0xFF previousHop=0x02 sequence=350 ackSequence=0 ttl=8 hops=0 payloadSize=13 rssi=-61 sn
[2026-09-02T18:40:35.612+00:00][B] [INFO] Sequence: 350
[2026-09-02T18:40:35.613+00:00][B] [INFO] Packet ID: 179
[2026-09-02T18:40:35.618+00:00][B] [INFO] Packet Size: 26
[2026-09-02T18:40:35.618+00:00][B] [INFO] Timestamp: 179 ms
[2026-09-02T18:40:35.623+00:00][B] [INFO] Transmission Result: success
[2026-09-02T18:40:35.624+00:00][B] [INFO] --------------------------------
[2026-09-02T18:40:35.629+00:00][B] [INFO] [Heartbeat #179]
[2026-09-02T18:40:35.629+00:00][B] [INFO] Sent
[2026-09-02T18:40:35.629+00:00][B] [INFO] Waiting ACK...
[2026-09-02T18:40:35.630+00:00][B] [INFO] [WAITING ACK]
[2026-09-02T18:40:35.643+00:00][B] [INFO] [RF TX] type=2 source=0x02 destination=0xFF previousHop=0x02 sequence=350 ackSequence=0 ttl=8 hops=0 payloadSize=13 rssi=0 snr=
[2026-09-02T18:40:35.644+00:00][B] [INFO] Heartbeat packet sent
[2026-09-02T18:40:36.210+00:00][A] [INFO] --------------------------------
[2026-09-02T18:40:36.210+00:00][A] [INFO] [HEARTBEAT TX]
[2026-09-02T18:40:36.215+00:00][A] [INFO] Node ID: 1
[2026-09-02T18:40:36.215+00:00][A] [INFO] type: 2
[2026-09-02T18:40:36.215+00:00][A] [INFO] Destination: 0xFF
[2026-09-02T18:40:36.218+00:00][B] [INFO] [RF RX] type=2 source=0x01 destination=0xFF previousHop=0x01 sequence=647 ackSequence=0 ttl=8 hops=0 payloadSize=13 rssi=-61 sn
[2026-09-02T18:40:36.220+00:00][A] [INFO] Sequence: 647
[2026-09-02T18:40:36.221+00:00][A] [INFO] Packet ID: 346
[2026-09-02T18:40:36.226+00:00][A] [INFO] Packet Size: 26
[2026-09-02T18:40:36.226+00:00][A] [INFO] Timestamp: 346 ms
[2026-09-02T18:40:36.231+00:00][A] [INFO] Transmission Result: success
[2026-09-02T18:40:36.232+00:00][A] [INFO] --------------------------------
[2026-09-02T18:40:36.237+00:00][A] [INFO] [Heartbeat #346]
[2026-09-02T18:40:36.237+00:00][A] [INFO] Sent
[2026-09-02T18:40:36.237+00:00][A] [INFO] Waiting ACK...
[2026-09-02T18:40:36.238+00:00][A] [INFO] [WAITING ACK]
[2026-09-02T18:40:36.251+00:00][A] [INFO] [RF TX] type=2 source=0x01 destination=0xFF previousHop=0x01 sequence=647 ackSequence=0 ttl=8 hops=0 payloadSize=13 rssi=0 snr=
[2026-09-02T18:40:36.252+00:00][A] [INFO] Heartbeat packet sent
[2026-09-02T18:40:36.619+00:00][B] [WARN] Retry 1
[2026-09-02T18:40:36.686+00:00][B] [INFO] --------------------------------
[2026-09-02T18:40:36.686+00:00][B] [INFO] [HEARTBEAT TX]
[2026-09-02T18:40:36.691+00:00][B] [INFO] Node ID: 2
[2026-09-02T18:40:36.691+00:00][B] [INFO] type: 2
[2026-09-02T18:40:36.692+00:00][B] [INFO] Destination: 0xFF
[2026-09-02T18:40:36.694+00:00][A] [INFO] [RF RX] type=2 source=0x02 destination=0xFF previousHop=0x02 sequence=350 ackSequence=0 ttl=8 hops=0 payloadSize=13 rssi=-60 sn
[2026-09-02T18:40:36.696+00:00][B] [INFO] Sequence: 350
[2026-09-02T18:40:36.697+00:00][B] [INFO] Packet ID: 179
[2026-09-02T18:40:36.702+00:00][B] [INFO] Packet Size: 26
[2026-09-02T18:40:36.702+00:00][B] [INFO] Timestamp: 179 ms
[2026-09-02T18:40:36.707+00:00][B] [INFO] Transmission Result: success
[2026-09-02T18:40:36.708+00:00][B] [INFO] --------------------------------
[2026-09-02T18:40:36.713+00:00][B] [INFO] [Heartbeat #179]
[2026-09-02T18:40:36.713+00:00][B] [INFO] Sent
[2026-09-02T18:40:36.713+00:00][B] [INFO] Waiting ACK...
[2026-09-02T18:40:36.714+00:00][B] [INFO] [WAITING ACK]
[2026-09-02T18:40:36.727+00:00][B] [INFO] [RF TX] type=2 source=0x02 destination=0xFF previousHop=0x02 sequence=350 ackSequence=0 ttl=8 hops=0 payloadSize=13 rssi=0 snr=
[2026-09-02T18:40:36.727+00:00][B] [INFO] Heartbeat packet sent
[2026-09-02T18:40:37.226+00:00][A] [WARN] Retry 1
[2026-09-02T18:40:37.294+00:00][A] [INFO] --------------------------------
[2026-09-02T18:40:37.294+00:00][A] [INFO] [HEARTBEAT TX]
[2026-09-02T18:40:37.299+00:00][A] [INFO] Node ID: 1
[2026-09-02T18:40:37.299+00:00][A] [INFO] type: 2
[2026-09-02T18:40:37.299+00:00][A] [INFO] Destination: 0xFF
[2026-09-02T18:40:37.302+00:00][B] [INFO] [RF RX] type=2 source=0x01 destination=0xFF previousHop=0x01 sequence=647 ackSequence=0 ttl=8 hops=0 payloadSize=13 rssi=-61 sn
[2026-09-02T18:40:37.304+00:00][A] [INFO] Sequence: 647
[2026-09-02T18:40:37.305+00:00][A] [INFO] Packet ID: 346
[2026-09-02T18:40:37.310+00:00][A] [INFO] Packet Size: 26
[2026-09-02T18:40:37.310+00:00][A] [INFO] Timestamp: 346 ms
[2026-09-02T18:40:37.315+00:00][A] [INFO] Transmission Result: success
[2026-09-02T18:40:37.316+00:00][A] [INFO] --------------------------------
[2026-09-02T18:40:37.321+00:00][A] [INFO] [Heartbeat #346]
[2026-09-02T18:40:37.321+00:00][A] [INFO] Sent
[2026-09-02T18:40:37.321+00:00][A] [INFO] Waiting ACK...
[2026-09-02T18:40:37.322+00:00][A] [INFO] [WAITING ACK]
[2026-09-02T18:40:37.335+00:00][A] [INFO] [RF TX] type=2 source=0x01 destination=0xFF previousHop=0x01 sequence=647 ackSequence=0 ttl=8 hops=0 payloadSize=13 rssi=0 snr=
[2026-09-02T18:40:37.335+00:00][A] [INFO] Heartbeat packet sent
[2026-09-02T18:40:37.602+00:00][B] [INFO] --------------------------------
[2026-09-02T18:40:37.602+00:00][B] [INFO] [HEARTBEAT TX]
[2026-09-02T18:40:37.607+00:00][B] [INFO] Node ID: 2
[2026-09-02T18:40:37.607+00:00][B] [INFO] type: 2
[2026-09-02T18:40:37.608+00:00][B] [INFO] Destination: 0xFF
[2026-09-02T18:40:37.610+00:00][A] [INFO] [RF RX] type=2 source=0x02 destination=0xFF previousHop=0x02 sequence=351 ackSequence=0 ttl=8 hops=0 payloadSize=13 rssi=-60 sn
[2026-09-02T18:40:37.612+00:00][B] [INFO] Sequence: 351
[2026-09-02T18:40:37.613+00:00][B] [INFO] Packet ID: 180
[2026-09-02T18:40:37.618+00:00][B] [INFO] Packet Size: 26
[2026-09-02T18:40:37.618+00:00][B] [INFO] Timestamp: 180 ms
[2026-09-02T18:40:37.623+00:00][B] [INFO] Transmission Result: success
[2026-09-02T18:40:37.624+00:00][B] [INFO] --------------------------------
[2026-09-02T18:40:37.629+00:00][B] [INFO] [Heartbeat #180]
[2026-09-02T18:40:37.629+00:00][B] [INFO] Sent
[2026-09-02T18:40:37.629+00:00][B] [INFO] Waiting ACK...
[2026-09-02T18:40:37.630+00:00][B] [INFO] [WAITING ACK]
[2026-09-02T18:40:37.643+00:00][B] [INFO] [RF TX] type=2 source=0x02 destination=0xFF previousHop=0x02 sequence=351 ackSequence=0 ttl=8 hops=0 payloadSize=13 rssi=0 snr=
[2026-09-02T18:40:37.644+00:00][B] [INFO] Heartbeat packet sent
[2026-09-02T18:40:38.209+00:00][A] [INFO] --------------------------------
[2026-09-02T18:40:38.210+00:00][A] [INFO] [HEARTBEAT TX]
[2026-09-02T18:40:38.215+00:00][A] [INFO] Node ID: 1
[2026-09-02T18:40:38.215+00:00][A] [INFO] type: 2
[2026-09-02T18:40:38.215+00:00][A] [INFO] Destination: 0xFF
[2026-09-02T18:40:38.217+00:00][B] [INFO] [RF RX] type=2 source=0x01 destination=0xFF previousHop=0x01 sequence=648 ackSequence=0 ttl=8 hops=0 payloadSize=13 rssi=-61 sn
[2026-09-02T18:40:38.220+00:00][A] [INFO] Sequence: 648
[2026-09-02T18:40:38.221+00:00][A] [INFO] Packet ID: 347
[2026-09-02T18:40:38.225+00:00][A] [INFO] Packet Size: 26
[2026-09-02T18:40:38.226+00:00][A] [INFO] Timestamp: 347 ms
[2026-09-02T18:40:38.231+00:00][A] [INFO] Transmission Result: success
[2026-09-02T18:40:38.232+00:00][A] [INFO] --------------------------------
[2026-09-02T18:40:38.237+00:00][A] [INFO] [Heartbeat #347]
[2026-09-02T18:40:38.237+00:00][A] [INFO] Sent
[2026-09-02T18:40:38.237+00:00][A] [INFO] Waiting ACK...
[2026-09-02T18:40:38.237+00:00][A] [INFO] [WAITING ACK]
[2026-09-02T18:40:38.251+00:00][A] [INFO] [RF TX] type=2 source=0x01 destination=0xFF previousHop=0x01 sequence=648 ackSequence=0 ttl=8 hops=0 payloadSize=13 rssi=0 snr=
[2026-09-02T18:40:38.251+00:00][A] [INFO] Heartbeat packet sent
[2026-09-02T18:40:38.619+00:00][B] [WARN] Retry 1
[2026-09-02T18:40:38.686+00:00][B] [INFO] --------------------------------
[2026-09-02T18:40:38.686+00:00][B] [INFO] [HEARTBEAT TX]
[2026-09-02T18:40:38.691+00:00][B] [INFO] Node ID: 2
[2026-09-02T18:40:38.691+00:00][B] [INFO] type: 2
[2026-09-02T18:40:38.692+00:00][B] [INFO] Destination: 0xFF
[2026-09-02T18:40:38.694+00:00][A] [INFO] [RF RX] type=2 source=0x02 destination=0xFF previousHop=0x02 sequence=351 ackSequence=0 ttl=8 hops=0 payloadSize=13 rssi=-60 sn
[2026-09-02T18:40:38.696+00:00][B] [INFO] Sequence: 351
[2026-09-02T18:40:38.697+00:00][B] [INFO] Packet ID: 180
[2026-09-02T18:40:38.702+00:00][B] [INFO] Packet Size: 26
[2026-09-02T18:40:38.702+00:00][B] [INFO] Timestamp: 180 ms
[2026-09-02T18:40:38.707+00:00][B] [INFO] Transmission Result: success
[2026-09-02T18:40:38.708+00:00][B] [INFO] --------------------------------
[2026-09-02T18:40:38.713+00:00][B] [INFO] [Heartbeat #180]
[2026-09-02T18:40:38.713+00:00][B] [INFO] Sent
[2026-09-02T18:40:38.714+00:00][B] [INFO] Waiting ACK...
[2026-09-02T18:40:38.714+00:00][B] [INFO] [WAITING ACK]
[2026-09-02T18:40:38.727+00:00][B] [INFO] [RF TX] type=2 source=0x02 destination=0xFF previousHop=0x02 sequence=351 ackSequence=0 ttl=8 hops=0 payloadSize=13 rssi=0 snr=
[2026-09-02T18:40:38.728+00:00][B] [INFO] Heartbeat packet sent
[2026-09-02T18:40:39.226+00:00][A] [WARN] Retry 1
[2026-09-02T18:40:39.293+00:00][A] [INFO] --------------------------------
[2026-09-02T18:40:39.294+00:00][A] [INFO] [HEARTBEAT TX]
[2026-09-02T18:40:39.299+00:00][A] [INFO] Node ID: 1
[2026-09-02T18:40:39.299+00:00][A] [INFO] type: 2
[2026-09-02T18:40:39.299+00:00][A] [INFO] Destination: 0xFF
[2026-09-02T18:40:39.302+00:00][B] [INFO] [RF RX] type=2 source=0x01 destination=0xFF previousHop=0x01 sequence=648 ackSequence=0 ttl=8 hops=0 payloadSize=13 rssi=-62 sn
[2026-09-02T18:40:39.304+00:00][A] [INFO] Sequence: 648
[2026-09-02T18:40:39.305+00:00][A] [INFO] Packet ID: 347
[2026-09-02T18:40:39.310+00:00][A] [INFO] Packet Size: 26
[2026-09-02T18:40:39.310+00:00][A] [INFO] Timestamp: 347 ms
[2026-09-02T18:40:39.315+00:00][A] [INFO] Transmission Result: success
[2026-09-02T18:40:39.316+00:00][A] [INFO] --------------------------------
[2026-09-02T18:40:39.321+00:00][A] [INFO] [Heartbeat #347]
[2026-09-02T18:40:39.321+00:00][A] [INFO] Sent
[2026-09-02T18:40:39.321+00:00][A] [INFO] Waiting ACK...
[2026-09-02T18:40:39.322+00:00][A] [INFO] [WAITING ACK]
[2026-09-02T18:40:39.335+00:00][A] [INFO] [RF TX] type=2 source=0x01 destination=0xFF previousHop=0x01 sequence=648 ackSequence=0 ttl=8 hops=0 payloadSize=13 rssi=0 snr=
[2026-09-02T18:40:39.335+00:00][A] [INFO] Heartbeat packet sent
[2026-09-02T18:40:39.602+00:00][B] [INFO] --------------------------------
[2026-09-02T18:40:39.602+00:00][B] [INFO] [HEARTBEAT TX]
[2026-09-02T18:40:39.607+00:00][B] [INFO] Node ID: 2
[2026-09-02T18:40:39.607+00:00][B] [INFO] type: 2
[2026-09-02T18:40:39.608+00:00][B] [INFO] Destination: 0xFF
[2026-09-02T18:40:39.610+00:00][A] [INFO] [RF RX] type=2 source=0x02 destination=0xFF previousHop=0x02 sequence=352 ackSequence=0 ttl=8 hops=0 payloadSize=13 rssi=-60 sn
[2026-09-02T18:40:39.612+00:00][B] [INFO] Sequence: 352
[2026-09-02T18:40:39.613+00:00][B] [INFO] Packet ID: 181
[2026-09-02T18:40:39.618+00:00][B] [INFO] Packet Size: 26
[2026-09-02T18:40:39.618+00:00][B] [INFO] Timestamp: 181 ms
[2026-09-02T18:40:39.623+00:00][B] [INFO] Transmission Result: success
[2026-09-02T18:40:39.624+00:00][B] [INFO] --------------------------------
[2026-09-02T18:40:39.629+00:00][B] [INFO] [Heartbeat #181]
[2026-09-02T18:40:39.629+00:00][B] [INFO] Sent
[2026-09-02T18:40:39.630+00:00][B] [INFO] Waiting ACK...
[2026-09-02T18:40:39.630+00:00][B] [INFO] [WAITING ACK]
[2026-09-02T18:40:39.643+00:00][B] [INFO] [RF TX] type=2 source=0x02 destination=0xFF previousHop=0x02 sequence=352 ackSequence=0 ttl=8 hops=0 payloadSize=13 rssi=0 snr=
[2026-09-02T18:40:39.644+00:00][B] [INFO] Heartbeat packet sent
[2026-09-02T18:40:40.209+00:00][A] [INFO] --------------------------------
[2026-09-02T18:40:40.210+00:00][A] [INFO] [HEARTBEAT TX]
[2026-09-02T18:40:40.214+00:00][A] [INFO] Node ID: 1
[2026-09-02T18:40:40.215+00:00][A] [INFO] type: 2
[2026-09-02T18:40:40.215+00:00][A] [INFO] Destination: 0xFF
[2026-09-02T18:40:40.217+00:00][B] [INFO] [RF RX] type=2 source=0x01 destination=0xFF previousHop=0x01 sequence=649 ackSequence=0 ttl=8 hops=0 payloadSize=13 rssi=-61 sn
[2026-09-02T18:40:40.220+00:00][A] [INFO] Sequence: 649
[2026-09-02T18:40:40.220+00:00][A] [INFO] Packet ID: 348
[2026-09-02T18:40:40.225+00:00][A] [INFO] Packet Size: 26
[2026-09-02T18:40:40.226+00:00][A] [INFO] Timestamp: 348 ms
[2026-09-02T18:40:40.231+00:00][A] [INFO] Transmission Result: success
[2026-09-02T18:40:40.231+00:00][A] [INFO] --------------------------------
[2026-09-02T18:40:40.237+00:00][A] [INFO] [Heartbeat #348]
[2026-09-02T18:40:40.237+00:00][A] [INFO] Sent
[2026-09-02T18:40:40.237+00:00][A] [INFO] Waiting ACK...
[2026-09-02T18:40:40.237+00:00][A] [INFO] [WAITING ACK]
[2026-09-02T18:40:40.251+00:00][A] [INFO] [RF TX] type=2 source=0x01 destination=0xFF previousHop=0x01 sequence=649 ackSequence=0 ttl=8 hops=0 payloadSize=13 rssi=0 snr=
[2026-09-02T18:40:40.251+00:00][A] [INFO] Heartbeat packet sent
[2026-09-02T18:40:40.619+00:00][B] [WARN] Retry 1
[2026-09-02T18:40:40.686+00:00][B] [INFO] --------------------------------
[2026-09-02T18:40:40.686+00:00][B] [INFO] [HEARTBEAT TX]
[2026-09-02T18:40:40.691+00:00][B] [INFO] Node ID: 2
[2026-09-02T18:40:40.691+00:00][B] [INFO] type: 2
[2026-09-02T18:40:40.691+00:00][B] [INFO] Destination: 0xFF
[2026-09-02T18:40:40.694+00:00][A] [INFO] [RF RX] type=2 source=0x02 destination=0xFF previousHop=0x02 sequence=352 ackSequence=0 ttl=8 hops=0 payloadSize=13 rssi=-60 sn
[2026-09-02T18:40:40.696+00:00][B] [INFO] Sequence: 352
[2026-09-02T18:40:40.697+00:00][B] [INFO] Packet ID: 181
[2026-09-02T18:40:40.702+00:00][B] [INFO] Packet Size: 26
[2026-09-02T18:40:40.702+00:00][B] [INFO] Timestamp: 181 ms
[2026-09-02T18:40:40.707+00:00][B] [INFO] Transmission Result: success
[2026-09-02T18:40:40.708+00:00][B] [INFO] --------------------------------
[2026-09-02T18:40:40.713+00:00][B] [INFO] [Heartbeat #181]
[2026-09-02T18:40:40.713+00:00][B] [INFO] Sent
[2026-09-02T18:40:40.713+00:00][B] [INFO] Waiting ACK...
[2026-09-02T18:40:40.714+00:00][B] [INFO] [WAITING ACK]
[2026-09-02T18:40:40.727+00:00][B] [INFO] [RF TX] type=2 source=0x02 destination=0xFF previousHop=0x02 sequence=352 ackSequence=0 ttl=8 hops=0 payloadSize=13 rssi=0 snr=
[2026-09-02T18:40:40.727+00:00][B] [INFO] Heartbeat packet sent
[2026-09-02T18:40:41.226+00:00][A] [WARN] Retry 1
[2026-09-02T18:40:41.293+00:00][A] [INFO] --------------------------------
[2026-09-02T18:40:41.294+00:00][A] [INFO] [HEARTBEAT TX]
[2026-09-02T18:40:41.299+00:00][A] [INFO] Node ID: 1
[2026-09-02T18:40:41.299+00:00][A] [INFO] type: 2
[2026-09-02T18:40:41.299+00:00][A] [INFO] Destination: 0xFF
[2026-09-02T18:40:41.302+00:00][B] [INFO] [RF RX] type=2 source=0x01 destination=0xFF previousHop=0x01 sequence=649 ackSequence=0 ttl=8 hops=0 payloadSize=13 rssi=-61 sn
[2026-09-02T18:40:41.304+00:00][A] [INFO] Sequence: 649
[2026-09-02T18:40:41.305+00:00][A] [INFO] Packet ID: 348
[2026-09-02T18:40:41.310+00:00][A] [INFO] Packet Size: 26
[2026-09-02T18:40:41.310+00:00][A] [INFO] Timestamp: 348 ms
[2026-09-02T18:40:41.315+00:00][A] [INFO] Transmission Result: success
[2026-09-02T18:40:41.316+00:00][A] [INFO] --------------------------------
[2026-09-02T18:40:41.321+00:00][A] [INFO] [Heartbeat #348]
[2026-09-02T18:40:41.321+00:00][A] [INFO] Sent
[2026-09-02T18:40:41.321+00:00][A] [INFO] Waiting ACK...
[2026-09-02T18:40:41.322+00:00][A] [INFO] [WAITING ACK]
[2026-09-02T18:40:41.335+00:00][A] [INFO] [RF TX] type=2 source=0x01 destination=0xFF previousHop=0x01 sequence=649 ackSequence=0 ttl=8 hops=0 payloadSize=13 rssi=0 snr=
[2026-09-02T18:40:41.335+00:00][A] [INFO] Heartbeat packet sent
[2026-09-02T18:40:41.602+00:00][B] [INFO] --------------------------------
[2026-09-02T18:40:41.602+00:00][B] [INFO] [HEARTBEAT TX]
[2026-09-02T18:40:41.607+00:00][B] [INFO] Node ID: 2
[2026-09-02T18:40:41.607+00:00][B] [INFO] type: 2
[2026-09-02T18:40:41.608+00:00][B] [INFO] Destination: 0xFF
[2026-09-02T18:40:41.610+00:00][A] [INFO] [RF RX] type=2 source=0x02 destination=0xFF previousHop=0x02 sequence=353 ackSequence=0 ttl=8 hops=0 payloadSize=13 rssi=-60 sn
[2026-09-02T18:40:41.612+00:00][B] [INFO] Sequence: 353
[2026-09-02T18:40:41.613+00:00][B] [INFO] Packet ID: 182
[2026-09-02T18:40:41.618+00:00][B] [INFO] Packet Size: 26
[2026-09-02T18:40:41.618+00:00][B] [INFO] Timestamp: 182 ms
[2026-09-02T18:40:41.623+00:00][B] [INFO] Transmission Result: success
[2026-09-02T18:40:41.624+00:00][B] [INFO] --------------------------------
[2026-09-02T18:40:41.629+00:00][B] [INFO] [Heartbeat #182]
[2026-09-02T18:40:41.629+00:00][B] [INFO] Sent
[2026-09-02T18:40:41.629+00:00][B] [INFO] Waiting ACK...
[2026-09-02T18:40:41.630+00:00][B] [INFO] [WAITING ACK]
[2026-09-02T18:40:41.643+00:00][B] [INFO] [RF TX] type=2 source=0x02 destination=0xFF previousHop=0x02 sequence=353 ackSequence=0 ttl=8 hops=0 payloadSize=13 rssi=0 snr=
[2026-09-02T18:40:41.643+00:00][B] [INFO] Heartbeat packet sent
[2026-09-02T18:40:42.209+00:00][A] [INFO] --------------------------------
[2026-09-02T18:40:42.210+00:00][A] [INFO] [HEARTBEAT TX]
[2026-09-02T18:40:42.215+00:00][A] [INFO] Node ID: 1
[2026-09-02T18:40:42.215+00:00][A] [INFO] type: 2
[2026-09-02T18:40:42.215+00:00][A] [INFO] Destination: 0xFF
[2026-09-02T18:40:42.217+00:00][B] [INFO] [RF RX] type=2 source=0x01 destination=0xFF previousHop=0x01 sequence=650 ackSequence=0 ttl=8 hops=0 payloadSize=13 rssi=-61 sn
[2026-09-02T18:40:42.220+00:00][A] [INFO] Sequence: 650
[2026-09-02T18:40:42.220+00:00][A] [INFO] Packet ID: 349
[2026-09-02T18:40:42.225+00:00][A] [INFO] Packet Size: 26
[2026-09-02T18:40:42.226+00:00][A] [INFO] Timestamp: 349 ms
[2026-09-02T18:40:42.231+00:00][A] [INFO] Transmission Result: success
[2026-09-02T18:40:42.232+00:00][A] [INFO] --------------------------------
[2026-09-02T18:40:42.237+00:00][A] [INFO] [Heartbeat #349]
[2026-09-02T18:40:42.237+00:00][A] [INFO] Sent
[2026-09-02T18:40:42.237+00:00][A] [INFO] Waiting ACK...
[2026-09-02T18:40:42.238+00:00][A] [INFO] [WAITING ACK]
[2026-09-02T18:40:42.251+00:00][A] [INFO] [RF TX] type=2 source=0x01 destination=0xFF previousHop=0x01 sequence=650 ackSequence=0 ttl=8 hops=0 payloadSize=13 rssi=0 snr=
[2026-09-02T18:40:42.251+00:00][A] [INFO] Heartbeat packet sent
[2026-09-02T18:40:42.618+00:00][B] [WARN] Retry 1
[2026-09-02T18:40:42.685+00:00][B] [INFO] --------------------------------
[2026-09-02T18:40:42.686+00:00][B] [INFO] [HEARTBEAT TX]
[2026-09-02T18:40:42.691+00:00][B] [INFO] Node ID: 2
[2026-09-02T18:40:42.691+00:00][B] [INFO] type: 2
[2026-09-02T18:40:42.691+00:00][B] [INFO] Destination: 0xFF
[2026-09-02T18:40:42.694+00:00][A] [INFO] [RF RX] type=2 source=0x02 destination=0xFF previousHop=0x02 sequence=353 ackSequence=0 ttl=8 hops=0 payloadSize=13 rssi=-60 sn
[2026-09-02T18:40:42.696+00:00][B] [INFO] Sequence: 353
[2026-09-02T18:40:42.697+00:00][B] [INFO] Packet ID: 182
[2026-09-02T18:40:42.702+00:00][B] [INFO] Packet Size: 26
[2026-09-02T18:40:42.702+00:00][B] [INFO] Timestamp: 182 ms
[2026-09-02T18:40:42.707+00:00][B] [INFO] Transmission Result: success
[2026-09-02T18:40:42.708+00:00][B] [INFO] --------------------------------
[2026-09-02T18:40:42.713+00:00][B] [INFO] [Heartbeat #182]
[2026-09-02T18:40:42.713+00:00][B] [INFO] Sent
[2026-09-02T18:40:42.713+00:00][B] [INFO] Waiting ACK...
[2026-09-02T18:40:42.714+00:00][B] [INFO] [WAITING ACK]
[2026-09-02T18:40:42.727+00:00][B] [INFO] [RF TX] type=2 source=0x02 destination=0xFF previousHop=0x02 sequence=353 ackSequence=0 ttl=8 hops=0 payloadSize=13 rssi=0 snr=
[2026-09-02T18:40:42.727+00:00][B] [INFO] Heartbeat packet sent
[2026-09-02T18:40:43.226+00:00][A] [WARN] Retry 1
[2026-09-02T18:40:43.293+00:00][A] [INFO] --------------------------------
[2026-09-02T18:40:43.294+00:00][A] [INFO] [HEARTBEAT TX]
[2026-09-02T18:40:43.299+00:00][A] [INFO] Node ID: 1
[2026-09-02T18:40:43.299+00:00][A] [INFO] type: 2
[2026-09-02T18:40:43.299+00:00][A] [INFO] Destination: 0xFF
[2026-09-02T18:40:43.302+00:00][B] [INFO] [RF RX] type=2 source=0x01 destination=0xFF previousHop=0x01 sequence=650 ackSequence=0 ttl=8 hops=0 payloadSize=13 rssi=-60 sn
[2026-09-02T18:40:43.304+00:00][A] [INFO] Sequence: 650
[2026-09-02T18:40:43.305+00:00][A] [INFO] Packet ID: 349
[2026-09-02T18:40:43.309+00:00][A] [INFO] Packet Size: 26
[2026-09-02T18:40:43.310+00:00][A] [INFO] Timestamp: 349 ms
[2026-09-02T18:40:43.315+00:00][A] [INFO] Transmission Result: success
[2026-09-02T18:40:43.316+00:00][A] [INFO] --------------------------------
[2026-09-02T18:40:43.321+00:00][A] [INFO] [Heartbeat #349]
[2026-09-02T18:40:43.321+00:00][A] [INFO] Sent
[2026-09-02T18:40:43.321+00:00][A] [INFO] Waiting ACK...
[2026-09-02T18:40:43.322+00:00][A] [INFO] [WAITING ACK]
[2026-09-02T18:40:43.335+00:00][A] [INFO] [RF TX] type=2 source=0x01 destination=0xFF previousHop=0x01 sequence=650 ackSequence=0 ttl=8 hops=0 payloadSize=13 rssi=0 snr=
[2026-09-02T18:40:43.335+00:00][A] [INFO] Heartbeat packet sent
[2026-09-02T18:40:43.601+00:00][B] [INFO] --------------------------------
[2026-09-02T18:40:43.602+00:00][B] [INFO] [HEARTBEAT TX]
[2026-09-02T18:40:43.607+00:00][B] [INFO] Node ID: 2
[2026-09-02T18:40:43.607+00:00][B] [INFO] type: 2
[2026-09-02T18:40:43.607+00:00][B] [INFO] Destination: 0xFF
[2026-09-02T18:40:43.609+00:00][A] [INFO] [RF RX] type=2 source=0x02 destination=0xFF previousHop=0x02 sequence=354 ackSequence=0 ttl=8 hops=0 payloadSize=13 rssi=-61 sn
[2026-09-02T18:40:43.612+00:00][B] [INFO] Sequence: 354
[2026-09-02T18:40:43.612+00:00][B] [INFO] Packet ID: 183
[2026-09-02T18:40:43.617+00:00][B] [INFO] Packet Size: 26
[2026-09-02T18:40:43.618+00:00][B] [INFO] Timestamp: 183 ms
[2026-09-02T18:40:43.623+00:00][B] [INFO] Transmission Result: success
[2026-09-02T18:40:43.624+00:00][B] [INFO] --------------------------------
[2026-09-02T18:40:43.629+00:00][B] [INFO] [Heartbeat #183]
[2026-09-02T18:40:43.629+00:00][B] [INFO] Sent
[2026-09-02T18:40:43.629+00:00][B] [INFO] Waiting ACK...
[2026-09-02T18:40:43.629+00:00][B] [INFO] [WAITING ACK]
[2026-09-02T18:40:43.643+00:00][B] [INFO] [RF TX] type=2 source=0x02 destination=0xFF previousHop=0x02 sequence=354 ackSequence=0 ttl=8 hops=0 payloadSize=13 rssi=0 snr=
[2026-09-02T18:40:43.643+00:00][B] [INFO] Heartbeat packet sent
[2026-09-02T18:40:44.210+00:00][A] [INFO] --------------------------------
[2026-09-02T18:40:44.210+00:00][A] [INFO] [HEARTBEAT TX]
[2026-09-02T18:40:44.215+00:00][A] [INFO] Node ID: 1
[2026-09-02T18:40:44.215+00:00][A] [INFO] type: 2
[2026-09-02T18:40:44.215+00:00][A] [INFO] Destination: 0xFF
[2026-09-02T18:40:44.217+00:00][B] [INFO] [RF RX] type=2 source=0x01 destination=0xFF previousHop=0x01 sequence=651 ackSequence=0 ttl=8 hops=0 payloadSize=13 rssi=-61 sn
[2026-09-02T18:40:44.220+00:00][A] [INFO] Sequence: 651
[2026-09-02T18:40:44.220+00:00][A] [INFO] Packet ID: 350
[2026-09-02T18:40:44.225+00:00][A] [INFO] Packet Size: 26
[2026-09-02T18:40:44.226+00:00][A] [INFO] Timestamp: 350 ms
[2026-09-02T18:40:44.231+00:00][A] [INFO] Transmission Result: success
[2026-09-02T18:40:44.231+00:00][A] [INFO] --------------------------------
[2026-09-02T18:40:44.237+00:00][A] [INFO] [Heartbeat #350]
[2026-09-02T18:40:44.237+00:00][A] [INFO] Sent
[2026-09-02T18:40:44.237+00:00][A] [INFO] Waiting ACK...
[2026-09-02T18:40:44.238+00:00][A] [INFO] [WAITING ACK]
[2026-09-02T18:40:44.251+00:00][A] [INFO] [RF TX] type=2 source=0x01 destination=0xFF previousHop=0x01 sequence=651 ackSequence=0 ttl=8 hops=0 payloadSize=13 rssi=0 snr=
[2026-09-02T18:40:44.251+00:00][A] [INFO] Heartbeat packet sent
[2026-09-02T18:40:44.618+00:00][B] [WARN] Retry 1
[2026-09-02T18:40:44.686+00:00][B] [INFO] --------------------------------
[2026-09-02T18:40:44.686+00:00][B] [INFO] [HEARTBEAT TX]
[2026-09-02T18:40:44.691+00:00][B] [INFO] Node ID: 2
[2026-09-02T18:40:44.691+00:00][B] [INFO] type: 2
[2026-09-02T18:40:44.692+00:00][B] [INFO] Destination: 0xFF
[2026-09-02T18:40:44.694+00:00][A] [INFO] [RF RX] type=2 source=0x02 destination=0xFF previousHop=0x02 sequence=354 ackSequence=0 ttl=8 hops=0 payloadSize=13 rssi=-61 sn
[2026-09-02T18:40:44.696+00:00][B] [INFO] Sequence: 354
[2026-09-02T18:40:44.697+00:00][B] [INFO] Packet ID: 183
[2026-09-02T18:40:44.702+00:00][B] [INFO] Packet Size: 26
[2026-09-02T18:40:44.702+00:00][B] [INFO] Timestamp: 183 ms
[2026-09-02T18:40:44.707+00:00][B] [INFO] Transmission Result: success
[2026-09-02T18:40:44.708+00:00][B] [INFO] --------------------------------
[2026-09-02T18:40:44.713+00:00][B] [INFO] [Heartbeat #183]
[2026-09-02T18:40:44.713+00:00][B] [INFO] Sent
[2026-09-02T18:40:44.713+00:00][B] [INFO] Waiting ACK...
[2026-09-02T18:40:44.714+00:00][B] [INFO] [WAITING ACK]
[2026-09-02T18:40:44.727+00:00][B] [INFO] [RF TX] type=2 source=0x02 destination=0xFF previousHop=0x02 sequence=354 ackSequence=0 ttl=8 hops=0 payloadSize=13 rssi=0 snr=
[2026-09-02T18:40:44.728+00:00][B] [INFO] Heartbeat packet sent
[2026-09-02T18:40:45.226+00:00][A] [WARN] Retry 1
[2026-09-02T18:40:45.293+00:00][A] [INFO] --------------------------------
[2026-09-02T18:40:45.294+00:00][A] [INFO] [HEARTBEAT TX]
[2026-09-02T18:40:45.298+00:00][A] [INFO] Node ID: 1
[2026-09-02T18:40:45.299+00:00][A] [INFO] type: 2
[2026-09-02T18:40:45.299+00:00][A] [INFO] Destination: 0xFF
[2026-09-02T18:40:45.302+00:00][B] [INFO] [RF RX] type=2 source=0x01 destination=0xFF previousHop=0x01 sequence=651 ackSequence=0 ttl=8 hops=0 payloadSize=13 rssi=-61 sn
[2026-09-02T18:40:45.304+00:00][A] [INFO] Sequence: 651
[2026-09-02T18:40:45.305+00:00][A] [INFO] Packet ID: 350
[2026-09-02T18:40:45.309+00:00][A] [INFO] Packet Size: 26
[2026-09-02T18:40:45.310+00:00][A] [INFO] Timestamp: 350 ms
[2026-09-02T18:40:45.315+00:00][A] [INFO] Transmission Result: success
[2026-09-02T18:40:45.316+00:00][A] [INFO] --------------------------------
[2026-09-02T18:40:45.321+00:00][A] [INFO] [Heartbeat #350]
[2026-09-02T18:40:45.321+00:00][A] [INFO] Sent
[2026-09-02T18:40:45.321+00:00][A] [INFO] Waiting ACK...
[2026-09-02T18:40:45.322+00:00][A] [INFO] [WAITING ACK]
[2026-09-02T18:40:45.335+00:00][A] [INFO] [RF TX] type=2 source=0x01 destination=0xFF previousHop=0x01 sequence=651 ackSequence=0 ttl=8 hops=0 payloadSize=13 rssi=0 snr=
[2026-09-02T18:40:45.335+00:00][A] [INFO] Heartbeat packet sent
[2026-09-02T18:40:45.602+00:00][B] [INFO] --------------------------------
[2026-09-02T18:40:45.602+00:00][B] [INFO] [HEARTBEAT TX]
[2026-09-02T18:40:45.607+00:00][B] [INFO] Node ID: 2
[2026-09-02T18:40:45.607+00:00][B] [INFO] type: 2
[2026-09-02T18:40:45.607+00:00][B] [INFO] Destination: 0xFF
[2026-09-02T18:40:45.610+00:00][A] [INFO] [RF RX] type=2 source=0x02 destination=0xFF previousHop=0x02 sequence=355 ackSequence=0 ttl=8 hops=0 payloadSize=13 rssi=-61 sn
[2026-09-02T18:40:45.612+00:00][B] [INFO] Sequence: 355
[2026-09-02T18:40:45.613+00:00][B] [INFO] Packet ID: 184
[2026-09-02T18:40:45.618+00:00][B] [INFO] Packet Size: 26
[2026-09-02T18:40:45.618+00:00][B] [INFO] Timestamp: 184 ms
[2026-09-02T18:40:45.623+00:00][B] [INFO] Transmission Result: success
[2026-09-02T18:40:45.624+00:00][B] [INFO] --------------------------------
[2026-09-02T18:40:45.629+00:00][B] [INFO] [Heartbeat #184]
[2026-09-02T18:40:45.629+00:00][B] [INFO] Sent
[2026-09-02T18:40:45.629+00:00][B] [INFO] Waiting ACK...
[2026-09-02T18:40:45.630+00:00][B] [INFO] [WAITING ACK]
[2026-09-02T18:40:45.643+00:00][B] [INFO] [RF TX] type=2 source=0x02 destination=0xFF previousHop=0x02 sequence=355 ackSequence=0 ttl=8 hops=0 payloadSize=13 rssi=0 snr=
[2026-09-02T18:40:45.644+00:00][B] [INFO] Heartbeat packet sent
[2026-09-02T18:40:46.209+00:00][A] [INFO] --------------------------------
[2026-09-02T18:40:46.210+00:00][A] [INFO] [HEARTBEAT TX]
[2026-09-02T18:40:46.215+00:00][A] [INFO] Node ID: 1
[2026-09-02T18:40:46.215+00:00][A] [INFO] type: 2
[2026-09-02T18:40:46.215+00:00][A] [INFO] Destination: 0xFF
[2026-09-02T18:40:46.217+00:00][B] [INFO] [RF RX] type=2 source=0x01 destination=0xFF previousHop=0x01 sequence=652 ackSequence=0 ttl=8 hops=0 payloadSize=13 rssi=-61 sn
[2026-09-02T18:40:46.220+00:00][A] [INFO] Sequence: 652
[2026-09-02T18:40:46.220+00:00][A] [INFO] Packet ID: 351
[2026-09-02T18:40:46.225+00:00][A] [INFO] Packet Size: 26
[2026-09-02T18:40:46.226+00:00][A] [INFO] Timestamp: 351 ms
[2026-09-02T18:40:46.231+00:00][A] [INFO] Transmission Result: success
[2026-09-02T18:40:46.232+00:00][A] [INFO] --------------------------------
[2026-09-02T18:40:46.236+00:00][A] [INFO] [Heartbeat #351]
[2026-09-02T18:40:46.237+00:00][A] [INFO] Sent
[2026-09-02T18:40:46.237+00:00][A] [INFO] Waiting ACK...
[2026-09-02T18:40:46.237+00:00][A] [INFO] [WAITING ACK]
[2026-09-02T18:40:46.251+00:00][A] [INFO] [RF TX] type=2 source=0x01 destination=0xFF previousHop=0x01 sequence=652 ackSequence=0 ttl=8 hops=0 payloadSize=13 rssi=0 snr=
[2026-09-02T18:40:46.251+00:00][A] [INFO] Heartbeat packet sent
[2026-09-02T18:40:46.618+00:00][B] [WARN] Retry 1
[2026-09-02T18:40:46.685+00:00][B] [INFO] --------------------------------
[2026-09-02T18:40:46.686+00:00][B] [INFO] [HEARTBEAT TX]
[2026-09-02T18:40:46.691+00:00][B] [INFO] Node ID: 2
[2026-09-02T18:40:46.691+00:00][B] [INFO] type: 2
[2026-09-02T18:40:46.691+00:00][B] [INFO] Destination: 0xFF
[2026-09-02T18:40:46.694+00:00][A] [INFO] [RF RX] type=2 source=0x02 destination=0xFF previousHop=0x02 sequence=355 ackSequence=0 ttl=8 hops=0 payloadSize=13 rssi=-61 sn
[2026-09-02T18:40:46.696+00:00][B] [INFO] Sequence: 355
[2026-09-02T18:40:46.696+00:00][B] [INFO] Packet ID: 184
[2026-09-02T18:40:46.701+00:00][B] [INFO] Packet Size: 26
[2026-09-02T18:40:46.702+00:00][B] [INFO] Timestamp: 184 ms
[2026-09-02T18:40:46.707+00:00][B] [INFO] Transmission Result: success
[2026-09-02T18:40:46.707+00:00][B] [INFO] --------------------------------
[2026-09-02T18:40:46.713+00:00][B] [INFO] [Heartbeat #184]
[2026-09-02T18:40:46.713+00:00][B] [INFO] Sent
[2026-09-02T18:40:46.713+00:00][B] [INFO] Waiting ACK...
[2026-09-02T18:40:46.713+00:00][B] [INFO] [WAITING ACK]
[2026-09-02T18:40:46.727+00:00][B] [INFO] [RF TX] type=2 source=0x02 destination=0xFF previousHop=0x02 sequence=355 ackSequence=0 ttl=8 hops=0 payloadSize=13 rssi=0 snr=
[2026-09-02T18:40:46.727+00:00][B] [INFO] Heartbeat packet sent
[2026-09-02T18:40:47.226+00:00][A] [WARN] Retry 1
[2026-09-02T18:40:47.293+00:00][A] [INFO] --------------------------------
[2026-09-02T18:40:47.294+00:00][A] [INFO] [HEARTBEAT TX]
[2026-09-02T18:40:47.298+00:00][A] [INFO] Node ID: 1
[2026-09-02T18:40:47.299+00:00][A] [INFO] type: 2
[2026-09-02T18:40:47.299+00:00][A] [INFO] Destination: 0xFF
[2026-09-02T18:40:47.301+00:00][B] [INFO] [RF RX] type=2 source=0x01 destination=0xFF previousHop=0x01 sequence=652 ackSequence=0 ttl=8 hops=0 payloadSize=13 rssi=-60 sn
[2026-09-02T18:40:47.304+00:00][A] [INFO] Sequence: 652
[2026-09-02T18:40:47.304+00:00][A] [INFO] Packet ID: 351
[2026-09-02T18:40:47.309+00:00][A] [INFO] Packet Size: 26
[2026-09-02T18:40:47.310+00:00][A] [INFO] Timestamp: 351 ms
[2026-09-02T18:40:47.315+00:00][A] [INFO] Transmission Result: success
[2026-09-02T18:40:47.315+00:00][A] [INFO] --------------------------------
[2026-09-02T18:40:47.320+00:00][A] [INFO] [Heartbeat #351]
[2026-09-02T18:40:47.321+00:00][A] [INFO] Sent
[2026-09-02T18:40:47.321+00:00][A] [INFO] Waiting ACK...
[2026-09-02T18:40:47.321+00:00][A] [INFO] [WAITING ACK]
[2026-09-02T18:40:47.335+00:00][A] [INFO] [RF TX] type=2 source=0x01 destination=0xFF previousHop=0x01 sequence=652 ackSequence=0 ttl=8 hops=0 payloadSize=13 rssi=0 snr=
[2026-09-02T18:40:47.335+00:00][A] [INFO] Heartbeat packet sent
[2026-09-02T18:40:47.601+00:00][B] [INFO] --------------------------------
[2026-09-02T18:40:47.602+00:00][B] [INFO] [HEARTBEAT TX]
[2026-09-02T18:40:47.607+00:00][B] [INFO] Node ID: 2
[2026-09-02T18:40:47.607+00:00][B] [INFO] type: 2
[2026-09-02T18:40:47.607+00:00][B] [INFO] Destination: 0xFF
[2026-09-02T18:40:47.610+00:00][A] [INFO] [RF RX] type=2 source=0x02 destination=0xFF previousHop=0x02 sequence=356 ackSequence=0 ttl=8 hops=0 payloadSize=13 rssi=-61 sn
[2026-09-02T18:40:47.612+00:00][B] [INFO] Sequence: 356
[2026-09-02T18:40:47.613+00:00][B] [INFO] Packet ID: 185
[2026-09-02T18:40:47.617+00:00][B] [INFO] Packet Size: 26
[2026-09-02T18:40:47.618+00:00][B] [INFO] Timestamp: 185 ms
[2026-09-02T18:40:47.623+00:00][B] [INFO] Transmission Result: success
[2026-09-02T18:40:47.624+00:00][B] [INFO] --------------------------------
[2026-09-02T18:40:47.629+00:00][B] [INFO] [Heartbeat #185]
[2026-09-02T18:40:47.629+00:00][B] [INFO] Sent
[2026-09-02T18:40:47.629+00:00][B] [INFO] Waiting ACK...
[2026-09-02T18:40:47.630+00:00][B] [INFO] [WAITING ACK]
[2026-09-02T18:40:47.643+00:00][B] [INFO] [RF TX] type=2 source=0x02 destination=0xFF previousHop=0x02 sequence=356 ackSequence=0 ttl=8 hops=0 payloadSize=13 rssi=0 snr=
[2026-09-02T18:40:47.643+00:00][B] [INFO] Heartbeat packet sent
[2026-09-02T18:40:48.209+00:00][A] [INFO] --------------------------------
[2026-09-02T18:40:48.210+00:00][A] [INFO] [HEARTBEAT TX]
[2026-09-02T18:40:48.214+00:00][A] [INFO] Node ID: 1
[2026-09-02T18:40:48.215+00:00][A] [INFO] type: 2
[2026-09-02T18:40:48.215+00:00][A] [INFO] Destination: 0xFF
[2026-09-02T18:40:48.217+00:00][B] [INFO] [RF RX] type=2 source=0x01 destination=0xFF previousHop=0x01 sequence=653 ackSequence=0 ttl=8 hops=0 payloadSize=13 rssi=-61 sn
[2026-09-02T18:40:48.220+00:00][A] [INFO] Sequence: 653
[2026-09-02T18:40:48.220+00:00][A] [INFO] Packet ID: 352
[2026-09-02T18:40:48.225+00:00][A] [INFO] Packet Size: 26
[2026-09-02T18:40:48.226+00:00][A] [INFO] Timestamp: 352 ms
[2026-09-02T18:40:48.231+00:00][A] [INFO] Transmission Result: success
[2026-09-02T18:40:48.231+00:00][A] [INFO] --------------------------------
[2026-09-02T18:40:48.236+00:00][A] [INFO] [Heartbeat #352]
[2026-09-02T18:40:48.237+00:00][A] [INFO] Sent
[2026-09-02T18:40:48.237+00:00][A] [INFO] Waiting ACK...
[2026-09-02T18:40:48.237+00:00][A] [INFO] [WAITING ACK]
[2026-09-02T18:40:48.251+00:00][A] [INFO] [RF TX] type=2 source=0x01 destination=0xFF previousHop=0x01 sequence=653 ackSequence=0 ttl=8 hops=0 payloadSize=13 rssi=0 snr=
[2026-09-02T18:40:48.251+00:00][A] [INFO] Heartbeat packet sent
[2026-09-02T18:40:48.618+00:00][B] [WARN] Retry 1
[2026-09-02T18:40:48.685+00:00][B] [INFO] --------------------------------
[2026-09-02T18:40:48.686+00:00][B] [INFO] [HEARTBEAT TX]
[2026-09-02T18:40:48.691+00:00][B] [INFO] Node ID: 2
[2026-09-02T18:40:48.691+00:00][B] [INFO] type: 2
[2026-09-02T18:40:48.691+00:00][B] [INFO] Destination: 0xFF
[2026-09-02T18:40:48.694+00:00][A] [INFO] [RF RX] type=2 source=0x02 destination=0xFF previousHop=0x02 sequence=356 ackSequence=0 ttl=8 hops=0 payloadSize=13 rssi=-61 sn
[2026-09-02T18:40:48.696+00:00][B] [INFO] Sequence: 356
[2026-09-02T18:40:48.697+00:00][B] [INFO] Packet ID: 185
[2026-09-02T18:40:48.701+00:00][B] [INFO] Packet Size: 26
[2026-09-02T18:40:48.702+00:00][B] [INFO] Timestamp: 185 ms
[2026-09-02T18:40:48.707+00:00][B] [INFO] Transmission Result: success
[2026-09-02T18:40:48.707+00:00][B] [INFO] --------------------------------
[2026-09-02T18:40:48.713+00:00][B] [INFO] [Heartbeat #185]
[2026-09-02T18:40:48.713+00:00][B] [INFO] Sent
[2026-09-02T18:40:48.713+00:00][B] [INFO] Waiting ACK...
[2026-09-02T18:40:48.713+00:00][B] [INFO] [WAITING ACK]
[2026-09-02T18:40:48.727+00:00][B] [INFO] [RF TX] type=2 source=0x02 destination=0xFF previousHop=0x02 sequence=356 ackSequence=0 ttl=8 hops=0 payloadSize=13 rssi=0 snr=
[2026-09-02T18:40:48.727+00:00][B] [INFO] Heartbeat packet sent
[2026-09-02T18:40:49.226+00:00][A] [WARN] Retry 1
[2026-09-02T18:40:49.293+00:00][A] [INFO] --------------------------------
[2026-09-02T18:40:49.294+00:00][A] [INFO] [HEARTBEAT TX]
[2026-09-02T18:40:49.298+00:00][A] [INFO] Node ID: 1
[2026-09-02T18:40:49.299+00:00][A] [INFO] type: 2
[2026-09-02T18:40:49.299+00:00][A] [INFO] Destination: 0xFF
[2026-09-02T18:40:49.301+00:00][B] [INFO] [RF RX] type=2 source=0x01 destination=0xFF previousHop=0x01 sequence=653 ackSequence=0 ttl=8 hops=0 payloadSize=13 rssi=-61 sn
[2026-09-02T18:40:49.304+00:00][A] [INFO] Sequence: 653
[2026-09-02T18:40:49.304+00:00][A] [INFO] Packet ID: 352
[2026-09-02T18:40:49.309+00:00][A] [INFO] Packet Size: 26
[2026-09-02T18:40:49.310+00:00][A] [INFO] Timestamp: 352 ms
[2026-09-02T18:40:49.315+00:00][A] [INFO] Transmission Result: success
[2026-09-02T18:40:49.315+00:00][A] [INFO] --------------------------------
[2026-09-02T18:40:49.320+00:00][A] [INFO] [Heartbeat #352]
[2026-09-02T18:40:49.321+00:00][A] [INFO] Sent
[2026-09-02T18:40:49.321+00:00][A] [INFO] Waiting ACK...
[2026-09-02T18:40:49.321+00:00][A] [INFO] [WAITING ACK]
[2026-09-02T18:40:49.335+00:00][A] [INFO] [RF TX] type=2 source=0x01 destination=0xFF previousHop=0x01 sequence=653 ackSequence=0 ttl=8 hops=0 payloadSize=13 rssi=0 snr=
[2026-09-02T18:40:49.335+00:00][A] [INFO] Heartbeat packet sent
[2026-09-02T18:40:49.601+00:00][B] [INFO] --------------------------------
[2026-09-02T18:40:49.602+00:00][B] [INFO] [HEARTBEAT TX]
[2026-09-02T18:40:49.607+00:00][B] [INFO] Node ID: 2
[2026-09-02T18:40:49.607+00:00][B] [INFO] type: 2
[2026-09-02T18:40:49.607+00:00][B] [INFO] Destination: 0xFF
[2026-09-02T18:40:49.609+00:00][A] [INFO] [RF RX] type=2 source=0x02 destination=0xFF previousHop=0x02 sequence=357 ackSequence=0 ttl=8 hops=0 payloadSize=13 rssi=-60 sn
[2026-09-02T18:40:49.612+00:00][B] [INFO] Sequence: 357
[2026-09-02T18:40:49.613+00:00][B] [INFO] Packet ID: 186
[2026-09-02T18:40:49.617+00:00][B] [INFO] Packet Size: 26
[2026-09-02T18:40:49.618+00:00][B] [INFO] Timestamp: 186 ms
[2026-09-02T18:40:49.623+00:00][B] [INFO] Transmission Result: success
[2026-09-02T18:40:49.624+00:00][B] [INFO] --------------------------------
[2026-09-02T18:40:49.629+00:00][B] [INFO] [Heartbeat #186]
[2026-09-02T18:40:49.629+00:00][B] [INFO] Sent
[2026-09-02T18:40:49.629+00:00][B] [INFO] Waiting ACK...
[2026-09-02T18:40:49.630+00:00][B] [INFO] [WAITING ACK]
[2026-09-02T18:40:49.643+00:00][B] [INFO] [RF TX] type=2 source=0x02 destination=0xFF previousHop=0x02 sequence=357 ackSequence=0 ttl=8 hops=0 payloadSize=13 rssi=0 snr=
[2026-09-02T18:40:49.643+00:00][B] [INFO] Heartbeat packet sent
[2026-09-02T18:40:50.209+00:00][A] [INFO] --------------------------------
[2026-09-02T18:40:50.210+00:00][A] [INFO] [HEARTBEAT TX]
[2026-09-02T18:40:50.214+00:00][A] [INFO] Node ID: 1
[2026-09-02T18:40:50.215+00:00][A] [INFO] type: 2
[2026-09-02T18:40:50.215+00:00][A] [INFO] Destination: 0xFF
[2026-09-02T18:40:50.217+00:00][B] [INFO] [RF RX] type=2 source=0x01 destination=0xFF previousHop=0x01 sequence=654 ackSequence=0 ttl=8 hops=0 payloadSize=13 rssi=-60 sn
[2026-09-02T18:40:50.220+00:00][A] [INFO] Sequence: 654
[2026-09-02T18:40:50.220+00:00][A] [INFO] Packet ID: 353
[2026-09-02T18:40:50.225+00:00][A] [INFO] Packet Size: 26
[2026-09-02T18:40:50.226+00:00][A] [INFO] Timestamp: 353 ms
[2026-09-02T18:40:50.231+00:00][A] [INFO] Transmission Result: success
[2026-09-02T18:40:50.231+00:00][A] [INFO] --------------------------------
[2026-09-02T18:40:50.237+00:00][A] [INFO] [Heartbeat #353]
[2026-09-02T18:40:50.237+00:00][A] [INFO] Sent
[2026-09-02T18:40:50.238+00:00][A] [INFO] Waiting ACK...
[2026-09-02T18:40:50.238+00:00][A] [INFO] [WAITING ACK]
[2026-09-02T18:40:50.251+00:00][A] [INFO] [RF TX] type=2 source=0x01 destination=0xFF previousHop=0x01 sequence=654 ackSequence=0 ttl=8 hops=0 payloadSize=13 rssi=0 snr=
[2026-09-02T18:40:50.251+00:00][A] [INFO] Heartbeat packet sent
[2026-09-02T18:40:50.618+00:00][B] [WARN] Retry 1
[2026-09-02T18:40:50.685+00:00][B] [INFO] --------------------------------
[2026-09-02T18:40:50.686+00:00][B] [INFO] [HEARTBEAT TX]
[2026-09-02T18:40:50.690+00:00][B] [INFO] Node ID: 2
[2026-09-02T18:40:50.691+00:00][B] [INFO] type: 2
[2026-09-02T18:40:50.691+00:00][B] [INFO] Destination: 0xFF
[2026-09-02T18:40:50.694+00:00][A] [INFO] [RF RX] type=2 source=0x02 destination=0xFF previousHop=0x02 sequence=357 ackSequence=0 ttl=8 hops=0 payloadSize=13 rssi=-60 sn
[2026-09-02T18:40:50.696+00:00][B] [INFO] Sequence: 357
[2026-09-02T18:40:50.696+00:00][B] [INFO] Packet ID: 186
[2026-09-02T18:40:50.701+00:00][B] [INFO] Packet Size: 26
[2026-09-02T18:40:50.702+00:00][B] [INFO] Timestamp: 186 ms
[2026-09-02T18:40:50.707+00:00][B] [INFO] Transmission Result: success
[2026-09-02T18:40:50.708+00:00][B] [INFO] --------------------------------
[2026-09-02T18:40:50.712+00:00][B] [INFO] [Heartbeat #186]
[2026-09-02T18:40:50.713+00:00][B] [INFO] Sent
[2026-09-02T18:40:50.713+00:00][B] [INFO] Waiting ACK...
[2026-09-02T18:40:50.713+00:00][B] [INFO] [WAITING ACK]
[2026-09-02T18:40:50.727+00:00][B] [INFO] [RF TX] type=2 source=0x02 destination=0xFF previousHop=0x02 sequence=357 ackSequence=0 ttl=8 hops=0 payloadSize=13 rssi=0 snr=
[2026-09-02T18:40:50.727+00:00][B] [INFO] Heartbeat packet sent
[2026-09-02T18:40:51.226+00:00][A] [WARN] Retry 1
[2026-09-02T18:40:51.293+00:00][A] [INFO] --------------------------------
[2026-09-02T18:40:51.294+00:00][A] [INFO] [HEARTBEAT TX]
[2026-09-02T18:40:51.298+00:00][A] [INFO] Node ID: 1
[2026-09-02T18:40:51.299+00:00][A] [INFO] type: 2
[2026-09-02T18:40:51.299+00:00][A] [INFO] Destination: 0xFF
[2026-09-02T18:40:51.301+00:00][B] [INFO] [RF RX] type=2 source=0x01 destination=0xFF previousHop=0x01 sequence=654 ackSequence=0 ttl=8 hops=0 payloadSize=13 rssi=-60 sn
[2026-09-02T18:40:51.304+00:00][A] [INFO] Sequence: 654
[2026-09-02T18:40:51.304+00:00][A] [INFO] Packet ID: 353
[2026-09-02T18:40:51.309+00:00][A] [INFO] Packet Size: 26
[2026-09-02T18:40:51.310+00:00][A] [INFO] Timestamp: 353 ms
[2026-09-02T18:40:51.315+00:00][A] [INFO] Transmission Result: success
[2026-09-02T18:40:51.316+00:00][A] [INFO] --------------------------------
[2026-09-02T18:40:51.320+00:00][A] [INFO] [Heartbeat #353]
[2026-09-02T18:40:51.321+00:00][A] [INFO] Sent
[2026-09-02T18:40:51.321+00:00][A] [INFO] Waiting ACK...
[2026-09-02T18:40:51.321+00:00][A] [INFO] [WAITING ACK]
[2026-09-02T18:40:51.335+00:00][A] [INFO] [RF TX] type=2 source=0x01 destination=0xFF previousHop=0x01 sequence=654 ackSequence=0 ttl=8 hops=0 payloadSize=13 rssi=0 snr=
[2026-09-02T18:40:51.335+00:00][A] [INFO] Heartbeat packet sent
[2026-09-02T18:40:51.601+00:00][B] [INFO] --------------------------------
[2026-09-02T18:40:51.602+00:00][B] [INFO] [HEARTBEAT TX]
[2026-09-02T18:40:51.606+00:00][B] [INFO] Node ID: 2
[2026-09-02T18:40:51.607+00:00][B] [INFO] type: 2
[2026-09-02T18:40:51.607+00:00][B] [INFO] Destination: 0xFF
[2026-09-02T18:40:51.609+00:00][A] [INFO] [RF RX] type=2 source=0x02 destination=0xFF previousHop=0x02 sequence=358 ackSequence=0 ttl=8 hops=0 payloadSize=13 rssi=-60 sn
[2026-09-02T18:40:51.612+00:00][B] [INFO] Sequence: 358
[2026-09-02T18:40:51.612+00:00][B] [INFO] Packet ID: 187
[2026-09-02T18:40:51.617+00:00][B] [INFO] Packet Size: 26
[2026-09-02T18:40:51.618+00:00][B] [INFO] Timestamp: 187 ms
[2026-09-02T18:40:51.623+00:00][B] [INFO] Transmission Result: success
[2026-09-02T18:40:51.624+00:00][B] [INFO] --------------------------------
[2026-09-02T18:40:51.628+00:00][B] [INFO] [Heartbeat #187]
[2026-09-02T18:40:51.629+00:00][B] [INFO] Sent
[2026-09-02T18:40:51.629+00:00][B] [INFO] Waiting ACK...
[2026-09-02T18:40:51.629+00:00][B] [INFO] [WAITING ACK]
[2026-09-02T18:40:51.643+00:00][B] [INFO] [RF TX] type=2 source=0x02 destination=0xFF previousHop=0x02 sequence=358 ackSequence=0 ttl=8 hops=0 payloadSize=13 rssi=0 snr=
[2026-09-02T18:40:51.643+00:00][B] [INFO] Heartbeat packet sent
[2026-09-02T18:40:52.209+00:00][A] [INFO] --------------------------------
[2026-09-02T18:40:52.210+00:00][A] [INFO] [HEARTBEAT TX]
[2026-09-02T18:40:52.214+00:00][A] [INFO] Node ID: 1
[2026-09-02T18:40:52.215+00:00][A] [INFO] type: 2
[2026-09-02T18:40:52.215+00:00][A] [INFO] Destination: 0xFF
[2026-09-02T18:40:52.217+00:00][B] [INFO] [RF RX] type=2 source=0x01 destination=0xFF previousHop=0x01 sequence=655 ackSequence=0 ttl=8 hops=0 payloadSize=13 rssi=-60 sn
[2026-09-02T18:40:52.220+00:00][A] [INFO] Sequence: 655
[2026-09-02T18:40:52.220+00:00][A] [INFO] Packet ID: 354
[2026-09-02T18:40:52.225+00:00][A] [INFO] Packet Size: 26
[2026-09-02T18:40:52.226+00:00][A] [INFO] Timestamp: 354 ms
[2026-09-02T18:40:52.231+00:00][A] [INFO] Transmission Result: success
[2026-09-02T18:40:52.232+00:00][A] [INFO] --------------------------------
[2026-09-02T18:40:52.236+00:00][A] [INFO] [Heartbeat #354]
[2026-09-02T18:40:52.237+00:00][A] [INFO] Sent
[2026-09-02T18:40:52.237+00:00][A] [INFO] Waiting ACK...
[2026-09-02T18:40:52.237+00:00][A] [INFO] [WAITING ACK]
[2026-09-02T18:40:52.251+00:00][A] [INFO] [RF TX] type=2 source=0x01 destination=0xFF previousHop=0x01 sequence=655 ackSequence=0 ttl=8 hops=0 payloadSize=13 rssi=0 snr=
[2026-09-02T18:40:52.251+00:00][A] [INFO] Heartbeat packet sent
[2026-09-02T18:40:52.618+00:00][B] [WARN] Retry 1
[2026-09-02T18:40:52.685+00:00][B] [INFO] --------------------------------
[2026-09-02T18:40:52.686+00:00][B] [INFO] [HEARTBEAT TX]
[2026-09-02T18:40:52.690+00:00][B] [INFO] Node ID: 2
[2026-09-02T18:40:52.691+00:00][B] [INFO] type: 2
[2026-09-02T18:40:52.691+00:00][B] [INFO] Destination: 0xFF
[2026-09-02T18:40:52.693+00:00][A] [INFO] [RF RX] type=2 source=0x02 destination=0xFF previousHop=0x02 sequence=358 ackSequence=0 ttl=8 hops=0 payloadSize=13 rssi=-60 sn
[2026-09-02T18:40:52.696+00:00][B] [INFO] Sequence: 358
[2026-09-02T18:40:52.696+00:00][B] [INFO] Packet ID: 187
[2026-09-02T18:40:52.701+00:00][B] [INFO] Packet Size: 26
[2026-09-02T18:40:52.702+00:00][B] [INFO] Timestamp: 187 ms
[2026-09-02T18:40:52.707+00:00][B] [INFO] Transmission Result: success
[2026-09-02T18:40:52.707+00:00][B] [INFO] --------------------------------
[2026-09-02T18:40:52.712+00:00][B] [INFO] [Heartbeat #187]
[2026-09-02T18:40:52.713+00:00][B] [INFO] Sent
[2026-09-02T18:40:52.713+00:00][B] [INFO] Waiting ACK...
[2026-09-02T18:40:52.713+00:00][B] [INFO] [WAITING ACK]
[2026-09-02T18:40:52.727+00:00][B] [INFO] [RF TX] type=2 source=0x02 destination=0xFF previousHop=0x02 sequence=358 ackSequence=0 ttl=8 hops=0 payloadSize=13 rssi=0 snr=
[2026-09-02T18:40:52.727+00:00][B] [INFO] Heartbeat packet sent
[2026-09-02T18:40:53.226+00:00][A] [WARN] Retry 1
[2026-09-02T18:40:53.293+00:00][A] [INFO] --------------------------------
[2026-09-02T18:40:53.294+00:00][A] [INFO] [HEARTBEAT TX]
[2026-09-02T18:40:53.298+00:00][A] [INFO] Node ID: 1
[2026-09-02T18:40:53.299+00:00][A] [INFO] type: 2
[2026-09-02T18:40:53.299+00:00][A] [INFO] Destination: 0xFF
[2026-09-02T18:40:53.301+00:00][B] [INFO] [RF RX] type=2 source=0x01 destination=0xFF previousHop=0x01 sequence=655 ackSequence=0 ttl=8 hops=0 payloadSize=13 rssi=-61 sn
[2026-09-02T18:40:53.304+00:00][A] [INFO] Sequence: 655
[2026-09-02T18:40:53.304+00:00][A] [INFO] Packet ID: 354
[2026-09-02T18:40:53.309+00:00][A] [INFO] Packet Size: 26
[2026-09-02T18:40:53.310+00:00][A] [INFO] Timestamp: 354 ms
[2026-09-02T18:40:53.315+00:00][A] [INFO] Transmission Result: success
[2026-09-02T18:40:53.315+00:00][A] [INFO] --------------------------------
[2026-09-02T18:40:53.320+00:00][A] [INFO] [Heartbeat #354]
[2026-09-02T18:40:53.321+00:00][A] [INFO] Sent
[2026-09-02T18:40:53.321+00:00][A] [INFO] Waiting ACK...
[2026-09-02T18:40:53.321+00:00][A] [INFO] [WAITING ACK]
[2026-09-02T18:40:53.335+00:00][A] [INFO] [RF TX] type=2 source=0x01 destination=0xFF previousHop=0x01 sequence=655 ackSequence=0 ttl=8 hops=0 payloadSize=13 rssi=0 snr=
[2026-09-02T18:40:53.335+00:00][A] [INFO] Heartbeat packet sent
[2026-09-02T18:40:53.601+00:00][B] [INFO] --------------------------------
[2026-09-02T18:40:53.602+00:00][B] [INFO] [HEARTBEAT TX]
[2026-09-02T18:40:53.606+00:00][B] [INFO] Node ID: 2
[2026-09-02T18:40:53.607+00:00][B] [INFO] type: 2
[2026-09-02T18:40:53.607+00:00][B] [INFO] Destination: 0xFF
[2026-09-02T18:40:53.609+00:00][A] [INFO] [RF RX] type=2 source=0x02 destination=0xFF previousHop=0x02 sequence=359 ackSequence=0 ttl=8 hops=0 payloadSize=13 rssi=-61 sn
[2026-09-02T18:40:53.612+00:00][B] [INFO] Sequence: 359
[2026-09-02T18:40:53.612+00:00][B] [INFO] Packet ID: 188
[2026-09-02T18:40:53.617+00:00][B] [INFO] Packet Size: 26
[2026-09-02T18:40:53.618+00:00][B] [INFO] Timestamp: 188 ms
[2026-09-02T18:40:53.623+00:00][B] [INFO] Transmission Result: success
[2026-09-02T18:40:53.623+00:00][B] [INFO] --------------------------------
[2026-09-02T18:40:53.628+00:00][B] [INFO] [Heartbeat #188]
[2026-09-02T18:40:53.629+00:00][B] [INFO] Sent
[2026-09-02T18:40:53.629+00:00][B] [INFO] Waiting ACK...
[2026-09-02T18:40:53.629+00:00][B] [INFO] [WAITING ACK]
[2026-09-02T18:40:53.643+00:00][B] [INFO] [RF TX] type=2 source=0x02 destination=0xFF previousHop=0x02 sequence=359 ackSequence=0 ttl=8 hops=0 payloadSize=13 rssi=0 snr=
[2026-09-02T18:40:53.643+00:00][B] [INFO] Heartbeat packet sent
[2026-09-02T18:40:54.209+00:00][A] [INFO] --------------------------------
[2026-09-02T18:40:54.210+00:00][A] [INFO] [HEARTBEAT TX]
[2026-09-02T18:40:54.214+00:00][A] [INFO] Node ID: 1
[2026-09-02T18:40:54.215+00:00][A] [INFO] type: 2
[2026-09-02T18:40:54.215+00:00][A] [INFO] Destination: 0xFF
[2026-09-02T18:40:54.217+00:00][B] [INFO] [RF RX] type=2 source=0x01 destination=0xFF previousHop=0x01 sequence=656 ackSequence=0 ttl=8 hops=0 payloadSize=13 rssi=-61 sn
[2026-09-02T18:40:54.220+00:00][A] [INFO] Sequence: 656
[2026-09-02T18:40:54.220+00:00][A] [INFO] Packet ID: 355
[2026-09-02T18:40:54.225+00:00][A] [INFO] Packet Size: 26
[2026-09-02T18:40:54.226+00:00][A] [INFO] Timestamp: 355 ms
[2026-09-02T18:40:54.231+00:00][A] [INFO] Transmission Result: success
[2026-09-02T18:40:54.231+00:00][A] [INFO] --------------------------------
[2026-09-02T18:40:54.236+00:00][A] [INFO] [Heartbeat #355]
[2026-09-02T18:40:54.237+00:00][A] [INFO] Sent
[2026-09-02T18:40:54.237+00:00][A] [INFO] Waiting ACK...
[2026-09-02T18:40:54.237+00:00][A] [INFO] [WAITING ACK]
[2026-09-02T18:40:54.251+00:00][A] [INFO] [RF TX] type=2 source=0x01 destination=0xFF previousHop=0x01 sequence=656 ackSequence=0 ttl=8 hops=0 payloadSize=13 rssi=0 snr=
[2026-09-02T18:40:54.251+00:00][A] [INFO] Heartbeat packet sent
[2026-09-02T18:40:54.618+00:00][B] [WARN] Retry 1
[2026-09-02T18:40:54.685+00:00][B] [INFO] --------------------------------
[2026-09-02T18:40:54.686+00:00][B] [INFO] [HEARTBEAT TX]
[2026-09-02T18:40:54.690+00:00][B] [INFO] Node ID: 2
[2026-09-02T18:40:54.691+00:00][B] [INFO] type: 2
[2026-09-02T18:40:54.691+00:00][B] [INFO] Destination: 0xFF
[2026-09-02T18:40:54.693+00:00][A] [INFO] [RF RX] type=2 source=0x02 destination=0xFF previousHop=0x02 sequence=359 ackSequence=0 ttl=8 hops=0 payloadSize=13 rssi=-61 sn
[2026-09-02T18:40:54.696+00:00][B] [INFO] Sequence: 359
[2026-09-02T18:40:54.696+00:00][B] [INFO] Packet ID: 188
[2026-09-02T18:40:54.701+00:00][B] [INFO] Packet Size: 26
[2026-09-02T18:40:54.702+00:00][B] [INFO] Timestamp: 188 ms
[2026-09-02T18:40:54.707+00:00][B] [INFO] Transmission Result: success
[2026-09-02T18:40:54.707+00:00][B] [INFO] --------------------------------
[2026-09-02T18:40:54.712+00:00][B] [INFO] [Heartbeat #188]
[2026-09-02T18:40:54.713+00:00][B] [INFO] Sent
[2026-09-02T18:40:54.713+00:00][B] [INFO] Waiting ACK...
[2026-09-02T18:40:54.713+00:00][B] [INFO] [WAITING ACK]
[2026-09-02T18:40:54.727+00:00][B] [INFO] [RF TX] type=2 source=0x02 destination=0xFF previousHop=0x02 sequence=359 ackSequence=0 ttl=8 hops=0 payloadSize=13 rssi=0 snr=
[2026-09-02T18:40:54.727+00:00][B] [INFO] Heartbeat packet sent
[2026-09-02T18:40:55.226+00:00][A] [WARN] Retry 1
[2026-09-02T18:40:55.293+00:00][A] [INFO] --------------------------------
[2026-09-02T18:40:55.294+00:00][A] [INFO] [HEARTBEAT TX]
[2026-09-02T18:40:55.298+00:00][A] [INFO] Node ID: 1
[2026-09-02T18:40:55.299+00:00][A] [INFO] type: 2
[2026-09-02T18:40:55.299+00:00][A] [INFO] Destination: 0xFF
[2026-09-02T18:40:55.301+00:00][B] [INFO] [RF RX] type=2 source=0x01 destination=0xFF previousHop=0x01 sequence=656 ackSequence=0 ttl=8 hops=0 payloadSize=13 rssi=-60 sn
[2026-09-02T18:40:55.304+00:00][A] [INFO] Sequence: 656
[2026-09-02T18:40:55.304+00:00][A] [INFO] Packet ID: 355
[2026-09-02T18:40:55.309+00:00][A] [INFO] Packet Size: 26
[2026-09-02T18:40:55.310+00:00][A] [INFO] Timestamp: 355 ms
[2026-09-02T18:40:55.315+00:00][A] [INFO] Transmission Result: success
[2026-09-02T18:40:55.315+00:00][A] [INFO] --------------------------------
[2026-09-02T18:40:55.320+00:00][A] [INFO] [Heartbeat #355]
[2026-09-02T18:40:55.321+00:00][A] [INFO] Sent
[2026-09-02T18:40:55.321+00:00][A] [INFO] Waiting ACK...
[2026-09-02T18:40:55.321+00:00][A] [INFO] [WAITING ACK]
[2026-09-02T18:40:55.335+00:00][A] [INFO] [RF TX] type=2 source=0x01 destination=0xFF previousHop=0x01 sequence=656 ackSequence=0 ttl=8 hops=0 payloadSize=13 rssi=0 snr=
[2026-09-02T18:40:55.335+00:00][A] [INFO] Heartbeat packet sent
[2026-09-02T18:40:55.601+00:00][B] [INFO] --------------------------------
[2026-09-02T18:40:55.602+00:00][B] [INFO] [HEARTBEAT TX]
[2026-09-02T18:40:55.606+00:00][B] [INFO] Node ID: 2
[2026-09-02T18:40:55.607+00:00][B] [INFO] type: 2
[2026-09-02T18:40:55.607+00:00][B] [INFO] Destination: 0xFF
[2026-09-02T18:40:55.609+00:00][A] [INFO] [RF RX] type=2 source=0x02 destination=0xFF previousHop=0x02 sequence=360 ackSequence=0 ttl=8 hops=0 payloadSize=13 rssi=-61 sn
[2026-09-02T18:40:55.612+00:00][B] [INFO] Sequence: 360
[2026-09-02T18:40:55.612+00:00][B] [INFO] Packet ID: 189
[2026-09-02T18:40:55.617+00:00][B] [INFO] Packet Size: 26
[2026-09-02T18:40:55.618+00:00][B] [INFO] Timestamp: 189 ms
[2026-09-02T18:40:55.623+00:00][B] [INFO] Transmission Result: success
[2026-09-02T18:40:55.623+00:00][B] [INFO] --------------------------------
[2026-09-02T18:40:55.628+00:00][B] [INFO] [Heartbeat #189]
[2026-09-02T18:40:55.629+00:00][B] [INFO] Sent
[2026-09-02T18:40:55.629+00:00][B] [INFO] Waiting ACK...
[2026-09-02T18:40:55.629+00:00][B] [INFO] [WAITING ACK]
[2026-09-02T18:40:55.643+00:00][B] [INFO] [RF TX] type=2 source=0x02 destination=0xFF previousHop=0x02 sequence=360 ackSequence=0 ttl=8 hops=0 payloadSize=13 rssi=0 snr=
[2026-09-02T18:40:55.643+00:00][B] [INFO] Heartbeat packet sent
[2026-09-02T18:40:56.209+00:00][A] [INFO] --------------------------------
[2026-09-02T18:40:56.210+00:00][A] [INFO] [HEARTBEAT TX]
[2026-09-02T18:40:56.214+00:00][A] [INFO] Node ID: 1
[2026-09-02T18:40:56.215+00:00][A] [INFO] type: 2
[2026-09-02T18:40:56.215+00:00][A] [INFO] Destination: 0xFF
[2026-09-02T18:40:56.217+00:00][B] [INFO] [RF RX] type=2 source=0x01 destination=0xFF previousHop=0x01 sequence=657 ackSequence=0 ttl=8 hops=0 payloadSize=13 rssi=-62 sn
[2026-09-02T18:40:56.220+00:00][A] [INFO] Sequence: 657
[2026-09-02T18:40:56.220+00:00][A] [INFO] Packet ID: 356
[2026-09-02T18:40:56.225+00:00][A] [INFO] Packet Size: 26
[2026-09-02T18:40:56.226+00:00][A] [INFO] Timestamp: 356 ms
[2026-09-02T18:40:56.231+00:00][A] [INFO] Transmission Result: success
[2026-09-02T18:40:56.231+00:00][A] [INFO] --------------------------------
[2026-09-02T18:40:56.236+00:00][A] [INFO] [Heartbeat #356]
[2026-09-02T18:40:56.237+00:00][A] [INFO] Sent
[2026-09-02T18:40:56.237+00:00][A] [INFO] Waiting ACK...
[2026-09-02T18:40:56.237+00:00][A] [INFO] [WAITING ACK]
[2026-09-02T18:40:56.250+00:00][A] [INFO] [RF TX] type=2 source=0x01 destination=0xFF previousHop=0x01 sequence=657 ackSequence=0 ttl=8 hops=0 payloadSize=13 rssi=0 snr=
[2026-09-02T18:40:56.251+00:00][A] [INFO] Heartbeat packet sent
[2026-09-02T18:40:56.618+00:00][B] [WARN] Retry 1
[2026-09-02T18:40:56.685+00:00][B] [INFO] --------------------------------
[2026-09-02T18:40:56.686+00:00][B] [INFO] [HEARTBEAT TX]
[2026-09-02T18:40:56.690+00:00][B] [INFO] Node ID: 2
[2026-09-02T18:40:56.691+00:00][B] [INFO] type: 2
[2026-09-02T18:40:56.691+00:00][B] [INFO] Destination: 0xFF
[2026-09-02T18:40:56.693+00:00][A] [INFO] [RF RX] type=2 source=0x02 destination=0xFF previousHop=0x02 sequence=360 ackSequence=0 ttl=8 hops=0 payloadSize=13 rssi=-61 sn
[2026-09-02T18:40:56.696+00:00][B] [INFO] Sequence: 360
[2026-09-02T18:40:56.696+00:00][B] [INFO] Packet ID: 189
[2026-09-02T18:40:56.701+00:00][B] [INFO] Packet Size: 26
[2026-09-02T18:40:56.702+00:00][B] [INFO] Timestamp: 189 ms
[2026-09-02T18:40:56.707+00:00][B] [INFO] Transmission Result: success
[2026-09-02T18:40:56.708+00:00][B] [INFO] --------------------------------
[2026-09-02T18:40:56.712+00:00][B] [INFO] [Heartbeat #189]
[2026-09-02T18:40:56.713+00:00][B] [INFO] Sent
[2026-09-02T18:40:56.713+00:00][B] [INFO] Waiting ACK...
[2026-09-02T18:40:56.713+00:00][B] [INFO] [WAITING ACK]
[2026-09-02T18:40:56.727+00:00][B] [INFO] [RF TX] type=2 source=0x02 destination=0xFF previousHop=0x02 sequence=360 ackSequence=0 ttl=8 hops=0 payloadSize=13 rssi=0 snr=
[2026-09-02T18:40:56.727+00:00][B] [INFO] Heartbeat packet sent
[2026-09-02T18:40:57.226+00:00][A] [WARN] Retry 1
[2026-09-02T18:40:57.293+00:00][A] [INFO] --------------------------------
[2026-09-02T18:40:57.293+00:00][A] [INFO] [HEARTBEAT TX]
[2026-09-02T18:40:57.298+00:00][A] [INFO] Node ID: 1
[2026-09-02T18:40:57.298+00:00][A] [INFO] type: 2
[2026-09-02T18:40:57.298+00:00][A] [INFO] Destination: 0xFF
[2026-09-02T18:40:57.301+00:00][B] [INFO] [RF RX] type=2 source=0x01 destination=0xFF previousHop=0x01 sequence=657 ackSequence=0 ttl=8 hops=0 payloadSize=13 rssi=-62 sn
[2026-09-02T18:40:57.304+00:00][A] [INFO] Sequence: 657
[2026-09-02T18:40:57.304+00:00][A] [INFO] Packet ID: 356
[2026-09-02T18:40:57.309+00:00][A] [INFO] Packet Size: 26
[2026-09-02T18:40:57.309+00:00][A] [INFO] Timestamp: 356 ms
[2026-09-02T18:40:57.315+00:00][A] [INFO] Transmission Result: success
[2026-09-02T18:40:57.315+00:00][A] [INFO] --------------------------------
[2026-09-02T18:40:57.320+00:00][A] [INFO] [Heartbeat #356]
[2026-09-02T18:40:57.320+00:00][A] [INFO] Sent
[2026-09-02T18:40:57.321+00:00][A] [INFO] Waiting ACK...
[2026-09-02T18:40:57.321+00:00][A] [INFO] [WAITING ACK]
[2026-09-02T18:40:57.334+00:00][A] [INFO] [RF TX] type=2 source=0x01 destination=0xFF previousHop=0x01 sequence=657 ackSequence=0 ttl=8 hops=0 payloadSize=13 rssi=0 snr=
[2026-09-02T18:40:57.335+00:00][A] [INFO] Heartbeat packet sent
[2026-09-02T18:40:57.601+00:00][B] [INFO] --------------------------------
[2026-09-02T18:40:57.602+00:00][B] [INFO] [HEARTBEAT TX]
[2026-09-02T18:40:57.606+00:00][B] [INFO] Node ID: 2
[2026-09-02T18:40:57.607+00:00][B] [INFO] type: 2
[2026-09-02T18:40:57.607+00:00][B] [INFO] Destination: 0xFF
[2026-09-02T18:40:57.609+00:00][A] [INFO] [RF RX] type=2 source=0x02 destination=0xFF previousHop=0x02 sequence=361 ackSequence=0 ttl=8 hops=0 payloadSize=13 rssi=-61 sn
[2026-09-02T18:40:57.612+00:00][B] [INFO] Sequence: 361
[2026-09-02T18:40:57.612+00:00][B] [INFO] Packet ID: 190
[2026-09-02T18:40:57.617+00:00][B] [INFO] Packet Size: 26
[2026-09-02T18:40:57.618+00:00][B] [INFO] Timestamp: 190 ms
[2026-09-02T18:40:57.623+00:00][B] [INFO] Transmission Result: success
[2026-09-02T18:40:57.623+00:00][B] [INFO] --------------------------------
[2026-09-02T18:40:57.628+00:00][B] [INFO] [Heartbeat #190]
[2026-09-02T18:40:57.629+00:00][B] [INFO] Sent
[2026-09-02T18:40:57.629+00:00][B] [INFO] Waiting ACK...
[2026-09-02T18:40:57.630+00:00][B] [INFO] [WAITING ACK]
[2026-09-02T18:40:57.643+00:00][B] [INFO] [RF TX] type=2 source=0x02 destination=0xFF previousHop=0x02 sequence=361 ackSequence=0 ttl=8 hops=0 payloadSize=13 rssi=0 snr=
[2026-09-02T18:40:57.643+00:00][B] [INFO] Heartbeat packet sent
[2026-09-02T18:40:58.209+00:00][A] [INFO] --------------------------------
[2026-09-02T18:40:58.210+00:00][A] [INFO] [HEARTBEAT TX]
[2026-09-02T18:40:58.214+00:00][A] [INFO] Node ID: 1
[2026-09-02T18:40:58.214+00:00][A] [INFO] type: 2
[2026-09-02T18:40:58.215+00:00][A] [INFO] Destination: 0xFF
[2026-09-02T18:40:58.217+00:00][B] [INFO] [RF RX] type=2 source=0x01 destination=0xFF previousHop=0x01 sequence=658 ackSequence=0 ttl=8 hops=0 payloadSize=13 rssi=-61 sn
[2026-09-02T18:40:58.220+00:00][A] [INFO] Sequence: 658
[2026-09-02T18:40:58.220+00:00][A] [INFO] Packet ID: 357
[2026-09-02T18:40:58.225+00:00][A] [INFO] Packet Size: 26
[2026-09-02T18:40:58.225+00:00][A] [INFO] Timestamp: 357 ms
[2026-09-02T18:40:58.231+00:00][A] [INFO] Transmission Result: success
[2026-09-02T18:40:58.231+00:00][A] [INFO] --------------------------------
[2026-09-02T18:40:58.236+00:00][A] [INFO] [Heartbeat #357]
[2026-09-02T18:40:58.236+00:00][A] [INFO] Sent
[2026-09-02T18:40:58.237+00:00][A] [INFO] Waiting ACK...
[2026-09-02T18:40:58.237+00:00][A] [INFO] [WAITING ACK]
[2026-09-02T18:40:58.251+00:00][A] [INFO] [RF TX] type=2 source=0x01 destination=0xFF previousHop=0x01 sequence=658 ackSequence=0 ttl=8 hops=0 payloadSize=13 rssi=0 snr=
[2026-09-02T18:40:58.251+00:00][A] [INFO] Heartbeat packet sent
[2026-09-02T18:40:58.618+00:00][B] [WARN] Retry 1
[2026-09-02T18:40:58.685+00:00][B] [INFO] --------------------------------
[2026-09-02T18:40:58.686+00:00][B] [INFO] [HEARTBEAT TX]
[2026-09-02T18:40:58.690+00:00][B] [INFO] Node ID: 2
[2026-09-02T18:40:58.691+00:00][B] [INFO] type: 2
[2026-09-02T18:40:58.691+00:00][B] [INFO] Destination: 0xFF
[2026-09-02T18:40:58.693+00:00][A] [INFO] [RF RX] type=2 source=0x02 destination=0xFF previousHop=0x02 sequence=361 ackSequence=0 ttl=8 hops=0 payloadSize=13 rssi=-61 sn
[2026-09-02T18:40:58.696+00:00][B] [INFO] Sequence: 361
[2026-09-02T18:40:58.696+00:00][B] [INFO] Packet ID: 190
[2026-09-02T18:40:58.701+00:00][B] [INFO] Packet Size: 26
[2026-09-02T18:40:58.702+00:00][B] [INFO] Timestamp: 190 ms
[2026-09-02T18:40:58.707+00:00][B] [INFO] Transmission Result: success
[2026-09-02T18:40:58.707+00:00][B] [INFO] --------------------------------
[2026-09-02T18:40:58.712+00:00][B] [INFO] [Heartbeat #190]
[2026-09-02T18:40:58.713+00:00][B] [INFO] Sent
[2026-09-02T18:40:58.713+00:00][B] [INFO] Waiting ACK...
[2026-09-02T18:40:58.713+00:00][B] [INFO] [WAITING ACK]
[2026-09-02T18:40:58.727+00:00][B] [INFO] [RF TX] type=2 source=0x02 destination=0xFF previousHop=0x02 sequence=361 ackSequence=0 ttl=8 hops=0 payloadSize=13 rssi=0 snr=
[2026-09-02T18:40:58.727+00:00][B] [INFO] Heartbeat packet sent
[2026-09-02T18:40:59.226+00:00][A] [WARN] Retry 1
[2026-09-02T18:40:59.293+00:00][A] [INFO] --------------------------------
[2026-09-02T18:40:59.294+00:00][A] [INFO] [HEARTBEAT TX]
[2026-09-02T18:40:59.298+00:00][A] [INFO] Node ID: 1
[2026-09-02T18:40:59.299+00:00][A] [INFO] type: 2
[2026-09-02T18:40:59.299+00:00][A] [INFO] Destination: 0xFF
[2026-09-02T18:40:59.301+00:00][B] [INFO] [RF RX] type=2 source=0x01 destination=0xFF previousHop=0x01 sequence=658 ackSequence=0 ttl=8 hops=0 payloadSize=13 rssi=-62 sn
[2026-09-02T18:40:59.304+00:00][A] [INFO] Sequence: 658
[2026-09-02T18:40:59.304+00:00][A] [INFO] Packet ID: 357
[2026-09-02T18:40:59.309+00:00][A] [INFO] Packet Size: 26
[2026-09-02T18:40:59.310+00:00][A] [INFO] Timestamp: 357 ms
[2026-09-02T18:40:59.315+00:00][A] [INFO] Transmission Result: success
[2026-09-02T18:40:59.315+00:00][A] [INFO] --------------------------------
[2026-09-02T18:40:59.320+00:00][A] [INFO] [Heartbeat #357]
[2026-09-02T18:40:59.320+00:00][A] [INFO] Sent
[2026-09-02T18:40:59.321+00:00][A] [INFO] Waiting ACK...
[2026-09-02T18:40:59.321+00:00][A] [INFO] [WAITING ACK]
[2026-09-02T18:40:59.335+00:00][A] [INFO] [RF TX] type=2 source=0x01 destination=0xFF previousHop=0x01 sequence=658 ackSequence=0 ttl=8 hops=0 payloadSize=13 rssi=0 snr=
[2026-09-02T18:40:59.335+00:00][A] [INFO] Heartbeat packet sent
[2026-09-02T18:40:59.601+00:00][B] [INFO] --------------------------------
[2026-09-02T18:40:59.602+00:00][B] [INFO] [HEARTBEAT TX]
[2026-09-02T18:40:59.606+00:00][B] [INFO] Node ID: 2
[2026-09-02T18:40:59.607+00:00][B] [INFO] type: 2
[2026-09-02T18:40:59.607+00:00][B] [INFO] Destination: 0xFF
[2026-09-02T18:40:59.609+00:00][A] [INFO] [RF RX] type=2 source=0x02 destination=0xFF previousHop=0x02 sequence=362 ackSequence=0 ttl=8 hops=0 payloadSize=13 rssi=-61 sn
[2026-09-02T18:40:59.612+00:00][B] [INFO] Sequence: 362
[2026-09-02T18:40:59.612+00:00][B] [INFO] Packet ID: 191
[2026-09-02T18:40:59.617+00:00][B] [INFO] Packet Size: 26
[2026-09-02T18:40:59.618+00:00][B] [INFO] Timestamp: 191 ms
[2026-09-02T18:40:59.623+00:00][B] [INFO] Transmission Result: success
[2026-09-02T18:40:59.623+00:00][B] [INFO] --------------------------------
[2026-09-02T18:40:59.628+00:00][B] [INFO] [Heartbeat #191]
[2026-09-02T18:40:59.629+00:00][B] [INFO] Sent
[2026-09-02T18:40:59.629+00:00][B] [INFO] Waiting ACK...
[2026-09-02T18:40:59.629+00:00][B] [INFO] [WAITING ACK]
[2026-09-02T18:40:59.643+00:00][B] [INFO] [RF TX] type=2 source=0x02 destination=0xFF previousHop=0x02 sequence=362 ackSequence=0 ttl=8 hops=0 payloadSize=13 rssi=0 snr=
[2026-09-02T18:40:59.643+00:00][B] [INFO] Heartbeat packet sent
[2026-09-02T18:41:00.209+00:00][A] [INFO] --------------------------------
[2026-09-02T18:41:00.210+00:00][A] [INFO] [HEARTBEAT TX]
[2026-09-02T18:41:00.214+00:00][A] [INFO] Node ID: 1
[2026-09-02T18:41:00.215+00:00][A] [INFO] type: 2
[2026-09-02T18:41:00.215+00:00][A] [INFO] Destination: 0xFF
[2026-09-02T18:41:00.217+00:00][B] [INFO] [RF RX] type=2 source=0x01 destination=0xFF previousHop=0x01 sequence=659 ackSequence=0 ttl=8 hops=0 payloadSize=13 rssi=-61 sn
[2026-09-02T18:41:00.220+00:00][A] [INFO] Sequence: 659
[2026-09-02T18:41:00.220+00:00][A] [INFO] Packet ID: 358
[2026-09-02T18:41:00.225+00:00][A] [INFO] Packet Size: 26
[2026-09-02T18:41:00.226+00:00][A] [INFO] Timestamp: 358 ms
[2026-09-02T18:41:00.231+00:00][A] [INFO] Transmission Result: success
[2026-09-02T18:41:00.231+00:00][A] [INFO] --------------------------------
[2026-09-02T18:41:00.236+00:00][A] [INFO] [Heartbeat #358]
[2026-09-02T18:41:00.237+00:00][A] [INFO] Sent
[2026-09-02T18:41:00.237+00:00][A] [INFO] Waiting ACK...
[2026-09-02T18:41:00.237+00:00][A] [INFO] [WAITING ACK]
[2026-09-02T18:41:00.250+00:00][A] [INFO] [RF TX] type=2 source=0x01 destination=0xFF previousHop=0x01 sequence=659 ackSequence=0 ttl=8 hops=0 payloadSize=13 rssi=0 snr=
[2026-09-02T18:41:00.251+00:00][A] [INFO] Heartbeat packet sent
[2026-09-02T18:41:00.618+00:00][B] [WARN] Retry 1
[2026-09-02T18:41:00.685+00:00][B] [INFO] --------------------------------
[2026-09-02T18:41:00.686+00:00][B] [INFO] [HEARTBEAT TX]
[2026-09-02T18:41:00.690+00:00][B] [INFO] Node ID: 2
[2026-09-02T18:41:00.691+00:00][B] [INFO] type: 2
[2026-09-02T18:41:00.691+00:00][B] [INFO] Destination: 0xFF
[2026-09-02T18:41:00.693+00:00][A] [INFO] [RF RX] type=2 source=0x02 destination=0xFF previousHop=0x02 sequence=362 ackSequence=0 ttl=8 hops=0 payloadSize=13 rssi=-61 sn
[2026-09-02T18:41:00.696+00:00][B] [INFO] Sequence: 362
[2026-09-02T18:41:00.697+00:00][B] [INFO] Packet ID: 191
[2026-09-02T18:41:00.701+00:00][B] [INFO] Packet Size: 26
[2026-09-02T18:41:00.702+00:00][B] [INFO] Timestamp: 191 ms
[2026-09-02T18:41:00.707+00:00][B] [INFO] Transmission Result: success
[2026-09-02T18:41:00.707+00:00][B] [INFO] --------------------------------
[2026-09-02T18:41:00.712+00:00][B] [INFO] [Heartbeat #191]
[2026-09-02T18:41:00.713+00:00][B] [INFO] Sent
[2026-09-02T18:41:00.713+00:00][B] [INFO] Waiting ACK...
[2026-09-02T18:41:00.714+00:00][B] [INFO] [WAITING ACK]
[2026-09-02T18:41:00.727+00:00][B] [INFO] [RF TX] type=2 source=0x02 destination=0xFF previousHop=0x02 sequence=362 ackSequence=0 ttl=8 hops=0 payloadSize=13 rssi=0 snr=
[2026-09-02T18:41:00.727+00:00][B] [INFO] Heartbeat packet sent
[2026-09-02T18:41:01.226+00:00][A] [WARN] Retry 1
[2026-09-02T18:41:01.293+00:00][A] [INFO] --------------------------------
[2026-09-02T18:41:01.294+00:00][A] [INFO] [HEARTBEAT TX]
[2026-09-02T18:41:01.298+00:00][A] [INFO] Node ID: 1
[2026-09-02T18:41:01.299+00:00][A] [INFO] type: 2
[2026-09-02T18:41:01.299+00:00][A] [INFO] Destination: 0xFF
[2026-09-02T18:41:01.301+00:00][B] [INFO] [RF RX] type=2 source=0x01 destination=0xFF previousHop=0x01 sequence=659 ackSequence=0 ttl=8 hops=0 payloadSize=13 rssi=-61 sn
[2026-09-02T18:41:01.304+00:00][A] [INFO] Sequence: 659
[2026-09-02T18:41:01.305+00:00][A] [INFO] Packet ID: 358
[2026-09-02T18:41:01.309+00:00][A] [INFO] Packet Size: 26
[2026-09-02T18:41:01.310+00:00][A] [INFO] Timestamp: 358 ms
[2026-09-02T18:41:01.315+00:00][A] [INFO] Transmission Result: success
[2026-09-02T18:41:01.315+00:00][A] [INFO] --------------------------------
[2026-09-02T18:41:01.320+00:00][A] [INFO] [Heartbeat #358]
[2026-09-02T18:41:01.321+00:00][A] [INFO] Sent
[2026-09-02T18:41:01.321+00:00][A] [INFO] Waiting ACK...
[2026-09-02T18:41:01.321+00:00][A] [INFO] [WAITING ACK]
[2026-09-02T18:41:01.334+00:00][A] [INFO] [RF TX] type=2 source=0x01 destination=0xFF previousHop=0x01 sequence=659 ackSequence=0 ttl=8 hops=0 payloadSize=13 rssi=0 snr=
[2026-09-02T18:41:01.335+00:00][A] [INFO] Heartbeat packet sent
[2026-09-02T18:41:01.601+00:00][B] [INFO] --------------------------------
[2026-09-02T18:41:01.601+00:00][B] [INFO] [HEARTBEAT TX]
[2026-09-02T18:41:01.606+00:00][B] [INFO] Node ID: 2
[2026-09-02T18:41:01.606+00:00][B] [INFO] type: 2
[2026-09-02T18:41:01.606+00:00][B] [INFO] Destination: 0xFF
[2026-09-02T18:41:01.609+00:00][A] [INFO] [RF RX] type=2 source=0x02 destination=0xFF previousHop=0x02 sequence=363 ackSequence=0 ttl=8 hops=0 payloadSize=13 rssi=-61 sn
[2026-09-02T18:41:01.612+00:00][B] [INFO] Sequence: 363
[2026-09-02T18:41:01.612+00:00][B] [INFO] Packet ID: 192
[2026-09-02T18:41:01.617+00:00][B] [INFO] Packet Size: 26
[2026-09-02T18:41:01.617+00:00][B] [INFO] Timestamp: 192 ms
[2026-09-02T18:41:01.623+00:00][B] [INFO] Transmission Result: success
[2026-09-02T18:41:01.623+00:00][B] [INFO] --------------------------------
[2026-09-02T18:41:01.628+00:00][B] [INFO] [Heartbeat #192]
[2026-09-02T18:41:01.629+00:00][B] [INFO] Sent
[2026-09-02T18:41:01.629+00:00][B] [INFO] Waiting ACK...
[2026-09-02T18:41:01.629+00:00][B] [INFO] [WAITING ACK]
[2026-09-02T18:41:01.643+00:00][B] [INFO] [RF TX] type=2 source=0x02 destination=0xFF previousHop=0x02 sequence=363 ackSequence=0 ttl=8 hops=0 payloadSize=13 rssi=0 snr=
[2026-09-02T18:41:01.643+00:00][B] [INFO] Heartbeat packet sent
[2026-09-02T18:41:02.209+00:00][A] [INFO] --------------------------------
[2026-09-02T18:41:02.210+00:00][A] [INFO] [HEARTBEAT TX]
[2026-09-02T18:41:02.214+00:00][A] [INFO] Node ID: 1
[2026-09-02T18:41:02.214+00:00][A] [INFO] type: 2
[2026-09-02T18:41:02.215+00:00][A] [INFO] Destination: 0xFF
[2026-09-02T18:41:02.217+00:00][B] [INFO] [RF RX] type=2 source=0x01 destination=0xFF previousHop=0x01 sequence=660 ackSequence=0 ttl=8 hops=0 payloadSize=13 rssi=-61 sn
[2026-09-02T18:41:02.220+00:00][A] [INFO] Sequence: 660
[2026-09-02T18:41:02.220+00:00][A] [INFO] Packet ID: 359
[2026-09-02T18:41:02.225+00:00][A] [INFO] Packet Size: 26
[2026-09-02T18:41:02.225+00:00][A] [INFO] Timestamp: 359 ms
[2026-09-02T18:41:02.231+00:00][A] [INFO] Transmission Result: success
[2026-09-02T18:41:02.231+00:00][A] [INFO] --------------------------------
[2026-09-02T18:41:02.236+00:00][A] [INFO] [Heartbeat #359]
[2026-09-02T18:41:02.237+00:00][A] [INFO] Sent
[2026-09-02T18:41:02.237+00:00][A] [INFO] Waiting ACK...
[2026-09-02T18:41:02.237+00:00][A] [INFO] [WAITING ACK]
[2026-09-02T18:41:02.250+00:00][A] [INFO] [RF TX] type=2 source=0x01 destination=0xFF previousHop=0x01 sequence=660 ackSequence=0 ttl=8 hops=0 payloadSize=13 rssi=0 snr=
[2026-09-02T18:41:02.251+00:00][A] [INFO] Heartbeat packet sent
[2026-09-02T18:41:02.618+00:00][B] [WARN] Retry 1
[2026-09-02T18:41:02.685+00:00][B] [INFO] --------------------------------
[2026-09-02T18:41:02.685+00:00][B] [INFO] [HEARTBEAT TX]
[2026-09-02T18:41:02.690+00:00][B] [INFO] Node ID: 2
[2026-09-02T18:41:02.691+00:00][B] [INFO] type: 2
[2026-09-02T18:41:02.691+00:00][B] [INFO] Destination: 0xFF
[2026-09-02T18:41:02.693+00:00][A] [INFO] [RF RX] type=2 source=0x02 destination=0xFF previousHop=0x02 sequence=363 ackSequence=0 ttl=8 hops=0 payloadSize=13 rssi=-61 sn
[2026-09-02T18:41:02.696+00:00][B] [INFO] Sequence: 363
[2026-09-02T18:41:02.696+00:00][B] [INFO] Packet ID: 192
[2026-09-02T18:41:02.701+00:00][B] [INFO] Packet Size: 26
[2026-09-02T18:41:02.702+00:00][B] [INFO] Timestamp: 192 ms
[2026-09-02T18:41:02.707+00:00][B] [INFO] Transmission Result: success
[2026-09-02T18:41:02.707+00:00][B] [INFO] --------------------------------
[2026-09-02T18:41:02.712+00:00][B] [INFO] [Heartbeat #192]
[2026-09-02T18:41:02.713+00:00][B] [INFO] Sent
[2026-09-02T18:41:02.713+00:00][B] [INFO] Waiting ACK...
[2026-09-02T18:41:02.713+00:00][B] [INFO] [WAITING ACK]
[2026-09-02T18:41:02.726+00:00][B] [INFO] [RF TX] type=2 source=0x02 destination=0xFF previousHop=0x02 sequence=363 ackSequence=0 ttl=8 hops=0 payloadSize=13 rssi=0 snr=
[2026-09-02T18:41:02.727+00:00][B] [INFO] Heartbeat packet sent
[2026-09-02T18:41:03.226+00:00][A] [WARN] Retry 1
[2026-09-02T18:41:03.293+00:00][A] [INFO] --------------------------------
[2026-09-02T18:41:03.294+00:00][A] [INFO] [HEARTBEAT TX]
[2026-09-02T18:41:03.298+00:00][A] [INFO] Node ID: 1
[2026-09-02T18:41:03.298+00:00][A] [INFO] type: 2
[2026-09-02T18:41:03.299+00:00][A] [INFO] Destination: 0xFF
[2026-09-02T18:41:03.301+00:00][B] [INFO] [RF RX] type=2 source=0x01 destination=0xFF previousHop=0x01 sequence=660 ackSequence=0 ttl=8 hops=0 payloadSize=13 rssi=-62 sn
[2026-09-02T18:41:03.304+00:00][A] [INFO] Sequence: 660
[2026-09-02T18:41:03.304+00:00][A] [INFO] Packet ID: 359
[2026-09-02T18:41:03.309+00:00][A] [INFO] Packet Size: 26
[2026-09-02T18:41:03.309+00:00][A] [INFO] Timestamp: 359 ms
[2026-09-02T18:41:03.314+00:00][A] [INFO] Transmission Result: success
[2026-09-02T18:41:03.315+00:00][A] [INFO] --------------------------------
[2026-09-02T18:41:03.320+00:00][A] [INFO] [Heartbeat #359]
[2026-09-02T18:41:03.320+00:00][A] [INFO] Sent
[2026-09-02T18:41:03.321+00:00][A] [INFO] Waiting ACK...
[2026-09-02T18:41:03.321+00:00][A] [INFO] [WAITING ACK]
[2026-09-02T18:41:03.334+00:00][A] [INFO] [RF TX] type=2 source=0x01 destination=0xFF previousHop=0x01 sequence=660 ackSequence=0 ttl=8 hops=0 payloadSize=13 rssi=0 snr=
[2026-09-02T18:41:03.335+00:00][A] [INFO] Heartbeat packet sent
[2026-09-02T18:41:03.601+00:00][B] [INFO] --------------------------------
[2026-09-02T18:41:03.601+00:00][B] [INFO] [HEARTBEAT TX]
[2026-09-02T18:41:03.606+00:00][B] [INFO] Node ID: 2
[2026-09-02T18:41:03.606+00:00][B] [INFO] type: 2
[2026-09-02T18:41:03.607+00:00][B] [INFO] Destination: 0xFF
[2026-09-02T18:41:03.609+00:00][A] [INFO] [RF RX] type=2 source=0x02 destination=0xFF previousHop=0x02 sequence=364 ackSequence=0 ttl=8 hops=0 payloadSize=13 rssi=-60 sn
[2026-09-02T18:41:03.612+00:00][B] [INFO] Sequence: 364
[2026-09-02T18:41:03.612+00:00][B] [INFO] Packet ID: 193
[2026-09-02T18:41:03.617+00:00][B] [INFO] Packet Size: 26
[2026-09-02T18:41:03.617+00:00][B] [INFO] Timestamp: 193 ms
[2026-09-02T18:41:03.623+00:00][B] [INFO] Transmission Result: success
[2026-09-02T18:41:03.623+00:00][B] [INFO] --------------------------------
[2026-09-02T18:41:03.628+00:00][B] [INFO] [Heartbeat #193]
[2026-09-02T18:41:03.628+00:00][B] [INFO] Sent
[2026-09-02T18:41:03.629+00:00][B] [INFO] Waiting ACK...
[2026-09-02T18:41:03.629+00:00][B] [INFO] [WAITING ACK]
[2026-09-02T18:41:03.642+00:00][B] [INFO] [RF TX] type=2 source=0x02 destination=0xFF previousHop=0x02 sequence=364 ackSequence=0 ttl=8 hops=0 payloadSize=13 rssi=0 snr=
[2026-09-02T18:41:03.643+00:00][B] [INFO] Heartbeat packet sent
[2026-09-02T18:41:04.209+00:00][A] [INFO] --------------------------------
[2026-09-02T18:41:04.210+00:00][A] [INFO] [HEARTBEAT TX]
[2026-09-02T18:41:04.214+00:00][A] [INFO] Node ID: 1
[2026-09-02T18:41:04.215+00:00][A] [INFO] type: 2
[2026-09-02T18:41:04.215+00:00][A] [INFO] Destination: 0xFF
[2026-09-02T18:41:04.217+00:00][B] [INFO] [RF RX] type=2 source=0x01 destination=0xFF previousHop=0x01 sequence=661 ackSequence=0 ttl=8 hops=0 payloadSize=13 rssi=-62 sn
[2026-09-02T18:41:04.220+00:00][A] [INFO] Sequence: 661
[2026-09-02T18:41:04.220+00:00][A] [INFO] Packet ID: 360
[2026-09-02T18:41:04.225+00:00][A] [INFO] Packet Size: 26
[2026-09-02T18:41:04.226+00:00][A] [INFO] Timestamp: 360 ms
[2026-09-02T18:41:04.231+00:00][A] [INFO] Transmission Result: success
[2026-09-02T18:41:04.231+00:00][A] [INFO] --------------------------------
[2026-09-02T18:41:04.236+00:00][A] [INFO] [Heartbeat #360]
[2026-09-02T18:41:04.236+00:00][A] [INFO] Sent
[2026-09-02T18:41:04.237+00:00][A] [INFO] Waiting ACK...
[2026-09-02T18:41:04.237+00:00][A] [INFO] [WAITING ACK]
[2026-09-02T18:41:04.250+00:00][A] [INFO] [RF TX] type=2 source=0x01 destination=0xFF previousHop=0x01 sequence=661 ackSequence=0 ttl=8 hops=0 payloadSize=13 rssi=0 snr=
[2026-09-02T18:41:04.251+00:00][A] [INFO] Heartbeat packet sent
[2026-09-02T18:41:04.618+00:00][B] [WARN] Retry 1
[2026-09-02T18:41:04.685+00:00][B] [INFO] --------------------------------
[2026-09-02T18:41:04.685+00:00][B] [INFO] [HEARTBEAT TX]
[2026-09-02T18:41:04.691+00:00][B] [INFO] Node ID: 2
[2026-09-02T18:41:04.693+00:00][B] [INFO] type: 2
[2026-09-02T18:41:04.694+00:00][A] [INFO] [RF RX] type=2 source=0x02 destination=0xFF previousHop=0x02 sequence=364 ackSequence=0 ttl=8 hops=0 payloadSize=13 rssi=-61 sn
[2026-09-02T18:41:04.696+00:00][B] [INFO] Destination: 0xFF
[2026-09-02T18:41:04.696+00:00][B] [INFO] Sequence: 364
[2026-09-02T18:41:04.697+00:00][B] [INFO] Packet ID: 193
[2026-09-02T18:41:04.701+00:00][B] [INFO] Packet Size: 26
[2026-09-02T18:41:04.704+00:00][B] [INFO] Timestamp: 193 ms
[2026-09-02T18:41:04.707+00:00][B] [INFO] Transmission Result: success
[2026-09-02T18:41:04.707+00:00][B] [INFO] --------------------------------
[2026-09-02T18:41:04.712+00:00][B] [INFO] [Heartbeat #193]
[2026-09-02T18:41:04.712+00:00][B] [INFO] Sent
[2026-09-02T18:41:04.713+00:00][B] [INFO] Waiting ACK...
[2026-09-02T18:41:04.713+00:00][B] [INFO] [WAITING ACK]
[2026-09-02T18:41:04.726+00:00][B] [INFO] [RF TX] type=2 source=0x02 destination=0xFF previousHop=0x02 sequence=364 ackSequence=0 ttl=8 hops=0 payloadSize=13 rssi=0 snr=
[2026-09-02T18:41:04.727+00:00][B] [INFO] Heartbeat packet sent
[2026-09-02T18:41:05.226+00:00][A] [WARN] Retry 1
[2026-09-02T18:41:05.293+00:00][A] [INFO] --------------------------------
[2026-09-02T18:41:05.293+00:00][A] [INFO] [HEARTBEAT TX]
[2026-09-02T18:41:05.298+00:00][A] [INFO] Node ID: 1
[2026-09-02T18:41:05.299+00:00][A] [INFO] type: 2
[2026-09-02T18:41:05.299+00:00][A] [INFO] Destination: 0xFF
[2026-09-02T18:41:05.301+00:00][B] [INFO] [RF RX] type=2 source=0x01 destination=0xFF previousHop=0x01 sequence=661 ackSequence=0 ttl=8 hops=0 payloadSize=13 rssi=-62 sn
[2026-09-02T18:41:05.304+00:00][A] [INFO] Sequence: 661
[2026-09-02T18:41:05.304+00:00][A] [INFO] Packet ID: 360
[2026-09-02T18:41:05.309+00:00][A] [INFO] Packet Size: 26
[2026-09-02T18:41:05.309+00:00][A] [INFO] Timestamp: 360 ms
[2026-09-02T18:41:05.315+00:00][A] [INFO] Transmission Result: success
[2026-09-02T18:41:05.315+00:00][A] [INFO] --------------------------------
[2026-09-02T18:41:05.320+00:00][A] [INFO] [Heartbeat #360]
[2026-09-02T18:41:05.320+00:00][A] [INFO] Sent
[2026-09-02T18:41:05.321+00:00][A] [INFO] Waiting ACK...
[2026-09-02T18:41:05.321+00:00][A] [INFO] [WAITING ACK]
[2026-09-02T18:41:05.334+00:00][A] [INFO] [RF TX] type=2 source=0x01 destination=0xFF previousHop=0x01 sequence=661 ackSequence=0 ttl=8 hops=0 payloadSize=13 rssi=0 snr=
[2026-09-02T18:41:05.335+00:00][A] [INFO] Heartbeat packet sent
[2026-09-02T18:41:05.601+00:00][B] [INFO] --------------------------------
[2026-09-02T18:41:05.601+00:00][B] [INFO] [HEARTBEAT TX]
[2026-09-02T18:41:05.606+00:00][B] [INFO] Node ID: 2
[2026-09-02T18:41:05.606+00:00][B] [INFO] type: 2
[2026-09-02T18:41:05.607+00:00][B] [INFO] Destination: 0xFF
[2026-09-02T18:41:05.609+00:00][A] [INFO] [RF RX] type=2 source=0x02 destination=0xFF previousHop=0x02 sequence=365 ackSequence=0 ttl=8 hops=0 payloadSize=13 rssi=-61 sn
[2026-09-02T18:41:05.612+00:00][B] [INFO] Sequence: 365
[2026-09-02T18:41:05.612+00:00][B] [INFO] Packet ID: 194
[2026-09-02T18:41:05.617+00:00][B] [INFO] Packet Size: 26
[2026-09-02T18:41:05.618+00:00][B] [INFO] Timestamp: 194 ms
[2026-09-02T18:41:05.623+00:00][B] [INFO] Transmission Result: success
[2026-09-02T18:41:05.623+00:00][B] [INFO] --------------------------------
[2026-09-02T18:41:05.628+00:00][B] [INFO] [Heartbeat #194]
[2026-09-02T18:41:05.628+00:00][B] [INFO] Sent
[2026-09-02T18:41:05.629+00:00][B] [INFO] Waiting ACK...
[2026-09-02T18:41:05.629+00:00][B] [INFO] [WAITING ACK]
[2026-09-02T18:41:05.642+00:00][B] [INFO] [RF TX] type=2 source=0x02 destination=0xFF previousHop=0x02 sequence=365 ackSequence=0 ttl=8 hops=0 payloadSize=13 rssi=0 snr=
[2026-09-02T18:41:05.643+00:00][B] [INFO] Heartbeat packet sent
[2026-09-02T18:41:06.209+00:00][A] [INFO] --------------------------------
[2026-09-02T18:41:06.209+00:00][A] [INFO] [HEARTBEAT TX]
[2026-09-02T18:41:06.214+00:00][A] [INFO] Node ID: 1
[2026-09-02T18:41:06.214+00:00][A] [INFO] type: 2
[2026-09-02T18:41:06.215+00:00][A] [INFO] Destination: 0xFF
[2026-09-02T18:41:06.217+00:00][B] [INFO] [RF RX] type=2 source=0x01 destination=0xFF previousHop=0x01 sequence=662 ackSequence=0 ttl=8 hops=0 payloadSize=13 rssi=-61 sn
[2026-09-02T18:41:06.220+00:00][A] [INFO] Sequence: 662
[2026-09-02T18:41:06.220+00:00][A] [INFO] Packet ID: 361
[2026-09-02T18:41:06.225+00:00][A] [INFO] Packet Size: 26
[2026-09-02T18:41:06.225+00:00][A] [INFO] Timestamp: 361 ms
[2026-09-02T18:41:06.231+00:00][A] [INFO] Transmission Result: success
[2026-09-02T18:41:06.231+00:00][A] [INFO] --------------------------------
[2026-09-02T18:41:06.236+00:00][A] [INFO] [Heartbeat #361]
[2026-09-02T18:41:06.236+00:00][A] [INFO] Sent
[2026-09-02T18:41:06.237+00:00][A] [INFO] Waiting ACK...
[2026-09-02T18:41:06.237+00:00][A] [INFO] [WAITING ACK]
[2026-09-02T18:41:06.250+00:00][A] [INFO] [RF TX] type=2 source=0x01 destination=0xFF previousHop=0x01 sequence=662 ackSequence=0 ttl=8 hops=0 payloadSize=13 rssi=0 snr=
[2026-09-02T18:41:06.251+00:00][A] [INFO] Heartbeat packet sent
[2026-09-02T18:41:06.618+00:00][B] [WARN] Retry 1
[2026-09-02T18:41:06.685+00:00][B] [INFO] --------------------------------
[2026-09-02T18:41:06.685+00:00][B] [INFO] [HEARTBEAT TX]
[2026-09-02T18:41:06.690+00:00][B] [INFO] Node ID: 2
[2026-09-02T18:41:06.690+00:00][B] [INFO] type: 2
[2026-09-02T18:41:06.691+00:00][B] [INFO] Destination: 0xFF
[2026-09-02T18:41:06.693+00:00][A] [INFO] [RF RX] type=2 source=0x02 destination=0xFF previousHop=0x02 sequence=365 ackSequence=0 ttl=8 hops=0 payloadSize=13 rssi=-61 sn
[2026-09-02T18:41:06.696+00:00][B] [INFO] Sequence: 365
[2026-09-02T18:41:06.696+00:00][B] [INFO] Packet ID: 194
[2026-09-02T18:41:06.701+00:00][B] [INFO] Packet Size: 26
[2026-09-02T18:41:06.701+00:00][B] [INFO] Timestamp: 194 ms
[2026-09-02T18:41:06.707+00:00][B] [INFO] Transmission Result: success
[2026-09-02T18:41:06.707+00:00][B] [INFO] --------------------------------
[2026-09-02T18:41:06.712+00:00][B] [INFO] [Heartbeat #194]
[2026-09-02T18:41:06.712+00:00][B] [INFO] Sent
[2026-09-02T18:41:06.713+00:00][B] [INFO] Waiting ACK...
[2026-09-02T18:41:06.713+00:00][B] [INFO] [WAITING ACK]
[2026-09-02T18:41:06.726+00:00][B] [INFO] [RF TX] type=2 source=0x02 destination=0xFF previousHop=0x02 sequence=365 ackSequence=0 ttl=8 hops=0 payloadSize=13 rssi=0 snr=
[2026-09-02T18:41:06.727+00:00][B] [INFO] Heartbeat packet sent
[2026-09-02T18:41:07.226+00:00][A] [WARN] Retry 1
[2026-09-02T18:41:07.293+00:00][A] [INFO] --------------------------------
[2026-09-02T18:41:07.293+00:00][A] [INFO] [HEARTBEAT TX]
[2026-09-02T18:41:07.298+00:00][A] [INFO] Node ID: 1
[2026-09-02T18:41:07.298+00:00][A] [INFO] type: 2
[2026-09-02T18:41:07.299+00:00][A] [INFO] Destination: 0xFF
[2026-09-02T18:41:07.301+00:00][B] [INFO] [RF RX] type=2 source=0x01 destination=0xFF previousHop=0x01 sequence=662 ackSequence=0 ttl=8 hops=0 payloadSize=13 rssi=-61 sn
[2026-09-02T18:41:07.304+00:00][A] [INFO] Sequence: 662
[2026-09-02T18:41:07.304+00:00][A] [INFO] Packet ID: 361
[2026-09-02T18:41:07.309+00:00][A] [INFO] Packet Size: 26
[2026-09-02T18:41:07.309+00:00][A] [INFO] Timestamp: 361 ms
[2026-09-02T18:41:07.315+00:00][A] [INFO] Transmission Result: success
[2026-09-02T18:41:07.315+00:00][A] [INFO] --------------------------------
[2026-09-02T18:41:07.320+00:00][A] [INFO] [Heartbeat #361]
[2026-09-02T18:41:07.320+00:00][A] [INFO] Sent
[2026-09-02T18:41:07.321+00:00][A] [INFO] Waiting ACK...
[2026-09-02T18:41:07.321+00:00][A] [INFO] [WAITING ACK]
[2026-09-02T18:41:07.334+00:00][A] [INFO] [RF TX] type=2 source=0x01 destination=0xFF previousHop=0x01 sequence=662 ackSequence=0 ttl=8 hops=0 payloadSize=13 rssi=0 snr=
[2026-09-02T18:41:07.335+00:00][A] [INFO] Heartbeat packet sent
[2026-09-02T18:41:07.601+00:00][B] [INFO] --------------------------------
[2026-09-02T18:41:07.601+00:00][B] [INFO] [HEARTBEAT TX]
[2026-09-02T18:41:07.606+00:00][B] [INFO] Node ID: 2
[2026-09-02T18:41:07.606+00:00][B] [INFO] type: 2
[2026-09-02T18:41:07.607+00:00][B] [INFO] Destination: 0xFF
[2026-09-02T18:41:07.609+00:00][A] [INFO] [RF RX] type=2 source=0x02 destination=0xFF previousHop=0x02 sequence=366 ackSequence=0 ttl=8 hops=0 payloadSize=13 rssi=-61 sn
[2026-09-02T18:41:07.612+00:00][B] [INFO] Sequence: 366
[2026-09-02T18:41:07.612+00:00][B] [INFO] Packet ID: 195
[2026-09-02T18:41:07.617+00:00][B] [INFO] Packet Size: 26
[2026-09-02T18:41:07.617+00:00][B] [INFO] Timestamp: 195 ms
[2026-09-02T18:41:07.623+00:00][B] [INFO] Transmission Result: success
[2026-09-02T18:41:07.623+00:00][B] [INFO] --------------------------------
[2026-09-02T18:41:07.628+00:00][B] [INFO] [Heartbeat #195]
[2026-09-02T18:41:07.628+00:00][B] [INFO] Sent
[2026-09-02T18:41:07.629+00:00][B] [INFO] Waiting ACK...
[2026-09-02T18:41:07.629+00:00][B] [INFO] [WAITING ACK]
[2026-09-02T18:41:07.642+00:00][B] [INFO] [RF TX] type=2 source=0x02 destination=0xFF previousHop=0x02 sequence=366 ackSequence=0 ttl=8 hops=0 payloadSize=13 rssi=0 snr=
[2026-09-02T18:41:07.643+00:00][B] [INFO] Heartbeat packet sent
[2026-09-02T18:41:08.209+00:00][A] [INFO] --------------------------------
[2026-09-02T18:41:08.209+00:00][A] [INFO] [HEARTBEAT TX]
[2026-09-02T18:41:08.214+00:00][A] [INFO] Node ID: 1
[2026-09-02T18:41:08.214+00:00][A] [INFO] type: 2
[2026-09-02T18:41:08.214+00:00][A] [INFO] Destination: 0xFF
[2026-09-02T18:41:08.217+00:00][B] [INFO] [RF RX] type=2 source=0x01 destination=0xFF previousHop=0x01 sequence=663 ackSequence=0 ttl=8 hops=0 payloadSize=13 rssi=-61 sn
[2026-09-02T18:41:08.220+00:00][A] [INFO] Sequence: 663
[2026-09-02T18:41:08.220+00:00][A] [INFO] Packet ID: 362
[2026-09-02T18:41:08.225+00:00][A] [INFO] Packet Size: 26
[2026-09-02T18:41:08.225+00:00][A] [INFO] Timestamp: 362 ms
[2026-09-02T18:41:08.230+00:00][A] [INFO] Transmission Result: success
[2026-09-02T18:41:08.231+00:00][A] [INFO] --------------------------------
[2026-09-02T18:41:08.236+00:00][A] [INFO] [Heartbeat #362]
[2026-09-02T18:41:08.236+00:00][A] [INFO] Sent
[2026-09-02T18:41:08.237+00:00][A] [INFO] Waiting ACK...
[2026-09-02T18:41:08.237+00:00][A] [INFO] [WAITING ACK]
[2026-09-02T18:41:08.250+00:00][A] [INFO] [RF TX] type=2 source=0x01 destination=0xFF previousHop=0x01 sequence=663 ackSequence=0 ttl=8 hops=0 payloadSize=13 rssi=0 snr=
[2026-09-02T18:41:08.251+00:00][A] [INFO] Heartbeat packet sent
[2026-09-02T18:41:08.618+00:00][B] [WARN] Retry 1
[2026-09-02T18:41:08.685+00:00][B] [INFO] --------------------------------
[2026-09-02T18:41:08.685+00:00][B] [INFO] [HEARTBEAT TX]
[2026-09-02T18:41:08.690+00:00][B] [INFO] Node ID: 2
[2026-09-02T18:41:08.690+00:00][B] [INFO] type: 2
[2026-09-02T18:41:08.691+00:00][B] [INFO] Destination: 0xFF
[2026-09-02T18:41:08.693+00:00][A] [INFO] [RF RX] type=2 source=0x02 destination=0xFF previousHop=0x02 sequence=366 ackSequence=0 ttl=8 hops=0 payloadSize=13 rssi=-60 sn
[2026-09-02T18:41:08.696+00:00][B] [INFO] Sequence: 366
[2026-09-02T18:41:08.696+00:00][B] [INFO] Packet ID: 195
[2026-09-02T18:41:08.701+00:00][B] [INFO] Packet Size: 26
[2026-09-02T18:41:08.701+00:00][B] [INFO] Timestamp: 195 ms
[2026-09-02T18:41:08.706+00:00][B] [INFO] Transmission Result: success
[2026-09-02T18:41:08.707+00:00][B] [INFO] --------------------------------
[2026-09-02T18:41:08.712+00:00][B] [INFO] [Heartbeat #195]
[2026-09-02T18:41:08.712+00:00][B] [INFO] Sent
[2026-09-02T18:41:08.713+00:00][B] [INFO] Waiting ACK...
[2026-09-02T18:41:08.713+00:00][B] [INFO] [WAITING ACK]
[2026-09-02T18:41:08.726+00:00][B] [INFO] [RF TX] type=2 source=0x02 destination=0xFF previousHop=0x02 sequence=366 ackSequence=0 ttl=8 hops=0 payloadSize=13 rssi=0 snr=
[2026-09-02T18:41:08.727+00:00][B] [INFO] Heartbeat packet sent
[2026-09-02T18:41:09.226+00:00][A] [WARN] Retry 1
[2026-09-02T18:41:09.293+00:00][A] [INFO] --------------------------------
[2026-09-02T18:41:09.293+00:00][A] [INFO] [HEARTBEAT TX]
[2026-09-02T18:41:09.298+00:00][A] [INFO] Node ID: 1
[2026-09-02T18:41:09.298+00:00][A] [INFO] type: 2
[2026-09-02T18:41:09.299+00:00][A] [INFO] Destination: 0xFF
[2026-09-02T18:41:09.301+00:00][B] [INFO] [RF RX] type=2 source=0x01 destination=0xFF previousHop=0x01 sequence=663 ackSequence=0 ttl=8 hops=0 payloadSize=13 rssi=-62 sn
[2026-09-02T18:41:09.304+00:00][A] [INFO] Sequence: 663
[2026-09-02T18:41:09.304+00:00][A] [INFO] Packet ID: 362
[2026-09-02T18:41:09.309+00:00][A] [INFO] Packet Size: 26
[2026-09-02T18:41:09.309+00:00][A] [INFO] Timestamp: 362 ms
[2026-09-02T18:41:09.314+00:00][A] [INFO] Transmission Result: success
[2026-09-02T18:41:09.315+00:00][A] [INFO] --------------------------------
[2026-09-02T18:41:09.320+00:00][A] [INFO] [Heartbeat #362]
[2026-09-02T18:41:09.320+00:00][A] [INFO] Sent
[2026-09-02T18:41:09.321+00:00][A] [INFO] Waiting ACK...
[2026-09-02T18:41:09.321+00:00][A] [INFO] [WAITING ACK]
[2026-09-02T18:41:09.334+00:00][A] [INFO] [RF TX] type=2 source=0x01 destination=0xFF previousHop=0x01 sequence=663 ackSequence=0 ttl=8 hops=0 payloadSize=13 rssi=0 snr=
[2026-09-02T18:41:09.335+00:00][A] [INFO] Heartbeat packet sent
[2026-09-02T18:41:09.601+00:00][B] [INFO] --------------------------------
[2026-09-02T18:41:09.601+00:00][B] [INFO] [HEARTBEAT TX]
[2026-09-02T18:41:09.606+00:00][B] [INFO] Node ID: 2
[2026-09-02T18:41:09.606+00:00][B] [INFO] type: 2
[2026-09-02T18:41:09.607+00:00][B] [INFO] Destination: 0xFF
[2026-09-02T18:41:09.609+00:00][A] [INFO] [RF RX] type=2 source=0x02 destination=0xFF previousHop=0x02 sequence=367 ackSequence=0 ttl=8 hops=0 payloadSize=13 rssi=-61 sn
[2026-09-02T18:41:09.612+00:00][B] [INFO] Sequence: 367
[2026-09-02T18:41:09.612+00:00][B] [INFO] Packet ID: 196
[2026-09-02T18:41:09.617+00:00][B] [INFO] Packet Size: 26
[2026-09-02T18:41:09.617+00:00][B] [INFO] Timestamp: 196 ms
[2026-09-02T18:41:09.622+00:00][B] [INFO] Transmission Result: success
[2026-09-02T18:41:09.623+00:00][B] [INFO] --------------------------------
[2026-09-02T18:41:09.628+00:00][B] [INFO] [Heartbeat #196]
[2026-09-02T18:41:09.628+00:00][B] [INFO] Sent
[2026-09-02T18:41:09.629+00:00][B] [INFO] Waiting ACK...
[2026-09-02T18:41:09.629+00:00][B] [INFO] [WAITING ACK]
[2026-09-02T18:41:09.642+00:00][B] [INFO] [RF TX] type=2 source=0x02 destination=0xFF previousHop=0x02 sequence=367 ackSequence=0 ttl=8 hops=0 payloadSize=13 rssi=0 snr=
[2026-09-02T18:41:09.643+00:00][B] [INFO] Heartbeat packet sent
[2026-09-02T18:41:10.209+00:00][A] [INFO] --------------------------------
[2026-09-02T18:41:10.209+00:00][A] [INFO] [HEARTBEAT TX]
[2026-09-02T18:41:10.214+00:00][A] [INFO] Node ID: 1
[2026-09-02T18:41:10.214+00:00][A] [INFO] type: 2
[2026-09-02T18:41:10.215+00:00][A] [INFO] Destination: 0xFF
[2026-09-02T18:41:10.217+00:00][B] [INFO] [RF RX] type=2 source=0x01 destination=0xFF previousHop=0x01 sequence=664 ackSequence=0 ttl=8 hops=0 payloadSize=13 rssi=-61 sn
[2026-09-02T18:41:10.221+00:00][A] [INFO] Sequence: 664
[2026-09-02T18:41:10.221+00:00][A] [INFO] Packet ID: 363
[2026-09-02T18:41:10.225+00:00][A] [INFO] Packet Size: 26
[2026-09-02T18:41:10.225+00:00][A] [INFO] Timestamp: 363 ms
[2026-09-02T18:41:10.231+00:00][A] [INFO] Transmission Result: success
[2026-09-02T18:41:10.231+00:00][A] [INFO] --------------------------------
[2026-09-02T18:41:10.236+00:00][A] [INFO] [Heartbeat #363]
[2026-09-02T18:41:10.236+00:00][A] [INFO] Sent
[2026-09-02T18:41:10.237+00:00][A] [INFO] Waiting ACK...
[2026-09-02T18:41:10.237+00:00][A] [INFO] [WAITING ACK]
[2026-09-02T18:41:10.250+00:00][A] [INFO] [RF TX] type=2 source=0x01 destination=0xFF previousHop=0x01 sequence=664 ackSequence=0 ttl=8 hops=0 payloadSize=13 rssi=0 snr=
[2026-09-02T18:41:10.251+00:00][A] [INFO] Heartbeat packet sent
[2026-09-02T18:41:10.618+00:00][B] [WARN] Retry 1
[2026-09-02T18:41:10.685+00:00][B] [INFO] --------------------------------
[2026-09-02T18:41:10.685+00:00][B] [INFO] [HEARTBEAT TX]
[2026-09-02T18:41:10.690+00:00][B] [INFO] Node ID: 2
[2026-09-02T18:41:10.690+00:00][B] [INFO] type: 2
[2026-09-02T18:41:10.691+00:00][B] [INFO] Destination: 0xFF
[2026-09-02T18:41:10.693+00:00][A] [INFO] [RF RX] type=2 source=0x02 destination=0xFF previousHop=0x02 sequence=367 ackSequence=0 ttl=8 hops=0 payloadSize=13 rssi=-61 sn
[2026-09-02T18:41:10.696+00:00][B] [INFO] Sequence: 367
[2026-09-02T18:41:10.696+00:00][B] [INFO] Packet ID: 196
[2026-09-02T18:41:10.701+00:00][B] [INFO] Packet Size: 26
[2026-09-02T18:41:10.701+00:00][B] [INFO] Timestamp: 196 ms
[2026-09-02T18:41:10.706+00:00][B] [INFO] Transmission Result: success
[2026-09-02T18:41:10.707+00:00][B] [INFO] --------------------------------
[2026-09-02T18:41:10.712+00:00][B] [INFO] [Heartbeat #196]
[2026-09-02T18:41:10.712+00:00][B] [INFO] Sent
[2026-09-02T18:41:10.713+00:00][B] [INFO] Waiting ACK...
[2026-09-02T18:41:10.713+00:00][B] [INFO] [WAITING ACK]
[2026-09-02T18:41:10.726+00:00][B] [INFO] [RF TX] type=2 source=0x02 destination=0xFF previousHop=0x02 sequence=367 ackSequence=0 ttl=8 hops=0 payloadSize=13 rssi=0 snr=
[2026-09-02T18:41:10.727+00:00][B] [INFO] Heartbeat packet sent
[2026-09-02T18:41:11.226+00:00][A] [WARN] Retry 1
[2026-09-02T18:41:11.293+00:00][A] [INFO] --------------------------------
[2026-09-02T18:41:11.293+00:00][A] [INFO] [HEARTBEAT TX]
[2026-09-02T18:41:11.298+00:00][A] [INFO] Node ID: 1
[2026-09-02T18:41:11.298+00:00][A] [INFO] type: 2
[2026-09-02T18:41:11.299+00:00][A] [INFO] Destination: 0xFF
[2026-09-02T18:41:11.301+00:00][B] [INFO] [RF RX] type=2 source=0x01 destination=0xFF previousHop=0x01 sequence=664 ackSequence=0 ttl=8 hops=0 payloadSize=13 rssi=-61 sn
[2026-09-02T18:41:11.304+00:00][A] [INFO] Sequence: 664
[2026-09-02T18:41:11.304+00:00][A] [INFO] Packet ID: 363
[2026-09-02T18:41:11.309+00:00][A] [INFO] Packet Size: 26
[2026-09-02T18:41:11.309+00:00][A] [INFO] Timestamp: 363 ms
[2026-09-02T18:41:11.314+00:00][A] [INFO] Transmission Result: success
[2026-09-02T18:41:11.315+00:00][A] [INFO] --------------------------------
[2026-09-02T18:41:11.320+00:00][A] [INFO] [Heartbeat #363]
[2026-09-02T18:41:11.320+00:00][A] [INFO] Sent
[2026-09-02T18:41:11.321+00:00][A] [INFO] Waiting ACK...
[2026-09-02T18:41:11.321+00:00][A] [INFO] [WAITING ACK]
[2026-09-02T18:41:11.334+00:00][A] [INFO] [RF TX] type=2 source=0x01 destination=0xFF previousHop=0x01 sequence=664 ackSequence=0 ttl=8 hops=0 payloadSize=13 rssi=0 snr=
[2026-09-02T18:41:11.335+00:00][A] [INFO] Heartbeat packet sent
[2026-09-02T18:41:11.601+00:00][B] [INFO] --------------------------------
[2026-09-02T18:41:11.601+00:00][B] [INFO] [HEARTBEAT TX]
[2026-09-02T18:41:11.606+00:00][B] [INFO] Node ID: 2
[2026-09-02T18:41:11.606+00:00][B] [INFO] type: 2
[2026-09-02T18:41:11.607+00:00][B] [INFO] Destination: 0xFF
[2026-09-02T18:41:11.609+00:00][A] [INFO] [RF RX] type=2 source=0x02 destination=0xFF previousHop=0x02 sequence=368 ackSequence=0 ttl=8 hops=0 payloadSize=13 rssi=-61 sn
[2026-09-02T18:41:11.612+00:00][B] [INFO] Sequence: 368
[2026-09-02T18:41:11.612+00:00][B] [INFO] Packet ID: 197
[2026-09-02T18:41:11.617+00:00][B] [INFO] Packet Size: 26
[2026-09-02T18:41:11.617+00:00][B] [INFO] Timestamp: 197 ms
[2026-09-02T18:41:11.622+00:00][B] [INFO] Transmission Result: success
[2026-09-02T18:41:11.623+00:00][B] [INFO] --------------------------------
[2026-09-02T18:41:11.628+00:00][B] [INFO] [Heartbeat #197]
[2026-09-02T18:41:11.628+00:00][B] [INFO] Sent
[2026-09-02T18:41:11.629+00:00][B] [INFO] Waiting ACK...
[2026-09-02T18:41:11.629+00:00][B] [INFO] [WAITING ACK]
[2026-09-02T18:41:11.642+00:00][B] [INFO] [RF TX] type=2 source=0x02 destination=0xFF previousHop=0x02 sequence=368 ackSequence=0 ttl=8 hops=0 payloadSize=13 rssi=0 snr=
[2026-09-02T18:41:11.643+00:00][B] [INFO] Heartbeat packet sent
[2026-09-02T18:41:12.209+00:00][A] [INFO] --------------------------------
[2026-09-02T18:41:12.209+00:00][A] [INFO] [HEARTBEAT TX]
[2026-09-02T18:41:12.214+00:00][A] [INFO] Node ID: 1
[2026-09-02T18:41:12.214+00:00][A] [INFO] type: 2
[2026-09-02T18:41:12.215+00:00][A] [INFO] Destination: 0xFF
[2026-09-02T18:41:12.217+00:00][B] [INFO] [RF RX] type=2 source=0x01 destination=0xFF previousHop=0x01 sequence=665 ackSequence=0 ttl=8 hops=0 payloadSize=13 rssi=-61 sn
[2026-09-02T18:41:12.220+00:00][A] [INFO] Sequence: 665
[2026-09-02T18:41:12.220+00:00][A] [INFO] Packet ID: 364
[2026-09-02T18:41:12.225+00:00][A] [INFO] Packet Size: 26
[2026-09-02T18:41:12.225+00:00][A] [INFO] Timestamp: 364 ms
[2026-09-02T18:41:12.230+00:00][A] [INFO] Transmission Result: success
[2026-09-02T18:41:12.231+00:00][A] [INFO] --------------------------------
[2026-09-02T18:41:12.236+00:00][A] [INFO] [Heartbeat #364]
[2026-09-02T18:41:12.236+00:00][A] [INFO] Sent
[2026-09-02T18:41:12.237+00:00][A] [INFO] Waiting ACK...
[2026-09-02T18:41:12.237+00:00][A] [INFO] [WAITING ACK]
[2026-09-02T18:41:12.250+00:00][A] [INFO] [RF TX] type=2 source=0x01 destination=0xFF previousHop=0x01 sequence=665 ackSequence=0 ttl=8 hops=0 payloadSize=13 rssi=0 snr=
[2026-09-02T18:41:12.250+00:00][A] [INFO] Heartbeat packet sent
[2026-09-02T18:41:12.618+00:00][B] [WARN] Retry 1
[2026-09-02T18:41:12.685+00:00][B] [INFO] --------------------------------
[2026-09-02T18:41:12.685+00:00][B] [INFO] [HEARTBEAT TX]
[2026-09-02T18:41:12.690+00:00][B] [INFO] Node ID: 2
[2026-09-02T18:41:12.690+00:00][B] [INFO] type: 2
[2026-09-02T18:41:12.691+00:00][B] [INFO] Destination: 0xFF
[2026-09-02T18:41:12.693+00:00][A] [INFO] [RF RX] type=2 source=0x02 destination=0xFF previousHop=0x02 sequence=368 ackSequence=0 ttl=8 hops=0 payloadSize=13 rssi=-61 sn
[2026-09-02T18:41:12.696+00:00][B] [INFO] Sequence: 368
[2026-09-02T18:41:12.696+00:00][B] [INFO] Packet ID: 197
[2026-09-02T18:41:12.701+00:00][B] [INFO] Packet Size: 26
[2026-09-02T18:41:12.701+00:00][B] [INFO] Timestamp: 197 ms
[2026-09-02T18:41:12.706+00:00][B] [INFO] Transmission Result: success
[2026-09-02T18:41:12.707+00:00][B] [INFO] --------------------------------
[2026-09-02T18:41:12.712+00:00][B] [INFO] [Heartbeat #197]
[2026-09-02T18:41:12.712+00:00][B] [INFO] Sent
[2026-09-02T18:41:12.713+00:00][B] [INFO] Waiting ACK...
[2026-09-02T18:41:12.713+00:00][B] [INFO] [WAITING ACK]
[2026-09-02T18:41:12.726+00:00][B] [INFO] [RF TX] type=2 source=0x02 destination=0xFF previousHop=0x02 sequence=368 ackSequence=0 ttl=8 hops=0 payloadSize=13 rssi=0 snr=
[2026-09-02T18:41:12.727+00:00][B] [INFO] Heartbeat packet sent
[2026-09-02T18:41:13.226+00:00][A] [WARN] Retry 1
[2026-09-02T18:41:13.293+00:00][A] [INFO] --------------------------------
[2026-09-02T18:41:13.293+00:00][A] [INFO] [HEARTBEAT TX]
[2026-09-02T18:41:13.298+00:00][A] [INFO] Node ID: 1
[2026-09-02T18:41:13.298+00:00][A] [INFO] type: 2
[2026-09-02T18:41:13.299+00:00][A] [INFO] Destination: 0xFF
[2026-09-02T18:41:13.301+00:00][B] [INFO] [RF RX] type=2 source=0x01 destination=0xFF previousHop=0x01 sequence=665 ackSequence=0 ttl=8 hops=0 payloadSize=13 rssi=-61 sn
[2026-09-02T18:41:13.304+00:00][A] [INFO] Sequence: 665
[2026-09-02T18:41:13.304+00:00][A] [INFO] Packet ID: 364
[2026-09-02T18:41:13.309+00:00][A] [INFO] Packet Size: 26
[2026-09-02T18:41:13.309+00:00][A] [INFO] Timestamp: 364 ms
[2026-09-02T18:41:13.314+00:00][A] [INFO] Transmission Result: success
[2026-09-02T18:41:13.315+00:00][A] [INFO] --------------------------------
[2026-09-02T18:41:13.320+00:00][A] [INFO] [Heartbeat #364]
[2026-09-02T18:41:13.320+00:00][A] [INFO] Sent
[2026-09-02T18:41:13.321+00:00][A] [INFO] Waiting ACK...
[2026-09-02T18:41:13.321+00:00][A] [INFO] [WAITING ACK]
[2026-09-02T18:41:13.334+00:00][A] [INFO] [RF TX] type=2 source=0x01 destination=0xFF previousHop=0x01 sequence=665 ackSequence=0 ttl=8 hops=0 payloadSize=13 rssi=0 snr=
[2026-09-02T18:41:13.335+00:00][A] [INFO] Heartbeat packet sent
[2026-09-02T18:41:13.601+00:00][B] [INFO] --------------------------------
[2026-09-02T18:41:13.601+00:00][B] [INFO] [HEARTBEAT TX]
[2026-09-02T18:41:13.606+00:00][B] [INFO] Node ID: 2
[2026-09-02T18:41:13.606+00:00][B] [INFO] type: 2
[2026-09-02T18:41:13.606+00:00][B] [INFO] Destination: 0xFF
[2026-09-02T18:41:13.609+00:00][A] [INFO] [RF RX] type=2 source=0x02 destination=0xFF previousHop=0x02 sequence=369 ackSequence=0 ttl=8 hops=0 payloadSize=13 rssi=-61 sn
[2026-09-02T18:41:13.611+00:00][B] [INFO] Sequence: 369
[2026-09-02T18:41:13.612+00:00][B] [INFO] Packet ID: 198
[2026-09-02T18:41:13.617+00:00][B] [INFO] Packet Size: 26
[2026-09-02T18:41:13.617+00:00][B] [INFO] Timestamp: 198 ms
[2026-09-02T18:41:13.622+00:00][B] [INFO] Transmission Result: success
[2026-09-02T18:41:13.623+00:00][B] [INFO] --------------------------------
[2026-09-02T18:41:13.628+00:00][B] [INFO] [Heartbeat #198]
[2026-09-02T18:41:13.628+00:00][B] [INFO] Sent
[2026-09-02T18:41:13.629+00:00][B] [INFO] Waiting ACK...
[2026-09-02T18:41:13.629+00:00][B] [INFO] [WAITING ACK]
[2026-09-02T18:41:13.642+00:00][B] [INFO] [RF TX] type=2 source=0x02 destination=0xFF previousHop=0x02 sequence=369 ackSequence=0 ttl=8 hops=0 payloadSize=13 rssi=0 snr=
[2026-09-02T18:41:13.643+00:00][B] [INFO] Heartbeat packet sent
[2026-09-02T18:41:14.209+00:00][A] [INFO] --------------------------------
[2026-09-02T18:41:14.209+00:00][A] [INFO] [HEARTBEAT TX]
[2026-09-02T18:41:14.214+00:00][A] [INFO] Node ID: 1
[2026-09-02T18:41:14.214+00:00][A] [INFO] type: 2
[2026-09-02T18:41:14.215+00:00][A] [INFO] Destination: 0xFF
[2026-09-02T18:41:14.217+00:00][B] [INFO] [RF RX] type=2 source=0x01 destination=0xFF previousHop=0x01 sequence=666 ackSequence=0 ttl=8 hops=0 payloadSize=13 rssi=-61 sn
[2026-09-02T18:41:14.220+00:00][A] [INFO] Sequence: 666
[2026-09-02T18:41:14.220+00:00][A] [INFO] Packet ID: 365
[2026-09-02T18:41:14.225+00:00][A] [INFO] Packet Size: 26
[2026-09-02T18:41:14.225+00:00][A] [INFO] Timestamp: 365 ms
[2026-09-02T18:41:14.230+00:00][A] [INFO] Transmission Result: success
[2026-09-02T18:41:14.231+00:00][A] [INFO] --------------------------------
[2026-09-02T18:41:14.236+00:00][A] [INFO] [Heartbeat #365]
[2026-09-02T18:41:14.236+00:00][A] [INFO] Sent
[2026-09-02T18:41:14.237+00:00][A] [INFO] Waiting ACK...
[2026-09-02T18:41:14.237+00:00][A] [INFO] [WAITING ACK]
[2026-09-02T18:41:14.250+00:00][A] [INFO] [RF TX] type=2 source=0x01 destination=0xFF previousHop=0x01 sequence=666 ackSequence=0 ttl=8 hops=0 payloadSize=13 rssi=0 snr=
[2026-09-02T18:41:14.251+00:00][A] [INFO] Heartbeat packet sent
[2026-09-02T18:41:14.618+00:00][B] [WARN] Retry 1
[2026-09-02T18:41:14.685+00:00][B] [INFO] --------------------------------
[2026-09-02T18:41:14.685+00:00][B] [INFO] [HEARTBEAT TX]
[2026-09-02T18:41:14.690+00:00][B] [INFO] Node ID: 2
[2026-09-02T18:41:14.690+00:00][B] [INFO] type: 2
[2026-09-02T18:41:14.691+00:00][B] [INFO] Destination: 0xFF
[2026-09-02T18:41:14.693+00:00][A] [INFO] [RF RX] type=2 source=0x02 destination=0xFF previousHop=0x02 sequence=369 ackSequence=0 ttl=8 hops=0 payloadSize=13 rssi=-61 sn
[2026-09-02T18:41:14.695+00:00][B] [INFO] Sequence: 369
[2026-09-02T18:41:14.696+00:00][B] [INFO] Packet ID: 198
[2026-09-02T18:41:14.701+00:00][B] [INFO] Packet Size: 26
[2026-09-02T18:41:14.701+00:00][B] [INFO] Timestamp: 198 ms
[2026-09-02T18:41:14.706+00:00][B] [INFO] Transmission Result: success
[2026-09-02T18:41:14.707+00:00][B] [INFO] --------------------------------
[2026-09-02T18:41:14.712+00:00][B] [INFO] [Heartbeat #198]
[2026-09-02T18:41:14.712+00:00][B] [INFO] Sent
[2026-09-02T18:41:14.713+00:00][B] [INFO] Waiting ACK...
[2026-09-02T18:41:14.713+00:00][B] [INFO] [WAITING ACK]
[2026-09-02T18:41:14.726+00:00][B] [INFO] [RF TX] type=2 source=0x02 destination=0xFF previousHop=0x02 sequence=369 ackSequence=0 ttl=8 hops=0 payloadSize=13 rssi=0 snr=
[2026-09-02T18:41:14.727+00:00][B] [INFO] Heartbeat packet sent
[2026-09-02T18:41:15.226+00:00][A] [WARN] Retry 1
[2026-09-02T18:41:15.293+00:00][A] [INFO] --------------------------------
[2026-09-02T18:41:15.293+00:00][A] [INFO] [HEARTBEAT TX]
[2026-09-02T18:41:15.298+00:00][A] [INFO] Node ID: 1
[2026-09-02T18:41:15.298+00:00][A] [INFO] type: 2
[2026-09-02T18:41:15.299+00:00][A] [INFO] Destination: 0xFF
[2026-09-02T18:41:15.301+00:00][B] [INFO] [RF RX] type=2 source=0x01 destination=0xFF previousHop=0x01 sequence=666 ackSequence=0 ttl=8 hops=0 payloadSize=13 rssi=-61 sn
[2026-09-02T18:41:15.303+00:00][A] [INFO] Sequence: 666
[2026-09-02T18:41:15.304+00:00][A] [INFO] Packet ID: 365
[2026-09-02T18:41:15.309+00:00][A] [INFO] Packet Size: 26
[2026-09-02T18:41:15.309+00:00][A] [INFO] Timestamp: 365 ms
[2026-09-02T18:41:15.314+00:00][A] [INFO] Transmission Result: success
[2026-09-02T18:41:15.315+00:00][A] [INFO] --------------------------------
[2026-09-02T18:41:15.320+00:00][A] [INFO] [Heartbeat #365]
[2026-09-02T18:41:15.320+00:00][A] [INFO] Sent
[2026-09-02T18:41:15.321+00:00][A] [INFO] Waiting ACK...
[2026-09-02T18:41:15.321+00:00][A] [INFO] [WAITING ACK]
[2026-09-02T18:41:15.334+00:00][A] [INFO] [RF TX] type=2 source=0x01 destination=0xFF previousHop=0x01 sequence=666 ackSequence=0 ttl=8 hops=0 payloadSize=13 rssi=0 snr=
[2026-09-02T18:41:15.335+00:00][A] [INFO] Heartbeat packet sent
[2026-09-02T18:41:15.601+00:00][B] [INFO] --------------------------------
[2026-09-02T18:41:15.601+00:00][B] [INFO] [HEARTBEAT TX]
[2026-09-02T18:41:15.606+00:00][B] [INFO] Node ID: 2
[2026-09-02T18:41:15.606+00:00][B] [INFO] type: 2
[2026-09-02T18:41:15.607+00:00][B] [INFO] Destination: 0xFF
[2026-09-02T18:41:15.609+00:00][A] [INFO] [RF RX] type=2 source=0x02 destination=0xFF previousHop=0x02 sequence=370 ackSequence=0 ttl=8 hops=0 payloadSize=13 rssi=-61 sn
[2026-09-02T18:41:15.611+00:00][B] [INFO] Sequence: 370
[2026-09-02T18:41:15.612+00:00][B] [INFO] Packet ID: 199
[2026-09-02T18:41:15.617+00:00][B] [INFO] Packet Size: 26
[2026-09-02T18:41:15.617+00:00][B] [INFO] Timestamp: 199 ms
[2026-09-02T18:41:15.622+00:00][B] [INFO] Transmission Result: success
[2026-09-02T18:41:15.623+00:00][B] [INFO] --------------------------------
[2026-09-02T18:41:15.628+00:00][B] [INFO] [Heartbeat #199]
[2026-09-02T18:41:15.628+00:00][B] [INFO] Sent
[2026-09-02T18:41:15.628+00:00][B] [INFO] Waiting ACK...
[2026-09-02T18:41:15.628+00:00][B] [INFO] [WAITING ACK]
[2026-09-02T18:41:15.642+00:00][B] [INFO] [RF TX] type=2 source=0x02 destination=0xFF previousHop=0x02 sequence=370 ackSequence=0 ttl=8 hops=0 payloadSize=13 rssi=0 snr=
[2026-09-02T18:41:15.642+00:00][B] [INFO] Heartbeat packet sent
[2026-09-02T18:41:16.209+00:00][A] [INFO] --------------------------------
[2026-09-02T18:41:16.209+00:00][A] [INFO] [HEARTBEAT TX]
[2026-09-02T18:41:16.214+00:00][A] [INFO] Node ID: 1
[2026-09-02T18:41:16.214+00:00][A] [INFO] type: 2
[2026-09-02T18:41:16.215+00:00][A] [INFO] Destination: 0xFF
[2026-09-02T18:41:16.217+00:00][B] [INFO] [RF RX] type=2 source=0x01 destination=0xFF previousHop=0x01 sequence=667 ackSequence=0 ttl=8 hops=0 payloadSize=13 rssi=-61 sn
[2026-09-02T18:41:16.219+00:00][A] [INFO] Sequence: 667
[2026-09-02T18:41:16.220+00:00][A] [INFO] Packet ID: 366
[2026-09-02T18:41:16.225+00:00][A] [INFO] Packet Size: 26
[2026-09-02T18:41:16.225+00:00][A] [INFO] Timestamp: 366 ms
[2026-09-02T18:41:16.230+00:00][A] [INFO] Transmission Result: success
[2026-09-02T18:41:16.231+00:00][A] [INFO] --------------------------------
[2026-09-02T18:41:16.236+00:00][A] [INFO] [Heartbeat #366]
[2026-09-02T18:41:16.236+00:00][A] [INFO] Sent
[2026-09-02T18:41:16.236+00:00][A] [INFO] Waiting ACK...
[2026-09-02T18:41:16.237+00:00][A] [INFO] [WAITING ACK]
[2026-09-02T18:41:16.250+00:00][A] [INFO] [RF TX] type=2 source=0x01 destination=0xFF previousHop=0x01 sequence=667 ackSequence=0 ttl=8 hops=0 payloadSize=13 rssi=0 snr=
[2026-09-02T18:41:16.251+00:00][A] [INFO] Heartbeat packet sent
[2026-09-02T18:41:16.618+00:00][B] [WARN] Retry 1
[2026-09-02T18:41:16.685+00:00][B] [INFO] --------------------------------
[2026-09-02T18:41:16.685+00:00][B] [INFO] [HEARTBEAT TX]
[2026-09-02T18:41:16.690+00:00][B] [INFO] Node ID: 2
[2026-09-02T18:41:16.690+00:00][B] [INFO] type: 2
[2026-09-02T18:41:16.691+00:00][B] [INFO] Destination: 0xFF
[2026-09-02T18:41:16.693+00:00][A] [INFO] [RF RX] type=2 source=0x02 destination=0xFF previousHop=0x02 sequence=370 ackSequence=0 ttl=8 hops=0 payloadSize=13 rssi=-61 sn
[2026-09-02T18:41:16.695+00:00][B] [INFO] Sequence: 370
[2026-09-02T18:41:16.696+00:00][B] [INFO] Packet ID: 199
[2026-09-02T18:41:16.701+00:00][B] [INFO] Packet Size: 26
[2026-09-02T18:41:16.701+00:00][B] [INFO] Timestamp: 199 ms
[2026-09-02T18:41:16.706+00:00][B] [INFO] Transmission Result: success
[2026-09-02T18:41:16.707+00:00][B] [INFO] --------------------------------
[2026-09-02T18:41:16.712+00:00][B] [INFO] [Heartbeat #199]
[2026-09-02T18:41:16.712+00:00][B] [INFO] Sent
[2026-09-02T18:41:16.713+00:00][B] [INFO] Waiting ACK...
[2026-09-02T18:41:16.713+00:00][B] [INFO] [WAITING ACK]
[2026-09-02T18:41:16.726+00:00][B] [INFO] [RF TX] type=2 source=0x02 destination=0xFF previousHop=0x02 sequence=370 ackSequence=0 ttl=8 hops=0 payloadSize=13 rssi=0 snr=
[2026-09-02T18:41:16.727+00:00][B] [INFO] Heartbeat packet sent
[2026-09-02T18:41:17.226+00:00][A] [WARN] Retry 1
[2026-09-02T18:41:17.293+00:00][A] [INFO] --------------------------------
[2026-09-02T18:41:17.293+00:00][A] [INFO] [HEARTBEAT TX]
[2026-09-02T18:41:17.298+00:00][A] [INFO] Node ID: 1
[2026-09-02T18:41:17.298+00:00][A] [INFO] type: 2
[2026-09-02T18:41:17.299+00:00][A] [INFO] Destination: 0xFF
[2026-09-02T18:41:17.301+00:00][B] [INFO] [RF RX] type=2 source=0x01 destination=0xFF previousHop=0x01 sequence=667 ackSequence=0 ttl=8 hops=0 payloadSize=13 rssi=-61 sn
[2026-09-02T18:41:17.304+00:00][A] [INFO] Sequence: 667
[2026-09-02T18:41:17.304+00:00][A] [INFO] Packet ID: 366
[2026-09-02T18:41:17.309+00:00][A] [INFO] Packet Size: 26
[2026-09-02T18:41:17.309+00:00][A] [INFO] Timestamp: 366 ms
[2026-09-02T18:41:17.314+00:00][A] [INFO] Transmission Result: success
[2026-09-02T18:41:17.315+00:00][A] [INFO] --------------------------------
[2026-09-02T18:41:17.320+00:00][A] [INFO] [Heartbeat #366]
[2026-09-02T18:41:17.320+00:00][A] [INFO] Sent
[2026-09-02T18:41:17.321+00:00][A] [INFO] Waiting ACK...
[2026-09-02T18:41:17.321+00:00][A] [INFO] [WAITING ACK]
[2026-09-02T18:41:17.334+00:00][A] [INFO] [RF TX] type=2 source=0x01 destination=0xFF previousHop=0x01 sequence=667 ackSequence=0 ttl=8 hops=0 payloadSize=13 rssi=0 snr=
[2026-09-02T18:41:17.335+00:00][A] [INFO] Heartbeat packet sent
[2026-09-02T18:41:17.601+00:00][B] [INFO] --------------------------------
[2026-09-02T18:41:17.601+00:00][B] [INFO] [HEARTBEAT TX]
[2026-09-02T18:41:17.606+00:00][B] [INFO] Node ID: 2
[2026-09-02T18:41:17.606+00:00][B] [INFO] type: 2
[2026-09-02T18:41:17.606+00:00][B] [INFO] Destination: 0xFF
[2026-09-02T18:41:17.609+00:00][A] [INFO] [RF RX] type=2 source=0x02 destination=0xFF previousHop=0x02 sequence=371 ackSequence=0 ttl=8 hops=0 payloadSize=13 rssi=-61 sn
[2026-09-02T18:41:17.611+00:00][B] [INFO] Sequence: 371
[2026-09-02T18:41:17.612+00:00][B] [INFO] Packet ID: 200
[2026-09-02T18:41:17.617+00:00][B] [INFO] Packet Size: 26
[2026-09-02T18:41:17.617+00:00][B] [INFO] Timestamp: 200 ms
[2026-09-02T18:41:17.622+00:00][B] [INFO] Transmission Result: success
[2026-09-02T18:41:17.623+00:00][B] [INFO] --------------------------------
[2026-09-02T18:41:17.628+00:00][B] [INFO] [Heartbeat #200]
[2026-09-02T18:41:17.628+00:00][B] [INFO] Sent
[2026-09-02T18:41:17.628+00:00][B] [INFO] Waiting ACK...
[2026-09-02T18:41:17.628+00:00][B] [INFO] [WAITING ACK]
[2026-09-02T18:41:17.642+00:00][B] [INFO] [RF TX] type=2 source=0x02 destination=0xFF previousHop=0x02 sequence=371 ackSequence=0 ttl=8 hops=0 payloadSize=13 rssi=0 snr=
[2026-09-02T18:41:17.642+00:00][B] [INFO] Heartbeat packet sent
[2026-09-02T18:41:18.209+00:00][A] [INFO] --------------------------------
[2026-09-02T18:41:18.210+00:00][A] [INFO] [HEARTBEAT TX]
[2026-09-02T18:41:18.214+00:00][A] [INFO] Node ID: 1
[2026-09-02T18:41:18.214+00:00][A] [INFO] type: 2
[2026-09-02T18:41:18.215+00:00][A] [INFO] Destination: 0xFF
[2026-09-02T18:41:18.217+00:00][B] [INFO] [RF RX] type=2 source=0x01 destination=0xFF previousHop=0x01 sequence=668 ackSequence=0 ttl=8 hops=0 payloadSize=13 rssi=-61 sn
[2026-09-02T18:41:18.219+00:00][A] [INFO] Sequence: 668
[2026-09-02T18:41:18.220+00:00][A] [INFO] Packet ID: 367
[2026-09-02T18:41:18.225+00:00][A] [INFO] Packet Size: 26
[2026-09-02T18:41:18.225+00:00][A] [INFO] Timestamp: 367 ms
[2026-09-02T18:41:18.230+00:00][A] [INFO] Transmission Result: success
[2026-09-02T18:41:18.231+00:00][A] [INFO] --------------------------------
[2026-09-02T18:41:18.236+00:00][A] [INFO] [Heartbeat #367]
[2026-09-02T18:41:18.236+00:00][A] [INFO] Sent
[2026-09-02T18:41:18.237+00:00][A] [INFO] Waiting ACK...
[2026-09-02T18:41:18.237+00:00][A] [INFO] [WAITING ACK]
[2026-09-02T18:41:18.250+00:00][A] [INFO] [RF TX] type=2 source=0x01 destination=0xFF previousHop=0x01 sequence=668 ackSequence=0 ttl=8 hops=0 payloadSize=13 rssi=0 snr=
[2026-09-02T18:41:18.251+00:00][A] [INFO] Heartbeat packet sent
[2026-09-02T18:41:18.618+00:00][B] [WARN] Retry 1
[2026-09-02T18:41:18.684+00:00][B] [INFO] --------------------------------
[2026-09-02T18:41:18.684+00:00][B] [INFO] [HEARTBEAT TX]
[2026-09-02T18:41:18.690+00:00][B] [INFO] Node ID: 2
[2026-09-02T18:41:18.690+00:00][B] [INFO] type: 2
[2026-09-02T18:41:18.690+00:00][B] [INFO] Destination: 0xFF
[2026-09-02T18:41:18.692+00:00][A] [INFO] [RF RX] type=2 source=0x02 destination=0xFF previousHop=0x02 sequence=371 ackSequence=0 ttl=8 hops=0 payloadSize=13 rssi=-61 sn
[2026-09-02T18:41:18.695+00:00][B] [INFO] Sequence: 371
[2026-09-02T18:41:18.695+00:00][B] [INFO] Packet ID: 200
[2026-09-02T18:41:18.701+00:00][B] [INFO] Packet Size: 26
[2026-09-02T18:41:18.701+00:00][B] [INFO] Timestamp: 200 ms
[2026-09-02T18:41:18.706+00:00][B] [INFO] Transmission Result: success
[2026-09-02T18:41:18.706+00:00][B] [INFO] --------------------------------
[2026-09-02T18:41:18.712+00:00][B] [INFO] [Heartbeat #200]
[2026-09-02T18:41:18.712+00:00][B] [INFO] Sent
[2026-09-02T18:41:18.712+00:00][B] [INFO] Waiting ACK...
[2026-09-02T18:41:18.712+00:00][B] [INFO] [WAITING ACK]
[2026-09-02T18:41:18.726+00:00][B] [INFO] [RF TX] type=2 source=0x02 destination=0xFF previousHop=0x02 sequence=371 ackSequence=0 ttl=8 hops=0 payloadSize=13 rssi=0 snr=
[2026-09-02T18:41:18.726+00:00][B] [INFO] Heartbeat packet sent
[2026-09-02T18:41:19.226+00:00][A] [WARN] Retry 1
[2026-09-02T18:41:19.293+00:00][A] [INFO] --------------------------------
[2026-09-02T18:41:19.293+00:00][A] [INFO] [HEARTBEAT TX]
[2026-09-02T18:41:19.298+00:00][A] [INFO] Node ID: 1
[2026-09-02T18:41:19.298+00:00][A] [INFO] type: 2
[2026-09-02T18:41:19.299+00:00][A] [INFO] Destination: 0xFF
[2026-09-02T18:41:19.301+00:00][B] [INFO] [RF RX] type=2 source=0x01 destination=0xFF previousHop=0x01 sequence=668 ackSequence=0 ttl=8 hops=0 payloadSize=13 rssi=-61 sn
[2026-09-02T18:41:19.303+00:00][A] [INFO] Sequence: 668
[2026-09-02T18:41:19.304+00:00][A] [INFO] Packet ID: 367
[2026-09-02T18:41:19.309+00:00][A] [INFO] Packet Size: 26
[2026-09-02T18:41:19.309+00:00][A] [INFO] Timestamp: 367 ms
[2026-09-02T18:41:19.314+00:00][A] [INFO] Transmission Result: success
[2026-09-02T18:41:19.315+00:00][A] [INFO] --------------------------------
[2026-09-02T18:41:19.320+00:00][A] [INFO] [Heartbeat #367]
[2026-09-02T18:41:19.320+00:00][A] [INFO] Sent
[2026-09-02T18:41:19.321+00:00][A] [INFO] Waiting ACK...
[2026-09-02T18:41:19.321+00:00][A] [INFO] [WAITING ACK]
[2026-09-02T18:41:19.334+00:00][A] [INFO] [RF TX] type=2 source=0x01 destination=0xFF previousHop=0x01 sequence=668 ackSequence=0 ttl=8 hops=0 payloadSize=13 rssi=0 snr=
[2026-09-02T18:41:19.335+00:00][A] [INFO] Heartbeat packet sent
[2026-09-02T18:41:19.601+00:00][B] [INFO] --------------------------------
[2026-09-02T18:41:19.601+00:00][B] [INFO] [HEARTBEAT TX]
[2026-09-02T18:41:19.606+00:00][B] [INFO] Node ID: 2
[2026-09-02T18:41:19.606+00:00][B] [INFO] type: 2
[2026-09-02T18:41:19.607+00:00][B] [INFO] Destination: 0xFF
[2026-09-02T18:41:19.609+00:00][A] [INFO] [RF RX] type=2 source=0x02 destination=0xFF previousHop=0x02 sequence=372 ackSequence=0 ttl=8 hops=0 payloadSize=13 rssi=-60 sn
[2026-09-02T18:41:19.611+00:00][B] [INFO] Sequence: 372
[2026-09-02T18:41:19.612+00:00][B] [INFO] Packet ID: 201
[2026-09-02T18:41:19.617+00:00][B] [INFO] Packet Size: 26
[2026-09-02T18:41:19.617+00:00][B] [INFO] Timestamp: 201 ms
[2026-09-02T18:41:19.622+00:00][B] [INFO] Transmission Result: success
[2026-09-02T18:41:19.623+00:00][B] [INFO] --------------------------------
[2026-09-02T18:41:19.628+00:00][B] [INFO] [Heartbeat #201]
[2026-09-02T18:41:19.628+00:00][B] [INFO] Sent
[2026-09-02T18:41:19.629+00:00][B] [INFO] Waiting ACK...
[2026-09-02T18:41:19.629+00:00][B] [INFO] [WAITING ACK]
[2026-09-02T18:41:19.642+00:00][B] [INFO] [RF TX] type=2 source=0x02 destination=0xFF previousHop=0x02 sequence=372 ackSequence=0 ttl=8 hops=0 payloadSize=13 rssi=0 snr=
[2026-09-02T18:41:19.643+00:00][B] [INFO] Heartbeat packet sent
[2026-09-02T18:41:20.209+00:00][A] [INFO] --------------------------------
[2026-09-02T18:41:20.209+00:00][A] [INFO] [HEARTBEAT TX]
[2026-09-02T18:41:20.214+00:00][A] [INFO] Node ID: 1
[2026-09-02T18:41:20.214+00:00][A] [INFO] type: 2
[2026-09-02T18:41:20.215+00:00][A] [INFO] Destination: 0xFF
[2026-09-02T18:41:20.217+00:00][B] [INFO] [RF RX] type=2 source=0x01 destination=0xFF previousHop=0x01 sequence=669 ackSequence=0 ttl=8 hops=0 payloadSize=13 rssi=-62 sn
[2026-09-02T18:41:20.219+00:00][A] [INFO] Sequence: 669
[2026-09-02T18:41:20.220+00:00][A] [INFO] Packet ID: 368
[2026-09-02T18:41:20.225+00:00][A] [INFO] Packet Size: 26
[2026-09-02T18:41:20.225+00:00][A] [INFO] Timestamp: 368 ms
[2026-09-02T18:41:20.230+00:00][A] [INFO] Transmission Result: success
[2026-09-02T18:41:20.231+00:00][A] [INFO] --------------------------------
[2026-09-02T18:41:20.236+00:00][A] [INFO] [Heartbeat #368]
[2026-09-02T18:41:20.236+00:00][A] [INFO] Sent
[2026-09-02T18:41:20.237+00:00][A] [INFO] Waiting ACK...
[2026-09-02T18:41:20.237+00:00][A] [INFO] [WAITING ACK]
[2026-09-02T18:41:20.250+00:00][A] [INFO] [RF TX] type=2 source=0x01 destination=0xFF previousHop=0x01 sequence=669 ackSequence=0 ttl=8 hops=0 payloadSize=13 rssi=0 snr=
[2026-09-02T18:41:20.251+00:00][A] [INFO] Heartbeat packet sent
[2026-09-02T18:41:20.618+00:00][B] [WARN] Retry 1
[2026-09-02T18:41:20.685+00:00][B] [INFO] --------------------------------
[2026-09-02T18:41:20.685+00:00][B] [INFO] [HEARTBEAT TX]
[2026-09-02T18:41:20.690+00:00][B] [INFO] Node ID: 2
[2026-09-02T18:41:20.690+00:00][B] [INFO] type: 2
[2026-09-02T18:41:20.691+00:00][B] [INFO] Destination: 0xFF
[2026-09-02T18:41:20.693+00:00][A] [INFO] [RF RX] type=2 source=0x02 destination=0xFF previousHop=0x02 sequence=372 ackSequence=0 ttl=8 hops=0 payloadSize=13 rssi=-60 sn
[2026-09-02T18:41:20.695+00:00][B] [INFO] Sequence: 372
[2026-09-02T18:41:20.696+00:00][B] [INFO] Packet ID: 201
[2026-09-02T18:41:20.701+00:00][B] [INFO] Packet Size: 26
[2026-09-02T18:41:20.701+00:00][B] [INFO] Timestamp: 201 ms
[2026-09-02T18:41:20.706+00:00][B] [INFO] Transmission Result: success
[2026-09-02T18:41:20.707+00:00][B] [INFO] --------------------------------
[2026-09-02T18:41:20.712+00:00][B] [INFO] [Heartbeat #201]
[2026-09-02T18:41:20.712+00:00][B] [INFO] Sent
[2026-09-02T18:41:20.712+00:00][B] [INFO] Waiting ACK...
[2026-09-02T18:41:20.713+00:00][B] [INFO] [WAITING ACK]
[2026-09-02T18:41:20.726+00:00][B] [INFO] [RF TX] type=2 source=0x02 destination=0xFF previousHop=0x02 sequence=372 ackSequence=0 ttl=8 hops=0 payloadSize=13 rssi=0 snr=
[2026-09-02T18:41:20.727+00:00][B] [INFO] Heartbeat packet sent
[2026-09-02T18:41:21.226+00:00][A] [WARN] Retry 1
[2026-09-02T18:41:21.293+00:00][A] [INFO] --------------------------------
[2026-09-02T18:41:21.293+00:00][A] [INFO] [HEARTBEAT TX]
[2026-09-02T18:41:21.298+00:00][A] [INFO] Node ID: 1
[2026-09-02T18:41:21.298+00:00][A] [INFO] type: 2
[2026-09-02T18:41:21.299+00:00][A] [INFO] Destination: 0xFF
[2026-09-02T18:41:21.301+00:00][B] [INFO] [RF RX] type=2 source=0x01 destination=0xFF previousHop=0x01 sequence=669 ackSequence=0 ttl=8 hops=0 payloadSize=13 rssi=-62 sn
[2026-09-02T18:41:21.303+00:00][A] [INFO] Sequence: 669
[2026-09-02T18:41:21.304+00:00][A] [INFO] Packet ID: 368
[2026-09-02T18:41:21.309+00:00][A] [INFO] Packet Size: 26
[2026-09-02T18:41:21.309+00:00][A] [INFO] Timestamp: 368 ms
[2026-09-02T18:41:21.314+00:00][A] [INFO] Transmission Result: success
[2026-09-02T18:41:21.315+00:00][A] [INFO] --------------------------------
[2026-09-02T18:41:21.320+00:00][A] [INFO] [Heartbeat #368]
[2026-09-02T18:41:21.320+00:00][A] [INFO] Sent
[2026-09-02T18:41:21.321+00:00][A] [INFO] Waiting ACK...
[2026-09-02T18:41:21.321+00:00][A] [INFO] [WAITING ACK]
[2026-09-02T18:41:21.334+00:00][A] [INFO] [RF TX] type=2 source=0x01 destination=0xFF previousHop=0x01 sequence=669 ackSequence=0 ttl=8 hops=0 payloadSize=13 rssi=0 snr=
[2026-09-02T18:41:21.335+00:00][A] [INFO] Heartbeat packet sent
[2026-09-02T18:41:21.601+00:00][B] [INFO] --------------------------------
[2026-09-02T18:41:21.601+00:00][B] [INFO] [HEARTBEAT TX]
[2026-09-02T18:41:21.606+00:00][B] [INFO] Node ID: 2
[2026-09-02T18:41:21.606+00:00][B] [INFO] type: 2
[2026-09-02T18:41:21.606+00:00][B] [INFO] Destination: 0xFF
[2026-09-02T18:41:21.609+00:00][A] [INFO] [RF RX] type=2 source=0x02 destination=0xFF previousHop=0x02 sequence=373 ackSequence=0 ttl=8 hops=0 payloadSize=13 rssi=-61 sn
[2026-09-02T18:41:21.611+00:00][B] [INFO] Sequence: 373
[2026-09-02T18:41:21.612+00:00][B] [INFO] Packet ID: 202
[2026-09-02T18:41:21.617+00:00][B] [INFO] Packet Size: 26
[2026-09-02T18:41:21.617+00:00][B] [INFO] Timestamp: 202 ms
[2026-09-02T18:41:21.622+00:00][B] [INFO] Transmission Result: success
[2026-09-02T18:41:21.623+00:00][B] [INFO] --------------------------------
[2026-09-02T18:41:21.628+00:00][B] [INFO] [Heartbeat #202]
[2026-09-02T18:41:21.628+00:00][B] [INFO] Sent
[2026-09-02T18:41:21.628+00:00][B] [INFO] Waiting ACK...
[2026-09-02T18:41:21.629+00:00][B] [INFO] [WAITING ACK]
[2026-09-02T18:41:21.642+00:00][B] [INFO] [RF TX] type=2 source=0x02 destination=0xFF previousHop=0x02 sequence=373 ackSequence=0 ttl=8 hops=0 payloadSize=13 rssi=0 snr=
[2026-09-02T18:41:21.643+00:00][B] [INFO] Heartbeat packet sent
[2026-09-02T18:41:22.209+00:00][A] [INFO] --------------------------------
[2026-09-02T18:41:22.209+00:00][A] [INFO] [HEARTBEAT TX]
[2026-09-02T18:41:22.214+00:00][A] [INFO] Node ID: 1
[2026-09-02T18:41:22.214+00:00][A] [INFO] type: 2
[2026-09-02T18:41:22.214+00:00][A] [INFO] Destination: 0xFF
[2026-09-02T18:41:22.217+00:00][B] [INFO] [RF RX] type=2 source=0x01 destination=0xFF previousHop=0x01 sequence=670 ackSequence=0 ttl=8 hops=0 payloadSize=13 rssi=-62 sn
[2026-09-02T18:41:22.219+00:00][A] [INFO] Sequence: 670
[2026-09-02T18:41:22.220+00:00][A] [INFO] Packet ID: 369
[2026-09-02T18:41:22.225+00:00][A] [INFO] Packet Size: 26
[2026-09-02T18:41:22.225+00:00][A] [INFO] Timestamp: 369 ms
[2026-09-02T18:41:22.230+00:00][A] [INFO] Transmission Result: success
[2026-09-02T18:41:22.231+00:00][A] [INFO] --------------------------------
[2026-09-02T18:41:22.236+00:00][A] [INFO] [Heartbeat #369]
[2026-09-02T18:41:22.236+00:00][A] [INFO] Sent
[2026-09-02T18:41:22.236+00:00][A] [INFO] Waiting ACK...
[2026-09-02T18:41:22.237+00:00][A] [INFO] [WAITING ACK]
[2026-09-02T18:41:22.250+00:00][A] [INFO] [RF TX] type=2 source=0x01 destination=0xFF previousHop=0x01 sequence=670 ackSequence=0 ttl=8 hops=0 payloadSize=13 rssi=0 snr=
[2026-09-02T18:41:22.251+00:00][A] [INFO] Heartbeat packet sent
[2026-09-02T18:41:22.617+00:00][B] [WARN] Retry 1
[2026-09-02T18:41:22.685+00:00][B] [INFO] --------------------------------
[2026-09-02T18:41:22.685+00:00][B] [INFO] [HEARTBEAT TX]
[2026-09-02T18:41:22.690+00:00][B] [INFO] Node ID: 2
[2026-09-02T18:41:22.690+00:00][B] [INFO] type: 2
[2026-09-02T18:41:22.690+00:00][B] [INFO] Destination: 0xFF
[2026-09-02T18:41:22.693+00:00][A] [INFO] [RF RX] type=2 source=0x02 destination=0xFF previousHop=0x02 sequence=373 ackSequence=0 ttl=8 hops=0 payloadSize=13 rssi=-61 sn
[2026-09-02T18:41:22.695+00:00][B] [INFO] Sequence: 373
[2026-09-02T18:41:22.696+00:00][B] [INFO] Packet ID: 202
[2026-09-02T18:41:22.701+00:00][B] [INFO] Packet Size: 26
[2026-09-02T18:41:22.701+00:00][B] [INFO] Timestamp: 202 ms
[2026-09-02T18:41:22.706+00:00][B] [INFO] Transmission Result: success
[2026-09-02T18:41:22.707+00:00][B] [INFO] --------------------------------
[2026-09-02T18:41:22.712+00:00][B] [INFO] [Heartbeat #202]
[2026-09-02T18:41:22.712+00:00][B] [INFO] Sent
[2026-09-02T18:41:22.712+00:00][B] [INFO] Waiting ACK...
[2026-09-02T18:41:22.713+00:00][B] [INFO] [WAITING ACK]
[2026-09-02T18:41:22.726+00:00][B] [INFO] [RF TX] type=2 source=0x02 destination=0xFF previousHop=0x02 sequence=373 ackSequence=0 ttl=8 hops=0 payloadSize=13 rssi=0 snr=
[2026-09-02T18:41:22.727+00:00][B] [INFO] Heartbeat packet sent
[2026-09-02T18:41:23.226+00:00][A] [WARN] Retry 1
[2026-09-02T18:41:23.293+00:00][A] [INFO] --------------------------------
[2026-09-02T18:41:23.293+00:00][A] [INFO] [HEARTBEAT TX]
[2026-09-02T18:41:23.298+00:00][A] [INFO] Node ID: 1
[2026-09-02T18:41:23.298+00:00][A] [INFO] type: 2
[2026-09-02T18:41:23.298+00:00][A] [INFO] Destination: 0xFF
[2026-09-02T18:41:23.301+00:00][B] [INFO] [RF RX] type=2 source=0x01 destination=0xFF previousHop=0x01 sequence=670 ackSequence=0 ttl=8 hops=0 payloadSize=13 rssi=-62 sn
[2026-09-02T18:41:23.303+00:00][A] [INFO] Sequence: 670
[2026-09-02T18:41:23.304+00:00][A] [INFO] Packet ID: 369
[2026-09-02T18:41:23.309+00:00][A] [INFO] Packet Size: 26
[2026-09-02T18:41:23.309+00:00][A] [INFO] Timestamp: 369 ms
[2026-09-02T18:41:23.314+00:00][A] [INFO] Transmission Result: success
[2026-09-02T18:41:23.315+00:00][A] [INFO] --------------------------------
[2026-09-02T18:41:23.320+00:00][A] [INFO] [Heartbeat #369]
[2026-09-02T18:41:23.320+00:00][A] [INFO] Sent
[2026-09-02T18:41:23.320+00:00][A] [INFO] Waiting ACK...
[2026-09-02T18:41:23.321+00:00][A] [INFO] [WAITING ACK]
[2026-09-02T18:41:23.334+00:00][A] [INFO] [RF TX] type=2 source=0x01 destination=0xFF previousHop=0x01 sequence=670 ackSequence=0 ttl=8 hops=0 payloadSize=13 rssi=0 snr=
[2026-09-02T18:41:23.335+00:00][A] [INFO] Heartbeat packet sent
[2026-09-02T18:41:23.601+00:00][B] [INFO] --------------------------------
[2026-09-02T18:41:23.601+00:00][B] [INFO] [HEARTBEAT TX]
[2026-09-02T18:41:23.606+00:00][B] [INFO] Node ID: 2
[2026-09-02T18:41:23.606+00:00][B] [INFO] type: 2
[2026-09-02T18:41:23.606+00:00][B] [INFO] Destination: 0xFF
[2026-09-02T18:41:23.609+00:00][A] [INFO] [RF RX] type=2 source=0x02 destination=0xFF previousHop=0x02 sequence=374 ackSequence=0 ttl=8 hops=0 payloadSize=13 rssi=-61 sn
[2026-09-02T18:41:23.611+00:00][B] [INFO] Sequence: 374
[2026-09-02T18:41:23.612+00:00][B] [INFO] Packet ID: 203
[2026-09-02T18:41:23.617+00:00][B] [INFO] Packet Size: 26
[2026-09-02T18:41:23.617+00:00][B] [INFO] Timestamp: 203 ms
[2026-09-02T18:41:23.622+00:00][B] [INFO] Transmission Result: success
[2026-09-02T18:41:23.623+00:00][B] [INFO] --------------------------------
[2026-09-02T18:41:23.628+00:00][B] [INFO] [Heartbeat #203]
[2026-09-02T18:41:23.628+00:00][B] [INFO] Sent
[2026-09-02T18:41:23.628+00:00][B] [INFO] Waiting ACK...
[2026-09-02T18:41:23.629+00:00][B] [INFO] [WAITING ACK]
[2026-09-02T18:41:23.642+00:00][B] [INFO] [RF TX] type=2 source=0x02 destination=0xFF previousHop=0x02 sequence=374 ackSequence=0 ttl=8 hops=0 payloadSize=13 rssi=0 snr=
[2026-09-02T18:41:23.643+00:00][B] [INFO] Heartbeat packet sent
[2026-09-02T18:41:24.208+00:00][A] [INFO] --------------------------------
[2026-09-02T18:41:24.209+00:00][A] [INFO] [HEARTBEAT TX]
[2026-09-02T18:41:24.214+00:00][A] [INFO] Node ID: 1
[2026-09-02T18:41:24.214+00:00][A] [INFO] type: 2
[2026-09-02T18:41:24.214+00:00][A] [INFO] Destination: 0xFF
[2026-09-02T18:41:24.217+00:00][B] [INFO] [RF RX] type=2 source=0x01 destination=0xFF previousHop=0x01 sequence=671 ackSequence=0 ttl=8 hops=0 payloadSize=13 rssi=-61 sn
[2026-09-02T18:41:24.219+00:00][A] [INFO] Sequence: 671
[2026-09-02T18:41:24.220+00:00][A] [INFO] Packet ID: 370
[2026-09-02T18:41:24.225+00:00][A] [INFO] Packet Size: 26
[2026-09-02T18:41:24.225+00:00][A] [INFO] Timestamp: 370 ms
[2026-09-02T18:41:24.230+00:00][A] [INFO] Transmission Result: success
[2026-09-02T18:41:24.230+00:00][A] [INFO] --------------------------------
[2026-09-02T18:41:24.236+00:00][A] [INFO] [Heartbeat #370]
[2026-09-02T18:41:24.236+00:00][A] [INFO] Sent
[2026-09-02T18:41:24.236+00:00][A] [INFO] Waiting ACK...
[2026-09-02T18:41:24.236+00:00][A] [INFO] [WAITING ACK]
[2026-09-02T18:41:24.250+00:00][A] [INFO] [RF TX] type=2 source=0x01 destination=0xFF previousHop=0x01 sequence=671 ackSequence=0 ttl=8 hops=0 payloadSize=13 rssi=0 snr=
[2026-09-02T18:41:24.250+00:00][A] [INFO] Heartbeat packet sent
[2026-09-02T18:41:24.617+00:00][B] [WARN] Retry 1
[2026-09-02T18:41:24.684+00:00][B] [INFO] --------------------------------
[2026-09-02T18:41:24.684+00:00][B] [INFO] [HEARTBEAT TX]
[2026-09-02T18:41:24.690+00:00][B] [INFO] Node ID: 2
[2026-09-02T18:41:24.690+00:00][B] [INFO] type: 2
[2026-09-02T18:41:24.690+00:00][B] [INFO] Destination: 0xFF
[2026-09-02T18:41:24.692+00:00][A] [INFO] [RF RX] type=2 source=0x02 destination=0xFF previousHop=0x02 sequence=374 ackSequence=0 ttl=8 hops=0 payloadSize=13 rssi=-61 sn
[2026-09-02T18:41:24.695+00:00][B] [INFO] Sequence: 374
[2026-09-02T18:41:24.695+00:00][B] [INFO] Packet ID: 203
[2026-09-02T18:41:24.700+00:00][B] [INFO] Packet Size: 26
[2026-09-02T18:41:24.701+00:00][B] [INFO] Timestamp: 203 ms
[2026-09-02T18:41:24.706+00:00][B] [INFO] Transmission Result: success
[2026-09-02T18:41:24.707+00:00][B] [INFO] --------------------------------
[2026-09-02T18:41:24.712+00:00][B] [INFO] [Heartbeat #203]
[2026-09-02T18:41:24.712+00:00][B] [INFO] Sent
[2026-09-02T18:41:24.712+00:00][B] [INFO] Waiting ACK...
[2026-09-02T18:41:24.712+00:00][B] [INFO] [WAITING ACK]
[2026-09-02T18:41:24.726+00:00][B] [INFO] [RF TX] type=2 source=0x02 destination=0xFF previousHop=0x02 sequence=374 ackSequence=0 ttl=8 hops=0 payloadSize=13 rssi=0 snr=
[2026-09-02T18:41:24.726+00:00][B] [INFO] Heartbeat packet sent
[2026-09-02T18:41:25.225+00:00][A] [WARN] Retry 1
[2026-09-02T18:41:25.294+00:00][A] [INFO] --------------------------------
[2026-09-02T18:41:25.295+00:00][A] [INFO] [HEARTBEAT TX]
[2026-09-02T18:41:25.297+00:00][A] [INFO] Node ID: 1
[2026-09-02T18:41:25.297+00:00][A] [INFO] type: 2
[2026-09-02T18:41:25.298+00:00][A] [INFO] Destination: 0xFF
[2026-09-02T18:41:25.300+00:00][B] [INFO] [RF RX] type=2 source=0x01 destination=0xFF previousHop=0x01 sequence=671 ackSequence=0 ttl=8 hops=0 payloadSize=13 rssi=-61 sn
[2026-09-02T18:41:25.303+00:00][A] [INFO] Sequence: 671
[2026-09-02T18:41:25.303+00:00][A] [INFO] Packet ID: 370
[2026-09-02T18:41:25.308+00:00][A] [INFO] Packet Size: 26
[2026-09-02T18:41:25.309+00:00][A] [INFO] Timestamp: 370 ms
[2026-09-02T18:41:25.314+00:00][A] [INFO] Transmission Result: success
[2026-09-02T18:41:25.314+00:00][A] [INFO] --------------------------------
[2026-09-02T18:41:25.320+00:00][A] [INFO] [Heartbeat #370]
[2026-09-02T18:41:25.320+00:00][A] [INFO] Sent
[2026-09-02T18:41:25.320+00:00][A] [INFO] Waiting ACK...
[2026-09-02T18:41:25.320+00:00][A] [INFO] [WAITING ACK]
[2026-09-02T18:41:25.336+00:00][A] [INFO] [RF TX] type=2 source=0x01 destination=0xFF previousHop=0x01 sequence=671 ackSequence=0 ttl=8 hops=0 payloadSize=13 rssi=0 snr=
[2026-09-02T18:41:25.338+00:00][A] [INFO] Heartbeat packet sent
[2026-09-02T18:41:25.622+00:00][A] [INFO] [RF RX] type=2 source=0x02 destination=0xFF previousHop=0x02 sequence=375 ackSequence=0 ttl=8 hops=0 payloadSize=13 rssi=-61 sn
[2026-09-02T18:41:25.631+00:00][B] [INFO] --------------------------------
[2026-09-02T18:41:25.631+00:00][B] [INFO] [HEARTBEAT TX]
[2026-09-02T18:41:25.631+00:00][B] [INFO] Node ID: 2
[2026-09-02T18:41:25.631+00:00][B] [INFO] type: 2
[2026-09-02T18:41:25.631+00:00][B] [INFO] Destination: 0xFF
[2026-09-02T18:41:25.631+00:00][B] [INFO] Sequence: 375
[2026-09-02T18:41:25.631+00:00][B] [INFO] Packet ID: 204
[2026-09-02T18:41:25.631+00:00][B] [INFO] Packet Size: 26
[2026-09-02T18:41:25.631+00:00][B] [INFO] Timestamp: 204 ms
[2026-09-02T18:41:25.632+00:00][B] [INFO] Transmission Result: success
[2026-09-02T18:41:25.632+00:00][B] [INFO] --------------------------------
[2026-09-02T18:41:25.632+00:00][B] [INFO] [Heartbeat #204]
[2026-09-02T18:41:25.632+00:00][B] [INFO] Sent
[2026-09-02T18:41:25.632+00:00][B] [INFO] Waiting ACK...
[2026-09-02T18:41:25.632+00:00][B] [INFO] [WAITING ACK]
[2026-09-02T18:41:25.647+00:00][B] [INFO] [RF TX] type=2 source=0x02 destination=0xFF previousHop=0x02 sequence=375 ackSequence=0 ttl=8 hops=0 payloadSize=13 rssi=0 snr=
[2026-09-02T18:41:25.647+00:00][B] [INFO] Heartbeat packet sent
[2026-09-02T18:41:26.208+00:00][A] [INFO] --------------------------------
[2026-09-02T18:41:26.208+00:00][A] [INFO] [HEARTBEAT TX]
[2026-09-02T18:41:26.214+00:00][A] [INFO] Node ID: 1
[2026-09-02T18:41:26.214+00:00][A] [INFO] type: 2
[2026-09-02T18:41:26.214+00:00][A] [INFO] Destination: 0xFF
[2026-09-02T18:41:26.216+00:00][B] [INFO] [RF RX] type=2 source=0x01 destination=0xFF previousHop=0x01 sequence=672 ackSequence=0 ttl=8 hops=0 payloadSize=13 rssi=-60 sn
[2026-09-02T18:41:26.219+00:00][A] [INFO] Sequence: 672
[2026-09-02T18:41:26.219+00:00][A] [INFO] Packet ID: 371
[2026-09-02T18:41:26.225+00:00][A] [INFO] Packet Size: 26
[2026-09-02T18:41:26.225+00:00][A] [INFO] Timestamp: 371 ms
[2026-09-02T18:41:26.230+00:00][A] [INFO] Transmission Result: success
[2026-09-02T18:41:26.230+00:00][A] [INFO] --------------------------------
[2026-09-02T18:41:26.236+00:00][A] [INFO] [Heartbeat #371]
[2026-09-02T18:41:26.236+00:00][A] [INFO] Sent
[2026-09-02T18:41:26.236+00:00][A] [INFO] Waiting ACK...
[2026-09-02T18:41:26.236+00:00][A] [INFO] [WAITING ACK]
[2026-09-02T18:41:26.250+00:00][A] [INFO] [RF TX] type=2 source=0x01 destination=0xFF previousHop=0x01 sequence=672 ackSequence=0 ttl=8 hops=0 payloadSize=13 rssi=0 snr=
[2026-09-02T18:41:26.250+00:00][A] [INFO] Heartbeat packet sent
[2026-09-02T18:41:26.617+00:00][B] [WARN] Retry 1
[2026-09-02T18:41:26.684+00:00][B] [INFO] --------------------------------
[2026-09-02T18:41:26.684+00:00][B] [INFO] [HEARTBEAT TX]
[2026-09-02T18:41:26.695+00:00][B] [INFO] Node ID: 2
[2026-09-02T18:41:26.696+00:00][B] [INFO] type: 2
[2026-09-02T18:41:26.696+00:00][B] [INFO] Destination: 0xFF
[2026-09-02T18:41:26.696+00:00][B] [INFO] Sequence: 375
[2026-09-02T18:41:26.696+00:00][B] [INFO] Packet ID: 204
[2026-09-02T18:41:26.696+00:00][A] [INFO] [RF RX] type=2 source=0x02 destination=0xFF previousHop=0x02 sequence=375 ackSequence=0 ttl=8 hops=0 payloadSize=13 rssi=-61 sn
[2026-09-02T18:41:26.703+00:00][B] [INFO] Packet Size: 26
[2026-09-02T18:41:26.703+00:00][B] [INFO] Timestamp: 204 ms
[2026-09-02T18:41:26.706+00:00][B] [INFO] Transmission Result: success
[2026-09-02T18:41:26.706+00:00][B] [INFO] --------------------------------
[2026-09-02T18:41:26.714+00:00][B] [INFO] [Heartbeat #204]
[2026-09-02T18:41:26.714+00:00][B] [INFO] Sent
[2026-09-02T18:41:26.714+00:00][B] [INFO] Waiting ACK...
[2026-09-02T18:41:26.714+00:00][B] [INFO] [WAITING ACK]
[2026-09-02T18:41:26.726+00:00][B] [INFO] [RF TX] type=2 source=0x02 destination=0xFF previousHop=0x02 sequence=375 ackSequence=0 ttl=8 hops=0 payloadSize=13 rssi=0 snr=
[2026-09-02T18:41:26.726+00:00][B] [INFO] Heartbeat packet sent
[2026-09-02T18:41:27.225+00:00][A] [WARN] Retry 1
[2026-09-02T18:41:27.292+00:00][A] [INFO] --------------------------------
[2026-09-02T18:41:27.292+00:00][A] [INFO] [HEARTBEAT TX]
[2026-09-02T18:41:27.297+00:00][A] [INFO] Node ID: 1
[2026-09-02T18:41:27.297+00:00][A] [INFO] type: 2
[2026-09-02T18:41:27.298+00:00][A] [INFO] Destination: 0xFF
[2026-09-02T18:41:27.300+00:00][B] [INFO] [RF RX] type=2 source=0x01 destination=0xFF previousHop=0x01 sequence=672 ackSequence=0 ttl=8 hops=0 payloadSize=13 rssi=-61 sn
[2026-09-02T18:41:27.303+00:00][A] [INFO] Sequence: 672
[2026-09-02T18:41:27.303+00:00][A] [INFO] Packet ID: 371
[2026-09-02T18:41:27.308+00:00][A] [INFO] Packet Size: 26
[2026-09-02T18:41:27.309+00:00][A] [INFO] Timestamp: 371 ms
[2026-09-02T18:41:27.314+00:00][A] [INFO] Transmission Result: success
[2026-09-02T18:41:27.314+00:00][A] [INFO] --------------------------------
[2026-09-02T18:41:27.320+00:00][A] [INFO] [Heartbeat #371]
[2026-09-02T18:41:27.320+00:00][A] [INFO] Sent
[2026-09-02T18:41:27.320+00:00][A] [INFO] Waiting ACK...
[2026-09-02T18:41:27.320+00:00][A] [INFO] [WAITING ACK]
[2026-09-02T18:41:27.334+00:00][A] [INFO] [RF TX] type=2 source=0x01 destination=0xFF previousHop=0x01 sequence=672 ackSequence=0 ttl=8 hops=0 payloadSize=13 rssi=0 snr=
[2026-09-02T18:41:27.334+00:00][A] [INFO] Heartbeat packet sent
[2026-09-02T18:41:27.600+00:00][B] [INFO] --------------------------------
[2026-09-02T18:41:27.600+00:00][B] [INFO] [HEARTBEAT TX]
[2026-09-02T18:41:27.605+00:00][B] [INFO] Node ID: 2
[2026-09-02T18:41:27.605+00:00][B] [INFO] type: 2
[2026-09-02T18:41:27.606+00:00][B] [INFO] Destination: 0xFF
[2026-09-02T18:41:27.608+00:00][A] [INFO] [RF RX] type=2 source=0x02 destination=0xFF previousHop=0x02 sequence=376 ackSequence=0 ttl=8 hops=0 payloadSize=13 rssi=-61 sn
[2026-09-02T18:41:27.611+00:00][B] [INFO] Sequence: 376
[2026-09-02T18:41:27.611+00:00][B] [INFO] Packet ID: 205
[2026-09-02T18:41:27.616+00:00][B] [INFO] Packet Size: 26
[2026-09-02T18:41:27.617+00:00][B] [INFO] Timestamp: 205 ms
[2026-09-02T18:41:27.622+00:00][B] [INFO] Transmission Result: success
[2026-09-02T18:41:27.622+00:00][B] [INFO] --------------------------------
[2026-09-02T18:41:27.628+00:00][B] [INFO] [Heartbeat #205]
[2026-09-02T18:41:27.628+00:00][B] [INFO] Sent
[2026-09-02T18:41:27.628+00:00][B] [INFO] Waiting ACK...
[2026-09-02T18:41:27.628+00:00][B] [INFO] [WAITING ACK]
[2026-09-02T18:41:27.642+00:00][B] [INFO] [RF TX] type=2 source=0x02 destination=0xFF previousHop=0x02 sequence=376 ackSequence=0 ttl=8 hops=0 payloadSize=13 rssi=0 snr=
[2026-09-02T18:41:27.642+00:00][B] [INFO] Heartbeat packet sent
[2026-09-02T18:41:28.208+00:00][A] [INFO] --------------------------------
[2026-09-02T18:41:28.209+00:00][A] [INFO] [HEARTBEAT TX]
[2026-09-02T18:41:28.214+00:00][A] [INFO] Node ID: 1
[2026-09-02T18:41:28.214+00:00][A] [INFO] type: 2
[2026-09-02T18:41:28.214+00:00][A] [INFO] Destination: 0xFF
[2026-09-02T18:41:28.217+00:00][B] [INFO] [RF RX] type=2 source=0x01 destination=0xFF previousHop=0x01 sequence=673 ackSequence=0 ttl=8 hops=0 payloadSize=13 rssi=-60 sn
[2026-09-02T18:41:28.219+00:00][A] [INFO] Sequence: 673
[2026-09-02T18:41:28.220+00:00][A] [INFO] Packet ID: 372
[2026-09-02T18:41:28.225+00:00][A] [INFO] Packet Size: 26
[2026-09-02T18:41:28.225+00:00][A] [INFO] Timestamp: 372 ms
[2026-09-02T18:41:28.230+00:00][A] [INFO] Transmission Result: success
[2026-09-02T18:41:28.230+00:00][A] [INFO] --------------------------------
[2026-09-02T18:41:28.236+00:00][A] [INFO] [Heartbeat #372]
[2026-09-02T18:41:28.236+00:00][A] [INFO] Sent
[2026-09-02T18:41:28.236+00:00][A] [INFO] Waiting ACK...
[2026-09-02T18:41:28.236+00:00][A] [INFO] [WAITING ACK]
[2026-09-02T18:41:28.250+00:00][A] [INFO] [RF TX] type=2 source=0x01 destination=0xFF previousHop=0x01 sequence=673 ackSequence=0 ttl=8 hops=0 payloadSize=13 rssi=0 snr=
[2026-09-02T18:41:28.251+00:00][A] [INFO] Heartbeat packet sent
[2026-09-02T18:41:28.617+00:00][B] [WARN] Retry 1
[2026-09-02T18:41:28.684+00:00][B] [INFO] --------------------------------
[2026-09-02T18:41:28.684+00:00][B] [INFO] [HEARTBEAT TX]
[2026-09-02T18:41:28.689+00:00][B] [INFO] Node ID: 2
[2026-09-02T18:41:28.689+00:00][B] [INFO] type: 2
[2026-09-02T18:41:28.689+00:00][B] [INFO] Destination: 0xFF
[2026-09-02T18:41:28.692+00:00][A] [INFO] [RF RX] type=2 source=0x02 destination=0xFF previousHop=0x02 sequence=376 ackSequence=0 ttl=8 hops=0 payloadSize=13 rssi=-59 sn
[2026-09-02T18:41:28.695+00:00][B] [INFO] Sequence: 376
[2026-09-02T18:41:28.695+00:00][B] [INFO] Packet ID: 205
[2026-09-02T18:41:28.700+00:00][B] [INFO] Packet Size: 26
[2026-09-02T18:41:28.701+00:00][B] [INFO] Timestamp: 205 ms
[2026-09-02T18:41:28.706+00:00][B] [INFO] Transmission Result: success
[2026-09-02T18:41:28.706+00:00][B] [INFO] --------------------------------
[2026-09-02T18:41:28.711+00:00][B] [INFO] [Heartbeat #205]
[2026-09-02T18:41:28.712+00:00][B] [INFO] Sent
[2026-09-02T18:41:28.712+00:00][B] [INFO] Waiting ACK...
[2026-09-02T18:41:28.712+00:00][B] [INFO] [WAITING ACK]
[2026-09-02T18:41:28.726+00:00][B] [INFO] [RF TX] type=2 source=0x02 destination=0xFF previousHop=0x02 sequence=376 ackSequence=0 ttl=8 hops=0 payloadSize=13 rssi=0 snr=
