[2026-09-02T18:39:33.736+00:00][A] [INFO] TEST_DATA_QUEUED dst=0x02 seq=468 remaining=99
[2026-09-02T18:39:33.800+00:00][A] [INFO] [RF TX] type=1 source=0x01 destination=0x02 previousHop=0x01 sequence=468 ackSequence=0 ttl=8 hops=0 payloadSize=4 rssi=0 snr=0
[2026-09-02T18:39:33.801+00:00][A] [INFO] TEST_DATA_QUEUED dst=0x02 seq=469 remaining=98
[2026-09-02T18:39:33.863+00:00][A] [INFO] [RF TX] type=1 source=0x01 destination=0x02 previousHop=0x01 sequence=469 ackSequence=0 ttl=8 hops=0 payloadSize=4 rssi=0 snr=0
[2026-09-02T18:39:33.864+00:00][A] [INFO] TEST_DATA_QUEUED dst=0x02 seq=470 remaining=97
[2026-09-02T18:39:33.926+00:00][A] [INFO] [RF TX] type=1 source=0x01 destination=0x02 previousHop=0x01 sequence=470 ackSequence=0 ttl=8 hops=0 payloadSize=4 rssi=0 snr=0
[2026-09-02T18:39:33.926+00:00][A] [INFO] TEST_DATA_QUEUED dst=0x02 seq=471 remaining=96
[2026-09-02T18:39:33.989+00:00][A] [INFO] [RF TX] type=1 source=0x01 destination=0x02 previousHop=0x01 sequence=471 ackSequence=0 ttl=8 hops=0 payloadSize=4 rssi=0 snr=0
[2026-09-02T18:39:33.989+00:00][A] [INFO] TEST_DATA_QUEUED dst=0x02 seq=472 remaining=95
[2026-09-02T18:39:34.052+00:00][A] [INFO] [RF TX] type=1 source=0x01 destination=0x02 previousHop=0x01 sequence=472 ackSequence=0 ttl=8 hops=0 payloadSize=4 rssi=0 snr=0
[2026-09-02T18:39:34.052+00:00][A] [INFO] TEST_DATA_QUEUED dst=0x02 seq=473 remaining=94
[2026-09-02T18:39:34.053+00:00][A] [WARN] Retry 1
[2026-09-02T18:39:34.115+00:00][A] [INFO] [RF TX] type=1 source=0x01 destination=0x02 previousHop=0x01 sequence=473 ackSequence=0 ttl=8 hops=0 payloadSize=4 rssi=0 snr=0
[2026-09-02T18:39:34.116+00:00][A] [INFO] TEST_DATA_QUEUED dst=0x02 seq=474 remaining=93
[2026-09-02T18:39:34.177+00:00][A] [INFO] --------------------------------
[2026-09-02T18:39:34.178+00:00][A] [INFO] [HEARTBEAT TX]
[2026-09-02T18:39:34.183+00:00][A] [INFO] Node ID: 1
[2026-09-02T18:39:34.183+00:00][A] [INFO] type: 2
[2026-09-02T18:39:34.183+00:00][A] [INFO] Destination: 0xFF
[2026-09-02T18:39:34.188+00:00][A] [INFO] Sequence: 467
[2026-09-02T18:39:34.188+00:00][A] [INFO] Packet ID: 266
[2026-09-02T18:39:34.193+00:00][A] [INFO] Packet Size: 26
[2026-09-02T18:39:34.194+00:00][A] [INFO] Timestamp: 266 ms
[2026-09-02T18:39:34.199+00:00][A] [INFO] Transmission Result: success
[2026-09-02T18:39:34.200+00:00][A] [INFO] --------------------------------
[2026-09-02T18:39:34.205+00:00][A] [INFO] [Heartbeat #266]
[2026-09-02T18:39:34.205+00:00][A] [INFO] Sent
[2026-09-02T18:39:34.205+00:00][A] [INFO] Waiting ACK...
[2026-09-02T18:39:34.205+00:00][A] [INFO] [WAITING ACK]
[2026-09-02T18:39:34.221+00:00][A] [INFO] [RF TX] type=2 source=0x01 destination=0xFF previousHop=0x01 sequence=467 ackSequence=0 ttl=8 hops=0 payloadSize=13 rssi=0 snr=
[2026-09-02T18:39:34.222+00:00][A] [INFO] Heartbeat packet sent
[2026-09-02T18:39:34.224+00:00][A] [INFO] TEST_DATA_QUEUED dst=0x02 seq=475 remaining=92
[2026-09-02T18:39:34.283+00:00][A] [INFO] [RF TX] type=1 source=0x01 destination=0x02 previousHop=0x01 sequence=474 ackSequence=0 ttl=8 hops=0 payloadSize=4 rssi=0 snr=0
[2026-09-02T18:39:34.284+00:00][A] [INFO] TEST_DATA_QUEUED dst=0x02 seq=476 remaining=91
[2026-09-02T18:39:34.346+00:00][A] [INFO] [RF TX] type=1 source=0x01 destination=0x02 previousHop=0x01 sequence=475 ackSequence=0 ttl=8 hops=0 payloadSize=4 rssi=0 snr=0
[2026-09-02T18:39:34.346+00:00][A] [INFO] TEST_DATA_QUEUED dst=0x02 seq=477 remaining=90
[2026-09-02T18:39:34.409+00:00][A] [INFO] [RF TX] type=1 source=0x01 destination=0x02 previousHop=0x01 sequence=476 ackSequence=0 ttl=8 hops=0 payloadSize=4 rssi=0 snr=0
[2026-09-02T18:39:34.409+00:00][A] [INFO] TEST_DATA_QUEUED dst=0x02 seq=478 remaining=89
[2026-09-02T18:39:34.471+00:00][A] [INFO] [RF TX] type=1 source=0x01 destination=0x02 previousHop=0x01 sequence=477 ackSequence=0 ttl=8 hops=0 payloadSize=4 rssi=0 snr=0
[2026-09-02T18:39:34.472+00:00][A] [INFO] TEST_DATA_QUEUED dst=0x02 seq=479 remaining=88
[2026-09-02T18:39:34.534+00:00][A] [INFO] [RF TX] type=1 source=0x01 destination=0x02 previousHop=0x01 sequence=478 ackSequence=0 ttl=8 hops=0 payloadSize=4 rssi=0 snr=0
[2026-09-02T18:39:34.535+00:00][A] [INFO] TEST_DATA_QUEUED dst=0x02 seq=480 remaining=87
[2026-09-02T18:39:34.597+00:00][A] [INFO] [RF TX] type=1 source=0x01 destination=0x02 previousHop=0x01 sequence=479 ackSequence=0 ttl=8 hops=0 payloadSize=4 rssi=0 snr=0
[2026-09-02T18:39:34.598+00:00][A] [INFO] TEST_DATA_QUEUED dst=0x02 seq=481 remaining=86
[2026-09-02T18:39:34.660+00:00][A] [INFO] [RF TX] type=1 source=0x01 destination=0x02 previousHop=0x01 sequence=480 ackSequence=0 ttl=8 hops=0 payloadSize=4 rssi=0 snr=0
[2026-09-02T18:39:34.661+00:00][A] [INFO] TEST_DATA_QUEUED dst=0x02 seq=482 remaining=85
[2026-09-02T18:39:34.723+00:00][A] [INFO] [RF TX] type=1 source=0x01 destination=0x02 previousHop=0x01 sequence=481 ackSequence=0 ttl=8 hops=0 payloadSize=4 rssi=0 snr=0
[2026-09-02T18:39:34.723+00:00][A] [INFO] TEST_DATA_QUEUED dst=0x02 seq=483 remaining=84
[2026-09-02T18:39:34.785+00:00][A] [INFO] [RF TX] type=1 source=0x01 destination=0x02 previousHop=0x01 sequence=482 ackSequence=0 ttl=8 hops=0 payloadSize=4 rssi=0 snr=0
[2026-09-02T18:39:34.786+00:00][A] [INFO] TEST_DATA_QUEUED dst=0x02 seq=484 remaining=83
[2026-09-02T18:39:34.848+00:00][A] [INFO] [RF TX] type=1 source=0x01 destination=0x02 previousHop=0x01 sequence=483 ackSequence=0 ttl=8 hops=0 payloadSize=4 rssi=0 snr=0
[2026-09-02T18:39:34.849+00:00][A] [INFO] TEST_DATA_QUEUED dst=0x02 seq=485 remaining=82
[2026-09-02T18:39:34.850+00:00][A] [WARN] TX_RETRY seq=468
[2026-09-02T18:39:34.911+00:00][A] [INFO] [RF TX] type=1 source=0x01 destination=0x02 previousHop=0x01 sequence=484 ackSequence=0 ttl=8 hops=0 payloadSize=4 rssi=0 snr=0
[2026-09-02T18:39:34.912+00:00][A] [INFO] TEST_DATA_QUEUED dst=0x02 seq=486 remaining=81
[2026-09-02T18:39:34.914+00:00][A] [WARN] TX_RETRY seq=469
[2026-09-02T18:39:34.975+00:00][A] [INFO] [RF TX] type=1 source=0x01 destination=0x02 previousHop=0x01 sequence=485 ackSequence=0 ttl=8 hops=0 payloadSize=4 rssi=0 snr=0
[2026-09-02T18:39:34.975+00:00][A] [INFO] TEST_DATA_QUEUED dst=0x02 seq=487 remaining=80
[2026-09-02T18:39:34.977+00:00][A] [WARN] TX_RETRY seq=470
[2026-09-02T18:39:35.037+00:00][A] [INFO] [RF TX] type=1 source=0x01 destination=0x02 previousHop=0x01 sequence=468 ackSequence=0 ttl=8 hops=0 payloadSize=4 rssi=0 snr=0
[2026-09-02T18:39:35.038+00:00][A] [INFO] TEST_DATA_QUEUED dst=0x02 seq=489 remaining=79
[2026-09-02T18:39:35.040+00:00][A] [WARN] TX_RETRY seq=471
[2026-09-02T18:39:35.100+00:00][A] [INFO] [RF TX] type=1 source=0x01 destination=0x02 previousHop=0x01 sequence=486 ackSequence=0 ttl=8 hops=0 payloadSize=4 rssi=0 snr=0
[2026-09-02T18:39:35.101+00:00][A] [INFO] TEST_DATA_QUEUED dst=0x02 seq=490 remaining=78
[2026-09-02T18:39:35.103+00:00][A] [WARN] TX_RETRY seq=472
[2026-09-02T18:39:35.163+00:00][A] [INFO] [RF TX] type=1 source=0x01 destination=0x02 previousHop=0x01 sequence=469 ackSequence=0 ttl=8 hops=0 payloadSize=4 rssi=0 snr=0
[2026-09-02T18:39:35.164+00:00][A] [INFO] TEST_DATA_QUEUED dst=0x02 seq=491 remaining=77
[2026-09-02T18:39:35.165+00:00][A] [ERROR] TX_FAILED
[2026-09-02T18:39:35.226+00:00][A] [INFO] [RF TX] type=1 source=0x01 destination=0x02 previousHop=0x01 sequence=487 ackSequence=0 ttl=8 hops=0 payloadSize=4 rssi=0 snr=0
[2026-09-02T18:39:35.227+00:00][A] [INFO] TEST_DATA_QUEUED dst=0x02 seq=492 remaining=76
[2026-09-02T18:39:35.228+00:00][A] [WARN] Retry 1
[2026-09-02T18:39:35.289+00:00][A] [INFO] [RF TX] type=1 source=0x01 destination=0x02 previousHop=0x01 sequence=470 ackSequence=0 ttl=8 hops=0 payloadSize=4 rssi=0 snr=0
[2026-09-02T18:39:35.290+00:00][A] [INFO] TEST_DATA_QUEUED dst=0x02 seq=493 remaining=75
[2026-09-02T18:39:35.291+00:00][A] [ERROR] TX_FAILED
[2026-09-02T18:39:35.352+00:00][A] [INFO] --------------------------------
[2026-09-02T18:39:35.352+00:00][A] [INFO] [HEARTBEAT TX]
[2026-09-02T18:39:35.357+00:00][A] [INFO] Node ID: 1
[2026-09-02T18:39:35.357+00:00][A] [INFO] type: 2
[2026-09-02T18:39:35.358+00:00][A] [INFO] Destination: 0xFF
[2026-09-02T18:39:35.362+00:00][A] [INFO] Sequence: 488
[2026-09-02T18:39:35.363+00:00][A] [INFO] Packet ID: 267
[2026-09-02T18:39:35.368+00:00][A] [INFO] Packet Size: 26
[2026-09-02T18:39:35.368+00:00][A] [INFO] Timestamp: 267 ms
[2026-09-02T18:39:35.373+00:00][A] [INFO] Transmission Result: success
[2026-09-02T18:39:35.374+00:00][A] [INFO] --------------------------------
[2026-09-02T18:39:35.379+00:00][A] [INFO] [Heartbeat #267]
[2026-09-02T18:39:35.379+00:00][A] [INFO] Sent
[2026-09-02T18:39:35.380+00:00][A] [INFO] Waiting ACK...
[2026-09-02T18:39:35.380+00:00][A] [INFO] [WAITING ACK]
[2026-09-02T18:39:35.396+00:00][A] [INFO] [RF TX] type=2 source=0x01 destination=0xFF previousHop=0x01 sequence=488 ackSequence=0 ttl=8 hops=0 payloadSize=13 rssi=0 snr=
[2026-09-02T18:39:35.396+00:00][A] [INFO] Heartbeat packet sent
[2026-09-02T18:39:35.400+00:00][A] [INFO] TEST_DATA_QUEUED dst=0x02 seq=494 remaining=74
[2026-09-02T18:39:35.400+00:00][A] [ERROR] TX_FAILED
[2026-09-02T18:39:35.467+00:00][A] [INFO] [RF TX] type=1 source=0x01 destination=0x02 previousHop=0x01 sequence=489 ackSequence=0 ttl=8 hops=0 payloadSize=4 rssi=0 snr=0
[2026-09-02T18:39:35.468+00:00][A] [INFO] TEST_DATA_QUEUED dst=0x02 seq=495 remaining=73
[2026-09-02T18:39:35.530+00:00][A] [INFO] [RF TX] type=1 source=0x01 destination=0x02 previousHop=0x01 sequence=471 ackSequence=0 ttl=8 hops=0 payloadSize=4 rssi=0 snr=0
[2026-09-02T18:39:35.531+00:00][A] [INFO] TEST_DATA_QUEUED dst=0x02 seq=496 remaining=72
[2026-09-02T18:39:35.593+00:00][A] [INFO] [RF TX] type=1 source=0x01 destination=0x02 previousHop=0x01 sequence=490 ackSequence=0 ttl=8 hops=0 payloadSize=4 rssi=0 snr=0
[2026-09-02T18:39:35.594+00:00][A] [INFO] TEST_DATA_QUEUED dst=0x02 seq=497 remaining=71
[2026-09-02T18:39:35.656+00:00][A] [INFO] [RF TX] type=1 source=0x01 destination=0x02 previousHop=0x01 sequence=472 ackSequence=0 ttl=8 hops=0 payloadSize=4 rssi=0 snr=0
[2026-09-02T18:39:35.657+00:00][A] [INFO] TEST_DATA_QUEUED dst=0x02 seq=498 remaining=70
[2026-09-02T18:39:35.719+00:00][A] [INFO] [RF TX] type=1 source=0x01 destination=0x02 previousHop=0x01 sequence=491 ackSequence=0 ttl=8 hops=0 payloadSize=4 rssi=0 snr=0
[2026-09-02T18:39:35.720+00:00][A] [INFO] TEST_DATA_QUEUED dst=0x02 seq=499 remaining=69
[2026-09-02T18:39:35.782+00:00][A] [INFO] [RF TX] type=1 source=0x01 destination=0x02 previousHop=0x01 sequence=492 ackSequence=0 ttl=8 hops=0 payloadSize=4 rssi=0 snr=0
[2026-09-02T18:39:35.783+00:00][A] [INFO] TEST_DATA_QUEUED dst=0x02 seq=500 remaining=68
[2026-09-02T18:39:35.845+00:00][A] [INFO] [RF TX] type=1 source=0x01 destination=0x02 previousHop=0x01 sequence=493 ackSequence=0 ttl=8 hops=0 payloadSize=4 rssi=0 snr=0
[2026-09-02T18:39:35.845+00:00][A] [INFO] TEST_DATA_QUEUED dst=0x02 seq=501 remaining=67
[2026-09-02T18:39:35.908+00:00][A] [INFO] [RF TX] type=1 source=0x01 destination=0x02 previousHop=0x01 sequence=494 ackSequence=0 ttl=8 hops=0 payloadSize=4 rssi=0 snr=0
[2026-09-02T18:39:35.908+00:00][A] [INFO] TEST_DATA_QUEUED dst=0x02 seq=502 remaining=66
[2026-09-02T18:39:35.970+00:00][A] [INFO] [RF TX] type=1 source=0x01 destination=0x02 previousHop=0x01 sequence=495 ackSequence=0 ttl=8 hops=0 payloadSize=4 rssi=0 snr=0
[2026-09-02T18:39:35.971+00:00][A] [INFO] TEST_DATA_QUEUED dst=0x02 seq=503 remaining=65
[2026-09-02T18:39:36.033+00:00][A] [INFO] [RF TX] type=1 source=0x01 destination=0x02 previousHop=0x01 sequence=496 ackSequence=0 ttl=8 hops=0 payloadSize=4 rssi=0 snr=0
[2026-09-02T18:39:36.034+00:00][A] [INFO] TEST_DATA_QUEUED dst=0x02 seq=504 remaining=64
[2026-09-02T18:39:36.096+00:00][A] [INFO] [RF TX] type=1 source=0x01 destination=0x02 previousHop=0x01 sequence=497 ackSequence=0 ttl=8 hops=0 payloadSize=4 rssi=0 snr=0
[2026-09-02T18:39:36.096+00:00][A] [INFO] TEST_DATA_QUEUED dst=0x02 seq=505 remaining=63
[2026-09-02T18:39:36.098+00:00][A] [ERROR] TX_FAILED
[2026-09-02T18:39:36.159+00:00][A] [INFO] [RF TX] type=1 source=0x01 destination=0x02 previousHop=0x01 sequence=498 ackSequence=0 ttl=8 hops=0 payloadSize=4 rssi=0 snr=0
[2026-09-02T18:39:36.160+00:00][A] [INFO] TEST_DATA_QUEUED dst=0x02 seq=506 remaining=62
[2026-09-02T18:39:36.222+00:00][A] [INFO] [RF TX] type=1 source=0x01 destination=0x02 previousHop=0x01 sequence=499 ackSequence=0 ttl=8 hops=0 payloadSize=4 rssi=0 snr=0
[2026-09-02T18:39:36.223+00:00][A] [INFO] TEST_DATA_QUEUED dst=0x02 seq=507 remaining=61
[2026-09-02T18:39:36.223+00:00][A] [ERROR] TX_FAILED
[2026-09-02T18:39:36.285+00:00][A] [INFO] [RF TX] type=1 source=0x01 destination=0x02 previousHop=0x01 sequence=500 ackSequence=0 ttl=8 hops=0 payloadSize=4 rssi=0 snr=0
[2026-09-02T18:39:36.285+00:00][A] [INFO] TEST_DATA_QUEUED dst=0x02 seq=508 remaining=60
[2026-09-02T18:39:36.286+00:00][A] [ERROR] TX_FAILED
[2026-09-02T18:39:36.347+00:00][A] [INFO] [RF TX] type=1 source=0x01 destination=0x02 previousHop=0x01 sequence=501 ackSequence=0 ttl=8 hops=0 payloadSize=4 rssi=0 snr=0
[2026-09-02T18:39:36.348+00:00][A] [INFO] TEST_DATA_QUEUED dst=0x02 seq=509 remaining=59
[2026-09-02T18:39:36.349+00:00][A] [ERROR] TX_FAILED
[2026-09-02T18:39:36.410+00:00][A] [INFO] [RF TX] type=1 source=0x01 destination=0x02 previousHop=0x01 sequence=502 ackSequence=0 ttl=8 hops=0 payloadSize=4 rssi=0 snr=0
[2026-09-02T18:39:36.411+00:00][A] [INFO] TEST_DATA_QUEUED dst=0x02 seq=510 remaining=58
[2026-09-02T18:39:36.412+00:00][A] [WARN] Retry 1
[2026-09-02T18:39:36.473+00:00][A] [INFO] [RF TX] type=1 source=0x01 destination=0x02 previousHop=0x01 sequence=503 ackSequence=0 ttl=8 hops=0 payloadSize=4 rssi=0 snr=0
[2026-09-02T18:39:36.474+00:00][A] [INFO] TEST_DATA_QUEUED dst=0x02 seq=511 remaining=57
[2026-09-02T18:39:36.475+00:00][A] [ERROR] TX_FAILED
[2026-09-02T18:39:36.536+00:00][A] [INFO] [RF TX] type=1 source=0x01 destination=0x02 previousHop=0x01 sequence=504 ackSequence=0 ttl=8 hops=0 payloadSize=4 rssi=0 snr=0
[2026-09-02T18:39:36.537+00:00][A] [INFO] TEST_DATA_QUEUED dst=0x02 seq=512 remaining=56
[2026-09-02T18:39:36.538+00:00][A] [ERROR] TX_FAILED
[2026-09-02T18:39:36.599+00:00][A] [INFO] [RF TX] type=1 source=0x01 destination=0x02 previousHop=0x01 sequence=505 ackSequence=0 ttl=8 hops=0 payloadSize=4 rssi=0 snr=0
[2026-09-02T18:39:36.600+00:00][A] [INFO] TEST_DATA_QUEUED dst=0x02 seq=513 remaining=55
[2026-09-02T18:39:36.601+00:00][A] [ERROR] TX_FAILED
[2026-09-02T18:39:36.662+00:00][A] [INFO] [RF TX] type=1 source=0x01 destination=0x02 previousHop=0x01 sequence=506 ackSequence=0 ttl=8 hops=0 payloadSize=4 rssi=0 snr=0
[2026-09-02T18:39:36.663+00:00][A] [INFO] TEST_DATA_QUEUED dst=0x02 seq=514 remaining=54
[2026-09-02T18:39:36.664+00:00][A] [ERROR] TX_FAILED
[2026-09-02T18:39:36.725+00:00][A] [INFO] [RF TX] type=1 source=0x01 destination=0x02 previousHop=0x01 sequence=507 ackSequence=0 ttl=8 hops=0 payloadSize=4 rssi=0 snr=0
[2026-09-02T18:39:36.726+00:00][A] [INFO] TEST_DATA_QUEUED dst=0x02 seq=515 remaining=53
[2026-09-02T18:39:36.788+00:00][A] [INFO] [RF TX] type=1 source=0x01 destination=0x02 previousHop=0x01 sequence=508 ackSequence=0 ttl=8 hops=0 payloadSize=4 rssi=0 snr=0
[2026-09-02T18:39:36.789+00:00][A] [INFO] TEST_DATA_QUEUED dst=0x02 seq=516 remaining=52
[2026-09-02T18:39:36.851+00:00][A] [INFO] [RF TX] type=1 source=0x01 destination=0x02 previousHop=0x01 sequence=509 ackSequence=0 ttl=8 hops=0 payloadSize=4 rssi=0 snr=0
[2026-09-02T18:39:36.852+00:00][A] [INFO] TEST_DATA_QUEUED dst=0x02 seq=517 remaining=51
[2026-09-02T18:39:36.914+00:00][A] [INFO] [RF TX] type=1 source=0x01 destination=0x02 previousHop=0x01 sequence=510 ackSequence=0 ttl=8 hops=0 payloadSize=4 rssi=0 snr=0
[2026-09-02T18:39:36.914+00:00][A] [INFO] TEST_DATA_QUEUED dst=0x02 seq=518 remaining=50
[2026-09-02T18:39:36.976+00:00][A] [INFO] [RF TX] type=1 source=0x01 destination=0x02 previousHop=0x01 sequence=511 ackSequence=0 ttl=8 hops=0 payloadSize=4 rssi=0 snr=0
[2026-09-02T18:39:36.977+00:00][A] [INFO] TEST_DATA_QUEUED dst=0x02 seq=519 remaining=49
[2026-09-02T18:39:37.040+00:00][A] [INFO] [RF TX] type=1 source=0x01 destination=0x02 previousHop=0x01 sequence=512 ackSequence=0 ttl=8 hops=0 payloadSize=4 rssi=0 snr=0
[2026-09-02T18:39:37.040+00:00][A] [INFO] TEST_DATA_QUEUED dst=0x02 seq=521 remaining=48
[2026-09-02T18:39:37.102+00:00][A] [INFO] [RF TX] type=1 source=0x01 destination=0x02 previousHop=0x01 sequence=513 ackSequence=0 ttl=8 hops=0 payloadSize=4 rssi=0 snr=0
[2026-09-02T18:39:37.103+00:00][A] [INFO] TEST_DATA_QUEUED dst=0x02 seq=523 remaining=47
[2026-09-02T18:39:37.166+00:00][A] [INFO] [RF TX] type=1 source=0x01 destination=0x02 previousHop=0x01 sequence=514 ackSequence=0 ttl=8 hops=0 payloadSize=4 rssi=0 snr=0
[2026-09-02T18:39:37.166+00:00][A] [INFO] TEST_DATA_QUEUED dst=0x02 seq=525 remaining=46
[2026-09-02T18:39:37.167+00:00][A] [ERROR] TX_FAILED
[2026-09-02T18:39:37.229+00:00][A] [INFO] [RF TX] type=1 source=0x01 destination=0x02 previousHop=0x01 sequence=515 ackSequence=0 ttl=8 hops=0 payloadSize=4 rssi=0 snr=0
[2026-09-02T18:39:37.230+00:00][A] [INFO] TEST_DATA_QUEUED dst=0x02 seq=527 remaining=45
[2026-09-02T18:39:37.292+00:00][A] [INFO] [RF TX] type=1 source=0x01 destination=0x02 previousHop=0x01 sequence=516 ackSequence=0 ttl=8 hops=0 payloadSize=4 rssi=0 snr=0
[2026-09-02T18:39:37.293+00:00][A] [INFO] TEST_DATA_QUEUED dst=0x02 seq=529 remaining=44
[2026-09-02T18:39:37.294+00:00][A] [ERROR] TX_FAILED
[2026-09-02T18:39:37.355+00:00][A] [INFO] [RF TX] type=1 source=0x01 destination=0x02 previousHop=0x01 sequence=517 ackSequence=0 ttl=8 hops=0 payloadSize=4 rssi=0 snr=0
[2026-09-02T18:39:37.356+00:00][A] [INFO] TEST_DATA_QUEUED dst=0x02 seq=531 remaining=43
[2026-09-02T18:39:37.357+00:00][A] [ERROR] TX_FAILED
[2026-09-02T18:39:37.418+00:00][A] [INFO] [RF TX] type=1 source=0x01 destination=0x02 previousHop=0x01 sequence=518 ackSequence=0 ttl=8 hops=0 payloadSize=4 rssi=0 snr=0
[2026-09-02T18:39:37.419+00:00][A] [INFO] TEST_DATA_QUEUED dst=0x02 seq=533 remaining=42
[2026-09-02T18:39:37.421+00:00][A] [ERROR] TX_FAILED
[2026-09-02T18:39:37.422+00:00][A] [WARN] Retry 2
[2026-09-02T18:39:37.481+00:00][A] [INFO] [RF TX] type=1 source=0x01 destination=0x02 previousHop=0x01 sequence=519 ackSequence=0 ttl=8 hops=0 payloadSize=4 rssi=0 snr=0
[2026-09-02T18:39:37.482+00:00][A] [INFO] TEST_DATA_QUEUED dst=0x02 seq=535 remaining=41
[2026-09-02T18:39:37.544+00:00][A] [INFO] [RF TX] type=1 source=0x01 destination=0x02 previousHop=0x01 sequence=521 ackSequence=0 ttl=8 hops=0 payloadSize=4 rssi=0 snr=0
[2026-09-02T18:39:37.545+00:00][A] [INFO] TEST_DATA_QUEUED dst=0x02 seq=537 remaining=40
[2026-09-02T18:39:37.546+00:00][A] [ERROR] TX_FAILED
[2026-09-02T18:39:37.608+00:00][A] [INFO] [RF TX] type=1 source=0x01 destination=0x02 previousHop=0x01 sequence=523 ackSequence=0 ttl=8 hops=0 payloadSize=4 rssi=0 snr=0
[2026-09-02T18:39:37.609+00:00][A] [INFO] TEST_DATA_QUEUED dst=0x02 seq=539 remaining=39
[2026-09-02T18:39:37.610+00:00][A] [ERROR] TX_FAILED
[2026-09-02T18:39:37.671+00:00][A] [INFO] [RF TX] type=1 source=0x01 destination=0x02 previousHop=0x01 sequence=525 ackSequence=0 ttl=8 hops=0 payloadSize=4 rssi=0 snr=0
[2026-09-02T18:39:37.672+00:00][A] [INFO] TEST_DATA_QUEUED dst=0x02 seq=541 remaining=38
[2026-09-02T18:39:37.672+00:00][A] [ERROR] TX_FAILED
[2026-09-02T18:39:37.734+00:00][A] [INFO] [RF TX] type=1 source=0x01 destination=0x02 previousHop=0x01 sequence=527 ackSequence=0 ttl=8 hops=0 payloadSize=4 rssi=0 snr=0
[2026-09-02T18:39:37.735+00:00][A] [INFO] TEST_DATA_QUEUED dst=0x02 seq=543 remaining=37
[2026-09-02T18:39:37.736+00:00][A] [ERROR] TX_FAILED
[2026-09-02T18:39:37.797+00:00][A] [INFO] [RF TX] type=1 source=0x01 destination=0x02 previousHop=0x01 sequence=529 ackSequence=0 ttl=8 hops=0 payloadSize=4 rssi=0 snr=0
[2026-09-02T18:39:37.798+00:00][A] [INFO] TEST_DATA_QUEUED dst=0x02 seq=545 remaining=36
[2026-09-02T18:39:37.860+00:00][A] [INFO] [RF TX] type=1 source=0x01 destination=0x02 previousHop=0x01 sequence=531 ackSequence=0 ttl=8 hops=0 payloadSize=4 rssi=0 snr=0
[2026-09-02T18:39:37.861+00:00][A] [INFO] TEST_DATA_QUEUED dst=0x02 seq=547 remaining=35
[2026-09-02T18:39:37.923+00:00][A] [INFO] [RF TX] type=1 source=0x01 destination=0x02 previousHop=0x01 sequence=533 ackSequence=0 ttl=8 hops=0 payloadSize=4 rssi=0 snr=0
[2026-09-02T18:39:37.924+00:00][A] [INFO] TEST_DATA_QUEUED dst=0x02 seq=549 remaining=34
[2026-09-02T18:39:37.986+00:00][A] [INFO] [RF TX] type=1 source=0x01 destination=0x02 previousHop=0x01 sequence=535 ackSequence=0 ttl=8 hops=0 payloadSize=4 rssi=0 snr=0
[2026-09-02T18:39:37.987+00:00][A] [INFO] TEST_DATA_QUEUED dst=0x02 seq=551 remaining=33
[2026-09-02T18:39:38.049+00:00][A] [INFO] [RF TX] type=1 source=0x01 destination=0x02 previousHop=0x01 sequence=537 ackSequence=0 ttl=8 hops=0 payloadSize=4 rssi=0 snr=0
[2026-09-02T18:39:38.050+00:00][A] [INFO] TEST_DATA_QUEUED dst=0x02 seq=553 remaining=32
[2026-09-02T18:39:38.112+00:00][A] [INFO] [RF TX] type=1 source=0x01 destination=0x02 previousHop=0x01 sequence=539 ackSequence=0 ttl=8 hops=0 payloadSize=4 rssi=0 snr=0
[2026-09-02T18:39:38.113+00:00][A] [INFO] TEST_DATA_QUEUED dst=0x02 seq=555 remaining=31
[2026-09-02T18:39:38.175+00:00][A] [INFO] [RF TX] type=1 source=0x01 destination=0x02 previousHop=0x01 sequence=541 ackSequence=0 ttl=8 hops=0 payloadSize=4 rssi=0 snr=0
[2026-09-02T18:39:38.176+00:00][A] [INFO] TEST_DATA_QUEUED dst=0x02 seq=557 remaining=30
[2026-09-02T18:39:38.238+00:00][A] [INFO] [RF TX] type=1 source=0x01 destination=0x02 previousHop=0x01 sequence=543 ackSequence=0 ttl=8 hops=0 payloadSize=4 rssi=0 snr=0
[2026-09-02T18:39:38.239+00:00][A] [INFO] TEST_DATA_QUEUED dst=0x02 seq=559 remaining=29
[2026-09-02T18:39:38.240+00:00][A] [ERROR] TX_FAILED
[2026-09-02T18:39:38.302+00:00][A] [INFO] [RF TX] type=1 source=0x01 destination=0x02 previousHop=0x01 sequence=545 ackSequence=0 ttl=8 hops=0 payloadSize=4 rssi=0 snr=0
[2026-09-02T18:39:38.302+00:00][A] [INFO] TEST_DATA_QUEUED dst=0x02 seq=561 remaining=28
[2026-09-02T18:39:38.365+00:00][A] [INFO] [RF TX] type=1 source=0x01 destination=0x02 previousHop=0x01 sequence=547 ackSequence=0 ttl=8 hops=0 payloadSize=4 rssi=0 snr=0
[2026-09-02T18:39:38.365+00:00][A] [INFO] TEST_DATA_QUEUED dst=0x02 seq=563 remaining=27
[2026-09-02T18:39:38.366+00:00][A] [ERROR] TX_FAILED
[2026-09-02T18:39:38.428+00:00][A] [INFO] [RF TX] type=1 source=0x01 destination=0x02 previousHop=0x01 sequence=549 ackSequence=0 ttl=8 hops=0 payloadSize=4 rssi=0 snr=0
[2026-09-02T18:39:38.429+00:00][A] [INFO] TEST_DATA_QUEUED dst=0x02 seq=565 remaining=26
[2026-09-02T18:39:38.431+00:00][A] [ERROR] TX_FAILED
[2026-09-02T18:39:38.431+00:00][A] [WARN] Retry 3
[2026-09-02T18:39:38.491+00:00][A] [INFO] [RF TX] type=1 source=0x01 destination=0x02 previousHop=0x01 sequence=551 ackSequence=0 ttl=8 hops=0 payloadSize=4 rssi=0 snr=0
[2026-09-02T18:39:38.492+00:00][A] [INFO] TEST_DATA_QUEUED dst=0x02 seq=567 remaining=25
[2026-09-02T18:39:38.493+00:00][A] [ERROR] TX_FAILED
[2026-09-02T18:39:38.554+00:00][A] [INFO] [RF TX] type=1 source=0x01 destination=0x02 previousHop=0x01 sequence=553 ackSequence=0 ttl=8 hops=0 payloadSize=4 rssi=0 snr=0
[2026-09-02T18:39:38.555+00:00][A] [INFO] TEST_DATA_QUEUED dst=0x02 seq=569 remaining=24
[2026-09-02T18:39:38.617+00:00][A] [INFO] [RF TX] type=1 source=0x01 destination=0x02 previousHop=0x01 sequence=555 ackSequence=0 ttl=8 hops=0 payloadSize=4 rssi=0 snr=0
[2026-09-02T18:39:38.618+00:00][A] [INFO] TEST_DATA_QUEUED dst=0x02 seq=571 remaining=23
[2026-09-02T18:39:38.619+00:00][A] [ERROR] TX_FAILED
[2026-09-02T18:39:38.680+00:00][A] [INFO] [RF TX] type=1 source=0x01 destination=0x02 previousHop=0x01 sequence=557 ackSequence=0 ttl=8 hops=0 payloadSize=4 rssi=0 snr=0
[2026-09-02T18:39:38.681+00:00][A] [INFO] TEST_DATA_QUEUED dst=0x02 seq=573 remaining=22
[2026-09-02T18:39:38.682+00:00][A] [ERROR] TX_FAILED
[2026-09-02T18:39:38.744+00:00][A] [INFO] [RF TX] type=1 source=0x01 destination=0x02 previousHop=0x01 sequence=559 ackSequence=0 ttl=8 hops=0 payloadSize=4 rssi=0 snr=0
[2026-09-02T18:39:38.744+00:00][A] [INFO] TEST_DATA_QUEUED dst=0x02 seq=575 remaining=21
[2026-09-02T18:39:38.745+00:00][A] [ERROR] TX_FAILED
[2026-09-02T18:39:38.807+00:00][A] [INFO] [RF TX] type=1 source=0x01 destination=0x02 previousHop=0x01 sequence=561 ackSequence=0 ttl=8 hops=0 payloadSize=4 rssi=0 snr=0
[2026-09-02T18:39:38.808+00:00][A] [INFO] TEST_DATA_QUEUED dst=0x02 seq=577 remaining=20
[2026-09-02T18:39:38.809+00:00][A] [ERROR] TX_FAILED
[2026-09-02T18:39:38.870+00:00][A] [INFO] [RF TX] type=1 source=0x01 destination=0x02 previousHop=0x01 sequence=563 ackSequence=0 ttl=8 hops=0 payloadSize=4 rssi=0 snr=0
[2026-09-02T18:39:38.871+00:00][A] [INFO] TEST_DATA_QUEUED dst=0x02 seq=579 remaining=19
[2026-09-02T18:39:38.933+00:00][A] [INFO] [RF TX] type=1 source=0x01 destination=0x02 previousHop=0x01 sequence=565 ackSequence=0 ttl=8 hops=0 payloadSize=4 rssi=0 snr=0
[2026-09-02T18:39:38.933+00:00][A] [INFO] TEST_DATA_QUEUED dst=0x02 seq=581 remaining=18
[2026-09-02T18:39:38.996+00:00][A] [INFO] [RF TX] type=1 source=0x01 destination=0x02 previousHop=0x01 sequence=567 ackSequence=0 ttl=8 hops=0 payloadSize=4 rssi=0 snr=0
[2026-09-02T18:39:38.996+00:00][A] [INFO] TEST_DATA_QUEUED dst=0x02 seq=583 remaining=17
[2026-09-02T18:39:39.059+00:00][A] [INFO] [RF TX] type=1 source=0x01 destination=0x02 previousHop=0x01 sequence=569 ackSequence=0 ttl=8 hops=0 payloadSize=4 rssi=0 snr=0
[2026-09-02T18:39:39.060+00:00][A] [INFO] TEST_DATA_QUEUED dst=0x02 seq=585 remaining=16
[2026-09-02T18:39:39.122+00:00][A] [INFO] [RF TX] type=1 source=0x01 destination=0x02 previousHop=0x01 sequence=571 ackSequence=0 ttl=8 hops=0 payloadSize=4 rssi=0 snr=0
[2026-09-02T18:39:39.123+00:00][A] [INFO] TEST_DATA_QUEUED dst=0x02 seq=587 remaining=15
[2026-09-02T18:39:39.185+00:00][A] [INFO] [RF TX] type=1 source=0x01 destination=0x02 previousHop=0x01 sequence=573 ackSequence=0 ttl=8 hops=0 payloadSize=4 rssi=0 snr=0
[2026-09-02T18:39:39.186+00:00][A] [INFO] TEST_DATA_QUEUED dst=0x02 seq=589 remaining=14
[2026-09-02T18:39:39.248+00:00][A] [INFO] [RF TX] type=1 source=0x01 destination=0x02 previousHop=0x01 sequence=575 ackSequence=0 ttl=8 hops=0 payloadSize=4 rssi=0 snr=0
[2026-09-02T18:39:39.249+00:00][A] [INFO] TEST_DATA_QUEUED dst=0x02 seq=591 remaining=13
[2026-09-02T18:39:39.312+00:00][A] [INFO] [RF TX] type=1 source=0x01 destination=0x02 previousHop=0x01 sequence=577 ackSequence=0 ttl=8 hops=0 payloadSize=4 rssi=0 snr=0
[2026-09-02T18:39:39.312+00:00][A] [INFO] TEST_DATA_QUEUED dst=0x02 seq=593 remaining=12
[2026-09-02T18:39:39.313+00:00][A] [ERROR] TX_FAILED
[2026-09-02T18:39:39.375+00:00][A] [INFO] [RF TX] type=1 source=0x01 destination=0x02 previousHop=0x01 sequence=579 ackSequence=0 ttl=8 hops=0 payloadSize=4 rssi=0 snr=0
[2026-09-02T18:39:39.375+00:00][A] [INFO] TEST_DATA_QUEUED dst=0x02 seq=595 remaining=11
[2026-09-02T18:39:39.438+00:00][A] [INFO] [RF TX] type=1 source=0x01 destination=0x02 previousHop=0x01 sequence=581 ackSequence=0 ttl=8 hops=0 payloadSize=4 rssi=0 snr=0
[2026-09-02T18:39:39.438+00:00][A] [INFO] TEST_DATA_QUEUED dst=0x02 seq=597 remaining=10
[2026-09-02T18:39:39.443+00:00][A] [ERROR] TX_FAILED
[2026-09-02T18:39:39.444+00:00][A] [ERROR] FAILED (No ACK after 3 retries)
[2026-09-02T18:39:39.450+00:00][A] [INFO] Stats: Sent=325 | ACK=0 | Retries=172 | Timeouts=3 | Success=0.0%
[2026-09-02T18:39:39.511+00:00][A] [INFO] [RF TX] type=1 source=0x01 destination=0x02 previousHop=0x01 sequence=583 ackSequence=0 ttl=8 hops=0 payloadSize=4 rssi=0 snr=0
[2026-09-02T18:39:39.512+00:00][A] [INFO] TEST_DATA_QUEUED dst=0x02 seq=599 remaining=9
[2026-09-02T18:39:39.513+00:00][A] [ERROR] TX_FAILED
[2026-09-02T18:39:39.575+00:00][A] [INFO] [RF TX] type=1 source=0x01 destination=0x02 previousHop=0x01 sequence=585 ackSequence=0 ttl=8 hops=0 payloadSize=4 rssi=0 snr=0
[2026-09-02T18:39:39.575+00:00][A] [INFO] TEST_DATA_QUEUED dst=0x02 seq=601 remaining=8
[2026-09-02T18:39:39.576+00:00][A] [ERROR] TX_FAILED
[2026-09-02T18:39:39.638+00:00][A] [INFO] [RF TX] type=1 source=0x01 destination=0x02 previousHop=0x01 sequence=587 ackSequence=0 ttl=8 hops=0 payloadSize=4 rssi=0 snr=0
[2026-09-02T18:39:39.638+00:00][A] [INFO] TEST_DATA_QUEUED dst=0x02 seq=603 remaining=7
[2026-09-02T18:39:39.701+00:00][A] [INFO] [RF TX] type=1 source=0x01 destination=0x02 previousHop=0x01 sequence=589 ackSequence=0 ttl=8 hops=0 payloadSize=4 rssi=0 snr=0
[2026-09-02T18:39:39.702+00:00][A] [INFO] TEST_DATA_QUEUED dst=0x02 seq=605 remaining=6
[2026-09-02T18:39:39.702+00:00][A] [ERROR] TX_FAILED
[2026-09-02T18:39:39.764+00:00][A] [INFO] [RF TX] type=1 source=0x01 destination=0x02 previousHop=0x01 sequence=591 ackSequence=0 ttl=8 hops=0 payloadSize=4 rssi=0 snr=0
[2026-09-02T18:39:39.765+00:00][A] [INFO] TEST_DATA_QUEUED dst=0x02 seq=607 remaining=5
[2026-09-02T18:39:39.765+00:00][A] [ERROR] TX_FAILED
[2026-09-02T18:39:39.827+00:00][A] [INFO] [RF TX] type=1 source=0x01 destination=0x02 previousHop=0x01 sequence=593 ackSequence=0 ttl=8 hops=0 payloadSize=4 rssi=0 snr=0
[2026-09-02T18:39:39.828+00:00][A] [INFO] TEST_DATA_QUEUED dst=0x02 seq=609 remaining=4
[2026-09-02T18:39:39.829+00:00][A] [ERROR] TX_FAILED
[2026-09-02T18:39:39.890+00:00][A] [INFO] [RF TX] type=1 source=0x01 destination=0x02 previousHop=0x01 sequence=595 ackSequence=0 ttl=8 hops=0 payloadSize=4 rssi=0 snr=0
[2026-09-02T18:39:39.891+00:00][A] [INFO] TEST_DATA_QUEUED dst=0x02 seq=611 remaining=3
[2026-09-02T18:39:39.892+00:00][A] [ERROR] TX_FAILED
[2026-09-02T18:39:39.953+00:00][A] [INFO] [RF TX] type=1 source=0x01 destination=0x02 previousHop=0x01 sequence=597 ackSequence=0 ttl=8 hops=0 payloadSize=4 rssi=0 snr=0
[2026-09-02T18:39:39.954+00:00][A] [INFO] TEST_DATA_QUEUED dst=0x02 seq=613 remaining=2
[2026-09-02T18:39:40.016+00:00][A] [INFO] [RF TX] type=1 source=0x01 destination=0x02 previousHop=0x01 sequence=599 ackSequence=0 ttl=8 hops=0 payloadSize=4 rssi=0 snr=0
[2026-09-02T18:39:40.017+00:00][A] [INFO] TEST_DATA_QUEUED dst=0x02 seq=615 remaining=1
[2026-09-02T18:39:40.079+00:00][A] [INFO] [RF TX] type=1 source=0x01 destination=0x02 previousHop=0x01 sequence=601 ackSequence=0 ttl=8 hops=0 payloadSize=4 rssi=0 snr=0
[2026-09-02T18:39:40.080+00:00][A] [INFO] TEST_DATA_QUEUED dst=0x02 seq=617 remaining=0
[2026-09-02T18:39:40.138+00:00][A] [INFO] [RF TX] type=1 source=0x01 destination=0x02 previousHop=0x01 sequence=603 ackSequence=0 ttl=8 hops=0 payloadSize=4 rssi=0 snr=0
[2026-09-02T18:39:40.201+00:00][A] [INFO] [RF TX] type=1 source=0x01 destination=0x02 previousHop=0x01 sequence=605 ackSequence=0 ttl=8 hops=0 payloadSize=4 rssi=0 snr=0
[2026-09-02T18:39:40.264+00:00][A] [INFO] [RF TX] type=1 source=0x01 destination=0x02 previousHop=0x01 sequence=607 ackSequence=0 ttl=8 hops=0 payloadSize=4 rssi=0 snr=0
[2026-09-02T18:39:40.326+00:00][A] [INFO] [RF TX] type=1 source=0x01 destination=0x02 previousHop=0x01 sequence=609 ackSequence=0 ttl=8 hops=0 payloadSize=4 rssi=0 snr=0
[2026-09-02T18:39:40.391+00:00][A] [INFO] [RF TX] type=1 source=0x01 destination=0x02 previousHop=0x01 sequence=611 ackSequence=0 ttl=8 hops=0 payloadSize=4 rssi=0 snr=0
[2026-09-02T18:39:40.392+00:00][A] [WARN] TX_RETRY seq=579
[2026-09-02T18:39:40.452+00:00][A] [INFO] [RF TX] type=1 source=0x01 destination=0x02 previousHop=0x01 sequence=613 ackSequence=0 ttl=8 hops=0 payloadSize=4 rssi=0 snr=0
[2026-09-02T18:39:40.517+00:00][A] [INFO] [RF TX] type=1 source=0x01 destination=0x02 previousHop=0x01 sequence=615 ackSequence=0 ttl=8 hops=0 payloadSize=4 rssi=0 snr=0
[2026-09-02T18:39:40.517+00:00][A] [WARN] TX_RETRY seq=583
[2026-09-02T18:39:40.580+00:00][A] [INFO] [RF TX] type=1 source=0x01 destination=0x02 previousHop=0x01 sequence=617 ackSequence=0 ttl=8 hops=0 payloadSize=4 rssi=0 snr=0
[2026-09-02T18:39:40.580+00:00][A] [WARN] TX_RETRY seq=585
[2026-09-02T18:39:40.645+00:00][A] [INFO] --------------------------------
[2026-09-02T18:39:40.645+00:00][A] [INFO] [HEARTBEAT TX]
[2026-09-02T18:39:40.650+00:00][A] [INFO] Node ID: 1
[2026-09-02T18:39:40.650+00:00][A] [INFO] type: 2
[2026-09-02T18:39:40.651+00:00][A] [INFO] Destination: 0xFF
[2026-09-02T18:39:40.656+00:00][A] [INFO] Sequence: 619
[2026-09-02T18:39:40.656+00:00][A] [INFO] Packet ID: 318
[2026-09-02T18:39:40.661+00:00][A] [INFO] Packet Size: 26
[2026-09-02T18:39:40.661+00:00][A] [INFO] Timestamp: 318 ms
[2026-09-02T18:39:40.667+00:00][A] [INFO] Transmission Result: success
[2026-09-02T18:39:40.667+00:00][A] [INFO] --------------------------------
[2026-09-02T18:39:40.672+00:00][A] [INFO] [Heartbeat #318]
[2026-09-02T18:39:40.672+00:00][A] [INFO] Sent
[2026-09-02T18:39:40.673+00:00][A] [INFO] Waiting ACK...
[2026-09-02T18:39:40.673+00:00][A] [INFO] [WAITING ACK]
[2026-09-02T18:39:40.689+00:00][A] [INFO] [RF TX] type=2 source=0x01 destination=0xFF previousHop=0x01 sequence=619 ackSequence=0 ttl=8 hops=0 payloadSize=13 rssi=0 snr=
[2026-09-02T18:39:40.689+00:00][A] [INFO] Heartbeat packet sent
[2026-09-02T18:39:40.690+00:00][A] [WARN] TX_RETRY seq=587
[2026-09-02T18:39:40.746+00:00][A] [INFO] [RF TX] type=1 source=0x01 destination=0x02 previousHop=0x01 sequence=579 ackSequence=0 ttl=8 hops=0 payloadSize=4 rssi=0 snr=0
[2026-09-02T18:39:40.810+00:00][A] [INFO] [RF TX] type=1 source=0x01 destination=0x02 previousHop=0x01 sequence=583 ackSequence=0 ttl=8 hops=0 payloadSize=4 rssi=0 snr=0
[2026-09-02T18:39:40.811+00:00][A] [WARN] TX_RETRY seq=591
[2026-09-02T18:39:40.873+00:00][A] [INFO] [RF TX] type=1 source=0x01 destination=0x02 previousHop=0x01 sequence=585 ackSequence=0 ttl=8 hops=0 payloadSize=4 rssi=0 snr=0
[2026-09-02T18:39:40.874+00:00][A] [WARN] TX_RETRY seq=593
[2026-09-02T18:39:40.936+00:00][A] [INFO] [RF TX] type=1 source=0x01 destination=0x02 previousHop=0x01 sequence=587 ackSequence=0 ttl=8 hops=0 payloadSize=4 rssi=0 snr=0
[2026-09-02T18:39:40.937+00:00][A] [WARN] TX_RETRY seq=595
[2026-09-02T18:39:40.999+00:00][A] [INFO] [RF TX] type=1 source=0x01 destination=0x02 previousHop=0x01 sequence=591 ackSequence=0 ttl=8 hops=0 payloadSize=4 rssi=0 snr=0
[2026-09-02T18:39:41.000+00:00][A] [WARN] TX_RETRY seq=597
[2026-09-02T18:39:41.060+00:00][A] [INFO] [RF TX] type=1 source=0x01 destination=0x02 previousHop=0x01 sequence=593 ackSequence=0 ttl=8 hops=0 payloadSize=4 rssi=0 snr=0
[2026-09-02T18:39:41.123+00:00][A] [INFO] [RF TX] type=1 source=0x01 destination=0x02 previousHop=0x01 sequence=595 ackSequence=0 ttl=8 hops=0 payloadSize=4 rssi=0 snr=0
[2026-09-02T18:39:41.185+00:00][A] [INFO] [RF TX] type=1 source=0x01 destination=0x02 previousHop=0x01 sequence=597 ackSequence=0 ttl=8 hops=0 payloadSize=4 rssi=0 snr=0
[2026-09-02T18:39:41.249+00:00][A] [INFO] [RF RX] type=3 source=0x02 destination=0x01 previousHop=0x02 sequence=314 ackSequence=597 ttl=8 hops=0 payloadSize=2 rssi=-60 s
[2026-09-02T18:39:41.250+00:00][A] [INFO] ACK_RX seq=597 source=0x02
[2026-09-02T18:39:41.611+00:00][A] [INFO] [RF RX] type=2 source=0x02 destination=0xFF previousHop=0x02 sequence=315 ackSequence=0 ttl=8 hops=0 payloadSize=13 rssi=-60 sn
[2026-09-02T18:39:41.661+00:00][A] [WARN] Retry 1
[2026-09-02T18:39:41.728+00:00][A] [INFO] --------------------------------
[2026-09-02T18:39:41.728+00:00][A] [INFO] [HEARTBEAT TX]
[2026-09-02T18:39:41.734+00:00][A] [INFO] Node ID: 1
[2026-09-02T18:39:41.734+00:00][A] [INFO] type: 2
[2026-09-02T18:39:41.734+00:00][A] [INFO] Destination: 0xFF
[2026-09-02T18:39:41.739+00:00][A] [INFO] Sequence: 619
[2026-09-02T18:39:41.739+00:00][A] [INFO] Packet ID: 318
[2026-09-02T18:39:41.745+00:00][A] [INFO] Packet Size: 26
[2026-09-02T18:39:41.745+00:00][A] [INFO] Timestamp: 318 ms
[2026-09-02T18:39:41.750+00:00][A] [INFO] Transmission Result: success
[2026-09-02T18:39:41.751+00:00][A] [INFO] --------------------------------
[2026-09-02T18:39:41.756+00:00][A] [INFO] [Heartbeat #318]
[2026-09-02T18:39:41.756+00:00][A] [INFO] Sent
[2026-09-02T18:39:41.756+00:00][A] [INFO] Waiting ACK...
[2026-09-02T18:39:41.756+00:00][A] [INFO] [WAITING ACK]
[2026-09-02T18:39:41.772+00:00][A] [INFO] [RF TX] type=2 source=0x01 destination=0xFF previousHop=0x01 sequence=619 ackSequence=0 ttl=8 hops=0 payloadSize=13 rssi=0 snr=
[2026-09-02T18:39:41.773+00:00][A] [INFO] Heartbeat packet sent
[2026-09-02T18:39:41.773+00:00][A] [WARN] TX_RETRY seq=579
[2026-09-02T18:39:41.831+00:00][A] [INFO] [RF TX] type=1 source=0x01 destination=0x02 previousHop=0x01 sequence=579 ackSequence=0 ttl=8 hops=0 payloadSize=4 rssi=0 snr=0
[2026-09-02T18:39:41.832+00:00][A] [WARN] TX_RETRY seq=583
[2026-09-02T18:39:41.894+00:00][A] [INFO] [RF TX] type=1 source=0x01 destination=0x02 previousHop=0x01 sequence=583 ackSequence=0 ttl=8 hops=0 payloadSize=4 rssi=0 snr=0
[2026-09-02T18:39:41.895+00:00][A] [WARN] TX_RETRY seq=585
[2026-09-02T18:39:41.957+00:00][A] [INFO] [RF TX] type=1 source=0x01 destination=0x02 previousHop=0x01 sequence=585 ackSequence=0 ttl=8 hops=0 payloadSize=4 rssi=0 snr=0
[2026-09-02T18:39:41.958+00:00][A] [WARN] TX_RETRY seq=587
[2026-09-02T18:39:42.020+00:00][A] [INFO] [RF TX] type=1 source=0x01 destination=0x02 previousHop=0x01 sequence=587 ackSequence=0 ttl=8 hops=0 payloadSize=4 rssi=0 snr=0
[2026-09-02T18:39:42.021+00:00][A] [WARN] TX_RETRY seq=591
[2026-09-02T18:39:42.083+00:00][A] [INFO] [RF TX] type=1 source=0x01 destination=0x02 previousHop=0x01 sequence=591 ackSequence=0 ttl=8 hops=0 payloadSize=4 rssi=0 snr=0
[2026-09-02T18:39:42.084+00:00][A] [WARN] TX_RETRY seq=593
[2026-09-02T18:39:42.146+00:00][A] [INFO] [RF TX] type=1 source=0x01 destination=0x02 previousHop=0x01 sequence=593 ackSequence=0 ttl=8 hops=0 payloadSize=4 rssi=0 snr=0
[2026-09-02T18:39:42.146+00:00][A] [WARN] TX_RETRY seq=595
[2026-09-02T18:39:42.207+00:00][A] [INFO] [RF TX] type=1 source=0x01 destination=0x02 previousHop=0x01 sequence=595 ackSequence=0 ttl=8 hops=0 payloadSize=4 rssi=0 snr=0
[2026-09-02T18:39:42.274+00:00][A] [INFO] --------------------------------
[2026-09-02T18:39:42.274+00:00][A] [INFO] [HEARTBEAT TX]
[2026-09-02T18:39:42.279+00:00][A] [INFO] Node ID: 1
[2026-09-02T18:39:42.280+00:00][A] [INFO] type: 2
[2026-09-02T18:39:42.280+00:00][A] [INFO] Destination: 0xFF
[2026-09-02T18:39:42.285+00:00][A] [INFO] Sequence: 620
[2026-09-02T18:39:42.285+00:00][A] [INFO] Packet ID: 319
[2026-09-02T18:39:42.290+00:00][A] [INFO] Packet Size: 26
[2026-09-02T18:39:42.291+00:00][A] [INFO] Timestamp: 319 ms
[2026-09-02T18:39:42.296+00:00][A] [INFO] Transmission Result: success
[2026-09-02T18:39:42.296+00:00][A] [INFO] --------------------------------
[2026-09-02T18:39:42.301+00:00][A] [INFO] [Heartbeat #319]
[2026-09-02T18:39:42.302+00:00][A] [INFO] Sent
[2026-09-02T18:39:42.302+00:00][A] [INFO] Waiting ACK...
[2026-09-02T18:39:42.302+00:00][A] [INFO] [WAITING ACK]
[2026-09-02T18:39:42.316+00:00][A] [INFO] [RF TX] type=2 source=0x01 destination=0xFF previousHop=0x01 sequence=620 ackSequence=0 ttl=8 hops=0 payloadSize=13 rssi=0 snr=
[2026-09-02T18:39:42.316+00:00][A] [INFO] Heartbeat packet sent
[2026-09-02T18:39:42.694+00:00][A] [INFO] [RF RX] type=2 source=0x02 destination=0xFF previousHop=0x02 sequence=315 ackSequence=0 ttl=8 hops=0 payloadSize=13 rssi=-60 sn
[2026-09-02T18:39:42.830+00:00][A] [WARN] TX_RETRY seq=579
[2026-09-02T18:39:42.894+00:00][A] [INFO] [RF TX] type=1 source=0x01 destination=0x02 previousHop=0x01 sequence=579 ackSequence=0 ttl=8 hops=0 payloadSize=4 rssi=0 snr=0
[2026-09-02T18:39:42.895+00:00][A] [WARN] TX_RETRY seq=583
[2026-09-02T18:39:42.957+00:00][A] [INFO] [RF TX] type=1 source=0x01 destination=0x02 previousHop=0x01 sequence=583 ackSequence=0 ttl=8 hops=0 payloadSize=4 rssi=0 snr=0
[2026-09-02T18:39:42.958+00:00][A] [WARN] TX_RETRY seq=585
[2026-09-02T18:39:43.020+00:00][A] [INFO] [RF TX] type=1 source=0x01 destination=0x02 previousHop=0x01 sequence=585 ackSequence=0 ttl=8 hops=0 payloadSize=4 rssi=0 snr=0
[2026-09-02T18:39:43.021+00:00][A] [WARN] TX_RETRY seq=587
[2026-09-02T18:39:43.083+00:00][A] [INFO] [RF TX] type=1 source=0x01 destination=0x02 previousHop=0x01 sequence=587 ackSequence=0 ttl=8 hops=0 payloadSize=4 rssi=0 snr=0
[2026-09-02T18:39:43.084+00:00][A] [WARN] TX_RETRY seq=591
[2026-09-02T18:39:43.146+00:00][A] [INFO] [RF TX] type=1 source=0x01 destination=0x02 previousHop=0x01 sequence=591 ackSequence=0 ttl=8 hops=0 payloadSize=4 rssi=0 snr=0
[2026-09-02T18:39:43.147+00:00][A] [WARN] TX_RETRY seq=593
[2026-09-02T18:39:43.209+00:00][A] [INFO] [RF TX] type=1 source=0x01 destination=0x02 previousHop=0x01 sequence=593 ackSequence=0 ttl=8 hops=0 payloadSize=4 rssi=0 snr=0
[2026-09-02T18:39:43.210+00:00][A] [WARN] TX_RETRY seq=595
[2026-09-02T18:39:43.270+00:00][A] [INFO] [RF TX] type=1 source=0x01 destination=0x02 previousHop=0x01 sequence=595 ackSequence=0 ttl=8 hops=0 payloadSize=4 rssi=0 snr=0
[2026-09-02T18:39:43.291+00:00][A] [WARN] Retry 1
[2026-09-02T18:39:43.358+00:00][A] [INFO] --------------------------------
[2026-09-02T18:39:43.358+00:00][A] [INFO] [HEARTBEAT TX]
[2026-09-02T18:39:43.363+00:00][A] [INFO] Node ID: 1
[2026-09-02T18:39:43.363+00:00][A] [INFO] type: 2
[2026-09-02T18:39:43.363+00:00][A] [INFO] Destination: 0xFF
[2026-09-02T18:39:43.368+00:00][A] [INFO] Sequence: 620
[2026-09-02T18:39:43.369+00:00][A] [INFO] Packet ID: 319
[2026-09-02T18:39:43.374+00:00][A] [INFO] Packet Size: 26
[2026-09-02T18:39:43.374+00:00][A] [INFO] Timestamp: 319 ms
[2026-09-02T18:39:43.379+00:00][A] [INFO] Transmission Result: success
[2026-09-02T18:39:43.380+00:00][A] [INFO] --------------------------------
[2026-09-02T18:39:43.385+00:00][A] [INFO] [Heartbeat #319]
[2026-09-02T18:39:43.385+00:00][A] [INFO] Sent
[2026-09-02T18:39:43.385+00:00][A] [INFO] Waiting ACK...
[2026-09-02T18:39:43.386+00:00][A] [INFO] [WAITING ACK]
[2026-09-02T18:39:43.399+00:00][A] [INFO] [RF TX] type=2 source=0x01 destination=0xFF previousHop=0x01 sequence=620 ackSequence=0 ttl=8 hops=0 payloadSize=13 rssi=0 snr=
[2026-09-02T18:39:43.400+00:00][A] [INFO] Heartbeat packet sent
[2026-09-02T18:39:43.611+00:00][A] [INFO] [RF RX] type=2 source=0x02 destination=0xFF previousHop=0x02 sequence=324 ackSequence=0 ttl=8 hops=0 payloadSize=13 rssi=-60 sn
[2026-09-02T18:39:43.894+00:00][A] [ERROR] TX_FAILED
[2026-09-02T18:39:43.894+00:00][A] [WARN] ACK_FAILED seq=579
[2026-09-02T18:39:43.957+00:00][A] [ERROR] TX_FAILED
[2026-09-02T18:39:43.958+00:00][A] [WARN] ACK_FAILED seq=583
[2026-09-02T18:39:44.020+00:00][A] [ERROR] TX_FAILED
[2026-09-02T18:39:44.021+00:00][A] [WARN] ACK_FAILED seq=585
[2026-09-02T18:39:44.083+00:00][A] [ERROR] TX_FAILED
[2026-09-02T18:39:44.084+00:00][A] [WARN] ACK_FAILED seq=587
[2026-09-02T18:39:44.146+00:00][A] [ERROR] TX_FAILED
[2026-09-02T18:39:44.147+00:00][A] [WARN] ACK_FAILED seq=591
[2026-09-02T18:39:44.211+00:00][A] [INFO] --------------------------------
[2026-09-02T18:39:44.211+00:00][A] [INFO] [HEARTBEAT TX]
[2026-09-02T18:39:44.216+00:00][A] [INFO] Node ID: 1
[2026-09-02T18:39:44.216+00:00][A] [INFO] type: 2
[2026-09-02T18:39:44.217+00:00][A] [INFO] Destination: 0xFF
[2026-09-02T18:39:44.221+00:00][A] [INFO] Sequence: 621
[2026-09-02T18:39:44.222+00:00][A] [INFO] Packet ID: 320
[2026-09-02T18:39:44.227+00:00][A] [INFO] Packet Size: 26
[2026-09-02T18:39:44.227+00:00][A] [INFO] Timestamp: 320 ms
[2026-09-02T18:39:44.232+00:00][A] [INFO] Transmission Result: success
[2026-09-02T18:39:44.233+00:00][A] [INFO] --------------------------------
[2026-09-02T18:39:44.238+00:00][A] [INFO] [Heartbeat #320]
[2026-09-02T18:39:44.238+00:00][A] [INFO] Sent
[2026-09-02T18:39:44.239+00:00][A] [INFO] Waiting ACK...
[2026-09-02T18:39:44.239+00:00][A] [INFO] [WAITING ACK]
[2026-09-02T18:39:44.255+00:00][A] [INFO] [RF TX] type=2 source=0x01 destination=0xFF previousHop=0x01 sequence=621 ackSequence=0 ttl=8 hops=0 payloadSize=13 rssi=0 snr=
[2026-09-02T18:39:44.255+00:00][A] [INFO] Heartbeat packet sent
[2026-09-02T18:39:44.255+00:00][A] [ERROR] TX_FAILED
[2026-09-02T18:39:44.256+00:00][A] [WARN] ACK_FAILED seq=593
[2026-09-02T18:39:44.272+00:00][A] [ERROR] TX_FAILED
[2026-09-02T18:39:44.272+00:00][A] [WARN] ACK_FAILED seq=595
[2026-09-02T18:39:44.695+00:00][A] [INFO] [RF RX] type=2 source=0x02 destination=0xFF previousHop=0x02 sequence=324 ackSequence=0 ttl=8 hops=0 payloadSize=13 rssi=-61 sn
[2026-09-02T18:39:45.228+00:00][A] [WARN] Retry 1
[2026-09-02T18:39:45.295+00:00][A] [INFO] --------------------------------
[2026-09-02T18:39:45.295+00:00][A] [INFO] [HEARTBEAT TX]
[2026-09-02T18:39:45.300+00:00][A] [INFO] Node ID: 1
[2026-09-02T18:39:45.300+00:00][A] [INFO] type: 2
[2026-09-02T18:39:45.300+00:00][A] [INFO] Destination: 0xFF
[2026-09-02T18:39:45.305+00:00][A] [INFO] Sequence: 621
[2026-09-02T18:39:45.306+00:00][A] [INFO] Packet ID: 320
[2026-09-02T18:39:45.311+00:00][A] [INFO] Packet Size: 26
[2026-09-02T18:39:45.311+00:00][A] [INFO] Timestamp: 320 ms
[2026-09-02T18:39:45.316+00:00][A] [INFO] Transmission Result: success
[2026-09-02T18:39:45.317+00:00][A] [INFO] --------------------------------
[2026-09-02T18:39:45.322+00:00][A] [INFO] [Heartbeat #320]
[2026-09-02T18:39:45.322+00:00][A] [INFO] Sent
[2026-09-02T18:39:45.322+00:00][A] [INFO] Waiting ACK...
[2026-09-02T18:39:45.323+00:00][A] [INFO] [WAITING ACK]
[2026-09-02T18:39:45.336+00:00][A] [INFO] [RF TX] type=2 source=0x01 destination=0xFF previousHop=0x01 sequence=621 ackSequence=0 ttl=8 hops=0 payloadSize=13 rssi=0 snr=
[2026-09-02T18:39:45.337+00:00][A] [INFO] Heartbeat packet sent
[2026-09-02T18:39:45.611+00:00][A] [INFO] [RF RX] type=2 source=0x02 destination=0xFF previousHop=0x02 sequence=325 ackSequence=0 ttl=8 hops=0 payloadSize=13 rssi=-60 sn
[2026-09-02T18:39:46.211+00:00][A] [INFO] --------------------------------
[2026-09-02T18:39:46.211+00:00][A] [INFO] [HEARTBEAT TX]
[2026-09-02T18:39:46.216+00:00][A] [INFO] Node ID: 1
[2026-09-02T18:39:46.216+00:00][A] [INFO] type: 2
[2026-09-02T18:39:46.217+00:00][A] [INFO] Destination: 0xFF
[2026-09-02T18:39:46.221+00:00][A] [INFO] Sequence: 622
[2026-09-02T18:39:46.222+00:00][A] [INFO] Packet ID: 321
[2026-09-02T18:39:46.227+00:00][A] [INFO] Packet Size: 26
[2026-09-02T18:39:46.227+00:00][A] [INFO] Timestamp: 321 ms
[2026-09-02T18:39:46.232+00:00][A] [INFO] Transmission Result: success
[2026-09-02T18:39:46.233+00:00][A] [INFO] --------------------------------
[2026-09-02T18:39:46.238+00:00][A] [INFO] [Heartbeat #321]
[2026-09-02T18:39:46.238+00:00][A] [INFO] Sent
[2026-09-02T18:39:46.238+00:00][A] [INFO] Waiting ACK...
[2026-09-02T18:39:46.239+00:00][A] [INFO] [WAITING ACK]
[2026-09-02T18:39:46.252+00:00][A] [INFO] [RF TX] type=2 source=0x01 destination=0xFF previousHop=0x01 sequence=622 ackSequence=0 ttl=8 hops=0 payloadSize=13 rssi=0 snr=
[2026-09-02T18:39:46.253+00:00][A] [INFO] Heartbeat packet sent
[2026-09-02T18:39:46.695+00:00][A] [INFO] [RF RX] type=2 source=0x02 destination=0xFF previousHop=0x02 sequence=325 ackSequence=0 ttl=8 hops=0 payloadSize=13 rssi=-61 sn
[2026-09-02T18:39:47.227+00:00][A] [WARN] Retry 1
[2026-09-02T18:39:47.294+00:00][A] [INFO] --------------------------------
[2026-09-02T18:39:47.295+00:00][A] [INFO] [HEARTBEAT TX]
[2026-09-02T18:39:47.300+00:00][A] [INFO] Node ID: 1
[2026-09-02T18:39:47.300+00:00][A] [INFO] type: 2
[2026-09-02T18:39:47.300+00:00][A] [INFO] Destination: 0xFF
[2026-09-02T18:39:47.305+00:00][A] [INFO] Sequence: 622
[2026-09-02T18:39:47.306+00:00][A] [INFO] Packet ID: 321
[2026-09-02T18:39:47.311+00:00][A] [INFO] Packet Size: 26
[2026-09-02T18:39:47.311+00:00][A] [INFO] Timestamp: 321 ms
[2026-09-02T18:39:47.316+00:00][A] [INFO] Transmission Result: success
[2026-09-02T18:39:47.317+00:00][A] [INFO] --------------------------------
[2026-09-02T18:39:47.322+00:00][A] [INFO] [Heartbeat #321]
[2026-09-02T18:39:47.322+00:00][A] [INFO] Sent
[2026-09-02T18:39:47.322+00:00][A] [INFO] Waiting ACK...
[2026-09-02T18:39:47.323+00:00][A] [INFO] [WAITING ACK]
[2026-09-02T18:39:47.336+00:00][A] [INFO] [RF TX] type=2 source=0x01 destination=0xFF previousHop=0x01 sequence=622 ackSequence=0 ttl=8 hops=0 payloadSize=13 rssi=0 snr=
[2026-09-02T18:39:47.336+00:00][A] [INFO] Heartbeat packet sent
[2026-09-02T18:39:47.611+00:00][A] [INFO] [RF RX] type=2 source=0x02 destination=0xFF previousHop=0x02 sequence=326 ackSequence=0 ttl=8 hops=0 payloadSize=13 rssi=-60 sn
[2026-09-02T18:39:48.210+00:00][A] [INFO] --------------------------------
[2026-09-02T18:39:48.211+00:00][A] [INFO] [HEARTBEAT TX]
[2026-09-02T18:39:48.216+00:00][A] [INFO] Node ID: 1
[2026-09-02T18:39:48.216+00:00][A] [INFO] type: 2
[2026-09-02T18:39:48.216+00:00][A] [INFO] Destination: 0xFF
[2026-09-02T18:39:48.221+00:00][A] [INFO] Sequence: 623
[2026-09-02T18:39:48.222+00:00][A] [INFO] Packet ID: 322
[2026-09-02T18:39:48.227+00:00][A] [INFO] Packet Size: 26
[2026-09-02T18:39:48.227+00:00][A] [INFO] Timestamp: 322 ms
[2026-09-02T18:39:48.232+00:00][A] [INFO] Transmission Result: success
[2026-09-02T18:39:48.233+00:00][A] [INFO] --------------------------------
[2026-09-02T18:39:48.238+00:00][A] [INFO] [Heartbeat #322]
[2026-09-02T18:39:48.238+00:00][A] [INFO] Sent
[2026-09-02T18:39:48.238+00:00][A] [INFO] Waiting ACK...
[2026-09-02T18:39:48.239+00:00][A] [INFO] [WAITING ACK]
[2026-09-02T18:39:48.252+00:00][A] [INFO] [RF TX] type=2 source=0x01 destination=0xFF previousHop=0x01 sequence=623 ackSequence=0 ttl=8 hops=0 payloadSize=13 rssi=0 snr=
[2026-09-02T18:39:48.252+00:00][A] [INFO] Heartbeat packet sent
[2026-09-02T18:39:48.695+00:00][A] [INFO] [RF RX] type=2 source=0x02 destination=0xFF previousHop=0x02 sequence=326 ackSequence=0 ttl=8 hops=0 payloadSize=13 rssi=-60 sn
[2026-09-02T18:39:49.227+00:00][A] [WARN] Retry 1
[2026-09-02T18:39:49.295+00:00][A] [INFO] --------------------------------
[2026-09-02T18:39:49.295+00:00][A] [INFO] [HEARTBEAT TX]
[2026-09-02T18:39:49.300+00:00][A] [INFO] Node ID: 1
[2026-09-02T18:39:49.300+00:00][A] [INFO] type: 2
[2026-09-02T18:39:49.300+00:00][A] [INFO] Destination: 0xFF
[2026-09-02T18:39:49.305+00:00][A] [INFO] Sequence: 623
[2026-09-02T18:39:49.305+00:00][A] [INFO] Packet ID: 322
[2026-09-02T18:39:49.311+00:00][A] [INFO] Packet Size: 26
[2026-09-02T18:39:49.311+00:00][A] [INFO] Timestamp: 322 ms
[2026-09-02T18:39:49.316+00:00][A] [INFO] Transmission Result: success
[2026-09-02T18:39:49.317+00:00][A] [INFO] --------------------------------
[2026-09-02T18:39:49.322+00:00][A] [INFO] [Heartbeat #322]
[2026-09-02T18:39:49.322+00:00][A] [INFO] Sent
[2026-09-02T18:39:49.323+00:00][A] [INFO] Waiting ACK...
[2026-09-02T18:39:49.323+00:00][A] [INFO] [WAITING ACK]
[2026-09-02T18:39:49.336+00:00][A] [INFO] [RF TX] type=2 source=0x01 destination=0xFF previousHop=0x01 sequence=623 ackSequence=0 ttl=8 hops=0 payloadSize=13 rssi=0 snr=
[2026-09-02T18:39:49.336+00:00][A] [INFO] Heartbeat packet sent
[2026-09-02T18:39:49.611+00:00][A] [INFO] [RF RX] type=2 source=0x02 destination=0xFF previousHop=0x02 sequence=327 ackSequence=0 ttl=8 hops=0 payloadSize=13 rssi=-60 sn
[2026-09-02T18:39:50.210+00:00][A] [INFO] --------------------------------
[2026-09-02T18:39:50.211+00:00][A] [INFO] [HEARTBEAT TX]
[2026-09-02T18:39:50.216+00:00][A] [INFO] Node ID: 1
[2026-09-02T18:39:50.216+00:00][A] [INFO] type: 2
[2026-09-02T18:39:50.216+00:00][A] [INFO] Destination: 0xFF
[2026-09-02T18:39:50.221+00:00][A] [INFO] Sequence: 624
[2026-09-02T18:39:50.222+00:00][A] [INFO] Packet ID: 323
[2026-09-02T18:39:50.227+00:00][A] [INFO] Packet Size: 26
[2026-09-02T18:39:50.227+00:00][A] [INFO] Timestamp: 323 ms
[2026-09-02T18:39:50.232+00:00][A] [INFO] Transmission Result: success
[2026-09-02T18:39:50.234+00:00][A] [INFO] --------------------------------
[2026-09-02T18:39:50.238+00:00][A] [INFO] [Heartbeat #323]
[2026-09-02T18:39:50.238+00:00][A] [INFO] Sent
[2026-09-02T18:39:50.238+00:00][A] [INFO] Waiting ACK...
[2026-09-02T18:39:50.238+00:00][A] [INFO] [WAITING ACK]
[2026-09-02T18:39:50.252+00:00][A] [INFO] [RF TX] type=2 source=0x01 destination=0xFF previousHop=0x01 sequence=624 ackSequence=0 ttl=8 hops=0 payloadSize=13 rssi=0 snr=
[2026-09-02T18:39:50.252+00:00][A] [INFO] Heartbeat packet sent
[2026-09-02T18:39:50.695+00:00][A] [INFO] [RF RX] type=2 source=0x02 destination=0xFF previousHop=0x02 sequence=327 ackSequence=0 ttl=8 hops=0 payloadSize=13 rssi=-60 sn
[2026-09-02T18:39:51.227+00:00][A] [WARN] Retry 1
[2026-09-02T18:39:51.294+00:00][A] [INFO] --------------------------------
[2026-09-02T18:39:51.295+00:00][A] [INFO] [HEARTBEAT TX]
[2026-09-02T18:39:51.300+00:00][A] [INFO] Node ID: 1
[2026-09-02T18:39:51.300+00:00][A] [INFO] type: 2
[2026-09-02T18:39:51.300+00:00][A] [INFO] Destination: 0xFF
[2026-09-02T18:39:51.305+00:00][A] [INFO] Sequence: 624
[2026-09-02T18:39:51.305+00:00][A] [INFO] Packet ID: 323
[2026-09-02T18:39:51.310+00:00][A] [INFO] Packet Size: 26
[2026-09-02T18:39:51.311+00:00][A] [INFO] Timestamp: 323 ms
[2026-09-02T18:39:51.316+00:00][A] [INFO] Transmission Result: success
[2026-09-02T18:39:51.317+00:00][A] [INFO] --------------------------------
[2026-09-02T18:39:51.322+00:00][A] [INFO] [Heartbeat #323]
[2026-09-02T18:39:51.322+00:00][A] [INFO] Sent
[2026-09-02T18:39:51.322+00:00][A] [INFO] Waiting ACK...
[2026-09-02T18:39:51.322+00:00][A] [INFO] [WAITING ACK]
[2026-09-02T18:39:51.336+00:00][A] [INFO] [RF TX] type=2 source=0x01 destination=0xFF previousHop=0x01 sequence=624 ackSequence=0 ttl=8 hops=0 payloadSize=13 rssi=0 snr=
[2026-09-02T18:39:51.336+00:00][A] [INFO] Heartbeat packet sent
[2026-09-02T18:39:51.611+00:00][A] [INFO] [RF RX] type=2 source=0x02 destination=0xFF previousHop=0x02 sequence=328 ackSequence=0 ttl=8 hops=0 payloadSize=13 rssi=-61 sn
[2026-09-02T18:39:52.210+00:00][A] [INFO] --------------------------------
[2026-09-02T18:39:52.211+00:00][A] [INFO] [HEARTBEAT TX]
[2026-09-02T18:39:52.216+00:00][A] [INFO] Node ID: 1
[2026-09-02T18:39:52.216+00:00][A] [INFO] type: 2
[2026-09-02T18:39:52.216+00:00][A] [INFO] Destination: 0xFF
[2026-09-02T18:39:52.221+00:00][A] [INFO] Sequence: 625
[2026-09-02T18:39:52.222+00:00][A] [INFO] Packet ID: 324
[2026-09-02T18:39:52.226+00:00][A] [INFO] Packet Size: 26
[2026-09-02T18:39:52.227+00:00][A] [INFO] Timestamp: 324 ms
[2026-09-02T18:39:52.232+00:00][A] [INFO] Transmission Result: success
[2026-09-02T18:39:52.233+00:00][A] [INFO] --------------------------------
[2026-09-02T18:39:52.238+00:00][A] [INFO] [Heartbeat #324]
[2026-09-02T18:39:52.238+00:00][A] [INFO] Sent
[2026-09-02T18:39:52.238+00:00][A] [INFO] Waiting ACK...
[2026-09-02T18:39:52.239+00:00][A] [INFO] [WAITING ACK]
[2026-09-02T18:39:52.252+00:00][A] [INFO] [RF TX] type=2 source=0x01 destination=0xFF previousHop=0x01 sequence=625 ackSequence=0 ttl=8 hops=0 payloadSize=13 rssi=0 snr=
[2026-09-02T18:39:52.252+00:00][A] [INFO] Heartbeat packet sent
[2026-09-02T18:39:52.695+00:00][A] [INFO] [RF RX] type=2 source=0x02 destination=0xFF previousHop=0x02 sequence=328 ackSequence=0 ttl=8 hops=0 payloadSize=13 rssi=-61 sn
[2026-09-02T18:39:53.227+00:00][A] [WARN] Retry 1
[2026-09-02T18:39:53.294+00:00][A] [INFO] --------------------------------
[2026-09-02T18:39:53.295+00:00][A] [INFO] [HEARTBEAT TX]
[2026-09-02T18:39:53.300+00:00][A] [INFO] Node ID: 1
[2026-09-02T18:39:53.300+00:00][A] [INFO] type: 2
[2026-09-02T18:39:53.300+00:00][A] [INFO] Destination: 0xFF
[2026-09-02T18:39:53.305+00:00][A] [INFO] Sequence: 625
[2026-09-02T18:39:53.305+00:00][A] [INFO] Packet ID: 324
[2026-09-02T18:39:53.310+00:00][A] [INFO] Packet Size: 26
[2026-09-02T18:39:53.311+00:00][A] [INFO] Timestamp: 324 ms
[2026-09-02T18:39:53.316+00:00][A] [INFO] Transmission Result: success
[2026-09-02T18:39:53.317+00:00][A] [INFO] --------------------------------
[2026-09-02T18:39:53.322+00:00][A] [INFO] [Heartbeat #324]
[2026-09-02T18:39:53.322+00:00][A] [INFO] Sent
[2026-09-02T18:39:53.322+00:00][A] [INFO] Waiting ACK...
[2026-09-02T18:39:53.323+00:00][A] [INFO] [WAITING ACK]
[2026-09-02T18:39:53.336+00:00][A] [INFO] [RF TX] type=2 source=0x01 destination=0xFF previousHop=0x01 sequence=625 ackSequence=0 ttl=8 hops=0 payloadSize=13 rssi=0 snr=
[2026-09-02T18:39:53.336+00:00][A] [INFO] Heartbeat packet sent
[2026-09-02T18:39:53.611+00:00][A] [INFO] [RF RX] type=2 source=0x02 destination=0xFF previousHop=0x02 sequence=329 ackSequence=0 ttl=8 hops=0 payloadSize=13 rssi=-60 sn
[2026-09-02T18:39:54.210+00:00][A] [INFO] --------------------------------
[2026-09-02T18:39:54.211+00:00][A] [INFO] [HEARTBEAT TX]
[2026-09-02T18:39:54.216+00:00][A] [INFO] Node ID: 1
[2026-09-02T18:39:54.216+00:00][A] [INFO] type: 2
[2026-09-02T18:39:54.216+00:00][A] [INFO] Destination: 0xFF
[2026-09-02T18:39:54.221+00:00][A] [INFO] Sequence: 626
[2026-09-02T18:39:54.221+00:00][A] [INFO] Packet ID: 325
[2026-09-02T18:39:54.226+00:00][A] [INFO] Packet Size: 26
[2026-09-02T18:39:54.227+00:00][A] [INFO] Timestamp: 325 ms
[2026-09-02T18:39:54.232+00:00][A] [INFO] Transmission Result: success
[2026-09-02T18:39:54.233+00:00][A] [INFO] --------------------------------
[2026-09-02T18:39:54.238+00:00][A] [INFO] [Heartbeat #325]
[2026-09-02T18:39:54.238+00:00][A] [INFO] Sent
[2026-09-02T18:39:54.238+00:00][A] [INFO] Waiting ACK...
[2026-09-02T18:39:54.239+00:00][A] [INFO] [WAITING ACK]
[2026-09-02T18:39:54.252+00:00][A] [INFO] [RF TX] type=2 source=0x01 destination=0xFF previousHop=0x01 sequence=626 ackSequence=0 ttl=8 hops=0 payloadSize=13 rssi=0 snr=
[2026-09-02T18:39:54.252+00:00][A] [INFO] Heartbeat packet sent
[2026-09-02T18:39:54.695+00:00][A] [INFO] [RF RX] type=2 source=0x02 destination=0xFF previousHop=0x02 sequence=329 ackSequence=0 ttl=8 hops=0 payloadSize=13 rssi=-60 sn
[2026-09-02T18:39:55.227+00:00][A] [WARN] Retry 1
[2026-09-02T18:39:55.294+00:00][A] [INFO] --------------------------------
[2026-09-02T18:39:55.294+00:00][A] [INFO] [HEARTBEAT TX]
[2026-09-02T18:39:55.299+00:00][A] [INFO] Node ID: 1
[2026-09-02T18:39:55.299+00:00][A] [INFO] type: 2
[2026-09-02T18:39:55.300+00:00][A] [INFO] Destination: 0xFF
[2026-09-02T18:39:55.305+00:00][A] [INFO] Sequence: 626
[2026-09-02T18:39:55.305+00:00][A] [INFO] Packet ID: 325
[2026-09-02T18:39:55.310+00:00][A] [INFO] Packet Size: 26
[2026-09-02T18:39:55.310+00:00][A] [INFO] Timestamp: 325 ms
[2026-09-02T18:39:55.316+00:00][A] [INFO] Transmission Result: success
[2026-09-02T18:39:55.316+00:00][A] [INFO] --------------------------------
[2026-09-02T18:39:55.322+00:00][A] [INFO] [Heartbeat #325]
[2026-09-02T18:39:55.322+00:00][A] [INFO] Sent
[2026-09-02T18:39:55.322+00:00][A] [INFO] Waiting ACK...
[2026-09-02T18:39:55.322+00:00][A] [INFO] [WAITING ACK]
[2026-09-02T18:39:55.336+00:00][A] [INFO] [RF TX] type=2 source=0x01 destination=0xFF previousHop=0x01 sequence=626 ackSequence=0 ttl=8 hops=0 payloadSize=13 rssi=0 snr=
[2026-09-02T18:39:55.336+00:00][A] [INFO] Heartbeat packet sent
[2026-09-02T18:39:55.611+00:00][A] [INFO] [RF RX] type=2 source=0x02 destination=0xFF previousHop=0x02 sequence=330 ackSequence=0 ttl=8 hops=0 payloadSize=13 rssi=-60 sn
[2026-09-02T18:39:56.210+00:00][A] [INFO] --------------------------------
[2026-09-02T18:39:56.211+00:00][A] [INFO] [HEARTBEAT TX]
[2026-09-02T18:39:56.216+00:00][A] [INFO] Node ID: 1
[2026-09-02T18:39:56.216+00:00][A] [INFO] type: 2
[2026-09-02T18:39:56.216+00:00][A] [INFO] Destination: 0xFF
[2026-09-02T18:39:56.221+00:00][A] [INFO] Sequence: 627
[2026-09-02T18:39:56.221+00:00][A] [INFO] Packet ID: 326
[2026-09-02T18:39:56.226+00:00][A] [INFO] Packet Size: 26
[2026-09-02T18:39:56.227+00:00][A] [INFO] Timestamp: 326 ms
[2026-09-02T18:39:56.232+00:00][A] [INFO] Transmission Result: success
[2026-09-02T18:39:56.233+00:00][A] [INFO] --------------------------------
[2026-09-02T18:39:56.238+00:00][A] [INFO] [Heartbeat #326]
[2026-09-02T18:39:56.238+00:00][A] [INFO] Sent
[2026-09-02T18:39:56.238+00:00][A] [INFO] Waiting ACK...
[2026-09-02T18:39:56.238+00:00][A] [INFO] [WAITING ACK]
[2026-09-02T18:39:56.252+00:00][A] [INFO] [RF TX] type=2 source=0x01 destination=0xFF previousHop=0x01 sequence=627 ackSequence=0 ttl=8 hops=0 payloadSize=13 rssi=0 snr=
[2026-09-02T18:39:56.252+00:00][A] [INFO] Heartbeat packet sent
[2026-09-02T18:39:56.695+00:00][A] [INFO] [RF RX] type=2 source=0x02 destination=0xFF previousHop=0x02 sequence=330 ackSequence=0 ttl=8 hops=0 payloadSize=13 rssi=-60 sn
[2026-09-02T18:39:57.227+00:00][A] [WARN] Retry 1
[2026-09-02T18:39:57.294+00:00][A] [INFO] --------------------------------
[2026-09-02T18:39:57.295+00:00][A] [INFO] [HEARTBEAT TX]
[2026-09-02T18:39:57.300+00:00][A] [INFO] Node ID: 1
[2026-09-02T18:39:57.300+00:00][A] [INFO] type: 2
[2026-09-02T18:39:57.300+00:00][A] [INFO] Destination: 0xFF
[2026-09-02T18:39:57.305+00:00][A] [INFO] Sequence: 627
[2026-09-02T18:39:57.305+00:00][A] [INFO] Packet ID: 326
[2026-09-02T18:39:57.310+00:00][A] [INFO] Packet Size: 26
[2026-09-02T18:39:57.311+00:00][A] [INFO] Timestamp: 326 ms
[2026-09-02T18:39:57.316+00:00][A] [INFO] Transmission Result: success
[2026-09-02T18:39:57.317+00:00][A] [INFO] --------------------------------
[2026-09-02T18:39:57.322+00:00][A] [INFO] [Heartbeat #326]
[2026-09-02T18:39:57.322+00:00][A] [INFO] Sent
[2026-09-02T18:39:57.322+00:00][A] [INFO] Waiting ACK...
[2026-09-02T18:39:57.322+00:00][A] [INFO] [WAITING ACK]
[2026-09-02T18:39:57.336+00:00][A] [INFO] [RF TX] type=2 source=0x01 destination=0xFF previousHop=0x01 sequence=627 ackSequence=0 ttl=8 hops=0 payloadSize=13 rssi=0 snr=
[2026-09-02T18:39:57.336+00:00][A] [INFO] Heartbeat packet sent
[2026-09-02T18:39:57.611+00:00][A] [INFO] [RF RX] type=2 source=0x02 destination=0xFF previousHop=0x02 sequence=331 ackSequence=0 ttl=8 hops=0 payloadSize=13 rssi=-60 sn
[2026-09-02T18:39:58.210+00:00][A] [INFO] --------------------------------
[2026-09-02T18:39:58.211+00:00][A] [INFO] [HEARTBEAT TX]
[2026-09-02T18:39:58.215+00:00][A] [INFO] Node ID: 1
[2026-09-02T18:39:58.216+00:00][A] [INFO] type: 2
[2026-09-02T18:39:58.216+00:00][A] [INFO] Destination: 0xFF
[2026-09-02T18:39:58.221+00:00][A] [INFO] Sequence: 628
[2026-09-02T18:39:58.221+00:00][A] [INFO] Packet ID: 327
[2026-09-02T18:39:58.226+00:00][A] [INFO] Packet Size: 26
[2026-09-02T18:39:58.227+00:00][A] [INFO] Timestamp: 327 ms
[2026-09-02T18:39:58.232+00:00][A] [INFO] Transmission Result: success
[2026-09-02T18:39:58.232+00:00][A] [INFO] --------------------------------
[2026-09-02T18:39:58.237+00:00][A] [INFO] [Heartbeat #327]
[2026-09-02T18:39:58.238+00:00][A] [INFO] Sent
[2026-09-02T18:39:58.238+00:00][A] [INFO] Waiting ACK...
[2026-09-02T18:39:58.238+00:00][A] [INFO] [WAITING ACK]
[2026-09-02T18:39:58.252+00:00][A] [INFO] [RF TX] type=2 source=0x01 destination=0xFF previousHop=0x01 sequence=628 ackSequence=0 ttl=8 hops=0 payloadSize=13 rssi=0 snr=
[2026-09-02T18:39:58.252+00:00][A] [INFO] Heartbeat packet sent
[2026-09-02T18:39:58.695+00:00][A] [INFO] [RF RX] type=2 source=0x02 destination=0xFF previousHop=0x02 sequence=331 ackSequence=0 ttl=8 hops=0 payloadSize=13 rssi=-60 sn
[2026-09-02T18:39:59.227+00:00][A] [WARN] Retry 1
[2026-09-02T18:39:59.294+00:00][A] [INFO] --------------------------------
[2026-09-02T18:39:59.295+00:00][A] [INFO] [HEARTBEAT TX]
[2026-09-02T18:39:59.299+00:00][A] [INFO] Node ID: 1
[2026-09-02T18:39:59.300+00:00][A] [INFO] type: 2
[2026-09-02T18:39:59.300+00:00][A] [INFO] Destination: 0xFF
[2026-09-02T18:39:59.305+00:00][A] [INFO] Sequence: 628
[2026-09-02T18:39:59.305+00:00][A] [INFO] Packet ID: 327
[2026-09-02T18:39:59.310+00:00][A] [INFO] Packet Size: 26
[2026-09-02T18:39:59.311+00:00][A] [INFO] Timestamp: 327 ms
[2026-09-02T18:39:59.316+00:00][A] [INFO] Transmission Result: success
[2026-09-02T18:39:59.316+00:00][A] [INFO] --------------------------------
[2026-09-02T18:39:59.321+00:00][A] [INFO] [Heartbeat #327]
[2026-09-02T18:39:59.322+00:00][A] [INFO] Sent
[2026-09-02T18:39:59.322+00:00][A] [INFO] Waiting ACK...
[2026-09-02T18:39:59.322+00:00][A] [INFO] [WAITING ACK]
[2026-09-02T18:39:59.336+00:00][A] [INFO] [RF TX] type=2 source=0x01 destination=0xFF previousHop=0x01 sequence=628 ackSequence=0 ttl=8 hops=0 payloadSize=13 rssi=0 snr=
[2026-09-02T18:39:59.336+00:00][A] [INFO] Heartbeat packet sent
[2026-09-02T18:39:59.611+00:00][A] [INFO] [RF RX] type=2 source=0x02 destination=0xFF previousHop=0x02 sequence=332 ackSequence=0 ttl=8 hops=0 payloadSize=13 rssi=-60 sn
[2026-09-02T18:40:00.211+00:00][A] [INFO] --------------------------------
[2026-09-02T18:40:00.211+00:00][A] [INFO] [HEARTBEAT TX]
[2026-09-02T18:40:00.216+00:00][A] [INFO] Node ID: 1
[2026-09-02T18:40:00.216+00:00][A] [INFO] type: 2
[2026-09-02T18:40:00.216+00:00][A] [INFO] Destination: 0xFF
[2026-09-02T18:40:00.221+00:00][A] [INFO] Sequence: 629
[2026-09-02T18:40:00.221+00:00][A] [INFO] Packet ID: 328
[2026-09-02T18:40:00.226+00:00][A] [INFO] Packet Size: 26
[2026-09-02T18:40:00.227+00:00][A] [INFO] Timestamp: 328 ms
[2026-09-02T18:40:00.232+00:00][A] [INFO] Transmission Result: success
[2026-09-02T18:40:00.233+00:00][A] [INFO] --------------------------------
[2026-09-02T18:40:00.237+00:00][A] [INFO] [Heartbeat #328]
[2026-09-02T18:40:00.238+00:00][A] [INFO] Sent
[2026-09-02T18:40:00.238+00:00][A] [INFO] Waiting ACK...
[2026-09-02T18:40:00.238+00:00][A] [INFO] [WAITING ACK]
[2026-09-02T18:40:00.252+00:00][A] [INFO] [RF TX] type=2 source=0x01 destination=0xFF previousHop=0x01 sequence=629 ackSequence=0 ttl=8 hops=0 payloadSize=13 rssi=0 snr=
[2026-09-02T18:40:00.252+00:00][A] [INFO] Heartbeat packet sent
[2026-09-02T18:40:00.695+00:00][A] [INFO] [RF RX] type=2 source=0x02 destination=0xFF previousHop=0x02 sequence=332 ackSequence=0 ttl=8 hops=0 payloadSize=13 rssi=-61 sn
[2026-09-02T18:40:01.227+00:00][A] [WARN] Retry 1
[2026-09-02T18:40:01.295+00:00][A] [INFO] --------------------------------
[2026-09-02T18:40:01.295+00:00][A] [INFO] [HEARTBEAT TX]
[2026-09-02T18:40:01.299+00:00][A] [INFO] Node ID: 1
[2026-09-02T18:40:01.300+00:00][A] [INFO] type: 2
[2026-09-02T18:40:01.300+00:00][A] [INFO] Destination: 0xFF
[2026-09-02T18:40:01.305+00:00][A] [INFO] Sequence: 629
[2026-09-02T18:40:01.306+00:00][A] [INFO] Packet ID: 328
[2026-09-02T18:40:01.310+00:00][A] [INFO] Packet Size: 26
[2026-09-02T18:40:01.311+00:00][A] [INFO] Timestamp: 328 ms
[2026-09-02T18:40:01.316+00:00][A] [INFO] Transmission Result: success
[2026-09-02T18:40:01.317+00:00][A] [INFO] --------------------------------
[2026-09-02T18:40:01.321+00:00][A] [INFO] [Heartbeat #328]
[2026-09-02T18:40:01.322+00:00][A] [INFO] Sent
[2026-09-02T18:40:01.322+00:00][A] [INFO] Waiting ACK...
[2026-09-02T18:40:01.322+00:00][A] [INFO] [WAITING ACK]
[2026-09-02T18:40:01.336+00:00][A] [INFO] [RF TX] type=2 source=0x01 destination=0xFF previousHop=0x01 sequence=629 ackSequence=0 ttl=8 hops=0 payloadSize=13 rssi=0 snr=
[2026-09-02T18:40:01.336+00:00][A] [INFO] Heartbeat packet sent
[2026-09-02T18:40:01.611+00:00][A] [INFO] [RF RX] type=2 source=0x02 destination=0xFF previousHop=0x02 sequence=333 ackSequence=0 ttl=8 hops=0 payloadSize=13 rssi=-61 sn
[2026-09-02T18:40:02.210+00:00][A] [INFO] --------------------------------
[2026-09-02T18:40:02.211+00:00][A] [INFO] [HEARTBEAT TX]
[2026-09-02T18:40:02.215+00:00][A] [INFO] Node ID: 1
[2026-09-02T18:40:02.216+00:00][A] [INFO] type: 2
[2026-09-02T18:40:02.216+00:00][A] [INFO] Destination: 0xFF
[2026-09-02T18:40:02.221+00:00][A] [INFO] Sequence: 630
[2026-09-02T18:40:02.221+00:00][A] [INFO] Packet ID: 329
[2026-09-02T18:40:02.226+00:00][A] [INFO] Packet Size: 26
[2026-09-02T18:40:02.227+00:00][A] [INFO] Timestamp: 329 ms
[2026-09-02T18:40:02.232+00:00][A] [INFO] Transmission Result: success
[2026-09-02T18:40:02.232+00:00][A] [INFO] --------------------------------
[2026-09-02T18:40:02.237+00:00][A] [INFO] [Heartbeat #329]
[2026-09-02T18:40:02.238+00:00][A] [INFO] Sent
[2026-09-02T18:40:02.238+00:00][A] [INFO] Waiting ACK...
[2026-09-02T18:40:02.238+00:00][A] [INFO] [WAITING ACK]
[2026-09-02T18:40:02.252+00:00][A] [INFO] [RF TX] type=2 source=0x01 destination=0xFF previousHop=0x01 sequence=630 ackSequence=0 ttl=8 hops=0 payloadSize=13 rssi=0 snr=
[2026-09-02T18:40:02.252+00:00][A] [INFO] Heartbeat packet sent
[2026-09-02T18:40:02.695+00:00][A] [INFO] [RF RX] type=2 source=0x02 destination=0xFF previousHop=0x02 sequence=333 ackSequence=0 ttl=8 hops=0 payloadSize=13 rssi=-61 sn
[2026-09-02T18:40:03.227+00:00][A] [WARN] Retry 1
[2026-09-02T18:40:03.294+00:00][A] [INFO] --------------------------------
[2026-09-02T18:40:03.295+00:00][A] [INFO] [HEARTBEAT TX]
[2026-09-02T18:40:03.299+00:00][A] [INFO] Node ID: 1
[2026-09-02T18:40:03.300+00:00][A] [INFO] type: 2
[2026-09-02T18:40:03.300+00:00][A] [INFO] Destination: 0xFF
[2026-09-02T18:40:03.305+00:00][A] [INFO] Sequence: 630
[2026-09-02T18:40:03.305+00:00][A] [INFO] Packet ID: 329
[2026-09-02T18:40:03.310+00:00][A] [INFO] Packet Size: 26
[2026-09-02T18:40:03.311+00:00][A] [INFO] Timestamp: 329 ms
[2026-09-02T18:40:03.316+00:00][A] [INFO] Transmission Result: success
[2026-09-02T18:40:03.316+00:00][A] [INFO] --------------------------------
[2026-09-02T18:40:03.321+00:00][A] [INFO] [Heartbeat #329]
[2026-09-02T18:40:03.322+00:00][A] [INFO] Sent
[2026-09-02T18:40:03.322+00:00][A] [INFO] Waiting ACK...
[2026-09-02T18:40:03.322+00:00][A] [INFO] [WAITING ACK]
[2026-09-02T18:40:03.336+00:00][A] [INFO] [RF TX] type=2 source=0x01 destination=0xFF previousHop=0x01 sequence=630 ackSequence=0 ttl=8 hops=0 payloadSize=13 rssi=0 snr=
[2026-09-02T18:40:03.336+00:00][A] [INFO] Heartbeat packet sent
[2026-09-02T18:40:03.610+00:00][A] [INFO] [RF RX] type=2 source=0x02 destination=0xFF previousHop=0x02 sequence=334 ackSequence=0 ttl=8 hops=0 payloadSize=13 rssi=-61 sn
[2026-09-02T18:40:04.210+00:00][A] [INFO] --------------------------------
[2026-09-02T18:40:04.211+00:00][A] [INFO] [HEARTBEAT TX]
[2026-09-02T18:40:04.215+00:00][A] [INFO] Node ID: 1
[2026-09-02T18:40:04.216+00:00][A] [INFO] type: 2
[2026-09-02T18:40:04.216+00:00][A] [INFO] Destination: 0xFF
[2026-09-02T18:40:04.221+00:00][A] [INFO] Sequence: 631
[2026-09-02T18:40:04.221+00:00][A] [INFO] Packet ID: 330
[2026-09-02T18:40:04.226+00:00][A] [INFO] Packet Size: 26
[2026-09-02T18:40:04.227+00:00][A] [INFO] Timestamp: 330 ms
[2026-09-02T18:40:04.232+00:00][A] [INFO] Transmission Result: success
[2026-09-02T18:40:04.232+00:00][A] [INFO] --------------------------------
[2026-09-02T18:40:04.237+00:00][A] [INFO] [Heartbeat #330]
[2026-09-02T18:40:04.238+00:00][A] [INFO] Sent
[2026-09-02T18:40:04.238+00:00][A] [INFO] Waiting ACK...
[2026-09-02T18:40:04.238+00:00][A] [INFO] [WAITING ACK]
[2026-09-02T18:40:04.252+00:00][A] [INFO] [RF TX] type=2 source=0x01 destination=0xFF previousHop=0x01 sequence=631 ackSequence=0 ttl=8 hops=0 payloadSize=13 rssi=0 snr=
[2026-09-02T18:40:04.252+00:00][A] [INFO] Heartbeat packet sent
[2026-09-02T18:40:04.694+00:00][A] [INFO] [RF RX] type=2 source=0x02 destination=0xFF previousHop=0x02 sequence=334 ackSequence=0 ttl=8 hops=0 payloadSize=13 rssi=-60 sn
[2026-09-02T18:40:05.227+00:00][A] [WARN] Retry 1
[2026-09-02T18:40:05.294+00:00][A] [INFO] --------------------------------
[2026-09-02T18:40:05.295+00:00][A] [INFO] [HEARTBEAT TX]
[2026-09-02T18:40:05.299+00:00][A] [INFO] Node ID: 1
[2026-09-02T18:40:05.300+00:00][A] [INFO] type: 2
[2026-09-02T18:40:05.300+00:00][A] [INFO] Destination: 0xFF
[2026-09-02T18:40:05.305+00:00][A] [INFO] Sequence: 631
[2026-09-02T18:40:05.305+00:00][A] [INFO] Packet ID: 330
[2026-09-02T18:40:05.310+00:00][A] [INFO] Packet Size: 26
[2026-09-02T18:40:05.311+00:00][A] [INFO] Timestamp: 330 ms
[2026-09-02T18:40:05.316+00:00][A] [INFO] Transmission Result: success
[2026-09-02T18:40:05.316+00:00][A] [INFO] --------------------------------
[2026-09-02T18:40:05.321+00:00][A] [INFO] [Heartbeat #330]
[2026-09-02T18:40:05.322+00:00][A] [INFO] Sent
[2026-09-02T18:40:05.322+00:00][A] [INFO] Waiting ACK...
[2026-09-02T18:40:05.322+00:00][A] [INFO] [WAITING ACK]
[2026-09-02T18:40:05.336+00:00][A] [INFO] [RF TX] type=2 source=0x01 destination=0xFF previousHop=0x01 sequence=631 ackSequence=0 ttl=8 hops=0 payloadSize=13 rssi=0 snr=
[2026-09-02T18:40:05.336+00:00][A] [INFO] Heartbeat packet sent
[2026-09-02T18:40:05.611+00:00][A] [INFO] [RF RX] type=2 source=0x02 destination=0xFF previousHop=0x02 sequence=335 ackSequence=0 ttl=8 hops=0 payloadSize=13 rssi=-61 sn
[2026-09-02T18:40:06.210+00:00][A] [INFO] --------------------------------
[2026-09-02T18:40:06.211+00:00][A] [INFO] [HEARTBEAT TX]
[2026-09-02T18:40:06.215+00:00][A] [INFO] Node ID: 1
[2026-09-02T18:40:06.216+00:00][A] [INFO] type: 2
[2026-09-02T18:40:06.216+00:00][A] [INFO] Destination: 0xFF
[2026-09-02T18:40:06.221+00:00][A] [INFO] Sequence: 632
[2026-09-02T18:40:06.221+00:00][A] [INFO] Packet ID: 331
[2026-09-02T18:40:06.226+00:00][A] [INFO] Packet Size: 26
[2026-09-02T18:40:06.227+00:00][A] [INFO] Timestamp: 331 ms
[2026-09-02T18:40:06.232+00:00][A] [INFO] Transmission Result: success
[2026-09-02T18:40:06.232+00:00][A] [INFO] --------------------------------
[2026-09-02T18:40:06.237+00:00][A] [INFO] [Heartbeat #331]
[2026-09-02T18:40:06.238+00:00][A] [INFO] Sent
[2026-09-02T18:40:06.238+00:00][A] [INFO] Waiting ACK...
[2026-09-02T18:40:06.238+00:00][A] [INFO] [WAITING ACK]
[2026-09-02T18:40:06.252+00:00][A] [INFO] [RF TX] type=2 source=0x01 destination=0xFF previousHop=0x01 sequence=632 ackSequence=0 ttl=8 hops=0 payloadSize=13 rssi=0 snr=
[2026-09-02T18:40:06.252+00:00][A] [INFO] Heartbeat packet sent
[2026-09-02T18:40:06.695+00:00][A] [INFO] [RF RX] type=2 source=0x02 destination=0xFF previousHop=0x02 sequence=335 ackSequence=0 ttl=8 hops=0 payloadSize=13 rssi=-61 sn
[2026-09-02T18:40:07.227+00:00][A] [WARN] Retry 1
[2026-09-02T18:40:07.294+00:00][A] [INFO] --------------------------------
[2026-09-02T18:40:07.295+00:00][A] [INFO] [HEARTBEAT TX]
[2026-09-02T18:40:07.299+00:00][A] [INFO] Node ID: 1
[2026-09-02T18:40:07.300+00:00][A] [INFO] type: 2
[2026-09-02T18:40:07.300+00:00][A] [INFO] Destination: 0xFF
[2026-09-02T18:40:07.305+00:00][A] [INFO] Sequence: 632
[2026-09-02T18:40:07.305+00:00][A] [INFO] Packet ID: 331
[2026-09-02T18:40:07.310+00:00][A] [INFO] Packet Size: 26
[2026-09-02T18:40:07.311+00:00][A] [INFO] Timestamp: 331 ms
[2026-09-02T18:40:07.316+00:00][A] [INFO] Transmission Result: success
[2026-09-02T18:40:07.316+00:00][A] [INFO] --------------------------------
[2026-09-02T18:40:07.321+00:00][A] [INFO] [Heartbeat #331]
[2026-09-02T18:40:07.322+00:00][A] [INFO] Sent
[2026-09-02T18:40:07.322+00:00][A] [INFO] Waiting ACK...
[2026-09-02T18:40:07.322+00:00][A] [INFO] [WAITING ACK]
[2026-09-02T18:40:07.336+00:00][A] [INFO] [RF TX] type=2 source=0x01 destination=0xFF previousHop=0x01 sequence=632 ackSequence=0 ttl=8 hops=0 payloadSize=13 rssi=0 snr=
[2026-09-02T18:40:07.336+00:00][A] [INFO] Heartbeat packet sent
[2026-09-02T18:40:07.610+00:00][A] [INFO] [RF RX] type=2 source=0x02 destination=0xFF previousHop=0x02 sequence=336 ackSequence=0 ttl=8 hops=0 payloadSize=13 rssi=-61 sn
[2026-09-02T18:40:08.210+00:00][A] [INFO] --------------------------------
[2026-09-02T18:40:08.210+00:00][A] [INFO] [HEARTBEAT TX]
[2026-09-02T18:40:08.215+00:00][A] [INFO] Node ID: 1
[2026-09-02T18:40:08.215+00:00][A] [INFO] type: 2
[2026-09-02T18:40:08.216+00:00][A] [INFO] Destination: 0xFF
[2026-09-02T18:40:08.221+00:00][A] [INFO] Sequence: 633
[2026-09-02T18:40:08.221+00:00][A] [INFO] Packet ID: 332
[2026-09-02T18:40:08.226+00:00][A] [INFO] Packet Size: 26
[2026-09-02T18:40:08.227+00:00][A] [INFO] Timestamp: 332 ms
[2026-09-02T18:40:08.232+00:00][A] [INFO] Transmission Result: success
[2026-09-02T18:40:08.232+00:00][A] [INFO] --------------------------------
[2026-09-02T18:40:08.237+00:00][A] [INFO] [Heartbeat #332]
[2026-09-02T18:40:08.238+00:00][A] [INFO] Sent
[2026-09-02T18:40:08.238+00:00][A] [INFO] Waiting ACK...
[2026-09-02T18:40:08.238+00:00][A] [INFO] [WAITING ACK]
[2026-09-02T18:40:08.252+00:00][A] [INFO] [RF TX] type=2 source=0x01 destination=0xFF previousHop=0x01 sequence=633 ackSequence=0 ttl=8 hops=0 payloadSize=13 rssi=0 snr=
[2026-09-02T18:40:08.252+00:00][A] [INFO] Heartbeat packet sent
[2026-09-02T18:40:08.695+00:00][A] [INFO] [RF RX] type=2 source=0x02 destination=0xFF previousHop=0x02 sequence=336 ackSequence=0 ttl=8 hops=0 payloadSize=13 rssi=-61 sn
[2026-09-02T18:40:09.227+00:00][A] [WARN] Retry 1
[2026-09-02T18:40:09.294+00:00][A] [INFO] --------------------------------
[2026-09-02T18:40:09.295+00:00][A] [INFO] [HEARTBEAT TX]
[2026-09-02T18:40:09.299+00:00][A] [INFO] Node ID: 1
[2026-09-02T18:40:09.300+00:00][A] [INFO] type: 2
[2026-09-02T18:40:09.300+00:00][A] [INFO] Destination: 0xFF
[2026-09-02T18:40:09.305+00:00][A] [INFO] Sequence: 633
[2026-09-02T18:40:09.305+00:00][A] [INFO] Packet ID: 332
[2026-09-02T18:40:09.310+00:00][A] [INFO] Packet Size: 26
[2026-09-02T18:40:09.311+00:00][A] [INFO] Timestamp: 332 ms
[2026-09-02T18:40:09.316+00:00][A] [INFO] Transmission Result: success
[2026-09-02T18:40:09.316+00:00][A] [INFO] --------------------------------
[2026-09-02T18:40:09.321+00:00][A] [INFO] [Heartbeat #332]
[2026-09-02T18:40:09.321+00:00][A] [INFO] Sent
[2026-09-02T18:40:09.322+00:00][A] [INFO] Waiting ACK...
[2026-09-02T18:40:09.322+00:00][A] [INFO] [WAITING ACK]
[2026-09-02T18:40:09.335+00:00][A] [INFO] [RF TX] type=2 source=0x01 destination=0xFF previousHop=0x01 sequence=633 ackSequence=0 ttl=8 hops=0 payloadSize=13 rssi=0 snr=
[2026-09-02T18:40:09.336+00:00][A] [INFO] Heartbeat packet sent
[2026-09-02T18:40:09.610+00:00][A] [INFO] [RF RX] type=2 source=0x02 destination=0xFF previousHop=0x02 sequence=337 ackSequence=0 ttl=8 hops=0 payloadSize=13 rssi=-62 sn
[2026-09-02T18:40:10.210+00:00][A] [INFO] --------------------------------
[2026-09-02T18:40:10.211+00:00][A] [INFO] [HEARTBEAT TX]
[2026-09-02T18:40:10.215+00:00][A] [INFO] Node ID: 1
[2026-09-02T18:40:10.216+00:00][A] [INFO] type: 2
[2026-09-02T18:40:10.216+00:00][A] [INFO] Destination: 0xFF
[2026-09-02T18:40:10.221+00:00][A] [INFO] Sequence: 634
[2026-09-02T18:40:10.221+00:00][A] [INFO] Packet ID: 333
[2026-09-02T18:40:10.226+00:00][A] [INFO] Packet Size: 26
[2026-09-02T18:40:10.227+00:00][A] [INFO] Timestamp: 333 ms
[2026-09-02T18:40:10.232+00:00][A] [INFO] Transmission Result: success
[2026-09-02T18:40:10.232+00:00][A] [INFO] --------------------------------
[2026-09-02T18:40:10.237+00:00][A] [INFO] [Heartbeat #333]
[2026-09-02T18:40:10.237+00:00][A] [INFO] Sent
[2026-09-02T18:40:10.238+00:00][A] [INFO] Waiting ACK...
[2026-09-02T18:40:10.238+00:00][A] [INFO] [WAITING ACK]
[2026-09-02T18:40:10.251+00:00][A] [INFO] [RF TX] type=2 source=0x01 destination=0xFF previousHop=0x01 sequence=634 ackSequence=0 ttl=8 hops=0 payloadSize=13 rssi=0 snr=
[2026-09-02T18:40:10.252+00:00][A] [INFO] Heartbeat packet sent
[2026-09-02T18:40:10.694+00:00][A] [INFO] [RF RX] type=2 source=0x02 destination=0xFF previousHop=0x02 sequence=337 ackSequence=0 ttl=8 hops=0 payloadSize=13 rssi=-61 sn
[2026-09-02T18:40:11.227+00:00][A] [WARN] Retry 1
[2026-09-02T18:40:11.294+00:00][A] [INFO] --------------------------------
[2026-09-02T18:40:11.295+00:00][A] [INFO] [HEARTBEAT TX]
[2026-09-02T18:40:11.299+00:00][A] [INFO] Node ID: 1
[2026-09-02T18:40:11.300+00:00][A] [INFO] type: 2
[2026-09-02T18:40:11.300+00:00][A] [INFO] Destination: 0xFF
[2026-09-02T18:40:11.305+00:00][A] [INFO] Sequence: 634
[2026-09-02T18:40:11.305+00:00][A] [INFO] Packet ID: 333
[2026-09-02T18:40:11.310+00:00][A] [INFO] Packet Size: 26
[2026-09-02T18:40:11.311+00:00][A] [INFO] Timestamp: 333 ms
[2026-09-02T18:40:11.316+00:00][A] [INFO] Transmission Result: success
[2026-09-02T18:40:11.316+00:00][A] [INFO] --------------------------------
[2026-09-02T18:40:11.321+00:00][A] [INFO] [Heartbeat #333]
[2026-09-02T18:40:11.322+00:00][A] [INFO] Sent
[2026-09-02T18:40:11.322+00:00][A] [INFO] Waiting ACK...
[2026-09-02T18:40:11.322+00:00][A] [INFO] [WAITING ACK]
[2026-09-02T18:40:11.336+00:00][A] [INFO] [RF TX] type=2 source=0x01 destination=0xFF previousHop=0x01 sequence=634 ackSequence=0 ttl=8 hops=0 payloadSize=13 rssi=0 snr=
[2026-09-02T18:40:11.336+00:00][A] [INFO] Heartbeat packet sent
[2026-09-02T18:40:11.610+00:00][A] [INFO] [RF RX] type=2 source=0x02 destination=0xFF previousHop=0x02 sequence=338 ackSequence=0 ttl=8 hops=0 payloadSize=13 rssi=-61 sn
[2026-09-02T18:40:12.210+00:00][A] [INFO] --------------------------------
[2026-09-02T18:40:12.211+00:00][A] [INFO] [HEARTBEAT TX]
[2026-09-02T18:40:12.215+00:00][A] [INFO] Node ID: 1
[2026-09-02T18:40:12.215+00:00][A] [INFO] type: 2
[2026-09-02T18:40:12.216+00:00][A] [INFO] Destination: 0xFF
[2026-09-02T18:40:12.221+00:00][A] [INFO] Sequence: 635
[2026-09-02T18:40:12.221+00:00][A] [INFO] Packet ID: 334
[2026-09-02T18:40:12.226+00:00][A] [INFO] Packet Size: 26
[2026-09-02T18:40:12.227+00:00][A] [INFO] Timestamp: 334 ms
[2026-09-02T18:40:12.232+00:00][A] [INFO] Transmission Result: success
[2026-09-02T18:40:12.232+00:00][A] [INFO] --------------------------------
[2026-09-02T18:40:12.237+00:00][A] [INFO] [Heartbeat #334]
[2026-09-02T18:40:12.237+00:00][A] [INFO] Sent
[2026-09-02T18:40:12.238+00:00][A] [INFO] Waiting ACK...
[2026-09-02T18:40:12.238+00:00][A] [INFO] [WAITING ACK]
[2026-09-02T18:40:12.251+00:00][A] [INFO] [RF TX] type=2 source=0x01 destination=0xFF previousHop=0x01 sequence=635 ackSequence=0 ttl=8 hops=0 payloadSize=13 rssi=0 snr=
[2026-09-02T18:40:12.252+00:00][A] [INFO] Heartbeat packet sent
[2026-09-02T18:40:12.694+00:00][A] [INFO] [RF RX] type=2 source=0x02 destination=0xFF previousHop=0x02 sequence=338 ackSequence=0 ttl=8 hops=0 payloadSize=13 rssi=-61 sn
[2026-09-02T18:40:13.227+00:00][A] [WARN] Retry 1
[2026-09-02T18:40:13.294+00:00][A] [INFO] --------------------------------
[2026-09-02T18:40:13.294+00:00][A] [INFO] [HEARTBEAT TX]
[2026-09-02T18:40:13.299+00:00][A] [INFO] Node ID: 1
[2026-09-02T18:40:13.299+00:00][A] [INFO] type: 2
[2026-09-02T18:40:13.300+00:00][A] [INFO] Destination: 0xFF
[2026-09-02T18:40:13.305+00:00][A] [INFO] Sequence: 635
[2026-09-02T18:40:13.305+00:00][A] [INFO] Packet ID: 334
[2026-09-02T18:40:13.310+00:00][A] [INFO] Packet Size: 26
[2026-09-02T18:40:13.310+00:00][A] [INFO] Timestamp: 334 ms
[2026-09-02T18:40:13.316+00:00][A] [INFO] Transmission Result: success
[2026-09-02T18:40:13.316+00:00][A] [INFO] --------------------------------
[2026-09-02T18:40:13.321+00:00][A] [INFO] [Heartbeat #334]
[2026-09-02T18:40:13.321+00:00][A] [INFO] Sent
[2026-09-02T18:40:13.322+00:00][A] [INFO] Waiting ACK...
[2026-09-02T18:40:13.322+00:00][A] [INFO] [WAITING ACK]
[2026-09-02T18:40:13.335+00:00][A] [INFO] [RF TX] type=2 source=0x01 destination=0xFF previousHop=0x01 sequence=635 ackSequence=0 ttl=8 hops=0 payloadSize=13 rssi=0 snr=
[2026-09-02T18:40:13.336+00:00][A] [INFO] Heartbeat packet sent
[2026-09-02T18:40:13.610+00:00][A] [INFO] [RF RX] type=2 source=0x02 destination=0xFF previousHop=0x02 sequence=339 ackSequence=0 ttl=8 hops=0 payloadSize=13 rssi=-61 sn
[2026-09-02T18:40:14.210+00:00][A] [INFO] --------------------------------
[2026-09-02T18:40:14.211+00:00][A] [INFO] [HEARTBEAT TX]
[2026-09-02T18:40:14.215+00:00][A] [INFO] Node ID: 1
[2026-09-02T18:40:14.216+00:00][A] [INFO] type: 2
[2026-09-02T18:40:14.216+00:00][A] [INFO] Destination: 0xFF
[2026-09-02T18:40:14.221+00:00][A] [INFO] Sequence: 636
[2026-09-02T18:40:14.221+00:00][A] [INFO] Packet ID: 335
[2026-09-02T18:40:14.226+00:00][A] [INFO] Packet Size: 26
[2026-09-02T18:40:14.227+00:00][A] [INFO] Timestamp: 335 ms
[2026-09-02T18:40:14.232+00:00][A] [INFO] Transmission Result: success
[2026-09-02T18:40:14.232+00:00][A] [INFO] --------------------------------
[2026-09-02T18:40:14.237+00:00][A] [INFO] [Heartbeat #335]
[2026-09-02T18:40:14.237+00:00][A] [INFO] Sent
[2026-09-02T18:40:14.238+00:00][A] [INFO] Waiting ACK...
[2026-09-02T18:40:14.238+00:00][A] [INFO] [WAITING ACK]
[2026-09-02T18:40:14.251+00:00][A] [INFO] [RF TX] type=2 source=0x01 destination=0xFF previousHop=0x01 sequence=636 ackSequence=0 ttl=8 hops=0 payloadSize=13 rssi=0 snr=
[2026-09-02T18:40:14.252+00:00][A] [INFO] Heartbeat packet sent
[2026-09-02T18:40:14.694+00:00][A] [INFO] [RF RX] type=2 source=0x02 destination=0xFF previousHop=0x02 sequence=339 ackSequence=0 ttl=8 hops=0 payloadSize=13 rssi=-60 sn
[2026-09-02T18:40:15.227+00:00][A] [WARN] Retry 1
[2026-09-02T18:40:15.294+00:00][A] [INFO] --------------------------------
[2026-09-02T18:40:15.294+00:00][A] [INFO] [HEARTBEAT TX]
[2026-09-02T18:40:15.299+00:00][A] [INFO] Node ID: 1
[2026-09-02T18:40:15.300+00:00][A] [INFO] type: 2
[2026-09-02T18:40:15.300+00:00][A] [INFO] Destination: 0xFF
[2026-09-02T18:40:15.305+00:00][A] [INFO] Sequence: 636
[2026-09-02T18:40:15.305+00:00][A] [INFO] Packet ID: 335
[2026-09-02T18:40:15.310+00:00][A] [INFO] Packet Size: 26
[2026-09-02T18:40:15.310+00:00][A] [INFO] Timestamp: 335 ms
[2026-09-02T18:40:15.315+00:00][A] [INFO] Transmission Result: success
[2026-09-02T18:40:15.316+00:00][A] [INFO] --------------------------------
[2026-09-02T18:40:15.321+00:00][A] [INFO] [Heartbeat #335]
[2026-09-02T18:40:15.321+00:00][A] [INFO] Sent
[2026-09-02T18:40:15.322+00:00][A] [INFO] Waiting ACK...
[2026-09-02T18:40:15.322+00:00][A] [INFO] [WAITING ACK]
[2026-09-02T18:40:15.335+00:00][A] [INFO] [RF TX] type=2 source=0x01 destination=0xFF previousHop=0x01 sequence=636 ackSequence=0 ttl=8 hops=0 payloadSize=13 rssi=0 snr=
[2026-09-02T18:40:15.336+00:00][A] [INFO] Heartbeat packet sent
[2026-09-02T18:40:15.610+00:00][A] [INFO] [RF RX] type=2 source=0x02 destination=0xFF previousHop=0x02 sequence=340 ackSequence=0 ttl=8 hops=0 payloadSize=13 rssi=-60 sn
[2026-09-02T18:40:16.210+00:00][A] [INFO] --------------------------------
[2026-09-02T18:40:16.210+00:00][A] [INFO] [HEARTBEAT TX]
[2026-09-02T18:40:16.215+00:00][A] [INFO] Node ID: 1
[2026-09-02T18:40:16.215+00:00][A] [INFO] type: 2
[2026-09-02T18:40:16.216+00:00][A] [INFO] Destination: 0xFF
[2026-09-02T18:40:16.221+00:00][A] [INFO] Sequence: 637
[2026-09-02T18:40:16.221+00:00][A] [INFO] Packet ID: 336
[2026-09-02T18:40:16.226+00:00][A] [INFO] Packet Size: 26
[2026-09-02T18:40:16.226+00:00][A] [INFO] Timestamp: 336 ms
[2026-09-02T18:40:16.232+00:00][A] [INFO] Transmission Result: success
[2026-09-02T18:40:16.232+00:00][A] [INFO] --------------------------------
[2026-09-02T18:40:16.237+00:00][A] [INFO] [Heartbeat #336]
[2026-09-02T18:40:16.237+00:00][A] [INFO] Sent
[2026-09-02T18:40:16.238+00:00][A] [INFO] Waiting ACK...
[2026-09-02T18:40:16.238+00:00][A] [INFO] [WAITING ACK]
[2026-09-02T18:40:16.251+00:00][A] [INFO] [RF TX] type=2 source=0x01 destination=0xFF previousHop=0x01 sequence=637 ackSequence=0 ttl=8 hops=0 payloadSize=13 rssi=0 snr=
[2026-09-02T18:40:16.252+00:00][A] [INFO] Heartbeat packet sent
[2026-09-02T18:40:16.694+00:00][A] [INFO] [RF RX] type=2 source=0x02 destination=0xFF previousHop=0x02 sequence=340 ackSequence=0 ttl=8 hops=0 payloadSize=13 rssi=-60 sn
[2026-09-02T18:40:17.227+00:00][A] [WARN] Retry 1
[2026-09-02T18:40:17.294+00:00][A] [INFO] --------------------------------
[2026-09-02T18:40:17.294+00:00][A] [INFO] [HEARTBEAT TX]
[2026-09-02T18:40:17.299+00:00][A] [INFO] Node ID: 1
[2026-09-02T18:40:17.299+00:00][A] [INFO] type: 2
[2026-09-02T18:40:17.300+00:00][A] [INFO] Destination: 0xFF
[2026-09-02T18:40:17.305+00:00][A] [INFO] Sequence: 637
[2026-09-02T18:40:17.305+00:00][A] [INFO] Packet ID: 336
[2026-09-02T18:40:17.310+00:00][A] [INFO] Packet Size: 26
[2026-09-02T18:40:17.310+00:00][A] [INFO] Timestamp: 336 ms
[2026-09-02T18:40:17.316+00:00][A] [INFO] Transmission Result: success
[2026-09-02T18:40:17.316+00:00][A] [INFO] --------------------------------
[2026-09-02T18:40:17.321+00:00][A] [INFO] [Heartbeat #336]
[2026-09-02T18:40:17.321+00:00][A] [INFO] Sent
[2026-09-02T18:40:17.322+00:00][A] [INFO] Waiting ACK...
[2026-09-02T18:40:17.322+00:00][A] [INFO] [WAITING ACK]
[2026-09-02T18:40:17.335+00:00][A] [INFO] [RF TX] type=2 source=0x01 destination=0xFF previousHop=0x01 sequence=637 ackSequence=0 ttl=8 hops=0 payloadSize=13 rssi=0 snr=
[2026-09-02T18:40:17.336+00:00][A] [INFO] Heartbeat packet sent
[2026-09-02T18:40:17.610+00:00][A] [INFO] [RF RX] type=2 source=0x02 destination=0xFF previousHop=0x02 sequence=341 ackSequence=0 ttl=8 hops=0 payloadSize=13 rssi=-60 sn
[2026-09-02T18:40:18.210+00:00][A] [INFO] --------------------------------
[2026-09-02T18:40:18.210+00:00][A] [INFO] [HEARTBEAT TX]
[2026-09-02T18:40:18.215+00:00][A] [INFO] Node ID: 1
[2026-09-02T18:40:18.215+00:00][A] [INFO] type: 2
[2026-09-02T18:40:18.216+00:00][A] [INFO] Destination: 0xFF
[2026-09-02T18:40:18.221+00:00][A] [INFO] Sequence: 638
[2026-09-02T18:40:18.221+00:00][A] [INFO] Packet ID: 337
[2026-09-02T18:40:18.226+00:00][A] [INFO] Packet Size: 26
[2026-09-02T18:40:18.226+00:00][A] [INFO] Timestamp: 337 ms
[2026-09-02T18:40:18.231+00:00][A] [INFO] Transmission Result: success
[2026-09-02T18:40:18.232+00:00][A] [INFO] --------------------------------
[2026-09-02T18:40:18.237+00:00][A] [INFO] [Heartbeat #337]
[2026-09-02T18:40:18.237+00:00][A] [INFO] Sent
[2026-09-02T18:40:18.238+00:00][A] [INFO] Waiting ACK...
[2026-09-02T18:40:18.238+00:00][A] [INFO] [WAITING ACK]
[2026-09-02T18:40:18.251+00:00][A] [INFO] [RF TX] type=2 source=0x01 destination=0xFF previousHop=0x01 sequence=638 ackSequence=0 ttl=8 hops=0 payloadSize=13 rssi=0 snr=
[2026-09-02T18:40:18.252+00:00][A] [INFO] Heartbeat packet sent
[2026-09-02T18:40:18.694+00:00][A] [INFO] [RF RX] type=2 source=0x02 destination=0xFF previousHop=0x02 sequence=341 ackSequence=0 ttl=8 hops=0 payloadSize=13 rssi=-60 sn
[2026-09-02T18:40:19.227+00:00][A] [WARN] Retry 1
[2026-09-02T18:40:19.294+00:00][A] [INFO] --------------------------------
[2026-09-02T18:40:19.294+00:00][A] [INFO] [HEARTBEAT TX]
[2026-09-02T18:40:19.299+00:00][A] [INFO] Node ID: 1
[2026-09-02T18:40:19.299+00:00][A] [INFO] type: 2
[2026-09-02T18:40:19.300+00:00][A] [INFO] Destination: 0xFF
[2026-09-02T18:40:19.305+00:00][A] [INFO] Sequence: 638
[2026-09-02T18:40:19.305+00:00][A] [INFO] Packet ID: 337
[2026-09-02T18:40:19.310+00:00][A] [INFO] Packet Size: 26
[2026-09-02T18:40:19.310+00:00][A] [INFO] Timestamp: 337 ms
[2026-09-02T18:40:19.315+00:00][A] [INFO] Transmission Result: success
[2026-09-02T18:40:19.316+00:00][A] [INFO] --------------------------------
[2026-09-02T18:40:19.321+00:00][A] [INFO] [Heartbeat #337]
[2026-09-02T18:40:19.321+00:00][A] [INFO] Sent
[2026-09-02T18:40:19.322+00:00][A] [INFO] Waiting ACK...
[2026-09-02T18:40:19.322+00:00][A] [INFO] [WAITING ACK]
[2026-09-02T18:40:19.335+00:00][A] [INFO] [RF TX] type=2 source=0x01 destination=0xFF previousHop=0x01 sequence=638 ackSequence=0 ttl=8 hops=0 payloadSize=13 rssi=0 snr=
[2026-09-02T18:40:19.336+00:00][A] [INFO] Heartbeat packet sent
[2026-09-02T18:40:19.610+00:00][A] [INFO] [RF RX] type=2 source=0x02 destination=0xFF previousHop=0x02 sequence=342 ackSequence=0 ttl=8 hops=0 payloadSize=13 rssi=-61 sn
[2026-09-02T18:40:20.210+00:00][A] [INFO] --------------------------------
[2026-09-02T18:40:20.210+00:00][A] [INFO] [HEARTBEAT TX]
[2026-09-02T18:40:20.215+00:00][A] [INFO] Node ID: 1
[2026-09-02T18:40:20.215+00:00][A] [INFO] type: 2
[2026-09-02T18:40:20.216+00:00][A] [INFO] Destination: 0xFF
[2026-09-02T18:40:20.221+00:00][A] [INFO] Sequence: 639
[2026-09-02T18:40:20.221+00:00][A] [INFO] Packet ID: 338
[2026-09-02T18:40:20.226+00:00][A] [INFO] Packet Size: 26
[2026-09-02T18:40:20.226+00:00][A] [INFO] Timestamp: 338 ms
[2026-09-02T18:40:20.231+00:00][A] [INFO] Transmission Result: success
[2026-09-02T18:40:20.232+00:00][A] [INFO] --------------------------------
[2026-09-02T18:40:20.237+00:00][A] [INFO] [Heartbeat #338]
[2026-09-02T18:40:20.237+00:00][A] [INFO] Sent
[2026-09-02T18:40:20.238+00:00][A] [INFO] Waiting ACK...
[2026-09-02T18:40:20.238+00:00][A] [INFO] [WAITING ACK]
[2026-09-02T18:40:20.251+00:00][A] [INFO] [RF TX] type=2 source=0x01 destination=0xFF previousHop=0x01 sequence=639 ackSequence=0 ttl=8 hops=0 payloadSize=13 rssi=0 snr=
[2026-09-02T18:40:20.252+00:00][A] [INFO] Heartbeat packet sent
[2026-09-02T18:40:20.694+00:00][A] [INFO] [RF RX] type=2 source=0x02 destination=0xFF previousHop=0x02 sequence=342 ackSequence=0 ttl=8 hops=0 payloadSize=13 rssi=-61 sn
[2026-09-02T18:40:21.227+00:00][A] [WARN] Retry 1
[2026-09-02T18:40:21.294+00:00][A] [INFO] --------------------------------
[2026-09-02T18:40:21.294+00:00][A] [INFO] [HEARTBEAT TX]
[2026-09-02T18:40:21.299+00:00][A] [INFO] Node ID: 1
[2026-09-02T18:40:21.300+00:00][A] [INFO] type: 2
[2026-09-02T18:40:21.300+00:00][A] [INFO] Destination: 0xFF
[2026-09-02T18:40:21.305+00:00][A] [INFO] Sequence: 639
[2026-09-02T18:40:21.305+00:00][A] [INFO] Packet ID: 338
[2026-09-02T18:40:21.310+00:00][A] [INFO] Packet Size: 26
[2026-09-02T18:40:21.310+00:00][A] [INFO] Timestamp: 338 ms
[2026-09-02T18:40:21.315+00:00][A] [INFO] Transmission Result: success
[2026-09-02T18:40:21.316+00:00][A] [INFO] --------------------------------
[2026-09-02T18:40:21.321+00:00][A] [INFO] [Heartbeat #338]
[2026-09-02T18:40:21.321+00:00][A] [INFO] Sent
[2026-09-02T18:40:21.322+00:00][A] [INFO] Waiting ACK...
[2026-09-02T18:40:21.322+00:00][A] [INFO] [WAITING ACK]
[2026-09-02T18:40:21.335+00:00][A] [INFO] [RF TX] type=2 source=0x01 destination=0xFF previousHop=0x01 sequence=639 ackSequence=0 ttl=8 hops=0 payloadSize=13 rssi=0 snr=
[2026-09-02T18:40:21.336+00:00][A] [INFO] Heartbeat packet sent
[2026-09-02T18:40:21.610+00:00][A] [INFO] [RF RX] type=2 source=0x02 destination=0xFF previousHop=0x02 sequence=343 ackSequence=0 ttl=8 hops=0 payloadSize=13 rssi=-61 sn
[2026-09-02T18:40:22.210+00:00][A] [INFO] --------------------------------
[2026-09-02T18:40:22.210+00:00][A] [INFO] [HEARTBEAT TX]
[2026-09-02T18:40:22.215+00:00][A] [INFO] Node ID: 1
[2026-09-02T18:40:22.215+00:00][A] [INFO] type: 2
[2026-09-02T18:40:22.216+00:00][A] [INFO] Destination: 0xFF
[2026-09-02T18:40:22.221+00:00][A] [INFO] Sequence: 640
[2026-09-02T18:40:22.221+00:00][A] [INFO] Packet ID: 339
[2026-09-02T18:40:22.226+00:00][A] [INFO] Packet Size: 26
[2026-09-02T18:40:22.226+00:00][A] [INFO] Timestamp: 339 ms
[2026-09-02T18:40:22.231+00:00][A] [INFO] Transmission Result: success
[2026-09-02T18:40:22.232+00:00][A] [INFO] --------------------------------
[2026-09-02T18:40:22.237+00:00][A] [INFO] [Heartbeat #339]
[2026-09-02T18:40:22.237+00:00][A] [INFO] Sent
[2026-09-02T18:40:22.238+00:00][A] [INFO] Waiting ACK...
[2026-09-02T18:40:22.238+00:00][A] [INFO] [WAITING ACK]
[2026-09-02T18:40:22.251+00:00][A] [INFO] [RF TX] type=2 source=0x01 destination=0xFF previousHop=0x01 sequence=640 ackSequence=0 ttl=8 hops=0 payloadSize=13 rssi=0 snr=
[2026-09-02T18:40:22.252+00:00][A] [INFO] Heartbeat packet sent
[2026-09-02T18:40:22.694+00:00][A] [INFO] [RF RX] type=2 source=0x02 destination=0xFF previousHop=0x02 sequence=343 ackSequence=0 ttl=8 hops=0 payloadSize=13 rssi=-61 sn
[2026-09-02T18:40:23.227+00:00][A] [WARN] Retry 1
[2026-09-02T18:40:23.294+00:00][A] [INFO] --------------------------------
[2026-09-02T18:40:23.294+00:00][A] [INFO] [HEARTBEAT TX]
[2026-09-02T18:40:23.299+00:00][A] [INFO] Node ID: 1
[2026-09-02T18:40:23.299+00:00][A] [INFO] type: 2
[2026-09-02T18:40:23.300+00:00][A] [INFO] Destination: 0xFF
[2026-09-02T18:40:23.304+00:00][A] [INFO] Sequence: 640
[2026-09-02T18:40:23.305+00:00][A] [INFO] Packet ID: 339
[2026-09-02T18:40:23.310+00:00][A] [INFO] Packet Size: 26
[2026-09-02T18:40:23.310+00:00][A] [INFO] Timestamp: 339 ms
[2026-09-02T18:40:23.315+00:00][A] [INFO] Transmission Result: success
[2026-09-02T18:40:23.316+00:00][A] [INFO] --------------------------------
[2026-09-02T18:40:23.321+00:00][A] [INFO] [Heartbeat #339]
[2026-09-02T18:40:23.321+00:00][A] [INFO] Sent
[2026-09-02T18:40:23.322+00:00][A] [INFO] Waiting ACK...
[2026-09-02T18:40:23.322+00:00][A] [INFO] [WAITING ACK]
[2026-09-02T18:40:23.335+00:00][A] [INFO] [RF TX] type=2 source=0x01 destination=0xFF previousHop=0x01 sequence=640 ackSequence=0 ttl=8 hops=0 payloadSize=13 rssi=0 snr=
[2026-09-02T18:40:23.336+00:00][A] [INFO] Heartbeat packet sent
[2026-09-02T18:40:23.610+00:00][A] [INFO] [RF RX] type=2 source=0x02 destination=0xFF previousHop=0x02 sequence=344 ackSequence=0 ttl=8 hops=0 payloadSize=13 rssi=-61 sn
[2026-09-02T18:40:24.210+00:00][A] [INFO] --------------------------------
[2026-09-02T18:40:24.210+00:00][A] [INFO] [HEARTBEAT TX]
[2026-09-02T18:40:24.215+00:00][A] [INFO] Node ID: 1
[2026-09-02T18:40:24.215+00:00][A] [INFO] type: 2
[2026-09-02T18:40:24.216+00:00][A] [INFO] Destination: 0xFF
[2026-09-02T18:40:24.220+00:00][A] [INFO] Sequence: 641
[2026-09-02T18:40:24.221+00:00][A] [INFO] Packet ID: 340
[2026-09-02T18:40:24.226+00:00][A] [INFO] Packet Size: 26
[2026-09-02T18:40:24.226+00:00][A] [INFO] Timestamp: 340 ms
[2026-09-02T18:40:24.231+00:00][A] [INFO] Transmission Result: success
[2026-09-02T18:40:24.232+00:00][A] [INFO] --------------------------------
[2026-09-02T18:40:24.237+00:00][A] [INFO] [Heartbeat #340]
[2026-09-02T18:40:24.237+00:00][A] [INFO] Sent
[2026-09-02T18:40:24.238+00:00][A] [INFO] Waiting ACK...
[2026-09-02T18:40:24.238+00:00][A] [INFO] [WAITING ACK]
[2026-09-02T18:40:24.251+00:00][A] [INFO] [RF TX] type=2 source=0x01 destination=0xFF previousHop=0x01 sequence=641 ackSequence=0 ttl=8 hops=0 payloadSize=13 rssi=0 snr=
[2026-09-02T18:40:24.252+00:00][A] [INFO] Heartbeat packet sent
[2026-09-02T18:40:24.694+00:00][A] [INFO] [RF RX] type=2 source=0x02 destination=0xFF previousHop=0x02 sequence=344 ackSequence=0 ttl=8 hops=0 payloadSize=13 rssi=-61 sn
[2026-09-02T18:40:25.227+00:00][A] [WARN] Retry 1
[2026-09-02T18:40:25.294+00:00][A] [INFO] --------------------------------
[2026-09-02T18:40:25.294+00:00][A] [INFO] [HEARTBEAT TX]
[2026-09-02T18:40:25.299+00:00][A] [INFO] Node ID: 1
[2026-09-02T18:40:25.299+00:00][A] [INFO] type: 2
[2026-09-02T18:40:25.300+00:00][A] [INFO] Destination: 0xFF
[2026-09-02T18:40:25.304+00:00][A] [INFO] Sequence: 641
[2026-09-02T18:40:25.305+00:00][A] [INFO] Packet ID: 340
[2026-09-02T18:40:25.310+00:00][A] [INFO] Packet Size: 26
[2026-09-02T18:40:25.310+00:00][A] [INFO] Timestamp: 340 ms
[2026-09-02T18:40:25.315+00:00][A] [INFO] Transmission Result: success
[2026-09-02T18:40:25.316+00:00][A] [INFO] --------------------------------
[2026-09-02T18:40:25.321+00:00][A] [INFO] [Heartbeat #340]
[2026-09-02T18:40:25.321+00:00][A] [INFO] Sent
[2026-09-02T18:40:25.322+00:00][A] [INFO] Waiting ACK...
[2026-09-02T18:40:25.322+00:00][A] [INFO] [WAITING ACK]
[2026-09-02T18:40:25.335+00:00][A] [INFO] [RF TX] type=2 source=0x01 destination=0xFF previousHop=0x01 sequence=641 ackSequence=0 ttl=8 hops=0 payloadSize=13 rssi=0 snr=
[2026-09-02T18:40:25.335+00:00][A] [INFO] Heartbeat packet sent
[2026-09-02T18:40:25.610+00:00][A] [INFO] [RF RX] type=2 source=0x02 destination=0xFF previousHop=0x02 sequence=345 ackSequence=0 ttl=8 hops=0 payloadSize=13 rssi=-61 sn
[2026-09-02T18:40:26.210+00:00][A] [INFO] --------------------------------
[2026-09-02T18:40:26.210+00:00][A] [INFO] [HEARTBEAT TX]
[2026-09-02T18:40:26.215+00:00][A] [INFO] Node ID: 1
[2026-09-02T18:40:26.215+00:00][A] [INFO] type: 2
[2026-09-02T18:40:26.216+00:00][A] [INFO] Destination: 0xFF
[2026-09-02T18:40:26.220+00:00][A] [INFO] Sequence: 642
[2026-09-02T18:40:26.221+00:00][A] [INFO] Packet ID: 341
[2026-09-02T18:40:26.226+00:00][A] [INFO] Packet Size: 26
[2026-09-02T18:40:26.226+00:00][A] [INFO] Timestamp: 341 ms
[2026-09-02T18:40:26.231+00:00][A] [INFO] Transmission Result: success
[2026-09-02T18:40:26.232+00:00][A] [INFO] --------------------------------
[2026-09-02T18:40:26.237+00:00][A] [INFO] [Heartbeat #341]
[2026-09-02T18:40:26.237+00:00][A] [INFO] Sent
[2026-09-02T18:40:26.238+00:00][A] [INFO] Waiting ACK...
[2026-09-02T18:40:26.238+00:00][A] [INFO] [WAITING ACK]
[2026-09-02T18:40:26.251+00:00][A] [INFO] [RF TX] type=2 source=0x01 destination=0xFF previousHop=0x01 sequence=642 ackSequence=0 ttl=8 hops=0 payloadSize=13 rssi=0 snr=
[2026-09-02T18:40:26.252+00:00][A] [INFO] Heartbeat packet sent
[2026-09-02T18:40:26.694+00:00][A] [INFO] [RF RX] type=2 source=0x02 destination=0xFF previousHop=0x02 sequence=345 ackSequence=0 ttl=8 hops=0 payloadSize=13 rssi=-61 sn
[2026-09-02T18:40:27.227+00:00][A] [WARN] Retry 1
[2026-09-02T18:40:27.294+00:00][A] [INFO] --------------------------------
[2026-09-02T18:40:27.294+00:00][A] [INFO] [HEARTBEAT TX]
[2026-09-02T18:40:27.299+00:00][A] [INFO] Node ID: 1
[2026-09-02T18:40:27.299+00:00][A] [INFO] type: 2
[2026-09-02T18:40:27.300+00:00][A] [INFO] Destination: 0xFF
[2026-09-02T18:40:27.304+00:00][A] [INFO] Sequence: 642
[2026-09-02T18:40:27.305+00:00][A] [INFO] Packet ID: 341
[2026-09-02T18:40:27.310+00:00][A] [INFO] Packet Size: 26
[2026-09-02T18:40:27.310+00:00][A] [INFO] Timestamp: 341 ms
[2026-09-02T18:40:27.315+00:00][A] [INFO] Transmission Result: success
[2026-09-02T18:40:27.316+00:00][A] [INFO] --------------------------------
[2026-09-02T18:40:27.321+00:00][A] [INFO] [Heartbeat #341]
[2026-09-02T18:40:27.321+00:00][A] [INFO] Sent
[2026-09-02T18:40:27.322+00:00][A] [INFO] Waiting ACK...
[2026-09-02T18:40:27.322+00:00][A] [INFO] [WAITING ACK]
[2026-09-02T18:40:27.335+00:00][A] [INFO] [RF TX] type=2 source=0x01 destination=0xFF previousHop=0x01 sequence=642 ackSequence=0 ttl=8 hops=0 payloadSize=13 rssi=0 snr=
[2026-09-02T18:40:27.335+00:00][A] [INFO] Heartbeat packet sent
[2026-09-02T18:40:27.610+00:00][A] [INFO] [RF RX] type=2 source=0x02 destination=0xFF previousHop=0x02 sequence=346 ackSequence=0 ttl=8 hops=0 payloadSize=13 rssi=-61 sn
[2026-09-02T18:40:28.210+00:00][A] [INFO] --------------------------------
[2026-09-02T18:40:28.210+00:00][A] [INFO] [HEARTBEAT TX]
[2026-09-02T18:40:28.215+00:00][A] [INFO] Node ID: 1
[2026-09-02T18:40:28.215+00:00][A] [INFO] type: 2
[2026-09-02T18:40:28.216+00:00][A] [INFO] Destination: 0xFF
[2026-09-02T18:40:28.220+00:00][A] [INFO] Sequence: 643
[2026-09-02T18:40:28.221+00:00][A] [INFO] Packet ID: 342
[2026-09-02T18:40:28.226+00:00][A] [INFO] Packet Size: 26
[2026-09-02T18:40:28.226+00:00][A] [INFO] Timestamp: 342 ms
[2026-09-02T18:40:28.231+00:00][A] [INFO] Transmission Result: success
[2026-09-02T18:40:28.232+00:00][A] [INFO] --------------------------------
[2026-09-02T18:40:28.237+00:00][A] [INFO] [Heartbeat #342]
[2026-09-02T18:40:28.237+00:00][A] [INFO] Sent
[2026-09-02T18:40:28.238+00:00][A] [INFO] Waiting ACK...
[2026-09-02T18:40:28.238+00:00][A] [INFO] [WAITING ACK]
[2026-09-02T18:40:28.251+00:00][A] [INFO] [RF TX] type=2 source=0x01 destination=0xFF previousHop=0x01 sequence=643 ackSequence=0 ttl=8 hops=0 payloadSize=13 rssi=0 snr=
[2026-09-02T18:40:28.252+00:00][A] [INFO] Heartbeat packet sent
[2026-09-02T18:40:28.694+00:00][A] [INFO] [RF RX] type=2 source=0x02 destination=0xFF previousHop=0x02 sequence=346 ackSequence=0 ttl=8 hops=0 payloadSize=13 rssi=-61 sn
[2026-09-02T18:40:29.227+00:00][A] [WARN] Retry 1
[2026-09-02T18:40:29.294+00:00][A] [INFO] --------------------------------
[2026-09-02T18:40:29.295+00:00][A] [INFO] [HEARTBEAT TX]
[2026-09-02T18:40:29.299+00:00][A] [INFO] Node ID: 1
[2026-09-02T18:40:29.299+00:00][A] [INFO] type: 2
[2026-09-02T18:40:29.300+00:00][A] [INFO] Destination: 0xFF
[2026-09-02T18:40:29.304+00:00][A] [INFO] Sequence: 643
[2026-09-02T18:40:29.305+00:00][A] [INFO] Packet ID: 342
[2026-09-02T18:40:29.310+00:00][A] [INFO] Packet Size: 26
[2026-09-02T18:40:29.310+00:00][A] [INFO] Timestamp: 342 ms
[2026-09-02T18:40:29.315+00:00][A] [INFO] Transmission Result: success
[2026-09-02T18:40:29.316+00:00][A] [INFO] --------------------------------
[2026-09-02T18:40:29.321+00:00][A] [INFO] [Heartbeat #342]
[2026-09-02T18:40:29.321+00:00][A] [INFO] Sent
[2026-09-02T18:40:29.322+00:00][A] [INFO] Waiting ACK...
[2026-09-02T18:40:29.322+00:00][A] [INFO] [WAITING ACK]
[2026-09-02T18:40:29.335+00:00][A] [INFO] [RF TX] type=2 source=0x01 destination=0xFF previousHop=0x01 sequence=643 ackSequence=0 ttl=8 hops=0 payloadSize=13 rssi=0 snr=
[2026-09-02T18:40:29.336+00:00][A] [INFO] Heartbeat packet sent
[2026-09-02T18:40:29.610+00:00][A] [INFO] [RF RX] type=2 source=0x02 destination=0xFF previousHop=0x02 sequence=347 ackSequence=0 ttl=8 hops=0 payloadSize=13 rssi=-61 sn
[2026-09-02T18:40:30.210+00:00][A] [INFO] --------------------------------
[2026-09-02T18:40:30.210+00:00][A] [INFO] [HEARTBEAT TX]
[2026-09-02T18:40:30.215+00:00][A] [INFO] Node ID: 1
[2026-09-02T18:40:30.215+00:00][A] [INFO] type: 2
[2026-09-02T18:40:30.216+00:00][A] [INFO] Destination: 0xFF
[2026-09-02T18:40:30.220+00:00][A] [INFO] Sequence: 644
[2026-09-02T18:40:30.221+00:00][A] [INFO] Packet ID: 343
[2026-09-02T18:40:30.226+00:00][A] [INFO] Packet Size: 26
[2026-09-02T18:40:30.226+00:00][A] [INFO] Timestamp: 343 ms
[2026-09-02T18:40:30.231+00:00][A] [INFO] Transmission Result: success
[2026-09-02T18:40:30.232+00:00][A] [INFO] --------------------------------
[2026-09-02T18:40:30.237+00:00][A] [INFO] [Heartbeat #343]
[2026-09-02T18:40:30.237+00:00][A] [INFO] Sent
[2026-09-02T18:40:30.237+00:00][A] [INFO] Waiting ACK...
[2026-09-02T18:40:30.238+00:00][A] [INFO] [WAITING ACK]
[2026-09-02T18:40:30.251+00:00][A] [INFO] [RF TX] type=2 source=0x01 destination=0xFF previousHop=0x01 sequence=644 ackSequence=0 ttl=8 hops=0 payloadSize=13 rssi=0 snr=
[2026-09-02T18:40:30.252+00:00][A] [INFO] Heartbeat packet sent
[2026-09-02T18:40:30.694+00:00][A] [INFO] [RF RX] type=2 source=0x02 destination=0xFF previousHop=0x02 sequence=347 ackSequence=0 ttl=8 hops=0 payloadSize=13 rssi=-61 sn
[2026-09-02T18:40:31.227+00:00][A] [WARN] Retry 1
[2026-09-02T18:40:31.294+00:00][A] [INFO] --------------------------------
[2026-09-02T18:40:31.294+00:00][A] [INFO] [HEARTBEAT TX]
[2026-09-02T18:40:31.299+00:00][A] [INFO] Node ID: 1
[2026-09-02T18:40:31.299+00:00][A] [INFO] type: 2
[2026-09-02T18:40:31.299+00:00][A] [INFO] Destination: 0xFF
[2026-09-02T18:40:31.304+00:00][A] [INFO] Sequence: 644
[2026-09-02T18:40:31.305+00:00][A] [INFO] Packet ID: 343
[2026-09-02T18:40:31.310+00:00][A] [INFO] Packet Size: 26
[2026-09-02T18:40:31.310+00:00][A] [INFO] Timestamp: 343 ms
[2026-09-02T18:40:31.315+00:00][A] [INFO] Transmission Result: success
[2026-09-02T18:40:31.316+00:00][A] [INFO] --------------------------------
[2026-09-02T18:40:31.321+00:00][A] [INFO] [Heartbeat #343]
[2026-09-02T18:40:31.321+00:00][A] [INFO] Sent
[2026-09-02T18:40:31.322+00:00][A] [INFO] Waiting ACK...
[2026-09-02T18:40:31.322+00:00][A] [INFO] [WAITING ACK]
[2026-09-02T18:40:31.335+00:00][A] [INFO] [RF TX] type=2 source=0x01 destination=0xFF previousHop=0x01 sequence=644 ackSequence=0 ttl=8 hops=0 payloadSize=13 rssi=0 snr=
[2026-09-02T18:40:31.336+00:00][A] [INFO] Heartbeat packet sent
[2026-09-02T18:40:31.610+00:00][A] [INFO] [RF RX] type=2 source=0x02 destination=0xFF previousHop=0x02 sequence=348 ackSequence=0 ttl=8 hops=0 payloadSize=13 rssi=-60 sn
[2026-09-02T18:40:32.210+00:00][A] [INFO] --------------------------------
[2026-09-02T18:40:32.210+00:00][A] [INFO] [HEARTBEAT TX]
[2026-09-02T18:40:32.215+00:00][A] [INFO] Node ID: 1
[2026-09-02T18:40:32.215+00:00][A] [INFO] type: 2
[2026-09-02T18:40:32.215+00:00][A] [INFO] Destination: 0xFF
[2026-09-02T18:40:32.220+00:00][A] [INFO] Sequence: 645
[2026-09-02T18:40:32.221+00:00][A] [INFO] Packet ID: 344
[2026-09-02T18:40:32.226+00:00][A] [INFO] Packet Size: 26
[2026-09-02T18:40:32.226+00:00][A] [INFO] Timestamp: 344 ms
[2026-09-02T18:40:32.231+00:00][A] [INFO] Transmission Result: success
[2026-09-02T18:40:32.232+00:00][A] [INFO] --------------------------------
[2026-09-02T18:40:32.237+00:00][A] [INFO] [Heartbeat #344]
[2026-09-02T18:40:32.237+00:00][A] [INFO] Sent
[2026-09-02T18:40:32.237+00:00][A] [INFO] Waiting ACK...
[2026-09-02T18:40:32.238+00:00][A] [INFO] [WAITING ACK]
[2026-09-02T18:40:32.251+00:00][A] [INFO] [RF TX] type=2 source=0x01 destination=0xFF previousHop=0x01 sequence=645 ackSequence=0 ttl=8 hops=0 payloadSize=13 rssi=0 snr=
[2026-09-02T18:40:32.252+00:00][A] [INFO] Heartbeat packet sent
[2026-09-02T18:40:32.694+00:00][A] [INFO] [RF RX] type=2 source=0x02 destination=0xFF previousHop=0x02 sequence=348 ackSequence=0 ttl=8 hops=0 payloadSize=13 rssi=-61 sn
[2026-09-02T18:40:33.227+00:00][A] [WARN] Retry 1
[2026-09-02T18:40:33.294+00:00][A] [INFO] --------------------------------
[2026-09-02T18:40:33.294+00:00][A] [INFO] [HEARTBEAT TX]
[2026-09-02T18:40:33.299+00:00][A] [INFO] Node ID: 1
[2026-09-02T18:40:33.299+00:00][A] [INFO] type: 2
[2026-09-02T18:40:33.299+00:00][A] [INFO] Destination: 0xFF
[2026-09-02T18:40:33.304+00:00][A] [INFO] Sequence: 645
[2026-09-02T18:40:33.305+00:00][A] [INFO] Packet ID: 344
[2026-09-02T18:40:33.310+00:00][A] [INFO] Packet Size: 26
[2026-09-02T18:40:33.310+00:00][A] [INFO] Timestamp: 344 ms
[2026-09-02T18:40:33.315+00:00][A] [INFO] Transmission Result: success
[2026-09-02T18:40:33.316+00:00][A] [INFO] --------------------------------
[2026-09-02T18:40:33.321+00:00][A] [INFO] [Heartbeat #344]
[2026-09-02T18:40:33.321+00:00][A] [INFO] Sent
[2026-09-02T18:40:33.321+00:00][A] [INFO] Waiting ACK...
[2026-09-02T18:40:33.322+00:00][A] [INFO] [WAITING ACK]
[2026-09-02T18:40:33.335+00:00][A] [INFO] [RF TX] type=2 source=0x01 destination=0xFF previousHop=0x01 sequence=645 ackSequence=0 ttl=8 hops=0 payloadSize=13 rssi=0 snr=
[2026-09-02T18:40:33.335+00:00][A] [INFO] Heartbeat packet sent
[2026-09-02T18:40:33.610+00:00][A] [INFO] [RF RX] type=2 source=0x02 destination=0xFF previousHop=0x02 sequence=349 ackSequence=0 ttl=8 hops=0 payloadSize=13 rssi=-60 sn
[2026-09-02T18:40:34.210+00:00][A] [INFO] --------------------------------
[2026-09-02T18:40:34.210+00:00][A] [INFO] [HEARTBEAT TX]
[2026-09-02T18:40:34.215+00:00][A] [INFO] Node ID: 1
[2026-09-02T18:40:34.215+00:00][A] [INFO] type: 2
[2026-09-02T18:40:34.216+00:00][A] [INFO] Destination: 0xFF
[2026-09-02T18:40:34.220+00:00][A] [INFO] Sequence: 646
[2026-09-02T18:40:34.221+00:00][A] [INFO] Packet ID: 345
[2026-09-02T18:40:34.226+00:00][A] [INFO] Packet Size: 26
[2026-09-02T18:40:34.226+00:00][A] [INFO] Timestamp: 345 ms
[2026-09-02T18:40:34.231+00:00][A] [INFO] Transmission Result: success
[2026-09-02T18:40:34.232+00:00][A] [INFO] --------------------------------
[2026-09-02T18:40:34.237+00:00][A] [INFO] [Heartbeat #345]
[2026-09-02T18:40:34.237+00:00][A] [INFO] Sent
[2026-09-02T18:40:34.237+00:00][A] [INFO] Waiting ACK...
[2026-09-02T18:40:34.238+00:00][A] [INFO] [WAITING ACK]
[2026-09-02T18:40:34.251+00:00][A] [INFO] [RF TX] type=2 source=0x01 destination=0xFF previousHop=0x01 sequence=646 ackSequence=0 ttl=8 hops=0 payloadSize=13 rssi=0 snr=
[2026-09-02T18:40:34.252+00:00][A] [INFO] Heartbeat packet sent
[2026-09-02T18:40:34.694+00:00][A] [INFO] [RF RX] type=2 source=0x02 destination=0xFF previousHop=0x02 sequence=349 ackSequence=0 ttl=8 hops=0 payloadSize=13 rssi=-60 sn
[2026-09-02T18:40:35.227+00:00][A] [WARN] Retry 1
[2026-09-02T18:40:35.294+00:00][A] [INFO] --------------------------------
[2026-09-02T18:40:35.294+00:00][A] [INFO] [HEARTBEAT TX]
[2026-09-02T18:40:35.299+00:00][A] [INFO] Node ID: 1
[2026-09-02T18:40:35.299+00:00][A] [INFO] type: 2
[2026-09-02T18:40:35.299+00:00][A] [INFO] Destination: 0xFF
[2026-09-02T18:40:35.304+00:00][A] [INFO] Sequence: 646
[2026-09-02T18:40:35.304+00:00][A] [INFO] Packet ID: 345
[2026-09-02T18:40:35.310+00:00][A] [INFO] Packet Size: 26
[2026-09-02T18:40:35.310+00:00][A] [INFO] Timestamp: 345 ms
[2026-09-02T18:40:35.315+00:00][A] [INFO] Transmission Result: success
[2026-09-02T18:40:35.316+00:00][A] [INFO] --------------------------------
[2026-09-02T18:40:35.321+00:00][A] [INFO] [Heartbeat #345]
[2026-09-02T18:40:35.321+00:00][A] [INFO] Sent
[2026-09-02T18:40:35.321+00:00][A] [INFO] Waiting ACK...
[2026-09-02T18:40:35.322+00:00][A] [INFO] [WAITING ACK]
[2026-09-02T18:40:35.335+00:00][A] [INFO] [RF TX] type=2 source=0x01 destination=0xFF previousHop=0x01 sequence=646 ackSequence=0 ttl=8 hops=0 payloadSize=13 rssi=0 snr=
[2026-09-02T18:40:35.335+00:00][A] [INFO] Heartbeat packet sent
[2026-09-02T18:40:35.610+00:00][A] [INFO] [RF RX] type=2 source=0x02 destination=0xFF previousHop=0x02 sequence=350 ackSequence=0 ttl=8 hops=0 payloadSize=13 rssi=-61 sn
[2026-09-02T18:40:36.210+00:00][A] [INFO] --------------------------------
[2026-09-02T18:40:36.210+00:00][A] [INFO] [HEARTBEAT TX]
[2026-09-02T18:40:36.215+00:00][A] [INFO] Node ID: 1
[2026-09-02T18:40:36.215+00:00][A] [INFO] type: 2
[2026-09-02T18:40:36.215+00:00][A] [INFO] Destination: 0xFF
[2026-09-02T18:40:36.220+00:00][A] [INFO] Sequence: 647
[2026-09-02T18:40:36.221+00:00][A] [INFO] Packet ID: 346
[2026-09-02T18:40:36.226+00:00][A] [INFO] Packet Size: 26
[2026-09-02T18:40:36.226+00:00][A] [INFO] Timestamp: 346 ms
[2026-09-02T18:40:36.231+00:00][A] [INFO] Transmission Result: success
[2026-09-02T18:40:36.232+00:00][A] [INFO] --------------------------------
[2026-09-02T18:40:36.237+00:00][A] [INFO] [Heartbeat #346]
[2026-09-02T18:40:36.237+00:00][A] [INFO] Sent
[2026-09-02T18:40:36.237+00:00][A] [INFO] Waiting ACK...
[2026-09-02T18:40:36.238+00:00][A] [INFO] [WAITING ACK]
[2026-09-02T18:40:36.251+00:00][A] [INFO] [RF TX] type=2 source=0x01 destination=0xFF previousHop=0x01 sequence=647 ackSequence=0 ttl=8 hops=0 payloadSize=13 rssi=0 snr=
[2026-09-02T18:40:36.252+00:00][A] [INFO] Heartbeat packet sent
[2026-09-02T18:40:36.694+00:00][A] [INFO] [RF RX] type=2 source=0x02 destination=0xFF previousHop=0x02 sequence=350 ackSequence=0 ttl=8 hops=0 payloadSize=13 rssi=-60 sn
[2026-09-02T18:40:37.226+00:00][A] [WARN] Retry 1
[2026-09-02T18:40:37.294+00:00][A] [INFO] --------------------------------
[2026-09-02T18:40:37.294+00:00][A] [INFO] [HEARTBEAT TX]
[2026-09-02T18:40:37.299+00:00][A] [INFO] Node ID: 1
[2026-09-02T18:40:37.299+00:00][A] [INFO] type: 2
[2026-09-02T18:40:37.299+00:00][A] [INFO] Destination: 0xFF
[2026-09-02T18:40:37.304+00:00][A] [INFO] Sequence: 647
[2026-09-02T18:40:37.305+00:00][A] [INFO] Packet ID: 346
[2026-09-02T18:40:37.310+00:00][A] [INFO] Packet Size: 26
[2026-09-02T18:40:37.310+00:00][A] [INFO] Timestamp: 346 ms
[2026-09-02T18:40:37.315+00:00][A] [INFO] Transmission Result: success
[2026-09-02T18:40:37.316+00:00][A] [INFO] --------------------------------
[2026-09-02T18:40:37.321+00:00][A] [INFO] [Heartbeat #346]
[2026-09-02T18:40:37.321+00:00][A] [INFO] Sent
[2026-09-02T18:40:37.321+00:00][A] [INFO] Waiting ACK...
[2026-09-02T18:40:37.322+00:00][A] [INFO] [WAITING ACK]
[2026-09-02T18:40:37.335+00:00][A] [INFO] [RF TX] type=2 source=0x01 destination=0xFF previousHop=0x01 sequence=647 ackSequence=0 ttl=8 hops=0 payloadSize=13 rssi=0 snr=
[2026-09-02T18:40:37.335+00:00][A] [INFO] Heartbeat packet sent
[2026-09-02T18:40:37.610+00:00][A] [INFO] [RF RX] type=2 source=0x02 destination=0xFF previousHop=0x02 sequence=351 ackSequence=0 ttl=8 hops=0 payloadSize=13 rssi=-60 sn
[2026-09-02T18:40:38.209+00:00][A] [INFO] --------------------------------
[2026-09-02T18:40:38.210+00:00][A] [INFO] [HEARTBEAT TX]
[2026-09-02T18:40:38.215+00:00][A] [INFO] Node ID: 1
[2026-09-02T18:40:38.215+00:00][A] [INFO] type: 2
[2026-09-02T18:40:38.215+00:00][A] [INFO] Destination: 0xFF
[2026-09-02T18:40:38.220+00:00][A] [INFO] Sequence: 648
[2026-09-02T18:40:38.221+00:00][A] [INFO] Packet ID: 347
[2026-09-02T18:40:38.225+00:00][A] [INFO] Packet Size: 26
[2026-09-02T18:40:38.226+00:00][A] [INFO] Timestamp: 347 ms
[2026-09-02T18:40:38.231+00:00][A] [INFO] Transmission Result: success
[2026-09-02T18:40:38.232+00:00][A] [INFO] --------------------------------
[2026-09-02T18:40:38.237+00:00][A] [INFO] [Heartbeat #347]
[2026-09-02T18:40:38.237+00:00][A] [INFO] Sent
[2026-09-02T18:40:38.237+00:00][A] [INFO] Waiting ACK...
[2026-09-02T18:40:38.237+00:00][A] [INFO] [WAITING ACK]
[2026-09-02T18:40:38.251+00:00][A] [INFO] [RF TX] type=2 source=0x01 destination=0xFF previousHop=0x01 sequence=648 ackSequence=0 ttl=8 hops=0 payloadSize=13 rssi=0 snr=
[2026-09-02T18:40:38.251+00:00][A] [INFO] Heartbeat packet sent
[2026-09-02T18:40:38.694+00:00][A] [INFO] [RF RX] type=2 source=0x02 destination=0xFF previousHop=0x02 sequence=351 ackSequence=0 ttl=8 hops=0 payloadSize=13 rssi=-60 sn
[2026-09-02T18:40:39.226+00:00][A] [WARN] Retry 1
[2026-09-02T18:40:39.293+00:00][A] [INFO] --------------------------------
[2026-09-02T18:40:39.294+00:00][A] [INFO] [HEARTBEAT TX]
[2026-09-02T18:40:39.299+00:00][A] [INFO] Node ID: 1
[2026-09-02T18:40:39.299+00:00][A] [INFO] type: 2
[2026-09-02T18:40:39.299+00:00][A] [INFO] Destination: 0xFF
[2026-09-02T18:40:39.304+00:00][A] [INFO] Sequence: 648
[2026-09-02T18:40:39.305+00:00][A] [INFO] Packet ID: 347
[2026-09-02T18:40:39.310+00:00][A] [INFO] Packet Size: 26
[2026-09-02T18:40:39.310+00:00][A] [INFO] Timestamp: 347 ms
[2026-09-02T18:40:39.315+00:00][A] [INFO] Transmission Result: success
[2026-09-02T18:40:39.316+00:00][A] [INFO] --------------------------------
[2026-09-02T18:40:39.321+00:00][A] [INFO] [Heartbeat #347]
[2026-09-02T18:40:39.321+00:00][A] [INFO] Sent
[2026-09-02T18:40:39.321+00:00][A] [INFO] Waiting ACK...
[2026-09-02T18:40:39.322+00:00][A] [INFO] [WAITING ACK]
[2026-09-02T18:40:39.335+00:00][A] [INFO] [RF TX] type=2 source=0x01 destination=0xFF previousHop=0x01 sequence=648 ackSequence=0 ttl=8 hops=0 payloadSize=13 rssi=0 snr=
[2026-09-02T18:40:39.335+00:00][A] [INFO] Heartbeat packet sent
[2026-09-02T18:40:39.610+00:00][A] [INFO] [RF RX] type=2 source=0x02 destination=0xFF previousHop=0x02 sequence=352 ackSequence=0 ttl=8 hops=0 payloadSize=13 rssi=-60 sn
[2026-09-02T18:40:40.209+00:00][A] [INFO] --------------------------------
[2026-09-02T18:40:40.210+00:00][A] [INFO] [HEARTBEAT TX]
[2026-09-02T18:40:40.214+00:00][A] [INFO] Node ID: 1
[2026-09-02T18:40:40.215+00:00][A] [INFO] type: 2
[2026-09-02T18:40:40.215+00:00][A] [INFO] Destination: 0xFF
[2026-09-02T18:40:40.220+00:00][A] [INFO] Sequence: 649
[2026-09-02T18:40:40.220+00:00][A] [INFO] Packet ID: 348
[2026-09-02T18:40:40.225+00:00][A] [INFO] Packet Size: 26
[2026-09-02T18:40:40.226+00:00][A] [INFO] Timestamp: 348 ms
[2026-09-02T18:40:40.231+00:00][A] [INFO] Transmission Result: success
[2026-09-02T18:40:40.231+00:00][A] [INFO] --------------------------------
[2026-09-02T18:40:40.237+00:00][A] [INFO] [Heartbeat #348]
[2026-09-02T18:40:40.237+00:00][A] [INFO] Sent
[2026-09-02T18:40:40.237+00:00][A] [INFO] Waiting ACK...
[2026-09-02T18:40:40.237+00:00][A] [INFO] [WAITING ACK]
[2026-09-02T18:40:40.251+00:00][A] [INFO] [RF TX] type=2 source=0x01 destination=0xFF previousHop=0x01 sequence=649 ackSequence=0 ttl=8 hops=0 payloadSize=13 rssi=0 snr=
[2026-09-02T18:40:40.251+00:00][A] [INFO] Heartbeat packet sent
[2026-09-02T18:40:40.694+00:00][A] [INFO] [RF RX] type=2 source=0x02 destination=0xFF previousHop=0x02 sequence=352 ackSequence=0 ttl=8 hops=0 payloadSize=13 rssi=-60 sn
[2026-09-02T18:40:41.226+00:00][A] [WARN] Retry 1
[2026-09-02T18:40:41.293+00:00][A] [INFO] --------------------------------
[2026-09-02T18:40:41.294+00:00][A] [INFO] [HEARTBEAT TX]
[2026-09-02T18:40:41.299+00:00][A] [INFO] Node ID: 1
[2026-09-02T18:40:41.299+00:00][A] [INFO] type: 2
[2026-09-02T18:40:41.299+00:00][A] [INFO] Destination: 0xFF
[2026-09-02T18:40:41.304+00:00][A] [INFO] Sequence: 649
[2026-09-02T18:40:41.305+00:00][A] [INFO] Packet ID: 348
[2026-09-02T18:40:41.310+00:00][A] [INFO] Packet Size: 26
[2026-09-02T18:40:41.310+00:00][A] [INFO] Timestamp: 348 ms
[2026-09-02T18:40:41.315+00:00][A] [INFO] Transmission Result: success
[2026-09-02T18:40:41.316+00:00][A] [INFO] --------------------------------
[2026-09-02T18:40:41.321+00:00][A] [INFO] [Heartbeat #348]
[2026-09-02T18:40:41.321+00:00][A] [INFO] Sent
[2026-09-02T18:40:41.321+00:00][A] [INFO] Waiting ACK...
[2026-09-02T18:40:41.322+00:00][A] [INFO] [WAITING ACK]
[2026-09-02T18:40:41.335+00:00][A] [INFO] [RF TX] type=2 source=0x01 destination=0xFF previousHop=0x01 sequence=649 ackSequence=0 ttl=8 hops=0 payloadSize=13 rssi=0 snr=
[2026-09-02T18:40:41.335+00:00][A] [INFO] Heartbeat packet sent
[2026-09-02T18:40:41.610+00:00][A] [INFO] [RF RX] type=2 source=0x02 destination=0xFF previousHop=0x02 sequence=353 ackSequence=0 ttl=8 hops=0 payloadSize=13 rssi=-60 sn
[2026-09-02T18:40:42.209+00:00][A] [INFO] --------------------------------
[2026-09-02T18:40:42.210+00:00][A] [INFO] [HEARTBEAT TX]
[2026-09-02T18:40:42.215+00:00][A] [INFO] Node ID: 1
[2026-09-02T18:40:42.215+00:00][A] [INFO] type: 2
[2026-09-02T18:40:42.215+00:00][A] [INFO] Destination: 0xFF
[2026-09-02T18:40:42.220+00:00][A] [INFO] Sequence: 650
[2026-09-02T18:40:42.220+00:00][A] [INFO] Packet ID: 349
[2026-09-02T18:40:42.225+00:00][A] [INFO] Packet Size: 26
[2026-09-02T18:40:42.226+00:00][A] [INFO] Timestamp: 349 ms
[2026-09-02T18:40:42.231+00:00][A] [INFO] Transmission Result: success
[2026-09-02T18:40:42.232+00:00][A] [INFO] --------------------------------
[2026-09-02T18:40:42.237+00:00][A] [INFO] [Heartbeat #349]
[2026-09-02T18:40:42.237+00:00][A] [INFO] Sent
[2026-09-02T18:40:42.237+00:00][A] [INFO] Waiting ACK...
[2026-09-02T18:40:42.238+00:00][A] [INFO] [WAITING ACK]
[2026-09-02T18:40:42.251+00:00][A] [INFO] [RF TX] type=2 source=0x01 destination=0xFF previousHop=0x01 sequence=650 ackSequence=0 ttl=8 hops=0 payloadSize=13 rssi=0 snr=
[2026-09-02T18:40:42.251+00:00][A] [INFO] Heartbeat packet sent
[2026-09-02T18:40:42.694+00:00][A] [INFO] [RF RX] type=2 source=0x02 destination=0xFF previousHop=0x02 sequence=353 ackSequence=0 ttl=8 hops=0 payloadSize=13 rssi=-60 sn
[2026-09-02T18:40:43.226+00:00][A] [WARN] Retry 1
[2026-09-02T18:40:43.293+00:00][A] [INFO] --------------------------------
[2026-09-02T18:40:43.294+00:00][A] [INFO] [HEARTBEAT TX]
[2026-09-02T18:40:43.299+00:00][A] [INFO] Node ID: 1
[2026-09-02T18:40:43.299+00:00][A] [INFO] type: 2
[2026-09-02T18:40:43.299+00:00][A] [INFO] Destination: 0xFF
[2026-09-02T18:40:43.304+00:00][A] [INFO] Sequence: 650
[2026-09-02T18:40:43.305+00:00][A] [INFO] Packet ID: 349
[2026-09-02T18:40:43.309+00:00][A] [INFO] Packet Size: 26
[2026-09-02T18:40:43.310+00:00][A] [INFO] Timestamp: 349 ms
[2026-09-02T18:40:43.315+00:00][A] [INFO] Transmission Result: success
[2026-09-02T18:40:43.316+00:00][A] [INFO] --------------------------------
[2026-09-02T18:40:43.321+00:00][A] [INFO] [Heartbeat #349]
[2026-09-02T18:40:43.321+00:00][A] [INFO] Sent
[2026-09-02T18:40:43.321+00:00][A] [INFO] Waiting ACK...
[2026-09-02T18:40:43.322+00:00][A] [INFO] [WAITING ACK]
[2026-09-02T18:40:43.335+00:00][A] [INFO] [RF TX] type=2 source=0x01 destination=0xFF previousHop=0x01 sequence=650 ackSequence=0 ttl=8 hops=0 payloadSize=13 rssi=0 snr=
[2026-09-02T18:40:43.335+00:00][A] [INFO] Heartbeat packet sent
[2026-09-02T18:40:43.609+00:00][A] [INFO] [RF RX] type=2 source=0x02 destination=0xFF previousHop=0x02 sequence=354 ackSequence=0 ttl=8 hops=0 payloadSize=13 rssi=-61 sn
[2026-09-02T18:40:44.210+00:00][A] [INFO] --------------------------------
[2026-09-02T18:40:44.210+00:00][A] [INFO] [HEARTBEAT TX]
[2026-09-02T18:40:44.215+00:00][A] [INFO] Node ID: 1
[2026-09-02T18:40:44.215+00:00][A] [INFO] type: 2
[2026-09-02T18:40:44.215+00:00][A] [INFO] Destination: 0xFF
[2026-09-02T18:40:44.220+00:00][A] [INFO] Sequence: 651
[2026-09-02T18:40:44.220+00:00][A] [INFO] Packet ID: 350
[2026-09-02T18:40:44.225+00:00][A] [INFO] Packet Size: 26
[2026-09-02T18:40:44.226+00:00][A] [INFO] Timestamp: 350 ms
[2026-09-02T18:40:44.231+00:00][A] [INFO] Transmission Result: success
[2026-09-02T18:40:44.231+00:00][A] [INFO] --------------------------------
[2026-09-02T18:40:44.237+00:00][A] [INFO] [Heartbeat #350]
[2026-09-02T18:40:44.237+00:00][A] [INFO] Sent
[2026-09-02T18:40:44.237+00:00][A] [INFO] Waiting ACK...
[2026-09-02T18:40:44.238+00:00][A] [INFO] [WAITING ACK]
[2026-09-02T18:40:44.251+00:00][A] [INFO] [RF TX] type=2 source=0x01 destination=0xFF previousHop=0x01 sequence=651 ackSequence=0 ttl=8 hops=0 payloadSize=13 rssi=0 snr=
[2026-09-02T18:40:44.251+00:00][A] [INFO] Heartbeat packet sent
[2026-09-02T18:40:44.694+00:00][A] [INFO] [RF RX] type=2 source=0x02 destination=0xFF previousHop=0x02 sequence=354 ackSequence=0 ttl=8 hops=0 payloadSize=13 rssi=-61 sn
[2026-09-02T18:40:45.226+00:00][A] [WARN] Retry 1
[2026-09-02T18:40:45.293+00:00][A] [INFO] --------------------------------
[2026-09-02T18:40:45.294+00:00][A] [INFO] [HEARTBEAT TX]
[2026-09-02T18:40:45.298+00:00][A] [INFO] Node ID: 1
[2026-09-02T18:40:45.299+00:00][A] [INFO] type: 2
[2026-09-02T18:40:45.299+00:00][A] [INFO] Destination: 0xFF
[2026-09-02T18:40:45.304+00:00][A] [INFO] Sequence: 651
[2026-09-02T18:40:45.305+00:00][A] [INFO] Packet ID: 350
[2026-09-02T18:40:45.309+00:00][A] [INFO] Packet Size: 26
[2026-09-02T18:40:45.310+00:00][A] [INFO] Timestamp: 350 ms
[2026-09-02T18:40:45.315+00:00][A] [INFO] Transmission Result: success
[2026-09-02T18:40:45.316+00:00][A] [INFO] --------------------------------
[2026-09-02T18:40:45.321+00:00][A] [INFO] [Heartbeat #350]
[2026-09-02T18:40:45.321+00:00][A] [INFO] Sent
[2026-09-02T18:40:45.321+00:00][A] [INFO] Waiting ACK...
[2026-09-02T18:40:45.322+00:00][A] [INFO] [WAITING ACK]
[2026-09-02T18:40:45.335+00:00][A] [INFO] [RF TX] type=2 source=0x01 destination=0xFF previousHop=0x01 sequence=651 ackSequence=0 ttl=8 hops=0 payloadSize=13 rssi=0 snr=
[2026-09-02T18:40:45.335+00:00][A] [INFO] Heartbeat packet sent
[2026-09-02T18:40:45.610+00:00][A] [INFO] [RF RX] type=2 source=0x02 destination=0xFF previousHop=0x02 sequence=355 ackSequence=0 ttl=8 hops=0 payloadSize=13 rssi=-61 sn
[2026-09-02T18:40:46.209+00:00][A] [INFO] --------------------------------
[2026-09-02T18:40:46.210+00:00][A] [INFO] [HEARTBEAT TX]
[2026-09-02T18:40:46.215+00:00][A] [INFO] Node ID: 1
[2026-09-02T18:40:46.215+00:00][A] [INFO] type: 2
[2026-09-02T18:40:46.215+00:00][A] [INFO] Destination: 0xFF
[2026-09-02T18:40:46.220+00:00][A] [INFO] Sequence: 652
[2026-09-02T18:40:46.220+00:00][A] [INFO] Packet ID: 351
[2026-09-02T18:40:46.225+00:00][A] [INFO] Packet Size: 26
[2026-09-02T18:40:46.226+00:00][A] [INFO] Timestamp: 351 ms
[2026-09-02T18:40:46.231+00:00][A] [INFO] Transmission Result: success
[2026-09-02T18:40:46.232+00:00][A] [INFO] --------------------------------
[2026-09-02T18:40:46.236+00:00][A] [INFO] [Heartbeat #351]
[2026-09-02T18:40:46.237+00:00][A] [INFO] Sent
[2026-09-02T18:40:46.237+00:00][A] [INFO] Waiting ACK...
[2026-09-02T18:40:46.237+00:00][A] [INFO] [WAITING ACK]
[2026-09-02T18:40:46.251+00:00][A] [INFO] [RF TX] type=2 source=0x01 destination=0xFF previousHop=0x01 sequence=652 ackSequence=0 ttl=8 hops=0 payloadSize=13 rssi=0 snr=
[2026-09-02T18:40:46.251+00:00][A] [INFO] Heartbeat packet sent
[2026-09-02T18:40:46.694+00:00][A] [INFO] [RF RX] type=2 source=0x02 destination=0xFF previousHop=0x02 sequence=355 ackSequence=0 ttl=8 hops=0 payloadSize=13 rssi=-61 sn
[2026-09-02T18:40:47.226+00:00][A] [WARN] Retry 1
[2026-09-02T18:40:47.293+00:00][A] [INFO] --------------------------------
[2026-09-02T18:40:47.294+00:00][A] [INFO] [HEARTBEAT TX]
[2026-09-02T18:40:47.298+00:00][A] [INFO] Node ID: 1
[2026-09-02T18:40:47.299+00:00][A] [INFO] type: 2
[2026-09-02T18:40:47.299+00:00][A] [INFO] Destination: 0xFF
[2026-09-02T18:40:47.304+00:00][A] [INFO] Sequence: 652
[2026-09-02T18:40:47.304+00:00][A] [INFO] Packet ID: 351
[2026-09-02T18:40:47.309+00:00][A] [INFO] Packet Size: 26
[2026-09-02T18:40:47.310+00:00][A] [INFO] Timestamp: 351 ms
[2026-09-02T18:40:47.315+00:00][A] [INFO] Transmission Result: success
[2026-09-02T18:40:47.315+00:00][A] [INFO] --------------------------------
[2026-09-02T18:40:47.320+00:00][A] [INFO] [Heartbeat #351]
[2026-09-02T18:40:47.321+00:00][A] [INFO] Sent
[2026-09-02T18:40:47.321+00:00][A] [INFO] Waiting ACK...
[2026-09-02T18:40:47.321+00:00][A] [INFO] [WAITING ACK]
[2026-09-02T18:40:47.335+00:00][A] [INFO] [RF TX] type=2 source=0x01 destination=0xFF previousHop=0x01 sequence=652 ackSequence=0 ttl=8 hops=0 payloadSize=13 rssi=0 snr=
[2026-09-02T18:40:47.335+00:00][A] [INFO] Heartbeat packet sent
[2026-09-02T18:40:47.610+00:00][A] [INFO] [RF RX] type=2 source=0x02 destination=0xFF previousHop=0x02 sequence=356 ackSequence=0 ttl=8 hops=0 payloadSize=13 rssi=-61 sn
[2026-09-02T18:40:48.209+00:00][A] [INFO] --------------------------------
[2026-09-02T18:40:48.210+00:00][A] [INFO] [HEARTBEAT TX]
[2026-09-02T18:40:48.214+00:00][A] [INFO] Node ID: 1
[2026-09-02T18:40:48.215+00:00][A] [INFO] type: 2
[2026-09-02T18:40:48.215+00:00][A] [INFO] Destination: 0xFF
[2026-09-02T18:40:48.220+00:00][A] [INFO] Sequence: 653
[2026-09-02T18:40:48.220+00:00][A] [INFO] Packet ID: 352
[2026-09-02T18:40:48.225+00:00][A] [INFO] Packet Size: 26
[2026-09-02T18:40:48.226+00:00][A] [INFO] Timestamp: 352 ms
[2026-09-02T18:40:48.231+00:00][A] [INFO] Transmission Result: success
[2026-09-02T18:40:48.231+00:00][A] [INFO] --------------------------------
[2026-09-02T18:40:48.236+00:00][A] [INFO] [Heartbeat #352]
[2026-09-02T18:40:48.237+00:00][A] [INFO] Sent
[2026-09-02T18:40:48.237+00:00][A] [INFO] Waiting ACK...
[2026-09-02T18:40:48.237+00:00][A] [INFO] [WAITING ACK]
[2026-09-02T18:40:48.251+00:00][A] [INFO] [RF TX] type=2 source=0x01 destination=0xFF previousHop=0x01 sequence=653 ackSequence=0 ttl=8 hops=0 payloadSize=13 rssi=0 snr=
[2026-09-02T18:40:48.251+00:00][A] [INFO] Heartbeat packet sent
[2026-09-02T18:40:48.694+00:00][A] [INFO] [RF RX] type=2 source=0x02 destination=0xFF previousHop=0x02 sequence=356 ackSequence=0 ttl=8 hops=0 payloadSize=13 rssi=-61 sn
[2026-09-02T18:40:49.226+00:00][A] [WARN] Retry 1
[2026-09-02T18:40:49.293+00:00][A] [INFO] --------------------------------
[2026-09-02T18:40:49.294+00:00][A] [INFO] [HEARTBEAT TX]
[2026-09-02T18:40:49.298+00:00][A] [INFO] Node ID: 1
[2026-09-02T18:40:49.299+00:00][A] [INFO] type: 2
[2026-09-02T18:40:49.299+00:00][A] [INFO] Destination: 0xFF
[2026-09-02T18:40:49.304+00:00][A] [INFO] Sequence: 653
[2026-09-02T18:40:49.304+00:00][A] [INFO] Packet ID: 352
[2026-09-02T18:40:49.309+00:00][A] [INFO] Packet Size: 26
[2026-09-02T18:40:49.310+00:00][A] [INFO] Timestamp: 352 ms
[2026-09-02T18:40:49.315+00:00][A] [INFO] Transmission Result: success
[2026-09-02T18:40:49.315+00:00][A] [INFO] --------------------------------
[2026-09-02T18:40:49.320+00:00][A] [INFO] [Heartbeat #352]
[2026-09-02T18:40:49.321+00:00][A] [INFO] Sent
[2026-09-02T18:40:49.321+00:00][A] [INFO] Waiting ACK...
[2026-09-02T18:40:49.321+00:00][A] [INFO] [WAITING ACK]
[2026-09-02T18:40:49.335+00:00][A] [INFO] [RF TX] type=2 source=0x01 destination=0xFF previousHop=0x01 sequence=653 ackSequence=0 ttl=8 hops=0 payloadSize=13 rssi=0 snr=
[2026-09-02T18:40:49.335+00:00][A] [INFO] Heartbeat packet sent
[2026-09-02T18:40:49.609+00:00][A] [INFO] [RF RX] type=2 source=0x02 destination=0xFF previousHop=0x02 sequence=357 ackSequence=0 ttl=8 hops=0 payloadSize=13 rssi=-60 sn
[2026-09-02T18:40:50.209+00:00][A] [INFO] --------------------------------
[2026-09-02T18:40:50.210+00:00][A] [INFO] [HEARTBEAT TX]
[2026-09-02T18:40:50.214+00:00][A] [INFO] Node ID: 1
[2026-09-02T18:40:50.215+00:00][A] [INFO] type: 2
[2026-09-02T18:40:50.215+00:00][A] [INFO] Destination: 0xFF
[2026-09-02T18:40:50.220+00:00][A] [INFO] Sequence: 654
[2026-09-02T18:40:50.220+00:00][A] [INFO] Packet ID: 353
[2026-09-02T18:40:50.225+00:00][A] [INFO] Packet Size: 26
[2026-09-02T18:40:50.226+00:00][A] [INFO] Timestamp: 353 ms
[2026-09-02T18:40:50.231+00:00][A] [INFO] Transmission Result: success
[2026-09-02T18:40:50.231+00:00][A] [INFO] --------------------------------
[2026-09-02T18:40:50.237+00:00][A] [INFO] [Heartbeat #353]
[2026-09-02T18:40:50.237+00:00][A] [INFO] Sent
[2026-09-02T18:40:50.238+00:00][A] [INFO] Waiting ACK...
[2026-09-02T18:40:50.238+00:00][A] [INFO] [WAITING ACK]
[2026-09-02T18:40:50.251+00:00][A] [INFO] [RF TX] type=2 source=0x01 destination=0xFF previousHop=0x01 sequence=654 ackSequence=0 ttl=8 hops=0 payloadSize=13 rssi=0 snr=
[2026-09-02T18:40:50.251+00:00][A] [INFO] Heartbeat packet sent
[2026-09-02T18:40:50.694+00:00][A] [INFO] [RF RX] type=2 source=0x02 destination=0xFF previousHop=0x02 sequence=357 ackSequence=0 ttl=8 hops=0 payloadSize=13 rssi=-60 sn
[2026-09-02T18:40:51.226+00:00][A] [WARN] Retry 1
[2026-09-02T18:40:51.293+00:00][A] [INFO] --------------------------------
[2026-09-02T18:40:51.294+00:00][A] [INFO] [HEARTBEAT TX]
[2026-09-02T18:40:51.298+00:00][A] [INFO] Node ID: 1
[2026-09-02T18:40:51.299+00:00][A] [INFO] type: 2
[2026-09-02T18:40:51.299+00:00][A] [INFO] Destination: 0xFF
[2026-09-02T18:40:51.304+00:00][A] [INFO] Sequence: 654
[2026-09-02T18:40:51.304+00:00][A] [INFO] Packet ID: 353
[2026-09-02T18:40:51.309+00:00][A] [INFO] Packet Size: 26
[2026-09-02T18:40:51.310+00:00][A] [INFO] Timestamp: 353 ms
[2026-09-02T18:40:51.315+00:00][A] [INFO] Transmission Result: success
[2026-09-02T18:40:51.316+00:00][A] [INFO] --------------------------------
[2026-09-02T18:40:51.320+00:00][A] [INFO] [Heartbeat #353]
[2026-09-02T18:40:51.321+00:00][A] [INFO] Sent
[2026-09-02T18:40:51.321+00:00][A] [INFO] Waiting ACK...
[2026-09-02T18:40:51.321+00:00][A] [INFO] [WAITING ACK]
[2026-09-02T18:40:51.335+00:00][A] [INFO] [RF TX] type=2 source=0x01 destination=0xFF previousHop=0x01 sequence=654 ackSequence=0 ttl=8 hops=0 payloadSize=13 rssi=0 snr=
[2026-09-02T18:40:51.335+00:00][A] [INFO] Heartbeat packet sent
[2026-09-02T18:40:51.609+00:00][A] [INFO] [RF RX] type=2 source=0x02 destination=0xFF previousHop=0x02 sequence=358 ackSequence=0 ttl=8 hops=0 payloadSize=13 rssi=-60 sn
[2026-09-02T18:40:52.209+00:00][A] [INFO] --------------------------------
[2026-09-02T18:40:52.210+00:00][A] [INFO] [HEARTBEAT TX]
[2026-09-02T18:40:52.214+00:00][A] [INFO] Node ID: 1
[2026-09-02T18:40:52.215+00:00][A] [INFO] type: 2
[2026-09-02T18:40:52.215+00:00][A] [INFO] Destination: 0xFF
[2026-09-02T18:40:52.220+00:00][A] [INFO] Sequence: 655
[2026-09-02T18:40:52.220+00:00][A] [INFO] Packet ID: 354
[2026-09-02T18:40:52.225+00:00][A] [INFO] Packet Size: 26
[2026-09-02T18:40:52.226+00:00][A] [INFO] Timestamp: 354 ms
[2026-09-02T18:40:52.231+00:00][A] [INFO] Transmission Result: success
[2026-09-02T18:40:52.232+00:00][A] [INFO] --------------------------------
[2026-09-02T18:40:52.236+00:00][A] [INFO] [Heartbeat #354]
[2026-09-02T18:40:52.237+00:00][A] [INFO] Sent
[2026-09-02T18:40:52.237+00:00][A] [INFO] Waiting ACK...
[2026-09-02T18:40:52.237+00:00][A] [INFO] [WAITING ACK]
[2026-09-02T18:40:52.251+00:00][A] [INFO] [RF TX] type=2 source=0x01 destination=0xFF previousHop=0x01 sequence=655 ackSequence=0 ttl=8 hops=0 payloadSize=13 rssi=0 snr=
[2026-09-02T18:40:52.251+00:00][A] [INFO] Heartbeat packet sent
[2026-09-02T18:40:52.693+00:00][A] [INFO] [RF RX] type=2 source=0x02 destination=0xFF previousHop=0x02 sequence=358 ackSequence=0 ttl=8 hops=0 payloadSize=13 rssi=-60 sn
[2026-09-02T18:40:53.226+00:00][A] [WARN] Retry 1
[2026-09-02T18:40:53.293+00:00][A] [INFO] --------------------------------
[2026-09-02T18:40:53.294+00:00][A] [INFO] [HEARTBEAT TX]
[2026-09-02T18:40:53.298+00:00][A] [INFO] Node ID: 1
[2026-09-02T18:40:53.299+00:00][A] [INFO] type: 2
[2026-09-02T18:40:53.299+00:00][A] [INFO] Destination: 0xFF
[2026-09-02T18:40:53.304+00:00][A] [INFO] Sequence: 655
[2026-09-02T18:40:53.304+00:00][A] [INFO] Packet ID: 354
[2026-09-02T18:40:53.309+00:00][A] [INFO] Packet Size: 26
[2026-09-02T18:40:53.310+00:00][A] [INFO] Timestamp: 354 ms
[2026-09-02T18:40:53.315+00:00][A] [INFO] Transmission Result: success
[2026-09-02T18:40:53.315+00:00][A] [INFO] --------------------------------
[2026-09-02T18:40:53.320+00:00][A] [INFO] [Heartbeat #354]
[2026-09-02T18:40:53.321+00:00][A] [INFO] Sent
[2026-09-02T18:40:53.321+00:00][A] [INFO] Waiting ACK...
[2026-09-02T18:40:53.321+00:00][A] [INFO] [WAITING ACK]
[2026-09-02T18:40:53.335+00:00][A] [INFO] [RF TX] type=2 source=0x01 destination=0xFF previousHop=0x01 sequence=655 ackSequence=0 ttl=8 hops=0 payloadSize=13 rssi=0 snr=
[2026-09-02T18:40:53.335+00:00][A] [INFO] Heartbeat packet sent
[2026-09-02T18:40:53.609+00:00][A] [INFO] [RF RX] type=2 source=0x02 destination=0xFF previousHop=0x02 sequence=359 ackSequence=0 ttl=8 hops=0 payloadSize=13 rssi=-61 sn
[2026-09-02T18:40:54.209+00:00][A] [INFO] --------------------------------
[2026-09-02T18:40:54.210+00:00][A] [INFO] [HEARTBEAT TX]
[2026-09-02T18:40:54.214+00:00][A] [INFO] Node ID: 1
[2026-09-02T18:40:54.215+00:00][A] [INFO] type: 2
[2026-09-02T18:40:54.215+00:00][A] [INFO] Destination: 0xFF
[2026-09-02T18:40:54.220+00:00][A] [INFO] Sequence: 656
[2026-09-02T18:40:54.220+00:00][A] [INFO] Packet ID: 355
[2026-09-02T18:40:54.225+00:00][A] [INFO] Packet Size: 26
[2026-09-02T18:40:54.226+00:00][A] [INFO] Timestamp: 355 ms
[2026-09-02T18:40:54.231+00:00][A] [INFO] Transmission Result: success
[2026-09-02T18:40:54.231+00:00][A] [INFO] --------------------------------
[2026-09-02T18:40:54.236+00:00][A] [INFO] [Heartbeat #355]
[2026-09-02T18:40:54.237+00:00][A] [INFO] Sent
[2026-09-02T18:40:54.237+00:00][A] [INFO] Waiting ACK...
[2026-09-02T18:40:54.237+00:00][A] [INFO] [WAITING ACK]
[2026-09-02T18:40:54.251+00:00][A] [INFO] [RF TX] type=2 source=0x01 destination=0xFF previousHop=0x01 sequence=656 ackSequence=0 ttl=8 hops=0 payloadSize=13 rssi=0 snr=
[2026-09-02T18:40:54.251+00:00][A] [INFO] Heartbeat packet sent
[2026-09-02T18:40:54.693+00:00][A] [INFO] [RF RX] type=2 source=0x02 destination=0xFF previousHop=0x02 sequence=359 ackSequence=0 ttl=8 hops=0 payloadSize=13 rssi=-61 sn
[2026-09-02T18:40:55.226+00:00][A] [WARN] Retry 1
[2026-09-02T18:40:55.293+00:00][A] [INFO] --------------------------------
[2026-09-02T18:40:55.294+00:00][A] [INFO] [HEARTBEAT TX]
[2026-09-02T18:40:55.298+00:00][A] [INFO] Node ID: 1
[2026-09-02T18:40:55.299+00:00][A] [INFO] type: 2
[2026-09-02T18:40:55.299+00:00][A] [INFO] Destination: 0xFF
[2026-09-02T18:40:55.304+00:00][A] [INFO] Sequence: 656
[2026-09-02T18:40:55.304+00:00][A] [INFO] Packet ID: 355
[2026-09-02T18:40:55.309+00:00][A] [INFO] Packet Size: 26
[2026-09-02T18:40:55.310+00:00][A] [INFO] Timestamp: 355 ms
[2026-09-02T18:40:55.315+00:00][A] [INFO] Transmission Result: success
[2026-09-02T18:40:55.315+00:00][A] [INFO] --------------------------------
[2026-09-02T18:40:55.320+00:00][A] [INFO] [Heartbeat #355]
[2026-09-02T18:40:55.321+00:00][A] [INFO] Sent
[2026-09-02T18:40:55.321+00:00][A] [INFO] Waiting ACK...
[2026-09-02T18:40:55.321+00:00][A] [INFO] [WAITING ACK]
[2026-09-02T18:40:55.335+00:00][A] [INFO] [RF TX] type=2 source=0x01 destination=0xFF previousHop=0x01 sequence=656 ackSequence=0 ttl=8 hops=0 payloadSize=13 rssi=0 snr=
[2026-09-02T18:40:55.335+00:00][A] [INFO] Heartbeat packet sent
[2026-09-02T18:40:55.609+00:00][A] [INFO] [RF RX] type=2 source=0x02 destination=0xFF previousHop=0x02 sequence=360 ackSequence=0 ttl=8 hops=0 payloadSize=13 rssi=-61 sn
[2026-09-02T18:40:56.209+00:00][A] [INFO] --------------------------------
[2026-09-02T18:40:56.210+00:00][A] [INFO] [HEARTBEAT TX]
[2026-09-02T18:40:56.214+00:00][A] [INFO] Node ID: 1
[2026-09-02T18:40:56.215+00:00][A] [INFO] type: 2
[2026-09-02T18:40:56.215+00:00][A] [INFO] Destination: 0xFF
[2026-09-02T18:40:56.220+00:00][A] [INFO] Sequence: 657
[2026-09-02T18:40:56.220+00:00][A] [INFO] Packet ID: 356
[2026-09-02T18:40:56.225+00:00][A] [INFO] Packet Size: 26
[2026-09-02T18:40:56.226+00:00][A] [INFO] Timestamp: 356 ms
[2026-09-02T18:40:56.231+00:00][A] [INFO] Transmission Result: success
[2026-09-02T18:40:56.231+00:00][A] [INFO] --------------------------------
[2026-09-02T18:40:56.236+00:00][A] [INFO] [Heartbeat #356]
[2026-09-02T18:40:56.237+00:00][A] [INFO] Sent
[2026-09-02T18:40:56.237+00:00][A] [INFO] Waiting ACK...
[2026-09-02T18:40:56.237+00:00][A] [INFO] [WAITING ACK]
[2026-09-02T18:40:56.250+00:00][A] [INFO] [RF TX] type=2 source=0x01 destination=0xFF previousHop=0x01 sequence=657 ackSequence=0 ttl=8 hops=0 payloadSize=13 rssi=0 snr=
[2026-09-02T18:40:56.251+00:00][A] [INFO] Heartbeat packet sent
[2026-09-02T18:40:56.693+00:00][A] [INFO] [RF RX] type=2 source=0x02 destination=0xFF previousHop=0x02 sequence=360 ackSequence=0 ttl=8 hops=0 payloadSize=13 rssi=-61 sn
[2026-09-02T18:40:57.226+00:00][A] [WARN] Retry 1
[2026-09-02T18:40:57.293+00:00][A] [INFO] --------------------------------
[2026-09-02T18:40:57.293+00:00][A] [INFO] [HEARTBEAT TX]
[2026-09-02T18:40:57.298+00:00][A] [INFO] Node ID: 1
[2026-09-02T18:40:57.298+00:00][A] [INFO] type: 2
[2026-09-02T18:40:57.298+00:00][A] [INFO] Destination: 0xFF
[2026-09-02T18:40:57.304+00:00][A] [INFO] Sequence: 657
[2026-09-02T18:40:57.304+00:00][A] [INFO] Packet ID: 356
[2026-09-02T18:40:57.309+00:00][A] [INFO] Packet Size: 26
[2026-09-02T18:40:57.309+00:00][A] [INFO] Timestamp: 356 ms
[2026-09-02T18:40:57.315+00:00][A] [INFO] Transmission Result: success
[2026-09-02T18:40:57.315+00:00][A] [INFO] --------------------------------
[2026-09-02T18:40:57.320+00:00][A] [INFO] [Heartbeat #356]
[2026-09-02T18:40:57.320+00:00][A] [INFO] Sent
[2026-09-02T18:40:57.321+00:00][A] [INFO] Waiting ACK...
[2026-09-02T18:40:57.321+00:00][A] [INFO] [WAITING ACK]
[2026-09-02T18:40:57.334+00:00][A] [INFO] [RF TX] type=2 source=0x01 destination=0xFF previousHop=0x01 sequence=657 ackSequence=0 ttl=8 hops=0 payloadSize=13 rssi=0 snr=
[2026-09-02T18:40:57.335+00:00][A] [INFO] Heartbeat packet sent
[2026-09-02T18:40:57.609+00:00][A] [INFO] [RF RX] type=2 source=0x02 destination=0xFF previousHop=0x02 sequence=361 ackSequence=0 ttl=8 hops=0 payloadSize=13 rssi=-61 sn
[2026-09-02T18:40:58.209+00:00][A] [INFO] --------------------------------
[2026-09-02T18:40:58.210+00:00][A] [INFO] [HEARTBEAT TX]
[2026-09-02T18:40:58.214+00:00][A] [INFO] Node ID: 1
[2026-09-02T18:40:58.214+00:00][A] [INFO] type: 2
[2026-09-02T18:40:58.215+00:00][A] [INFO] Destination: 0xFF
[2026-09-02T18:40:58.220+00:00][A] [INFO] Sequence: 658
[2026-09-02T18:40:58.220+00:00][A] [INFO] Packet ID: 357
[2026-09-02T18:40:58.225+00:00][A] [INFO] Packet Size: 26
[2026-09-02T18:40:58.225+00:00][A] [INFO] Timestamp: 357 ms
[2026-09-02T18:40:58.231+00:00][A] [INFO] Transmission Result: success
[2026-09-02T18:40:58.231+00:00][A] [INFO] --------------------------------
[2026-09-02T18:40:58.236+00:00][A] [INFO] [Heartbeat #357]
[2026-09-02T18:40:58.236+00:00][A] [INFO] Sent
[2026-09-02T18:40:58.237+00:00][A] [INFO] Waiting ACK...
[2026-09-02T18:40:58.237+00:00][A] [INFO] [WAITING ACK]
[2026-09-02T18:40:58.251+00:00][A] [INFO] [RF TX] type=2 source=0x01 destination=0xFF previousHop=0x01 sequence=658 ackSequence=0 ttl=8 hops=0 payloadSize=13 rssi=0 snr=
[2026-09-02T18:40:58.251+00:00][A] [INFO] Heartbeat packet sent
[2026-09-02T18:40:58.693+00:00][A] [INFO] [RF RX] type=2 source=0x02 destination=0xFF previousHop=0x02 sequence=361 ackSequence=0 ttl=8 hops=0 payloadSize=13 rssi=-61 sn
[2026-09-02T18:40:59.226+00:00][A] [WARN] Retry 1
[2026-09-02T18:40:59.293+00:00][A] [INFO] --------------------------------
[2026-09-02T18:40:59.294+00:00][A] [INFO] [HEARTBEAT TX]
[2026-09-02T18:40:59.298+00:00][A] [INFO] Node ID: 1
[2026-09-02T18:40:59.299+00:00][A] [INFO] type: 2
[2026-09-02T18:40:59.299+00:00][A] [INFO] Destination: 0xFF
[2026-09-02T18:40:59.304+00:00][A] [INFO] Sequence: 658
[2026-09-02T18:40:59.304+00:00][A] [INFO] Packet ID: 357
[2026-09-02T18:40:59.309+00:00][A] [INFO] Packet Size: 26
[2026-09-02T18:40:59.310+00:00][A] [INFO] Timestamp: 357 ms
[2026-09-02T18:40:59.315+00:00][A] [INFO] Transmission Result: success
[2026-09-02T18:40:59.315+00:00][A] [INFO] --------------------------------
[2026-09-02T18:40:59.320+00:00][A] [INFO] [Heartbeat #357]
[2026-09-02T18:40:59.320+00:00][A] [INFO] Sent
[2026-09-02T18:40:59.321+00:00][A] [INFO] Waiting ACK...
[2026-09-02T18:40:59.321+00:00][A] [INFO] [WAITING ACK]
[2026-09-02T18:40:59.335+00:00][A] [INFO] [RF TX] type=2 source=0x01 destination=0xFF previousHop=0x01 sequence=658 ackSequence=0 ttl=8 hops=0 payloadSize=13 rssi=0 snr=
[2026-09-02T18:40:59.335+00:00][A] [INFO] Heartbeat packet sent
[2026-09-02T18:40:59.609+00:00][A] [INFO] [RF RX] type=2 source=0x02 destination=0xFF previousHop=0x02 sequence=362 ackSequence=0 ttl=8 hops=0 payloadSize=13 rssi=-61 sn
[2026-09-02T18:41:00.209+00:00][A] [INFO] --------------------------------
[2026-09-02T18:41:00.210+00:00][A] [INFO] [HEARTBEAT TX]
[2026-09-02T18:41:00.214+00:00][A] [INFO] Node ID: 1
[2026-09-02T18:41:00.215+00:00][A] [INFO] type: 2
[2026-09-02T18:41:00.215+00:00][A] [INFO] Destination: 0xFF
[2026-09-02T18:41:00.220+00:00][A] [INFO] Sequence: 659
[2026-09-02T18:41:00.220+00:00][A] [INFO] Packet ID: 358
[2026-09-02T18:41:00.225+00:00][A] [INFO] Packet Size: 26
[2026-09-02T18:41:00.226+00:00][A] [INFO] Timestamp: 358 ms
[2026-09-02T18:41:00.231+00:00][A] [INFO] Transmission Result: success
[2026-09-02T18:41:00.231+00:00][A] [INFO] --------------------------------
[2026-09-02T18:41:00.236+00:00][A] [INFO] [Heartbeat #358]
[2026-09-02T18:41:00.237+00:00][A] [INFO] Sent
[2026-09-02T18:41:00.237+00:00][A] [INFO] Waiting ACK...
[2026-09-02T18:41:00.237+00:00][A] [INFO] [WAITING ACK]
[2026-09-02T18:41:00.250+00:00][A] [INFO] [RF TX] type=2 source=0x01 destination=0xFF previousHop=0x01 sequence=659 ackSequence=0 ttl=8 hops=0 payloadSize=13 rssi=0 snr=
[2026-09-02T18:41:00.251+00:00][A] [INFO] Heartbeat packet sent
[2026-09-02T18:41:00.693+00:00][A] [INFO] [RF RX] type=2 source=0x02 destination=0xFF previousHop=0x02 sequence=362 ackSequence=0 ttl=8 hops=0 payloadSize=13 rssi=-61 sn
[2026-09-02T18:41:01.226+00:00][A] [WARN] Retry 1
[2026-09-02T18:41:01.293+00:00][A] [INFO] --------------------------------
[2026-09-02T18:41:01.294+00:00][A] [INFO] [HEARTBEAT TX]
[2026-09-02T18:41:01.298+00:00][A] [INFO] Node ID: 1
[2026-09-02T18:41:01.299+00:00][A] [INFO] type: 2
[2026-09-02T18:41:01.299+00:00][A] [INFO] Destination: 0xFF
[2026-09-02T18:41:01.304+00:00][A] [INFO] Sequence: 659
[2026-09-02T18:41:01.305+00:00][A] [INFO] Packet ID: 358
[2026-09-02T18:41:01.309+00:00][A] [INFO] Packet Size: 26
[2026-09-02T18:41:01.310+00:00][A] [INFO] Timestamp: 358 ms
[2026-09-02T18:41:01.315+00:00][A] [INFO] Transmission Result: success
[2026-09-02T18:41:01.315+00:00][A] [INFO] --------------------------------
[2026-09-02T18:41:01.320+00:00][A] [INFO] [Heartbeat #358]
[2026-09-02T18:41:01.321+00:00][A] [INFO] Sent
[2026-09-02T18:41:01.321+00:00][A] [INFO] Waiting ACK...
[2026-09-02T18:41:01.321+00:00][A] [INFO] [WAITING ACK]
[2026-09-02T18:41:01.334+00:00][A] [INFO] [RF TX] type=2 source=0x01 destination=0xFF previousHop=0x01 sequence=659 ackSequence=0 ttl=8 hops=0 payloadSize=13 rssi=0 snr=
[2026-09-02T18:41:01.335+00:00][A] [INFO] Heartbeat packet sent
[2026-09-02T18:41:01.609+00:00][A] [INFO] [RF RX] type=2 source=0x02 destination=0xFF previousHop=0x02 sequence=363 ackSequence=0 ttl=8 hops=0 payloadSize=13 rssi=-61 sn
[2026-09-02T18:41:02.209+00:00][A] [INFO] --------------------------------
[2026-09-02T18:41:02.210+00:00][A] [INFO] [HEARTBEAT TX]
[2026-09-02T18:41:02.214+00:00][A] [INFO] Node ID: 1
[2026-09-02T18:41:02.214+00:00][A] [INFO] type: 2
[2026-09-02T18:41:02.215+00:00][A] [INFO] Destination: 0xFF
[2026-09-02T18:41:02.220+00:00][A] [INFO] Sequence: 660
[2026-09-02T18:41:02.220+00:00][A] [INFO] Packet ID: 359
[2026-09-02T18:41:02.225+00:00][A] [INFO] Packet Size: 26
[2026-09-02T18:41:02.225+00:00][A] [INFO] Timestamp: 359 ms
[2026-09-02T18:41:02.231+00:00][A] [INFO] Transmission Result: success
[2026-09-02T18:41:02.231+00:00][A] [INFO] --------------------------------
[2026-09-02T18:41:02.236+00:00][A] [INFO] [Heartbeat #359]
[2026-09-02T18:41:02.237+00:00][A] [INFO] Sent
[2026-09-02T18:41:02.237+00:00][A] [INFO] Waiting ACK...
[2026-09-02T18:41:02.237+00:00][A] [INFO] [WAITING ACK]
[2026-09-02T18:41:02.250+00:00][A] [INFO] [RF TX] type=2 source=0x01 destination=0xFF previousHop=0x01 sequence=660 ackSequence=0 ttl=8 hops=0 payloadSize=13 rssi=0 snr=
[2026-09-02T18:41:02.251+00:00][A] [INFO] Heartbeat packet sent
[2026-09-02T18:41:02.693+00:00][A] [INFO] [RF RX] type=2 source=0x02 destination=0xFF previousHop=0x02 sequence=363 ackSequence=0 ttl=8 hops=0 payloadSize=13 rssi=-61 sn
[2026-09-02T18:41:03.226+00:00][A] [WARN] Retry 1
[2026-09-02T18:41:03.293+00:00][A] [INFO] --------------------------------
[2026-09-02T18:41:03.294+00:00][A] [INFO] [HEARTBEAT TX]
[2026-09-02T18:41:03.298+00:00][A] [INFO] Node ID: 1
[2026-09-02T18:41:03.298+00:00][A] [INFO] type: 2
[2026-09-02T18:41:03.299+00:00][A] [INFO] Destination: 0xFF
[2026-09-02T18:41:03.304+00:00][A] [INFO] Sequence: 660
[2026-09-02T18:41:03.304+00:00][A] [INFO] Packet ID: 359
[2026-09-02T18:41:03.309+00:00][A] [INFO] Packet Size: 26
[2026-09-02T18:41:03.309+00:00][A] [INFO] Timestamp: 359 ms
[2026-09-02T18:41:03.314+00:00][A] [INFO] Transmission Result: success
[2026-09-02T18:41:03.315+00:00][A] [INFO] --------------------------------
[2026-09-02T18:41:03.320+00:00][A] [INFO] [Heartbeat #359]
[2026-09-02T18:41:03.320+00:00][A] [INFO] Sent
[2026-09-02T18:41:03.321+00:00][A] [INFO] Waiting ACK...
[2026-09-02T18:41:03.321+00:00][A] [INFO] [WAITING ACK]
[2026-09-02T18:41:03.334+00:00][A] [INFO] [RF TX] type=2 source=0x01 destination=0xFF previousHop=0x01 sequence=660 ackSequence=0 ttl=8 hops=0 payloadSize=13 rssi=0 snr=
[2026-09-02T18:41:03.335+00:00][A] [INFO] Heartbeat packet sent
[2026-09-02T18:41:03.609+00:00][A] [INFO] [RF RX] type=2 source=0x02 destination=0xFF previousHop=0x02 sequence=364 ackSequence=0 ttl=8 hops=0 payloadSize=13 rssi=-60 sn
[2026-09-02T18:41:04.209+00:00][A] [INFO] --------------------------------
[2026-09-02T18:41:04.210+00:00][A] [INFO] [HEARTBEAT TX]
[2026-09-02T18:41:04.214+00:00][A] [INFO] Node ID: 1
[2026-09-02T18:41:04.215+00:00][A] [INFO] type: 2
[2026-09-02T18:41:04.215+00:00][A] [INFO] Destination: 0xFF
[2026-09-02T18:41:04.220+00:00][A] [INFO] Sequence: 661
[2026-09-02T18:41:04.220+00:00][A] [INFO] Packet ID: 360
[2026-09-02T18:41:04.225+00:00][A] [INFO] Packet Size: 26
[2026-09-02T18:41:04.226+00:00][A] [INFO] Timestamp: 360 ms
[2026-09-02T18:41:04.231+00:00][A] [INFO] Transmission Result: success
[2026-09-02T18:41:04.231+00:00][A] [INFO] --------------------------------
[2026-09-02T18:41:04.236+00:00][A] [INFO] [Heartbeat #360]
[2026-09-02T18:41:04.236+00:00][A] [INFO] Sent
[2026-09-02T18:41:04.237+00:00][A] [INFO] Waiting ACK...
[2026-09-02T18:41:04.237+00:00][A] [INFO] [WAITING ACK]
[2026-09-02T18:41:04.250+00:00][A] [INFO] [RF TX] type=2 source=0x01 destination=0xFF previousHop=0x01 sequence=661 ackSequence=0 ttl=8 hops=0 payloadSize=13 rssi=0 snr=
[2026-09-02T18:41:04.251+00:00][A] [INFO] Heartbeat packet sent
[2026-09-02T18:41:04.694+00:00][A] [INFO] [RF RX] type=2 source=0x02 destination=0xFF previousHop=0x02 sequence=364 ackSequence=0 ttl=8 hops=0 payloadSize=13 rssi=-61 sn
[2026-09-02T18:41:05.226+00:00][A] [WARN] Retry 1
[2026-09-02T18:41:05.293+00:00][A] [INFO] --------------------------------
[2026-09-02T18:41:05.293+00:00][A] [INFO] [HEARTBEAT TX]
[2026-09-02T18:41:05.298+00:00][A] [INFO] Node ID: 1
[2026-09-02T18:41:05.299+00:00][A] [INFO] type: 2
[2026-09-02T18:41:05.299+00:00][A] [INFO] Destination: 0xFF
[2026-09-02T18:41:05.304+00:00][A] [INFO] Sequence: 661
[2026-09-02T18:41:05.304+00:00][A] [INFO] Packet ID: 360
[2026-09-02T18:41:05.309+00:00][A] [INFO] Packet Size: 26
[2026-09-02T18:41:05.309+00:00][A] [INFO] Timestamp: 360 ms
[2026-09-02T18:41:05.315+00:00][A] [INFO] Transmission Result: success
[2026-09-02T18:41:05.315+00:00][A] [INFO] --------------------------------
[2026-09-02T18:41:05.320+00:00][A] [INFO] [Heartbeat #360]
[2026-09-02T18:41:05.320+00:00][A] [INFO] Sent
[2026-09-02T18:41:05.321+00:00][A] [INFO] Waiting ACK...
[2026-09-02T18:41:05.321+00:00][A] [INFO] [WAITING ACK]
[2026-09-02T18:41:05.334+00:00][A] [INFO] [RF TX] type=2 source=0x01 destination=0xFF previousHop=0x01 sequence=661 ackSequence=0 ttl=8 hops=0 payloadSize=13 rssi=0 snr=
[2026-09-02T18:41:05.335+00:00][A] [INFO] Heartbeat packet sent
[2026-09-02T18:41:05.609+00:00][A] [INFO] [RF RX] type=2 source=0x02 destination=0xFF previousHop=0x02 sequence=365 ackSequence=0 ttl=8 hops=0 payloadSize=13 rssi=-61 sn
[2026-09-02T18:41:06.209+00:00][A] [INFO] --------------------------------
[2026-09-02T18:41:06.209+00:00][A] [INFO] [HEARTBEAT TX]
[2026-09-02T18:41:06.214+00:00][A] [INFO] Node ID: 1
[2026-09-02T18:41:06.214+00:00][A] [INFO] type: 2
[2026-09-02T18:41:06.215+00:00][A] [INFO] Destination: 0xFF
[2026-09-02T18:41:06.220+00:00][A] [INFO] Sequence: 662
[2026-09-02T18:41:06.220+00:00][A] [INFO] Packet ID: 361
[2026-09-02T18:41:06.225+00:00][A] [INFO] Packet Size: 26
[2026-09-02T18:41:06.225+00:00][A] [INFO] Timestamp: 361 ms
[2026-09-02T18:41:06.231+00:00][A] [INFO] Transmission Result: success
[2026-09-02T18:41:06.231+00:00][A] [INFO] --------------------------------
[2026-09-02T18:41:06.236+00:00][A] [INFO] [Heartbeat #361]
[2026-09-02T18:41:06.236+00:00][A] [INFO] Sent
[2026-09-02T18:41:06.237+00:00][A] [INFO] Waiting ACK...
[2026-09-02T18:41:06.237+00:00][A] [INFO] [WAITING ACK]
[2026-09-02T18:41:06.250+00:00][A] [INFO] [RF TX] type=2 source=0x01 destination=0xFF previousHop=0x01 sequence=662 ackSequence=0 ttl=8 hops=0 payloadSize=13 rssi=0 snr=
[2026-09-02T18:41:06.251+00:00][A] [INFO] Heartbeat packet sent
[2026-09-02T18:41:06.693+00:00][A] [INFO] [RF RX] type=2 source=0x02 destination=0xFF previousHop=0x02 sequence=365 ackSequence=0 ttl=8 hops=0 payloadSize=13 rssi=-61 sn
[2026-09-02T18:41:07.226+00:00][A] [WARN] Retry 1
[2026-09-02T18:41:07.293+00:00][A] [INFO] --------------------------------
[2026-09-02T18:41:07.293+00:00][A] [INFO] [HEARTBEAT TX]
[2026-09-02T18:41:07.298+00:00][A] [INFO] Node ID: 1
[2026-09-02T18:41:07.298+00:00][A] [INFO] type: 2
[2026-09-02T18:41:07.299+00:00][A] [INFO] Destination: 0xFF
[2026-09-02T18:41:07.304+00:00][A] [INFO] Sequence: 662
[2026-09-02T18:41:07.304+00:00][A] [INFO] Packet ID: 361
[2026-09-02T18:41:07.309+00:00][A] [INFO] Packet Size: 26
[2026-09-02T18:41:07.309+00:00][A] [INFO] Timestamp: 361 ms
[2026-09-02T18:41:07.315+00:00][A] [INFO] Transmission Result: success
[2026-09-02T18:41:07.315+00:00][A] [INFO] --------------------------------
[2026-09-02T18:41:07.320+00:00][A] [INFO] [Heartbeat #361]
[2026-09-02T18:41:07.320+00:00][A] [INFO] Sent
[2026-09-02T18:41:07.321+00:00][A] [INFO] Waiting ACK...
[2026-09-02T18:41:07.321+00:00][A] [INFO] [WAITING ACK]
[2026-09-02T18:41:07.334+00:00][A] [INFO] [RF TX] type=2 source=0x01 destination=0xFF previousHop=0x01 sequence=662 ackSequence=0 ttl=8 hops=0 payloadSize=13 rssi=0 snr=
[2026-09-02T18:41:07.335+00:00][A] [INFO] Heartbeat packet sent
[2026-09-02T18:41:07.609+00:00][A] [INFO] [RF RX] type=2 source=0x02 destination=0xFF previousHop=0x02 sequence=366 ackSequence=0 ttl=8 hops=0 payloadSize=13 rssi=-61 sn
[2026-09-02T18:41:08.209+00:00][A] [INFO] --------------------------------
[2026-09-02T18:41:08.209+00:00][A] [INFO] [HEARTBEAT TX]
[2026-09-02T18:41:08.214+00:00][A] [INFO] Node ID: 1
[2026-09-02T18:41:08.214+00:00][A] [INFO] type: 2
[2026-09-02T18:41:08.214+00:00][A] [INFO] Destination: 0xFF
[2026-09-02T18:41:08.220+00:00][A] [INFO] Sequence: 663
[2026-09-02T18:41:08.220+00:00][A] [INFO] Packet ID: 362
[2026-09-02T18:41:08.225+00:00][A] [INFO] Packet Size: 26
[2026-09-02T18:41:08.225+00:00][A] [INFO] Timestamp: 362 ms
[2026-09-02T18:41:08.230+00:00][A] [INFO] Transmission Result: success
[2026-09-02T18:41:08.231+00:00][A] [INFO] --------------------------------
[2026-09-02T18:41:08.236+00:00][A] [INFO] [Heartbeat #362]
[2026-09-02T18:41:08.236+00:00][A] [INFO] Sent
[2026-09-02T18:41:08.237+00:00][A] [INFO] Waiting ACK...
[2026-09-02T18:41:08.237+00:00][A] [INFO] [WAITING ACK]
[2026-09-02T18:41:08.250+00:00][A] [INFO] [RF TX] type=2 source=0x01 destination=0xFF previousHop=0x01 sequence=663 ackSequence=0 ttl=8 hops=0 payloadSize=13 rssi=0 snr=
[2026-09-02T18:41:08.251+00:00][A] [INFO] Heartbeat packet sent
[2026-09-02T18:41:08.693+00:00][A] [INFO] [RF RX] type=2 source=0x02 destination=0xFF previousHop=0x02 sequence=366 ackSequence=0 ttl=8 hops=0 payloadSize=13 rssi=-60 sn
[2026-09-02T18:41:09.226+00:00][A] [WARN] Retry 1
[2026-09-02T18:41:09.293+00:00][A] [INFO] --------------------------------
[2026-09-02T18:41:09.293+00:00][A] [INFO] [HEARTBEAT TX]
[2026-09-02T18:41:09.298+00:00][A] [INFO] Node ID: 1
[2026-09-02T18:41:09.298+00:00][A] [INFO] type: 2
[2026-09-02T18:41:09.299+00:00][A] [INFO] Destination: 0xFF
[2026-09-02T18:41:09.304+00:00][A] [INFO] Sequence: 663
[2026-09-02T18:41:09.304+00:00][A] [INFO] Packet ID: 362
[2026-09-02T18:41:09.309+00:00][A] [INFO] Packet Size: 26
[2026-09-02T18:41:09.309+00:00][A] [INFO] Timestamp: 362 ms
[2026-09-02T18:41:09.314+00:00][A] [INFO] Transmission Result: success
[2026-09-02T18:41:09.315+00:00][A] [INFO] --------------------------------
[2026-09-02T18:41:09.320+00:00][A] [INFO] [Heartbeat #362]
[2026-09-02T18:41:09.320+00:00][A] [INFO] Sent
[2026-09-02T18:41:09.321+00:00][A] [INFO] Waiting ACK...
[2026-09-02T18:41:09.321+00:00][A] [INFO] [WAITING ACK]
[2026-09-02T18:41:09.334+00:00][A] [INFO] [RF TX] type=2 source=0x01 destination=0xFF previousHop=0x01 sequence=663 ackSequence=0 ttl=8 hops=0 payloadSize=13 rssi=0 snr=
[2026-09-02T18:41:09.335+00:00][A] [INFO] Heartbeat packet sent
[2026-09-02T18:41:09.609+00:00][A] [INFO] [RF RX] type=2 source=0x02 destination=0xFF previousHop=0x02 sequence=367 ackSequence=0 ttl=8 hops=0 payloadSize=13 rssi=-61 sn
[2026-09-02T18:41:10.209+00:00][A] [INFO] --------------------------------
[2026-09-02T18:41:10.209+00:00][A] [INFO] [HEARTBEAT TX]
[2026-09-02T18:41:10.214+00:00][A] [INFO] Node ID: 1
[2026-09-02T18:41:10.214+00:00][A] [INFO] type: 2
[2026-09-02T18:41:10.215+00:00][A] [INFO] Destination: 0xFF
[2026-09-02T18:41:10.221+00:00][A] [INFO] Sequence: 664
[2026-09-02T18:41:10.221+00:00][A] [INFO] Packet ID: 363
[2026-09-02T18:41:10.225+00:00][A] [INFO] Packet Size: 26
[2026-09-02T18:41:10.225+00:00][A] [INFO] Timestamp: 363 ms
[2026-09-02T18:41:10.231+00:00][A] [INFO] Transmission Result: success
[2026-09-02T18:41:10.231+00:00][A] [INFO] --------------------------------
[2026-09-02T18:41:10.236+00:00][A] [INFO] [Heartbeat #363]
[2026-09-02T18:41:10.236+00:00][A] [INFO] Sent
[2026-09-02T18:41:10.237+00:00][A] [INFO] Waiting ACK...
[2026-09-02T18:41:10.237+00:00][A] [INFO] [WAITING ACK]
[2026-09-02T18:41:10.250+00:00][A] [INFO] [RF TX] type=2 source=0x01 destination=0xFF previousHop=0x01 sequence=664 ackSequence=0 ttl=8 hops=0 payloadSize=13 rssi=0 snr=
[2026-09-02T18:41:10.251+00:00][A] [INFO] Heartbeat packet sent
[2026-09-02T18:41:10.693+00:00][A] [INFO] [RF RX] type=2 source=0x02 destination=0xFF previousHop=0x02 sequence=367 ackSequence=0 ttl=8 hops=0 payloadSize=13 rssi=-61 sn
[2026-09-02T18:41:11.226+00:00][A] [WARN] Retry 1
[2026-09-02T18:41:11.293+00:00][A] [INFO] --------------------------------
[2026-09-02T18:41:11.293+00:00][A] [INFO] [HEARTBEAT TX]
[2026-09-02T18:41:11.298+00:00][A] [INFO] Node ID: 1
[2026-09-02T18:41:11.298+00:00][A] [INFO] type: 2
[2026-09-02T18:41:11.299+00:00][A] [INFO] Destination: 0xFF
[2026-09-02T18:41:11.304+00:00][A] [INFO] Sequence: 664
[2026-09-02T18:41:11.304+00:00][A] [INFO] Packet ID: 363
[2026-09-02T18:41:11.309+00:00][A] [INFO] Packet Size: 26
[2026-09-02T18:41:11.309+00:00][A] [INFO] Timestamp: 363 ms
[2026-09-02T18:41:11.314+00:00][A] [INFO] Transmission Result: success
[2026-09-02T18:41:11.315+00:00][A] [INFO] --------------------------------
[2026-09-02T18:41:11.320+00:00][A] [INFO] [Heartbeat #363]
[2026-09-02T18:41:11.320+00:00][A] [INFO] Sent
[2026-09-02T18:41:11.321+00:00][A] [INFO] Waiting ACK...
[2026-09-02T18:41:11.321+00:00][A] [INFO] [WAITING ACK]
[2026-09-02T18:41:11.334+00:00][A] [INFO] [RF TX] type=2 source=0x01 destination=0xFF previousHop=0x01 sequence=664 ackSequence=0 ttl=8 hops=0 payloadSize=13 rssi=0 snr=
[2026-09-02T18:41:11.335+00:00][A] [INFO] Heartbeat packet sent
[2026-09-02T18:41:11.609+00:00][A] [INFO] [RF RX] type=2 source=0x02 destination=0xFF previousHop=0x02 sequence=368 ackSequence=0 ttl=8 hops=0 payloadSize=13 rssi=-61 sn
[2026-09-02T18:41:12.209+00:00][A] [INFO] --------------------------------
[2026-09-02T18:41:12.209+00:00][A] [INFO] [HEARTBEAT TX]
[2026-09-02T18:41:12.214+00:00][A] [INFO] Node ID: 1
[2026-09-02T18:41:12.214+00:00][A] [INFO] type: 2
[2026-09-02T18:41:12.215+00:00][A] [INFO] Destination: 0xFF
[2026-09-02T18:41:12.220+00:00][A] [INFO] Sequence: 665
[2026-09-02T18:41:12.220+00:00][A] [INFO] Packet ID: 364
[2026-09-02T18:41:12.225+00:00][A] [INFO] Packet Size: 26
[2026-09-02T18:41:12.225+00:00][A] [INFO] Timestamp: 364 ms
[2026-09-02T18:41:12.230+00:00][A] [INFO] Transmission Result: success
[2026-09-02T18:41:12.231+00:00][A] [INFO] --------------------------------
[2026-09-02T18:41:12.236+00:00][A] [INFO] [Heartbeat #364]
[2026-09-02T18:41:12.236+00:00][A] [INFO] Sent
[2026-09-02T18:41:12.237+00:00][A] [INFO] Waiting ACK...
[2026-09-02T18:41:12.237+00:00][A] [INFO] [WAITING ACK]
[2026-09-02T18:41:12.250+00:00][A] [INFO] [RF TX] type=2 source=0x01 destination=0xFF previousHop=0x01 sequence=665 ackSequence=0 ttl=8 hops=0 payloadSize=13 rssi=0 snr=
[2026-09-02T18:41:12.250+00:00][A] [INFO] Heartbeat packet sent
[2026-09-02T18:41:12.693+00:00][A] [INFO] [RF RX] type=2 source=0x02 destination=0xFF previousHop=0x02 sequence=368 ackSequence=0 ttl=8 hops=0 payloadSize=13 rssi=-61 sn
[2026-09-02T18:41:13.226+00:00][A] [WARN] Retry 1
[2026-09-02T18:41:13.293+00:00][A] [INFO] --------------------------------
[2026-09-02T18:41:13.293+00:00][A] [INFO] [HEARTBEAT TX]
[2026-09-02T18:41:13.298+00:00][A] [INFO] Node ID: 1
[2026-09-02T18:41:13.298+00:00][A] [INFO] type: 2
[2026-09-02T18:41:13.299+00:00][A] [INFO] Destination: 0xFF
[2026-09-02T18:41:13.304+00:00][A] [INFO] Sequence: 665
[2026-09-02T18:41:13.304+00:00][A] [INFO] Packet ID: 364
[2026-09-02T18:41:13.309+00:00][A] [INFO] Packet Size: 26
[2026-09-02T18:41:13.309+00:00][A] [INFO] Timestamp: 364 ms
[2026-09-02T18:41:13.314+00:00][A] [INFO] Transmission Result: success
[2026-09-02T18:41:13.315+00:00][A] [INFO] --------------------------------
[2026-09-02T18:41:13.320+00:00][A] [INFO] [Heartbeat #364]
[2026-09-02T18:41:13.320+00:00][A] [INFO] Sent
[2026-09-02T18:41:13.321+00:00][A] [INFO] Waiting ACK...
[2026-09-02T18:41:13.321+00:00][A] [INFO] [WAITING ACK]
[2026-09-02T18:41:13.334+00:00][A] [INFO] [RF TX] type=2 source=0x01 destination=0xFF previousHop=0x01 sequence=665 ackSequence=0 ttl=8 hops=0 payloadSize=13 rssi=0 snr=
[2026-09-02T18:41:13.335+00:00][A] [INFO] Heartbeat packet sent
[2026-09-02T18:41:13.609+00:00][A] [INFO] [RF RX] type=2 source=0x02 destination=0xFF previousHop=0x02 sequence=369 ackSequence=0 ttl=8 hops=0 payloadSize=13 rssi=-61 sn
[2026-09-02T18:41:14.209+00:00][A] [INFO] --------------------------------
[2026-09-02T18:41:14.209+00:00][A] [INFO] [HEARTBEAT TX]
[2026-09-02T18:41:14.214+00:00][A] [INFO] Node ID: 1
[2026-09-02T18:41:14.214+00:00][A] [INFO] type: 2
[2026-09-02T18:41:14.215+00:00][A] [INFO] Destination: 0xFF
[2026-09-02T18:41:14.220+00:00][A] [INFO] Sequence: 666
[2026-09-02T18:41:14.220+00:00][A] [INFO] Packet ID: 365
[2026-09-02T18:41:14.225+00:00][A] [INFO] Packet Size: 26
[2026-09-02T18:41:14.225+00:00][A] [INFO] Timestamp: 365 ms
[2026-09-02T18:41:14.230+00:00][A] [INFO] Transmission Result: success
[2026-09-02T18:41:14.231+00:00][A] [INFO] --------------------------------
[2026-09-02T18:41:14.236+00:00][A] [INFO] [Heartbeat #365]
[2026-09-02T18:41:14.236+00:00][A] [INFO] Sent
[2026-09-02T18:41:14.237+00:00][A] [INFO] Waiting ACK...
[2026-09-02T18:41:14.237+00:00][A] [INFO] [WAITING ACK]
[2026-09-02T18:41:14.250+00:00][A] [INFO] [RF TX] type=2 source=0x01 destination=0xFF previousHop=0x01 sequence=666 ackSequence=0 ttl=8 hops=0 payloadSize=13 rssi=0 snr=
[2026-09-02T18:41:14.251+00:00][A] [INFO] Heartbeat packet sent
[2026-09-02T18:41:14.693+00:00][A] [INFO] [RF RX] type=2 source=0x02 destination=0xFF previousHop=0x02 sequence=369 ackSequence=0 ttl=8 hops=0 payloadSize=13 rssi=-61 sn
[2026-09-02T18:41:15.226+00:00][A] [WARN] Retry 1
[2026-09-02T18:41:15.293+00:00][A] [INFO] --------------------------------
[2026-09-02T18:41:15.293+00:00][A] [INFO] [HEARTBEAT TX]
[2026-09-02T18:41:15.298+00:00][A] [INFO] Node ID: 1
[2026-09-02T18:41:15.298+00:00][A] [INFO] type: 2
[2026-09-02T18:41:15.299+00:00][A] [INFO] Destination: 0xFF
[2026-09-02T18:41:15.303+00:00][A] [INFO] Sequence: 666
[2026-09-02T18:41:15.304+00:00][A] [INFO] Packet ID: 365
[2026-09-02T18:41:15.309+00:00][A] [INFO] Packet Size: 26
[2026-09-02T18:41:15.309+00:00][A] [INFO] Timestamp: 365 ms
[2026-09-02T18:41:15.314+00:00][A] [INFO] Transmission Result: success
[2026-09-02T18:41:15.315+00:00][A] [INFO] --------------------------------
[2026-09-02T18:41:15.320+00:00][A] [INFO] [Heartbeat #365]
[2026-09-02T18:41:15.320+00:00][A] [INFO] Sent
[2026-09-02T18:41:15.321+00:00][A] [INFO] Waiting ACK...
[2026-09-02T18:41:15.321+00:00][A] [INFO] [WAITING ACK]
[2026-09-02T18:41:15.334+00:00][A] [INFO] [RF TX] type=2 source=0x01 destination=0xFF previousHop=0x01 sequence=666 ackSequence=0 ttl=8 hops=0 payloadSize=13 rssi=0 snr=
[2026-09-02T18:41:15.335+00:00][A] [INFO] Heartbeat packet sent
[2026-09-02T18:41:15.609+00:00][A] [INFO] [RF RX] type=2 source=0x02 destination=0xFF previousHop=0x02 sequence=370 ackSequence=0 ttl=8 hops=0 payloadSize=13 rssi=-61 sn
[2026-09-02T18:41:16.209+00:00][A] [INFO] --------------------------------
[2026-09-02T18:41:16.209+00:00][A] [INFO] [HEARTBEAT TX]
[2026-09-02T18:41:16.214+00:00][A] [INFO] Node ID: 1
[2026-09-02T18:41:16.214+00:00][A] [INFO] type: 2
[2026-09-02T18:41:16.215+00:00][A] [INFO] Destination: 0xFF
[2026-09-02T18:41:16.219+00:00][A] [INFO] Sequence: 667
[2026-09-02T18:41:16.220+00:00][A] [INFO] Packet ID: 366
[2026-09-02T18:41:16.225+00:00][A] [INFO] Packet Size: 26
[2026-09-02T18:41:16.225+00:00][A] [INFO] Timestamp: 366 ms
[2026-09-02T18:41:16.230+00:00][A] [INFO] Transmission Result: success
[2026-09-02T18:41:16.231+00:00][A] [INFO] --------------------------------
[2026-09-02T18:41:16.236+00:00][A] [INFO] [Heartbeat #366]
[2026-09-02T18:41:16.236+00:00][A] [INFO] Sent
[2026-09-02T18:41:16.236+00:00][A] [INFO] Waiting ACK...
[2026-09-02T18:41:16.237+00:00][A] [INFO] [WAITING ACK]
[2026-09-02T18:41:16.250+00:00][A] [INFO] [RF TX] type=2 source=0x01 destination=0xFF previousHop=0x01 sequence=667 ackSequence=0 ttl=8 hops=0 payloadSize=13 rssi=0 snr=
[2026-09-02T18:41:16.251+00:00][A] [INFO] Heartbeat packet sent
[2026-09-02T18:41:16.693+00:00][A] [INFO] [RF RX] type=2 source=0x02 destination=0xFF previousHop=0x02 sequence=370 ackSequence=0 ttl=8 hops=0 payloadSize=13 rssi=-61 sn
[2026-09-02T18:41:17.226+00:00][A] [WARN] Retry 1
[2026-09-02T18:41:17.293+00:00][A] [INFO] --------------------------------
[2026-09-02T18:41:17.293+00:00][A] [INFO] [HEARTBEAT TX]
[2026-09-02T18:41:17.298+00:00][A] [INFO] Node ID: 1
[2026-09-02T18:41:17.298+00:00][A] [INFO] type: 2
[2026-09-02T18:41:17.299+00:00][A] [INFO] Destination: 0xFF
[2026-09-02T18:41:17.304+00:00][A] [INFO] Sequence: 667
[2026-09-02T18:41:17.304+00:00][A] [INFO] Packet ID: 366
[2026-09-02T18:41:17.309+00:00][A] [INFO] Packet Size: 26
[2026-09-02T18:41:17.309+00:00][A] [INFO] Timestamp: 366 ms
[2026-09-02T18:41:17.314+00:00][A] [INFO] Transmission Result: success
[2026-09-02T18:41:17.315+00:00][A] [INFO] --------------------------------
[2026-09-02T18:41:17.320+00:00][A] [INFO] [Heartbeat #366]
[2026-09-02T18:41:17.320+00:00][A] [INFO] Sent
[2026-09-02T18:41:17.321+00:00][A] [INFO] Waiting ACK...
[2026-09-02T18:41:17.321+00:00][A] [INFO] [WAITING ACK]
[2026-09-02T18:41:17.334+00:00][A] [INFO] [RF TX] type=2 source=0x01 destination=0xFF previousHop=0x01 sequence=667 ackSequence=0 ttl=8 hops=0 payloadSize=13 rssi=0 snr=
[2026-09-02T18:41:17.335+00:00][A] [INFO] Heartbeat packet sent
[2026-09-02T18:41:17.609+00:00][A] [INFO] [RF RX] type=2 source=0x02 destination=0xFF previousHop=0x02 sequence=371 ackSequence=0 ttl=8 hops=0 payloadSize=13 rssi=-61 sn
[2026-09-02T18:41:18.209+00:00][A] [INFO] --------------------------------
[2026-09-02T18:41:18.210+00:00][A] [INFO] [HEARTBEAT TX]
[2026-09-02T18:41:18.214+00:00][A] [INFO] Node ID: 1
[2026-09-02T18:41:18.214+00:00][A] [INFO] type: 2
[2026-09-02T18:41:18.215+00:00][A] [INFO] Destination: 0xFF
[2026-09-02T18:41:18.219+00:00][A] [INFO] Sequence: 668
[2026-09-02T18:41:18.220+00:00][A] [INFO] Packet ID: 367
[2026-09-02T18:41:18.225+00:00][A] [INFO] Packet Size: 26
[2026-09-02T18:41:18.225+00:00][A] [INFO] Timestamp: 367 ms
[2026-09-02T18:41:18.230+00:00][A] [INFO] Transmission Result: success
[2026-09-02T18:41:18.231+00:00][A] [INFO] --------------------------------
[2026-09-02T18:41:18.236+00:00][A] [INFO] [Heartbeat #367]
[2026-09-02T18:41:18.236+00:00][A] [INFO] Sent
[2026-09-02T18:41:18.237+00:00][A] [INFO] Waiting ACK...
[2026-09-02T18:41:18.237+00:00][A] [INFO] [WAITING ACK]
[2026-09-02T18:41:18.250+00:00][A] [INFO] [RF TX] type=2 source=0x01 destination=0xFF previousHop=0x01 sequence=668 ackSequence=0 ttl=8 hops=0 payloadSize=13 rssi=0 snr=
[2026-09-02T18:41:18.251+00:00][A] [INFO] Heartbeat packet sent
[2026-09-02T18:41:18.692+00:00][A] [INFO] [RF RX] type=2 source=0x02 destination=0xFF previousHop=0x02 sequence=371 ackSequence=0 ttl=8 hops=0 payloadSize=13 rssi=-61 sn
[2026-09-02T18:41:19.226+00:00][A] [WARN] Retry 1
[2026-09-02T18:41:19.293+00:00][A] [INFO] --------------------------------
[2026-09-02T18:41:19.293+00:00][A] [INFO] [HEARTBEAT TX]
[2026-09-02T18:41:19.298+00:00][A] [INFO] Node ID: 1
[2026-09-02T18:41:19.298+00:00][A] [INFO] type: 2
[2026-09-02T18:41:19.299+00:00][A] [INFO] Destination: 0xFF
[2026-09-02T18:41:19.303+00:00][A] [INFO] Sequence: 668
[2026-09-02T18:41:19.304+00:00][A] [INFO] Packet ID: 367
[2026-09-02T18:41:19.309+00:00][A] [INFO] Packet Size: 26
[2026-09-02T18:41:19.309+00:00][A] [INFO] Timestamp: 367 ms
[2026-09-02T18:41:19.314+00:00][A] [INFO] Transmission Result: success
[2026-09-02T18:41:19.315+00:00][A] [INFO] --------------------------------
[2026-09-02T18:41:19.320+00:00][A] [INFO] [Heartbeat #367]
[2026-09-02T18:41:19.320+00:00][A] [INFO] Sent
[2026-09-02T18:41:19.321+00:00][A] [INFO] Waiting ACK...
[2026-09-02T18:41:19.321+00:00][A] [INFO] [WAITING ACK]
[2026-09-02T18:41:19.334+00:00][A] [INFO] [RF TX] type=2 source=0x01 destination=0xFF previousHop=0x01 sequence=668 ackSequence=0 ttl=8 hops=0 payloadSize=13 rssi=0 snr=
[2026-09-02T18:41:19.335+00:00][A] [INFO] Heartbeat packet sent
[2026-09-02T18:41:19.609+00:00][A] [INFO] [RF RX] type=2 source=0x02 destination=0xFF previousHop=0x02 sequence=372 ackSequence=0 ttl=8 hops=0 payloadSize=13 rssi=-60 sn
[2026-09-02T18:41:20.209+00:00][A] [INFO] --------------------------------
[2026-09-02T18:41:20.209+00:00][A] [INFO] [HEARTBEAT TX]
[2026-09-02T18:41:20.214+00:00][A] [INFO] Node ID: 1
[2026-09-02T18:41:20.214+00:00][A] [INFO] type: 2
[2026-09-02T18:41:20.215+00:00][A] [INFO] Destination: 0xFF
[2026-09-02T18:41:20.219+00:00][A] [INFO] Sequence: 669
[2026-09-02T18:41:20.220+00:00][A] [INFO] Packet ID: 368
[2026-09-02T18:41:20.225+00:00][A] [INFO] Packet Size: 26
[2026-09-02T18:41:20.225+00:00][A] [INFO] Timestamp: 368 ms
[2026-09-02T18:41:20.230+00:00][A] [INFO] Transmission Result: success
[2026-09-02T18:41:20.231+00:00][A] [INFO] --------------------------------
[2026-09-02T18:41:20.236+00:00][A] [INFO] [Heartbeat #368]
[2026-09-02T18:41:20.236+00:00][A] [INFO] Sent
[2026-09-02T18:41:20.237+00:00][A] [INFO] Waiting ACK...
[2026-09-02T18:41:20.237+00:00][A] [INFO] [WAITING ACK]
[2026-09-02T18:41:20.250+00:00][A] [INFO] [RF TX] type=2 source=0x01 destination=0xFF previousHop=0x01 sequence=669 ackSequence=0 ttl=8 hops=0 payloadSize=13 rssi=0 snr=
[2026-09-02T18:41:20.251+00:00][A] [INFO] Heartbeat packet sent
[2026-09-02T18:41:20.693+00:00][A] [INFO] [RF RX] type=2 source=0x02 destination=0xFF previousHop=0x02 sequence=372 ackSequence=0 ttl=8 hops=0 payloadSize=13 rssi=-60 sn
[2026-09-02T18:41:21.226+00:00][A] [WARN] Retry 1
[2026-09-02T18:41:21.293+00:00][A] [INFO] --------------------------------
[2026-09-02T18:41:21.293+00:00][A] [INFO] [HEARTBEAT TX]
[2026-09-02T18:41:21.298+00:00][A] [INFO] Node ID: 1
[2026-09-02T18:41:21.298+00:00][A] [INFO] type: 2
[2026-09-02T18:41:21.299+00:00][A] [INFO] Destination: 0xFF
[2026-09-02T18:41:21.303+00:00][A] [INFO] Sequence: 669
[2026-09-02T18:41:21.304+00:00][A] [INFO] Packet ID: 368
[2026-09-02T18:41:21.309+00:00][A] [INFO] Packet Size: 26
[2026-09-02T18:41:21.309+00:00][A] [INFO] Timestamp: 368 ms
[2026-09-02T18:41:21.314+00:00][A] [INFO] Transmission Result: success
[2026-09-02T18:41:21.315+00:00][A] [INFO] --------------------------------
[2026-09-02T18:41:21.320+00:00][A] [INFO] [Heartbeat #368]
[2026-09-02T18:41:21.320+00:00][A] [INFO] Sent
[2026-09-02T18:41:21.321+00:00][A] [INFO] Waiting ACK...
[2026-09-02T18:41:21.321+00:00][A] [INFO] [WAITING ACK]
[2026-09-02T18:41:21.334+00:00][A] [INFO] [RF TX] type=2 source=0x01 destination=0xFF previousHop=0x01 sequence=669 ackSequence=0 ttl=8 hops=0 payloadSize=13 rssi=0 snr=
[2026-09-02T18:41:21.335+00:00][A] [INFO] Heartbeat packet sent
[2026-09-02T18:41:21.609+00:00][A] [INFO] [RF RX] type=2 source=0x02 destination=0xFF previousHop=0x02 sequence=373 ackSequence=0 ttl=8 hops=0 payloadSize=13 rssi=-61 sn
[2026-09-02T18:41:22.209+00:00][A] [INFO] --------------------------------
[2026-09-02T18:41:22.209+00:00][A] [INFO] [HEARTBEAT TX]
[2026-09-02T18:41:22.214+00:00][A] [INFO] Node ID: 1
[2026-09-02T18:41:22.214+00:00][A] [INFO] type: 2
[2026-09-02T18:41:22.214+00:00][A] [INFO] Destination: 0xFF
[2026-09-02T18:41:22.219+00:00][A] [INFO] Sequence: 670
[2026-09-02T18:41:22.220+00:00][A] [INFO] Packet ID: 369
[2026-09-02T18:41:22.225+00:00][A] [INFO] Packet Size: 26
[2026-09-02T18:41:22.225+00:00][A] [INFO] Timestamp: 369 ms
[2026-09-02T18:41:22.230+00:00][A] [INFO] Transmission Result: success
[2026-09-02T18:41:22.231+00:00][A] [INFO] --------------------------------
[2026-09-02T18:41:22.236+00:00][A] [INFO] [Heartbeat #369]
[2026-09-02T18:41:22.236+00:00][A] [INFO] Sent
[2026-09-02T18:41:22.236+00:00][A] [INFO] Waiting ACK...
[2026-09-02T18:41:22.237+00:00][A] [INFO] [WAITING ACK]
[2026-09-02T18:41:22.250+00:00][A] [INFO] [RF TX] type=2 source=0x01 destination=0xFF previousHop=0x01 sequence=670 ackSequence=0 ttl=8 hops=0 payloadSize=13 rssi=0 snr=
[2026-09-02T18:41:22.251+00:00][A] [INFO] Heartbeat packet sent
[2026-09-02T18:41:22.693+00:00][A] [INFO] [RF RX] type=2 source=0x02 destination=0xFF previousHop=0x02 sequence=373 ackSequence=0 ttl=8 hops=0 payloadSize=13 rssi=-61 sn
[2026-09-02T18:41:23.226+00:00][A] [WARN] Retry 1
[2026-09-02T18:41:23.293+00:00][A] [INFO] --------------------------------
[2026-09-02T18:41:23.293+00:00][A] [INFO] [HEARTBEAT TX]
[2026-09-02T18:41:23.298+00:00][A] [INFO] Node ID: 1
[2026-09-02T18:41:23.298+00:00][A] [INFO] type: 2
[2026-09-02T18:41:23.298+00:00][A] [INFO] Destination: 0xFF
[2026-09-02T18:41:23.303+00:00][A] [INFO] Sequence: 670
[2026-09-02T18:41:23.304+00:00][A] [INFO] Packet ID: 369
[2026-09-02T18:41:23.309+00:00][A] [INFO] Packet Size: 26
[2026-09-02T18:41:23.309+00:00][A] [INFO] Timestamp: 369 ms
[2026-09-02T18:41:23.314+00:00][A] [INFO] Transmission Result: success
[2026-09-02T18:41:23.315+00:00][A] [INFO] --------------------------------
[2026-09-02T18:41:23.320+00:00][A] [INFO] [Heartbeat #369]
[2026-09-02T18:41:23.320+00:00][A] [INFO] Sent
[2026-09-02T18:41:23.320+00:00][A] [INFO] Waiting ACK...
[2026-09-02T18:41:23.321+00:00][A] [INFO] [WAITING ACK]
[2026-09-02T18:41:23.334+00:00][A] [INFO] [RF TX] type=2 source=0x01 destination=0xFF previousHop=0x01 sequence=670 ackSequence=0 ttl=8 hops=0 payloadSize=13 rssi=0 snr=
[2026-09-02T18:41:23.335+00:00][A] [INFO] Heartbeat packet sent
[2026-09-02T18:41:23.609+00:00][A] [INFO] [RF RX] type=2 source=0x02 destination=0xFF previousHop=0x02 sequence=374 ackSequence=0 ttl=8 hops=0 payloadSize=13 rssi=-61 sn
[2026-09-02T18:41:24.208+00:00][A] [INFO] --------------------------------
[2026-09-02T18:41:24.209+00:00][A] [INFO] [HEARTBEAT TX]
[2026-09-02T18:41:24.214+00:00][A] [INFO] Node ID: 1
[2026-09-02T18:41:24.214+00:00][A] [INFO] type: 2
[2026-09-02T18:41:24.214+00:00][A] [INFO] Destination: 0xFF
[2026-09-02T18:41:24.219+00:00][A] [INFO] Sequence: 671
[2026-09-02T18:41:24.220+00:00][A] [INFO] Packet ID: 370
[2026-09-02T18:41:24.225+00:00][A] [INFO] Packet Size: 26
[2026-09-02T18:41:24.225+00:00][A] [INFO] Timestamp: 370 ms
[2026-09-02T18:41:24.230+00:00][A] [INFO] Transmission Result: success
[2026-09-02T18:41:24.230+00:00][A] [INFO] --------------------------------
[2026-09-02T18:41:24.236+00:00][A] [INFO] [Heartbeat #370]
[2026-09-02T18:41:24.236+00:00][A] [INFO] Sent
[2026-09-02T18:41:24.236+00:00][A] [INFO] Waiting ACK...
[2026-09-02T18:41:24.236+00:00][A] [INFO] [WAITING ACK]
[2026-09-02T18:41:24.250+00:00][A] [INFO] [RF TX] type=2 source=0x01 destination=0xFF previousHop=0x01 sequence=671 ackSequence=0 ttl=8 hops=0 payloadSize=13 rssi=0 snr=
[2026-09-02T18:41:24.250+00:00][A] [INFO] Heartbeat packet sent
[2026-09-02T18:41:24.692+00:00][A] [INFO] [RF RX] type=2 source=0x02 destination=0xFF previousHop=0x02 sequence=374 ackSequence=0 ttl=8 hops=0 payloadSize=13 rssi=-61 sn
[2026-09-02T18:41:25.225+00:00][A] [WARN] Retry 1
[2026-09-02T18:41:25.294+00:00][A] [INFO] --------------------------------
[2026-09-02T18:41:25.295+00:00][A] [INFO] [HEARTBEAT TX]
[2026-09-02T18:41:25.297+00:00][A] [INFO] Node ID: 1
[2026-09-02T18:41:25.297+00:00][A] [INFO] type: 2
[2026-09-02T18:41:25.298+00:00][A] [INFO] Destination: 0xFF
[2026-09-02T18:41:25.303+00:00][A] [INFO] Sequence: 671
[2026-09-02T18:41:25.303+00:00][A] [INFO] Packet ID: 370
[2026-09-02T18:41:25.308+00:00][A] [INFO] Packet Size: 26
[2026-09-02T18:41:25.309+00:00][A] [INFO] Timestamp: 370 ms
[2026-09-02T18:41:25.314+00:00][A] [INFO] Transmission Result: success
[2026-09-02T18:41:25.314+00:00][A] [INFO] --------------------------------
[2026-09-02T18:41:25.320+00:00][A] [INFO] [Heartbeat #370]
[2026-09-02T18:41:25.320+00:00][A] [INFO] Sent
[2026-09-02T18:41:25.320+00:00][A] [INFO] Waiting ACK...
[2026-09-02T18:41:25.320+00:00][A] [INFO] [WAITING ACK]
[2026-09-02T18:41:25.336+00:00][A] [INFO] [RF TX] type=2 source=0x01 destination=0xFF previousHop=0x01 sequence=671 ackSequence=0 ttl=8 hops=0 payloadSize=13 rssi=0 snr=
[2026-09-02T18:41:25.338+00:00][A] [INFO] Heartbeat packet sent
[2026-09-02T18:41:25.622+00:00][A] [INFO] [RF RX] type=2 source=0x02 destination=0xFF previousHop=0x02 sequence=375 ackSequence=0 ttl=8 hops=0 payloadSize=13 rssi=-61 sn
[2026-09-02T18:41:26.208+00:00][A] [INFO] --------------------------------
[2026-09-02T18:41:26.208+00:00][A] [INFO] [HEARTBEAT TX]
[2026-09-02T18:41:26.214+00:00][A] [INFO] Node ID: 1
[2026-09-02T18:41:26.214+00:00][A] [INFO] type: 2
[2026-09-02T18:41:26.214+00:00][A] [INFO] Destination: 0xFF
[2026-09-02T18:41:26.219+00:00][A] [INFO] Sequence: 672
[2026-09-02T18:41:26.219+00:00][A] [INFO] Packet ID: 371
[2026-09-02T18:41:26.225+00:00][A] [INFO] Packet Size: 26
[2026-09-02T18:41:26.225+00:00][A] [INFO] Timestamp: 371 ms
[2026-09-02T18:41:26.230+00:00][A] [INFO] Transmission Result: success
[2026-09-02T18:41:26.230+00:00][A] [INFO] --------------------------------
[2026-09-02T18:41:26.236+00:00][A] [INFO] [Heartbeat #371]
[2026-09-02T18:41:26.236+00:00][A] [INFO] Sent
[2026-09-02T18:41:26.236+00:00][A] [INFO] Waiting ACK...
[2026-09-02T18:41:26.236+00:00][A] [INFO] [WAITING ACK]
[2026-09-02T18:41:26.250+00:00][A] [INFO] [RF TX] type=2 source=0x01 destination=0xFF previousHop=0x01 sequence=672 ackSequence=0 ttl=8 hops=0 payloadSize=13 rssi=0 snr=
[2026-09-02T18:41:26.250+00:00][A] [INFO] Heartbeat packet sent
[2026-09-02T18:41:26.696+00:00][A] [INFO] [RF RX] type=2 source=0x02 destination=0xFF previousHop=0x02 sequence=375 ackSequence=0 ttl=8 hops=0 payloadSize=13 rssi=-61 sn
[2026-09-02T18:41:27.225+00:00][A] [WARN] Retry 1
[2026-09-02T18:41:27.292+00:00][A] [INFO] --------------------------------
[2026-09-02T18:41:27.292+00:00][A] [INFO] [HEARTBEAT TX]
[2026-09-02T18:41:27.297+00:00][A] [INFO] Node ID: 1
[2026-09-02T18:41:27.297+00:00][A] [INFO] type: 2
[2026-09-02T18:41:27.298+00:00][A] [INFO] Destination: 0xFF
[2026-09-02T18:41:27.303+00:00][A] [INFO] Sequence: 672
[2026-09-02T18:41:27.303+00:00][A] [INFO] Packet ID: 371
[2026-09-02T18:41:27.308+00:00][A] [INFO] Packet Size: 26
[2026-09-02T18:41:27.309+00:00][A] [INFO] Timestamp: 371 ms
[2026-09-02T18:41:27.314+00:00][A] [INFO] Transmission Result: success
[2026-09-02T18:41:27.314+00:00][A] [INFO] --------------------------------
[2026-09-02T18:41:27.320+00:00][A] [INFO] [Heartbeat #371]
[2026-09-02T18:41:27.320+00:00][A] [INFO] Sent
[2026-09-02T18:41:27.320+00:00][A] [INFO] Waiting ACK...
[2026-09-02T18:41:27.320+00:00][A] [INFO] [WAITING ACK]
[2026-09-02T18:41:27.334+00:00][A] [INFO] [RF TX] type=2 source=0x01 destination=0xFF previousHop=0x01 sequence=672 ackSequence=0 ttl=8 hops=0 payloadSize=13 rssi=0 snr=
[2026-09-02T18:41:27.334+00:00][A] [INFO] Heartbeat packet sent
[2026-09-02T18:41:27.608+00:00][A] [INFO] [RF RX] type=2 source=0x02 destination=0xFF previousHop=0x02 sequence=376 ackSequence=0 ttl=8 hops=0 payloadSize=13 rssi=-61 sn
[2026-09-02T18:41:28.208+00:00][A] [INFO] --------------------------------
[2026-09-02T18:41:28.209+00:00][A] [INFO] [HEARTBEAT TX]
[2026-09-02T18:41:28.214+00:00][A] [INFO] Node ID: 1
[2026-09-02T18:41:28.214+00:00][A] [INFO] type: 2
[2026-09-02T18:41:28.214+00:00][A] [INFO] Destination: 0xFF
[2026-09-02T18:41:28.219+00:00][A] [INFO] Sequence: 673
[2026-09-02T18:41:28.220+00:00][A] [INFO] Packet ID: 372
[2026-09-02T18:41:28.225+00:00][A] [INFO] Packet Size: 26
[2026-09-02T18:41:28.225+00:00][A] [INFO] Timestamp: 372 ms
[2026-09-02T18:41:28.230+00:00][A] [INFO] Transmission Result: success
[2026-09-02T18:41:28.230+00:00][A] [INFO] --------------------------------
[2026-09-02T18:41:28.236+00:00][A] [INFO] [Heartbeat #372]
[2026-09-02T18:41:28.236+00:00][A] [INFO] Sent
[2026-09-02T18:41:28.236+00:00][A] [INFO] Waiting ACK...
[2026-09-02T18:41:28.236+00:00][A] [INFO] [WAITING ACK]
[2026-09-02T18:41:28.250+00:00][A] [INFO] [RF TX] type=2 source=0x01 destination=0xFF previousHop=0x01 sequence=673 ackSequence=0 ttl=8 hops=0 payloadSize=13 rssi=0 snr=
[2026-09-02T18:41:28.251+00:00][A] [INFO] Heartbeat packet sent
[2026-09-02T18:41:28.692+00:00][A] [INFO] [RF RX] type=2 source=0x02 destination=0xFF previousHop=0x02 sequence=376 ackSequence=0 ttl=8 hops=0 payloadSize=13 rssi=-59 sn
