[2026-09-02T19:00:11.929+00:00][B] ESP-ROM:esp32s3-20210327
[2026-09-02T19:00:11.929+00:00][A] ESP-ROM:esp32s3-20210327
[2026-09-02T19:00:11.938+00:00][A] Build:Mar 27 2021
[2026-09-02T19:00:11.938+00:00][B] Build:Mar 27 2021
[2026-09-02T19:00:11.943+00:00][B] rst:0x1 (POWERON),boot:0x8 (SPI_FAST_FLASH_BOOT)
[2026-09-02T19:00:11.943+00:00][B] SPIWP:0xee
[2026-09-02T19:00:11.943+00:00][A] rst:0x1 (POWERON),boot:0x8 (SPI_FAST_FLASH_BOOT)
[2026-09-02T19:00:11.943+00:00][A] SPIWP:0xee
[2026-09-02T19:00:11.943+00:00][A] mode:DIO, clock div:1
[2026-09-02T19:00:11.944+00:00][B] mode:DIO, clock div:1
[2026-09-02T19:00:11.949+00:00][B] load:0x3fce3808,len:0x4bc
[2026-09-02T19:00:11.949+00:00][A] load:0x3fce3808,len:0x4bc
[2026-09-02T19:00:11.949+00:00][B] load:0x403c9700,len:0xbd8
[2026-09-02T19:00:11.949+00:00][A] load:0x403c9700,len:0xbd8
[2026-09-02T19:00:11.949+00:00][A] load:0x403cc700,len:0x2a0c
[2026-09-02T19:00:11.949+00:00][B] load:0x403cc700,len:0x2a0c
[2026-09-02T19:00:11.950+00:00][B] entry 0x403c98d0
[2026-09-02T19:00:11.950+00:00][A] entry 0x403c98d0
[2026-09-02T19:00:14.040+00:00][B] [INFO] ================================
[2026-09-02T19:00:14.041+00:00][A] [INFO] ================================
[2026-09-02T19:00:14.045+00:00][B] [INFO] Jalari BoatNode Firmware
[2026-09-02T19:00:14.046+00:00][B] [INFO] 0.1.0
[2026-09-02T19:00:14.046+00:00][B] [INFO] ================================
[2026-09-02T19:00:14.047+00:00][A] [INFO] Jalari BoatNode Firmware
[2026-09-02T19:00:14.047+00:00][A] [INFO] 0.1.0
[2026-09-02T19:00:14.047+00:00][A] [INFO] ================================
[2026-09-02T19:00:14.058+00:00][B] [INFO] LoRa ready
[2026-09-02T19:00:14.059+00:00][A] [INFO] LoRa ready
[2026-09-02T19:00:14.124+00:00][B] [INFO] --------------------------------
[2026-09-02T19:00:14.125+00:00][B] [INFO] [HEARTBEAT TX]
[2026-09-02T19:00:14.126+00:00][A] [INFO] --------------------------------
[2026-09-02T19:00:14.126+00:00][A] [INFO] [HEARTBEAT TX]
[2026-09-02T19:00:14.130+00:00][B] [INFO] Node ID: 2
[2026-09-02T19:00:14.130+00:00][B] [INFO] type: 2
[2026-09-02T19:00:14.130+00:00][B] [INFO] Destination: 0xFF
[2026-09-02T19:00:14.131+00:00][A] [INFO] Node ID: 1
[2026-09-02T19:00:14.131+00:00][A] [INFO] type: 2
[2026-09-02T19:00:14.131+00:00][A] [INFO] Destination: 0xFF
[2026-09-02T19:00:14.135+00:00][B] [INFO] Sequence: 0
[2026-09-02T19:00:14.135+00:00][B] [INFO] Packet ID: 1
[2026-09-02T19:00:14.136+00:00][B] [INFO] Packet Size: 26
[2026-09-02T19:00:14.137+00:00][A] [INFO] Sequence: 0
[2026-09-02T19:00:14.137+00:00][A] [INFO] Packet ID: 1
[2026-09-02T19:00:14.137+00:00][A] [INFO] Packet Size: 26
[2026-09-02T19:00:14.141+00:00][B] [INFO] Timestamp: 1 ms
[2026-09-02T19:00:14.141+00:00][B] [INFO] Transmission Result: success
[2026-09-02T19:00:14.142+00:00][A] [INFO] Timestamp: 1 ms
[2026-09-02T19:00:14.142+00:00][A] [INFO] Transmission Result: success
[2026-09-02T19:00:14.147+00:00][B] [INFO] --------------------------------
[2026-09-02T19:00:14.147+00:00][B] [INFO] [Heartbeat #1]
[2026-09-02T19:00:14.148+00:00][A] [INFO] --------------------------------
[2026-09-02T19:00:14.148+00:00][A] [INFO] [Heartbeat #1]
[2026-09-02T19:00:14.152+00:00][B] [INFO] Sent
[2026-09-02T19:00:14.152+00:00][B] [INFO] Waiting ACK...
[2026-09-02T19:00:14.152+00:00][B] [INFO] [WAITING ACK]
[2026-09-02T19:00:14.153+00:00][A] [INFO] Sent
[2026-09-02T19:00:14.153+00:00][A] [INFO] Waiting ACK...
[2026-09-02T19:00:14.153+00:00][A] [INFO] [WAITING ACK]
[2026-09-02T19:00:14.163+00:00][B] [INFO] [RF TX] type=2 source=0x02 destination=0xFF previousHop=0x02 sequence=0 ackSequence=0 ttl=8 hops=0 payloadSize=13 rssi=0 snr=0.00
[2026-09-02T19:00:14.165+00:00][A] [INFO] [RF TX] type=2 source=0x01 destination=0xFF previousHop=0x01 sequence=0 ackSequence=0 ttl=8 hops=0 payloadSize=13 rssi=0 snr=0.00
[2026-09-02T19:00:14.166+00:00][B] [INFO] Heartbeat packet sent
[2026-09-02T19:00:14.167+00:00][A] [INFO] Heartbeat packet sent
[2026-09-02T19:00:15.141+00:00][B] [WARN] Retry 1
[2026-09-02T19:00:15.142+00:00][A] [WARN] Retry 1
[2026-09-02T19:00:15.208+00:00][B] [INFO] --------------------------------
[2026-09-02T19:00:15.208+00:00][B] [INFO] [HEARTBEAT TX]
[2026-09-02T19:00:15.209+00:00][A] [INFO] --------------------------------
[2026-09-02T19:00:15.209+00:00][A] [INFO] [HEARTBEAT TX]
[2026-09-02T19:00:15.214+00:00][B] [INFO] Node ID: 2
[2026-09-02T19:00:15.214+00:00][B] [INFO] type: 2
[2026-09-02T19:00:15.214+00:00][B] [INFO] Destination: 0xFF
[2026-09-02T19:00:15.215+00:00][A] [INFO] Node ID: 1
[2026-09-02T19:00:15.215+00:00][A] [INFO] type: 2
[2026-09-02T19:00:15.215+00:00][A] [INFO] Destination: 0xFF
[2026-09-02T19:00:15.219+00:00][B] [INFO] Sequence: 0
[2026-09-02T19:00:15.219+00:00][B] [INFO] Packet ID: 1
[2026-09-02T19:00:15.219+00:00][B] [INFO] Packet Size: 26
[2026-09-02T19:00:15.220+00:00][A] [INFO] Sequence: 0
[2026-09-02T19:00:15.220+00:00][A] [INFO] Packet ID: 1
[2026-09-02T19:00:15.220+00:00][A] [INFO] Packet Size: 26
[2026-09-02T19:00:15.225+00:00][B] [INFO] Timestamp: 1 ms
[2026-09-02T19:00:15.225+00:00][B] [INFO] Transmission Result: success
[2026-09-02T19:00:15.226+00:00][A] [INFO] Timestamp: 1 ms
[2026-09-02T19:00:15.226+00:00][A] [INFO] Transmission Result: success
[2026-09-02T19:00:15.230+00:00][B] [INFO] --------------------------------
[2026-09-02T19:00:15.230+00:00][B] [INFO] [Heartbeat #1]
[2026-09-02T19:00:15.231+00:00][A] [INFO] --------------------------------
[2026-09-02T19:00:15.232+00:00][A] [INFO] [Heartbeat #1]
[2026-09-02T19:00:15.236+00:00][B] [INFO] Sent
[2026-09-02T19:00:15.236+00:00][B] [INFO] Waiting ACK...
[2026-09-02T19:00:15.236+00:00][B] [INFO] [WAITING ACK]
[2026-09-02T19:00:15.237+00:00][A] [INFO] Sent
[2026-09-02T19:00:15.237+00:00][A] [INFO] Waiting ACK...
[2026-09-02T19:00:15.237+00:00][A] [INFO] [WAITING ACK]
[2026-09-02T19:00:15.247+00:00][B] [INFO] [RF TX] type=2 source=0x02 destination=0xFF previousHop=0x02 sequence=0 ackSequence=0 ttl=8 hops=0 payloadSize=13 rssi=0 snr=0.00
[2026-09-02T19:00:15.248+00:00][A] [INFO] [RF TX] type=2 source=0x01 destination=0xFF previousHop=0x01 sequence=0 ackSequence=0 ttl=8 hops=0 payloadSize=13 rssi=0 snr=0.00
[2026-09-02T19:00:15.249+00:00][B] [INFO] Heartbeat packet sent
[2026-09-02T19:00:15.251+00:00][A] [INFO] Heartbeat packet sent
[2026-09-02T19:00:16.124+00:00][B] [INFO] --------------------------------
[2026-09-02T19:00:16.124+00:00][B] [INFO] [HEARTBEAT TX]
[2026-09-02T19:00:16.125+00:00][A] [INFO] --------------------------------
[2026-09-02T19:00:16.125+00:00][A] [INFO] [HEARTBEAT TX]
[2026-09-02T19:00:16.130+00:00][B] [INFO] Node ID: 2
[2026-09-02T19:00:16.130+00:00][B] [INFO] type: 2
[2026-09-02T19:00:16.130+00:00][B] [INFO] Destination: 0xFF
[2026-09-02T19:00:16.131+00:00][A] [INFO] Node ID: 1
[2026-09-02T19:00:16.131+00:00][A] [INFO] type: 2
[2026-09-02T19:00:16.131+00:00][A] [INFO] Destination: 0xFF
[2026-09-02T19:00:16.135+00:00][B] [INFO] Sequence: 1
[2026-09-02T19:00:16.135+00:00][B] [INFO] Packet ID: 2
[2026-09-02T19:00:16.135+00:00][B] [INFO] Packet Size: 26
[2026-09-02T19:00:16.136+00:00][A] [INFO] Sequence: 1
[2026-09-02T19:00:16.136+00:00][A] [INFO] Packet ID: 2
[2026-09-02T19:00:16.136+00:00][A] [INFO] Packet Size: 26
[2026-09-02T19:00:16.141+00:00][B] [INFO] Timestamp: 2 ms
[2026-09-02T19:00:16.141+00:00][B] [INFO] Transmission Result: success
[2026-09-02T19:00:16.142+00:00][A] [INFO] Timestamp: 2 ms
[2026-09-02T19:00:16.142+00:00][A] [INFO] Transmission Result: success
[2026-09-02T19:00:16.146+00:00][B] [INFO] --------------------------------
[2026-09-02T19:00:16.146+00:00][B] [INFO] [Heartbeat #2]
[2026-09-02T19:00:16.147+00:00][A] [INFO] --------------------------------
[2026-09-02T19:00:16.147+00:00][A] [INFO] [Heartbeat #2]
[2026-09-02T19:00:16.152+00:00][B] [INFO] Sent
[2026-09-02T19:00:16.152+00:00][B] [INFO] Waiting ACK...
[2026-09-02T19:00:16.152+00:00][B] [INFO] [WAITING ACK]
[2026-09-02T19:00:16.153+00:00][A] [INFO] Sent
[2026-09-02T19:00:16.153+00:00][A] [INFO] Waiting ACK...
[2026-09-02T19:00:16.153+00:00][A] [INFO] [WAITING ACK]
[2026-09-02T19:00:16.163+00:00][B] [INFO] [RF TX] type=2 source=0x02 destination=0xFF previousHop=0x02 sequence=1 ackSequence=0 ttl=8 hops=0 payloadSize=13 rssi=0 snr=0.00
[2026-09-02T19:00:16.164+00:00][A] [INFO] [RF TX] type=2 source=0x01 destination=0xFF previousHop=0x01 sequence=1 ackSequence=0 ttl=8 hops=0 payloadSize=13 rssi=0 snr=0.00
[2026-09-02T19:00:16.165+00:00][B] [INFO] Heartbeat packet sent
[2026-09-02T19:00:16.167+00:00][A] [INFO] Heartbeat packet sent
[2026-09-02T19:00:16.985+00:00][A] [INFO] TEST_DATA_QUEUED dst=0x02 seq=2 remaining=99
[2026-09-02T19:00:17.045+00:00][A] [INFO] [RF TX] type=1 source=0x01 destination=0x02 previousHop=0x01 sequence=2 ackSequence=0 ttl=8 hops=0 payloadSize=4 rssi=0 snr=0.00
[2026-09-02T19:00:17.047+00:00][B] [INFO] [RF RX] type=1 source=0x01 destination=0x02 previousHop=0x01 sequence=2 ackSequence=0 ttl=8 hops=0 payloadSize=4 rssi=-62 snr=9.50
[2026-09-02T19:00:17.104+00:00][B] [INFO] [RF TX] type=3 source=0x02 destination=0x01 previousHop=0x02 sequence=2 ackSequence=2 ttl=8 hops=0 payloadSize=2 rssi=0 snr=0.00
[2026-09-02T19:00:17.111+00:00][A] [INFO] [RF RX] type=3 source=0x02 destination=0x01 previousHop=0x02 sequence=2 ackSequence=2 ttl=8 hops=0 payloadSize=2 rssi=-59 snr=9.75
[2026-09-02T19:00:17.111+00:00][A] [INFO] ACK_RX seq=2 source=0x02
[2026-09-02T19:00:17.114+00:00][A] [INFO] TEST_DATA_QUEUED dst=0x02 seq=3 remaining=98
[2026-09-02T19:00:17.141+00:00][B] [WARN] Retry 1
[2026-09-02T19:00:17.170+00:00][A] [INFO] [RF TX] type=1 source=0x01 destination=0x02 previousHop=0x01 sequence=3 ackSequence=0 ttl=8 hops=0 payloadSize=4 rssi=0 snr=0.00
[2026-09-02T19:00:17.170+00:00][A] [WARN] Retry 1
[2026-09-02T19:00:17.208+00:00][B] [INFO] --------------------------------
[2026-09-02T19:00:17.208+00:00][B] [INFO] [HEARTBEAT TX]
[2026-09-02T19:00:17.214+00:00][B] [INFO] Node ID: 2
[2026-09-02T19:00:17.214+00:00][B] [INFO] type: 2
[2026-09-02T19:00:17.214+00:00][B] [INFO] Destination: 0xFF
[2026-09-02T19:00:17.219+00:00][B] [INFO] Sequence: 1
[2026-09-02T19:00:17.219+00:00][B] [INFO] Packet ID: 2
[2026-09-02T19:00:17.219+00:00][B] [INFO] Packet Size: 26
[2026-09-02T19:00:17.225+00:00][B] [INFO] Timestamp: 2 ms
[2026-09-02T19:00:17.225+00:00][B] [INFO] Transmission Result: success
[2026-09-02T19:00:17.230+00:00][B] [INFO] --------------------------------
[2026-09-02T19:00:17.230+00:00][B] [INFO] [Heartbeat #2]
[2026-09-02T19:00:17.236+00:00][B] [INFO] Sent
[2026-09-02T19:00:17.236+00:00][B] [INFO] Waiting ACK...
[2026-09-02T19:00:17.236+00:00][B] [INFO] [WAITING ACK]
[2026-09-02T19:00:17.236+00:00][A] [INFO] --------------------------------
[2026-09-02T19:00:17.236+00:00][A] [INFO] [HEARTBEAT TX]
[2026-09-02T19:00:17.241+00:00][A] [INFO] Node ID: 1
[2026-09-02T19:00:17.242+00:00][A] [INFO] type: 2
[2026-09-02T19:00:17.242+00:00][A] [INFO] Destination: 0xFF
[2026-09-02T19:00:17.247+00:00][B] [INFO] [RF TX] type=2 source=0x02 destination=0xFF previousHop=0x02 sequence=1 ackSequence=0 ttl=8 hops=0 payloadSize=13 rssi=0 snr=0.00
[2026-09-02T19:00:17.247+00:00][A] [INFO] Sequence: 1
[2026-09-02T19:00:17.247+00:00][A] [INFO] Packet ID: 2
[2026-09-02T19:00:17.247+00:00][A] [INFO] Packet Size: 26
[2026-09-02T19:00:17.249+00:00][B] [INFO] Heartbeat packet sent
[2026-09-02T19:00:17.253+00:00][A] [INFO] Timestamp: 2 ms
[2026-09-02T19:00:17.253+00:00][A] [INFO] Transmission Result: success
[2026-09-02T19:00:17.258+00:00][A] [INFO] --------------------------------
[2026-09-02T19:00:17.258+00:00][A] [INFO] [Heartbeat #2]
[2026-09-02T19:00:17.264+00:00][A] [INFO] Sent
[2026-09-02T19:00:17.264+00:00][A] [INFO] Waiting ACK...
[2026-09-02T19:00:17.264+00:00][A] [INFO] [WAITING ACK]
[2026-09-02T19:00:17.275+00:00][A] [INFO] [RF TX] type=2 source=0x01 destination=0xFF previousHop=0x01 sequence=1 ackSequence=0 ttl=8 hops=0 payloadSize=13 rssi=0 snr=0.00
[2026-09-02T19:00:17.277+00:00][A] [INFO] Heartbeat packet sent
[2026-09-02T19:00:18.127+00:00][B] [INFO] --------------------------------
[2026-09-02T19:00:18.128+00:00][A] [INFO] --------------------------------
[2026-09-02T19:00:18.128+00:00][B] [INFO] [HEARTBEAT TX]
[2026-09-02T19:00:18.128+00:00][A] [INFO] [HEARTBEAT TX]
[2026-09-02T19:00:18.129+00:00][B] [INFO] Node ID: 2
[2026-09-02T19:00:18.130+00:00][B] [INFO] type: 2
[2026-09-02T19:00:18.130+00:00][B] [INFO] Destination: 0xFF
[2026-09-02T19:00:18.131+00:00][A] [INFO] Node ID: 1
[2026-09-02T19:00:18.131+00:00][A] [INFO] type: 2
[2026-09-02T19:00:18.132+00:00][A] [INFO] Destination: 0xFF
[2026-09-02T19:00:18.135+00:00][B] [INFO] Sequence: 3
[2026-09-02T19:00:18.136+00:00][B] [INFO] Packet ID: 3
[2026-09-02T19:00:18.136+00:00][B] [INFO] Packet Size: 26
[2026-09-02T19:00:18.136+00:00][A] [INFO] Sequence: 4
[2026-09-02T19:00:18.136+00:00][A] [INFO] Packet ID: 3
[2026-09-02T19:00:18.137+00:00][A] [INFO] Packet Size: 26
[2026-09-02T19:00:18.141+00:00][B] [INFO] Timestamp: 3 ms
[2026-09-02T19:00:18.141+00:00][B] [INFO] Transmission Result: success
[2026-09-02T19:00:18.142+00:00][A] [INFO] Timestamp: 3 ms
[2026-09-02T19:00:18.142+00:00][A] [INFO] Transmission Result: success
[2026-09-02T19:00:18.146+00:00][B] [INFO] --------------------------------
[2026-09-02T19:00:18.146+00:00][B] [INFO] [Heartbeat #3]
[2026-09-02T19:00:18.147+00:00][A] [INFO] --------------------------------
[2026-09-02T19:00:18.148+00:00][A] [INFO] [Heartbeat #3]
[2026-09-02T19:00:18.152+00:00][B] [INFO] Sent
[2026-09-02T19:00:18.152+00:00][B] [INFO] Waiting ACK...
[2026-09-02T19:00:18.152+00:00][B] [INFO] [WAITING ACK]
[2026-09-02T19:00:18.153+00:00][A] [INFO] Sent
[2026-09-02T19:00:18.153+00:00][A] [INFO] Waiting ACK...
[2026-09-02T19:00:18.153+00:00][A] [INFO] [WAITING ACK]
[2026-09-02T19:00:18.163+00:00][B] [INFO] [RF TX] type=2 source=0x02 destination=0xFF previousHop=0x02 sequence=3 ackSequence=0 ttl=8 hops=0 payloadSize=13 rssi=0 snr=0.00
[2026-09-02T19:00:18.164+00:00][A] [INFO] [RF TX] type=2 source=0x01 destination=0xFF previousHop=0x01 sequence=4 ackSequence=0 ttl=8 hops=0 payloadSize=13 rssi=0 snr=0.00
[2026-09-02T19:00:18.165+00:00][B] [INFO] Heartbeat packet sent
[2026-09-02T19:00:18.167+00:00][A] [INFO] Heartbeat packet sent
[2026-09-02T19:00:18.169+00:00][A] [WARN] TX_RETRY seq=3
[2026-09-02T19:00:18.231+00:00][A] [INFO] [RF TX] type=1 source=0x01 destination=0x02 previousHop=0x01 sequence=3 ackSequence=0 ttl=8 hops=0 payloadSize=4 rssi=0 snr=0.00
[2026-09-02T19:00:18.233+00:00][B] [INFO] [RF RX] type=1 source=0x01 destination=0x02 previousHop=0x01 sequence=3 ackSequence=0 ttl=8 hops=0 payloadSize=4 rssi=-61 snr=9.50
[2026-09-02T19:00:18.291+00:00][B] [INFO] [RF TX] type=3 source=0x02 destination=0x01 previousHop=0x02 sequence=4 ackSequence=3 ttl=8 hops=0 payloadSize=2 rssi=0 snr=0.00
[2026-09-02T19:00:18.297+00:00][A] [INFO] [RF RX] type=3 source=0x02 destination=0x01 previousHop=0x02 sequence=4 ackSequence=3 ttl=8 hops=0 payloadSize=2 rssi=-59 snr=9.75
[2026-09-02T19:00:18.297+00:00][A] [INFO] ACK_RX seq=3 source=0x02
[2026-09-02T19:00:18.300+00:00][A] [INFO] TEST_DATA_QUEUED dst=0x02 seq=5 remaining=97
[2026-09-02T19:00:18.355+00:00][A] [INFO] [RF TX] type=1 source=0x01 destination=0x02 previousHop=0x01 sequence=5 ackSequence=0 ttl=8 hops=0 payloadSize=4 rssi=0 snr=0.00
[2026-09-02T19:00:18.357+00:00][B] [INFO] [RF RX] type=1 source=0x01 destination=0x02 previousHop=0x01 sequence=5 ackSequence=0 ttl=8 hops=0 payloadSize=4 rssi=-62 snr=9.25
[2026-09-02T19:00:18.415+00:00][B] [INFO] [RF TX] type=3 source=0x02 destination=0x01 previousHop=0x02 sequence=5 ackSequence=5 ttl=8 hops=0 payloadSize=2 rssi=0 snr=0.00
[2026-09-02T19:00:18.421+00:00][A] [INFO] [RF RX] type=3 source=0x02 destination=0x01 previousHop=0x02 sequence=5 ackSequence=5 ttl=8 hops=0 payloadSize=2 rssi=-59 snr=9.75
[2026-09-02T19:00:18.421+00:00][A] [INFO] ACK_RX seq=5 source=0x02
[2026-09-02T19:00:18.424+00:00][A] [INFO] TEST_DATA_QUEUED dst=0x02 seq=6 remaining=96
[2026-09-02T19:00:18.479+00:00][A] [INFO] [RF TX] type=1 source=0x01 destination=0x02 previousHop=0x01 sequence=6 ackSequence=0 ttl=8 hops=0 payloadSize=4 rssi=0 snr=0.00
[2026-09-02T19:00:18.481+00:00][B] [INFO] [RF RX] type=1 source=0x01 destination=0x02 previousHop=0x01 sequence=6 ackSequence=0 ttl=8 hops=0 payloadSize=4 rssi=-62 snr=9.50
[2026-09-02T19:00:18.538+00:00][B] [INFO] [RF TX] type=3 source=0x02 destination=0x01 previousHop=0x02 sequence=6 ackSequence=6 ttl=8 hops=0 payloadSize=2 rssi=0 snr=0.00
[2026-09-02T19:00:18.545+00:00][A] [INFO] [RF RX] type=3 source=0x02 destination=0x01 previousHop=0x02 sequence=6 ackSequence=6 ttl=8 hops=0 payloadSize=2 rssi=-59 snr=9.50
[2026-09-02T19:00:18.545+00:00][A] [INFO] ACK_RX seq=6 source=0x02
[2026-09-02T19:00:18.548+00:00][A] [INFO] TEST_DATA_QUEUED dst=0x02 seq=7 remaining=95
[2026-09-02T19:00:18.603+00:00][A] [INFO] [RF TX] type=1 source=0x01 destination=0x02 previousHop=0x01 sequence=7 ackSequence=0 ttl=8 hops=0 payloadSize=4 rssi=0 snr=0.00
[2026-09-02T19:00:18.605+00:00][B] [INFO] [RF RX] type=1 source=0x01 destination=0x02 previousHop=0x01 sequence=7 ackSequence=0 ttl=8 hops=0 payloadSize=4 rssi=-63 snr=9.25
[2026-09-02T19:00:18.662+00:00][B] [INFO] [RF TX] type=3 source=0x02 destination=0x01 previousHop=0x02 sequence=7 ackSequence=7 ttl=8 hops=0 payloadSize=2 rssi=0 snr=0.00
[2026-09-02T19:00:18.668+00:00][A] [INFO] [RF RX] type=3 source=0x02 destination=0x01 previousHop=0x02 sequence=7 ackSequence=7 ttl=8 hops=0 payloadSize=2 rssi=-59 snr=10.00
[2026-09-02T19:00:18.669+00:00][A] [INFO] ACK_RX seq=7 source=0x02
[2026-09-02T19:00:18.671+00:00][A] [INFO] TEST_DATA_QUEUED dst=0x02 seq=8 remaining=94
[2026-09-02T19:00:18.727+00:00][A] [INFO] [RF TX] type=1 source=0x01 destination=0x02 previousHop=0x01 sequence=8 ackSequence=0 ttl=8 hops=0 payloadSize=4 rssi=0 snr=0.00
[2026-09-02T19:00:18.729+00:00][B] [INFO] [RF RX] type=1 source=0x01 destination=0x02 previousHop=0x01 sequence=8 ackSequence=0 ttl=8 hops=0 payloadSize=4 rssi=-62 snr=9.50
[2026-09-02T19:00:18.786+00:00][B] [INFO] [RF TX] type=3 source=0x02 destination=0x01 previousHop=0x02 sequence=8 ackSequence=8 ttl=8 hops=0 payloadSize=2 rssi=0 snr=0.00
[2026-09-02T19:00:18.792+00:00][A] [INFO] [RF RX] type=3 source=0x02 destination=0x01 previousHop=0x02 sequence=8 ackSequence=8 ttl=8 hops=0 payloadSize=2 rssi=-59 snr=9.75
[2026-09-02T19:00:18.792+00:00][A] [INFO] ACK_RX seq=8 source=0x02
[2026-09-02T19:00:18.795+00:00][A] [INFO] TEST_DATA_QUEUED dst=0x02 seq=9 remaining=93
[2026-09-02T19:00:18.851+00:00][A] [INFO] [RF TX] type=1 source=0x01 destination=0x02 previousHop=0x01 sequence=9 ackSequence=0 ttl=8 hops=0 payloadSize=4 rssi=0 snr=0.00
[2026-09-02T19:00:18.852+00:00][B] [INFO] [RF RX] type=1 source=0x01 destination=0x02 previousHop=0x01 sequence=9 ackSequence=0 ttl=8 hops=0 payloadSize=4 rssi=-62 snr=9.50
[2026-09-02T19:00:18.910+00:00][B] [INFO] [RF TX] type=3 source=0x02 destination=0x01 previousHop=0x02 sequence=9 ackSequence=9 ttl=8 hops=0 payloadSize=2 rssi=0 snr=0.00
[2026-09-02T19:00:18.916+00:00][A] [INFO] [RF RX] type=3 source=0x02 destination=0x01 previousHop=0x02 sequence=9 ackSequence=9 ttl=8 hops=0 payloadSize=2 rssi=-59 snr=9.75
[2026-09-02T19:00:18.916+00:00][A] [INFO] ACK_RX seq=9 source=0x02
[2026-09-02T19:00:18.919+00:00][A] [INFO] TEST_DATA_QUEUED dst=0x02 seq=10 remaining=92
[2026-09-02T19:00:18.974+00:00][A] [INFO] [RF TX] type=1 source=0x01 destination=0x02 previousHop=0x01 sequence=10 ackSequence=0 ttl=8 hops=0 payloadSize=4 rssi=0 snr=0.00
[2026-09-02T19:00:18.976+00:00][B] [INFO] [RF RX] type=1 source=0x01 destination=0x02 previousHop=0x01 sequence=10 ackSequence=0 ttl=8 hops=0 payloadSize=4 rssi=-61 snr=9.50
[2026-09-02T19:00:19.034+00:00][B] [INFO] [RF TX] type=3 source=0x02 destination=0x01 previousHop=0x02 sequence=10 ackSequence=10 ttl=8 hops=0 payloadSize=2 rssi=0 snr=0.00
[2026-09-02T19:00:19.040+00:00][A] [INFO] [RF RX] type=3 source=0x02 destination=0x01 previousHop=0x02 sequence=10 ackSequence=10 ttl=8 hops=0 payloadSize=2 rssi=-59 snr=10.00
[2026-09-02T19:00:19.040+00:00][A] [INFO] ACK_RX seq=10 source=0x02
[2026-09-02T19:00:19.044+00:00][A] [INFO] TEST_DATA_QUEUED dst=0x02 seq=11 remaining=91
[2026-09-02T19:00:19.098+00:00][A] [INFO] [RF TX] type=1 source=0x01 destination=0x02 previousHop=0x01 sequence=11 ackSequence=0 ttl=8 hops=0 payloadSize=4 rssi=0 snr=0.00
[2026-09-02T19:00:19.100+00:00][B] [INFO] [RF RX] type=1 source=0x01 destination=0x02 previousHop=0x01 sequence=11 ackSequence=0 ttl=8 hops=0 payloadSize=4 rssi=-62 snr=9.25
[2026-09-02T19:00:19.143+00:00][A] [WARN] Retry 1
[2026-09-02T19:00:19.159+00:00][B] [INFO] [RF TX] type=3 source=0x02 destination=0x01 previousHop=0x02 sequence=11 ackSequence=11 ttl=8 hops=0 payloadSize=2 rssi=0 snr=0.00
[2026-09-02T19:00:19.159+00:00][B] [WARN] Retry 1
[2026-09-02T19:00:19.209+00:00][A] [INFO] --------------------------------
[2026-09-02T19:00:19.209+00:00][A] [INFO] [HEARTBEAT TX]
[2026-09-02T19:00:19.215+00:00][A] [INFO] Node ID: 1
[2026-09-02T19:00:19.215+00:00][A] [INFO] type: 2
[2026-09-02T19:00:19.215+00:00][A] [INFO] Destination: 0xFF
[2026-09-02T19:00:19.220+00:00][A] [INFO] Sequence: 4
[2026-09-02T19:00:19.220+00:00][A] [INFO] Packet ID: 3
[2026-09-02T19:00:19.220+00:00][A] [INFO] Packet Size: 26
[2026-09-02T19:00:19.224+00:00][B] [INFO] --------------------------------
[2026-09-02T19:00:19.225+00:00][B] [INFO] [HEARTBEAT TX]
[2026-09-02T19:00:19.226+00:00][A] [INFO] Timestamp: 3 ms
[2026-09-02T19:00:19.226+00:00][A] [INFO] Transmission Result: success
[2026-09-02T19:00:19.230+00:00][B] [INFO] Node ID: 2
[2026-09-02T19:00:19.230+00:00][B] [INFO] type: 2
[2026-09-02T19:00:19.230+00:00][B] [INFO] Destination: 0xFF
[2026-09-02T19:00:19.231+00:00][A] [INFO] --------------------------------
[2026-09-02T19:00:19.231+00:00][A] [INFO] [Heartbeat #3]
[2026-09-02T19:00:19.235+00:00][B] [INFO] Sequence: 3
[2026-09-02T19:00:19.236+00:00][B] [INFO] Packet ID: 3
[2026-09-02T19:00:19.236+00:00][B] [INFO] Packet Size: 26
[2026-09-02T19:00:19.237+00:00][A] [INFO] Sent
[2026-09-02T19:00:19.237+00:00][A] [INFO] Waiting ACK...
[2026-09-02T19:00:19.237+00:00][A] [INFO] [WAITING ACK]
[2026-09-02T19:00:19.241+00:00][B] [INFO] Timestamp: 3 ms
[2026-09-02T19:00:19.241+00:00][B] [INFO] Transmission Result: success
[2026-09-02T19:00:19.247+00:00][B] [INFO] --------------------------------
[2026-09-02T19:00:19.247+00:00][B] [INFO] [Heartbeat #3]
[2026-09-02T19:00:19.248+00:00][A] [INFO] [RF TX] type=2 source=0x01 destination=0xFF previousHop=0x01 sequence=4 ackSequence=0 ttl=8 hops=0 payloadSize=13 rssi=0 snr=0.00
[2026-09-02T19:00:19.251+00:00][A] [INFO] Heartbeat packet sent
[2026-09-02T19:00:19.252+00:00][B] [INFO] Sent
[2026-09-02T19:00:19.252+00:00][B] [INFO] Waiting ACK...
[2026-09-02T19:00:19.252+00:00][B] [INFO] [WAITING ACK]
[2026-09-02T19:00:19.263+00:00][B] [INFO] [RF TX] type=2 source=0x02 destination=0xFF previousHop=0x02 sequence=3 ackSequence=0 ttl=8 hops=0 payloadSize=13 rssi=0 snr=0.00
[2026-09-02T19:00:19.266+00:00][B] [INFO] Heartbeat packet sent
[2026-09-02T19:00:20.125+00:00][B] [INFO] --------------------------------
[2026-09-02T19:00:20.126+00:00][B] [INFO] [HEARTBEAT TX]
[2026-09-02T19:00:20.126+00:00][A] [INFO] --------------------------------
[2026-09-02T19:00:20.126+00:00][A] [INFO] [HEARTBEAT TX]
[2026-09-02T19:00:20.130+00:00][B] [INFO] Node ID: 2
[2026-09-02T19:00:20.130+00:00][B] [INFO] type: 2
[2026-09-02T19:00:20.130+00:00][B] [INFO] Destination: 0xFF
[2026-09-02T19:00:20.131+00:00][A] [INFO] Node ID: 1
[2026-09-02T19:00:20.131+00:00][A] [INFO] type: 2
[2026-09-02T19:00:20.131+00:00][A] [INFO] Destination: 0xFF
[2026-09-02T19:00:20.135+00:00][B] [INFO] Sequence: 12
[2026-09-02T19:00:20.136+00:00][B] [INFO] Packet ID: 4
[2026-09-02T19:00:20.136+00:00][B] [INFO] Packet Size: 26
[2026-09-02T19:00:20.136+00:00][A] [INFO] Sequence: 12
[2026-09-02T19:00:20.137+00:00][A] [INFO] Packet ID: 4
[2026-09-02T19:00:20.137+00:00][A] [INFO] Packet Size: 26
[2026-09-02T19:00:20.141+00:00][B] [INFO] Timestamp: 4 ms
[2026-09-02T19:00:20.142+00:00][B] [INFO] Transmission Result: success
[2026-09-02T19:00:20.143+00:00][A] [INFO] Timestamp: 4 ms
[2026-09-02T19:00:20.143+00:00][A] [INFO] Transmission Result: success
[2026-09-02T19:00:20.146+00:00][B] [INFO] --------------------------------
[2026-09-02T19:00:20.147+00:00][B] [INFO] [Heartbeat #4]
[2026-09-02T19:00:20.148+00:00][A] [INFO] --------------------------------
[2026-09-02T19:00:20.148+00:00][A] [INFO] [Heartbeat #4]
[2026-09-02T19:00:20.152+00:00][B] [INFO] Sent
[2026-09-02T19:00:20.152+00:00][B] [INFO] Waiting ACK...
[2026-09-02T19:00:20.153+00:00][B] [INFO] [WAITING ACK]
[2026-09-02T19:00:20.153+00:00][A] [INFO] Sent
[2026-09-02T19:00:20.154+00:00][A] [INFO] Waiting ACK...
[2026-09-02T19:00:20.154+00:00][A] [INFO] [WAITING ACK]
[2026-09-02T19:00:20.166+00:00][B] [INFO] [RF TX] type=2 source=0x02 destination=0xFF previousHop=0x02 sequence=12 ackSequence=0 ttl=8 hops=0 payloadSize=13 rssi=0 snr=0.00
[2026-09-02T19:00:20.166+00:00][B] [INFO] Heartbeat packet sent
[2026-09-02T19:00:20.169+00:00][A] [INFO] [RF TX] type=2 source=0x01 destination=0xFF previousHop=0x01 sequence=12 ackSequence=0 ttl=8 hops=0 payloadSize=13 rssi=0 snr=0.00
[2026-09-02T19:00:20.170+00:00][A] [INFO] Heartbeat packet sent
[2026-09-02T19:00:20.170+00:00][A] [WARN] TX_RETRY seq=11
[2026-09-02T19:00:20.227+00:00][A] [INFO] [RF TX] type=1 source=0x01 destination=0x02 previousHop=0x01 sequence=11 ackSequence=0 ttl=8 hops=0 payloadSize=4 rssi=0 snr=0.00
[2026-09-02T19:00:20.276+00:00][B] [INFO] [RF TX] type=3 source=0x02 destination=0x01 previousHop=0x02 sequence=13 ackSequence=11 ttl=8 hops=0 payloadSize=2 rssi=0 snr=0.00
[2026-09-02T19:00:21.142+00:00][B] [WARN] Retry 1
[2026-09-02T19:00:21.143+00:00][A] [WARN] Retry 1
[2026-09-02T19:00:21.208+00:00][B] [INFO] --------------------------------
[2026-09-02T19:00:21.208+00:00][B] [INFO] [HEARTBEAT TX]
[2026-09-02T19:00:21.209+00:00][A] [INFO] --------------------------------
[2026-09-02T19:00:21.209+00:00][A] [INFO] [HEARTBEAT TX]
[2026-09-02T19:00:21.213+00:00][B] [INFO] Node ID: 2
[2026-09-02T19:00:21.214+00:00][B] [INFO] type: 2
[2026-09-02T19:00:21.214+00:00][B] [INFO] Destination: 0xFF
[2026-09-02T19:00:21.214+00:00][A] [INFO] Node ID: 1
[2026-09-02T19:00:21.215+00:00][A] [INFO] type: 2
[2026-09-02T19:00:21.215+00:00][A] [INFO] Destination: 0xFF
[2026-09-02T19:00:21.219+00:00][B] [INFO] Sequence: 12
[2026-09-02T19:00:21.219+00:00][B] [INFO] Packet ID: 4
[2026-09-02T19:00:21.219+00:00][B] [INFO] Packet Size: 26
[2026-09-02T19:00:21.220+00:00][A] [INFO] Sequence: 12
[2026-09-02T19:00:21.220+00:00][A] [INFO] Packet ID: 4
[2026-09-02T19:00:21.220+00:00][A] [INFO] Packet Size: 26
[2026-09-02T19:00:21.224+00:00][B] [INFO] Timestamp: 4 ms
[2026-09-02T19:00:21.225+00:00][B] [INFO] Transmission Result: success
[2026-09-02T19:00:21.226+00:00][A] [INFO] Timestamp: 4 ms
[2026-09-02T19:00:21.226+00:00][A] [INFO] Transmission Result: success
[2026-09-02T19:00:21.230+00:00][B] [INFO] --------------------------------
[2026-09-02T19:00:21.230+00:00][B] [INFO] [Heartbeat #4]
[2026-09-02T19:00:21.231+00:00][A] [INFO] --------------------------------
[2026-09-02T19:00:21.231+00:00][A] [INFO] [Heartbeat #4]
[2026-09-02T19:00:21.236+00:00][B] [INFO] Sent
[2026-09-02T19:00:21.236+00:00][B] [INFO] Waiting ACK...
[2026-09-02T19:00:21.236+00:00][B] [INFO] [WAITING ACK]
[2026-09-02T19:00:21.237+00:00][A] [INFO] Sent
[2026-09-02T19:00:21.237+00:00][A] [INFO] Waiting ACK...
[2026-09-02T19:00:21.237+00:00][A] [INFO] [WAITING ACK]
[2026-09-02T19:00:21.249+00:00][B] [INFO] [RF TX] type=2 source=0x02 destination=0xFF previousHop=0x02 sequence=12 ackSequence=0 ttl=8 hops=0 payloadSize=13 rssi=0 snr=0.00
[2026-09-02T19:00:21.250+00:00][B] [INFO] Heartbeat packet sent
[2026-09-02T19:00:21.253+00:00][A] [INFO] [RF TX] type=2 source=0x01 destination=0xFF previousHop=0x01 sequence=12 ackSequence=0 ttl=8 hops=0 payloadSize=13 rssi=0 snr=0.00
[2026-09-02T19:00:21.253+00:00][A] [INFO] Heartbeat packet sent
[2026-09-02T19:00:21.253+00:00][A] [WARN] TX_RETRY seq=11
[2026-09-02T19:00:21.310+00:00][A] [INFO] [RF TX] type=1 source=0x01 destination=0x02 previousHop=0x01 sequence=11 ackSequence=0 ttl=8 hops=0 payloadSize=4 rssi=0 snr=0.00
[2026-09-02T19:00:21.359+00:00][B] [INFO] [RF TX] type=3 source=0x02 destination=0x01 previousHop=0x02 sequence=14 ackSequence=11 ttl=8 hops=0 payloadSize=2 rssi=0 snr=0.00
[2026-09-02T19:00:22.125+00:00][B] [INFO] --------------------------------
[2026-09-02T19:00:22.125+00:00][B] [INFO] [HEARTBEAT TX]
[2026-09-02T19:00:22.126+00:00][A] [INFO] --------------------------------
[2026-09-02T19:00:22.126+00:00][A] [INFO] [HEARTBEAT TX]
[2026-09-02T19:00:22.130+00:00][B] [INFO] Node ID: 2
[2026-09-02T19:00:22.130+00:00][B] [INFO] type: 2
[2026-09-02T19:00:22.130+00:00][B] [INFO] Destination: 0xFF
[2026-09-02T19:00:22.131+00:00][A] [INFO] Node ID: 1
[2026-09-02T19:00:22.131+00:00][A] [INFO] type: 2
[2026-09-02T19:00:22.131+00:00][A] [INFO] Destination: 0xFF
[2026-09-02T19:00:22.135+00:00][B] [INFO] Sequence: 15
[2026-09-02T19:00:22.136+00:00][B] [INFO] Packet ID: 5
[2026-09-02T19:00:22.137+00:00][B] [INFO] Packet Size: 26
[2026-09-02T19:00:22.137+00:00][A] [INFO] Sequence: 13
[2026-09-02T19:00:22.137+00:00][A] [INFO] Packet ID: 5
[2026-09-02T19:00:22.138+00:00][A] [INFO] Packet Size: 26
[2026-09-02T19:00:22.141+00:00][B] [INFO] Timestamp: 5 ms
[2026-09-02T19:00:22.142+00:00][B] [INFO] Transmission Result: success
[2026-09-02T19:00:22.143+00:00][A] [INFO] Timestamp: 5 ms
[2026-09-02T19:00:22.143+00:00][A] [INFO] Transmission Result: success
[2026-09-02T19:00:22.146+00:00][B] [INFO] --------------------------------
[2026-09-02T19:00:22.147+00:00][B] [INFO] [Heartbeat #5]
[2026-09-02T19:00:22.148+00:00][A] [INFO] --------------------------------
[2026-09-02T19:00:22.148+00:00][A] [INFO] [Heartbeat #5]
[2026-09-02T19:00:22.152+00:00][B] [INFO] Sent
[2026-09-02T19:00:22.152+00:00][B] [INFO] Waiting ACK...
[2026-09-02T19:00:22.153+00:00][B] [INFO] [WAITING ACK]
[2026-09-02T19:00:22.153+00:00][A] [INFO] Sent
[2026-09-02T19:00:22.153+00:00][A] [INFO] Waiting ACK...
[2026-09-02T19:00:22.154+00:00][A] [INFO] [WAITING ACK]
[2026-09-02T19:00:22.166+00:00][B] [INFO] [RF TX] type=2 source=0x02 destination=0xFF previousHop=0x02 sequence=15 ackSequence=0 ttl=8 hops=0 payloadSize=13 rssi=0 snr=0.00
[2026-09-02T19:00:22.166+00:00][B] [INFO] Heartbeat packet sent
[2026-09-02T19:00:22.167+00:00][A] [INFO] [RF TX] type=2 source=0x01 destination=0xFF previousHop=0x01 sequence=13 ackSequence=0 ttl=8 hops=0 payloadSize=13 rssi=0 snr=0.00
[2026-09-02T19:00:22.167+00:00][A] [INFO] Heartbeat packet sent
[2026-09-02T19:00:22.310+00:00][A] [WARN] TX_RETRY seq=11
[2026-09-02T19:00:22.372+00:00][A] [INFO] [RF TX] type=1 source=0x01 destination=0x02 previousHop=0x01 sequence=11 ackSequence=0 ttl=8 hops=0 payloadSize=4 rssi=0 snr=0.00
[2026-09-02T19:00:22.421+00:00][B] [INFO] [RF TX] type=3 source=0x02 destination=0x01 previousHop=0x02 sequence=16 ackSequence=11 ttl=8 hops=0 payloadSize=2 rssi=0 snr=0.00
[2026-09-02T19:00:23.141+00:00][B] [WARN] Retry 1
[2026-09-02T19:00:23.143+00:00][A] [WARN] Retry 1
[2026-09-02T19:00:23.208+00:00][B] [INFO] --------------------------------
[2026-09-02T19:00:23.209+00:00][B] [INFO] [HEARTBEAT TX]
[2026-09-02T19:00:23.209+00:00][A] [INFO] --------------------------------
[2026-09-02T19:00:23.210+00:00][A] [INFO] [HEARTBEAT TX]
[2026-09-02T19:00:23.213+00:00][B] [INFO] Node ID: 2
[2026-09-02T19:00:23.214+00:00][B] [INFO] type: 2
[2026-09-02T19:00:23.214+00:00][B] [INFO] Destination: 0xFF
[2026-09-02T19:00:23.215+00:00][A] [INFO] Node ID: 1
[2026-09-02T19:00:23.215+00:00][A] [INFO] type: 2
[2026-09-02T19:00:23.215+00:00][A] [INFO] Destination: 0xFF
[2026-09-02T19:00:23.219+00:00][B] [INFO] Sequence: 15
[2026-09-02T19:00:23.219+00:00][B] [INFO] Packet ID: 5
[2026-09-02T19:00:23.220+00:00][B] [INFO] Packet Size: 26
[2026-09-02T19:00:23.220+00:00][A] [INFO] Sequence: 13
[2026-09-02T19:00:23.220+00:00][A] [INFO] Packet ID: 5
[2026-09-02T19:00:23.221+00:00][A] [INFO] Packet Size: 26
[2026-09-02T19:00:23.225+00:00][B] [INFO] Timestamp: 5 ms
[2026-09-02T19:00:23.227+00:00][B] [INFO] Transmission Result: success
[2026-09-02T19:00:23.227+00:00][A] [INFO] Timestamp: 5 ms
[2026-09-02T19:00:23.227+00:00][A] [INFO] Transmission Result: success
[2026-09-02T19:00:23.230+00:00][B] [INFO] --------------------------------
[2026-09-02T19:00:23.231+00:00][B] [INFO] [Heartbeat #5]
[2026-09-02T19:00:23.232+00:00][A] [INFO] --------------------------------
[2026-09-02T19:00:23.232+00:00][A] [INFO] [Heartbeat #5]
[2026-09-02T19:00:23.236+00:00][B] [INFO] Sent
[2026-09-02T19:00:23.236+00:00][B] [INFO] Waiting ACK...
[2026-09-02T19:00:23.236+00:00][B] [INFO] [WAITING ACK]
[2026-09-02T19:00:23.237+00:00][A] [INFO] Sent
[2026-09-02T19:00:23.237+00:00][A] [INFO] Waiting ACK...
[2026-09-02T19:00:23.237+00:00][A] [INFO] [WAITING ACK]
[2026-09-02T19:00:23.249+00:00][B] [INFO] [RF TX] type=2 source=0x02 destination=0xFF previousHop=0x02 sequence=15 ackSequence=0 ttl=8 hops=0 payloadSize=13 rssi=0 snr=0.00
[2026-09-02T19:00:23.250+00:00][B] [INFO] Heartbeat packet sent
[2026-09-02T19:00:23.251+00:00][A] [INFO] [RF TX] type=2 source=0x01 destination=0xFF previousHop=0x01 sequence=13 ackSequence=0 ttl=8 hops=0 payloadSize=13 rssi=0 snr=0.00
[2026-09-02T19:00:23.251+00:00][A] [INFO] Heartbeat packet sent
[2026-09-02T19:00:23.376+00:00][A] [ERROR] TX_FAILED
[2026-09-02T19:00:23.376+00:00][A] [WARN] ACK_FAILED seq=11
[2026-09-02T19:00:23.379+00:00][A] [INFO] TEST_DATA_QUEUED dst=0x02 seq=14 remaining=90
[2026-09-02T19:00:23.435+00:00][A] [INFO] [RF TX] type=1 source=0x01 destination=0x02 previousHop=0x01 sequence=14 ackSequence=0 ttl=8 hops=0 payloadSize=4 rssi=0 snr=0.00
[2026-09-02T19:00:23.437+00:00][B] [INFO] [RF RX] type=1 source=0x01 destination=0x02 previousHop=0x01 sequence=14 ackSequence=0 ttl=8 hops=0 payloadSize=4 rssi=-62 snr=9.75
[2026-09-02T19:00:23.494+00:00][B] [INFO] [RF TX] type=3 source=0x02 destination=0x01 previousHop=0x02 sequence=17 ackSequence=14 ttl=8 hops=0 payloadSize=2 rssi=0 snr=0.00
[2026-09-02T19:00:23.500+00:00][A] [INFO] [RF RX] type=3 source=0x02 destination=0x01 previousHop=0x02 sequence=17 ackSequence=14 ttl=8 hops=0 payloadSize=2 rssi=-58 snr=10.50
[2026-09-02T19:00:23.501+00:00][A] [INFO] ACK_RX seq=14 source=0x02
[2026-09-02T19:00:23.504+00:00][A] [INFO] TEST_DATA_QUEUED dst=0x02 seq=15 remaining=89
[2026-09-02T19:00:23.559+00:00][A] [INFO] [RF TX] type=1 source=0x01 destination=0x02 previousHop=0x01 sequence=15 ackSequence=0 ttl=8 hops=0 payloadSize=4 rssi=0 snr=0.00
[2026-09-02T19:00:23.560+00:00][B] [INFO] [RF RX] type=1 source=0x01 destination=0x02 previousHop=0x01 sequence=15 ackSequence=0 ttl=8 hops=0 payloadSize=4 rssi=-62 snr=10.00
[2026-09-02T19:00:23.618+00:00][B] [INFO] [RF TX] type=3 source=0x02 destination=0x01 previousHop=0x02 sequence=18 ackSequence=15 ttl=8 hops=0 payloadSize=2 rssi=0 snr=0.00
[2026-09-02T19:00:23.624+00:00][A] [INFO] [RF RX] type=3 source=0x02 destination=0x01 previousHop=0x02 sequence=18 ackSequence=15 ttl=8 hops=0 payloadSize=2 rssi=-60 snr=9.75
[2026-09-02T19:00:23.625+00:00][A] [INFO] ACK_RX seq=15 source=0x02
[2026-09-02T19:00:23.627+00:00][A] [INFO] TEST_DATA_QUEUED dst=0x02 seq=16 remaining=88
[2026-09-02T19:00:23.682+00:00][A] [INFO] [RF TX] type=1 source=0x01 destination=0x02 previousHop=0x01 sequence=16 ackSequence=0 ttl=8 hops=0 payloadSize=4 rssi=0 snr=0.00
[2026-09-02T19:00:23.684+00:00][B] [INFO] [RF RX] type=1 source=0x01 destination=0x02 previousHop=0x01 sequence=16 ackSequence=0 ttl=8 hops=0 payloadSize=4 rssi=-62 snr=9.75
[2026-09-02T19:00:23.742+00:00][B] [INFO] [RF TX] type=3 source=0x02 destination=0x01 previousHop=0x02 sequence=19 ackSequence=16 ttl=8 hops=0 payloadSize=2 rssi=0 snr=0.00
[2026-09-02T19:00:23.748+00:00][A] [INFO] [RF RX] type=3 source=0x02 destination=0x01 previousHop=0x02 sequence=19 ackSequence=16 ttl=8 hops=0 payloadSize=2 rssi=-60 snr=9.75
[2026-09-02T19:00:23.748+00:00][A] [INFO] ACK_RX seq=16 source=0x02
[2026-09-02T19:00:23.751+00:00][A] [INFO] TEST_DATA_QUEUED dst=0x02 seq=17 remaining=87
[2026-09-02T19:00:23.806+00:00][A] [INFO] [RF TX] type=1 source=0x01 destination=0x02 previousHop=0x01 sequence=17 ackSequence=0 ttl=8 hops=0 payloadSize=4 rssi=0 snr=0.00
[2026-09-02T19:00:23.808+00:00][B] [INFO] [RF RX] type=1 source=0x01 destination=0x02 previousHop=0x01 sequence=17 ackSequence=0 ttl=8 hops=0 payloadSize=4 rssi=-61 snr=10.00
[2026-09-02T19:00:23.865+00:00][B] [INFO] [RF TX] type=3 source=0x02 destination=0x01 previousHop=0x02 sequence=20 ackSequence=17 ttl=8 hops=0 payloadSize=2 rssi=0 snr=0.00
[2026-09-02T19:00:23.871+00:00][A] [INFO] [RF RX] type=3 source=0x02 destination=0x01 previousHop=0x02 sequence=20 ackSequence=17 ttl=8 hops=0 payloadSize=2 rssi=-59 snr=10.25
[2026-09-02T19:00:23.872+00:00][A] [INFO] ACK_RX seq=17 source=0x02
[2026-09-02T19:00:23.875+00:00][A] [INFO] TEST_DATA_QUEUED dst=0x02 seq=18 remaining=86
[2026-09-02T19:00:23.930+00:00][A] [INFO] [RF TX] type=1 source=0x01 destination=0x02 previousHop=0x01 sequence=18 ackSequence=0 ttl=8 hops=0 payloadSize=4 rssi=0 snr=0.00
[2026-09-02T19:00:23.932+00:00][B] [INFO] [RF RX] type=1 source=0x01 destination=0x02 previousHop=0x01 sequence=18 ackSequence=0 ttl=8 hops=0 payloadSize=4 rssi=-62 snr=10.25
[2026-09-02T19:00:23.989+00:00][B] [INFO] [RF TX] type=3 source=0x02 destination=0x01 previousHop=0x02 sequence=21 ackSequence=18 ttl=8 hops=0 payloadSize=2 rssi=0 snr=0.00
[2026-09-02T19:00:23.995+00:00][A] [INFO] [RF RX] type=3 source=0x02 destination=0x01 previousHop=0x02 sequence=21 ackSequence=18 ttl=8 hops=0 payloadSize=2 rssi=-60 snr=9.75
[2026-09-02T19:00:23.996+00:00][A] [INFO] ACK_RX seq=18 source=0x02
[2026-09-02T19:00:23.999+00:00][A] [INFO] TEST_DATA_QUEUED dst=0x02 seq=19 remaining=85
[2026-09-02T19:00:24.054+00:00][A] [INFO] [RF TX] type=1 source=0x01 destination=0x02 previousHop=0x01 sequence=19 ackSequence=0 ttl=8 hops=0 payloadSize=4 rssi=0 snr=0.00
[2026-09-02T19:00:24.055+00:00][B] [INFO] [RF RX] type=1 source=0x01 destination=0x02 previousHop=0x01 sequence=19 ackSequence=0 ttl=8 hops=0 payloadSize=4 rssi=-62 snr=10.25
[2026-09-02T19:00:24.113+00:00][B] [INFO] [RF TX] type=3 source=0x02 destination=0x01 previousHop=0x02 sequence=22 ackSequence=19 ttl=8 hops=0 payloadSize=2 rssi=0 snr=0.00
[2026-09-02T19:00:24.126+00:00][A] [INFO] --------------------------------
[2026-09-02T19:00:24.126+00:00][A] [INFO] [HEARTBEAT TX]
[2026-09-02T19:00:24.131+00:00][A] [INFO] Node ID: 1
[2026-09-02T19:00:24.131+00:00][A] [INFO] type: 2
[2026-09-02T19:00:24.132+00:00][A] [INFO] Destination: 0xFF
[2026-09-02T19:00:24.136+00:00][A] [INFO] Sequence: 20
[2026-09-02T19:00:24.137+00:00][A] [INFO] Packet ID: 6
[2026-09-02T19:00:24.137+00:00][A] [INFO] Packet Size: 26
[2026-09-02T19:00:24.142+00:00][A] [INFO] Timestamp: 6 ms
[2026-09-02T19:00:24.142+00:00][A] [INFO] Transmission Result: success
[2026-09-02T19:00:24.148+00:00][A] [INFO] --------------------------------
[2026-09-02T19:00:24.148+00:00][A] [INFO] [Heartbeat #6]
[2026-09-02T19:00:24.153+00:00][A] [INFO] Sent
[2026-09-02T19:00:24.153+00:00][A] [INFO] Waiting ACK...
[2026-09-02T19:00:24.154+00:00][A] [INFO] [WAITING ACK]
[2026-09-02T19:00:24.167+00:00][A] [INFO] [RF TX] type=2 source=0x01 destination=0xFF previousHop=0x01 sequence=20 ackSequence=0 ttl=8 hops=0 payloadSize=13 rssi=0 snr=0.00
[2026-09-02T19:00:24.167+00:00][A] [INFO] Heartbeat packet sent
[2026-09-02T19:00:24.180+00:00][B] [INFO] --------------------------------
[2026-09-02T19:00:24.180+00:00][B] [INFO] [HEARTBEAT TX]
[2026-09-02T19:00:24.185+00:00][B] [INFO] Node ID: 2
[2026-09-02T19:00:24.186+00:00][B] [INFO] type: 2
[2026-09-02T19:00:24.186+00:00][B] [INFO] Destination: 0xFF
[2026-09-02T19:00:24.191+00:00][B] [INFO] Sequence: 23
[2026-09-02T19:00:24.191+00:00][B] [INFO] Packet ID: 6
[2026-09-02T19:00:24.192+00:00][B] [INFO] Packet Size: 26
[2026-09-02T19:00:24.196+00:00][B] [INFO] Timestamp: 6 ms
[2026-09-02T19:00:24.197+00:00][B] [INFO] Transmission Result: success
[2026-09-02T19:00:24.202+00:00][B] [INFO] --------------------------------
[2026-09-02T19:00:24.203+00:00][B] [INFO] [Heartbeat #6]
[2026-09-02T19:00:24.207+00:00][B] [INFO] Sent
[2026-09-02T19:00:24.208+00:00][B] [INFO] Waiting ACK...
[2026-09-02T19:00:24.208+00:00][B] [INFO] [WAITING ACK]
[2026-09-02T19:00:24.221+00:00][B] [INFO] [RF TX] type=2 source=0x02 destination=0xFF previousHop=0x02 sequence=23 ackSequence=0 ttl=8 hops=0 payloadSize=13 rssi=0 snr=0.00
[2026-09-02T19:00:24.222+00:00][B] [INFO] Heartbeat packet sent
[2026-09-02T19:00:25.054+00:00][A] [WARN] TX_RETRY seq=19
[2026-09-02T19:00:25.116+00:00][A] [INFO] [RF TX] type=1 source=0x01 destination=0x02 previousHop=0x01 sequence=19 ackSequence=0 ttl=8 hops=0 payloadSize=4 rssi=0 snr=0.00
[2026-09-02T19:00:25.143+00:00][A] [WARN] Retry 1
[2026-09-02T19:00:25.165+00:00][B] [INFO] [RF TX] type=3 source=0x02 destination=0x01 previousHop=0x02 sequence=24 ackSequence=19 ttl=8 hops=0 payloadSize=2 rssi=0 snr=0.00
[2026-09-02T19:00:25.196+00:00][B] [WARN] Retry 1
[2026-09-02T19:00:25.209+00:00][A] [INFO] --------------------------------
[2026-09-02T19:00:25.210+00:00][A] [INFO] [HEARTBEAT TX]
[2026-09-02T19:00:25.215+00:00][A] [INFO] Node ID: 1
[2026-09-02T19:00:25.215+00:00][A] [INFO] type: 2
[2026-09-02T19:00:25.215+00:00][A] [INFO] Destination: 0xFF
[2026-09-02T19:00:25.220+00:00][A] [INFO] Sequence: 20
[2026-09-02T19:00:25.221+00:00][A] [INFO] Packet ID: 6
[2026-09-02T19:00:25.221+00:00][A] [INFO] Packet Size: 26
[2026-09-02T19:00:25.226+00:00][A] [INFO] Timestamp: 6 ms
[2026-09-02T19:00:25.227+00:00][A] [INFO] Transmission Result: success
[2026-09-02T19:00:25.232+00:00][A] [INFO] --------------------------------
[2026-09-02T19:00:25.232+00:00][A] [INFO] [Heartbeat #6]
[2026-09-02T19:00:25.237+00:00][A] [INFO] Sent
[2026-09-02T19:00:25.237+00:00][A] [INFO] Waiting ACK...
[2026-09-02T19:00:25.238+00:00][A] [INFO] [WAITING ACK]
[2026-09-02T19:00:25.251+00:00][A] [INFO] [RF TX] type=2 source=0x01 destination=0xFF previousHop=0x01 sequence=20 ackSequence=0 ttl=8 hops=0 payloadSize=13 rssi=0 snr=0.00
[2026-09-02T19:00:25.251+00:00][A] [INFO] Heartbeat packet sent
[2026-09-02T19:00:25.263+00:00][B] [INFO] --------------------------------
[2026-09-02T19:00:25.263+00:00][B] [INFO] [HEARTBEAT TX]
[2026-09-02T19:00:25.269+00:00][B] [INFO] Node ID: 2
[2026-09-02T19:00:25.269+00:00][B] [INFO] type: 2
[2026-09-02T19:00:25.270+00:00][B] [INFO] Destination: 0xFF
[2026-09-02T19:00:25.274+00:00][B] [INFO] Sequence: 23
[2026-09-02T19:00:25.275+00:00][B] [INFO] Packet ID: 6
[2026-09-02T19:00:25.275+00:00][B] [INFO] Packet Size: 26
[2026-09-02T19:00:25.280+00:00][B] [INFO] Timestamp: 6 ms
[2026-09-02T19:00:25.280+00:00][B] [INFO] Transmission Result: success
[2026-09-02T19:00:25.285+00:00][B] [INFO] --------------------------------
[2026-09-02T19:00:25.286+00:00][B] [INFO] [Heartbeat #6]
[2026-09-02T19:00:25.291+00:00][B] [INFO] Sent
[2026-09-02T19:00:25.291+00:00][B] [INFO] Waiting ACK...
[2026-09-02T19:00:25.291+00:00][B] [INFO] [WAITING ACK]
[2026-09-02T19:00:25.304+00:00][B] [INFO] [RF TX] type=2 source=0x02 destination=0xFF previousHop=0x02 sequence=23 ackSequence=0 ttl=8 hops=0 payloadSize=13 rssi=0 snr=0.00
[2026-09-02T19:00:25.305+00:00][B] [INFO] Heartbeat packet sent
[2026-09-02T19:00:26.126+00:00][A] [INFO] --------------------------------
[2026-09-02T19:00:26.126+00:00][A] [INFO] [HEARTBEAT TX]
[2026-09-02T19:00:26.131+00:00][A] [INFO] Node ID: 1
[2026-09-02T19:00:26.131+00:00][A] [INFO] type: 2
[2026-09-02T19:00:26.132+00:00][A] [INFO] Destination: 0xFF
[2026-09-02T19:00:26.136+00:00][A] [INFO] Sequence: 21
[2026-09-02T19:00:26.137+00:00][A] [INFO] Packet ID: 7
[2026-09-02T19:00:26.137+00:00][A] [INFO] Packet Size: 26
[2026-09-02T19:00:26.142+00:00][A] [INFO] Timestamp: 7 ms
[2026-09-02T19:00:26.142+00:00][A] [INFO] Transmission Result: success
[2026-09-02T19:00:26.147+00:00][A] [INFO] --------------------------------
[2026-09-02T19:00:26.148+00:00][A] [INFO] [Heartbeat #7]
[2026-09-02T19:00:26.153+00:00][A] [INFO] Sent
[2026-09-02T19:00:26.153+00:00][A] [INFO] Waiting ACK...
[2026-09-02T19:00:26.153+00:00][A] [INFO] [WAITING ACK]
[2026-09-02T19:00:26.169+00:00][A] [INFO] [RF TX] type=2 source=0x01 destination=0xFF previousHop=0x01 sequence=21 ackSequence=0 ttl=8 hops=0 payloadSize=13 rssi=0 snr=0.00
[2026-09-02T19:00:26.170+00:00][A] [INFO] Heartbeat packet sent
[2026-09-02T19:00:26.170+00:00][A] [WARN] TX_RETRY seq=19
[2026-09-02T19:00:26.179+00:00][B] [INFO] --------------------------------
[2026-09-02T19:00:26.179+00:00][B] [INFO] [HEARTBEAT TX]
[2026-09-02T19:00:26.185+00:00][B] [INFO] Node ID: 2
[2026-09-02T19:00:26.185+00:00][B] [INFO] type: 2
[2026-09-02T19:00:26.185+00:00][B] [INFO] Destination: 0xFF
[2026-09-02T19:00:26.190+00:00][B] [INFO] Sequence: 25
[2026-09-02T19:00:26.191+00:00][B] [INFO] Packet ID: 7
[2026-09-02T19:00:26.191+00:00][B] [INFO] Packet Size: 26
[2026-09-02T19:00:26.196+00:00][B] [INFO] Timestamp: 7 ms
[2026-09-02T19:00:26.196+00:00][B] [INFO] Transmission Result: success
[2026-09-02T19:00:26.201+00:00][B] [INFO] --------------------------------
[2026-09-02T19:00:26.202+00:00][B] [INFO] [Heartbeat #7]
[2026-09-02T19:00:26.207+00:00][B] [INFO] Sent
[2026-09-02T19:00:26.207+00:00][B] [INFO] Waiting ACK...
[2026-09-02T19:00:26.207+00:00][B] [INFO] [WAITING ACK]
[2026-09-02T19:00:26.220+00:00][B] [INFO] [RF TX] type=2 source=0x02 destination=0xFF previousHop=0x02 sequence=25 ackSequence=0 ttl=8 hops=0 payloadSize=13 rssi=0 snr=0.00
[2026-09-02T19:00:26.222+00:00][B] [INFO] Heartbeat packet sent
[2026-09-02T19:00:26.226+00:00][A] [INFO] [RF TX] type=1 source=0x01 destination=0x02 previousHop=0x01 sequence=19 ackSequence=0 ttl=8 hops=0 payloadSize=4 rssi=0 snr=0.00
[2026-09-02T19:00:27.142+00:00][A] [WARN] Retry 1
[2026-09-02T19:00:27.196+00:00][B] [WARN] Retry 1
[2026-09-02T19:00:27.209+00:00][A] [INFO] --------------------------------
[2026-09-02T19:00:27.209+00:00][A] [INFO] [HEARTBEAT TX]
[2026-09-02T19:00:27.214+00:00][A] [INFO] Node ID: 1
[2026-09-02T19:00:27.214+00:00][A] [INFO] type: 2
[2026-09-02T19:00:27.214+00:00][A] [INFO] Destination: 0xFF
[2026-09-02T19:00:27.220+00:00][A] [INFO] Sequence: 21
[2026-09-02T19:00:27.220+00:00][A] [INFO] Packet ID: 7
[2026-09-02T19:00:27.220+00:00][A] [INFO] Packet Size: 26
[2026-09-02T19:00:27.226+00:00][A] [INFO] Timestamp: 7 ms
[2026-09-02T19:00:27.226+00:00][A] [INFO] Transmission Result: success
[2026-09-02T19:00:27.231+00:00][A] [INFO] --------------------------------
[2026-09-02T19:00:27.231+00:00][A] [INFO] [Heartbeat #7]
[2026-09-02T19:00:27.237+00:00][A] [INFO] Sent
[2026-09-02T19:00:27.237+00:00][A] [INFO] Waiting ACK...
[2026-09-02T19:00:27.237+00:00][A] [INFO] [WAITING ACK]
[2026-09-02T19:00:27.253+00:00][A] [INFO] [RF TX] type=2 source=0x01 destination=0xFF previousHop=0x01 sequence=21 ackSequence=0 ttl=8 hops=0 payloadSize=13 rssi=0 snr=0.00
[2026-09-02T19:00:27.253+00:00][A] [INFO] Heartbeat packet sent
[2026-09-02T19:00:27.253+00:00][A] [WARN] TX_RETRY seq=19
[2026-09-02T19:00:27.263+00:00][B] [INFO] --------------------------------
[2026-09-02T19:00:27.263+00:00][B] [INFO] [HEARTBEAT TX]
[2026-09-02T19:00:27.268+00:00][B] [INFO] Node ID: 2
[2026-09-02T19:00:27.268+00:00][B] [INFO] type: 2
[2026-09-02T19:00:27.268+00:00][B] [INFO] Destination: 0xFF
[2026-09-02T19:00:27.274+00:00][B] [INFO] Sequence: 25
[2026-09-02T19:00:27.274+00:00][B] [INFO] Packet ID: 7
[2026-09-02T19:00:27.274+00:00][B] [INFO] Packet Size: 26
[2026-09-02T19:00:27.279+00:00][B] [INFO] Timestamp: 7 ms
[2026-09-02T19:00:27.279+00:00][B] [INFO] Transmission Result: success
[2026-09-02T19:00:27.285+00:00][B] [INFO] --------------------------------
[2026-09-02T19:00:27.285+00:00][B] [INFO] [Heartbeat #7]
[2026-09-02T19:00:27.290+00:00][B] [INFO] Sent
[2026-09-02T19:00:27.291+00:00][B] [INFO] Waiting ACK...
[2026-09-02T19:00:27.291+00:00][B] [INFO] [WAITING ACK]
[2026-09-02T19:00:27.304+00:00][B] [INFO] [RF TX] type=2 source=0x02 destination=0xFF previousHop=0x02 sequence=25 ackSequence=0 ttl=8 hops=0 payloadSize=13 rssi=0 snr=0.00
[2026-09-02T19:00:27.304+00:00][B] [INFO] Heartbeat packet sent
[2026-09-02T19:00:27.310+00:00][A] [INFO] [RF TX] type=1 source=0x01 destination=0x02 previousHop=0x01 sequence=19 ackSequence=0 ttl=8 hops=0 payloadSize=4 rssi=0 snr=0.00
[2026-09-02T19:00:28.125+00:00][A] [INFO] --------------------------------
[2026-09-02T19:00:28.126+00:00][A] [INFO] [HEARTBEAT TX]
[2026-09-02T19:00:28.130+00:00][A] [INFO] Node ID: 1
[2026-09-02T19:00:28.131+00:00][A] [INFO] type: 2
[2026-09-02T19:00:28.131+00:00][A] [INFO] Destination: 0xFF
[2026-09-02T19:00:28.136+00:00][A] [INFO] Sequence: 22
[2026-09-02T19:00:28.136+00:00][A] [INFO] Packet ID: 8
[2026-09-02T19:00:28.136+00:00][A] [INFO] Packet Size: 26
[2026-09-02T19:00:28.142+00:00][A] [INFO] Timestamp: 8 ms
[2026-09-02T19:00:28.142+00:00][A] [INFO] Transmission Result: success
[2026-09-02T19:00:28.147+00:00][A] [INFO] --------------------------------
[2026-09-02T19:00:28.147+00:00][A] [INFO] [Heartbeat #8]
[2026-09-02T19:00:28.153+00:00][A] [INFO] Sent
[2026-09-02T19:00:28.153+00:00][A] [INFO] Waiting ACK...
[2026-09-02T19:00:28.153+00:00][A] [INFO] [WAITING ACK]
[2026-09-02T19:00:28.167+00:00][A] [INFO] [RF TX] type=2 source=0x01 destination=0xFF previousHop=0x01 sequence=22 ackSequence=0 ttl=8 hops=0 payloadSize=13 rssi=0 snr=0.00
[2026-09-02T19:00:28.167+00:00][A] [INFO] Heartbeat packet sent
[2026-09-02T19:00:28.179+00:00][B] [INFO] --------------------------------
[2026-09-02T19:00:28.179+00:00][B] [INFO] [HEARTBEAT TX]
[2026-09-02T19:00:28.184+00:00][B] [INFO] Node ID: 2
[2026-09-02T19:00:28.185+00:00][B] [INFO] type: 2
[2026-09-02T19:00:28.185+00:00][B] [INFO] Destination: 0xFF
[2026-09-02T19:00:28.190+00:00][B] [INFO] Sequence: 26
[2026-09-02T19:00:28.190+00:00][B] [INFO] Packet ID: 8
[2026-09-02T19:00:28.190+00:00][B] [INFO] Packet Size: 26
[2026-09-02T19:00:28.196+00:00][B] [INFO] Timestamp: 8 ms
[2026-09-02T19:00:28.196+00:00][B] [INFO] Transmission Result: success
[2026-09-02T19:00:28.201+00:00][B] [INFO] --------------------------------
[2026-09-02T19:00:28.202+00:00][B] [INFO] [Heartbeat #8]
[2026-09-02T19:00:28.207+00:00][B] [INFO] Sent
[2026-09-02T19:00:28.208+00:00][B] [INFO] Waiting ACK...
[2026-09-02T19:00:28.208+00:00][B] [INFO] [WAITING ACK]
[2026-09-02T19:00:28.220+00:00][B] [INFO] [RF TX] type=2 source=0x02 destination=0xFF previousHop=0x02 sequence=26 ackSequence=0 ttl=8 hops=0 payloadSize=13 rssi=0 snr=0.00
[2026-09-02T19:00:28.221+00:00][B] [INFO] Heartbeat packet sent
[2026-09-02T19:00:28.313+00:00][A] [ERROR] TX_FAILED
[2026-09-02T19:00:28.314+00:00][A] [WARN] ACK_FAILED seq=19
[2026-09-02T19:00:28.317+00:00][A] [INFO] TEST_DATA_QUEUED dst=0x02 seq=23 remaining=84
[2026-09-02T19:00:28.372+00:00][A] [INFO] [RF TX] type=1 source=0x01 destination=0x02 previousHop=0x01 sequence=23 ackSequence=0 ttl=8 hops=0 payloadSize=4 rssi=0 snr=0.00
[2026-09-02T19:00:29.142+00:00][A] [WARN] Retry 1
[2026-09-02T19:00:29.196+00:00][B] [WARN] Retry 1
[2026-09-02T19:00:29.209+00:00][A] [INFO] --------------------------------
[2026-09-02T19:00:29.210+00:00][A] [INFO] [HEARTBEAT TX]
[2026-09-02T19:00:29.215+00:00][A] [INFO] Node ID: 1
[2026-09-02T19:00:29.215+00:00][A] [INFO] type: 2
[2026-09-02T19:00:29.215+00:00][A] [INFO] Destination: 0xFF
[2026-09-02T19:00:29.220+00:00][A] [INFO] Sequence: 22
[2026-09-02T19:00:29.221+00:00][A] [INFO] Packet ID: 8
[2026-09-02T19:00:29.221+00:00][A] [INFO] Packet Size: 26
[2026-09-02T19:00:29.226+00:00][A] [INFO] Timestamp: 8 ms
[2026-09-02T19:00:29.226+00:00][A] [INFO] Transmission Result: success
[2026-09-02T19:00:29.232+00:00][A] [INFO] --------------------------------
[2026-09-02T19:00:29.232+00:00][A] [INFO] [Heartbeat #8]
[2026-09-02T19:00:29.237+00:00][A] [INFO] Sent
[2026-09-02T19:00:29.237+00:00][A] [INFO] Waiting ACK...
[2026-09-02T19:00:29.238+00:00][A] [INFO] [WAITING ACK]
[2026-09-02T19:00:29.251+00:00][A] [INFO] [RF TX] type=2 source=0x01 destination=0xFF previousHop=0x01 sequence=22 ackSequence=0 ttl=8 hops=0 payloadSize=13 rssi=0 snr=0.00
[2026-09-02T19:00:29.251+00:00][A] [INFO] Heartbeat packet sent
[2026-09-02T19:00:29.263+00:00][B] [INFO] --------------------------------
[2026-09-02T19:00:29.264+00:00][B] [INFO] [HEARTBEAT TX]
[2026-09-02T19:00:29.269+00:00][B] [INFO] Node ID: 2
[2026-09-02T19:00:29.269+00:00][B] [INFO] type: 2
[2026-09-02T19:00:29.271+00:00][B] [INFO] Destination: 0xFF
[2026-09-02T19:00:29.275+00:00][B] [INFO] Sequence: 26
[2026-09-02T19:00:29.276+00:00][B] [INFO] Packet ID: 8
[2026-09-02T19:00:29.276+00:00][B] [INFO] Packet Size: 26
[2026-09-02T19:00:29.280+00:00][B] [INFO] Timestamp: 8 ms
[2026-09-02T19:00:29.280+00:00][B] [INFO] Transmission Result: success
[2026-09-02T19:00:29.286+00:00][B] [INFO] --------------------------------
[2026-09-02T19:00:29.286+00:00][B] [INFO] [Heartbeat #8]
[2026-09-02T19:00:29.291+00:00][B] [INFO] Sent
[2026-09-02T19:00:29.291+00:00][B] [INFO] Waiting ACK...
[2026-09-02T19:00:29.292+00:00][B] [INFO] [WAITING ACK]
[2026-09-02T19:00:29.304+00:00][B] [INFO] [RF TX] type=2 source=0x02 destination=0xFF previousHop=0x02 sequence=26 ackSequence=0 ttl=8 hops=0 payloadSize=13 rssi=0 snr=0.00
[2026-09-02T19:00:29.305+00:00][B] [INFO] Heartbeat packet sent
[2026-09-02T19:00:29.373+00:00][A] [WARN] TX_RETRY seq=23
[2026-09-02T19:00:29.435+00:00][A] [INFO] [RF TX] type=1 source=0x01 destination=0x02 previousHop=0x01 sequence=23 ackSequence=0 ttl=8 hops=0 payloadSize=4 rssi=0 snr=0.00
[2026-09-02T19:00:29.437+00:00][B] [INFO] [RF RX] type=1 source=0x01 destination=0x02 previousHop=0x01 sequence=23 ackSequence=0 ttl=8 hops=0 payloadSize=4 rssi=-61 snr=10.00
[2026-09-02T19:00:29.494+00:00][B] [INFO] [RF TX] type=3 source=0x02 destination=0x01 previousHop=0x02 sequence=27 ackSequence=23 ttl=8 hops=0 payloadSize=2 rssi=0 snr=0.00
[2026-09-02T19:00:29.501+00:00][A] [INFO] [RF RX] type=3 source=0x02 destination=0x01 previousHop=0x02 sequence=27 ackSequence=23 ttl=8 hops=0 payloadSize=2 rssi=-59 snr=10.00
[2026-09-02T19:00:29.501+00:00][A] [INFO] ACK_RX seq=23 source=0x02
[2026-09-02T19:00:29.504+00:00][A] [INFO] TEST_DATA_QUEUED dst=0x02 seq=24 remaining=83
[2026-09-02T19:00:29.559+00:00][A] [INFO] [RF TX] type=1 source=0x01 destination=0x02 previousHop=0x01 sequence=24 ackSequence=0 ttl=8 hops=0 payloadSize=4 rssi=0 snr=0.00
[2026-09-02T19:00:29.561+00:00][B] [INFO] [RF RX] type=1 source=0x01 destination=0x02 previousHop=0x01 sequence=24 ackSequence=0 ttl=8 hops=0 payloadSize=4 rssi=-61 snr=9.50
[2026-09-02T19:00:29.618+00:00][B] [INFO] [RF TX] type=3 source=0x02 destination=0x01 previousHop=0x02 sequence=28 ackSequence=24 ttl=8 hops=0 payloadSize=2 rssi=0 snr=0.00
[2026-09-02T19:00:29.624+00:00][A] [INFO] [RF RX] type=3 source=0x02 destination=0x01 previousHop=0x02 sequence=28 ackSequence=24 ttl=8 hops=0 payloadSize=2 rssi=-59 snr=10.00
[2026-09-02T19:00:29.625+00:00][A] [INFO] ACK_RX seq=24 source=0x02
[2026-09-02T19:00:29.628+00:00][A] [INFO] TEST_DATA_QUEUED dst=0x02 seq=25 remaining=82
[2026-09-02T19:00:29.683+00:00][A] [INFO] [RF TX] type=1 source=0x01 destination=0x02 previousHop=0x01 sequence=25 ackSequence=0 ttl=8 hops=0 payloadSize=4 rssi=0 snr=0.00
[2026-09-02T19:00:29.685+00:00][B] [INFO] [RF RX] type=1 source=0x01 destination=0x02 previousHop=0x01 sequence=25 ackSequence=0 ttl=8 hops=0 payloadSize=4 rssi=-61 snr=9.00
[2026-09-02T19:00:29.744+00:00][B] [INFO] [RF TX] type=3 source=0x02 destination=0x01 previousHop=0x02 sequence=29 ackSequence=25 ttl=8 hops=0 payloadSize=2 rssi=0 snr=0.00
[2026-09-02T19:00:29.748+00:00][A] [INFO] [RF RX] type=3 source=0x02 destination=0x01 previousHop=0x02 sequence=29 ackSequence=25 ttl=8 hops=0 payloadSize=2 rssi=-60 snr=9.75
[2026-09-02T19:00:29.749+00:00][A] [INFO] ACK_RX seq=25 source=0x02
[2026-09-02T19:00:29.752+00:00][A] [INFO] TEST_DATA_QUEUED dst=0x02 seq=26 remaining=81
[2026-09-02T19:00:29.807+00:00][A] [INFO] [RF TX] type=1 source=0x01 destination=0x02 previousHop=0x01 sequence=26 ackSequence=0 ttl=8 hops=0 payloadSize=4 rssi=0 snr=0.00
[2026-09-02T19:00:29.809+00:00][B] [INFO] [RF RX] type=1 source=0x01 destination=0x02 previousHop=0x01 sequence=26 ackSequence=0 ttl=8 hops=0 payloadSize=4 rssi=-62 snr=9.75
[2026-09-02T19:00:29.866+00:00][B] [INFO] [RF TX] type=3 source=0x02 destination=0x01 previousHop=0x02 sequence=30 ackSequence=26 ttl=8 hops=0 payloadSize=2 rssi=0 snr=0.00
[2026-09-02T19:00:29.872+00:00][A] [INFO] [RF RX] type=3 source=0x02 destination=0x01 previousHop=0x02 sequence=30 ackSequence=26 ttl=8 hops=0 payloadSize=2 rssi=-59 snr=10.00
[2026-09-02T19:00:29.873+00:00][A] [INFO] ACK_RX seq=26 source=0x02
[2026-09-02T19:00:29.876+00:00][A] [INFO] TEST_DATA_QUEUED dst=0x02 seq=27 remaining=80
[2026-09-02T19:00:29.931+00:00][A] [INFO] [RF TX] type=1 source=0x01 destination=0x02 previousHop=0x01 sequence=27 ackSequence=0 ttl=8 hops=0 payloadSize=4 rssi=0 snr=0.00
[2026-09-02T19:00:29.932+00:00][B] [INFO] [RF RX] type=1 source=0x01 destination=0x02 previousHop=0x01 sequence=27 ackSequence=0 ttl=8 hops=0 payloadSize=4 rssi=-62 snr=9.75
[2026-09-02T19:00:29.990+00:00][B] [INFO] [RF TX] type=3 source=0x02 destination=0x01 previousHop=0x02 sequence=31 ackSequence=27 ttl=8 hops=0 payloadSize=2 rssi=0 snr=0.00
[2026-09-02T19:00:29.996+00:00][A] [INFO] [RF RX] type=3 source=0x02 destination=0x01 previousHop=0x02 sequence=31 ackSequence=27 ttl=8 hops=0 payloadSize=2 rssi=-59 snr=10.25
[2026-09-02T19:00:29.996+00:00][A] [INFO] ACK_RX seq=27 source=0x02
[2026-09-02T19:00:29.999+00:00][A] [INFO] TEST_DATA_QUEUED dst=0x02 seq=28 remaining=79
[2026-09-02T19:00:30.054+00:00][A] [INFO] [RF TX] type=1 source=0x01 destination=0x02 previousHop=0x01 sequence=28 ackSequence=0 ttl=8 hops=0 payloadSize=4 rssi=0 snr=0.00
[2026-09-02T19:00:30.056+00:00][B] [INFO] [RF RX] type=1 source=0x01 destination=0x02 previousHop=0x01 sequence=28 ackSequence=0 ttl=8 hops=0 payloadSize=4 rssi=-62 snr=9.50
[2026-09-02T19:00:30.114+00:00][B] [INFO] [RF TX] type=3 source=0x02 destination=0x01 previousHop=0x02 sequence=32 ackSequence=28 ttl=8 hops=0 payloadSize=2 rssi=0 snr=0.00
[2026-09-02T19:00:30.125+00:00][A] [INFO] --------------------------------
[2026-09-02T19:00:30.126+00:00][A] [INFO] [HEARTBEAT TX]
[2026-09-02T19:00:30.130+00:00][A] [INFO] Node ID: 1
[2026-09-02T19:00:30.131+00:00][A] [INFO] type: 2
[2026-09-02T19:00:30.131+00:00][A] [INFO] Destination: 0xFF
[2026-09-02T19:00:30.136+00:00][A] [INFO] Sequence: 29
[2026-09-02T19:00:30.136+00:00][A] [INFO] Packet ID: 9
[2026-09-02T19:00:30.137+00:00][A] [INFO] Packet Size: 26
[2026-09-02T19:00:30.142+00:00][A] [INFO] Timestamp: 9 ms
[2026-09-02T19:00:30.142+00:00][A] [INFO] Transmission Result: success
[2026-09-02T19:00:30.147+00:00][A] [INFO] --------------------------------
[2026-09-02T19:00:30.148+00:00][A] [INFO] [Heartbeat #9]
[2026-09-02T19:00:30.153+00:00][A] [INFO] Sent
[2026-09-02T19:00:30.153+00:00][A] [INFO] Waiting ACK...
[2026-09-02T19:00:30.153+00:00][A] [INFO] [WAITING ACK]
[2026-09-02T19:00:30.167+00:00][A] [INFO] [RF TX] type=2 source=0x01 destination=0xFF previousHop=0x01 sequence=29 ackSequence=0 ttl=8 hops=0 payloadSize=13 rssi=0 snr=0.00
[2026-09-02T19:00:30.167+00:00][A] [INFO] Heartbeat packet sent
[2026-09-02T19:00:30.181+00:00][B] [INFO] --------------------------------
[2026-09-02T19:00:30.181+00:00][B] [INFO] [HEARTBEAT TX]
[2026-09-02T19:00:30.186+00:00][B] [INFO] Node ID: 2
[2026-09-02T19:00:30.186+00:00][B] [INFO] type: 2
[2026-09-02T19:00:30.187+00:00][B] [INFO] Destination: 0xFF
[2026-09-02T19:00:30.192+00:00][B] [INFO] Sequence: 33
[2026-09-02T19:00:30.192+00:00][B] [INFO] Packet ID: 9
[2026-09-02T19:00:30.192+00:00][B] [INFO] Packet Size: 26
[2026-09-02T19:00:30.197+00:00][B] [INFO] Timestamp: 9 ms
[2026-09-02T19:00:30.198+00:00][B] [INFO] Transmission Result: success
[2026-09-02T19:00:30.203+00:00][B] [INFO] --------------------------------
[2026-09-02T19:00:30.203+00:00][B] [INFO] [Heartbeat #9]
[2026-09-02T19:00:30.208+00:00][B] [INFO] Sent
[2026-09-02T19:00:30.209+00:00][B] [INFO] Waiting ACK...
[2026-09-02T19:00:30.209+00:00][B] [INFO] [WAITING ACK]
[2026-09-02T19:00:30.222+00:00][B] [INFO] [RF TX] type=2 source=0x02 destination=0xFF previousHop=0x02 sequence=33 ackSequence=0 ttl=8 hops=0 payloadSize=13 rssi=0 snr=0.00
[2026-09-02T19:00:30.222+00:00][B] [INFO] Heartbeat packet sent
[2026-09-02T19:00:31.055+00:00][A] [WARN] TX_RETRY seq=28
[2026-09-02T19:00:31.117+00:00][A] [INFO] [RF TX] type=1 source=0x01 destination=0x02 previousHop=0x01 sequence=28 ackSequence=0 ttl=8 hops=0 payloadSize=4 rssi=0 snr=0.00
[2026-09-02T19:00:31.142+00:00][A] [WARN] Retry 1
[2026-09-02T19:00:31.166+00:00][B] [INFO] [RF TX] type=3 source=0x02 destination=0x01 previousHop=0x02 sequence=34 ackSequence=28 ttl=8 hops=0 payloadSize=2 rssi=0 snr=0.00
[2026-09-02T19:00:31.197+00:00][B] [WARN] Retry 1
[2026-09-02T19:00:31.209+00:00][A] [INFO] --------------------------------
[2026-09-02T19:00:31.209+00:00][A] [INFO] [HEARTBEAT TX]
[2026-09-02T19:00:31.214+00:00][A] [INFO] Node ID: 1
[2026-09-02T19:00:31.214+00:00][A] [INFO] type: 2
[2026-09-02T19:00:31.214+00:00][A] [INFO] Destination: 0xFF
[2026-09-02T19:00:31.220+00:00][A] [INFO] Sequence: 29
[2026-09-02T19:00:31.220+00:00][A] [INFO] Packet ID: 9
[2026-09-02T19:00:31.220+00:00][A] [INFO] Packet Size: 26
[2026-09-02T19:00:31.225+00:00][A] [INFO] Timestamp: 9 ms
[2026-09-02T19:00:31.226+00:00][A] [INFO] Transmission Result: success
[2026-09-02T19:00:31.231+00:00][A] [INFO] --------------------------------
[2026-09-02T19:00:31.231+00:00][A] [INFO] [Heartbeat #9]
[2026-09-02T19:00:31.237+00:00][A] [INFO] Sent
[2026-09-02T19:00:31.237+00:00][A] [INFO] Waiting ACK...
[2026-09-02T19:00:31.237+00:00][A] [INFO] [WAITING ACK]
[2026-09-02T19:00:31.250+00:00][A] [INFO] [RF TX] type=2 source=0x01 destination=0xFF previousHop=0x01 sequence=29 ackSequence=0 ttl=8 hops=0 payloadSize=13 rssi=0 snr=0.00
[2026-09-02T19:00:31.251+00:00][A] [INFO] Heartbeat packet sent
[2026-09-02T19:00:31.264+00:00][B] [INFO] --------------------------------
[2026-09-02T19:00:31.264+00:00][B] [INFO] [HEARTBEAT TX]
[2026-09-02T19:00:31.269+00:00][B] [INFO] Node ID: 2
[2026-09-02T19:00:31.269+00:00][B] [INFO] type: 2
[2026-09-02T19:00:31.269+00:00][B] [INFO] Destination: 0xFF
[2026-09-02T19:00:31.275+00:00][B] [INFO] Sequence: 33
[2026-09-02T19:00:31.275+00:00][B] [INFO] Packet ID: 9
[2026-09-02T19:00:31.275+00:00][B] [INFO] Packet Size: 26
[2026-09-02T19:00:31.280+00:00][B] [INFO] Timestamp: 9 ms
[2026-09-02T19:00:31.280+00:00][B] [INFO] Transmission Result: success
[2026-09-02T19:00:31.286+00:00][B] [INFO] --------------------------------
[2026-09-02T19:00:31.286+00:00][B] [INFO] [Heartbeat #9]
[2026-09-02T19:00:31.291+00:00][B] [INFO] Sent
[2026-09-02T19:00:31.291+00:00][B] [INFO] Waiting ACK...
[2026-09-02T19:00:31.291+00:00][B] [INFO] [WAITING ACK]
[2026-09-02T19:00:31.305+00:00][B] [INFO] [RF TX] type=2 source=0x02 destination=0xFF previousHop=0x02 sequence=33 ackSequence=0 ttl=8 hops=0 payloadSize=13 rssi=0 snr=0.00
[2026-09-02T19:00:31.305+00:00][B] [INFO] Heartbeat packet sent
[2026-09-02T19:00:32.125+00:00][A] [INFO] --------------------------------
[2026-09-02T19:00:32.125+00:00][A] [INFO] [HEARTBEAT TX]
[2026-09-02T19:00:32.130+00:00][A] [INFO] Node ID: 1
[2026-09-02T19:00:32.130+00:00][A] [INFO] type: 2
[2026-09-02T19:00:32.131+00:00][A] [INFO] Destination: 0xFF
[2026-09-02T19:00:32.136+00:00][A] [INFO] Sequence: 30
[2026-09-02T19:00:32.136+00:00][A] [INFO] Packet ID: 10
[2026-09-02T19:00:32.136+00:00][A] [INFO] Packet Size: 26
[2026-09-02T19:00:32.142+00:00][A] [INFO] Timestamp: 10 ms
[2026-09-02T19:00:32.142+00:00][A] [INFO] Transmission Result: success
[2026-09-02T19:00:32.147+00:00][A] [INFO] --------------------------------
[2026-09-02T19:00:32.147+00:00][A] [INFO] [Heartbeat #10]
[2026-09-02T19:00:32.153+00:00][A] [INFO] Sent
[2026-09-02T19:00:32.153+00:00][A] [INFO] Waiting ACK...
[2026-09-02T19:00:32.153+00:00][A] [INFO] [WAITING ACK]
[2026-09-02T19:00:32.169+00:00][A] [INFO] [RF TX] type=2 source=0x01 destination=0xFF previousHop=0x01 sequence=30 ackSequence=0 ttl=8 hops=0 payloadSize=13 rssi=0 snr=0.00
[2026-09-02T19:00:32.169+00:00][A] [INFO] Heartbeat packet sent
[2026-09-02T19:00:32.169+00:00][A] [WARN] TX_RETRY seq=28
[2026-09-02T19:00:32.180+00:00][B] [INFO] --------------------------------
[2026-09-02T19:00:32.180+00:00][B] [INFO] [HEARTBEAT TX]
[2026-09-02T19:00:32.185+00:00][B] [INFO] Node ID: 2
[2026-09-02T19:00:32.185+00:00][B] [INFO] type: 2
[2026-09-02T19:00:32.185+00:00][B] [INFO] Destination: 0xFF
[2026-09-02T19:00:32.191+00:00][B] [INFO] Sequence: 35
[2026-09-02T19:00:32.191+00:00][B] [INFO] Packet ID: 10
[2026-09-02T19:00:32.191+00:00][B] [INFO] Packet Size: 26
[2026-09-02T19:00:32.196+00:00][B] [INFO] Timestamp: 10 ms
[2026-09-02T19:00:32.196+00:00][B] [INFO] Transmission Result: success
[2026-09-02T19:00:32.202+00:00][B] [INFO] --------------------------------
[2026-09-02T19:00:32.202+00:00][B] [INFO] [Heartbeat #10]
[2026-09-02T19:00:32.207+00:00][B] [INFO] Sent
[2026-09-02T19:00:32.207+00:00][B] [INFO] Waiting ACK...
[2026-09-02T19:00:32.207+00:00][B] [INFO] [WAITING ACK]
[2026-09-02T19:00:32.221+00:00][B] [INFO] [RF TX] type=2 source=0x02 destination=0xFF previousHop=0x02 sequence=35 ackSequence=0 ttl=8 hops=0 payloadSize=13 rssi=0 snr=0.00
[2026-09-02T19:00:32.222+00:00][B] [INFO] Heartbeat packet sent
[2026-09-02T19:00:32.226+00:00][A] [INFO] [RF TX] type=1 source=0x01 destination=0x02 previousHop=0x01 sequence=28 ackSequence=0 ttl=8 hops=0 payloadSize=4 rssi=0 snr=0.00
[2026-09-02T19:00:33.142+00:00][A] [WARN] Retry 1
[2026-09-02T19:00:33.197+00:00][B] [WARN] Retry 1
[2026-09-02T19:00:33.209+00:00][A] [INFO] --------------------------------
[2026-09-02T19:00:33.209+00:00][A] [INFO] [HEARTBEAT TX]
[2026-09-02T19:00:33.214+00:00][A] [INFO] Node ID: 1
[2026-09-02T19:00:33.214+00:00][A] [INFO] type: 2
[2026-09-02T19:00:33.215+00:00][A] [INFO] Destination: 0xFF
[2026-09-02T19:00:33.220+00:00][A] [INFO] Sequence: 30
[2026-09-02T19:00:33.220+00:00][A] [INFO] Packet ID: 10
[2026-09-02T19:00:33.220+00:00][A] [INFO] Packet Size: 26
[2026-09-02T19:00:33.225+00:00][A] [INFO] Timestamp: 10 ms
[2026-09-02T19:00:33.226+00:00][A] [INFO] Transmission Result: success
[2026-09-02T19:00:33.231+00:00][A] [INFO] --------------------------------
[2026-09-02T19:00:33.231+00:00][A] [INFO] [Heartbeat #10]
[2026-09-02T19:00:33.237+00:00][A] [INFO] Sent
[2026-09-02T19:00:33.237+00:00][A] [INFO] Waiting ACK...
[2026-09-02T19:00:33.237+00:00][A] [INFO] [WAITING ACK]
[2026-09-02T19:00:33.253+00:00][A] [INFO] [RF TX] type=2 source=0x01 destination=0xFF previousHop=0x01 sequence=30 ackSequence=0 ttl=8 hops=0 payloadSize=13 rssi=0 snr=0.00
[2026-09-02T19:00:33.253+00:00][A] [INFO] Heartbeat packet sent
[2026-09-02T19:00:33.253+00:00][A] [WARN] TX_RETRY seq=28
[2026-09-02T19:00:33.264+00:00][B] [INFO] --------------------------------
[2026-09-02T19:00:33.264+00:00][B] [INFO] [HEARTBEAT TX]
[2026-09-02T19:00:33.269+00:00][B] [INFO] Node ID: 2
[2026-09-02T19:00:33.269+00:00][B] [INFO] type: 2
[2026-09-02T19:00:33.269+00:00][B] [INFO] Destination: 0xFF
[2026-09-02T19:00:33.275+00:00][B] [INFO] Sequence: 35
[2026-09-02T19:00:33.275+00:00][B] [INFO] Packet ID: 10
[2026-09-02T19:00:33.275+00:00][B] [INFO] Packet Size: 26
[2026-09-02T19:00:33.280+00:00][B] [INFO] Timestamp: 10 ms
[2026-09-02T19:00:33.280+00:00][B] [INFO] Transmission Result: success
[2026-09-02T19:00:33.286+00:00][B] [INFO] --------------------------------
[2026-09-02T19:00:33.286+00:00][B] [INFO] [Heartbeat #10]
[2026-09-02T19:00:33.291+00:00][B] [INFO] Sent
[2026-09-02T19:00:33.291+00:00][B] [INFO] Waiting ACK...
[2026-09-02T19:00:33.291+00:00][B] [INFO] [WAITING ACK]
[2026-09-02T19:00:33.305+00:00][B] [INFO] [RF TX] type=2 source=0x02 destination=0xFF previousHop=0x02 sequence=35 ackSequence=0 ttl=8 hops=0 payloadSize=13 rssi=0 snr=0.00
[2026-09-02T19:00:33.306+00:00][B] [INFO] Heartbeat packet sent
[2026-09-02T19:00:33.310+00:00][A] [INFO] [RF TX] type=1 source=0x01 destination=0x02 previousHop=0x01 sequence=28 ackSequence=0 ttl=8 hops=0 payloadSize=4 rssi=0 snr=0.00
[2026-09-02T19:00:34.125+00:00][A] [INFO] --------------------------------
[2026-09-02T19:00:34.125+00:00][A] [INFO] [HEARTBEAT TX]
[2026-09-02T19:00:34.130+00:00][A] [INFO] Node ID: 1
[2026-09-02T19:00:34.131+00:00][A] [INFO] type: 2
[2026-09-02T19:00:34.131+00:00][A] [INFO] Destination: 0xFF
[2026-09-02T19:00:34.136+00:00][A] [INFO] Sequence: 31
[2026-09-02T19:00:34.136+00:00][A] [INFO] Packet ID: 11
[2026-09-02T19:00:34.136+00:00][A] [INFO] Packet Size: 26
[2026-09-02T19:00:34.142+00:00][A] [INFO] Timestamp: 11 ms
[2026-09-02T19:00:34.142+00:00][A] [INFO] Transmission Result: success
[2026-09-02T19:00:34.147+00:00][A] [INFO] --------------------------------
[2026-09-02T19:00:34.148+00:00][A] [INFO] [Heartbeat #11]
[2026-09-02T19:00:34.153+00:00][A] [INFO] Sent
[2026-09-02T19:00:34.153+00:00][A] [INFO] Waiting ACK...
[2026-09-02T19:00:34.153+00:00][A] [INFO] [WAITING ACK]
[2026-09-02T19:00:34.167+00:00][A] [INFO] [RF TX] type=2 source=0x01 destination=0xFF previousHop=0x01 sequence=31 ackSequence=0 ttl=8 hops=0 payloadSize=13 rssi=0 snr=0.00
[2026-09-02T19:00:34.167+00:00][A] [INFO] Heartbeat packet sent
[2026-09-02T19:00:34.180+00:00][B] [INFO] --------------------------------
[2026-09-02T19:00:34.180+00:00][B] [INFO] [HEARTBEAT TX]
[2026-09-02T19:00:34.185+00:00][B] [INFO] Node ID: 2
[2026-09-02T19:00:34.185+00:00][B] [INFO] type: 2
[2026-09-02T19:00:34.186+00:00][B] [INFO] Destination: 0xFF
[2026-09-02T19:00:34.191+00:00][B] [INFO] Sequence: 36
[2026-09-02T19:00:34.191+00:00][B] [INFO] Packet ID: 11
[2026-09-02T19:00:34.192+00:00][B] [INFO] Packet Size: 26
[2026-09-02T19:00:34.196+00:00][B] [INFO] Timestamp: 11 ms
[2026-09-02T19:00:34.197+00:00][B] [INFO] Transmission Result: success
[2026-09-02T19:00:34.202+00:00][B] [INFO] --------------------------------
[2026-09-02T19:00:34.203+00:00][B] [INFO] [Heartbeat #11]
[2026-09-02T19:00:34.208+00:00][B] [INFO] Sent
[2026-09-02T19:00:34.208+00:00][B] [INFO] Waiting ACK...
[2026-09-02T19:00:34.208+00:00][B] [INFO] [WAITING ACK]
[2026-09-02T19:00:34.222+00:00][B] [INFO] [RF TX] type=2 source=0x02 destination=0xFF previousHop=0x02 sequence=36 ackSequence=0 ttl=8 hops=0 payloadSize=13 rssi=0 snr=0.00
[2026-09-02T19:00:34.222+00:00][B] [INFO] Heartbeat packet sent
[2026-09-02T19:00:34.313+00:00][A] [ERROR] TX_FAILED
[2026-09-02T19:00:34.314+00:00][A] [WARN] ACK_FAILED seq=28
[2026-09-02T19:00:34.316+00:00][A] [INFO] TEST_DATA_QUEUED dst=0x02 seq=32 remaining=78
[2026-09-02T19:00:34.372+00:00][A] [INFO] [RF TX] type=1 source=0x01 destination=0x02 previousHop=0x01 sequence=32 ackSequence=0 ttl=8 hops=0 payloadSize=4 rssi=0 snr=0.00
[2026-09-02T19:00:34.374+00:00][B] [INFO] [RF RX] type=1 source=0x01 destination=0x02 previousHop=0x01 sequence=32 ackSequence=0 ttl=8 hops=0 payloadSize=4 rssi=-61 snr=10.00
[2026-09-02T19:00:34.432+00:00][B] [INFO] [RF TX] type=3 source=0x02 destination=0x01 previousHop=0x02 sequence=37 ackSequence=32 ttl=8 hops=0 payloadSize=2 rssi=0 snr=0.00
[2026-09-02T19:00:34.438+00:00][A] [INFO] [RF RX] type=3 source=0x02 destination=0x01 previousHop=0x02 sequence=37 ackSequence=32 ttl=8 hops=0 payloadSize=2 rssi=-59 snr=9.75
[2026-09-02T19:00:34.439+00:00][A] [INFO] ACK_RX seq=32 source=0x02
[2026-09-02T19:00:34.441+00:00][A] [INFO] TEST_DATA_QUEUED dst=0x02 seq=33 remaining=77
[2026-09-02T19:00:34.496+00:00][A] [INFO] [RF TX] type=1 source=0x01 destination=0x02 previousHop=0x01 sequence=33 ackSequence=0 ttl=8 hops=0 payloadSize=4 rssi=0 snr=0.00
[2026-09-02T19:00:34.498+00:00][B] [INFO] [RF RX] type=1 source=0x01 destination=0x02 previousHop=0x01 sequence=33 ackSequence=0 ttl=8 hops=0 payloadSize=4 rssi=-62 snr=10.00
[2026-09-02T19:00:34.556+00:00][B] [INFO] [RF TX] type=3 source=0x02 destination=0x01 previousHop=0x02 sequence=38 ackSequence=33 ttl=8 hops=0 payloadSize=2 rssi=0 snr=0.00
[2026-09-02T19:00:34.562+00:00][A] [INFO] [RF RX] type=3 source=0x02 destination=0x01 previousHop=0x02 sequence=38 ackSequence=33 ttl=8 hops=0 payloadSize=2 rssi=-59 snr=9.50
[2026-09-02T19:00:34.562+00:00][A] [INFO] ACK_RX seq=33 source=0x02
[2026-09-02T19:00:34.566+00:00][A] [INFO] TEST_DATA_QUEUED dst=0x02 seq=34 remaining=76
[2026-09-02T19:00:34.620+00:00][A] [INFO] [RF TX] type=1 source=0x01 destination=0x02 previousHop=0x01 sequence=34 ackSequence=0 ttl=8 hops=0 payloadSize=4 rssi=0 snr=0.00
[2026-09-02T19:00:34.622+00:00][B] [INFO] [RF RX] type=1 source=0x01 destination=0x02 previousHop=0x01 sequence=34 ackSequence=0 ttl=8 hops=0 payloadSize=4 rssi=-62 snr=10.00
[2026-09-02T19:00:34.680+00:00][B] [INFO] [RF TX] type=3 source=0x02 destination=0x01 previousHop=0x02 sequence=39 ackSequence=34 ttl=8 hops=0 payloadSize=2 rssi=0 snr=0.00
[2026-09-02T19:00:34.686+00:00][A] [INFO] [RF RX] type=3 source=0x02 destination=0x01 previousHop=0x02 sequence=39 ackSequence=34 ttl=8 hops=0 payloadSize=2 rssi=-59 snr=9.50
[2026-09-02T19:00:34.686+00:00][A] [INFO] ACK_RX seq=34 source=0x02
[2026-09-02T19:00:34.689+00:00][A] [INFO] TEST_DATA_QUEUED dst=0x02 seq=35 remaining=75
[2026-09-02T19:00:34.744+00:00][A] [INFO] [RF TX] type=1 source=0x01 destination=0x02 previousHop=0x01 sequence=35 ackSequence=0 ttl=8 hops=0 payloadSize=4 rssi=0 snr=0.00
[2026-09-02T19:00:34.746+00:00][B] [INFO] [RF RX] type=1 source=0x01 destination=0x02 previousHop=0x01 sequence=35 ackSequence=0 ttl=8 hops=0 payloadSize=4 rssi=-63 snr=10.00
[2026-09-02T19:00:34.803+00:00][B] [INFO] [RF TX] type=3 source=0x02 destination=0x01 previousHop=0x02 sequence=40 ackSequence=35 ttl=8 hops=0 payloadSize=2 rssi=0 snr=0.00
[2026-09-02T19:00:34.810+00:00][A] [INFO] [RF RX] type=3 source=0x02 destination=0x01 previousHop=0x02 sequence=40 ackSequence=35 ttl=8 hops=0 payloadSize=2 rssi=-59 snr=9.50
[2026-09-02T19:00:34.810+00:00][A] [INFO] ACK_RX seq=35 source=0x02
[2026-09-02T19:00:34.813+00:00][A] [INFO] TEST_DATA_QUEUED dst=0x02 seq=36 remaining=74
[2026-09-02T19:00:34.868+00:00][A] [INFO] [RF TX] type=1 source=0x01 destination=0x02 previousHop=0x01 sequence=36 ackSequence=0 ttl=8 hops=0 payloadSize=4 rssi=0 snr=0.00
[2026-09-02T19:00:34.870+00:00][B] [INFO] [RF RX] type=1 source=0x01 destination=0x02 previousHop=0x01 sequence=36 ackSequence=0 ttl=8 hops=0 payloadSize=4 rssi=-62 snr=9.75
[2026-09-02T19:00:34.927+00:00][B] [INFO] [RF TX] type=3 source=0x02 destination=0x01 previousHop=0x02 sequence=41 ackSequence=36 ttl=8 hops=0 payloadSize=2 rssi=0 snr=0.00
[2026-09-02T19:00:34.933+00:00][A] [INFO] [RF RX] type=3 source=0x02 destination=0x01 previousHop=0x02 sequence=41 ackSequence=36 ttl=8 hops=0 payloadSize=2 rssi=-59 snr=10.25
[2026-09-02T19:00:34.934+00:00][A] [INFO] ACK_RX seq=36 source=0x02
[2026-09-02T19:00:34.937+00:00][A] [INFO] TEST_DATA_QUEUED dst=0x02 seq=37 remaining=73
[2026-09-02T19:00:34.992+00:00][A] [INFO] [RF TX] type=1 source=0x01 destination=0x02 previousHop=0x01 sequence=37 ackSequence=0 ttl=8 hops=0 payloadSize=4 rssi=0 snr=0.00
[2026-09-02T19:00:34.993+00:00][B] [INFO] [RF RX] type=1 source=0x01 destination=0x02 previousHop=0x01 sequence=37 ackSequence=0 ttl=8 hops=0 payloadSize=4 rssi=-62 snr=9.75
[2026-09-02T19:00:35.051+00:00][B] [INFO] [RF TX] type=3 source=0x02 destination=0x01 previousHop=0x02 sequence=42 ackSequence=37 ttl=8 hops=0 payloadSize=2 rssi=0 snr=0.00
[2026-09-02T19:00:35.057+00:00][A] [INFO] [RF RX] type=3 source=0x02 destination=0x01 previousHop=0x02 sequence=42 ackSequence=37 ttl=8 hops=0 payloadSize=2 rssi=-60 snr=10.00
[2026-09-02T19:00:35.057+00:00][A] [INFO] ACK_RX seq=37 source=0x02
[2026-09-02T19:00:35.061+00:00][A] [INFO] TEST_DATA_QUEUED dst=0x02 seq=38 remaining=72
[2026-09-02T19:00:35.115+00:00][A] [INFO] [RF TX] type=1 source=0x01 destination=0x02 previousHop=0x01 sequence=38 ackSequence=0 ttl=8 hops=0 payloadSize=4 rssi=0 snr=0.00
[2026-09-02T19:00:35.118+00:00][B] [INFO] [RF RX] type=1 source=0x01 destination=0x02 previousHop=0x01 sequence=38 ackSequence=0 ttl=8 hops=0 payloadSize=4 rssi=-62 snr=9.50
[2026-09-02T19:00:35.142+00:00][A] [WARN] Retry 1
[2026-09-02T19:00:35.175+00:00][B] [INFO] [RF TX] type=3 source=0x02 destination=0x01 previousHop=0x02 sequence=43 ackSequence=38 ttl=8 hops=0 payloadSize=2 rssi=0 snr=0.00
[2026-09-02T19:00:35.197+00:00][B] [WARN] Retry 1
[2026-09-02T19:00:35.209+00:00][A] [INFO] --------------------------------
[2026-09-02T19:00:35.210+00:00][A] [INFO] [HEARTBEAT TX]
[2026-09-02T19:00:35.215+00:00][A] [INFO] Node ID: 1
[2026-09-02T19:00:35.215+00:00][A] [INFO] type: 2
[2026-09-02T19:00:35.216+00:00][A] [INFO] Destination: 0xFF
[2026-09-02T19:00:35.220+00:00][A] [INFO] Sequence: 31
[2026-09-02T19:00:35.220+00:00][A] [INFO] Packet ID: 11
[2026-09-02T19:00:35.221+00:00][A] [INFO] Packet Size: 26
[2026-09-02T19:00:35.226+00:00][A] [INFO] Timestamp: 11 ms
[2026-09-02T19:00:35.226+00:00][A] [INFO] Transmission Result: success
[2026-09-02T19:00:35.231+00:00][A] [INFO] --------------------------------
[2026-09-02T19:00:35.232+00:00][A] [INFO] [Heartbeat #11]
[2026-09-02T19:00:35.237+00:00][A] [INFO] Sent
[2026-09-02T19:00:35.237+00:00][A] [INFO] Waiting ACK...
[2026-09-02T19:00:35.237+00:00][A] [INFO] [WAITING ACK]
[2026-09-02T19:00:35.251+00:00][A] [INFO] [RF TX] type=2 source=0x01 destination=0xFF previousHop=0x01 sequence=31 ackSequence=0 ttl=8 hops=0 payloadSize=13 rssi=0 snr=0.00
[2026-09-02T19:00:35.251+00:00][A] [INFO] Heartbeat packet sent
[2026-09-02T19:00:35.264+00:00][B] [INFO] --------------------------------
[2026-09-02T19:00:35.264+00:00][B] [INFO] [HEARTBEAT TX]
[2026-09-02T19:00:35.269+00:00][B] [INFO] Node ID: 2
[2026-09-02T19:00:35.269+00:00][B] [INFO] type: 2
[2026-09-02T19:00:35.270+00:00][B] [INFO] Destination: 0xFF
[2026-09-02T19:00:35.275+00:00][B] [INFO] Sequence: 36
[2026-09-02T19:00:35.275+00:00][B] [INFO] Packet ID: 11
[2026-09-02T19:00:35.276+00:00][B] [INFO] Packet Size: 26
[2026-09-02T19:00:35.280+00:00][B] [INFO] Timestamp: 11 ms
[2026-09-02T19:00:35.281+00:00][B] [INFO] Transmission Result: success
[2026-09-02T19:00:35.286+00:00][B] [INFO] --------------------------------
[2026-09-02T19:00:35.287+00:00][B] [INFO] [Heartbeat #11]
[2026-09-02T19:00:35.291+00:00][B] [INFO] Sent
[2026-09-02T19:00:35.292+00:00][B] [INFO] Waiting ACK...
[2026-09-02T19:00:35.292+00:00][B] [INFO] [WAITING ACK]
[2026-09-02T19:00:35.305+00:00][B] [INFO] [RF TX] type=2 source=0x02 destination=0xFF previousHop=0x02 sequence=36 ackSequence=0 ttl=8 hops=0 payloadSize=13 rssi=0 snr=0.00
[2026-09-02T19:00:35.306+00:00][B] [INFO] Heartbeat packet sent
[2026-09-02T19:00:36.125+00:00][A] [INFO] --------------------------------
[2026-09-02T19:00:36.126+00:00][A] [INFO] [HEARTBEAT TX]
[2026-09-02T19:00:36.131+00:00][A] [INFO] Node ID: 1
[2026-09-02T19:00:36.131+00:00][A] [INFO] type: 2
[2026-09-02T19:00:36.131+00:00][A] [INFO] Destination: 0xFF
[2026-09-02T19:00:36.136+00:00][A] [INFO] Sequence: 39
[2026-09-02T19:00:36.137+00:00][A] [INFO] Packet ID: 12
[2026-09-02T19:00:36.137+00:00][A] [INFO] Packet Size: 26
[2026-09-02T19:00:36.142+00:00][A] [INFO] Timestamp: 12 ms
[2026-09-02T19:00:36.142+00:00][A] [INFO] Transmission Result: success
[2026-09-02T19:00:36.148+00:00][A] [INFO] --------------------------------
[2026-09-02T19:00:36.149+00:00][A] [INFO] [Heartbeat #12]
[2026-09-02T19:00:36.153+00:00][A] [INFO] Sent
[2026-09-02T19:00:36.153+00:00][A] [INFO] Waiting ACK...
[2026-09-02T19:00:36.153+00:00][A] [INFO] [WAITING ACK]
[2026-09-02T19:00:36.169+00:00][A] [INFO] [RF TX] type=2 source=0x01 destination=0xFF previousHop=0x01 sequence=39 ackSequence=0 ttl=8 hops=0 payloadSize=13 rssi=0 snr=0.00
[2026-09-02T19:00:36.169+00:00][A] [INFO] Heartbeat packet sent
[2026-09-02T19:00:36.169+00:00][A] [WARN] TX_RETRY seq=38
[2026-09-02T19:00:36.180+00:00][B] [INFO] --------------------------------
[2026-09-02T19:00:36.180+00:00][B] [INFO] [HEARTBEAT TX]
[2026-09-02T19:00:36.185+00:00][B] [INFO] Node ID: 2
[2026-09-02T19:00:36.185+00:00][B] [INFO] type: 2
[2026-09-02T19:00:36.185+00:00][B] [INFO] Destination: 0xFF
[2026-09-02T19:00:36.191+00:00][B] [INFO] Sequence: 44
[2026-09-02T19:00:36.191+00:00][B] [INFO] Packet ID: 12
[2026-09-02T19:00:36.191+00:00][B] [INFO] Packet Size: 26
[2026-09-02T19:00:36.196+00:00][B] [INFO] Timestamp: 12 ms
[2026-09-02T19:00:36.196+00:00][B] [INFO] Transmission Result: success
[2026-09-02T19:00:36.202+00:00][B] [INFO] --------------------------------
[2026-09-02T19:00:36.202+00:00][B] [INFO] [Heartbeat #12]
[2026-09-02T19:00:36.207+00:00][B] [INFO] Sent
[2026-09-02T19:00:36.207+00:00][B] [INFO] Waiting ACK...
[2026-09-02T19:00:36.207+00:00][B] [INFO] [WAITING ACK]
[2026-09-02T19:00:36.221+00:00][B] [INFO] [RF TX] type=2 source=0x02 destination=0xFF previousHop=0x02 sequence=44 ackSequence=0 ttl=8 hops=0 payloadSize=13 rssi=0 snr=0.00
[2026-09-02T19:00:36.222+00:00][B] [INFO] Heartbeat packet sent
[2026-09-02T19:00:36.226+00:00][A] [INFO] [RF TX] type=1 source=0x01 destination=0x02 previousHop=0x01 sequence=38 ackSequence=0 ttl=8 hops=0 payloadSize=4 rssi=0 snr=0.00
[2026-09-02T19:00:37.142+00:00][A] [WARN] Retry 1
[2026-09-02T19:00:37.197+00:00][B] [WARN] Retry 1
[2026-09-02T19:00:37.209+00:00][A] [INFO] --------------------------------
[2026-09-02T19:00:37.210+00:00][A] [INFO] [HEARTBEAT TX]
[2026-09-02T19:00:37.215+00:00][A] [INFO] Node ID: 1
[2026-09-02T19:00:37.215+00:00][A] [INFO] type: 2
[2026-09-02T19:00:37.215+00:00][A] [INFO] Destination: 0xFF
[2026-09-02T19:00:37.220+00:00][A] [INFO] Sequence: 39
[2026-09-02T19:00:37.221+00:00][A] [INFO] Packet ID: 12
[2026-09-02T19:00:37.221+00:00][A] [INFO] Packet Size: 26
[2026-09-02T19:00:37.226+00:00][A] [INFO] Timestamp: 12 ms
[2026-09-02T19:00:37.226+00:00][A] [INFO] Transmission Result: success
[2026-09-02T19:00:37.231+00:00][A] [INFO] --------------------------------
[2026-09-02T19:00:37.232+00:00][A] [INFO] [Heartbeat #12]
[2026-09-02T19:00:37.237+00:00][A] [INFO] Sent
[2026-09-02T19:00:37.237+00:00][A] [INFO] Waiting ACK...
[2026-09-02T19:00:37.237+00:00][A] [INFO] [WAITING ACK]
[2026-09-02T19:00:37.253+00:00][A] [INFO] [RF TX] type=2 source=0x01 destination=0xFF previousHop=0x01 sequence=39 ackSequence=0 ttl=8 hops=0 payloadSize=13 rssi=0 snr=0.00
[2026-09-02T19:00:37.253+00:00][A] [INFO] Heartbeat packet sent
[2026-09-02T19:00:37.254+00:00][A] [WARN] TX_RETRY seq=38
[2026-09-02T19:00:37.264+00:00][B] [INFO] --------------------------------
[2026-09-02T19:00:37.264+00:00][B] [INFO] [HEARTBEAT TX]
[2026-09-02T19:00:37.270+00:00][B] [INFO] Node ID: 2
[2026-09-02T19:00:37.270+00:00][B] [INFO] type: 2
[2026-09-02T19:00:37.270+00:00][B] [INFO] Destination: 0xFF
[2026-09-02T19:00:37.275+00:00][B] [INFO] Sequence: 44
[2026-09-02T19:00:37.275+00:00][B] [INFO] Packet ID: 12
[2026-09-02T19:00:37.275+00:00][B] [INFO] Packet Size: 26
[2026-09-02T19:00:37.281+00:00][B] [INFO] Timestamp: 12 ms
[2026-09-02T19:00:37.281+00:00][B] [INFO] Transmission Result: success
[2026-09-02T19:00:37.286+00:00][B] [INFO] --------------------------------
[2026-09-02T19:00:37.287+00:00][B] [INFO] [Heartbeat #12]
[2026-09-02T19:00:37.291+00:00][B] [INFO] Sent
[2026-09-02T19:00:37.292+00:00][B] [INFO] Waiting ACK...
[2026-09-02T19:00:37.292+00:00][B] [INFO] [WAITING ACK]
[2026-09-02T19:00:37.305+00:00][B] [INFO] [RF TX] type=2 source=0x02 destination=0xFF previousHop=0x02 sequence=44 ackSequence=0 ttl=8 hops=0 payloadSize=13 rssi=0 snr=0.00
[2026-09-02T19:00:37.306+00:00][B] [INFO] Heartbeat packet sent
[2026-09-02T19:00:37.310+00:00][A] [INFO] [RF TX] type=1 source=0x01 destination=0x02 previousHop=0x01 sequence=38 ackSequence=0 ttl=8 hops=0 payloadSize=4 rssi=0 snr=0.00
[2026-09-02T19:00:38.125+00:00][A] [INFO] --------------------------------
[2026-09-02T19:00:38.125+00:00][A] [INFO] [HEARTBEAT TX]
[2026-09-02T19:00:38.130+00:00][A] [INFO] Node ID: 1
[2026-09-02T19:00:38.130+00:00][A] [INFO] type: 2
[2026-09-02T19:00:38.130+00:00][A] [INFO] Destination: 0xFF
[2026-09-02T19:00:38.136+00:00][A] [INFO] Sequence: 40
[2026-09-02T19:00:38.136+00:00][A] [INFO] Packet ID: 13
[2026-09-02T19:00:38.136+00:00][A] [INFO] Packet Size: 26
[2026-09-02T19:00:38.141+00:00][A] [INFO] Timestamp: 13 ms
[2026-09-02T19:00:38.141+00:00][A] [INFO] Transmission Result: success
[2026-09-02T19:00:38.147+00:00][A] [INFO] --------------------------------
[2026-09-02T19:00:38.147+00:00][A] [INFO] [Heartbeat #13]
[2026-09-02T19:00:38.152+00:00][A] [INFO] Sent
[2026-09-02T19:00:38.153+00:00][A] [INFO] Waiting ACK...
[2026-09-02T19:00:38.153+00:00][A] [INFO] [WAITING ACK]
[2026-09-02T19:00:38.167+00:00][A] [INFO] [RF TX] type=2 source=0x01 destination=0xFF previousHop=0x01 sequence=40 ackSequence=0 ttl=8 hops=0 payloadSize=13 rssi=0 snr=0.00
[2026-09-02T19:00:38.167+00:00][A] [INFO] Heartbeat packet sent
[2026-09-02T19:00:38.180+00:00][B] [INFO] --------------------------------
[2026-09-02T19:00:38.180+00:00][B] [INFO] [HEARTBEAT TX]
[2026-09-02T19:00:38.185+00:00][B] [INFO] Node ID: 2
[2026-09-02T19:00:38.185+00:00][B] [INFO] type: 2
[2026-09-02T19:00:38.185+00:00][B] [INFO] Destination: 0xFF
[2026-09-02T19:00:38.191+00:00][B] [INFO] Sequence: 45
[2026-09-02T19:00:38.191+00:00][B] [INFO] Packet ID: 13
[2026-09-02T19:00:38.191+00:00][B] [INFO] Packet Size: 26
[2026-09-02T19:00:38.196+00:00][B] [INFO] Timestamp: 13 ms
[2026-09-02T19:00:38.196+00:00][B] [INFO] Transmission Result: success
[2026-09-02T19:00:38.202+00:00][B] [INFO] --------------------------------
[2026-09-02T19:00:38.202+00:00][B] [INFO] [Heartbeat #13]
[2026-09-02T19:00:38.207+00:00][B] [INFO] Sent
[2026-09-02T19:00:38.208+00:00][B] [INFO] Waiting ACK...
[2026-09-02T19:00:38.208+00:00][B] [INFO] [WAITING ACK]
[2026-09-02T19:00:38.221+00:00][B] [INFO] [RF TX] type=2 source=0x02 destination=0xFF previousHop=0x02 sequence=45 ackSequence=0 ttl=8 hops=0 payloadSize=13 rssi=0 snr=0.00
[2026-09-02T19:00:38.222+00:00][B] [INFO] Heartbeat packet sent
[2026-09-02T19:00:38.310+00:00][A] [WARN] TX_RETRY seq=38
[2026-09-02T19:00:38.372+00:00][A] [INFO] [RF TX] type=1 source=0x01 destination=0x02 previousHop=0x01 sequence=38 ackSequence=0 ttl=8 hops=0 payloadSize=4 rssi=0 snr=0.00
[2026-09-02T19:00:38.421+00:00][B] [INFO] [RF TX] type=3 source=0x02 destination=0x01 previousHop=0x02 sequence=46 ackSequence=38 ttl=8 hops=0 payloadSize=2 rssi=0 snr=0.00
[2026-09-02T19:00:39.142+00:00][A] [WARN] Retry 1
[2026-09-02T19:00:39.197+00:00][B] [WARN] Retry 1
[2026-09-02T19:00:39.209+00:00][A] [INFO] --------------------------------
[2026-09-02T19:00:39.209+00:00][A] [INFO] [HEARTBEAT TX]
[2026-09-02T19:00:39.214+00:00][A] [INFO] Node ID: 1
[2026-09-02T19:00:39.215+00:00][A] [INFO] type: 2
[2026-09-02T19:00:39.215+00:00][A] [INFO] Destination: 0xFF
[2026-09-02T19:00:39.220+00:00][A] [INFO] Sequence: 40
[2026-09-02T19:00:39.220+00:00][A] [INFO] Packet ID: 13
[2026-09-02T19:00:39.220+00:00][A] [INFO] Packet Size: 26
[2026-09-02T19:00:39.226+00:00][A] [INFO] Timestamp: 13 ms
[2026-09-02T19:00:39.226+00:00][A] [INFO] Transmission Result: success
[2026-09-02T19:00:39.231+00:00][A] [INFO] --------------------------------
[2026-09-02T19:00:39.231+00:00][A] [INFO] [Heartbeat #13]
[2026-09-02T19:00:39.237+00:00][A] [INFO] Sent
[2026-09-02T19:00:39.237+00:00][A] [INFO] Waiting ACK...
[2026-09-02T19:00:39.237+00:00][A] [INFO] [WAITING ACK]
[2026-09-02T19:00:39.251+00:00][A] [INFO] [RF TX] type=2 source=0x01 destination=0xFF previousHop=0x01 sequence=40 ackSequence=0 ttl=8 hops=0 payloadSize=13 rssi=0 snr=0.00
[2026-09-02T19:00:39.251+00:00][A] [INFO] Heartbeat packet sent
[2026-09-02T19:00:39.264+00:00][B] [INFO] --------------------------------
[2026-09-02T19:00:39.264+00:00][B] [INFO] [HEARTBEAT TX]
[2026-09-02T19:00:39.269+00:00][B] [INFO] Node ID: 2
[2026-09-02T19:00:39.269+00:00][B] [INFO] type: 2
[2026-09-02T19:00:39.269+00:00][B] [INFO] Destination: 0xFF
[2026-09-02T19:00:39.275+00:00][B] [INFO] Sequence: 45
[2026-09-02T19:00:39.275+00:00][B] [INFO] Packet ID: 13
[2026-09-02T19:00:39.275+00:00][B] [INFO] Packet Size: 26
[2026-09-02T19:00:39.280+00:00][B] [INFO] Timestamp: 13 ms
[2026-09-02T19:00:39.281+00:00][B] [INFO] Transmission Result: success
[2026-09-02T19:00:39.286+00:00][B] [INFO] --------------------------------
[2026-09-02T19:00:39.286+00:00][B] [INFO] [Heartbeat #13]
[2026-09-02T19:00:39.291+00:00][B] [INFO] Sent
[2026-09-02T19:00:39.291+00:00][B] [INFO] Waiting ACK...
[2026-09-02T19:00:39.291+00:00][B] [INFO] [WAITING ACK]
[2026-09-02T19:00:39.305+00:00][B] [INFO] [RF TX] type=2 source=0x02 destination=0xFF previousHop=0x02 sequence=45 ackSequence=0 ttl=8 hops=0 payloadSize=13 rssi=0 snr=0.00
[2026-09-02T19:00:39.305+00:00][B] [INFO] Heartbeat packet sent
[2026-09-02T19:00:39.375+00:00][A] [ERROR] TX_FAILED
[2026-09-02T19:00:39.375+00:00][A] [WARN] ACK_FAILED seq=38
[2026-09-02T19:00:39.378+00:00][A] [INFO] TEST_DATA_QUEUED dst=0x02 seq=41 remaining=71
[2026-09-02T19:00:39.434+00:00][A] [INFO] [RF TX] type=1 source=0x01 destination=0x02 previousHop=0x01 sequence=41 ackSequence=0 ttl=8 hops=0 payloadSize=4 rssi=0 snr=0.00
[2026-09-02T19:00:39.436+00:00][B] [INFO] [RF RX] type=1 source=0x01 destination=0x02 previousHop=0x01 sequence=41 ackSequence=0 ttl=8 hops=0 payloadSize=4 rssi=-61 snr=9.75
[2026-09-02T19:00:39.494+00:00][B] [INFO] [RF TX] type=3 source=0x02 destination=0x01 previousHop=0x02 sequence=47 ackSequence=41 ttl=8 hops=0 payloadSize=2 rssi=0 snr=0.00
[2026-09-02T19:00:39.500+00:00][A] [INFO] [RF RX] type=3 source=0x02 destination=0x01 previousHop=0x02 sequence=47 ackSequence=41 ttl=8 hops=0 payloadSize=2 rssi=-58 snr=10.50
[2026-09-02T19:00:39.500+00:00][A] [INFO] ACK_RX seq=41 source=0x02
[2026-09-02T19:00:39.503+00:00][A] [INFO] TEST_DATA_QUEUED dst=0x02 seq=42 remaining=70
[2026-09-02T19:00:39.558+00:00][A] [INFO] [RF TX] type=1 source=0x01 destination=0x02 previousHop=0x01 sequence=42 ackSequence=0 ttl=8 hops=0 payloadSize=4 rssi=0 snr=0.00
[2026-09-02T19:00:39.560+00:00][B] [INFO] [RF RX] type=1 source=0x01 destination=0x02 previousHop=0x01 sequence=42 ackSequence=0 ttl=8 hops=0 payloadSize=4 rssi=-62 snr=9.25
[2026-09-02T19:00:39.618+00:00][B] [INFO] [RF TX] type=3 source=0x02 destination=0x01 previousHop=0x02 sequence=48 ackSequence=42 ttl=8 hops=0 payloadSize=2 rssi=0 snr=0.00
[2026-09-02T19:00:39.624+00:00][A] [INFO] [RF RX] type=3 source=0x02 destination=0x01 previousHop=0x02 sequence=48 ackSequence=42 ttl=8 hops=0 payloadSize=2 rssi=-59 snr=10.00
[2026-09-02T19:00:39.624+00:00][A] [INFO] ACK_RX seq=42 source=0x02
[2026-09-02T19:00:39.627+00:00][A] [INFO] TEST_DATA_QUEUED dst=0x02 seq=43 remaining=69
[2026-09-02T19:00:39.682+00:00][A] [INFO] [RF TX] type=1 source=0x01 destination=0x02 previousHop=0x01 sequence=43 ackSequence=0 ttl=8 hops=0 payloadSize=4 rssi=0 snr=0.00
[2026-09-02T19:00:39.684+00:00][B] [INFO] [RF RX] type=1 source=0x01 destination=0x02 previousHop=0x01 sequence=43 ackSequence=0 ttl=8 hops=0 payloadSize=4 rssi=-61 snr=9.75
[2026-09-02T19:00:39.741+00:00][B] [INFO] [RF TX] type=3 source=0x02 destination=0x01 previousHop=0x02 sequence=49 ackSequence=43 ttl=8 hops=0 payloadSize=2 rssi=0 snr=0.00
[2026-09-02T19:00:39.747+00:00][A] [INFO] [RF RX] type=3 source=0x02 destination=0x01 previousHop=0x02 sequence=49 ackSequence=43 ttl=8 hops=0 payloadSize=2 rssi=-60 snr=9.50
[2026-09-02T19:00:39.748+00:00][A] [INFO] ACK_RX seq=43 source=0x02
[2026-09-02T19:00:39.751+00:00][A] [INFO] TEST_DATA_QUEUED dst=0x02 seq=44 remaining=68
[2026-09-02T19:00:39.806+00:00][A] [INFO] [RF TX] type=1 source=0x01 destination=0x02 previousHop=0x01 sequence=44 ackSequence=0 ttl=8 hops=0 payloadSize=4 rssi=0 snr=0.00
[2026-09-02T19:00:39.808+00:00][B] [INFO] [RF RX] type=1 source=0x01 destination=0x02 previousHop=0x01 sequence=44 ackSequence=0 ttl=8 hops=0 payloadSize=4 rssi=-62 snr=10.50
[2026-09-02T19:00:39.865+00:00][B] [INFO] [RF TX] type=3 source=0x02 destination=0x01 previousHop=0x02 sequence=50 ackSequence=44 ttl=8 hops=0 payloadSize=2 rssi=0 snr=0.00
[2026-09-02T19:00:39.871+00:00][A] [INFO] [RF RX] type=3 source=0x02 destination=0x01 previousHop=0x02 sequence=50 ackSequence=44 ttl=8 hops=0 payloadSize=2 rssi=-59 snr=10.00
[2026-09-02T19:00:39.872+00:00][A] [INFO] ACK_RX seq=44 source=0x02
[2026-09-02T19:00:39.875+00:00][A] [INFO] TEST_DATA_QUEUED dst=0x02 seq=45 remaining=67
[2026-09-02T19:00:39.930+00:00][A] [INFO] [RF TX] type=1 source=0x01 destination=0x02 previousHop=0x01 sequence=45 ackSequence=0 ttl=8 hops=0 payloadSize=4 rssi=0 snr=0.00
[2026-09-02T19:00:39.932+00:00][B] [INFO] [RF RX] type=1 source=0x01 destination=0x02 previousHop=0x01 sequence=45 ackSequence=0 ttl=8 hops=0 payloadSize=4 rssi=-61 snr=9.75
[2026-09-02T19:00:39.989+00:00][B] [INFO] [RF TX] type=3 source=0x02 destination=0x01 previousHop=0x02 sequence=51 ackSequence=45 ttl=8 hops=0 payloadSize=2 rssi=0 snr=0.00
[2026-09-02T19:00:39.995+00:00][A] [INFO] [RF RX] type=3 source=0x02 destination=0x01 previousHop=0x02 sequence=51 ackSequence=45 ttl=8 hops=0 payloadSize=2 rssi=-60 snr=9.75
[2026-09-02T19:00:39.996+00:00][A] [INFO] ACK_RX seq=45 source=0x02
[2026-09-02T19:00:39.999+00:00][A] [INFO] TEST_DATA_QUEUED dst=0x02 seq=46 remaining=66
[2026-09-02T19:00:40.054+00:00][A] [INFO] [RF TX] type=1 source=0x01 destination=0x02 previousHop=0x01 sequence=46 ackSequence=0 ttl=8 hops=0 payloadSize=4 rssi=0 snr=0.00
[2026-09-02T19:00:40.055+00:00][B] [INFO] [RF RX] type=1 source=0x01 destination=0x02 previousHop=0x01 sequence=46 ackSequence=0 ttl=8 hops=0 payloadSize=4 rssi=-62 snr=9.75
[2026-09-02T19:00:40.113+00:00][B] [INFO] [RF TX] type=3 source=0x02 destination=0x01 previousHop=0x02 sequence=52 ackSequence=46 ttl=8 hops=0 payloadSize=2 rssi=0 snr=0.00
[2026-09-02T19:00:40.126+00:00][A] [INFO] --------------------------------
[2026-09-02T19:00:40.126+00:00][A] [INFO] [HEARTBEAT TX]
[2026-09-02T19:00:40.130+00:00][A] [INFO] Node ID: 1
[2026-09-02T19:00:40.131+00:00][A] [INFO] type: 2
[2026-09-02T19:00:40.131+00:00][A] [INFO] Destination: 0xFF
[2026-09-02T19:00:40.136+00:00][A] [INFO] Sequence: 47
[2026-09-02T19:00:40.136+00:00][A] [INFO] Packet ID: 14
[2026-09-02T19:00:40.137+00:00][A] [INFO] Packet Size: 26
[2026-09-02T19:00:40.142+00:00][A] [INFO] Timestamp: 14 ms
[2026-09-02T19:00:40.143+00:00][A] [INFO] Transmission Result: success
[2026-09-02T19:00:40.147+00:00][A] [INFO] --------------------------------
[2026-09-02T19:00:40.148+00:00][A] [INFO] [Heartbeat #14]
[2026-09-02T19:00:40.153+00:00][A] [INFO] Sent
[2026-09-02T19:00:40.153+00:00][A] [INFO] Waiting ACK...
[2026-09-02T19:00:40.153+00:00][A] [INFO] [WAITING ACK]
[2026-09-02T19:00:40.167+00:00][A] [INFO] [RF TX] type=2 source=0x01 destination=0xFF previousHop=0x01 sequence=47 ackSequence=0 ttl=8 hops=0 payloadSize=13 rssi=0 snr=0.00
[2026-09-02T19:00:40.167+00:00][A] [INFO] Heartbeat packet sent
[2026-09-02T19:00:40.180+00:00][B] [INFO] --------------------------------
[2026-09-02T19:00:40.181+00:00][B] [INFO] [HEARTBEAT TX]
[2026-09-02T19:00:40.186+00:00][B] [INFO] Node ID: 2
[2026-09-02T19:00:40.186+00:00][B] [INFO] type: 2
[2026-09-02T19:00:40.186+00:00][B] [INFO] Destination: 0xFF
[2026-09-02T19:00:40.191+00:00][B] [INFO] Sequence: 53
[2026-09-02T19:00:40.192+00:00][B] [INFO] Packet ID: 14
[2026-09-02T19:00:40.192+00:00][B] [INFO] Packet Size: 26
[2026-09-02T19:00:40.197+00:00][B] [INFO] Timestamp: 14 ms
[2026-09-02T19:00:40.197+00:00][B] [INFO] Transmission Result: success
[2026-09-02T19:00:40.203+00:00][B] [INFO] --------------------------------
[2026-09-02T19:00:40.203+00:00][B] [INFO] [Heartbeat #14]
[2026-09-02T19:00:40.208+00:00][B] [INFO] Sent
[2026-09-02T19:00:40.208+00:00][B] [INFO] Waiting ACK...
[2026-09-02T19:00:40.209+00:00][B] [INFO] [WAITING ACK]
[2026-09-02T19:00:40.222+00:00][B] [INFO] [RF TX] type=2 source=0x02 destination=0xFF previousHop=0x02 sequence=53 ackSequence=0 ttl=8 hops=0 payloadSize=13 rssi=0 snr=0.00
[2026-09-02T19:00:40.222+00:00][B] [INFO] Heartbeat packet sent
[2026-09-02T19:00:41.054+00:00][A] [WARN] TX_RETRY seq=46
[2026-09-02T19:00:41.116+00:00][A] [INFO] [RF TX] type=1 source=0x01 destination=0x02 previousHop=0x01 sequence=46 ackSequence=0 ttl=8 hops=0 payloadSize=4 rssi=0 snr=0.00
[2026-09-02T19:00:41.142+00:00][A] [WARN] Retry 1
[2026-09-02T19:00:41.165+00:00][B] [INFO] [RF TX] type=3 source=0x02 destination=0x01 previousHop=0x02 sequence=54 ackSequence=46 ttl=8 hops=0 payloadSize=2 rssi=0 snr=0.00
[2026-09-02T19:00:41.197+00:00][B] [WARN] Retry 1
[2026-09-02T19:00:41.209+00:00][A] [INFO] --------------------------------
[2026-09-02T19:00:41.210+00:00][A] [INFO] [HEARTBEAT TX]
[2026-09-02T19:00:41.214+00:00][A] [INFO] Node ID: 1
[2026-09-02T19:00:41.215+00:00][A] [INFO] type: 2
[2026-09-02T19:00:41.215+00:00][A] [INFO] Destination: 0xFF
[2026-09-02T19:00:41.220+00:00][A] [INFO] Sequence: 47
[2026-09-02T19:00:41.221+00:00][A] [INFO] Packet ID: 14
[2026-09-02T19:00:41.221+00:00][A] [INFO] Packet Size: 26
[2026-09-02T19:00:41.226+00:00][A] [INFO] Timestamp: 14 ms
[2026-09-02T19:00:41.226+00:00][A] [INFO] Transmission Result: success
[2026-09-02T19:00:41.231+00:00][A] [INFO] --------------------------------
[2026-09-02T19:00:41.232+00:00][A] [INFO] [Heartbeat #14]
[2026-09-02T19:00:41.237+00:00][A] [INFO] Sent
[2026-09-02T19:00:41.237+00:00][A] [INFO] Waiting ACK...
[2026-09-02T19:00:41.237+00:00][A] [INFO] [WAITING ACK]
[2026-09-02T19:00:41.251+00:00][A] [INFO] [RF TX] type=2 source=0x01 destination=0xFF previousHop=0x01 sequence=47 ackSequence=0 ttl=8 hops=0 payloadSize=13 rssi=0 snr=0.00
[2026-09-02T19:00:41.251+00:00][A] [INFO] Heartbeat packet sent
[2026-09-02T19:00:41.264+00:00][B] [INFO] --------------------------------
[2026-09-02T19:00:41.264+00:00][B] [INFO] [HEARTBEAT TX]
[2026-09-02T19:00:41.269+00:00][B] [INFO] Node ID: 2
[2026-09-02T19:00:41.269+00:00][B] [INFO] type: 2
[2026-09-02T19:00:41.270+00:00][B] [INFO] Destination: 0xFF
[2026-09-02T19:00:41.275+00:00][B] [INFO] Sequence: 53
[2026-09-02T19:00:41.276+00:00][B] [INFO] Packet ID: 14
[2026-09-02T19:00:41.276+00:00][B] [INFO] Packet Size: 26
[2026-09-02T19:00:41.280+00:00][B] [INFO] Timestamp: 14 ms
[2026-09-02T19:00:41.281+00:00][B] [INFO] Transmission Result: success
[2026-09-02T19:00:41.286+00:00][B] [INFO] --------------------------------
[2026-09-02T19:00:41.286+00:00][B] [INFO] [Heartbeat #14]
[2026-09-02T19:00:41.292+00:00][B] [INFO] Sent
[2026-09-02T19:00:41.292+00:00][B] [INFO] Waiting ACK...
[2026-09-02T19:00:41.292+00:00][B] [INFO] [WAITING ACK]
[2026-09-02T19:00:41.305+00:00][B] [INFO] [RF TX] type=2 source=0x02 destination=0xFF previousHop=0x02 sequence=53 ackSequence=0 ttl=8 hops=0 payloadSize=13 rssi=0 snr=0.00
[2026-09-02T19:00:41.306+00:00][B] [INFO] Heartbeat packet sent
[2026-09-02T19:00:42.125+00:00][A] [INFO] --------------------------------
[2026-09-02T19:00:42.126+00:00][A] [INFO] [HEARTBEAT TX]
[2026-09-02T19:00:42.130+00:00][A] [INFO] Node ID: 1
[2026-09-02T19:00:42.131+00:00][A] [INFO] type: 2
[2026-09-02T19:00:42.131+00:00][A] [INFO] Destination: 0xFF
[2026-09-02T19:00:42.136+00:00][A] [INFO] Sequence: 48
[2026-09-02T19:00:42.137+00:00][A] [INFO] Packet ID: 15
[2026-09-02T19:00:42.137+00:00][A] [INFO] Packet Size: 26
[2026-09-02T19:00:42.142+00:00][A] [INFO] Timestamp: 15 ms
[2026-09-02T19:00:42.143+00:00][A] [INFO] Transmission Result: success
[2026-09-02T19:00:42.147+00:00][A] [INFO] --------------------------------
[2026-09-02T19:00:42.148+00:00][A] [INFO] [Heartbeat #15]
[2026-09-02T19:00:42.153+00:00][A] [INFO] Sent
[2026-09-02T19:00:42.153+00:00][A] [INFO] Waiting ACK...
[2026-09-02T19:00:42.153+00:00][A] [INFO] [WAITING ACK]
[2026-09-02T19:00:42.169+00:00][A] [INFO] [RF TX] type=2 source=0x01 destination=0xFF previousHop=0x01 sequence=48 ackSequence=0 ttl=8 hops=0 payloadSize=13 rssi=0 snr=0.00
[2026-09-02T19:00:42.170+00:00][A] [INFO] Heartbeat packet sent
[2026-09-02T19:00:42.170+00:00][A] [WARN] TX_RETRY seq=46
[2026-09-02T19:00:42.180+00:00][B] [INFO] --------------------------------
[2026-09-02T19:00:42.180+00:00][B] [INFO] [HEARTBEAT TX]
[2026-09-02T19:00:42.185+00:00][B] [INFO] Node ID: 2
[2026-09-02T19:00:42.186+00:00][B] [INFO] type: 2
[2026-09-02T19:00:42.186+00:00][B] [INFO] Destination: 0xFF
[2026-09-02T19:00:42.191+00:00][B] [INFO] Sequence: 55
[2026-09-02T19:00:42.191+00:00][B] [INFO] Packet ID: 15
[2026-09-02T19:00:42.192+00:00][B] [INFO] Packet Size: 26
[2026-09-02T19:00:42.196+00:00][B] [INFO] Timestamp: 15 ms
[2026-09-02T19:00:42.197+00:00][B] [INFO] Transmission Result: success
[2026-09-02T19:00:42.202+00:00][B] [INFO] --------------------------------
[2026-09-02T19:00:42.203+00:00][B] [INFO] [Heartbeat #15]
[2026-09-02T19:00:42.208+00:00][B] [INFO] Sent
[2026-09-02T19:00:42.208+00:00][B] [INFO] Waiting ACK...
[2026-09-02T19:00:42.209+00:00][B] [INFO] [WAITING ACK]
[2026-09-02T19:00:42.221+00:00][B] [INFO] [RF TX] type=2 source=0x02 destination=0xFF previousHop=0x02 sequence=55 ackSequence=0 ttl=8 hops=0 payloadSize=13 rssi=0 snr=0.00
[2026-09-02T19:00:42.222+00:00][B] [INFO] Heartbeat packet sent
[2026-09-02T19:00:42.226+00:00][A] [INFO] [RF TX] type=1 source=0x01 destination=0x02 previousHop=0x01 sequence=46 ackSequence=0 ttl=8 hops=0 payloadSize=4 rssi=0 snr=0.00
[2026-09-02T19:00:43.142+00:00][A] [WARN] Retry 1
[2026-09-02T19:00:43.197+00:00][B] [WARN] Retry 1
[2026-09-02T19:00:43.209+00:00][A] [INFO] --------------------------------
[2026-09-02T19:00:43.210+00:00][A] [INFO] [HEARTBEAT TX]
[2026-09-02T19:00:43.216+00:00][A] [INFO] Node ID: 1
[2026-09-02T19:00:43.217+00:00][A] [INFO] type: 2
[2026-09-02T19:00:43.217+00:00][A] [INFO] Destination: 0xFF
[2026-09-02T19:00:43.232+00:00][A] [INFO] Sequence: 48
[2026-09-02T19:00:43.232+00:00][A] [INFO] Packet ID: 15
[2026-09-02T19:00:43.232+00:00][A] [INFO] Packet Size: 26
[2026-09-02T19:00:43.232+00:00][A] [INFO] Timestamp: 15 ms
[2026-09-02T19:00:43.233+00:00][A] [INFO] Transmission Result: success
[2026-09-02T19:00:43.233+00:00][A] [INFO] --------------------------------
[2026-09-02T19:00:43.233+00:00][A] [INFO] [Heartbeat #15]
[2026-09-02T19:00:43.236+00:00][A] [INFO] Sent
[2026-09-02T19:00:43.236+00:00][A] [INFO] Waiting ACK...
[2026-09-02T19:00:43.236+00:00][A] [INFO] [WAITING ACK]
[2026-09-02T19:00:43.253+00:00][A] [INFO] [RF TX] type=2 source=0x01 destination=0xFF previousHop=0x01 sequence=48 ackSequence=0 ttl=8 hops=0 payloadSize=13 rssi=0 snr=0.00
[2026-09-02T19:00:43.253+00:00][A] [INFO] Heartbeat packet sent
[2026-09-02T19:00:43.253+00:00][A] [WARN] TX_RETRY seq=46
[2026-09-02T19:00:43.263+00:00][B] [INFO] --------------------------------
[2026-09-02T19:00:43.263+00:00][B] [INFO] [HEARTBEAT TX]
[2026-09-02T19:00:43.269+00:00][B] [INFO] Node ID: 2
[2026-09-02T19:00:43.269+00:00][B] [INFO] type: 2
[2026-09-02T19:00:43.269+00:00][B] [INFO] Destination: 0xFF
[2026-09-02T19:00:43.275+00:00][B] [INFO] Sequence: 55
[2026-09-02T19:00:43.275+00:00][B] [INFO] Packet ID: 15
[2026-09-02T19:00:43.275+00:00][B] [INFO] Packet Size: 26
[2026-09-02T19:00:43.280+00:00][B] [INFO] Timestamp: 15 ms
[2026-09-02T19:00:43.281+00:00][B] [INFO] Transmission Result: success
[2026-09-02T19:00:43.286+00:00][B] [INFO] --------------------------------
[2026-09-02T19:00:43.286+00:00][B] [INFO] [Heartbeat #15]
[2026-09-02T19:00:43.297+00:00][B] [INFO] Sent
[2026-09-02T19:00:43.297+00:00][B] [INFO] Waiting ACK...
[2026-09-02T19:00:43.298+00:00][B] [INFO] [WAITING ACK]
[2026-09-02T19:00:43.305+00:00][B] [INFO] [RF TX] type=2 source=0x02 destination=0xFF previousHop=0x02 sequence=55 ackSequence=0 ttl=8 hops=0 payloadSize=13 rssi=0 snr=0.00
[2026-09-02T19:00:43.306+00:00][B] [INFO] Heartbeat packet sent
[2026-09-02T19:00:43.310+00:00][A] [INFO] [RF TX] type=1 source=0x01 destination=0x02 previousHop=0x01 sequence=46 ackSequence=0 ttl=8 hops=0 payloadSize=4 rssi=0 snr=0.00
[2026-09-02T19:00:44.125+00:00][A] [INFO] --------------------------------
[2026-09-02T19:00:44.125+00:00][A] [INFO] [HEARTBEAT TX]
[2026-09-02T19:00:44.130+00:00][A] [INFO] Node ID: 1
[2026-09-02T19:00:44.130+00:00][A] [INFO] type: 2
[2026-09-02T19:00:44.130+00:00][A] [INFO] Destination: 0xFF
[2026-09-02T19:00:44.136+00:00][A] [INFO] Sequence: 49
[2026-09-02T19:00:44.136+00:00][A] [INFO] Packet ID: 16
[2026-09-02T19:00:44.136+00:00][A] [INFO] Packet Size: 26
[2026-09-02T19:00:44.142+00:00][A] [INFO] Timestamp: 16 ms
[2026-09-02T19:00:44.143+00:00][A] [INFO] Transmission Result: success
[2026-09-02T19:00:44.147+00:00][A] [INFO] --------------------------------
[2026-09-02T19:00:44.147+00:00][A] [INFO] [Heartbeat #16]
[2026-09-02T19:00:44.152+00:00][A] [INFO] Sent
[2026-09-02T19:00:44.153+00:00][A] [INFO] Waiting ACK...
[2026-09-02T19:00:44.153+00:00][A] [INFO] [WAITING ACK]
[2026-09-02T19:00:44.167+00:00][A] [INFO] [RF TX] type=2 source=0x01 destination=0xFF previousHop=0x01 sequence=49 ackSequence=0 ttl=8 hops=0 payloadSize=13 rssi=0 snr=0.00
[2026-09-02T19:00:44.167+00:00][A] [INFO] Heartbeat packet sent
[2026-09-02T19:00:44.180+00:00][B] [INFO] --------------------------------
[2026-09-02T19:00:44.180+00:00][B] [INFO] [HEARTBEAT TX]
[2026-09-02T19:00:44.185+00:00][B] [INFO] Node ID: 2
[2026-09-02T19:00:44.186+00:00][B] [INFO] type: 2
[2026-09-02T19:00:44.186+00:00][B] [INFO] Destination: 0xFF
[2026-09-02T19:00:44.191+00:00][B] [INFO] Sequence: 56
[2026-09-02T19:00:44.191+00:00][B] [INFO] Packet ID: 16
[2026-09-02T19:00:44.191+00:00][B] [INFO] Packet Size: 26
[2026-09-02T19:00:44.196+00:00][B] [INFO] Timestamp: 16 ms
[2026-09-02T19:00:44.197+00:00][B] [INFO] Transmission Result: success
[2026-09-02T19:00:44.202+00:00][B] [INFO] --------------------------------
[2026-09-02T19:00:44.203+00:00][B] [INFO] [Heartbeat #16]
[2026-09-02T19:00:44.207+00:00][B] [INFO] Sent
[2026-09-02T19:00:44.208+00:00][B] [INFO] Waiting ACK...
[2026-09-02T19:00:44.208+00:00][B] [INFO] [WAITING ACK]
[2026-09-02T19:00:44.221+00:00][B] [INFO] [RF TX] type=2 source=0x02 destination=0xFF previousHop=0x02 sequence=56 ackSequence=0 ttl=8 hops=0 payloadSize=13 rssi=0 snr=0.00
[2026-09-02T19:00:44.222+00:00][B] [INFO] Heartbeat packet sent
[2026-09-02T19:00:44.313+00:00][A] [ERROR] TX_FAILED
[2026-09-02T19:00:44.314+00:00][A] [WARN] ACK_FAILED seq=46
[2026-09-02T19:00:44.316+00:00][A] [INFO] TEST_DATA_QUEUED dst=0x02 seq=50 remaining=65
[2026-09-02T19:00:44.373+00:00][A] [INFO] [RF TX] type=1 source=0x01 destination=0x02 previousHop=0x01 sequence=50 ackSequence=0 ttl=8 hops=0 payloadSize=4 rssi=0 snr=0.00
[2026-09-02T19:00:44.377+00:00][B] [INFO] [RF RX] type=1 source=0x01 destination=0x02 previousHop=0x01 sequence=50 ackSequence=0 ttl=8 hops=0 payloadSize=4 rssi=-61 snr=10.00
[2026-09-02T19:00:44.432+00:00][B] [INFO] [RF TX] type=3 source=0x02 destination=0x01 previousHop=0x02 sequence=57 ackSequence=50 ttl=8 hops=0 payloadSize=2 rssi=0 snr=0.00
[2026-09-02T19:00:44.438+00:00][A] [INFO] [RF RX] type=3 source=0x02 destination=0x01 previousHop=0x02 sequence=57 ackSequence=50 ttl=8 hops=0 payloadSize=2 rssi=-60 snr=9.00
[2026-09-02T19:00:44.438+00:00][A] [INFO] ACK_RX seq=50 source=0x02
[2026-09-02T19:00:44.441+00:00][A] [INFO] TEST_DATA_QUEUED dst=0x02 seq=51 remaining=64
[2026-09-02T19:00:44.496+00:00][A] [INFO] [RF TX] type=1 source=0x01 destination=0x02 previousHop=0x01 sequence=51 ackSequence=0 ttl=8 hops=0 payloadSize=4 rssi=0 snr=0.00
[2026-09-02T19:00:44.498+00:00][B] [INFO] [RF RX] type=1 source=0x01 destination=0x02 previousHop=0x01 sequence=51 ackSequence=0 ttl=8 hops=0 payloadSize=4 rssi=-62 snr=10.00
[2026-09-02T19:00:44.555+00:00][B] [INFO] [RF TX] type=3 source=0x02 destination=0x01 previousHop=0x02 sequence=58 ackSequence=51 ttl=8 hops=0 payloadSize=2 rssi=0 snr=0.00
[2026-09-02T19:00:44.562+00:00][A] [INFO] [RF RX] type=3 source=0x02 destination=0x01 previousHop=0x02 sequence=58 ackSequence=51 ttl=8 hops=0 payloadSize=2 rssi=-60 snr=9.50
[2026-09-02T19:00:44.562+00:00][A] [INFO] ACK_RX seq=51 source=0x02
[2026-09-02T19:00:44.565+00:00][A] [INFO] TEST_DATA_QUEUED dst=0x02 seq=52 remaining=63
[2026-09-02T19:00:44.620+00:00][A] [INFO] [RF TX] type=1 source=0x01 destination=0x02 previousHop=0x01 sequence=52 ackSequence=0 ttl=8 hops=0 payloadSize=4 rssi=0 snr=0.00
[2026-09-02T19:00:44.622+00:00][B] [INFO] [RF RX] type=1 source=0x01 destination=0x02 previousHop=0x01 sequence=52 ackSequence=0 ttl=8 hops=0 payloadSize=4 rssi=-62 snr=9.50
[2026-09-02T19:00:44.679+00:00][B] [INFO] [RF TX] type=3 source=0x02 destination=0x01 previousHop=0x02 sequence=59 ackSequence=52 ttl=8 hops=0 payloadSize=2 rssi=0 snr=0.00
[2026-09-02T19:00:44.685+00:00][A] [INFO] [RF RX] type=3 source=0x02 destination=0x01 previousHop=0x02 sequence=59 ackSequence=52 ttl=8 hops=0 payloadSize=2 rssi=-61 snr=9.00
[2026-09-02T19:00:44.686+00:00][A] [INFO] ACK_RX seq=52 source=0x02
[2026-09-02T19:00:44.689+00:00][A] [INFO] TEST_DATA_QUEUED dst=0x02 seq=53 remaining=62
[2026-09-02T19:00:44.744+00:00][A] [INFO] [RF TX] type=1 source=0x01 destination=0x02 previousHop=0x01 sequence=53 ackSequence=0 ttl=8 hops=0 payloadSize=4 rssi=0 snr=0.00
[2026-09-02T19:00:44.746+00:00][B] [INFO] [RF RX] type=1 source=0x01 destination=0x02 previousHop=0x01 sequence=53 ackSequence=0 ttl=8 hops=0 payloadSize=4 rssi=-62 snr=9.50
[2026-09-02T19:00:44.803+00:00][B] [INFO] [RF TX] type=3 source=0x02 destination=0x01 previousHop=0x02 sequence=60 ackSequence=53 ttl=8 hops=0 payloadSize=2 rssi=0 snr=0.00
[2026-09-02T19:00:44.809+00:00][A] [INFO] [RF RX] type=3 source=0x02 destination=0x01 previousHop=0x02 sequence=60 ackSequence=53 ttl=8 hops=0 payloadSize=2 rssi=-61 snr=9.25
[2026-09-02T19:00:44.810+00:00][A] [INFO] ACK_RX seq=53 source=0x02
[2026-09-02T19:00:44.813+00:00][A] [INFO] TEST_DATA_QUEUED dst=0x02 seq=54 remaining=61
[2026-09-02T19:00:44.867+00:00][A] [INFO] [RF TX] type=1 source=0x01 destination=0x02 previousHop=0x01 sequence=54 ackSequence=0 ttl=8 hops=0 payloadSize=4 rssi=0 snr=0.00
[2026-09-02T19:00:44.869+00:00][B] [INFO] [RF RX] type=1 source=0x01 destination=0x02 previousHop=0x01 sequence=54 ackSequence=0 ttl=8 hops=0 payloadSize=4 rssi=-62 snr=10.25
[2026-09-02T19:00:44.927+00:00][B] [INFO] [RF TX] type=3 source=0x02 destination=0x01 previousHop=0x02 sequence=61 ackSequence=54 ttl=8 hops=0 payloadSize=2 rssi=0 snr=0.00
[2026-09-02T19:00:44.933+00:00][A] [INFO] [RF RX] type=3 source=0x02 destination=0x01 previousHop=0x02 sequence=61 ackSequence=54 ttl=8 hops=0 payloadSize=2 rssi=-61 snr=9.50
[2026-09-02T19:00:44.933+00:00][A] [INFO] ACK_RX seq=54 source=0x02
[2026-09-02T19:00:44.937+00:00][A] [INFO] TEST_DATA_QUEUED dst=0x02 seq=55 remaining=60
[2026-09-02T19:00:44.991+00:00][A] [INFO] [RF TX] type=1 source=0x01 destination=0x02 previousHop=0x01 sequence=55 ackSequence=0 ttl=8 hops=0 payloadSize=4 rssi=0 snr=0.00
[2026-09-02T19:00:44.993+00:00][B] [INFO] [RF RX] type=1 source=0x01 destination=0x02 previousHop=0x01 sequence=55 ackSequence=0 ttl=8 hops=0 payloadSize=4 rssi=-62 snr=10.00
[2026-09-02T19:00:45.051+00:00][B] [INFO] [RF TX] type=3 source=0x02 destination=0x01 previousHop=0x02 sequence=62 ackSequence=55 ttl=8 hops=0 payloadSize=2 rssi=0 snr=0.00
[2026-09-02T19:00:45.057+00:00][A] [INFO] [RF RX] type=3 source=0x02 destination=0x01 previousHop=0x02 sequence=62 ackSequence=55 ttl=8 hops=0 payloadSize=2 rssi=-60 snr=10.00
[2026-09-02T19:00:45.057+00:00][A] [INFO] ACK_RX seq=55 source=0x02
[2026-09-02T19:00:45.060+00:00][A] [INFO] TEST_DATA_QUEUED dst=0x02 seq=56 remaining=59
[2026-09-02T19:00:45.115+00:00][A] [INFO] [RF TX] type=1 source=0x01 destination=0x02 previousHop=0x01 sequence=56 ackSequence=0 ttl=8 hops=0 payloadSize=4 rssi=0 snr=0.00
[2026-09-02T19:00:45.117+00:00][B] [INFO] [RF RX] type=1 source=0x01 destination=0x02 previousHop=0x01 sequence=56 ackSequence=0 ttl=8 hops=0 payloadSize=4 rssi=-63 snr=9.75
[2026-09-02T19:00:45.142+00:00][A] [WARN] Retry 1
[2026-09-02T19:00:45.175+00:00][B] [INFO] [RF TX] type=3 source=0x02 destination=0x01 previousHop=0x02 sequence=63 ackSequence=56 ttl=8 hops=0 payloadSize=2 rssi=0 snr=0.00
[2026-09-02T19:00:45.197+00:00][B] [WARN] Retry 1
[2026-09-02T19:00:45.209+00:00][A] [INFO] --------------------------------
[2026-09-02T19:00:45.210+00:00][A] [INFO] [HEARTBEAT TX]
[2026-09-02T19:00:45.214+00:00][A] [INFO] Node ID: 1
[2026-09-02T19:00:45.215+00:00][A] [INFO] type: 2
[2026-09-02T19:00:45.215+00:00][A] [INFO] Destination: 0xFF
[2026-09-02T19:00:45.220+00:00][A] [INFO] Sequence: 49
[2026-09-02T19:00:45.220+00:00][A] [INFO] Packet ID: 16
[2026-09-02T19:00:45.221+00:00][A] [INFO] Packet Size: 26
[2026-09-02T19:00:45.226+00:00][A] [INFO] Timestamp: 16 ms
[2026-09-02T19:00:45.226+00:00][A] [INFO] Transmission Result: success
[2026-09-02T19:00:45.232+00:00][A] [INFO] --------------------------------
[2026-09-02T19:00:45.232+00:00][A] [INFO] [Heartbeat #16]
[2026-09-02T19:00:45.237+00:00][A] [INFO] Sent
[2026-09-02T19:00:45.237+00:00][A] [INFO] Waiting ACK...
[2026-09-02T19:00:45.237+00:00][A] [INFO] [WAITING ACK]
[2026-09-02T19:00:45.251+00:00][A] [INFO] [RF TX] type=2 source=0x01 destination=0xFF previousHop=0x01 sequence=49 ackSequence=0 ttl=8 hops=0 payloadSize=13 rssi=0 snr=0.00
[2026-09-02T19:00:45.251+00:00][A] [INFO] Heartbeat packet sent
[2026-09-02T19:00:45.264+00:00][B] [INFO] --------------------------------
[2026-09-02T19:00:45.264+00:00][B] [INFO] [HEARTBEAT TX]
[2026-09-02T19:00:45.269+00:00][B] [INFO] Node ID: 2
[2026-09-02T19:00:45.269+00:00][B] [INFO] type: 2
[2026-09-02T19:00:45.269+00:00][B] [INFO] Destination: 0xFF
[2026-09-02T19:00:45.275+00:00][B] [INFO] Sequence: 56
[2026-09-02T19:00:45.276+00:00][B] [INFO] Packet ID: 16
[2026-09-02T19:00:45.277+00:00][B] [INFO] Packet Size: 26
[2026-09-02T19:00:45.280+00:00][B] [INFO] Timestamp: 16 ms
[2026-09-02T19:00:45.281+00:00][B] [INFO] Transmission Result: success
[2026-09-02T19:00:45.286+00:00][B] [INFO] --------------------------------
[2026-09-02T19:00:45.286+00:00][B] [INFO] [Heartbeat #16]
[2026-09-02T19:00:45.291+00:00][B] [INFO] Sent
[2026-09-02T19:00:45.292+00:00][B] [INFO] Waiting ACK...
[2026-09-02T19:00:45.292+00:00][B] [INFO] [WAITING ACK]
[2026-09-02T19:00:45.305+00:00][B] [INFO] [RF TX] type=2 source=0x02 destination=0xFF previousHop=0x02 sequence=56 ackSequence=0 ttl=8 hops=0 payloadSize=13 rssi=0 snr=0.00
[2026-09-02T19:00:45.306+00:00][B] [INFO] Heartbeat packet sent
[2026-09-02T19:00:46.125+00:00][A] [INFO] --------------------------------
[2026-09-02T19:00:46.125+00:00][A] [INFO] [HEARTBEAT TX]
[2026-09-02T19:00:46.130+00:00][A] [INFO] Node ID: 1
[2026-09-02T19:00:46.130+00:00][A] [INFO] type: 2
[2026-09-02T19:00:46.130+00:00][A] [INFO] Destination: 0xFF
[2026-09-02T19:00:46.136+00:00][A] [INFO] Sequence: 57
[2026-09-02T19:00:46.136+00:00][A] [INFO] Packet ID: 17
[2026-09-02T19:00:46.136+00:00][A] [INFO] Packet Size: 26
[2026-09-02T19:00:46.141+00:00][A] [INFO] Timestamp: 17 ms
[2026-09-02T19:00:46.141+00:00][A] [INFO] Transmission Result: success
[2026-09-02T19:00:46.147+00:00][A] [INFO] --------------------------------
[2026-09-02T19:00:46.147+00:00][A] [INFO] [Heartbeat #17]
[2026-09-02T19:00:46.152+00:00][A] [INFO] Sent
[2026-09-02T19:00:46.152+00:00][A] [INFO] Waiting ACK...
[2026-09-02T19:00:46.153+00:00][A] [INFO] [WAITING ACK]
[2026-09-02T19:00:46.169+00:00][A] [INFO] [RF TX] type=2 source=0x01 destination=0xFF previousHop=0x01 sequence=57 ackSequence=0 ttl=8 hops=0 payloadSize=13 rssi=0 snr=0.00
[2026-09-02T19:00:46.169+00:00][A] [INFO] Heartbeat packet sent
[2026-09-02T19:00:46.169+00:00][A] [WARN] TX_RETRY seq=56
[2026-09-02T19:00:46.180+00:00][B] [INFO] --------------------------------
[2026-09-02T19:00:46.180+00:00][B] [INFO] [HEARTBEAT TX]
[2026-09-02T19:00:46.185+00:00][B] [INFO] Node ID: 2
[2026-09-02T19:00:46.185+00:00][B] [INFO] type: 2
[2026-09-02T19:00:46.185+00:00][B] [INFO] Destination: 0xFF
[2026-09-02T19:00:46.190+00:00][B] [INFO] Sequence: 64
[2026-09-02T19:00:46.191+00:00][B] [INFO] Packet ID: 17
[2026-09-02T19:00:46.191+00:00][B] [INFO] Packet Size: 26
[2026-09-02T19:00:46.196+00:00][B] [INFO] Timestamp: 17 ms
[2026-09-02T19:00:46.196+00:00][B] [INFO] Transmission Result: success
[2026-09-02T19:00:46.202+00:00][B] [INFO] --------------------------------
[2026-09-02T19:00:46.202+00:00][B] [INFO] [Heartbeat #17]
[2026-09-02T19:00:46.207+00:00][B] [INFO] Sent
[2026-09-02T19:00:46.209+00:00][B] [INFO] Waiting ACK...
[2026-09-02T19:00:46.210+00:00][B] [INFO] [WAITING ACK]
[2026-09-02T19:00:46.221+00:00][B] [INFO] [RF TX] type=2 source=0x02 destination=0xFF previousHop=0x02 sequence=64 ackSequence=0 ttl=8 hops=0 payloadSize=13 rssi=0 snr=0.00
[2026-09-02T19:00:46.222+00:00][B] [INFO] Heartbeat packet sent
[2026-09-02T19:00:46.226+00:00][A] [INFO] [RF TX] type=1 source=0x01 destination=0x02 previousHop=0x01 sequence=56 ackSequence=0 ttl=8 hops=0 payloadSize=4 rssi=0 snr=0.00
[2026-09-02T19:00:47.142+00:00][A] [WARN] Retry 1
[2026-09-02T19:00:47.197+00:00][B] [WARN] Retry 1
[2026-09-02T19:00:47.209+00:00][A] [INFO] --------------------------------
[2026-09-02T19:00:47.210+00:00][A] [INFO] [HEARTBEAT TX]
[2026-09-02T19:00:47.214+00:00][A] [INFO] Node ID: 1
[2026-09-02T19:00:47.215+00:00][A] [INFO] type: 2
[2026-09-02T19:00:47.215+00:00][A] [INFO] Destination: 0xFF
[2026-09-02T19:00:47.220+00:00][A] [INFO] Sequence: 57
[2026-09-02T19:00:47.220+00:00][A] [INFO] Packet ID: 17
[2026-09-02T19:00:47.221+00:00][A] [INFO] Packet Size: 26
[2026-09-02T19:00:47.226+00:00][A] [INFO] Timestamp: 17 ms
[2026-09-02T19:00:47.226+00:00][A] [INFO] Transmission Result: success
[2026-09-02T19:00:47.231+00:00][A] [INFO] --------------------------------
[2026-09-02T19:00:47.232+00:00][A] [INFO] [Heartbeat #17]
[2026-09-02T19:00:47.237+00:00][A] [INFO] Sent
[2026-09-02T19:00:47.237+00:00][A] [INFO] Waiting ACK...
[2026-09-02T19:00:47.237+00:00][A] [INFO] [WAITING ACK]
[2026-09-02T19:00:47.253+00:00][A] [INFO] [RF TX] type=2 source=0x01 destination=0xFF previousHop=0x01 sequence=57 ackSequence=0 ttl=8 hops=0 payloadSize=13 rssi=0 snr=0.00
[2026-09-02T19:00:47.253+00:00][A] [INFO] Heartbeat packet sent
[2026-09-02T19:00:47.253+00:00][A] [WARN] TX_RETRY seq=56
[2026-09-02T19:00:47.264+00:00][B] [INFO] --------------------------------
[2026-09-02T19:00:47.264+00:00][B] [INFO] [HEARTBEAT TX]
[2026-09-02T19:00:47.269+00:00][B] [INFO] Node ID: 2
[2026-09-02T19:00:47.269+00:00][B] [INFO] type: 2
[2026-09-02T19:00:47.270+00:00][B] [INFO] Destination: 0xFF
[2026-09-02T19:00:47.275+00:00][B] [INFO] Sequence: 64
[2026-09-02T19:00:47.275+00:00][B] [INFO] Packet ID: 17
[2026-09-02T19:00:47.275+00:00][B] [INFO] Packet Size: 26
[2026-09-02T19:00:47.280+00:00][B] [INFO] Timestamp: 17 ms
[2026-09-02T19:00:47.281+00:00][B] [INFO] Transmission Result: success
[2026-09-02T19:00:47.286+00:00][B] [INFO] --------------------------------
[2026-09-02T19:00:47.286+00:00][B] [INFO] [Heartbeat #17]
[2026-09-02T19:00:47.291+00:00][B] [INFO] Sent
[2026-09-02T19:00:47.292+00:00][B] [INFO] Waiting ACK...
[2026-09-02T19:00:47.292+00:00][B] [INFO] [WAITING ACK]
[2026-09-02T19:00:47.305+00:00][B] [INFO] [RF TX] type=2 source=0x02 destination=0xFF previousHop=0x02 sequence=64 ackSequence=0 ttl=8 hops=0 payloadSize=13 rssi=0 snr=0.00
[2026-09-02T19:00:47.306+00:00][B] [INFO] Heartbeat packet sent
[2026-09-02T19:00:47.310+00:00][A] [INFO] [RF TX] type=1 source=0x01 destination=0x02 previousHop=0x01 sequence=56 ackSequence=0 ttl=8 hops=0 payloadSize=4 rssi=0 snr=0.00
[2026-09-02T19:00:48.125+00:00][A] [INFO] --------------------------------
[2026-09-02T19:00:48.126+00:00][A] [INFO] [HEARTBEAT TX]
[2026-09-02T19:00:48.130+00:00][A] [INFO] Node ID: 1
[2026-09-02T19:00:48.131+00:00][A] [INFO] type: 2
[2026-09-02T19:00:48.131+00:00][A] [INFO] Destination: 0xFF
[2026-09-02T19:00:48.136+00:00][A] [INFO] Sequence: 58
[2026-09-02T19:00:48.136+00:00][A] [INFO] Packet ID: 18
[2026-09-02T19:00:48.137+00:00][A] [INFO] Packet Size: 26
[2026-09-02T19:00:48.142+00:00][A] [INFO] Timestamp: 18 ms
[2026-09-02T19:00:48.142+00:00][A] [INFO] Transmission Result: success
[2026-09-02T19:00:48.147+00:00][A] [INFO] --------------------------------
[2026-09-02T19:00:48.148+00:00][A] [INFO] [Heartbeat #18]
[2026-09-02T19:00:48.152+00:00][A] [INFO] Sent
[2026-09-02T19:00:48.153+00:00][A] [INFO] Waiting ACK...
[2026-09-02T19:00:48.153+00:00][A] [INFO] [WAITING ACK]
[2026-09-02T19:00:48.167+00:00][A] [INFO] [RF TX] type=2 source=0x01 destination=0xFF previousHop=0x01 sequence=58 ackSequence=0 ttl=8 hops=0 payloadSize=13 rssi=0 snr=0.00
[2026-09-02T19:00:48.167+00:00][A] [INFO] Heartbeat packet sent
[2026-09-02T19:00:48.180+00:00][B] [INFO] --------------------------------
[2026-09-02T19:00:48.180+00:00][B] [INFO] [HEARTBEAT TX]
[2026-09-02T19:00:48.185+00:00][B] [INFO] Node ID: 2
[2026-09-02T19:00:48.186+00:00][B] [INFO] type: 2
[2026-09-02T19:00:48.186+00:00][B] [INFO] Destination: 0xFF
[2026-09-02T19:00:48.191+00:00][B] [INFO] Sequence: 65
[2026-09-02T19:00:48.191+00:00][B] [INFO] Packet ID: 18
[2026-09-02T19:00:48.191+00:00][B] [INFO] Packet Size: 26
[2026-09-02T19:00:48.196+00:00][B] [INFO] Timestamp: 18 ms
[2026-09-02T19:00:48.197+00:00][B] [INFO] Transmission Result: success
[2026-09-02T19:00:48.202+00:00][B] [INFO] --------------------------------
[2026-09-02T19:00:48.203+00:00][B] [INFO] [Heartbeat #18]
[2026-09-02T19:00:48.207+00:00][B] [INFO] Sent
[2026-09-02T19:00:48.208+00:00][B] [INFO] Waiting ACK...
[2026-09-02T19:00:48.208+00:00][B] [INFO] [WAITING ACK]
[2026-09-02T19:00:48.221+00:00][B] [INFO] [RF TX] type=2 source=0x02 destination=0xFF previousHop=0x02 sequence=65 ackSequence=0 ttl=8 hops=0 payloadSize=13 rssi=0 snr=0.00
[2026-09-02T19:00:48.222+00:00][B] [INFO] Heartbeat packet sent
[2026-09-02T19:00:48.310+00:00][A] [WARN] TX_RETRY seq=56
[2026-09-02T19:00:48.372+00:00][A] [INFO] [RF TX] type=1 source=0x01 destination=0x02 previousHop=0x01 sequence=56 ackSequence=0 ttl=8 hops=0 payloadSize=4 rssi=0 snr=0.00
[2026-09-02T19:00:48.421+00:00][B] [INFO] [RF TX] type=3 source=0x02 destination=0x01 previousHop=0x02 sequence=66 ackSequence=56 ttl=8 hops=0 payloadSize=2 rssi=0 snr=0.00
[2026-09-02T19:00:49.142+00:00][A] [WARN] Retry 1
[2026-09-02T19:00:49.197+00:00][B] [WARN] Retry 1
[2026-09-02T19:00:49.209+00:00][A] [INFO] --------------------------------
[2026-09-02T19:00:49.210+00:00][A] [INFO] [HEARTBEAT TX]
[2026-09-02T19:00:49.214+00:00][A] [INFO] Node ID: 1
[2026-09-02T19:00:49.215+00:00][A] [INFO] type: 2
[2026-09-02T19:00:49.215+00:00][A] [INFO] Destination: 0xFF
[2026-09-02T19:00:49.220+00:00][A] [INFO] Sequence: 58
[2026-09-02T19:00:49.220+00:00][A] [INFO] Packet ID: 18
[2026-09-02T19:00:49.221+00:00][A] [INFO] Packet Size: 26
[2026-09-02T19:00:49.225+00:00][A] [INFO] Timestamp: 18 ms
[2026-09-02T19:00:49.226+00:00][A] [INFO] Transmission Result: success
[2026-09-02T19:00:49.231+00:00][A] [INFO] --------------------------------
[2026-09-02T19:00:49.231+00:00][A] [INFO] [Heartbeat #18]
[2026-09-02T19:00:49.236+00:00][A] [INFO] Sent
[2026-09-02T19:00:49.237+00:00][A] [INFO] Waiting ACK...
[2026-09-02T19:00:49.237+00:00][A] [INFO] [WAITING ACK]
[2026-09-02T19:00:49.251+00:00][A] [INFO] [RF TX] type=2 source=0x01 destination=0xFF previousHop=0x01 sequence=58 ackSequence=0 ttl=8 hops=0 payloadSize=13 rssi=0 snr=0.00
[2026-09-02T19:00:49.251+00:00][A] [INFO] Heartbeat packet sent
[2026-09-02T19:00:49.264+00:00][B] [INFO] --------------------------------
[2026-09-02T19:00:49.264+00:00][B] [INFO] [HEARTBEAT TX]
[2026-09-02T19:00:49.269+00:00][B] [INFO] Node ID: 2
[2026-09-02T19:00:49.269+00:00][B] [INFO] type: 2
[2026-09-02T19:00:49.270+00:00][B] [INFO] Destination: 0xFF
[2026-09-02T19:00:49.275+00:00][B] [INFO] Sequence: 65
[2026-09-02T19:00:49.275+00:00][B] [INFO] Packet ID: 18
[2026-09-02T19:00:49.275+00:00][B] [INFO] Packet Size: 26
[2026-09-02T19:00:49.280+00:00][B] [INFO] Timestamp: 18 ms
[2026-09-02T19:00:49.280+00:00][B] [INFO] Transmission Result: success
[2026-09-02T19:00:49.286+00:00][B] [INFO] --------------------------------
[2026-09-02T19:00:49.286+00:00][B] [INFO] [Heartbeat #18]
[2026-09-02T19:00:49.291+00:00][B] [INFO] Sent
[2026-09-02T19:00:49.291+00:00][B] [INFO] Waiting ACK...
[2026-09-02T19:00:49.292+00:00][B] [INFO] [WAITING ACK]
[2026-09-02T19:00:49.305+00:00][B] [INFO] [RF TX] type=2 source=0x02 destination=0xFF previousHop=0x02 sequence=65 ackSequence=0 ttl=8 hops=0 payloadSize=13 rssi=0 snr=0.00
[2026-09-02T19:00:49.306+00:00][B] [INFO] Heartbeat packet sent
[2026-09-02T19:00:49.375+00:00][A] [ERROR] TX_FAILED
[2026-09-02T19:00:49.376+00:00][A] [WARN] ACK_FAILED seq=56
[2026-09-02T19:00:49.378+00:00][A] [INFO] TEST_DATA_QUEUED dst=0x02 seq=59 remaining=58
[2026-09-02T19:00:49.434+00:00][A] [INFO] [RF TX] type=1 source=0x01 destination=0x02 previousHop=0x01 sequence=59 ackSequence=0 ttl=8 hops=0 payloadSize=4 rssi=0 snr=0.00
[2026-09-02T19:00:49.436+00:00][B] [INFO] [RF RX] type=1 source=0x01 destination=0x02 previousHop=0x01 sequence=59 ackSequence=0 ttl=8 hops=0 payloadSize=4 rssi=-62 snr=9.75
[2026-09-02T19:00:49.494+00:00][B] [INFO] [RF TX] type=3 source=0x02 destination=0x01 previousHop=0x02 sequence=67 ackSequence=59 ttl=8 hops=0 payloadSize=2 rssi=0 snr=0.00
[2026-09-02T19:00:49.500+00:00][A] [INFO] [RF RX] type=3 source=0x02 destination=0x01 previousHop=0x02 sequence=67 ackSequence=59 ttl=8 hops=0 payloadSize=2 rssi=-60 snr=9.75
[2026-09-02T19:00:49.501+00:00][A] [INFO] ACK_RX seq=59 source=0x02
[2026-09-02T19:00:49.503+00:00][A] [INFO] TEST_DATA_QUEUED dst=0x02 seq=60 remaining=57
[2026-09-02T19:00:49.558+00:00][A] [INFO] [RF TX] type=1 source=0x01 destination=0x02 previousHop=0x01 sequence=60 ackSequence=0 ttl=8 hops=0 payloadSize=4 rssi=0 snr=0.00
[2026-09-02T19:00:49.560+00:00][B] [INFO] [RF RX] type=1 source=0x01 destination=0x02 previousHop=0x01 sequence=60 ackSequence=0 ttl=8 hops=0 payloadSize=4 rssi=-63 snr=10.25
[2026-09-02T19:00:49.617+00:00][B] [INFO] [RF TX] type=3 source=0x02 destination=0x01 previousHop=0x02 sequence=68 ackSequence=60 ttl=8 hops=0 payloadSize=2 rssi=0 snr=0.00
[2026-09-02T19:00:49.624+00:00][A] [INFO] [RF RX] type=3 source=0x02 destination=0x01 previousHop=0x02 sequence=68 ackSequence=60 ttl=8 hops=0 payloadSize=2 rssi=-61 snr=9.25
[2026-09-02T19:00:49.624+00:00][A] [INFO] ACK_RX seq=60 source=0x02
[2026-09-02T19:00:49.627+00:00][A] [INFO] TEST_DATA_QUEUED dst=0x02 seq=61 remaining=56
[2026-09-02T19:00:49.682+00:00][A] [INFO] [RF TX] type=1 source=0x01 destination=0x02 previousHop=0x01 sequence=61 ackSequence=0 ttl=8 hops=0 payloadSize=4 rssi=0 snr=0.00
[2026-09-02T19:00:49.684+00:00][B] [INFO] [RF RX] type=1 source=0x01 destination=0x02 previousHop=0x01 sequence=61 ackSequence=0 ttl=8 hops=0 payloadSize=4 rssi=-62 snr=9.75
[2026-09-02T19:00:49.741+00:00][B] [INFO] [RF TX] type=3 source=0x02 destination=0x01 previousHop=0x02 sequence=69 ackSequence=61 ttl=8 hops=0 payloadSize=2 rssi=0 snr=0.00
[2026-09-02T19:00:49.747+00:00][A] [INFO] [RF RX] type=3 source=0x02 destination=0x01 previousHop=0x02 sequence=69 ackSequence=61 ttl=8 hops=0 payloadSize=2 rssi=-61 snr=10.00
[2026-09-02T19:00:49.748+00:00][A] [INFO] ACK_RX seq=61 source=0x02
[2026-09-02T19:00:49.751+00:00][A] [INFO] TEST_DATA_QUEUED dst=0x02 seq=62 remaining=55
[2026-09-02T19:00:49.806+00:00][A] [INFO] [RF TX] type=1 source=0x01 destination=0x02 previousHop=0x01 sequence=62 ackSequence=0 ttl=8 hops=0 payloadSize=4 rssi=0 snr=0.00
[2026-09-02T19:00:49.808+00:00][B] [INFO] [RF RX] type=1 source=0x01 destination=0x02 previousHop=0x01 sequence=62 ackSequence=0 ttl=8 hops=0 payloadSize=4 rssi=-62 snr=10.25
[2026-09-02T19:00:49.865+00:00][B] [INFO] [RF TX] type=3 source=0x02 destination=0x01 previousHop=0x02 sequence=70 ackSequence=62 ttl=8 hops=0 payloadSize=2 rssi=0 snr=0.00
[2026-09-02T19:00:49.871+00:00][A] [INFO] [RF RX] type=3 source=0x02 destination=0x01 previousHop=0x02 sequence=70 ackSequence=62 ttl=8 hops=0 payloadSize=2 rssi=-60 snr=10.00
[2026-09-02T19:00:49.871+00:00][A] [INFO] ACK_RX seq=62 source=0x02
[2026-09-02T19:00:49.875+00:00][A] [INFO] TEST_DATA_QUEUED dst=0x02 seq=63 remaining=54
[2026-09-02T19:00:49.930+00:00][A] [INFO] [RF TX] type=1 source=0x01 destination=0x02 previousHop=0x01 sequence=63 ackSequence=0 ttl=8 hops=0 payloadSize=4 rssi=0 snr=0.00
[2026-09-02T19:00:49.931+00:00][B] [INFO] [RF RX] type=1 source=0x01 destination=0x02 previousHop=0x01 sequence=63 ackSequence=0 ttl=8 hops=0 payloadSize=4 rssi=-62 snr=10.00
[2026-09-02T19:00:49.989+00:00][B] [INFO] [RF TX] type=3 source=0x02 destination=0x01 previousHop=0x02 sequence=71 ackSequence=63 ttl=8 hops=0 payloadSize=2 rssi=0 snr=0.00
[2026-09-02T19:00:49.995+00:00][A] [INFO] [RF RX] type=3 source=0x02 destination=0x01 previousHop=0x02 sequence=71 ackSequence=63 ttl=8 hops=0 payloadSize=2 rssi=-61 snr=10.00
[2026-09-02T19:00:49.995+00:00][A] [INFO] ACK_RX seq=63 source=0x02
[2026-09-02T19:00:49.998+00:00][A] [INFO] TEST_DATA_QUEUED dst=0x02 seq=64 remaining=53
[2026-09-02T19:00:50.053+00:00][A] [INFO] [RF TX] type=1 source=0x01 destination=0x02 previousHop=0x01 sequence=64 ackSequence=0 ttl=8 hops=0 payloadSize=4 rssi=0 snr=0.00
[2026-09-02T19:00:50.055+00:00][B] [INFO] [RF RX] type=1 source=0x01 destination=0x02 previousHop=0x01 sequence=64 ackSequence=0 ttl=8 hops=0 payloadSize=4 rssi=-62 snr=9.25
[2026-09-02T19:00:50.113+00:00][B] [INFO] [RF TX] type=3 source=0x02 destination=0x01 previousHop=0x02 sequence=72 ackSequence=64 ttl=8 hops=0 payloadSize=2 rssi=0 snr=0.00
[2026-09-02T19:00:50.125+00:00][A] [INFO] --------------------------------
[2026-09-02T19:00:50.126+00:00][A] [INFO] [HEARTBEAT TX]
[2026-09-02T19:00:50.130+00:00][A] [INFO] Node ID: 1
[2026-09-02T19:00:50.131+00:00][A] [INFO] type: 2
[2026-09-02T19:00:50.131+00:00][A] [INFO] Destination: 0xFF
[2026-09-02T19:00:50.136+00:00][A] [INFO] Sequence: 65
[2026-09-02T19:00:50.136+00:00][A] [INFO] Packet ID: 19
[2026-09-02T19:00:50.137+00:00][A] [INFO] Packet Size: 26
[2026-09-02T19:00:50.142+00:00][A] [INFO] Timestamp: 19 ms
[2026-09-02T19:00:50.142+00:00][A] [INFO] Transmission Result: success
[2026-09-02T19:00:50.147+00:00][A] [INFO] --------------------------------
[2026-09-02T19:00:50.147+00:00][A] [INFO] [Heartbeat #19]
[2026-09-02T19:00:50.152+00:00][A] [INFO] Sent
[2026-09-02T19:00:50.153+00:00][A] [INFO] Waiting ACK...
[2026-09-02T19:00:50.153+00:00][A] [INFO] [WAITING ACK]
[2026-09-02T19:00:50.166+00:00][A] [INFO] [RF TX] type=2 source=0x01 destination=0xFF previousHop=0x01 sequence=65 ackSequence=0 ttl=8 hops=0 payloadSize=13 rssi=0 snr=0.00
[2026-09-02T19:00:50.167+00:00][A] [INFO] Heartbeat packet sent
[2026-09-02T19:00:50.180+00:00][B] [INFO] --------------------------------
[2026-09-02T19:00:50.180+00:00][B] [INFO] [HEARTBEAT TX]
[2026-09-02T19:00:50.185+00:00][B] [INFO] Node ID: 2
[2026-09-02T19:00:50.186+00:00][B] [INFO] type: 2
[2026-09-02T19:00:50.186+00:00][B] [INFO] Destination: 0xFF
[2026-09-02T19:00:50.191+00:00][B] [INFO] Sequence: 73
[2026-09-02T19:00:50.191+00:00][B] [INFO] Packet ID: 19
[2026-09-02T19:00:50.191+00:00][B] [INFO] Packet Size: 26
[2026-09-02T19:00:50.196+00:00][B] [INFO] Timestamp: 19 ms
[2026-09-02T19:00:50.197+00:00][B] [INFO] Transmission Result: success
[2026-09-02T19:00:50.202+00:00][B] [INFO] --------------------------------
[2026-09-02T19:00:50.203+00:00][B] [INFO] [Heartbeat #19]
[2026-09-02T19:00:50.207+00:00][B] [INFO] Sent
[2026-09-02T19:00:50.208+00:00][B] [INFO] Waiting ACK...
[2026-09-02T19:00:50.208+00:00][B] [INFO] [WAITING ACK]
[2026-09-02T19:00:50.221+00:00][B] [INFO] [RF TX] type=2 source=0x02 destination=0xFF previousHop=0x02 sequence=73 ackSequence=0 ttl=8 hops=0 payloadSize=13 rssi=0 snr=0.00
[2026-09-02T19:00:50.222+00:00][B] [INFO] Heartbeat packet sent
[2026-09-02T19:00:51.054+00:00][A] [WARN] TX_RETRY seq=64
[2026-09-02T19:00:51.116+00:00][A] [INFO] [RF TX] type=1 source=0x01 destination=0x02 previousHop=0x01 sequence=64 ackSequence=0 ttl=8 hops=0 payloadSize=4 rssi=0 snr=0.00
[2026-09-02T19:00:51.142+00:00][A] [WARN] Retry 1
[2026-09-02T19:00:51.165+00:00][B] [INFO] [RF TX] type=3 source=0x02 destination=0x01 previousHop=0x02 sequence=74 ackSequence=64 ttl=8 hops=0 payloadSize=2 rssi=0 snr=0.00
[2026-09-02T19:00:51.197+00:00][B] [WARN] Retry 1
[2026-09-02T19:00:51.209+00:00][A] [INFO] --------------------------------
[2026-09-02T19:00:51.210+00:00][A] [INFO] [HEARTBEAT TX]
[2026-09-02T19:00:51.214+00:00][A] [INFO] Node ID: 1
[2026-09-02T19:00:51.215+00:00][A] [INFO] type: 2
[2026-09-02T19:00:51.215+00:00][A] [INFO] Destination: 0xFF
[2026-09-02T19:00:51.220+00:00][A] [INFO] Sequence: 65
[2026-09-02T19:00:51.220+00:00][A] [INFO] Packet ID: 19
[2026-09-02T19:00:51.221+00:00][A] [INFO] Packet Size: 26
[2026-09-02T19:00:51.225+00:00][A] [INFO] Timestamp: 19 ms
[2026-09-02T19:00:51.226+00:00][A] [INFO] Transmission Result: success
[2026-09-02T19:00:51.231+00:00][A] [INFO] --------------------------------
[2026-09-02T19:00:51.232+00:00][A] [INFO] [Heartbeat #19]
[2026-09-02T19:00:51.236+00:00][A] [INFO] Sent
[2026-09-02T19:00:51.237+00:00][A] [INFO] Waiting ACK...
[2026-09-02T19:00:51.237+00:00][A] [INFO] [WAITING ACK]
[2026-09-02T19:00:51.251+00:00][A] [INFO] [RF TX] type=2 source=0x01 destination=0xFF previousHop=0x01 sequence=65 ackSequence=0 ttl=8 hops=0 payloadSize=13 rssi=0 snr=0.00
[2026-09-02T19:00:51.251+00:00][A] [INFO] Heartbeat packet sent
[2026-09-02T19:00:51.264+00:00][B] [INFO] --------------------------------
[2026-09-02T19:00:51.264+00:00][B] [INFO] [HEARTBEAT TX]
[2026-09-02T19:00:51.269+00:00][B] [INFO] Node ID: 2
[2026-09-02T19:00:51.270+00:00][B] [INFO] type: 2
[2026-09-02T19:00:51.270+00:00][B] [INFO] Destination: 0xFF
[2026-09-02T19:00:51.275+00:00][B] [INFO] Sequence: 73
[2026-09-02T19:00:51.275+00:00][B] [INFO] Packet ID: 19
[2026-09-02T19:00:51.275+00:00][B] [INFO] Packet Size: 26
[2026-09-02T19:00:51.280+00:00][B] [INFO] Timestamp: 19 ms
[2026-09-02T19:00:51.280+00:00][B] [INFO] Transmission Result: success
[2026-09-02T19:00:51.287+00:00][B] [INFO] --------------------------------
[2026-09-02T19:00:51.287+00:00][B] [INFO] [Heartbeat #19]
[2026-09-02T19:00:51.291+00:00][B] [INFO] Sent
[2026-09-02T19:00:51.291+00:00][B] [INFO] Waiting ACK...
[2026-09-02T19:00:51.292+00:00][B] [INFO] [WAITING ACK]
[2026-09-02T19:00:51.305+00:00][B] [INFO] [RF TX] type=2 source=0x02 destination=0xFF previousHop=0x02 sequence=73 ackSequence=0 ttl=8 hops=0 payloadSize=13 rssi=0 snr=0.00
[2026-09-02T19:00:51.306+00:00][B] [INFO] Heartbeat packet sent
[2026-09-02T19:00:52.125+00:00][A] [INFO] --------------------------------
[2026-09-02T19:00:52.126+00:00][A] [INFO] [HEARTBEAT TX]
[2026-09-02T19:00:52.130+00:00][A] [INFO] Node ID: 1
[2026-09-02T19:00:52.131+00:00][A] [INFO] type: 2
[2026-09-02T19:00:52.131+00:00][A] [INFO] Destination: 0xFF
[2026-09-02T19:00:52.136+00:00][A] [INFO] Sequence: 66
[2026-09-02T19:00:52.136+00:00][A] [INFO] Packet ID: 20
[2026-09-02T19:00:52.137+00:00][A] [INFO] Packet Size: 26
[2026-09-02T19:00:52.142+00:00][A] [INFO] Timestamp: 20 ms
[2026-09-02T19:00:52.142+00:00][A] [INFO] Transmission Result: success
[2026-09-02T19:00:52.147+00:00][A] [INFO] --------------------------------
[2026-09-02T19:00:52.147+00:00][A] [INFO] [Heartbeat #20]
[2026-09-02T19:00:52.152+00:00][A] [INFO] Sent
[2026-09-02T19:00:52.153+00:00][A] [INFO] Waiting ACK...
[2026-09-02T19:00:52.153+00:00][A] [INFO] [WAITING ACK]
[2026-09-02T19:00:52.169+00:00][A] [INFO] [RF TX] type=2 source=0x01 destination=0xFF previousHop=0x01 sequence=66 ackSequence=0 ttl=8 hops=0 payloadSize=13 rssi=0 snr=0.00
[2026-09-02T19:00:52.170+00:00][A] [INFO] Heartbeat packet sent
[2026-09-02T19:00:52.170+00:00][A] [WARN] TX_RETRY seq=64
[2026-09-02T19:00:52.180+00:00][B] [INFO] --------------------------------
[2026-09-02T19:00:52.180+00:00][B] [INFO] [HEARTBEAT TX]
[2026-09-02T19:00:52.185+00:00][B] [INFO] Node ID: 2
[2026-09-02T19:00:52.186+00:00][B] [INFO] type: 2
[2026-09-02T19:00:52.186+00:00][B] [INFO] Destination: 0xFF
[2026-09-02T19:00:52.190+00:00][B] [INFO] Sequence: 75
[2026-09-02T19:00:52.191+00:00][B] [INFO] Packet ID: 20
[2026-09-02T19:00:52.191+00:00][B] [INFO] Packet Size: 26
[2026-09-02T19:00:52.196+00:00][B] [INFO] Timestamp: 20 ms
[2026-09-02T19:00:52.196+00:00][B] [INFO] Transmission Result: success
[2026-09-02T19:00:52.202+00:00][B] [INFO] --------------------------------
[2026-09-02T19:00:52.203+00:00][B] [INFO] [Heartbeat #20]
[2026-09-02T19:00:52.207+00:00][B] [INFO] Sent
[2026-09-02T19:00:52.207+00:00][B] [INFO] Waiting ACK...
[2026-09-02T19:00:52.208+00:00][B] [INFO] [WAITING ACK]
[2026-09-02T19:00:52.221+00:00][B] [INFO] [RF TX] type=2 source=0x02 destination=0xFF previousHop=0x02 sequence=75 ackSequence=0 ttl=8 hops=0 payloadSize=13 rssi=0 snr=0.00
[2026-09-02T19:00:52.222+00:00][B] [INFO] Heartbeat packet sent
[2026-09-02T19:00:52.226+00:00][A] [INFO] [RF TX] type=1 source=0x01 destination=0x02 previousHop=0x01 sequence=64 ackSequence=0 ttl=8 hops=0 payloadSize=4 rssi=0 snr=0.00
[2026-09-02T19:00:53.142+00:00][A] [WARN] Retry 1
[2026-09-02T19:00:53.197+00:00][B] [WARN] Retry 1
[2026-09-02T19:00:53.209+00:00][A] [INFO] --------------------------------
[2026-09-02T19:00:53.209+00:00][A] [INFO] [HEARTBEAT TX]
[2026-09-02T19:00:53.214+00:00][A] [INFO] Node ID: 1
[2026-09-02T19:00:53.215+00:00][A] [INFO] type: 2
[2026-09-02T19:00:53.215+00:00][A] [INFO] Destination: 0xFF
[2026-09-02T19:00:53.220+00:00][A] [INFO] Sequence: 66
[2026-09-02T19:00:53.220+00:00][A] [INFO] Packet ID: 20
[2026-09-02T19:00:53.220+00:00][A] [INFO] Packet Size: 26
[2026-09-02T19:00:53.225+00:00][A] [INFO] Timestamp: 20 ms
[2026-09-02T19:00:53.226+00:00][A] [INFO] Transmission Result: success
[2026-09-02T19:00:53.231+00:00][A] [INFO] --------------------------------
[2026-09-02T19:00:53.232+00:00][A] [INFO] [Heartbeat #20]
[2026-09-02T19:00:53.237+00:00][A] [INFO] Sent
[2026-09-02T19:00:53.237+00:00][A] [INFO] Waiting ACK...
[2026-09-02T19:00:53.237+00:00][A] [INFO] [WAITING ACK]
[2026-09-02T19:00:53.253+00:00][A] [INFO] [RF TX] type=2 source=0x01 destination=0xFF previousHop=0x01 sequence=66 ackSequence=0 ttl=8 hops=0 payloadSize=13 rssi=0 snr=0.00
[2026-09-02T19:00:53.253+00:00][A] [INFO] Heartbeat packet sent
[2026-09-02T19:00:53.254+00:00][A] [WARN] TX_RETRY seq=64
[2026-09-02T19:00:53.264+00:00][B] [INFO] --------------------------------
[2026-09-02T19:00:53.264+00:00][B] [INFO] [HEARTBEAT TX]
[2026-09-02T19:00:53.269+00:00][B] [INFO] Node ID: 2
[2026-09-02T19:00:53.269+00:00][B] [INFO] type: 2
[2026-09-02T19:00:53.270+00:00][B] [INFO] Destination: 0xFF
[2026-09-02T19:00:53.274+00:00][B] [INFO] Sequence: 75
[2026-09-02T19:00:53.275+00:00][B] [INFO] Packet ID: 20
[2026-09-02T19:00:53.275+00:00][B] [INFO] Packet Size: 26
[2026-09-02T19:00:53.280+00:00][B] [INFO] Timestamp: 20 ms
[2026-09-02T19:00:53.280+00:00][B] [INFO] Transmission Result: success
[2026-09-02T19:00:53.286+00:00][B] [INFO] --------------------------------
[2026-09-02T19:00:53.286+00:00][B] [INFO] [Heartbeat #20]
[2026-09-02T19:00:53.291+00:00][B] [INFO] Sent
[2026-09-02T19:00:53.291+00:00][B] [INFO] Waiting ACK...
[2026-09-02T19:00:53.292+00:00][B] [INFO] [WAITING ACK]
[2026-09-02T19:00:53.305+00:00][B] [INFO] [RF TX] type=2 source=0x02 destination=0xFF previousHop=0x02 sequence=75 ackSequence=0 ttl=8 hops=0 payloadSize=13 rssi=0 snr=0.00
[2026-09-02T19:00:53.305+00:00][B] [INFO] Heartbeat packet sent
[2026-09-02T19:00:53.310+00:00][A] [INFO] [RF TX] type=1 source=0x01 destination=0x02 previousHop=0x01 sequence=64 ackSequence=0 ttl=8 hops=0 payloadSize=4 rssi=0 snr=0.00
[2026-09-02T19:00:54.125+00:00][A] [INFO] --------------------------------
[2026-09-02T19:00:54.126+00:00][A] [INFO] [HEARTBEAT TX]
[2026-09-02T19:00:54.130+00:00][A] [INFO] Node ID: 1
[2026-09-02T19:00:54.130+00:00][A] [INFO] type: 2
[2026-09-02T19:00:54.131+00:00][A] [INFO] Destination: 0xFF
[2026-09-02T19:00:54.136+00:00][A] [INFO] Sequence: 67
[2026-09-02T19:00:54.137+00:00][A] [INFO] Packet ID: 21
[2026-09-02T19:00:54.137+00:00][A] [INFO] Packet Size: 26
[2026-09-02T19:00:54.141+00:00][A] [INFO] Timestamp: 21 ms
[2026-09-02T19:00:54.142+00:00][A] [INFO] Transmission Result: success
[2026-09-02T19:00:54.147+00:00][A] [INFO] --------------------------------
[2026-09-02T19:00:54.147+00:00][A] [INFO] [Heartbeat #21]
[2026-09-02T19:00:54.153+00:00][A] [INFO] Sent
[2026-09-02T19:00:54.153+00:00][A] [INFO] Waiting ACK...
[2026-09-02T19:00:54.153+00:00][A] [INFO] [WAITING ACK]
[2026-09-02T19:00:54.166+00:00][A] [INFO] [RF TX] type=2 source=0x01 destination=0xFF previousHop=0x01 sequence=67 ackSequence=0 ttl=8 hops=0 payloadSize=13 rssi=0 snr=0.00
[2026-09-02T19:00:54.167+00:00][A] [INFO] Heartbeat packet sent
[2026-09-02T19:00:54.179+00:00][B] [INFO] --------------------------------
[2026-09-02T19:00:54.180+00:00][B] [INFO] [HEARTBEAT TX]
[2026-09-02T19:00:54.185+00:00][B] [INFO] Node ID: 2
[2026-09-02T19:00:54.185+00:00][B] [INFO] type: 2
[2026-09-02T19:00:54.186+00:00][B] [INFO] Destination: 0xFF
[2026-09-02T19:00:54.190+00:00][B] [INFO] Sequence: 76
[2026-09-02T19:00:54.191+00:00][B] [INFO] Packet ID: 21
[2026-09-02T19:00:54.191+00:00][B] [INFO] Packet Size: 26
[2026-09-02T19:00:54.196+00:00][B] [INFO] Timestamp: 21 ms
[2026-09-02T19:00:54.196+00:00][B] [INFO] Transmission Result: success
[2026-09-02T19:00:54.202+00:00][B] [INFO] --------------------------------
[2026-09-02T19:00:54.203+00:00][B] [INFO] [Heartbeat #21]
[2026-09-02T19:00:54.207+00:00][B] [INFO] Sent
[2026-09-02T19:00:54.207+00:00][B] [INFO] Waiting ACK...
[2026-09-02T19:00:54.208+00:00][B] [INFO] [WAITING ACK]
[2026-09-02T19:00:54.221+00:00][B] [INFO] [RF TX] type=2 source=0x02 destination=0xFF previousHop=0x02 sequence=76 ackSequence=0 ttl=8 hops=0 payloadSize=13 rssi=0 snr=0.00
[2026-09-02T19:00:54.222+00:00][B] [INFO] Heartbeat packet sent
[2026-09-02T19:00:54.313+00:00][A] [ERROR] TX_FAILED
[2026-09-02T19:00:54.313+00:00][A] [WARN] ACK_FAILED seq=64
[2026-09-02T19:00:54.316+00:00][A] [INFO] TEST_DATA_QUEUED dst=0x02 seq=68 remaining=52
[2026-09-02T19:00:54.372+00:00][A] [INFO] [RF TX] type=1 source=0x01 destination=0x02 previousHop=0x01 sequence=68 ackSequence=0 ttl=8 hops=0 payloadSize=4 rssi=0 snr=0.00
[2026-09-02T19:00:54.374+00:00][B] [INFO] [RF RX] type=1 source=0x01 destination=0x02 previousHop=0x01 sequence=68 ackSequence=0 ttl=8 hops=0 payloadSize=4 rssi=-61 snr=10.25
[2026-09-02T19:00:54.432+00:00][B] [INFO] [RF TX] type=3 source=0x02 destination=0x01 previousHop=0x02 sequence=77 ackSequence=68 ttl=8 hops=0 payloadSize=2 rssi=0 snr=0.00
[2026-09-02T19:00:54.438+00:00][A] [INFO] [RF RX] type=3 source=0x02 destination=0x01 previousHop=0x02 sequence=77 ackSequence=68 ttl=8 hops=0 payloadSize=2 rssi=-61 snr=9.50
[2026-09-02T19:00:54.438+00:00][A] [INFO] ACK_RX seq=68 source=0x02
[2026-09-02T19:00:54.441+00:00][A] [INFO] TEST_DATA_QUEUED dst=0x02 seq=69 remaining=51
[2026-09-02T19:00:54.496+00:00][A] [INFO] [RF TX] type=1 source=0x01 destination=0x02 previousHop=0x01 sequence=69 ackSequence=0 ttl=8 hops=0 payloadSize=4 rssi=0 snr=0.00
[2026-09-02T19:00:55.142+00:00][A] [WARN] Retry 1
[2026-09-02T19:00:55.197+00:00][B] [WARN] Retry 1
[2026-09-02T19:00:55.209+00:00][A] [INFO] --------------------------------
[2026-09-02T19:00:55.210+00:00][A] [INFO] [HEARTBEAT TX]
[2026-09-02T19:00:55.214+00:00][A] [INFO] Node ID: 1
[2026-09-02T19:00:55.215+00:00][A] [INFO] type: 2
[2026-09-02T19:00:55.215+00:00][A] [INFO] Destination: 0xFF
[2026-09-02T19:00:55.220+00:00][A] [INFO] Sequence: 67
[2026-09-02T19:00:55.220+00:00][A] [INFO] Packet ID: 21
[2026-09-02T19:00:55.221+00:00][A] [INFO] Packet Size: 26
[2026-09-02T19:00:55.225+00:00][A] [INFO] Timestamp: 21 ms
[2026-09-02T19:00:55.226+00:00][A] [INFO] Transmission Result: success
[2026-09-02T19:00:55.231+00:00][A] [INFO] --------------------------------
[2026-09-02T19:00:55.232+00:00][A] [INFO] [Heartbeat #21]
[2026-09-02T19:00:55.236+00:00][A] [INFO] Sent
[2026-09-02T19:00:55.237+00:00][A] [INFO] Waiting ACK...
[2026-09-02T19:00:55.237+00:00][A] [INFO] [WAITING ACK]
[2026-09-02T19:00:55.250+00:00][A] [INFO] [RF TX] type=2 source=0x01 destination=0xFF previousHop=0x01 sequence=67 ackSequence=0 ttl=8 hops=0 payloadSize=13 rssi=0 snr=0.00
[2026-09-02T19:00:55.251+00:00][A] [INFO] Heartbeat packet sent
[2026-09-02T19:00:55.263+00:00][B] [INFO] --------------------------------
[2026-09-02T19:00:55.264+00:00][B] [INFO] [HEARTBEAT TX]
[2026-09-02T19:00:55.269+00:00][B] [INFO] Node ID: 2
[2026-09-02T19:00:55.269+00:00][B] [INFO] type: 2
[2026-09-02T19:00:55.270+00:00][B] [INFO] Destination: 0xFF
[2026-09-02T19:00:55.274+00:00][B] [INFO] Sequence: 76
[2026-09-02T19:00:55.275+00:00][B] [INFO] Packet ID: 21
[2026-09-02T19:00:55.275+00:00][B] [INFO] Packet Size: 26
[2026-09-02T19:00:55.280+00:00][B] [INFO] Timestamp: 21 ms
[2026-09-02T19:00:55.280+00:00][B] [INFO] Transmission Result: success
[2026-09-02T19:00:55.286+00:00][B] [INFO] --------------------------------
[2026-09-02T19:00:55.286+00:00][B] [INFO] [Heartbeat #21]
[2026-09-02T19:00:55.291+00:00][B] [INFO] Sent
[2026-09-02T19:00:55.291+00:00][B] [INFO] Waiting ACK...
[2026-09-02T19:00:55.292+00:00][B] [INFO] [WAITING ACK]
[2026-09-02T19:00:55.305+00:00][B] [INFO] [RF TX] type=2 source=0x02 destination=0xFF previousHop=0x02 sequence=76 ackSequence=0 ttl=8 hops=0 payloadSize=13 rssi=0 snr=0.00
[2026-09-02T19:00:55.306+00:00][B] [INFO] Heartbeat packet sent
[2026-09-02T19:00:55.497+00:00][A] [WARN] TX_RETRY seq=69
[2026-09-02T19:00:55.559+00:00][A] [INFO] [RF TX] type=1 source=0x01 destination=0x02 previousHop=0x01 sequence=69 ackSequence=0 ttl=8 hops=0 payloadSize=4 rssi=0 snr=0.00
[2026-09-02T19:00:55.561+00:00][B] [INFO] [RF RX] type=1 source=0x01 destination=0x02 previousHop=0x01 sequence=69 ackSequence=0 ttl=8 hops=0 payloadSize=4 rssi=-62 snr=10.25
[2026-09-02T19:00:55.619+00:00][B] [INFO] [RF TX] type=3 source=0x02 destination=0x01 previousHop=0x02 sequence=78 ackSequence=69 ttl=8 hops=0 payloadSize=2 rssi=0 snr=0.00
[2026-09-02T19:00:55.625+00:00][A] [INFO] [RF RX] type=3 source=0x02 destination=0x01 previousHop=0x02 sequence=78 ackSequence=69 ttl=8 hops=0 payloadSize=2 rssi=-61 snr=9.00
[2026-09-02T19:00:55.625+00:00][A] [INFO] ACK_RX seq=69 source=0x02
[2026-09-02T19:00:55.628+00:00][A] [INFO] TEST_DATA_QUEUED dst=0x02 seq=70 remaining=50
[2026-09-02T19:00:55.683+00:00][A] [INFO] [RF TX] type=1 source=0x01 destination=0x02 previousHop=0x01 sequence=70 ackSequence=0 ttl=8 hops=0 payloadSize=4 rssi=0 snr=0.00
[2026-09-02T19:00:55.685+00:00][B] [INFO] [RF RX] type=1 source=0x01 destination=0x02 previousHop=0x01 sequence=70 ackSequence=0 ttl=8 hops=0 payloadSize=4 rssi=-62 snr=9.75
[2026-09-02T19:00:55.742+00:00][B] [INFO] [RF TX] type=3 source=0x02 destination=0x01 previousHop=0x02 sequence=79 ackSequence=70 ttl=8 hops=0 payloadSize=2 rssi=0 snr=0.00
[2026-09-02T19:00:55.748+00:00][A] [INFO] [RF RX] type=3 source=0x02 destination=0x01 previousHop=0x02 sequence=79 ackSequence=70 ttl=8 hops=0 payloadSize=2 rssi=-61 snr=9.50
[2026-09-02T19:00:55.749+00:00][A] [INFO] ACK_RX seq=70 source=0x02
[2026-09-02T19:00:55.752+00:00][A] [INFO] TEST_DATA_QUEUED dst=0x02 seq=71 remaining=49
[2026-09-02T19:00:55.806+00:00][A] [INFO] [RF TX] type=1 source=0x01 destination=0x02 previousHop=0x01 sequence=71 ackSequence=0 ttl=8 hops=0 payloadSize=4 rssi=0 snr=0.00
[2026-09-02T19:00:55.808+00:00][B] [INFO] [RF RX] type=1 source=0x01 destination=0x02 previousHop=0x01 sequence=71 ackSequence=0 ttl=8 hops=0 payloadSize=4 rssi=-62 snr=9.75
[2026-09-02T19:00:55.866+00:00][B] [INFO] [RF TX] type=3 source=0x02 destination=0x01 previousHop=0x02 sequence=80 ackSequence=71 ttl=8 hops=0 payloadSize=2 rssi=0 snr=0.00
[2026-09-02T19:00:55.872+00:00][A] [INFO] [RF RX] type=3 source=0x02 destination=0x01 previousHop=0x02 sequence=80 ackSequence=71 ttl=8 hops=0 payloadSize=2 rssi=-61 snr=9.25
[2026-09-02T19:00:55.872+00:00][A] [INFO] ACK_RX seq=71 source=0x02
[2026-09-02T19:00:55.875+00:00][A] [INFO] TEST_DATA_QUEUED dst=0x02 seq=72 remaining=48
[2026-09-02T19:00:55.930+00:00][A] [INFO] [RF TX] type=1 source=0x01 destination=0x02 previousHop=0x01 sequence=72 ackSequence=0 ttl=8 hops=0 payloadSize=4 rssi=0 snr=0.00
[2026-09-02T19:00:55.932+00:00][B] [INFO] [RF RX] type=1 source=0x01 destination=0x02 previousHop=0x01 sequence=72 ackSequence=0 ttl=8 hops=0 payloadSize=4 rssi=-62 snr=10.50
[2026-09-02T19:00:55.990+00:00][B] [INFO] [RF TX] type=3 source=0x02 destination=0x01 previousHop=0x02 sequence=81 ackSequence=72 ttl=8 hops=0 payloadSize=2 rssi=0 snr=0.00
[2026-09-02T19:00:55.996+00:00][A] [INFO] [RF RX] type=3 source=0x02 destination=0x01 previousHop=0x02 sequence=81 ackSequence=72 ttl=8 hops=0 payloadSize=2 rssi=-61 snr=9.50
[2026-09-02T19:00:55.996+00:00][A] [INFO] ACK_RX seq=72 source=0x02
[2026-09-02T19:00:55.999+00:00][A] [INFO] TEST_DATA_QUEUED dst=0x02 seq=73 remaining=47
[2026-09-02T19:00:56.054+00:00][A] [INFO] [RF TX] type=1 source=0x01 destination=0x02 previousHop=0x01 sequence=73 ackSequence=0 ttl=8 hops=0 payloadSize=4 rssi=0 snr=0.00
[2026-09-02T19:00:56.056+00:00][B] [INFO] [RF RX] type=1 source=0x01 destination=0x02 previousHop=0x01 sequence=73 ackSequence=0 ttl=8 hops=0 payloadSize=4 rssi=-62 snr=10.00
[2026-09-02T19:00:56.114+00:00][B] [INFO] [RF TX] type=3 source=0x02 destination=0x01 previousHop=0x02 sequence=82 ackSequence=73 ttl=8 hops=0 payloadSize=2 rssi=0 snr=0.00
[2026-09-02T19:00:56.125+00:00][A] [INFO] --------------------------------
[2026-09-02T19:00:56.126+00:00][A] [INFO] [HEARTBEAT TX]
[2026-09-02T19:00:56.130+00:00][A] [INFO] Node ID: 1
[2026-09-02T19:00:56.130+00:00][A] [INFO] type: 2
[2026-09-02T19:00:56.131+00:00][A] [INFO] Destination: 0xFF
[2026-09-02T19:00:56.136+00:00][A] [INFO] Sequence: 74
[2026-09-02T19:00:56.136+00:00][A] [INFO] Packet ID: 22
[2026-09-02T19:00:56.137+00:00][A] [INFO] Packet Size: 26
[2026-09-02T19:00:56.141+00:00][A] [INFO] Timestamp: 22 ms
[2026-09-02T19:00:56.142+00:00][A] [INFO] Transmission Result: success
[2026-09-02T19:00:56.147+00:00][A] [INFO] --------------------------------
[2026-09-02T19:00:56.147+00:00][A] [INFO] [Heartbeat #22]
[2026-09-02T19:00:56.153+00:00][A] [INFO] Sent
[2026-09-02T19:00:56.153+00:00][A] [INFO] Waiting ACK...
[2026-09-02T19:00:56.153+00:00][A] [INFO] [WAITING ACK]
[2026-09-02T19:00:56.166+00:00][A] [INFO] [RF TX] type=2 source=0x01 destination=0xFF previousHop=0x01 sequence=74 ackSequence=0 ttl=8 hops=0 payloadSize=13 rssi=0 snr=0.00
[2026-09-02T19:00:56.167+00:00][A] [INFO] Heartbeat packet sent
[2026-09-02T19:00:56.180+00:00][B] [INFO] --------------------------------
[2026-09-02T19:00:56.181+00:00][B] [INFO] [HEARTBEAT TX]
[2026-09-02T19:00:56.186+00:00][B] [INFO] Node ID: 2
[2026-09-02T19:00:56.186+00:00][B] [INFO] type: 2
[2026-09-02T19:00:56.187+00:00][B] [INFO] Destination: 0xFF
[2026-09-02T19:00:56.191+00:00][B] [INFO] Sequence: 83
[2026-09-02T19:00:56.192+00:00][B] [INFO] Packet ID: 22
[2026-09-02T19:00:56.192+00:00][B] [INFO] Packet Size: 26
[2026-09-02T19:00:56.197+00:00][B] [INFO] Timestamp: 22 ms
[2026-09-02T19:00:56.197+00:00][B] [INFO] Transmission Result: success
[2026-09-02T19:00:56.203+00:00][B] [INFO] --------------------------------
[2026-09-02T19:00:56.203+00:00][B] [INFO] [Heartbeat #22]
[2026-09-02T19:00:56.208+00:00][B] [INFO] Sent
[2026-09-02T19:00:56.208+00:00][B] [INFO] Waiting ACK...
[2026-09-02T19:00:56.209+00:00][B] [INFO] [WAITING ACK]
[2026-09-02T19:00:56.222+00:00][B] [INFO] [RF TX] type=2 source=0x02 destination=0xFF previousHop=0x02 sequence=83 ackSequence=0 ttl=8 hops=0 payloadSize=13 rssi=0 snr=0.00
[2026-09-02T19:00:56.222+00:00][B] [INFO] Heartbeat packet sent
[2026-09-02T19:00:57.055+00:00][A] [WARN] TX_RETRY seq=73
[2026-09-02T19:00:57.117+00:00][A] [INFO] [RF TX] type=1 source=0x01 destination=0x02 previousHop=0x01 sequence=73 ackSequence=0 ttl=8 hops=0 payloadSize=4 rssi=0 snr=0.00
[2026-09-02T19:00:57.142+00:00][A] [WARN] Retry 1
[2026-09-02T19:00:57.166+00:00][B] [INFO] [RF TX] type=3 source=0x02 destination=0x01 previousHop=0x02 sequence=84 ackSequence=73 ttl=8 hops=0 payloadSize=2 rssi=0 snr=0.00
[2026-09-02T19:00:57.198+00:00][B] [WARN] Retry 1
[2026-09-02T19:00:57.209+00:00][A] [INFO] --------------------------------
[2026-09-02T19:00:57.210+00:00][A] [INFO] [HEARTBEAT TX]
[2026-09-02T19:00:57.214+00:00][A] [INFO] Node ID: 1
[2026-09-02T19:00:57.215+00:00][A] [INFO] type: 2
[2026-09-02T19:00:57.215+00:00][A] [INFO] Destination: 0xFF
[2026-09-02T19:00:57.220+00:00][A] [INFO] Sequence: 74
[2026-09-02T19:00:57.220+00:00][A] [INFO] Packet ID: 22
[2026-09-02T19:00:57.221+00:00][A] [INFO] Packet Size: 26
[2026-09-02T19:00:57.225+00:00][A] [INFO] Timestamp: 22 ms
[2026-09-02T19:00:57.226+00:00][A] [INFO] Transmission Result: success
[2026-09-02T19:00:57.231+00:00][A] [INFO] --------------------------------
[2026-09-02T19:00:57.232+00:00][A] [INFO] [Heartbeat #22]
[2026-09-02T19:00:57.236+00:00][A] [INFO] Sent
[2026-09-02T19:00:57.237+00:00][A] [INFO] Waiting ACK...
[2026-09-02T19:00:57.237+00:00][A] [INFO] [WAITING ACK]
[2026-09-02T19:00:57.250+00:00][A] [INFO] [RF TX] type=2 source=0x01 destination=0xFF previousHop=0x01 sequence=74 ackSequence=0 ttl=8 hops=0 payloadSize=13 rssi=0 snr=0.00
[2026-09-02T19:00:57.251+00:00][A] [INFO] Heartbeat packet sent
[2026-09-02T19:00:57.265+00:00][B] [INFO] --------------------------------
[2026-09-02T19:00:57.265+00:00][B] [INFO] [HEARTBEAT TX]
[2026-09-02T19:00:57.270+00:00][B] [INFO] Node ID: 2
[2026-09-02T19:00:57.270+00:00][B] [INFO] type: 2
[2026-09-02T19:00:57.271+00:00][B] [INFO] Destination: 0xFF
[2026-09-02T19:00:57.275+00:00][B] [INFO] Sequence: 83
[2026-09-02T19:00:57.276+00:00][B] [INFO] Packet ID: 22
[2026-09-02T19:00:57.276+00:00][B] [INFO] Packet Size: 26
[2026-09-02T19:00:57.281+00:00][B] [INFO] Timestamp: 22 ms
[2026-09-02T19:00:57.282+00:00][B] [INFO] Transmission Result: success
[2026-09-02T19:00:57.287+00:00][B] [INFO] --------------------------------
[2026-09-02T19:00:57.287+00:00][B] [INFO] [Heartbeat #22]
[2026-09-02T19:00:57.292+00:00][B] [INFO] Sent
[2026-09-02T19:00:57.293+00:00][B] [INFO] Waiting ACK...
[2026-09-02T19:00:57.293+00:00][B] [INFO] [WAITING ACK]
[2026-09-02T19:00:57.306+00:00][B] [INFO] [RF TX] type=2 source=0x02 destination=0xFF previousHop=0x02 sequence=83 ackSequence=0 ttl=8 hops=0 payloadSize=13 rssi=0 snr=0.00
[2026-09-02T19:00:57.307+00:00][B] [INFO] Heartbeat packet sent
[2026-09-02T19:00:58.125+00:00][A] [INFO] --------------------------------
[2026-09-02T19:00:58.126+00:00][A] [INFO] [HEARTBEAT TX]
[2026-09-02T19:00:58.130+00:00][A] [INFO] Node ID: 1
[2026-09-02T19:00:58.130+00:00][A] [INFO] type: 2
[2026-09-02T19:00:58.131+00:00][A] [INFO] Destination: 0xFF
[2026-09-02T19:00:58.136+00:00][A] [INFO] Sequence: 75
[2026-09-02T19:00:58.137+00:00][A] [INFO] Packet ID: 23
[2026-09-02T19:00:58.137+00:00][A] [INFO] Packet Size: 26
[2026-09-02T19:00:58.141+00:00][A] [INFO] Timestamp: 23 ms
[2026-09-02T19:00:58.142+00:00][A] [INFO] Transmission Result: success
[2026-09-02T19:00:58.147+00:00][A] [INFO] --------------------------------
[2026-09-02T19:00:58.147+00:00][A] [INFO] [Heartbeat #23]
[2026-09-02T19:00:58.152+00:00][A] [INFO] Sent
[2026-09-02T19:00:58.153+00:00][A] [INFO] Waiting ACK...
[2026-09-02T19:00:58.153+00:00][A] [INFO] [WAITING ACK]
[2026-09-02T19:00:58.168+00:00][A] [INFO] [RF TX] type=2 source=0x01 destination=0xFF previousHop=0x01 sequence=75 ackSequence=0 ttl=8 hops=0 payloadSize=13 rssi=0 snr=0.00
[2026-09-02T19:00:58.169+00:00][A] [INFO] Heartbeat packet sent
[2026-09-02T19:00:58.170+00:00][A] [WARN] TX_RETRY seq=73
[2026-09-02T19:00:58.179+00:00][B] [INFO] --------------------------------
[2026-09-02T19:00:58.180+00:00][B] [INFO] [HEARTBEAT TX]
[2026-09-02T19:00:58.185+00:00][B] [INFO] Node ID: 2
[2026-09-02T19:00:58.185+00:00][B] [INFO] type: 2
[2026-09-02T19:00:58.186+00:00][B] [INFO] Destination: 0xFF
[2026-09-02T19:00:58.190+00:00][B] [INFO] Sequence: 85
[2026-09-02T19:00:58.191+00:00][B] [INFO] Packet ID: 23
[2026-09-02T19:00:58.191+00:00][B] [INFO] Packet Size: 26
[2026-09-02T19:00:58.196+00:00][B] [INFO] Timestamp: 23 ms
[2026-09-02T19:00:58.196+00:00][B] [INFO] Transmission Result: success
[2026-09-02T19:00:58.202+00:00][B] [INFO] --------------------------------
[2026-09-02T19:00:58.202+00:00][B] [INFO] [Heartbeat #23]
[2026-09-02T19:00:58.207+00:00][B] [INFO] Sent
[2026-09-02T19:00:58.207+00:00][B] [INFO] Waiting ACK...
[2026-09-02T19:00:58.208+00:00][B] [INFO] [WAITING ACK]
[2026-09-02T19:00:58.221+00:00][B] [INFO] [RF TX] type=2 source=0x02 destination=0xFF previousHop=0x02 sequence=85 ackSequence=0 ttl=8 hops=0 payloadSize=13 rssi=0 snr=0.00
[2026-09-02T19:00:58.221+00:00][B] [INFO] Heartbeat packet sent
[2026-09-02T19:00:58.226+00:00][A] [INFO] [RF TX] type=1 source=0x01 destination=0x02 previousHop=0x01 sequence=73 ackSequence=0 ttl=8 hops=0 payloadSize=4 rssi=0 snr=0.00
[2026-09-02T19:00:59.142+00:00][A] [WARN] Retry 1
[2026-09-02T19:00:59.197+00:00][B] [WARN] Retry 1
[2026-09-02T19:00:59.209+00:00][A] [INFO] --------------------------------
[2026-09-02T19:00:59.210+00:00][A] [INFO] [HEARTBEAT TX]
[2026-09-02T19:00:59.214+00:00][A] [INFO] Node ID: 1
[2026-09-02T19:00:59.214+00:00][A] [INFO] type: 2
[2026-09-02T19:00:59.215+00:00][A] [INFO] Destination: 0xFF
[2026-09-02T19:00:59.220+00:00][A] [INFO] Sequence: 75
[2026-09-02T19:00:59.220+00:00][A] [INFO] Packet ID: 23
[2026-09-02T19:00:59.220+00:00][A] [INFO] Packet Size: 26
[2026-09-02T19:00:59.225+00:00][A] [INFO] Timestamp: 23 ms
[2026-09-02T19:00:59.226+00:00][A] [INFO] Transmission Result: success
[2026-09-02T19:00:59.231+00:00][A] [INFO] --------------------------------
[2026-09-02T19:00:59.231+00:00][A] [INFO] [Heartbeat #23]
[2026-09-02T19:00:59.236+00:00][A] [INFO] Sent
[2026-09-02T19:00:59.237+00:00][A] [INFO] Waiting ACK...
[2026-09-02T19:00:59.237+00:00][A] [INFO] [WAITING ACK]
[2026-09-02T19:00:59.252+00:00][A] [INFO] [RF TX] type=2 source=0x01 destination=0xFF previousHop=0x01 sequence=75 ackSequence=0 ttl=8 hops=0 payloadSize=13 rssi=0 snr=0.00
[2026-09-02T19:00:59.253+00:00][A] [INFO] Heartbeat packet sent
[2026-09-02T19:00:59.253+00:00][A] [WARN] TX_RETRY seq=73
[2026-09-02T19:00:59.264+00:00][B] [INFO] --------------------------------
[2026-09-02T19:00:59.264+00:00][B] [INFO] [HEARTBEAT TX]
[2026-09-02T19:00:59.269+00:00][B] [INFO] Node ID: 2
[2026-09-02T19:00:59.269+00:00][B] [INFO] type: 2
[2026-09-02T19:00:59.270+00:00][B] [INFO] Destination: 0xFF
[2026-09-02T19:00:59.274+00:00][B] [INFO] Sequence: 85
[2026-09-02T19:00:59.275+00:00][B] [INFO] Packet ID: 23
[2026-09-02T19:00:59.275+00:00][B] [INFO] Packet Size: 26
[2026-09-02T19:00:59.280+00:00][B] [INFO] Timestamp: 23 ms
[2026-09-02T19:00:59.280+00:00][B] [INFO] Transmission Result: success
[2026-09-02T19:00:59.286+00:00][B] [INFO] --------------------------------
[2026-09-02T19:00:59.286+00:00][B] [INFO] [Heartbeat #23]
[2026-09-02T19:00:59.291+00:00][B] [INFO] Sent
[2026-09-02T19:00:59.292+00:00][B] [INFO] Waiting ACK...
[2026-09-02T19:00:59.292+00:00][B] [INFO] [WAITING ACK]
[2026-09-02T19:00:59.305+00:00][B] [INFO] [RF TX] type=2 source=0x02 destination=0xFF previousHop=0x02 sequence=85 ackSequence=0 ttl=8 hops=0 payloadSize=13 rssi=0 snr=0.00
[2026-09-02T19:00:59.305+00:00][B] [INFO] Heartbeat packet sent
[2026-09-02T19:00:59.310+00:00][A] [INFO] [RF TX] type=1 source=0x01 destination=0x02 previousHop=0x01 sequence=73 ackSequence=0 ttl=8 hops=0 payloadSize=4 rssi=0 snr=0.00
[2026-09-02T19:01:00.125+00:00][A] [INFO] --------------------------------
[2026-09-02T19:01:00.126+00:00][A] [INFO] [HEARTBEAT TX]
[2026-09-02T19:01:00.130+00:00][A] [INFO] Node ID: 1
[2026-09-02T19:01:00.130+00:00][A] [INFO] type: 2
[2026-09-02T19:01:00.131+00:00][A] [INFO] Destination: 0xFF
[2026-09-02T19:01:00.136+00:00][A] [INFO] Sequence: 76
[2026-09-02T19:01:00.136+00:00][A] [INFO] Packet ID: 24
[2026-09-02T19:01:00.137+00:00][A] [INFO] Packet Size: 26
[2026-09-02T19:01:00.141+00:00][A] [INFO] Timestamp: 24 ms
[2026-09-02T19:01:00.142+00:00][A] [INFO] Transmission Result: success
[2026-09-02T19:01:00.147+00:00][A] [INFO] --------------------------------
[2026-09-02T19:01:00.147+00:00][A] [INFO] [Heartbeat #24]
[2026-09-02T19:01:00.153+00:00][A] [INFO] Sent
[2026-09-02T19:01:00.153+00:00][A] [INFO] Waiting ACK...
[2026-09-02T19:01:00.153+00:00][A] [INFO] [WAITING ACK]
[2026-09-02T19:01:00.166+00:00][A] [INFO] [RF TX] type=2 source=0x01 destination=0xFF previousHop=0x01 sequence=76 ackSequence=0 ttl=8 hops=0 payloadSize=13 rssi=0 snr=0.00
[2026-09-02T19:01:00.167+00:00][A] [INFO] Heartbeat packet sent
[2026-09-02T19:01:00.179+00:00][B] [INFO] --------------------------------
[2026-09-02T19:01:00.180+00:00][B] [INFO] [HEARTBEAT TX]
[2026-09-02T19:01:00.185+00:00][B] [INFO] Node ID: 2
[2026-09-02T19:01:00.185+00:00][B] [INFO] type: 2
[2026-09-02T19:01:00.186+00:00][B] [INFO] Destination: 0xFF
[2026-09-02T19:01:00.190+00:00][B] [INFO] Sequence: 86
[2026-09-02T19:01:00.191+00:00][B] [INFO] Packet ID: 24
[2026-09-02T19:01:00.191+00:00][B] [INFO] Packet Size: 26
[2026-09-02T19:01:00.196+00:00][B] [INFO] Timestamp: 24 ms
[2026-09-02T19:01:00.196+00:00][B] [INFO] Transmission Result: success
[2026-09-02T19:01:00.202+00:00][B] [INFO] --------------------------------
[2026-09-02T19:01:00.202+00:00][B] [INFO] [Heartbeat #24]
[2026-09-02T19:01:00.207+00:00][B] [INFO] Sent
[2026-09-02T19:01:00.207+00:00][B] [INFO] Waiting ACK...
[2026-09-02T19:01:00.208+00:00][B] [INFO] [WAITING ACK]
[2026-09-02T19:01:00.221+00:00][B] [INFO] [RF TX] type=2 source=0x02 destination=0xFF previousHop=0x02 sequence=86 ackSequence=0 ttl=8 hops=0 payloadSize=13 rssi=0 snr=0.00
[2026-09-02T19:01:00.221+00:00][B] [INFO] Heartbeat packet sent
[2026-09-02T19:01:00.313+00:00][A] [ERROR] TX_FAILED
[2026-09-02T19:01:00.313+00:00][A] [WARN] ACK_FAILED seq=73
[2026-09-02T19:01:00.316+00:00][A] [INFO] TEST_DATA_QUEUED dst=0x02 seq=77 remaining=46
[2026-09-02T19:01:00.372+00:00][A] [INFO] [RF TX] type=1 source=0x01 destination=0x02 previousHop=0x01 sequence=77 ackSequence=0 ttl=8 hops=0 payloadSize=4 rssi=0 snr=0.00
[2026-09-02T19:01:00.374+00:00][B] [INFO] [RF RX] type=1 source=0x01 destination=0x02 previousHop=0x01 sequence=77 ackSequence=0 ttl=8 hops=0 payloadSize=4 rssi=-61 snr=9.75
[2026-09-02T19:01:00.431+00:00][B] [INFO] [RF TX] type=3 source=0x02 destination=0x01 previousHop=0x02 sequence=87 ackSequence=77 ttl=8 hops=0 payloadSize=2 rssi=0 snr=0.00
[2026-09-02T19:01:00.438+00:00][A] [INFO] [RF RX] type=3 source=0x02 destination=0x01 previousHop=0x02 sequence=87 ackSequence=77 ttl=8 hops=0 payloadSize=2 rssi=-60 snr=9.50
[2026-09-02T19:01:00.438+00:00][A] [INFO] ACK_RX seq=77 source=0x02
[2026-09-02T19:01:00.441+00:00][A] [INFO] TEST_DATA_QUEUED dst=0x02 seq=78 remaining=45
[2026-09-02T19:01:00.496+00:00][A] [INFO] [RF TX] type=1 source=0x01 destination=0x02 previousHop=0x01 sequence=78 ackSequence=0 ttl=8 hops=0 payloadSize=4 rssi=0 snr=0.00
[2026-09-02T19:01:00.498+00:00][B] [INFO] [RF RX] type=1 source=0x01 destination=0x02 previousHop=0x01 sequence=78 ackSequence=0 ttl=8 hops=0 payloadSize=4 rssi=-63 snr=9.50
[2026-09-02T19:01:00.555+00:00][B] [INFO] [RF TX] type=3 source=0x02 destination=0x01 previousHop=0x02 sequence=88 ackSequence=78 ttl=8 hops=0 payloadSize=2 rssi=0 snr=0.00
[2026-09-02T19:01:00.561+00:00][A] [INFO] [RF RX] type=3 source=0x02 destination=0x01 previousHop=0x02 sequence=88 ackSequence=78 ttl=8 hops=0 payloadSize=2 rssi=-61 snr=9.25
[2026-09-02T19:01:00.562+00:00][A] [INFO] ACK_RX seq=78 source=0x02
[2026-09-02T19:01:00.565+00:00][A] [INFO] TEST_DATA_QUEUED dst=0x02 seq=79 remaining=44
[2026-09-02T19:01:00.620+00:00][A] [INFO] [RF TX] type=1 source=0x01 destination=0x02 previousHop=0x01 sequence=79 ackSequence=0 ttl=8 hops=0 payloadSize=4 rssi=0 snr=0.00
[2026-09-02T19:01:00.622+00:00][B] [INFO] [RF RX] type=1 source=0x01 destination=0x02 previousHop=0x01 sequence=79 ackSequence=0 ttl=8 hops=0 payloadSize=4 rssi=-63 snr=10.00
[2026-09-02T19:01:00.679+00:00][B] [INFO] [RF TX] type=3 source=0x02 destination=0x01 previousHop=0x02 sequence=89 ackSequence=79 ttl=8 hops=0 payloadSize=2 rssi=0 snr=0.00
[2026-09-02T19:01:00.686+00:00][A] [INFO] [RF RX] type=3 source=0x02 destination=0x01 previousHop=0x02 sequence=89 ackSequence=79 ttl=8 hops=0 payloadSize=2 rssi=-62 snr=9.75
[2026-09-02T19:01:00.686+00:00][A] [INFO] ACK_RX seq=79 source=0x02
[2026-09-02T19:01:00.689+00:00][A] [INFO] TEST_DATA_QUEUED dst=0x02 seq=80 remaining=43
[2026-09-02T19:01:00.744+00:00][A] [INFO] [RF TX] type=1 source=0x01 destination=0x02 previousHop=0x01 sequence=80 ackSequence=0 ttl=8 hops=0 payloadSize=4 rssi=0 snr=0.00
[2026-09-02T19:01:00.745+00:00][B] [INFO] [RF RX] type=1 source=0x01 destination=0x02 previousHop=0x01 sequence=80 ackSequence=0 ttl=8 hops=0 payloadSize=4 rssi=-63 snr=9.50
[2026-09-02T19:01:00.803+00:00][B] [INFO] [RF TX] type=3 source=0x02 destination=0x01 previousHop=0x02 sequence=90 ackSequence=80 ttl=8 hops=0 payloadSize=2 rssi=0 snr=0.00
[2026-09-02T19:01:00.809+00:00][A] [INFO] [RF RX] type=3 source=0x02 destination=0x01 previousHop=0x02 sequence=90 ackSequence=80 ttl=8 hops=0 payloadSize=2 rssi=-62 snr=9.25
[2026-09-02T19:01:00.809+00:00][A] [INFO] ACK_RX seq=80 source=0x02
[2026-09-02T19:01:00.812+00:00][A] [INFO] TEST_DATA_QUEUED dst=0x02 seq=81 remaining=42
[2026-09-02T19:01:00.867+00:00][A] [INFO] [RF TX] type=1 source=0x01 destination=0x02 previousHop=0x01 sequence=81 ackSequence=0 ttl=8 hops=0 payloadSize=4 rssi=0 snr=0.00
[2026-09-02T19:01:00.869+00:00][B] [INFO] [RF RX] type=1 source=0x01 destination=0x02 previousHop=0x01 sequence=81 ackSequence=0 ttl=8 hops=0 payloadSize=4 rssi=-62 snr=9.25
[2026-09-02T19:01:00.927+00:00][B] [INFO] [RF TX] type=3 source=0x02 destination=0x01 previousHop=0x02 sequence=91 ackSequence=81 ttl=8 hops=0 payloadSize=2 rssi=0 snr=0.00
[2026-09-02T19:01:00.933+00:00][A] [INFO] [RF RX] type=3 source=0x02 destination=0x01 previousHop=0x02 sequence=91 ackSequence=81 ttl=8 hops=0 payloadSize=2 rssi=-61 snr=9.25
[2026-09-02T19:01:00.933+00:00][A] [INFO] ACK_RX seq=81 source=0x02
[2026-09-02T19:01:00.936+00:00][A] [INFO] TEST_DATA_QUEUED dst=0x02 seq=82 remaining=41
[2026-09-02T19:01:00.991+00:00][A] [INFO] [RF TX] type=1 source=0x01 destination=0x02 previousHop=0x01 sequence=82 ackSequence=0 ttl=8 hops=0 payloadSize=4 rssi=0 snr=0.00
[2026-09-02T19:01:00.993+00:00][B] [INFO] [RF RX] type=1 source=0x01 destination=0x02 previousHop=0x01 sequence=82 ackSequence=0 ttl=8 hops=0 payloadSize=4 rssi=-62 snr=9.25
[2026-09-02T19:01:01.050+00:00][B] [INFO] [RF TX] type=3 source=0x02 destination=0x01 previousHop=0x02 sequence=92 ackSequence=82 ttl=8 hops=0 payloadSize=2 rssi=0 snr=0.00
[2026-09-02T19:01:01.056+00:00][A] [INFO] [RF RX] type=3 source=0x02 destination=0x01 previousHop=0x02 sequence=92 ackSequence=82 ttl=8 hops=0 payloadSize=2 rssi=-61 snr=9.50
[2026-09-02T19:01:01.057+00:00][A] [INFO] ACK_RX seq=82 source=0x02
[2026-09-02T19:01:01.060+00:00][A] [INFO] TEST_DATA_QUEUED dst=0x02 seq=83 remaining=40
[2026-09-02T19:01:01.115+00:00][A] [INFO] [RF TX] type=1 source=0x01 destination=0x02 previousHop=0x01 sequence=83 ackSequence=0 ttl=8 hops=0 payloadSize=4 rssi=0 snr=0.00
[2026-09-02T19:01:01.117+00:00][B] [INFO] [RF RX] type=1 source=0x01 destination=0x02 previousHop=0x01 sequence=83 ackSequence=0 ttl=8 hops=0 payloadSize=4 rssi=-62 snr=10.00
[2026-09-02T19:01:01.142+00:00][A] [WARN] Retry 1
[2026-09-02T19:01:01.174+00:00][B] [INFO] [RF TX] type=3 source=0x02 destination=0x01 previousHop=0x02 sequence=93 ackSequence=83 ttl=8 hops=0 payloadSize=2 rssi=0 snr=0.00
[2026-09-02T19:01:01.197+00:00][B] [WARN] Retry 1
[2026-09-02T19:01:01.209+00:00][A] [INFO] --------------------------------
[2026-09-02T19:01:01.210+00:00][A] [INFO] [HEARTBEAT TX]
[2026-09-02T19:01:01.214+00:00][A] [INFO] Node ID: 1
[2026-09-02T19:01:01.214+00:00][A] [INFO] type: 2
[2026-09-02T19:01:01.215+00:00][A] [INFO] Destination: 0xFF
[2026-09-02T19:01:01.220+00:00][A] [INFO] Sequence: 76
[2026-09-02T19:01:01.220+00:00][A] [INFO] Packet ID: 24
[2026-09-02T19:01:01.220+00:00][A] [INFO] Packet Size: 26
[2026-09-02T19:01:01.225+00:00][A] [INFO] Timestamp: 24 ms
[2026-09-02T19:01:01.226+00:00][A] [INFO] Transmission Result: success
[2026-09-02T19:01:01.231+00:00][A] [INFO] --------------------------------
[2026-09-02T19:01:01.231+00:00][A] [INFO] [Heartbeat #24]
[2026-09-02T19:01:01.236+00:00][A] [INFO] Sent
[2026-09-02T19:01:01.237+00:00][A] [INFO] Waiting ACK...
[2026-09-02T19:01:01.237+00:00][A] [INFO] [WAITING ACK]
[2026-09-02T19:01:01.250+00:00][A] [INFO] [RF TX] type=2 source=0x01 destination=0xFF previousHop=0x01 sequence=76 ackSequence=0 ttl=8 hops=0 payloadSize=13 rssi=0 snr=0.00
[2026-09-02T19:01:01.251+00:00][A] [INFO] Heartbeat packet sent
[2026-09-02T19:01:01.263+00:00][B] [INFO] --------------------------------
[2026-09-02T19:01:01.264+00:00][B] [INFO] [HEARTBEAT TX]
[2026-09-02T19:01:01.269+00:00][B] [INFO] Node ID: 2
[2026-09-02T19:01:01.269+00:00][B] [INFO] type: 2
[2026-09-02T19:01:01.270+00:00][B] [INFO] Destination: 0xFF
[2026-09-02T19:01:01.274+00:00][B] [INFO] Sequence: 86
[2026-09-02T19:01:01.275+00:00][B] [INFO] Packet ID: 24
[2026-09-02T19:01:01.276+00:00][B] [INFO] Packet Size: 26
[2026-09-02T19:01:01.280+00:00][B] [INFO] Timestamp: 24 ms
[2026-09-02T19:01:01.280+00:00][B] [INFO] Transmission Result: success
[2026-09-02T19:01:01.286+00:00][B] [INFO] --------------------------------
[2026-09-02T19:01:01.287+00:00][B] [INFO] [Heartbeat #24]
[2026-09-02T19:01:01.291+00:00][B] [INFO] Sent
[2026-09-02T19:01:01.291+00:00][B] [INFO] Waiting ACK...
[2026-09-02T19:01:01.292+00:00][B] [INFO] [WAITING ACK]
[2026-09-02T19:01:01.305+00:00][B] [INFO] [RF TX] type=2 source=0x02 destination=0xFF previousHop=0x02 sequence=86 ackSequence=0 ttl=8 hops=0 payloadSize=13 rssi=0 snr=0.00
[2026-09-02T19:01:01.305+00:00][B] [INFO] Heartbeat packet sent
[2026-09-02T19:01:02.125+00:00][A] [INFO] --------------------------------
[2026-09-02T19:01:02.126+00:00][A] [INFO] [HEARTBEAT TX]
[2026-09-02T19:01:02.130+00:00][A] [INFO] Node ID: 1
[2026-09-02T19:01:02.130+00:00][A] [INFO] type: 2
[2026-09-02T19:01:02.131+00:00][A] [INFO] Destination: 0xFF
[2026-09-02T19:01:02.136+00:00][A] [INFO] Sequence: 84
[2026-09-02T19:01:02.136+00:00][A] [INFO] Packet ID: 25
[2026-09-02T19:01:02.137+00:00][A] [INFO] Packet Size: 26
[2026-09-02T19:01:02.141+00:00][A] [INFO] Timestamp: 25 ms
[2026-09-02T19:01:02.142+00:00][A] [INFO] Transmission Result: success
[2026-09-02T19:01:02.147+00:00][A] [INFO] --------------------------------
[2026-09-02T19:01:02.147+00:00][A] [INFO] [Heartbeat #25]
[2026-09-02T19:01:02.152+00:00][A] [INFO] Sent
[2026-09-02T19:01:02.153+00:00][A] [INFO] Waiting ACK...
[2026-09-02T19:01:02.153+00:00][A] [INFO] [WAITING ACK]
[2026-09-02T19:01:02.168+00:00][A] [INFO] [RF TX] type=2 source=0x01 destination=0xFF previousHop=0x01 sequence=84 ackSequence=0 ttl=8 hops=0 payloadSize=13 rssi=0 snr=0.00
[2026-09-02T19:01:02.169+00:00][A] [INFO] Heartbeat packet sent
[2026-09-02T19:01:02.170+00:00][A] [WARN] TX_RETRY seq=83
[2026-09-02T19:01:02.179+00:00][B] [INFO] --------------------------------
[2026-09-02T19:01:02.180+00:00][B] [INFO] [HEARTBEAT TX]
[2026-09-02T19:01:02.185+00:00][B] [INFO] Node ID: 2
[2026-09-02T19:01:02.185+00:00][B] [INFO] type: 2
[2026-09-02T19:01:02.186+00:00][B] [INFO] Destination: 0xFF
[2026-09-02T19:01:02.190+00:00][B] [INFO] Sequence: 94
[2026-09-02T19:01:02.191+00:00][B] [INFO] Packet ID: 25
[2026-09-02T19:01:02.191+00:00][B] [INFO] Packet Size: 26
[2026-09-02T19:01:02.196+00:00][B] [INFO] Timestamp: 25 ms
[2026-09-02T19:01:02.196+00:00][B] [INFO] Transmission Result: success
[2026-09-02T19:01:02.202+00:00][B] [INFO] --------------------------------
[2026-09-02T19:01:02.202+00:00][B] [INFO] [Heartbeat #25]
[2026-09-02T19:01:02.207+00:00][B] [INFO] Sent
[2026-09-02T19:01:02.207+00:00][B] [INFO] Waiting ACK...
[2026-09-02T19:01:02.208+00:00][B] [INFO] [WAITING ACK]
[2026-09-02T19:01:02.221+00:00][B] [INFO] [RF TX] type=2 source=0x02 destination=0xFF previousHop=0x02 sequence=94 ackSequence=0 ttl=8 hops=0 payloadSize=13 rssi=0 snr=0.00
[2026-09-02T19:01:02.221+00:00][B] [INFO] Heartbeat packet sent
[2026-09-02T19:01:02.226+00:00][A] [INFO] [RF TX] type=1 source=0x01 destination=0x02 previousHop=0x01 sequence=83 ackSequence=0 ttl=8 hops=0 payloadSize=4 rssi=0 snr=0.00
[2026-09-02T19:01:03.142+00:00][A] [WARN] Retry 1
[2026-09-02T19:01:03.196+00:00][B] [WARN] Retry 1
[2026-09-02T19:01:03.208+00:00][A] [INFO] --------------------------------
[2026-09-02T19:01:03.209+00:00][A] [INFO] [HEARTBEAT TX]
[2026-09-02T19:01:03.214+00:00][A] [INFO] Node ID: 1
[2026-09-02T19:01:03.214+00:00][A] [INFO] type: 2
[2026-09-02T19:01:03.214+00:00][A] [INFO] Destination: 0xFF
[2026-09-02T19:01:03.220+00:00][A] [INFO] Sequence: 84
[2026-09-02T19:01:03.220+00:00][A] [INFO] Packet ID: 25
[2026-09-02T19:01:03.220+00:00][A] [INFO] Packet Size: 26
[2026-09-02T19:01:03.225+00:00][A] [INFO] Timestamp: 25 ms
[2026-09-02T19:01:03.225+00:00][A] [INFO] Transmission Result: success
[2026-09-02T19:01:03.231+00:00][A] [INFO] --------------------------------
[2026-09-02T19:01:03.231+00:00][A] [INFO] [Heartbeat #25]
[2026-09-02T19:01:03.236+00:00][A] [INFO] Sent
[2026-09-02T19:01:03.236+00:00][A] [INFO] Waiting ACK...
[2026-09-02T19:01:03.237+00:00][A] [INFO] [WAITING ACK]
[2026-09-02T19:01:03.253+00:00][A] [INFO] [RF TX] type=2 source=0x01 destination=0xFF previousHop=0x01 sequence=84 ackSequence=0 ttl=8 hops=0 payloadSize=13 rssi=0 snr=0.00
[2026-09-02T19:01:03.253+00:00][A] [INFO] Heartbeat packet sent
[2026-09-02T19:01:03.253+00:00][A] [WARN] TX_RETRY seq=83
[2026-09-02T19:01:03.263+00:00][B] [INFO] --------------------------------
[2026-09-02T19:01:03.264+00:00][B] [INFO] [HEARTBEAT TX]
[2026-09-02T19:01:03.269+00:00][B] [INFO] Node ID: 2
[2026-09-02T19:01:03.269+00:00][B] [INFO] type: 2
[2026-09-02T19:01:03.269+00:00][B] [INFO] Destination: 0xFF
[2026-09-02T19:01:03.274+00:00][B] [INFO] Sequence: 94
[2026-09-02T19:01:03.275+00:00][B] [INFO] Packet ID: 25
[2026-09-02T19:01:03.275+00:00][B] [INFO] Packet Size: 26
[2026-09-02T19:01:03.280+00:00][B] [INFO] Timestamp: 25 ms
[2026-09-02T19:01:03.280+00:00][B] [INFO] Transmission Result: success
[2026-09-02T19:01:03.286+00:00][B] [INFO] --------------------------------
[2026-09-02T19:01:03.286+00:00][B] [INFO] [Heartbeat #25]
[2026-09-02T19:01:03.291+00:00][B] [INFO] Sent
[2026-09-02T19:01:03.292+00:00][B] [INFO] Waiting ACK...
[2026-09-02T19:01:03.293+00:00][B] [INFO] [WAITING ACK]
[2026-09-02T19:01:03.305+00:00][B] [INFO] [RF TX] type=2 source=0x02 destination=0xFF previousHop=0x02 sequence=94 ackSequence=0 ttl=8 hops=0 payloadSize=13 rssi=0 snr=0.00
[2026-09-02T19:01:03.305+00:00][B] [INFO] Heartbeat packet sent
[2026-09-02T19:01:03.310+00:00][A] [INFO] [RF TX] type=1 source=0x01 destination=0x02 previousHop=0x01 sequence=83 ackSequence=0 ttl=8 hops=0 payloadSize=4 rssi=0 snr=0.00
[2026-09-02T19:01:04.125+00:00][A] [INFO] --------------------------------
[2026-09-02T19:01:04.125+00:00][A] [INFO] [HEARTBEAT TX]
[2026-09-02T19:01:04.130+00:00][A] [INFO] Node ID: 1
[2026-09-02T19:01:04.130+00:00][A] [INFO] type: 2
[2026-09-02T19:01:04.131+00:00][A] [INFO] Destination: 0xFF
[2026-09-02T19:01:04.136+00:00][A] [INFO] Sequence: 85
[2026-09-02T19:01:04.136+00:00][A] [INFO] Packet ID: 26
[2026-09-02T19:01:04.137+00:00][A] [INFO] Packet Size: 26
[2026-09-02T19:01:04.141+00:00][A] [INFO] Timestamp: 26 ms
[2026-09-02T19:01:04.142+00:00][A] [INFO] Transmission Result: success
[2026-09-02T19:01:04.147+00:00][A] [INFO] --------------------------------
[2026-09-02T19:01:04.147+00:00][A] [INFO] [Heartbeat #26]
[2026-09-02T19:01:04.152+00:00][A] [INFO] Sent
[2026-09-02T19:01:04.153+00:00][A] [INFO] Waiting ACK...
[2026-09-02T19:01:04.153+00:00][A] [INFO] [WAITING ACK]
[2026-09-02T19:01:04.166+00:00][A] [INFO] [RF TX] type=2 source=0x01 destination=0xFF previousHop=0x01 sequence=85 ackSequence=0 ttl=8 hops=0 payloadSize=13 rssi=0 snr=0.00
[2026-09-02T19:01:04.167+00:00][A] [INFO] Heartbeat packet sent
[2026-09-02T19:01:04.179+00:00][B] [INFO] --------------------------------
[2026-09-02T19:01:04.180+00:00][B] [INFO] [HEARTBEAT TX]
[2026-09-02T19:01:04.185+00:00][B] [INFO] Node ID: 2
[2026-09-02T19:01:04.185+00:00][B] [INFO] type: 2
[2026-09-02T19:01:04.186+00:00][B] [INFO] Destination: 0xFF
[2026-09-02T19:01:04.190+00:00][B] [INFO] Sequence: 95
[2026-09-02T19:01:04.191+00:00][B] [INFO] Packet ID: 26
[2026-09-02T19:01:04.191+00:00][B] [INFO] Packet Size: 26
[2026-09-02T19:01:04.196+00:00][B] [INFO] Timestamp: 26 ms
[2026-09-02T19:01:04.196+00:00][B] [INFO] Transmission Result: success
[2026-09-02T19:01:04.202+00:00][B] [INFO] --------------------------------
[2026-09-02T19:01:04.202+00:00][B] [INFO] [Heartbeat #26]
[2026-09-02T19:01:04.207+00:00][B] [INFO] Sent
[2026-09-02T19:01:04.207+00:00][B] [INFO] Waiting ACK...
[2026-09-02T19:01:04.208+00:00][B] [INFO] [WAITING ACK]
[2026-09-02T19:01:04.221+00:00][B] [INFO] [RF TX] type=2 source=0x02 destination=0xFF previousHop=0x02 sequence=95 ackSequence=0 ttl=8 hops=0 payloadSize=13 rssi=0 snr=0.00
[2026-09-02T19:01:04.221+00:00][B] [INFO] Heartbeat packet sent
[2026-09-02T19:01:04.310+00:00][A] [WARN] TX_RETRY seq=83
[2026-09-02T19:01:04.372+00:00][A] [INFO] [RF TX] type=1 source=0x01 destination=0x02 previousHop=0x01 sequence=83 ackSequence=0 ttl=8 hops=0 payloadSize=4 rssi=0 snr=0.00
[2026-09-02T19:01:04.420+00:00][B] [INFO] [RF TX] type=3 source=0x02 destination=0x01 previousHop=0x02 sequence=96 ackSequence=83 ttl=8 hops=0 payloadSize=2 rssi=0 snr=0.00
[2026-09-02T19:01:05.142+00:00][A] [WARN] Retry 1
[2026-09-02T19:01:05.196+00:00][B] [WARN] Retry 1
[2026-09-02T19:01:05.209+00:00][A] [INFO] --------------------------------
[2026-09-02T19:01:05.209+00:00][A] [INFO] [HEARTBEAT TX]
[2026-09-02T19:01:05.214+00:00][A] [INFO] Node ID: 1
[2026-09-02T19:01:05.215+00:00][A] [INFO] type: 2
[2026-09-02T19:01:05.215+00:00][A] [INFO] Destination: 0xFF
[2026-09-02T19:01:05.220+00:00][A] [INFO] Sequence: 85
[2026-09-02T19:01:05.220+00:00][A] [INFO] Packet ID: 26
[2026-09-02T19:01:05.221+00:00][A] [INFO] Packet Size: 26
[2026-09-02T19:01:05.225+00:00][A] [INFO] Timestamp: 26 ms
[2026-09-02T19:01:05.226+00:00][A] [INFO] Transmission Result: success
[2026-09-02T19:01:05.231+00:00][A] [INFO] --------------------------------
[2026-09-02T19:01:05.231+00:00][A] [INFO] [Heartbeat #26]
[2026-09-02T19:01:05.236+00:00][A] [INFO] Sent
[2026-09-02T19:01:05.237+00:00][A] [INFO] Waiting ACK...
[2026-09-02T19:01:05.237+00:00][A] [INFO] [WAITING ACK]
[2026-09-02T19:01:05.250+00:00][A] [INFO] [RF TX] type=2 source=0x01 destination=0xFF previousHop=0x01 sequence=85 ackSequence=0 ttl=8 hops=0 payloadSize=13 rssi=0 snr=0.00
[2026-09-02T19:01:05.251+00:00][A] [INFO] Heartbeat packet sent
[2026-09-02T19:01:05.263+00:00][B] [INFO] --------------------------------
[2026-09-02T19:01:05.264+00:00][B] [INFO] [HEARTBEAT TX]
[2026-09-02T19:01:05.269+00:00][B] [INFO] Node ID: 2
[2026-09-02T19:01:05.269+00:00][B] [INFO] type: 2
[2026-09-02T19:01:05.270+00:00][B] [INFO] Destination: 0xFF
[2026-09-02T19:01:05.274+00:00][B] [INFO] Sequence: 95
[2026-09-02T19:01:05.275+00:00][B] [INFO] Packet ID: 26
[2026-09-02T19:01:05.275+00:00][B] [INFO] Packet Size: 26
[2026-09-02T19:01:05.280+00:00][B] [INFO] Timestamp: 26 ms
[2026-09-02T19:01:05.280+00:00][B] [INFO] Transmission Result: success
[2026-09-02T19:01:05.286+00:00][B] [INFO] --------------------------------
[2026-09-02T19:01:05.286+00:00][B] [INFO] [Heartbeat #26]
[2026-09-02T19:01:05.291+00:00][B] [INFO] Sent
[2026-09-02T19:01:05.291+00:00][B] [INFO] Waiting ACK...
[2026-09-02T19:01:05.292+00:00][B] [INFO] [WAITING ACK]
[2026-09-02T19:01:05.305+00:00][B] [INFO] [RF TX] type=2 source=0x02 destination=0xFF previousHop=0x02 sequence=95 ackSequence=0 ttl=8 hops=0 payloadSize=13 rssi=0 snr=0.00
[2026-09-02T19:01:05.305+00:00][B] [INFO] Heartbeat packet sent
[2026-09-02T19:01:05.375+00:00][A] [ERROR] TX_FAILED
[2026-09-02T19:01:05.375+00:00][A] [WARN] ACK_FAILED seq=83
[2026-09-02T19:01:05.378+00:00][A] [INFO] TEST_DATA_QUEUED dst=0x02 seq=86 remaining=39
[2026-09-02T19:01:05.434+00:00][A] [INFO] [RF TX] type=1 source=0x01 destination=0x02 previousHop=0x01 sequence=86 ackSequence=0 ttl=8 hops=0 payloadSize=4 rssi=0 snr=0.00
[2026-09-02T19:01:05.436+00:00][B] [INFO] [RF RX] type=1 source=0x01 destination=0x02 previousHop=0x01 sequence=86 ackSequence=0 ttl=8 hops=0 payloadSize=4 rssi=-62 snr=10.00
[2026-09-02T19:01:05.493+00:00][B] [INFO] [RF TX] type=3 source=0x02 destination=0x01 previousHop=0x02 sequence=97 ackSequence=86 ttl=8 hops=0 payloadSize=2 rssi=0 snr=0.00
[2026-09-02T19:01:05.499+00:00][A] [INFO] [RF RX] type=3 source=0x02 destination=0x01 previousHop=0x02 sequence=97 ackSequence=86 ttl=8 hops=0 payloadSize=2 rssi=-60 snr=9.25
[2026-09-02T19:01:05.500+00:00][A] [INFO] ACK_RX seq=86 source=0x02
[2026-09-02T19:01:05.503+00:00][A] [INFO] TEST_DATA_QUEUED dst=0x02 seq=87 remaining=38
[2026-09-02T19:01:05.558+00:00][A] [INFO] [RF TX] type=1 source=0x01 destination=0x02 previousHop=0x01 sequence=87 ackSequence=0 ttl=8 hops=0 payloadSize=4 rssi=0 snr=0.00
[2026-09-02T19:01:05.560+00:00][B] [INFO] [RF RX] type=1 source=0x01 destination=0x02 previousHop=0x01 sequence=87 ackSequence=0 ttl=8 hops=0 payloadSize=4 rssi=-62 snr=10.25
[2026-09-02T19:01:05.617+00:00][B] [INFO] [RF TX] type=3 source=0x02 destination=0x01 previousHop=0x02 sequence=98 ackSequence=87 ttl=8 hops=0 payloadSize=2 rssi=0 snr=0.00
[2026-09-02T19:01:05.623+00:00][A] [INFO] [RF RX] type=3 source=0x02 destination=0x01 previousHop=0x02 sequence=98 ackSequence=87 ttl=8 hops=0 payloadSize=2 rssi=-62 snr=9.50
[2026-09-02T19:01:05.624+00:00][A] [INFO] ACK_RX seq=87 source=0x02
[2026-09-02T19:01:05.627+00:00][A] [INFO] TEST_DATA_QUEUED dst=0x02 seq=88 remaining=37
[2026-09-02T19:01:05.682+00:00][A] [INFO] [RF TX] type=1 source=0x01 destination=0x02 previousHop=0x01 sequence=88 ackSequence=0 ttl=8 hops=0 payloadSize=4 rssi=0 snr=0.00
[2026-09-02T19:01:05.683+00:00][B] [INFO] [RF RX] type=1 source=0x01 destination=0x02 previousHop=0x01 sequence=88 ackSequence=0 ttl=8 hops=0 payloadSize=4 rssi=-62 snr=9.75
[2026-09-02T19:01:05.741+00:00][B] [INFO] [RF TX] type=3 source=0x02 destination=0x01 previousHop=0x02 sequence=99 ackSequence=88 ttl=8 hops=0 payloadSize=2 rssi=0 snr=0.00
[2026-09-02T19:01:05.747+00:00][A] [INFO] [RF RX] type=3 source=0x02 destination=0x01 previousHop=0x02 sequence=99 ackSequence=88 ttl=8 hops=0 payloadSize=2 rssi=-61 snr=9.50
[2026-09-02T19:01:05.748+00:00][A] [INFO] ACK_RX seq=88 source=0x02
[2026-09-02T19:01:05.751+00:00][A] [INFO] TEST_DATA_QUEUED dst=0x02 seq=89 remaining=36
[2026-09-02T19:01:05.806+00:00][A] [INFO] [RF TX] type=1 source=0x01 destination=0x02 previousHop=0x01 sequence=89 ackSequence=0 ttl=8 hops=0 payloadSize=4 rssi=0 snr=0.00
[2026-09-02T19:01:05.808+00:00][B] [INFO] [RF RX] type=1 source=0x01 destination=0x02 previousHop=0x01 sequence=89 ackSequence=0 ttl=8 hops=0 payloadSize=4 rssi=-62 snr=10.00
[2026-09-02T19:01:05.865+00:00][B] [INFO] [RF TX] type=3 source=0x02 destination=0x01 previousHop=0x02 sequence=100 ackSequence=89 ttl=8 hops=0 payloadSize=2 rssi=0 snr=0.00
[2026-09-02T19:01:05.871+00:00][A] [INFO] [RF RX] type=3 source=0x02 destination=0x01 previousHop=0x02 sequence=100 ackSequence=89 ttl=8 hops=0 payloadSize=2 rssi=-61 snr=9.75
[2026-09-02T19:01:05.871+00:00][A] [INFO] ACK_RX seq=89 source=0x02
[2026-09-02T19:01:05.875+00:00][A] [INFO] TEST_DATA_QUEUED dst=0x02 seq=90 remaining=35
[2026-09-02T19:01:05.929+00:00][A] [INFO] [RF TX] type=1 source=0x01 destination=0x02 previousHop=0x01 sequence=90 ackSequence=0 ttl=8 hops=0 payloadSize=4 rssi=0 snr=0.00
[2026-09-02T19:01:06.125+00:00][A] [INFO] --------------------------------
[2026-09-02T19:01:06.125+00:00][A] [INFO] [HEARTBEAT TX]
[2026-09-02T19:01:06.130+00:00][A] [INFO] Node ID: 1
[2026-09-02T19:01:06.130+00:00][A] [INFO] type: 2
[2026-09-02T19:01:06.131+00:00][A] [INFO] Destination: 0xFF
[2026-09-02T19:01:06.136+00:00][A] [INFO] Sequence: 91
[2026-09-02T19:01:06.136+00:00][A] [INFO] Packet ID: 27
[2026-09-02T19:01:06.137+00:00][A] [INFO] Packet Size: 26
[2026-09-02T19:01:06.141+00:00][A] [INFO] Timestamp: 27 ms
[2026-09-02T19:01:06.142+00:00][A] [INFO] Transmission Result: success
[2026-09-02T19:01:06.147+00:00][A] [INFO] --------------------------------
[2026-09-02T19:01:06.147+00:00][A] [INFO] [Heartbeat #27]
[2026-09-02T19:01:06.152+00:00][A] [INFO] Sent
[2026-09-02T19:01:06.153+00:00][A] [INFO] Waiting ACK...
[2026-09-02T19:01:06.153+00:00][A] [INFO] [WAITING ACK]
[2026-09-02T19:01:06.166+00:00][A] [INFO] [RF TX] type=2 source=0x01 destination=0xFF previousHop=0x01 sequence=91 ackSequence=0 ttl=8 hops=0 payloadSize=13 rssi=0 snr=0.00
[2026-09-02T19:01:06.167+00:00][A] [INFO] Heartbeat packet sent
[2026-09-02T19:01:06.179+00:00][B] [INFO] --------------------------------
[2026-09-02T19:01:06.180+00:00][B] [INFO] [HEARTBEAT TX]
[2026-09-02T19:01:06.185+00:00][B] [INFO] Node ID: 2
[2026-09-02T19:01:06.185+00:00][B] [INFO] type: 2
[2026-09-02T19:01:06.186+00:00][B] [INFO] Destination: 0xFF
[2026-09-02T19:01:06.190+00:00][B] [INFO] Sequence: 101
[2026-09-02T19:01:06.191+00:00][B] [INFO] Packet ID: 27
[2026-09-02T19:01:06.196+00:00][B] [INFO] Packet Size: 26
[2026-09-02T19:01:06.196+00:00][B] [INFO] Timestamp: 27 ms
[2026-09-02T19:01:06.196+00:00][B] [INFO] Transmission Result: success
[2026-09-02T19:01:06.202+00:00][B] [INFO] --------------------------------
[2026-09-02T19:01:06.203+00:00][B] [INFO] [Heartbeat #27]
[2026-09-02T19:01:06.207+00:00][B] [INFO] Sent
[2026-09-02T19:01:06.207+00:00][B] [INFO] Waiting ACK...
[2026-09-02T19:01:06.208+00:00][B] [INFO] [WAITING ACK]
[2026-09-02T19:01:06.221+00:00][B] [INFO] [RF TX] type=2 source=0x02 destination=0xFF previousHop=0x02 sequence=101 ackSequence=0 ttl=8 hops=0 payloadSize=13 rssi=0 snr=0.00
[2026-09-02T19:01:06.222+00:00][B] [INFO] Heartbeat packet sent
[2026-09-02T19:01:06.929+00:00][A] [WARN] TX_RETRY seq=90
[2026-09-02T19:01:06.992+00:00][A] [INFO] [RF TX] type=1 source=0x01 destination=0x02 previousHop=0x01 sequence=90 ackSequence=0 ttl=8 hops=0 payloadSize=4 rssi=0 snr=0.00
[2026-09-02T19:01:06.993+00:00][B] [INFO] [RF RX] type=1 source=0x01 destination=0x02 previousHop=0x01 sequence=90 ackSequence=0 ttl=8 hops=0 payloadSize=4 rssi=-61 snr=10.00
[2026-09-02T19:01:07.051+00:00][B] [INFO] [RF TX] type=3 source=0x02 destination=0x01 previousHop=0x02 sequence=102 ackSequence=90 ttl=8 hops=0 payloadSize=2 rssi=0 snr=0.00
[2026-09-02T19:01:07.057+00:00][A] [INFO] [RF RX] type=3 source=0x02 destination=0x01 previousHop=0x02 sequence=102 ackSequence=90 ttl=8 hops=0 payloadSize=2 rssi=-61 snr=9.25
[2026-09-02T19:01:07.057+00:00][A] [INFO] ACK_RX seq=90 source=0x02
[2026-09-02T19:01:07.061+00:00][A] [INFO] TEST_DATA_QUEUED dst=0x02 seq=92 remaining=34
[2026-09-02T19:01:07.116+00:00][A] [INFO] [RF TX] type=1 source=0x01 destination=0x02 previousHop=0x01 sequence=92 ackSequence=0 ttl=8 hops=0 payloadSize=4 rssi=0 snr=0.00
[2026-09-02T19:01:07.117+00:00][B] [INFO] [RF RX] type=1 source=0x01 destination=0x02 previousHop=0x01 sequence=92 ackSequence=0 ttl=8 hops=0 payloadSize=4 rssi=-62 snr=9.75
[2026-09-02T19:01:07.142+00:00][A] [WARN] Retry 1
[2026-09-02T19:01:07.175+00:00][B] [INFO] [RF TX] type=3 source=0x02 destination=0x01 previousHop=0x02 sequence=103 ackSequence=92 ttl=8 hops=0 payloadSize=2 rssi=0 snr=0.00
[2026-09-02T19:01:07.196+00:00][B] [WARN] Retry 1
[2026-09-02T19:01:07.209+00:00][A] [INFO] --------------------------------
[2026-09-02T19:01:07.209+00:00][A] [INFO] [HEARTBEAT TX]
[2026-09-02T19:01:07.214+00:00][A] [INFO] Node ID: 1
[2026-09-02T19:01:07.215+00:00][A] [INFO] type: 2
[2026-09-02T19:01:07.215+00:00][A] [INFO] Destination: 0xFF
[2026-09-02T19:01:07.220+00:00][A] [INFO] Sequence: 91
[2026-09-02T19:01:07.220+00:00][A] [INFO] Packet ID: 27
[2026-09-02T19:01:07.221+00:00][A] [INFO] Packet Size: 26
[2026-09-02T19:01:07.226+00:00][A] [INFO] Timestamp: 27 ms
[2026-09-02T19:01:07.226+00:00][A] [INFO] Transmission Result: success
[2026-09-02T19:01:07.231+00:00][A] [INFO] --------------------------------
[2026-09-02T19:01:07.231+00:00][A] [INFO] [Heartbeat #27]
[2026-09-02T19:01:07.236+00:00][A] [INFO] Sent
[2026-09-02T19:01:07.237+00:00][A] [INFO] Waiting ACK...
[2026-09-02T19:01:07.237+00:00][A] [INFO] [WAITING ACK]
[2026-09-02T19:01:07.250+00:00][A] [INFO] [RF TX] type=2 source=0x01 destination=0xFF previousHop=0x01 sequence=91 ackSequence=0 ttl=8 hops=0 payloadSize=13 rssi=0 snr=0.00
[2026-09-02T19:01:07.251+00:00][A] [INFO] Heartbeat packet sent
[2026-09-02T19:01:07.263+00:00][B] [INFO] --------------------------------
[2026-09-02T19:01:07.264+00:00][B] [INFO] [HEARTBEAT TX]
[2026-09-02T19:01:07.269+00:00][B] [INFO] Node ID: 2
[2026-09-02T19:01:07.269+00:00][B] [INFO] type: 2
[2026-09-02T19:01:07.270+00:00][B] [INFO] Destination: 0xFF
[2026-09-02T19:01:07.274+00:00][B] [INFO] Sequence: 101
[2026-09-02T19:01:07.275+00:00][B] [INFO] Packet ID: 27
[2026-09-02T19:01:07.280+00:00][B] [INFO] Packet Size: 26
[2026-09-02T19:01:07.280+00:00][B] [INFO] Timestamp: 27 ms
[2026-09-02T19:01:07.280+00:00][B] [INFO] Transmission Result: success
[2026-09-02T19:01:07.286+00:00][B] [INFO] --------------------------------
[2026-09-02T19:01:07.286+00:00][B] [INFO] [Heartbeat #27]
[2026-09-02T19:01:07.291+00:00][B] [INFO] Sent
[2026-09-02T19:01:07.291+00:00][B] [INFO] Waiting ACK...
[2026-09-02T19:01:07.292+00:00][B] [INFO] [WAITING ACK]
[2026-09-02T19:01:07.305+00:00][B] [INFO] [RF TX] type=2 source=0x02 destination=0xFF previousHop=0x02 sequence=101 ackSequence=0 ttl=8 hops=0 payloadSize=13 rssi=0 snr=0.00
[2026-09-02T19:01:07.305+00:00][B] [INFO] Heartbeat packet sent
[2026-09-02T19:01:08.125+00:00][A] [INFO] --------------------------------
[2026-09-02T19:01:08.125+00:00][A] [INFO] [HEARTBEAT TX]
[2026-09-02T19:01:08.130+00:00][A] [INFO] Node ID: 1
[2026-09-02T19:01:08.130+00:00][A] [INFO] type: 2
[2026-09-02T19:01:08.131+00:00][A] [INFO] Destination: 0xFF
[2026-09-02T19:01:08.136+00:00][A] [INFO] Sequence: 93
[2026-09-02T19:01:08.136+00:00][A] [INFO] Packet ID: 28
[2026-09-02T19:01:08.137+00:00][A] [INFO] Packet Size: 26
[2026-09-02T19:01:08.141+00:00][A] [INFO] Timestamp: 28 ms
[2026-09-02T19:01:08.142+00:00][A] [INFO] Transmission Result: success
[2026-09-02T19:01:08.147+00:00][A] [INFO] --------------------------------
[2026-09-02T19:01:08.147+00:00][A] [INFO] [Heartbeat #28]
[2026-09-02T19:01:08.152+00:00][A] [INFO] Sent
[2026-09-02T19:01:08.153+00:00][A] [INFO] Waiting ACK...
[2026-09-02T19:01:08.153+00:00][A] [INFO] [WAITING ACK]
[2026-09-02T19:01:08.168+00:00][A] [INFO] [RF TX] type=2 source=0x01 destination=0xFF previousHop=0x01 sequence=93 ackSequence=0 ttl=8 hops=0 payloadSize=13 rssi=0 snr=0.00
[2026-09-02T19:01:08.169+00:00][A] [INFO] Heartbeat packet sent
[2026-09-02T19:01:08.169+00:00][A] [WARN] TX_RETRY seq=92
[2026-09-02T19:01:08.179+00:00][B] [INFO] --------------------------------
[2026-09-02T19:01:08.179+00:00][B] [INFO] [HEARTBEAT TX]
[2026-09-02T19:01:08.185+00:00][B] [INFO] Node ID: 2
[2026-09-02T19:01:08.185+00:00][B] [INFO] type: 2
[2026-09-02T19:01:08.186+00:00][B] [INFO] Destination: 0xFF
[2026-09-02T19:01:08.190+00:00][B] [INFO] Sequence: 104
[2026-09-02T19:01:08.191+00:00][B] [INFO] Packet ID: 28
[2026-09-02T19:01:08.195+00:00][B] [INFO] Packet Size: 26
[2026-09-02T19:01:08.196+00:00][B] [INFO] Timestamp: 28 ms
[2026-09-02T19:01:08.196+00:00][B] [INFO] Transmission Result: success
[2026-09-02T19:01:08.202+00:00][B] [INFO] --------------------------------
[2026-09-02T19:01:08.202+00:00][B] [INFO] [Heartbeat #28]
[2026-09-02T19:01:08.207+00:00][B] [INFO] Sent
[2026-09-02T19:01:08.207+00:00][B] [INFO] Waiting ACK...
[2026-09-02T19:01:08.208+00:00][B] [INFO] [WAITING ACK]
[2026-09-02T19:01:08.221+00:00][B] [INFO] [RF TX] type=2 source=0x02 destination=0xFF previousHop=0x02 sequence=104 ackSequence=0 ttl=8 hops=0 payloadSize=13 rssi=0 snr=0.00
[2026-09-02T19:01:08.221+00:00][B] [INFO] Heartbeat packet sent
[2026-09-02T19:01:08.226+00:00][A] [INFO] [RF TX] type=1 source=0x01 destination=0x02 previousHop=0x01 sequence=92 ackSequence=0 ttl=8 hops=0 payloadSize=4 rssi=0 snr=0.00
[2026-09-02T19:01:09.142+00:00][A] [WARN] Retry 1
[2026-09-02T19:01:09.196+00:00][B] [WARN] Retry 1
[2026-09-02T19:01:09.209+00:00][A] [INFO] --------------------------------
[2026-09-02T19:01:09.209+00:00][A] [INFO] [HEARTBEAT TX]
[2026-09-02T19:01:09.214+00:00][A] [INFO] Node ID: 1
[2026-09-02T19:01:09.214+00:00][A] [INFO] type: 2
[2026-09-02T19:01:09.215+00:00][A] [INFO] Destination: 0xFF
[2026-09-02T19:01:09.220+00:00][A] [INFO] Sequence: 93
[2026-09-02T19:01:09.220+00:00][A] [INFO] Packet ID: 28
[2026-09-02T19:01:09.220+00:00][A] [INFO] Packet Size: 26
[2026-09-02T19:01:09.225+00:00][A] [INFO] Timestamp: 28 ms
[2026-09-02T19:01:09.226+00:00][A] [INFO] Transmission Result: success
[2026-09-02T19:01:09.231+00:00][A] [INFO] --------------------------------
[2026-09-02T19:01:09.231+00:00][A] [INFO] [Heartbeat #28]
[2026-09-02T19:01:09.236+00:00][A] [INFO] Sent
[2026-09-02T19:01:09.237+00:00][A] [INFO] Waiting ACK...
[2026-09-02T19:01:09.237+00:00][A] [INFO] [WAITING ACK]
[2026-09-02T19:01:09.252+00:00][A] [INFO] [RF TX] type=2 source=0x01 destination=0xFF previousHop=0x01 sequence=93 ackSequence=0 ttl=8 hops=0 payloadSize=13 rssi=0 snr=0.00
[2026-09-02T19:01:09.253+00:00][A] [INFO] Heartbeat packet sent
[2026-09-02T19:01:09.253+00:00][A] [WARN] TX_RETRY seq=92
[2026-09-02T19:01:09.263+00:00][B] [INFO] --------------------------------
[2026-09-02T19:01:09.263+00:00][B] [INFO] [HEARTBEAT TX]
[2026-09-02T19:01:09.269+00:00][B] [INFO] Node ID: 2
[2026-09-02T19:01:09.269+00:00][B] [INFO] type: 2
[2026-09-02T19:01:09.269+00:00][B] [INFO] Destination: 0xFF
[2026-09-02T19:01:09.274+00:00][B] [INFO] Sequence: 104
[2026-09-02T19:01:09.275+00:00][B] [INFO] Packet ID: 28
[2026-09-02T19:01:09.279+00:00][B] [INFO] Packet Size: 26
[2026-09-02T19:01:09.280+00:00][B] [INFO] Timestamp: 28 ms
[2026-09-02T19:01:09.280+00:00][B] [INFO] Transmission Result: success
[2026-09-02T19:01:09.286+00:00][B] [INFO] --------------------------------
[2026-09-02T19:01:09.286+00:00][B] [INFO] [Heartbeat #28]
[2026-09-02T19:01:09.291+00:00][B] [INFO] Sent
[2026-09-02T19:01:09.291+00:00][B] [INFO] Waiting ACK...
[2026-09-02T19:01:09.291+00:00][B] [INFO] [WAITING ACK]
[2026-09-02T19:01:09.305+00:00][B] [INFO] [RF TX] type=2 source=0x02 destination=0xFF previousHop=0x02 sequence=104 ackSequence=0 ttl=8 hops=0 payloadSize=13 rssi=0 snr=0.00
[2026-09-02T19:01:09.305+00:00][B] [INFO] Heartbeat packet sent
[2026-09-02T19:01:09.310+00:00][A] [INFO] [RF TX] type=1 source=0x01 destination=0x02 previousHop=0x01 sequence=92 ackSequence=0 ttl=8 hops=0 payloadSize=4 rssi=0 snr=0.00
[2026-09-02T19:01:10.125+00:00][A] [INFO] --------------------------------
[2026-09-02T19:01:10.126+00:00][A] [INFO] [HEARTBEAT TX]
[2026-09-02T19:01:10.130+00:00][A] [INFO] Node ID: 1
[2026-09-02T19:01:10.130+00:00][A] [INFO] type: 2
[2026-09-02T19:01:10.131+00:00][A] [INFO] Destination: 0xFF
[2026-09-02T19:01:10.136+00:00][A] [INFO] Sequence: 94
[2026-09-02T19:01:10.136+00:00][A] [INFO] Packet ID: 29
[2026-09-02T19:01:10.137+00:00][A] [INFO] Packet Size: 26
[2026-09-02T19:01:10.141+00:00][A] [INFO] Timestamp: 29 ms
[2026-09-02T19:01:10.142+00:00][A] [INFO] Transmission Result: success
[2026-09-02T19:01:10.147+00:00][A] [INFO] --------------------------------
[2026-09-02T19:01:10.147+00:00][A] [INFO] [Heartbeat #29]
[2026-09-02T19:01:10.152+00:00][A] [INFO] Sent
[2026-09-02T19:01:10.153+00:00][A] [INFO] Waiting ACK...
[2026-09-02T19:01:10.153+00:00][A] [INFO] [WAITING ACK]
[2026-09-02T19:01:10.166+00:00][A] [INFO] [RF TX] type=2 source=0x01 destination=0xFF previousHop=0x01 sequence=94 ackSequence=0 ttl=8 hops=0 payloadSize=13 rssi=0 snr=0.00
[2026-09-02T19:01:10.166+00:00][A] [INFO] Heartbeat packet sent
[2026-09-02T19:01:10.179+00:00][B] [INFO] --------------------------------
[2026-09-02T19:01:10.180+00:00][B] [INFO] [HEARTBEAT TX]
[2026-09-02T19:01:10.185+00:00][B] [INFO] Node ID: 2
[2026-09-02T19:01:10.185+00:00][B] [INFO] type: 2
[2026-09-02T19:01:10.186+00:00][B] [INFO] Destination: 0xFF
[2026-09-02T19:01:10.190+00:00][B] [INFO] Sequence: 105
[2026-09-02T19:01:10.191+00:00][B] [INFO] Packet ID: 29
[2026-09-02T19:01:10.196+00:00][B] [INFO] Packet Size: 26
[2026-09-02T19:01:10.196+00:00][B] [INFO] Timestamp: 29 ms
[2026-09-02T19:01:10.196+00:00][B] [INFO] Transmission Result: success
[2026-09-02T19:01:10.202+00:00][B] [INFO] --------------------------------
[2026-09-02T19:01:10.202+00:00][B] [INFO] [Heartbeat #29]
[2026-09-02T19:01:10.207+00:00][B] [INFO] Sent
[2026-09-02T19:01:10.207+00:00][B] [INFO] Waiting ACK...
[2026-09-02T19:01:10.208+00:00][B] [INFO] [WAITING ACK]
[2026-09-02T19:01:10.221+00:00][B] [INFO] [RF TX] type=2 source=0x02 destination=0xFF previousHop=0x02 sequence=105 ackSequence=0 ttl=8 hops=0 payloadSize=13 rssi=0 snr=0.00
[2026-09-02T19:01:10.222+00:00][B] [INFO] Heartbeat packet sent
[2026-09-02T19:01:10.310+00:00][A] [WARN] TX_RETRY seq=92
[2026-09-02T19:01:10.371+00:00][A] [INFO] [RF TX] type=1 source=0x01 destination=0x02 previousHop=0x01 sequence=92 ackSequence=0 ttl=8 hops=0 payloadSize=4 rssi=0 snr=0.00
[2026-09-02T19:01:10.420+00:00][B] [INFO] [RF TX] type=3 source=0x02 destination=0x01 previousHop=0x02 sequence=106 ackSequence=92 ttl=8 hops=0 payloadSize=2 rssi=0 snr=0.00
[2026-09-02T19:01:11.142+00:00][A] [WARN] Retry 1
[2026-09-02T19:01:11.196+00:00][B] [WARN] Retry 1
[2026-09-02T19:01:11.209+00:00][A] [INFO] --------------------------------
[2026-09-02T19:01:11.209+00:00][A] [INFO] [HEARTBEAT TX]
[2026-09-02T19:01:11.214+00:00][A] [INFO] Node ID: 1
[2026-09-02T19:01:11.214+00:00][A] [INFO] type: 2
[2026-09-02T19:01:11.215+00:00][A] [INFO] Destination: 0xFF
[2026-09-02T19:01:11.220+00:00][A] [INFO] Sequence: 94
[2026-09-02T19:01:11.220+00:00][A] [INFO] Packet ID: 29
[2026-09-02T19:01:11.220+00:00][A] [INFO] Packet Size: 26
[2026-09-02T19:01:11.225+00:00][A] [INFO] Timestamp: 29 ms
[2026-09-02T19:01:11.226+00:00][A] [INFO] Transmission Result: success
[2026-09-02T19:01:11.231+00:00][A] [INFO] --------------------------------
[2026-09-02T19:01:11.231+00:00][A] [INFO] [Heartbeat #29]
[2026-09-02T19:01:11.236+00:00][A] [INFO] Sent
[2026-09-02T19:01:11.236+00:00][A] [INFO] Waiting ACK...
[2026-09-02T19:01:11.237+00:00][A] [INFO] [WAITING ACK]
[2026-09-02T19:01:11.250+00:00][A] [INFO] [RF TX] type=2 source=0x01 destination=0xFF previousHop=0x01 sequence=94 ackSequence=0 ttl=8 hops=0 payloadSize=13 rssi=0 snr=0.00
[2026-09-02T19:01:11.251+00:00][A] [INFO] Heartbeat packet sent
[2026-09-02T19:01:11.263+00:00][B] [INFO] --------------------------------
[2026-09-02T19:01:11.263+00:00][B] [INFO] [HEARTBEAT TX]
[2026-09-02T19:01:11.269+00:00][B] [INFO] Node ID: 2
[2026-09-02T19:01:11.269+00:00][B] [INFO] type: 2
[2026-09-02T19:01:11.270+00:00][B] [INFO] Destination: 0xFF
[2026-09-02T19:01:11.274+00:00][B] [INFO] Sequence: 105
[2026-09-02T19:01:11.274+00:00][B] [INFO] Packet ID: 29
[2026-09-02T19:01:11.279+00:00][B] [INFO] Packet Size: 26
[2026-09-02T19:01:11.280+00:00][B] [INFO] Timestamp: 29 ms
[2026-09-02T19:01:11.280+00:00][B] [INFO] Transmission Result: success
[2026-09-02T19:01:11.286+00:00][B] [INFO] --------------------------------
[2026-09-02T19:01:11.286+00:00][B] [INFO] [Heartbeat #29]
[2026-09-02T19:01:11.291+00:00][B] [INFO] Sent
[2026-09-02T19:01:11.291+00:00][B] [INFO] Waiting ACK...
[2026-09-02T19:01:11.292+00:00][B] [INFO] [WAITING ACK]
[2026-09-02T19:01:11.305+00:00][B] [INFO] [RF TX] type=2 source=0x02 destination=0xFF previousHop=0x02 sequence=105 ackSequence=0 ttl=8 hops=0 payloadSize=13 rssi=0 snr=0.00
[2026-09-02T19:01:11.305+00:00][B] [INFO] Heartbeat packet sent
[2026-09-02T19:01:11.375+00:00][A] [ERROR] TX_FAILED
[2026-09-02T19:01:11.375+00:00][A] [WARN] ACK_FAILED seq=92
[2026-09-02T19:01:11.378+00:00][A] [INFO] TEST_DATA_QUEUED dst=0x02 seq=95 remaining=33
[2026-09-02T19:01:11.434+00:00][A] [INFO] [RF TX] type=1 source=0x01 destination=0x02 previousHop=0x01 sequence=95 ackSequence=0 ttl=8 hops=0 payloadSize=4 rssi=0 snr=0.00
[2026-09-02T19:01:11.436+00:00][B] [INFO] [RF RX] type=1 source=0x01 destination=0x02 previousHop=0x01 sequence=95 ackSequence=0 ttl=8 hops=0 payloadSize=4 rssi=-60 snr=9.75
[2026-09-02T19:01:11.493+00:00][B] [INFO] [RF TX] type=3 source=0x02 destination=0x01 previousHop=0x02 sequence=107 ackSequence=95 ttl=8 hops=0 payloadSize=2 rssi=0 snr=0.00
[2026-09-02T19:01:11.499+00:00][A] [INFO] [RF RX] type=3 source=0x02 destination=0x01 previousHop=0x02 sequence=107 ackSequence=95 ttl=8 hops=0 payloadSize=2 rssi=-59 snr=10.00
[2026-09-02T19:01:11.500+00:00][A] [INFO] ACK_RX seq=95 source=0x02
[2026-09-02T19:01:11.503+00:00][A] [INFO] TEST_DATA_QUEUED dst=0x02 seq=96 remaining=32
[2026-09-02T19:01:11.558+00:00][A] [INFO] [RF TX] type=1 source=0x01 destination=0x02 previousHop=0x01 sequence=96 ackSequence=0 ttl=8 hops=0 payloadSize=4 rssi=0 snr=0.00
[2026-09-02T19:01:11.560+00:00][B] [INFO] [RF RX] type=1 source=0x01 destination=0x02 previousHop=0x01 sequence=96 ackSequence=0 ttl=8 hops=0 payloadSize=4 rssi=-61 snr=10.25
[2026-09-02T19:01:11.617+00:00][B] [INFO] [RF TX] type=3 source=0x02 destination=0x01 previousHop=0x02 sequence=108 ackSequence=96 ttl=8 hops=0 payloadSize=2 rssi=0 snr=0.00
[2026-09-02T19:01:11.623+00:00][A] [INFO] [RF RX] type=3 source=0x02 destination=0x01 previousHop=0x02 sequence=108 ackSequence=96 ttl=8 hops=0 payloadSize=2 rssi=-60 snr=10.25
[2026-09-02T19:01:11.624+00:00][A] [INFO] ACK_RX seq=96 source=0x02
[2026-09-02T19:01:11.627+00:00][A] [INFO] TEST_DATA_QUEUED dst=0x02 seq=97 remaining=31
[2026-09-02T19:01:11.681+00:00][A] [INFO] [RF TX] type=1 source=0x01 destination=0x02 previousHop=0x01 sequence=97 ackSequence=0 ttl=8 hops=0 payloadSize=4 rssi=0 snr=0.00
[2026-09-02T19:01:11.683+00:00][B] [INFO] [RF RX] type=1 source=0x01 destination=0x02 previousHop=0x01 sequence=97 ackSequence=0 ttl=8 hops=0 payloadSize=4 rssi=-61 snr=10.00
[2026-09-02T19:01:11.741+00:00][B] [INFO] [RF TX] type=3 source=0x02 destination=0x01 previousHop=0x02 sequence=109 ackSequence=97 ttl=8 hops=0 payloadSize=2 rssi=0 snr=0.00
[2026-09-02T19:01:11.747+00:00][A] [INFO] [RF RX] type=3 source=0x02 destination=0x01 previousHop=0x02 sequence=109 ackSequence=97 ttl=8 hops=0 payloadSize=2 rssi=-60 snr=10.00
[2026-09-02T19:01:11.747+00:00][A] [INFO] ACK_RX seq=97 source=0x02
[2026-09-02T19:01:11.750+00:00][A] [INFO] TEST_DATA_QUEUED dst=0x02 seq=98 remaining=30
[2026-09-02T19:01:11.805+00:00][A] [INFO] [RF TX] type=1 source=0x01 destination=0x02 previousHop=0x01 sequence=98 ackSequence=0 ttl=8 hops=0 payloadSize=4 rssi=0 snr=0.00
[2026-09-02T19:01:11.807+00:00][B] [INFO] [RF RX] type=1 source=0x01 destination=0x02 previousHop=0x01 sequence=98 ackSequence=0 ttl=8 hops=0 payloadSize=4 rssi=-62 snr=9.50
[2026-09-02T19:01:11.865+00:00][B] [INFO] [RF TX] type=3 source=0x02 destination=0x01 previousHop=0x02 sequence=110 ackSequence=98 ttl=8 hops=0 payloadSize=2 rssi=0 snr=0.00
[2026-09-02T19:01:11.871+00:00][A] [INFO] [RF RX] type=3 source=0x02 destination=0x01 previousHop=0x02 sequence=110 ackSequence=98 ttl=8 hops=0 payloadSize=2 rssi=-58 snr=9.75
[2026-09-02T19:01:11.871+00:00][A] [INFO] ACK_RX seq=98 source=0x02
[2026-09-02T19:01:11.874+00:00][A] [INFO] TEST_DATA_QUEUED dst=0x02 seq=99 remaining=29
[2026-09-02T19:01:11.929+00:00][A] [INFO] [RF TX] type=1 source=0x01 destination=0x02 previousHop=0x01 sequence=99 ackSequence=0 ttl=8 hops=0 payloadSize=4 rssi=0 snr=0.00
[2026-09-02T19:01:11.931+00:00][B] [INFO] [RF RX] type=1 source=0x01 destination=0x02 previousHop=0x01 sequence=99 ackSequence=0 ttl=8 hops=0 payloadSize=4 rssi=-60 snr=9.25
[2026-09-02T19:01:11.989+00:00][B] [INFO] [RF TX] type=3 source=0x02 destination=0x01 previousHop=0x02 sequence=111 ackSequence=99 ttl=8 hops=0 payloadSize=2 rssi=0 snr=0.00
[2026-09-02T19:01:11.995+00:00][A] [INFO] [RF RX] type=3 source=0x02 destination=0x01 previousHop=0x02 sequence=111 ackSequence=99 ttl=8 hops=0 payloadSize=2 rssi=-59 snr=9.75
[2026-09-02T19:01:11.995+00:00][A] [INFO] ACK_RX seq=99 source=0x02
[2026-09-02T19:01:11.998+00:00][A] [INFO] TEST_DATA_QUEUED dst=0x02 seq=100 remaining=28
[2026-09-02T19:01:12.053+00:00][A] [INFO] [RF TX] type=1 source=0x01 destination=0x02 previousHop=0x01 sequence=100 ackSequence=0 ttl=8 hops=0 payloadSize=4 rssi=0 snr=0.00
[2026-09-02T19:01:12.055+00:00][B] [INFO] [RF RX] type=1 source=0x01 destination=0x02 previousHop=0x01 sequence=100 ackSequence=0 ttl=8 hops=0 payloadSize=4 rssi=-60 snr=9.75
[2026-09-02T19:01:12.113+00:00][B] [INFO] [RF TX] type=3 source=0x02 destination=0x01 previousHop=0x02 sequence=112 ackSequence=100 ttl=8 hops=0 payloadSize=2 rssi=0 snr=0.00
[2026-09-02T19:01:12.125+00:00][A] [INFO] --------------------------------
[2026-09-02T19:01:12.125+00:00][A] [INFO] [HEARTBEAT TX]
[2026-09-02T19:01:12.130+00:00][A] [INFO] Node ID: 1
[2026-09-02T19:01:12.130+00:00][A] [INFO] type: 2
[2026-09-02T19:01:12.131+00:00][A] [INFO] Destination: 0xFF
[2026-09-02T19:01:12.136+00:00][A] [INFO] Sequence: 101
[2026-09-02T19:01:12.136+00:00][A] [INFO] Packet ID: 30
[2026-09-02T19:01:12.141+00:00][A] [INFO] Packet Size: 26
[2026-09-02T19:01:12.142+00:00][A] [INFO] Timestamp: 30 ms
[2026-09-02T19:01:12.142+00:00][A] [INFO] Transmission Result: success
[2026-09-02T19:01:12.147+00:00][A] [INFO] --------------------------------
[2026-09-02T19:01:12.147+00:00][A] [INFO] [Heartbeat #30]
[2026-09-02T19:01:12.152+00:00][A] [INFO] Sent
[2026-09-02T19:01:12.153+00:00][A] [INFO] Waiting ACK...
[2026-09-02T19:01:12.153+00:00][A] [INFO] [WAITING ACK]
[2026-09-02T19:01:12.166+00:00][A] [INFO] [RF TX] type=2 source=0x01 destination=0xFF previousHop=0x01 sequence=101 ackSequence=0 ttl=8 hops=0 payloadSize=13 rssi=0 snr=0.00
[2026-09-02T19:01:12.167+00:00][A] [INFO] Heartbeat packet sent
[2026-09-02T19:01:12.179+00:00][B] [INFO] --------------------------------
[2026-09-02T19:01:12.180+00:00][B] [INFO] [HEARTBEAT TX]
[2026-09-02T19:01:12.185+00:00][B] [INFO] Node ID: 2
[2026-09-02T19:01:12.185+00:00][B] [INFO] type: 2
[2026-09-02T19:01:12.185+00:00][B] [INFO] Destination: 0xFF
[2026-09-02T19:01:12.190+00:00][B] [INFO] Sequence: 113
[2026-09-02T19:01:12.191+00:00][B] [INFO] Packet ID: 30
[2026-09-02T19:01:12.196+00:00][B] [INFO] Packet Size: 26
[2026-09-02T19:01:12.196+00:00][B] [INFO] Timestamp: 30 ms
[2026-09-02T19:01:12.196+00:00][B] [INFO] Transmission Result: success
[2026-09-02T19:01:12.202+00:00][B] [INFO] --------------------------------
[2026-09-02T19:01:12.202+00:00][B] [INFO] [Heartbeat #30]
[2026-09-02T19:01:12.207+00:00][B] [INFO] Sent
[2026-09-02T19:01:12.207+00:00][B] [INFO] Waiting ACK...
[2026-09-02T19:01:12.207+00:00][B] [INFO] [WAITING ACK]
[2026-09-02T19:01:12.221+00:00][B] [INFO] [RF TX] type=2 source=0x02 destination=0xFF previousHop=0x02 sequence=113 ackSequence=0 ttl=8 hops=0 payloadSize=13 rssi=0 snr=0.00
[2026-09-02T19:01:12.221+00:00][B] [INFO] Heartbeat packet sent
[2026-09-02T19:01:13.053+00:00][A] [WARN] TX_RETRY seq=100
[2026-09-02T19:01:13.115+00:00][A] [INFO] [RF TX] type=1 source=0x01 destination=0x02 previousHop=0x01 sequence=100 ackSequence=0 ttl=8 hops=0 payloadSize=4 rssi=0 snr=0.00
[2026-09-02T19:01:13.142+00:00][A] [WARN] Retry 1
[2026-09-02T19:01:13.164+00:00][B] [INFO] [RF TX] type=3 source=0x02 destination=0x01 previousHop=0x02 sequence=114 ackSequence=100 ttl=8 hops=0 payloadSize=2 rssi=0 snr=0.00
[2026-09-02T19:01:13.196+00:00][B] [WARN] Retry 1
[2026-09-02T19:01:13.208+00:00][A] [INFO] --------------------------------
[2026-09-02T19:01:13.208+00:00][A] [INFO] [HEARTBEAT TX]
[2026-09-02T19:01:13.214+00:00][A] [INFO] Node ID: 1
[2026-09-02T19:01:13.214+00:00][A] [INFO] type: 2
[2026-09-02T19:01:13.214+00:00][A] [INFO] Destination: 0xFF
[2026-09-02T19:01:13.219+00:00][A] [INFO] Sequence: 101
[2026-09-02T19:01:13.219+00:00][A] [INFO] Packet ID: 30
[2026-09-02T19:01:13.225+00:00][A] [INFO] Packet Size: 26
[2026-09-02T19:01:13.225+00:00][A] [INFO] Timestamp: 30 ms
[2026-09-02T19:01:13.225+00:00][A] [INFO] Transmission Result: success
[2026-09-02T19:01:13.230+00:00][A] [INFO] --------------------------------
[2026-09-02T19:01:13.231+00:00][A] [INFO] [Heartbeat #30]
[2026-09-02T19:01:13.236+00:00][A] [INFO] Sent
[2026-09-02T19:01:13.236+00:00][A] [INFO] Waiting ACK...
[2026-09-02T19:01:13.236+00:00][A] [INFO] [WAITING ACK]
[2026-09-02T19:01:13.250+00:00][A] [INFO] [RF TX] type=2 source=0x01 destination=0xFF previousHop=0x01 sequence=101 ackSequence=0 ttl=8 hops=0 payloadSize=13 rssi=0 snr=0.00
[2026-09-02T19:01:13.250+00:00][A] [INFO] Heartbeat packet sent
[2026-09-02T19:01:13.263+00:00][B] [INFO] --------------------------------
[2026-09-02T19:01:13.263+00:00][B] [INFO] [HEARTBEAT TX]
[2026-09-02T19:01:13.268+00:00][B] [INFO] Node ID: 2
[2026-09-02T19:01:13.268+00:00][B] [INFO] type: 2
[2026-09-02T19:01:13.268+00:00][B] [INFO] Destination: 0xFF
[2026-09-02T19:01:13.274+00:00][B] [INFO] Sequence: 113
[2026-09-02T19:01:13.274+00:00][B] [INFO] Packet ID: 30
[2026-09-02T19:01:13.279+00:00][B] [INFO] Packet Size: 26
[2026-09-02T19:01:13.279+00:00][B] [INFO] Timestamp: 30 ms
[2026-09-02T19:01:13.279+00:00][B] [INFO] Transmission Result: success
[2026-09-02T19:01:13.285+00:00][B] [INFO] --------------------------------
[2026-09-02T19:01:13.285+00:00][B] [INFO] [Heartbeat #30]
[2026-09-02T19:01:13.290+00:00][B] [INFO] Sent
[2026-09-02T19:01:13.290+00:00][B] [INFO] Waiting ACK...
[2026-09-02T19:01:13.290+00:00][B] [INFO] [WAITING ACK]
[2026-09-02T19:01:13.305+00:00][B] [INFO] [RF TX] type=2 source=0x02 destination=0xFF previousHop=0x02 sequence=113 ackSequence=0 ttl=8 hops=0 payloadSize=13 rssi=0 snr=0.00
[2026-09-02T19:01:13.305+00:00][B] [INFO] Heartbeat packet sent
[2026-09-02T19:01:14.124+00:00][A] [INFO] --------------------------------
[2026-09-02T19:01:14.125+00:00][A] [INFO] [HEARTBEAT TX]
[2026-09-02T19:01:14.130+00:00][A] [INFO] Node ID: 1
[2026-09-02T19:01:14.130+00:00][A] [INFO] type: 2
[2026-09-02T19:01:14.130+00:00][A] [INFO] Destination: 0xFF
[2026-09-02T19:01:14.135+00:00][A] [INFO] Sequence: 102
[2026-09-02T19:01:14.135+00:00][A] [INFO] Packet ID: 31
[2026-09-02T19:01:14.141+00:00][A] [INFO] Packet Size: 26
[2026-09-02T19:01:14.141+00:00][A] [INFO] Timestamp: 31 ms
[2026-09-02T19:01:14.141+00:00][A] [INFO] Transmission Result: success
[2026-09-02T19:01:14.147+00:00][A] [INFO] --------------------------------
[2026-09-02T19:01:14.147+00:00][A] [INFO] [Heartbeat #31]
[2026-09-02T19:01:14.152+00:00][A] [INFO] Sent
[2026-09-02T19:01:14.152+00:00][A] [INFO] Waiting ACK...
[2026-09-02T19:01:14.152+00:00][A] [INFO] [WAITING ACK]
[2026-09-02T19:01:14.168+00:00][A] [INFO] [RF TX] type=2 source=0x01 destination=0xFF previousHop=0x01 sequence=102 ackSequence=0 ttl=8 hops=0 payloadSize=13 rssi=0 snr=0.00
[2026-09-02T19:01:14.169+00:00][A] [INFO] Heartbeat packet sent
[2026-09-02T19:01:14.169+00:00][A] [WARN] TX_RETRY seq=100
[2026-09-02T19:01:14.179+00:00][B] [INFO] --------------------------------
[2026-09-02T19:01:14.179+00:00][B] [INFO] [HEARTBEAT TX]
[2026-09-02T19:01:14.184+00:00][B] [INFO] Node ID: 2
[2026-09-02T19:01:14.185+00:00][B] [INFO] type: 2
[2026-09-02T19:01:14.185+00:00][B] [INFO] Destination: 0xFF
[2026-09-02T19:01:14.190+00:00][B] [INFO] Sequence: 115
[2026-09-02T19:01:14.190+00:00][B] [INFO] Packet ID: 31
[2026-09-02T19:01:14.195+00:00][B] [INFO] Packet Size: 26
[2026-09-02T19:01:14.196+00:00][B] [INFO] Timestamp: 31 ms
[2026-09-02T19:01:14.196+00:00][B] [INFO] Transmission Result: success
[2026-09-02T19:01:14.201+00:00][B] [INFO] --------------------------------
[2026-09-02T19:01:14.203+00:00][B] [INFO] [Heartbeat #31]
[2026-09-02T19:01:14.206+00:00][B] [INFO] Sent
[2026-09-02T19:01:14.207+00:00][B] [INFO] Waiting ACK...
[2026-09-02T19:01:14.207+00:00][B] [INFO] [WAITING ACK]
[2026-09-02T19:01:14.221+00:00][B] [INFO] [RF TX] type=2 source=0x02 destination=0xFF previousHop=0x02 sequence=115 ackSequence=0 ttl=8 hops=0 payloadSize=13 rssi=0 snr=0.00
[2026-09-02T19:01:14.221+00:00][B] [INFO] Heartbeat packet sent
[2026-09-02T19:01:14.226+00:00][A] [INFO] [RF TX] type=1 source=0x01 destination=0x02 previousHop=0x01 sequence=100 ackSequence=0 ttl=8 hops=0 payloadSize=4 rssi=0 snr=0.00
[2026-09-02T19:01:15.142+00:00][A] [WARN] Retry 1
[2026-09-02T19:01:15.196+00:00][B] [WARN] Retry 1
[2026-09-02T19:01:15.209+00:00][A] [INFO] --------------------------------
[2026-09-02T19:01:15.210+00:00][A] [INFO] [HEARTBEAT TX]
[2026-09-02T19:01:15.214+00:00][A] [INFO] Node ID: 1
[2026-09-02T19:01:15.214+00:00][A] [INFO] type: 2
[2026-09-02T19:01:15.215+00:00][A] [INFO] Destination: 0xFF
[2026-09-02T19:01:15.220+00:00][A] [INFO] Sequence: 102
[2026-09-02T19:01:15.220+00:00][A] [INFO] Packet ID: 31
[2026-09-02T19:01:15.225+00:00][A] [INFO] Packet Size: 26
[2026-09-02T19:01:15.225+00:00][A] [INFO] Timestamp: 31 ms
[2026-09-02T19:01:15.226+00:00][A] [INFO] Transmission Result: success
[2026-09-02T19:01:15.231+00:00][A] [INFO] --------------------------------
[2026-09-02T19:01:15.231+00:00][A] [INFO] [Heartbeat #31]
[2026-09-02T19:01:15.236+00:00][A] [INFO] Sent
[2026-09-02T19:01:15.236+00:00][A] [INFO] Waiting ACK...
[2026-09-02T19:01:15.237+00:00][A] [INFO] [WAITING ACK]
[2026-09-02T19:01:15.252+00:00][A] [INFO] [RF TX] type=2 source=0x01 destination=0xFF previousHop=0x01 sequence=102 ackSequence=0 ttl=8 hops=0 payloadSize=13 rssi=0 snr=0.00
[2026-09-02T19:01:15.253+00:00][A] [INFO] Heartbeat packet sent
[2026-09-02T19:01:15.253+00:00][A] [WARN] TX_RETRY seq=100
[2026-09-02T19:01:15.263+00:00][B] [INFO] --------------------------------
[2026-09-02T19:01:15.264+00:00][B] [INFO] [HEARTBEAT TX]
[2026-09-02T19:01:15.268+00:00][B] [INFO] Node ID: 2
[2026-09-02T19:01:15.269+00:00][B] [INFO] type: 2
[2026-09-02T19:01:15.270+00:00][B] [INFO] Destination: 0xFF
[2026-09-02T19:01:15.274+00:00][B] [INFO] Sequence: 115
[2026-09-02T19:01:15.274+00:00][B] [INFO] Packet ID: 31
[2026-09-02T19:01:15.279+00:00][B] [INFO] Packet Size: 26
[2026-09-02T19:01:15.280+00:00][B] [INFO] Timestamp: 31 ms
[2026-09-02T19:01:15.280+00:00][B] [INFO] Transmission Result: success
[2026-09-02T19:01:15.285+00:00][B] [INFO] --------------------------------
[2026-09-02T19:01:15.286+00:00][B] [INFO] [Heartbeat #31]
[2026-09-02T19:01:15.291+00:00][B] [INFO] Sent
[2026-09-02T19:01:15.291+00:00][B] [INFO] Waiting ACK...
[2026-09-02T19:01:15.291+00:00][B] [INFO] [WAITING ACK]
[2026-09-02T19:01:15.305+00:00][B] [INFO] [RF TX] type=2 source=0x02 destination=0xFF previousHop=0x02 sequence=115 ackSequence=0 ttl=8 hops=0 payloadSize=13 rssi=0 snr=0.00
[2026-09-02T19:01:15.305+00:00][B] [INFO] Heartbeat packet sent
[2026-09-02T19:01:15.309+00:00][A] [INFO] [RF TX] type=1 source=0x01 destination=0x02 previousHop=0x01 sequence=100 ackSequence=0 ttl=8 hops=0 payloadSize=4 rssi=0 snr=0.00
[2026-09-02T19:01:16.125+00:00][A] [INFO] --------------------------------
[2026-09-02T19:01:16.125+00:00][A] [INFO] [HEARTBEAT TX]
[2026-09-02T19:01:16.130+00:00][A] [INFO] Node ID: 1
[2026-09-02T19:01:16.130+00:00][A] [INFO] type: 2
[2026-09-02T19:01:16.130+00:00][A] [INFO] Destination: 0xFF
[2026-09-02T19:01:16.136+00:00][A] [INFO] Sequence: 103
[2026-09-02T19:01:16.136+00:00][A] [INFO] Packet ID: 32
[2026-09-02T19:01:16.141+00:00][A] [INFO] Packet Size: 26
[2026-09-02T19:01:16.141+00:00][A] [INFO] Timestamp: 32 ms
[2026-09-02T19:01:16.142+00:00][A] [INFO] Transmission Result: success
[2026-09-02T19:01:16.147+00:00][A] [INFO] --------------------------------
[2026-09-02T19:01:16.147+00:00][A] [INFO] [Heartbeat #32]
[2026-09-02T19:01:16.152+00:00][A] [INFO] Sent
[2026-09-02T19:01:16.153+00:00][A] [INFO] Waiting ACK...
[2026-09-02T19:01:16.153+00:00][A] [INFO] [WAITING ACK]
[2026-09-02T19:01:16.166+00:00][A] [INFO] [RF TX] type=2 source=0x01 destination=0xFF previousHop=0x01 sequence=103 ackSequence=0 ttl=8 hops=0 payloadSize=13 rssi=0 snr=0.00
[2026-09-02T19:01:16.167+00:00][A] [INFO] Heartbeat packet sent
[2026-09-02T19:01:16.179+00:00][B] [INFO] --------------------------------
[2026-09-02T19:01:16.179+00:00][B] [INFO] [HEARTBEAT TX]
[2026-09-02T19:01:16.184+00:00][B] [INFO] Node ID: 2
[2026-09-02T19:01:16.186+00:00][B] [INFO] type: 2
[2026-09-02T19:01:16.187+00:00][B] [INFO] Destination: 0xFF
[2026-09-02T19:01:16.190+00:00][B] [INFO] Sequence: 116
[2026-09-02T19:01:16.191+00:00][B] [INFO] Packet ID: 32
[2026-09-02T19:01:16.195+00:00][B] [INFO] Packet Size: 26
[2026-09-02T19:01:16.196+00:00][B] [INFO] Timestamp: 32 ms
[2026-09-02T19:01:16.196+00:00][B] [INFO] Transmission Result: success
[2026-09-02T19:01:16.201+00:00][B] [INFO] --------------------------------
[2026-09-02T19:01:16.202+00:00][B] [INFO] [Heartbeat #32]
[2026-09-02T19:01:16.207+00:00][B] [INFO] Sent
[2026-09-02T19:01:16.207+00:00][B] [INFO] Waiting ACK...
[2026-09-02T19:01:16.207+00:00][B] [INFO] [WAITING ACK]
[2026-09-02T19:01:16.221+00:00][B] [INFO] [RF TX] type=2 source=0x02 destination=0xFF previousHop=0x02 sequence=116 ackSequence=0 ttl=8 hops=0 payloadSize=13 rssi=0 snr=0.00
[2026-09-02T19:01:16.221+00:00][B] [INFO] Heartbeat packet sent
[2026-09-02T19:01:16.313+00:00][A] [ERROR] TX_FAILED
[2026-09-02T19:01:16.313+00:00][A] [WARN] ACK_FAILED seq=100
[2026-09-02T19:01:16.316+00:00][A] [INFO] TEST_DATA_QUEUED dst=0x02 seq=104 remaining=27
[2026-09-02T19:01:16.372+00:00][A] [INFO] [RF TX] type=1 source=0x01 destination=0x02 previousHop=0x01 sequence=104 ackSequence=0 ttl=8 hops=0 payloadSize=4 rssi=0 snr=0.00
[2026-09-02T19:01:16.374+00:00][B] [INFO] [RF RX] type=1 source=0x01 destination=0x02 previousHop=0x01 sequence=104 ackSequence=0 ttl=8 hops=0 payloadSize=4 rssi=-59 snr=9.75
[2026-09-02T19:01:16.431+00:00][B] [INFO] [RF TX] type=3 source=0x02 destination=0x01 previousHop=0x02 sequence=117 ackSequence=104 ttl=8 hops=0 payloadSize=2 rssi=0 snr=0.00
[2026-09-02T19:01:16.437+00:00][A] [INFO] [RF RX] type=3 source=0x02 destination=0x01 previousHop=0x02 sequence=117 ackSequence=104 ttl=8 hops=0 payloadSize=2 rssi=-56 snr=9.75
[2026-09-02T19:01:16.437+00:00][A] [INFO] ACK_RX seq=104 source=0x02
[2026-09-02T19:01:16.441+00:00][A] [INFO] TEST_DATA_QUEUED dst=0x02 seq=105 remaining=26
[2026-09-02T19:01:16.495+00:00][A] [INFO] [RF TX] type=1 source=0x01 destination=0x02 previousHop=0x01 sequence=105 ackSequence=0 ttl=8 hops=0 payloadSize=4 rssi=0 snr=0.00
[2026-09-02T19:01:16.497+00:00][B] [INFO] [RF RX] type=1 source=0x01 destination=0x02 previousHop=0x01 sequence=105 ackSequence=0 ttl=8 hops=0 payloadSize=4 rssi=-59 snr=9.75
[2026-09-02T19:01:16.555+00:00][B] [INFO] [RF TX] type=3 source=0x02 destination=0x01 previousHop=0x02 sequence=118 ackSequence=105 ttl=8 hops=0 payloadSize=2 rssi=0 snr=0.00
[2026-09-02T19:01:16.561+00:00][A] [INFO] [RF RX] type=3 source=0x02 destination=0x01 previousHop=0x02 sequence=118 ackSequence=105 ttl=8 hops=0 payloadSize=2 rssi=-58 snr=9.25
[2026-09-02T19:01:16.562+00:00][A] [INFO] ACK_RX seq=105 source=0x02
[2026-09-02T19:01:16.565+00:00][A] [INFO] TEST_DATA_QUEUED dst=0x02 seq=106 remaining=25
[2026-09-02T19:01:16.620+00:00][A] [INFO] [RF TX] type=1 source=0x01 destination=0x02 previousHop=0x01 sequence=106 ackSequence=0 ttl=8 hops=0 payloadSize=4 rssi=0 snr=0.00
[2026-09-02T19:01:16.621+00:00][B] [INFO] [RF RX] type=1 source=0x01 destination=0x02 previousHop=0x01 sequence=106 ackSequence=0 ttl=8 hops=0 payloadSize=4 rssi=-60 snr=9.75
[2026-09-02T19:01:16.679+00:00][B] [INFO] [RF TX] type=3 source=0x02 destination=0x01 previousHop=0x02 sequence=119 ackSequence=106 ttl=8 hops=0 payloadSize=2 rssi=0 snr=0.00
[2026-09-02T19:01:16.685+00:00][A] [INFO] [RF RX] type=3 source=0x02 destination=0x01 previousHop=0x02 sequence=119 ackSequence=106 ttl=8 hops=0 payloadSize=2 rssi=-58 snr=10.00
[2026-09-02T19:01:16.685+00:00][A] [INFO] ACK_RX seq=106 source=0x02
[2026-09-02T19:01:16.689+00:00][A] [INFO] TEST_DATA_QUEUED dst=0x02 seq=107 remaining=24
[2026-09-02T19:01:16.743+00:00][A] [INFO] [RF TX] type=1 source=0x01 destination=0x02 previousHop=0x01 sequence=107 ackSequence=0 ttl=8 hops=0 payloadSize=4 rssi=0 snr=0.00
[2026-09-02T19:01:16.745+00:00][B] [INFO] [RF RX] type=1 source=0x01 destination=0x02 previousHop=0x01 sequence=107 ackSequence=0 ttl=8 hops=0 payloadSize=4 rssi=-60 snr=9.75
[2026-09-02T19:01:16.803+00:00][B] [INFO] [RF TX] type=3 source=0x02 destination=0x01 previousHop=0x02 sequence=120 ackSequence=107 ttl=8 hops=0 payloadSize=2 rssi=0 snr=0.00
[2026-09-02T19:01:16.809+00:00][A] [INFO] [RF RX] type=3 source=0x02 destination=0x01 previousHop=0x02 sequence=120 ackSequence=107 ttl=8 hops=0 payloadSize=2 rssi=-58 snr=9.75
[2026-09-02T19:01:16.809+00:00][A] [INFO] ACK_RX seq=107 source=0x02
[2026-09-02T19:01:16.812+00:00][A] [INFO] TEST_DATA_QUEUED dst=0x02 seq=108 remaining=23
[2026-09-02T19:01:16.867+00:00][A] [INFO] [RF TX] type=1 source=0x01 destination=0x02 previousHop=0x01 sequence=108 ackSequence=0 ttl=8 hops=0 payloadSize=4 rssi=0 snr=0.00
[2026-09-02T19:01:16.869+00:00][B] [INFO] [RF RX] type=1 source=0x01 destination=0x02 previousHop=0x01 sequence=108 ackSequence=0 ttl=8 hops=0 payloadSize=4 rssi=-60 snr=9.75
[2026-09-02T19:01:16.927+00:00][B] [INFO] [RF TX] type=3 source=0x02 destination=0x01 previousHop=0x02 sequence=121 ackSequence=108 ttl=8 hops=0 payloadSize=2 rssi=0 snr=0.00
[2026-09-02T19:01:16.933+00:00][A] [INFO] [RF RX] type=3 source=0x02 destination=0x01 previousHop=0x02 sequence=121 ackSequence=108 ttl=8 hops=0 payloadSize=2 rssi=-58 snr=10.00
[2026-09-02T19:01:16.933+00:00][A] [INFO] ACK_RX seq=108 source=0x02
[2026-09-02T19:01:16.936+00:00][A] [INFO] TEST_DATA_QUEUED dst=0x02 seq=109 remaining=22
[2026-09-02T19:01:16.991+00:00][A] [INFO] [RF TX] type=1 source=0x01 destination=0x02 previousHop=0x01 sequence=109 ackSequence=0 ttl=8 hops=0 payloadSize=4 rssi=0 snr=0.00
[2026-09-02T19:01:16.993+00:00][B] [INFO] [RF RX] type=1 source=0x01 destination=0x02 previousHop=0x01 sequence=109 ackSequence=0 ttl=8 hops=0 payloadSize=4 rssi=-60 snr=9.00
[2026-09-02T19:01:17.050+00:00][B] [INFO] [RF TX] type=3 source=0x02 destination=0x01 previousHop=0x02 sequence=122 ackSequence=109 ttl=8 hops=0 payloadSize=2 rssi=0 snr=0.00
[2026-09-02T19:01:17.056+00:00][A] [INFO] [RF RX] type=3 source=0x02 destination=0x01 previousHop=0x02 sequence=122 ackSequence=109 ttl=8 hops=0 payloadSize=2 rssi=-58 snr=10.25
[2026-09-02T19:01:17.056+00:00][A] [INFO] ACK_RX seq=109 source=0x02
[2026-09-02T19:01:17.060+00:00][A] [INFO] TEST_DATA_QUEUED dst=0x02 seq=110 remaining=21
[2026-09-02T19:01:17.115+00:00][A] [INFO] [RF TX] type=1 source=0x01 destination=0x02 previousHop=0x01 sequence=110 ackSequence=0 ttl=8 hops=0 payloadSize=4 rssi=0 snr=0.00
[2026-09-02T19:01:17.116+00:00][B] [INFO] [RF RX] type=1 source=0x01 destination=0x02 previousHop=0x01 sequence=110 ackSequence=0 ttl=8 hops=0 payloadSize=4 rssi=-60 snr=9.75
[2026-09-02T19:01:17.141+00:00][A] [WARN] Retry 1
[2026-09-02T19:01:17.174+00:00][B] [INFO] [RF TX] type=3 source=0x02 destination=0x01 previousHop=0x02 sequence=123 ackSequence=110 ttl=8 hops=0 payloadSize=2 rssi=0 snr=0.00
[2026-09-02T19:01:17.196+00:00][B] [WARN] Retry 1
[2026-09-02T19:01:17.208+00:00][A] [INFO] --------------------------------
[2026-09-02T19:01:17.208+00:00][A] [INFO] [HEARTBEAT TX]
[2026-09-02T19:01:17.214+00:00][A] [INFO] Node ID: 1
[2026-09-02T19:01:17.214+00:00][A] [INFO] type: 2
[2026-09-02T19:01:17.214+00:00][A] [INFO] Destination: 0xFF
[2026-09-02T19:01:17.219+00:00][A] [INFO] Sequence: 103
[2026-09-02T19:01:17.219+00:00][A] [INFO] Packet ID: 32
[2026-09-02T19:01:17.225+00:00][A] [INFO] Packet Size: 26
[2026-09-02T19:01:17.225+00:00][A] [INFO] Timestamp: 32 ms
[2026-09-02T19:01:17.225+00:00][A] [INFO] Transmission Result: success
[2026-09-02T19:01:17.230+00:00][A] [INFO] --------------------------------
[2026-09-02T19:01:17.230+00:00][A] [INFO] [Heartbeat #32]
[2026-09-02T19:01:17.236+00:00][A] [INFO] Sent
[2026-09-02T19:01:17.236+00:00][A] [INFO] Waiting ACK...
[2026-09-02T19:01:17.236+00:00][A] [INFO] [WAITING ACK]
[2026-09-02T19:01:17.250+00:00][A] [INFO] [RF TX] type=2 source=0x01 destination=0xFF previousHop=0x01 sequence=103 ackSequence=0 ttl=8 hops=0 payloadSize=13 rssi=0 snr=0.00
[2026-09-02T19:01:17.250+00:00][A] [INFO] Heartbeat packet sent
[2026-09-02T19:01:17.263+00:00][B] [INFO] --------------------------------
[2026-09-02T19:01:17.263+00:00][B] [INFO] [HEARTBEAT TX]
[2026-09-02T19:01:17.268+00:00][B] [INFO] Node ID: 2
[2026-09-02T19:01:17.268+00:00][B] [INFO] type: 2
[2026-09-02T19:01:17.268+00:00][B] [INFO] Destination: 0xFF
[2026-09-02T19:01:17.274+00:00][B] [INFO] Sequence: 116
[2026-09-02T19:01:17.274+00:00][B] [INFO] Packet ID: 32
[2026-09-02T19:01:17.279+00:00][B] [INFO] Packet Size: 26
[2026-09-02T19:01:17.279+00:00][B] [INFO] Timestamp: 32 ms
[2026-09-02T19:01:17.280+00:00][B] [INFO] Transmission Result: success
[2026-09-02T19:01:17.285+00:00][B] [INFO] --------------------------------
[2026-09-02T19:01:17.285+00:00][B] [INFO] [Heartbeat #32]
[2026-09-02T19:01:17.290+00:00][B] [INFO] Sent
[2026-09-02T19:01:17.291+00:00][B] [INFO] Waiting ACK...
[2026-09-02T19:01:17.291+00:00][B] [INFO] [WAITING ACK]
[2026-09-02T19:01:17.305+00:00][B] [INFO] [RF TX] type=2 source=0x02 destination=0xFF previousHop=0x02 sequence=116 ackSequence=0 ttl=8 hops=0 payloadSize=13 rssi=0 snr=0.00
[2026-09-02T19:01:17.305+00:00][B] [INFO] Heartbeat packet sent
[2026-09-02T19:01:18.124+00:00][A] [INFO] --------------------------------
[2026-09-02T19:01:18.124+00:00][A] [INFO] [HEARTBEAT TX]
[2026-09-02T19:01:18.130+00:00][A] [INFO] Node ID: 1
[2026-09-02T19:01:18.130+00:00][A] [INFO] type: 2
[2026-09-02T19:01:18.130+00:00][A] [INFO] Destination: 0xFF
[2026-09-02T19:01:18.135+00:00][A] [INFO] Sequence: 111
[2026-09-02T19:01:18.135+00:00][A] [INFO] Packet ID: 33
[2026-09-02T19:01:18.141+00:00][A] [INFO] Packet Size: 26
[2026-09-02T19:01:18.141+00:00][A] [INFO] Timestamp: 33 ms
[2026-09-02T19:01:18.141+00:00][A] [INFO] Transmission Result: success
[2026-09-02T19:01:18.146+00:00][A] [INFO] --------------------------------
[2026-09-02T19:01:18.147+00:00][A] [INFO] [Heartbeat #33]
[2026-09-02T19:01:18.152+00:00][A] [INFO] Sent
[2026-09-02T19:01:18.152+00:00][A] [INFO] Waiting ACK...
[2026-09-02T19:01:18.152+00:00][A] [INFO] [WAITING ACK]
[2026-09-02T19:01:18.168+00:00][A] [INFO] [RF TX] type=2 source=0x01 destination=0xFF previousHop=0x01 sequence=111 ackSequence=0 ttl=8 hops=0 payloadSize=13 rssi=0 snr=0.00
[2026-09-02T19:01:18.169+00:00][A] [INFO] Heartbeat packet sent
[2026-09-02T19:01:18.169+00:00][A] [WARN] TX_RETRY seq=110
[2026-09-02T19:01:18.179+00:00][B] [INFO] --------------------------------
[2026-09-02T19:01:18.179+00:00][B] [INFO] [HEARTBEAT TX]
[2026-09-02T19:01:18.184+00:00][B] [INFO] Node ID: 2
[2026-09-02T19:01:18.185+00:00][B] [INFO] type: 2
[2026-09-02T19:01:18.185+00:00][B] [INFO] Destination: 0xFF
[2026-09-02T19:01:18.190+00:00][B] [INFO] Sequence: 124
[2026-09-02T19:01:18.190+00:00][B] [INFO] Packet ID: 33
[2026-09-02T19:01:18.195+00:00][B] [INFO] Packet Size: 26
[2026-09-02T19:01:18.195+00:00][B] [INFO] Timestamp: 33 ms
[2026-09-02T19:01:18.196+00:00][B] [INFO] Transmission Result: success
[2026-09-02T19:01:18.201+00:00][B] [INFO] --------------------------------
[2026-09-02T19:01:18.201+00:00][B] [INFO] [Heartbeat #33]
[2026-09-02T19:01:18.206+00:00][B] [INFO] Sent
[2026-09-02T19:01:18.207+00:00][B] [INFO] Waiting ACK...
[2026-09-02T19:01:18.207+00:00][B] [INFO] [WAITING ACK]
[2026-09-02T19:01:18.221+00:00][B] [INFO] [RF TX] type=2 source=0x02 destination=0xFF previousHop=0x02 sequence=124 ackSequence=0 ttl=8 hops=0 payloadSize=13 rssi=0 snr=0.00
[2026-09-02T19:01:18.221+00:00][B] [INFO] Heartbeat packet sent
[2026-09-02T19:01:18.226+00:00][A] [INFO] [RF TX] type=1 source=0x01 destination=0x02 previousHop=0x01 sequence=110 ackSequence=0 ttl=8 hops=0 payloadSize=4 rssi=0 snr=0.00
[2026-09-02T19:01:19.142+00:00][A] [WARN] Retry 1
[2026-09-02T19:01:19.196+00:00][B] [WARN] Retry 1
[2026-09-02T19:01:19.209+00:00][A] [INFO] --------------------------------
[2026-09-02T19:01:19.210+00:00][A] [INFO] [HEARTBEAT TX]
[2026-09-02T19:01:19.214+00:00][A] [INFO] Node ID: 1
[2026-09-02T19:01:19.214+00:00][A] [INFO] type: 2
[2026-09-02T19:01:19.215+00:00][A] [INFO] Destination: 0xFF
[2026-09-02T19:01:19.219+00:00][A] [INFO] Sequence: 111
[2026-09-02T19:01:19.220+00:00][A] [INFO] Packet ID: 33
[2026-09-02T19:01:19.225+00:00][A] [INFO] Packet Size: 26
[2026-09-02T19:01:19.225+00:00][A] [INFO] Timestamp: 33 ms
[2026-09-02T19:01:19.226+00:00][A] [INFO] Transmission Result: success
[2026-09-02T19:01:19.231+00:00][A] [INFO] --------------------------------
[2026-09-02T19:01:19.232+00:00][A] [INFO] [Heartbeat #33]
[2026-09-02T19:01:19.236+00:00][A] [INFO] Sent
[2026-09-02T19:01:19.237+00:00][A] [INFO] Waiting ACK...
[2026-09-02T19:01:19.237+00:00][A] [INFO] [WAITING ACK]
[2026-09-02T19:01:19.252+00:00][A] [INFO] [RF TX] type=2 source=0x01 destination=0xFF previousHop=0x01 sequence=111 ackSequence=0 ttl=8 hops=0 payloadSize=13 rssi=0 snr=0.00
[2026-09-02T19:01:19.253+00:00][A] [INFO] Heartbeat packet sent
[2026-09-02T19:01:19.253+00:00][A] [WARN] TX_RETRY seq=110
[2026-09-02T19:01:19.263+00:00][B] [INFO] --------------------------------
[2026-09-02T19:01:19.263+00:00][B] [INFO] [HEARTBEAT TX]
[2026-09-02T19:01:19.268+00:00][B] [INFO] Node ID: 2
[2026-09-02T19:01:19.269+00:00][B] [INFO] type: 2
[2026-09-02T19:01:19.269+00:00][B] [INFO] Destination: 0xFF
[2026-09-02T19:01:19.274+00:00][B] [INFO] Sequence: 124
[2026-09-02T19:01:19.274+00:00][B] [INFO] Packet ID: 33
[2026-09-02T19:01:19.279+00:00][B] [INFO] Packet Size: 26
[2026-09-02T19:01:19.280+00:00][B] [INFO] Timestamp: 33 ms
[2026-09-02T19:01:19.280+00:00][B] [INFO] Transmission Result: success
[2026-09-02T19:01:19.285+00:00][B] [INFO] --------------------------------
[2026-09-02T19:01:19.285+00:00][B] [INFO] [Heartbeat #33]
[2026-09-02T19:01:19.291+00:00][B] [INFO] Sent
[2026-09-02T19:01:19.291+00:00][B] [INFO] Waiting ACK...
[2026-09-02T19:01:19.291+00:00][B] [INFO] [WAITING ACK]
[2026-09-02T19:01:19.305+00:00][B] [INFO] [RF TX] type=2 source=0x02 destination=0xFF previousHop=0x02 sequence=124 ackSequence=0 ttl=8 hops=0 payloadSize=13 rssi=0 snr=0.00
[2026-09-02T19:01:19.305+00:00][B] [INFO] Heartbeat packet sent
[2026-09-02T19:01:19.310+00:00][A] [INFO] [RF TX] type=1 source=0x01 destination=0x02 previousHop=0x01 sequence=110 ackSequence=0 ttl=8 hops=0 payloadSize=4 rssi=0 snr=0.00
[2026-09-02T19:01:20.124+00:00][A] [INFO] --------------------------------
[2026-09-02T19:01:20.125+00:00][A] [INFO] [HEARTBEAT TX]
[2026-09-02T19:01:20.130+00:00][A] [INFO] Node ID: 1
[2026-09-02T19:01:20.130+00:00][A] [INFO] type: 2
[2026-09-02T19:01:20.130+00:00][A] [INFO] Destination: 0xFF
[2026-09-02T19:01:20.135+00:00][A] [INFO] Sequence: 112
[2026-09-02T19:01:20.136+00:00][A] [INFO] Packet ID: 34
[2026-09-02T19:01:20.141+00:00][A] [INFO] Packet Size: 26
[2026-09-02T19:01:20.141+00:00][A] [INFO] Timestamp: 34 ms
[2026-09-02T19:01:20.142+00:00][A] [INFO] Transmission Result: success
[2026-09-02T19:01:20.147+00:00][A] [INFO] --------------------------------
[2026-09-02T19:01:20.147+00:00][A] [INFO] [Heartbeat #34]
[2026-09-02T19:01:20.152+00:00][A] [INFO] Sent
[2026-09-02T19:01:20.153+00:00][A] [INFO] Waiting ACK...
[2026-09-02T19:01:20.153+00:00][A] [INFO] [WAITING ACK]
[2026-09-02T19:01:20.166+00:00][A] [INFO] [RF TX] type=2 source=0x01 destination=0xFF previousHop=0x01 sequence=112 ackSequence=0 ttl=8 hops=0 payloadSize=13 rssi=0 snr=0.00
[2026-09-02T19:01:20.167+00:00][A] [INFO] Heartbeat packet sent
[2026-09-02T19:01:20.179+00:00][B] [INFO] --------------------------------
[2026-09-02T19:01:20.180+00:00][B] [INFO] [HEARTBEAT TX]
[2026-09-02T19:01:20.184+00:00][B] [INFO] Node ID: 2
[2026-09-02T19:01:20.185+00:00][B] [INFO] type: 2
[2026-09-02T19:01:20.185+00:00][B] [INFO] Destination: 0xFF
[2026-09-02T19:01:20.190+00:00][B] [INFO] Sequence: 125
[2026-09-02T19:01:20.191+00:00][B] [INFO] Packet ID: 34
[2026-09-02T19:01:20.195+00:00][B] [INFO] Packet Size: 26
[2026-09-02T19:01:20.196+00:00][B] [INFO] Timestamp: 34 ms
[2026-09-02T19:01:20.196+00:00][B] [INFO] Transmission Result: success
[2026-09-02T19:01:20.201+00:00][B] [INFO] --------------------------------
[2026-09-02T19:01:20.202+00:00][B] [INFO] [Heartbeat #34]
[2026-09-02T19:01:20.207+00:00][B] [INFO] Sent
[2026-09-02T19:01:20.207+00:00][B] [INFO] Waiting ACK...
[2026-09-02T19:01:20.207+00:00][B] [INFO] [WAITING ACK]
[2026-09-02T19:01:20.221+00:00][B] [INFO] [RF TX] type=2 source=0x02 destination=0xFF previousHop=0x02 sequence=125 ackSequence=0 ttl=8 hops=0 payloadSize=13 rssi=0 snr=0.00
[2026-09-02T19:01:20.221+00:00][B] [INFO] Heartbeat packet sent
[2026-09-02T19:01:20.309+00:00][A] [WARN] TX_RETRY seq=110
[2026-09-02T19:01:20.371+00:00][A] [INFO] [RF TX] type=1 source=0x01 destination=0x02 previousHop=0x01 sequence=110 ackSequence=0 ttl=8 hops=0 payloadSize=4 rssi=0 snr=0.00
[2026-09-02T19:01:20.420+00:00][B] [INFO] [RF TX] type=3 source=0x02 destination=0x01 previousHop=0x02 sequence=126 ackSequence=110 ttl=8 hops=0 payloadSize=2 rssi=0 snr=0.00
[2026-09-02T19:01:21.142+00:00][A] [WARN] Retry 1
[2026-09-02T19:01:21.196+00:00][B] [WARN] Retry 1
[2026-09-02T19:01:21.209+00:00][A] [INFO] --------------------------------
[2026-09-02T19:01:21.209+00:00][A] [INFO] [HEARTBEAT TX]
[2026-09-02T19:01:21.214+00:00][A] [INFO] Node ID: 1
[2026-09-02T19:01:21.214+00:00][A] [INFO] type: 2
[2026-09-02T19:01:21.214+00:00][A] [INFO] Destination: 0xFF
[2026-09-02T19:01:21.220+00:00][A] [INFO] Sequence: 112
[2026-09-02T19:01:21.220+00:00][A] [INFO] Packet ID: 34
[2026-09-02T19:01:21.225+00:00][A] [INFO] Packet Size: 26
[2026-09-02T19:01:21.225+00:00][A] [INFO] Timestamp: 34 ms
[2026-09-02T19:01:21.226+00:00][A] [INFO] Transmission Result: success
[2026-09-02T19:01:21.230+00:00][A] [INFO] --------------------------------
[2026-09-02T19:01:21.231+00:00][A] [INFO] [Heartbeat #34]
[2026-09-02T19:01:21.236+00:00][A] [INFO] Sent
[2026-09-02T19:01:21.236+00:00][A] [INFO] Waiting ACK...
[2026-09-02T19:01:21.236+00:00][A] [INFO] [WAITING ACK]
[2026-09-02T19:01:21.250+00:00][A] [INFO] [RF TX] type=2 source=0x01 destination=0xFF previousHop=0x01 sequence=112 ackSequence=0 ttl=8 hops=0 payloadSize=13 rssi=0 snr=0.00
[2026-09-02T19:01:21.250+00:00][A] [INFO] Heartbeat packet sent
[2026-09-02T19:01:21.263+00:00][B] [INFO] --------------------------------
[2026-09-02T19:01:21.263+00:00][B] [INFO] [HEARTBEAT TX]
[2026-09-02T19:01:21.268+00:00][B] [INFO] Node ID: 2
[2026-09-02T19:01:21.268+00:00][B] [INFO] type: 2
[2026-09-02T19:01:21.268+00:00][B] [INFO] Destination: 0xFF
[2026-09-02T19:01:21.274+00:00][B] [INFO] Sequence: 125
[2026-09-02T19:01:21.274+00:00][B] [INFO] Packet ID: 34
[2026-09-02T19:01:21.279+00:00][B] [INFO] Packet Size: 26
[2026-09-02T19:01:21.279+00:00][B] [INFO] Timestamp: 34 ms
[2026-09-02T19:01:21.280+00:00][B] [INFO] Transmission Result: success
[2026-09-02T19:01:21.286+00:00][B] [INFO] --------------------------------
[2026-09-02T19:01:21.286+00:00][B] [INFO] [Heartbeat #34]
[2026-09-02T19:01:21.290+00:00][B] [INFO] Sent
[2026-09-02T19:01:21.291+00:00][B] [INFO] Waiting ACK...
[2026-09-02T19:01:21.291+00:00][B] [INFO] [WAITING ACK]
[2026-09-02T19:01:21.305+00:00][B] [INFO] [RF TX] type=2 source=0x02 destination=0xFF previousHop=0x02 sequence=125 ackSequence=0 ttl=8 hops=0 payloadSize=13 rssi=0 snr=0.00
[2026-09-02T19:01:21.305+00:00][B] [INFO] Heartbeat packet sent
[2026-09-02T19:01:21.375+00:00][A] [ERROR] TX_FAILED
[2026-09-02T19:01:21.375+00:00][A] [WARN] ACK_FAILED seq=110
[2026-09-02T19:01:21.378+00:00][A] [INFO] TEST_DATA_QUEUED dst=0x02 seq=113 remaining=20
[2026-09-02T19:01:21.434+00:00][A] [INFO] [RF TX] type=1 source=0x01 destination=0x02 previousHop=0x01 sequence=113 ackSequence=0 ttl=8 hops=0 payloadSize=4 rssi=0 snr=0.00
[2026-09-02T19:01:21.436+00:00][B] [INFO] [RF RX] type=1 source=0x01 destination=0x02 previousHop=0x01 sequence=113 ackSequence=0 ttl=8 hops=0 payloadSize=4 rssi=-59 snr=9.50
[2026-09-02T19:01:21.493+00:00][B] [INFO] [RF TX] type=3 source=0x02 destination=0x01 previousHop=0x02 sequence=127 ackSequence=113 ttl=8 hops=0 payloadSize=2 rssi=0 snr=0.00
[2026-09-02T19:01:21.499+00:00][A] [INFO] [RF RX] type=3 source=0x02 destination=0x01 previousHop=0x02 sequence=127 ackSequence=113 ttl=8 hops=0 payloadSize=2 rssi=-57 snr=9.75
[2026-09-02T19:01:21.499+00:00][A] [INFO] ACK_RX seq=113 source=0x02
[2026-09-02T19:01:21.503+00:00][A] [INFO] TEST_DATA_QUEUED dst=0x02 seq=114 remaining=19
[2026-09-02T19:01:21.558+00:00][A] [INFO] [RF TX] type=1 source=0x01 destination=0x02 previousHop=0x01 sequence=114 ackSequence=0 ttl=8 hops=0 payloadSize=4 rssi=0 snr=0.00
[2026-09-02T19:01:21.559+00:00][B] [INFO] [RF RX] type=1 source=0x01 destination=0x02 previousHop=0x01 sequence=114 ackSequence=0 ttl=8 hops=0 payloadSize=4 rssi=-59 snr=9.75
[2026-09-02T19:01:21.617+00:00][B] [INFO] [RF TX] type=3 source=0x02 destination=0x01 previousHop=0x02 sequence=128 ackSequence=114 ttl=8 hops=0 payloadSize=2 rssi=0 snr=0.00
[2026-09-02T19:01:21.623+00:00][A] [INFO] [RF RX] type=3 source=0x02 destination=0x01 previousHop=0x02 sequence=128 ackSequence=114 ttl=8 hops=0 payloadSize=2 rssi=-58 snr=9.50
[2026-09-02T19:01:21.624+00:00][A] [INFO] ACK_RX seq=114 source=0x02
[2026-09-02T19:01:21.627+00:00][A] [INFO] TEST_DATA_QUEUED dst=0x02 seq=115 remaining=18
[2026-09-02T19:01:21.681+00:00][A] [INFO] [RF TX] type=1 source=0x01 destination=0x02 previousHop=0x01 sequence=115 ackSequence=0 ttl=8 hops=0 payloadSize=4 rssi=0 snr=0.00
[2026-09-02T19:01:21.683+00:00][B] [INFO] [RF RX] type=1 source=0x01 destination=0x02 previousHop=0x01 sequence=115 ackSequence=0 ttl=8 hops=0 payloadSize=4 rssi=-62 snr=9.50
[2026-09-02T19:01:21.741+00:00][B] [INFO] [RF TX] type=3 source=0x02 destination=0x01 previousHop=0x02 sequence=129 ackSequence=115 ttl=8 hops=0 payloadSize=2 rssi=0 snr=0.00
[2026-09-02T19:01:21.747+00:00][A] [INFO] [RF RX] type=3 source=0x02 destination=0x01 previousHop=0x02 sequence=129 ackSequence=115 ttl=8 hops=0 payloadSize=2 rssi=-58 snr=9.50
[2026-09-02T19:01:21.747+00:00][A] [INFO] ACK_RX seq=115 source=0x02
[2026-09-02T19:01:21.751+00:00][A] [INFO] TEST_DATA_QUEUED dst=0x02 seq=116 remaining=17
[2026-09-02T19:01:21.805+00:00][A] [INFO] [RF TX] type=1 source=0x01 destination=0x02 previousHop=0x01 sequence=116 ackSequence=0 ttl=8 hops=0 payloadSize=4 rssi=0 snr=0.00
[2026-09-02T19:01:21.807+00:00][B] [INFO] [RF RX] type=1 source=0x01 destination=0x02 previousHop=0x01 sequence=116 ackSequence=0 ttl=8 hops=0 payloadSize=4 rssi=-60 snr=9.50
[2026-09-02T19:01:21.865+00:00][B] [INFO] [RF TX] type=3 source=0x02 destination=0x01 previousHop=0x02 sequence=130 ackSequence=116 ttl=8 hops=0 payloadSize=2 rssi=0 snr=0.00
[2026-09-02T19:01:21.870+00:00][A] [INFO] [RF RX] type=3 source=0x02 destination=0x01 previousHop=0x02 sequence=130 ackSequence=116 ttl=8 hops=0 payloadSize=2 rssi=-58 snr=9.25
[2026-09-02T19:01:21.871+00:00][A] [INFO] ACK_RX seq=116 source=0x02
[2026-09-02T19:01:21.875+00:00][A] [INFO] TEST_DATA_QUEUED dst=0x02 seq=117 remaining=16
[2026-09-02T19:01:21.929+00:00][A] [INFO] [RF TX] type=1 source=0x01 destination=0x02 previousHop=0x01 sequence=117 ackSequence=0 ttl=8 hops=0 payloadSize=4 rssi=0 snr=0.00
[2026-09-02T19:01:21.931+00:00][B] [INFO] [RF RX] type=1 source=0x01 destination=0x02 previousHop=0x01 sequence=117 ackSequence=0 ttl=8 hops=0 payloadSize=4 rssi=-60 snr=9.50
[2026-09-02T19:01:21.988+00:00][B] [INFO] [RF TX] type=3 source=0x02 destination=0x01 previousHop=0x02 sequence=131 ackSequence=117 ttl=8 hops=0 payloadSize=2 rssi=0 snr=0.00
[2026-09-02T19:01:21.994+00:00][A] [INFO] [RF RX] type=3 source=0x02 destination=0x01 previousHop=0x02 sequence=131 ackSequence=117 ttl=8 hops=0 payloadSize=2 rssi=-58 snr=9.75
[2026-09-02T19:01:21.994+00:00][A] [INFO] ACK_RX seq=117 source=0x02
[2026-09-02T19:01:21.998+00:00][A] [INFO] TEST_DATA_QUEUED dst=0x02 seq=118 remaining=15
[2026-09-02T19:01:22.053+00:00][A] [INFO] [RF TX] type=1 source=0x01 destination=0x02 previousHop=0x01 sequence=118 ackSequence=0 ttl=8 hops=0 payloadSize=4 rssi=0 snr=0.00
[2026-09-02T19:01:22.054+00:00][B] [INFO] [RF RX] type=1 source=0x01 destination=0x02 previousHop=0x01 sequence=118 ackSequence=0 ttl=8 hops=0 payloadSize=4 rssi=-59 snr=9.75
[2026-09-02T19:01:22.112+00:00][B] [INFO] [RF TX] type=3 source=0x02 destination=0x01 previousHop=0x02 sequence=132 ackSequence=118 ttl=8 hops=0 payloadSize=2 rssi=0 snr=0.00
[2026-09-02T19:01:22.125+00:00][A] [INFO] --------------------------------
[2026-09-02T19:01:22.125+00:00][A] [INFO] [HEARTBEAT TX]
[2026-09-02T19:01:22.130+00:00][A] [INFO] Node ID: 1
[2026-09-02T19:01:22.130+00:00][A] [INFO] type: 2
[2026-09-02T19:01:22.130+00:00][A] [INFO] Destination: 0xFF
[2026-09-02T19:01:22.136+00:00][A] [INFO] Sequence: 119
[2026-09-02T19:01:22.136+00:00][A] [INFO] Packet ID: 35
[2026-09-02T19:01:22.141+00:00][A] [INFO] Packet Size: 26
[2026-09-02T19:01:22.141+00:00][A] [INFO] Timestamp: 35 ms
[2026-09-02T19:01:22.142+00:00][A] [INFO] Transmission Result: success
[2026-09-02T19:01:22.147+00:00][A] [INFO] --------------------------------
[2026-09-02T19:01:22.147+00:00][A] [INFO] [Heartbeat #35]
[2026-09-02T19:01:22.152+00:00][A] [INFO] Sent
[2026-09-02T19:01:22.153+00:00][A] [INFO] Waiting ACK...
[2026-09-02T19:01:22.153+00:00][A] [INFO] [WAITING ACK]
[2026-09-02T19:01:22.166+00:00][A] [INFO] [RF TX] type=2 source=0x01 destination=0xFF previousHop=0x01 sequence=119 ackSequence=0 ttl=8 hops=0 payloadSize=13 rssi=0 snr=0.00
[2026-09-02T19:01:22.167+00:00][A] [INFO] Heartbeat packet sent
[2026-09-02T19:01:22.179+00:00][B] [INFO] --------------------------------
[2026-09-02T19:01:22.179+00:00][B] [INFO] [HEARTBEAT TX]
[2026-09-02T19:01:22.184+00:00][B] [INFO] Node ID: 2
[2026-09-02T19:01:22.185+00:00][B] [INFO] type: 2
[2026-09-02T19:01:22.185+00:00][B] [INFO] Destination: 0xFF
[2026-09-02T19:01:22.190+00:00][B] [INFO] Sequence: 133
[2026-09-02T19:01:22.190+00:00][B] [INFO] Packet ID: 35
[2026-09-02T19:01:22.195+00:00][B] [INFO] Packet Size: 26
[2026-09-02T19:01:22.196+00:00][B] [INFO] Timestamp: 35 ms
[2026-09-02T19:01:22.196+00:00][B] [INFO] Transmission Result: success
[2026-09-02T19:01:22.201+00:00][B] [INFO] --------------------------------
[2026-09-02T19:01:22.201+00:00][B] [INFO] [Heartbeat #35]
[2026-09-02T19:01:22.206+00:00][B] [INFO] Sent
[2026-09-02T19:01:22.207+00:00][B] [INFO] Waiting ACK...
[2026-09-02T19:01:22.207+00:00][B] [INFO] [WAITING ACK]
[2026-09-02T19:01:22.221+00:00][B] [INFO] [RF TX] type=2 source=0x02 destination=0xFF previousHop=0x02 sequence=133 ackSequence=0 ttl=8 hops=0 payloadSize=13 rssi=0 snr=0.00
[2026-09-02T19:01:22.221+00:00][B] [INFO] Heartbeat packet sent
[2026-09-02T19:01:23.053+00:00][A] [WARN] TX_RETRY seq=118
[2026-09-02T19:01:23.116+00:00][A] [INFO] [RF TX] type=1 source=0x01 destination=0x02 previousHop=0x01 sequence=118 ackSequence=0 ttl=8 hops=0 payloadSize=4 rssi=0 snr=0.00
[2026-09-02T19:01:23.142+00:00][A] [WARN] Retry 1
[2026-09-02T19:01:23.164+00:00][B] [INFO] [RF TX] type=3 source=0x02 destination=0x01 previousHop=0x02 sequence=134 ackSequence=118 ttl=8 hops=0 payloadSize=2 rssi=0 snr=0.00
[2026-09-02T19:01:23.196+00:00][B] [WARN] Retry 1
[2026-09-02T19:01:23.209+00:00][A] [INFO] --------------------------------
[2026-09-02T19:01:23.209+00:00][A] [INFO] [HEARTBEAT TX]
[2026-09-02T19:01:23.214+00:00][A] [INFO] Node ID: 1
[2026-09-02T19:01:23.214+00:00][A] [INFO] type: 2
[2026-09-02T19:01:23.214+00:00][A] [INFO] Destination: 0xFF
[2026-09-02T19:01:23.219+00:00][A] [INFO] Sequence: 119
[2026-09-02T19:01:23.220+00:00][A] [INFO] Packet ID: 35
[2026-09-02T19:01:23.225+00:00][A] [INFO] Packet Size: 26
[2026-09-02T19:01:23.225+00:00][A] [INFO] Timestamp: 35 ms
[2026-09-02T19:01:23.226+00:00][A] [INFO] Transmission Result: success
[2026-09-02T19:01:23.230+00:00][A] [INFO] --------------------------------
[2026-09-02T19:01:23.231+00:00][A] [INFO] [Heartbeat #35]
[2026-09-02T19:01:23.236+00:00][A] [INFO] Sent
[2026-09-02T19:01:23.236+00:00][A] [INFO] Waiting ACK...
[2026-09-02T19:01:23.236+00:00][A] [INFO] [WAITING ACK]
[2026-09-02T19:01:23.250+00:00][A] [INFO] [RF TX] type=2 source=0x01 destination=0xFF previousHop=0x01 sequence=119 ackSequence=0 ttl=8 hops=0 payloadSize=13 rssi=0 snr=0.00
[2026-09-02T19:01:23.250+00:00][A] [INFO] Heartbeat packet sent
[2026-09-02T19:01:23.263+00:00][B] [INFO] --------------------------------
[2026-09-02T19:01:23.263+00:00][B] [INFO] [HEARTBEAT TX]
[2026-09-02T19:01:23.268+00:00][B] [INFO] Node ID: 2
[2026-09-02T19:01:23.269+00:00][B] [INFO] type: 2
[2026-09-02T19:01:23.269+00:00][B] [INFO] Destination: 0xFF
[2026-09-02T19:01:23.274+00:00][B] [INFO] Sequence: 133
[2026-09-02T19:01:23.274+00:00][B] [INFO] Packet ID: 35
[2026-09-02T19:01:23.279+00:00][B] [INFO] Packet Size: 26
[2026-09-02T19:01:23.279+00:00][B] [INFO] Timestamp: 35 ms
[2026-09-02T19:01:23.280+00:00][B] [INFO] Transmission Result: success
[2026-09-02T19:01:23.285+00:00][B] [INFO] --------------------------------
[2026-09-02T19:01:23.285+00:00][B] [INFO] [Heartbeat #35]
[2026-09-02T19:01:23.290+00:00][B] [INFO] Sent
[2026-09-02T19:01:23.291+00:00][B] [INFO] Waiting ACK...
[2026-09-02T19:01:23.291+00:00][B] [INFO] [WAITING ACK]
[2026-09-02T19:01:23.305+00:00][B] [INFO] [RF TX] type=2 source=0x02 destination=0xFF previousHop=0x02 sequence=133 ackSequence=0 ttl=8 hops=0 payloadSize=13 rssi=0 snr=0.00
[2026-09-02T19:01:23.305+00:00][B] [INFO] Heartbeat packet sent
[2026-09-02T19:01:24.125+00:00][A] [INFO] --------------------------------
[2026-09-02T19:01:24.125+00:00][A] [INFO] [HEARTBEAT TX]
[2026-09-02T19:01:24.130+00:00][A] [INFO] Node ID: 1
[2026-09-02T19:01:24.130+00:00][A] [INFO] type: 2
[2026-09-02T19:01:24.130+00:00][A] [INFO] Destination: 0xFF
[2026-09-02T19:01:24.135+00:00][A] [INFO] Sequence: 120
[2026-09-02T19:01:24.136+00:00][A] [INFO] Packet ID: 36
[2026-09-02T19:01:24.141+00:00][A] [INFO] Packet Size: 26
[2026-09-02T19:01:24.141+00:00][A] [INFO] Timestamp: 36 ms
[2026-09-02T19:01:24.141+00:00][A] [INFO] Transmission Result: success
[2026-09-02T19:01:24.147+00:00][A] [INFO] --------------------------------
[2026-09-02T19:01:24.147+00:00][A] [INFO] [Heartbeat #36]
[2026-09-02T19:01:24.152+00:00][A] [INFO] Sent
[2026-09-02T19:01:24.152+00:00][A] [INFO] Waiting ACK...
[2026-09-02T19:01:24.153+00:00][A] [INFO] [WAITING ACK]
[2026-09-02T19:01:24.168+00:00][A] [INFO] [RF TX] type=2 source=0x01 destination=0xFF previousHop=0x01 sequence=120 ackSequence=0 ttl=8 hops=0 payloadSize=13 rssi=0 snr=0.00
[2026-09-02T19:01:24.169+00:00][A] [INFO] Heartbeat packet sent
[2026-09-02T19:01:24.170+00:00][A] [WARN] TX_RETRY seq=118
[2026-09-02T19:01:24.179+00:00][B] [INFO] --------------------------------
[2026-09-02T19:01:24.179+00:00][B] [INFO] [HEARTBEAT TX]
[2026-09-02T19:01:24.184+00:00][B] [INFO] Node ID: 2
[2026-09-02T19:01:24.185+00:00][B] [INFO] type: 2
[2026-09-02T19:01:24.185+00:00][B] [INFO] Destination: 0xFF
[2026-09-02T19:01:24.190+00:00][B] [INFO] Sequence: 135
[2026-09-02T19:01:24.191+00:00][B] [INFO] Packet ID: 36
[2026-09-02T19:01:24.195+00:00][B] [INFO] Packet Size: 26
[2026-09-02T19:01:24.196+00:00][B] [INFO] Timestamp: 36 ms
[2026-09-02T19:01:24.196+00:00][B] [INFO] Transmission Result: success
[2026-09-02T19:01:24.201+00:00][B] [INFO] --------------------------------
[2026-09-02T19:01:24.202+00:00][B] [INFO] [Heartbeat #36]
[2026-09-02T19:01:24.207+00:00][B] [INFO] Sent
[2026-09-02T19:01:24.207+00:00][B] [INFO] Waiting ACK...
[2026-09-02T19:01:24.208+00:00][B] [INFO] [WAITING ACK]
[2026-09-02T19:01:24.221+00:00][B] [INFO] [RF TX] type=2 source=0x02 destination=0xFF previousHop=0x02 sequence=135 ackSequence=0 ttl=8 hops=0 payloadSize=13 rssi=0 snr=0.00
[2026-09-02T19:01:24.221+00:00][B] [INFO] Heartbeat packet sent
[2026-09-02T19:01:24.226+00:00][A] [INFO] [RF TX] type=1 source=0x01 destination=0x02 previousHop=0x01 sequence=118 ackSequence=0 ttl=8 hops=0 payloadSize=4 rssi=0 snr=0.00
[2026-09-02T19:01:25.143+00:00][A] [WARN] Retry 1
[2026-09-02T19:01:25.196+00:00][B] [WARN] Retry 1
[2026-09-02T19:01:25.209+00:00][A] [INFO] --------------------------------
[2026-09-02T19:01:25.209+00:00][A] [INFO] [HEARTBEAT TX]
[2026-09-02T19:01:25.214+00:00][A] [INFO] Node ID: 1
[2026-09-02T19:01:25.214+00:00][A] [INFO] type: 2
[2026-09-02T19:01:25.214+00:00][A] [INFO] Destination: 0xFF
[2026-09-02T19:01:25.219+00:00][A] [INFO] Sequence: 120
[2026-09-02T19:01:25.220+00:00][A] [INFO] Packet ID: 36
[2026-09-02T19:01:25.225+00:00][A] [INFO] Packet Size: 26
[2026-09-02T19:01:25.225+00:00][A] [INFO] Timestamp: 36 ms
[2026-09-02T19:01:25.226+00:00][A] [INFO] Transmission Result: success
[2026-09-02T19:01:25.230+00:00][A] [INFO] --------------------------------
[2026-09-02T19:01:25.231+00:00][A] [INFO] [Heartbeat #36]
[2026-09-02T19:01:25.236+00:00][A] [INFO] Sent
[2026-09-02T19:01:25.236+00:00][A] [INFO] Waiting ACK...
[2026-09-02T19:01:25.236+00:00][A] [INFO] [WAITING ACK]
[2026-09-02T19:01:25.252+00:00][A] [INFO] [RF TX] type=2 source=0x01 destination=0xFF previousHop=0x01 sequence=120 ackSequence=0 ttl=8 hops=0 payloadSize=13 rssi=0 snr=0.00
[2026-09-02T19:01:25.253+00:00][A] [INFO] Heartbeat packet sent
[2026-09-02T19:01:25.253+00:00][A] [WARN] TX_RETRY seq=118
[2026-09-02T19:01:25.263+00:00][B] [INFO] --------------------------------
[2026-09-02T19:01:25.263+00:00][B] [INFO] [HEARTBEAT TX]
[2026-09-02T19:01:25.268+00:00][B] [INFO] Node ID: 2
[2026-09-02T19:01:25.269+00:00][B] [INFO] type: 2
[2026-09-02T19:01:25.269+00:00][B] [INFO] Destination: 0xFF
[2026-09-02T19:01:25.274+00:00][B] [INFO] Sequence: 135
[2026-09-02T19:01:25.274+00:00][B] [INFO] Packet ID: 36
[2026-09-02T19:01:25.279+00:00][B] [INFO] Packet Size: 26
[2026-09-02T19:01:25.279+00:00][B] [INFO] Timestamp: 36 ms
[2026-09-02T19:01:25.280+00:00][B] [INFO] Transmission Result: success
[2026-09-02T19:01:25.285+00:00][B] [INFO] --------------------------------
[2026-09-02T19:01:25.285+00:00][B] [INFO] [Heartbeat #36]
[2026-09-02T19:01:25.290+00:00][B] [INFO] Sent
[2026-09-02T19:01:25.291+00:00][B] [INFO] Waiting ACK...
[2026-09-02T19:01:25.291+00:00][B] [INFO] [WAITING ACK]
[2026-09-02T19:01:25.305+00:00][B] [INFO] [RF TX] type=2 source=0x02 destination=0xFF previousHop=0x02 sequence=135 ackSequence=0 ttl=8 hops=0 payloadSize=13 rssi=0 snr=0.00
[2026-09-02T19:01:25.305+00:00][B] [INFO] Heartbeat packet sent
[2026-09-02T19:01:25.309+00:00][A] [INFO] [RF TX] type=1 source=0x01 destination=0x02 previousHop=0x01 sequence=118 ackSequence=0 ttl=8 hops=0 payloadSize=4 rssi=0 snr=0.00
[2026-09-02T19:01:26.124+00:00][A] [INFO] --------------------------------
[2026-09-02T19:01:26.125+00:00][A] [INFO] [HEARTBEAT TX]
[2026-09-02T19:01:26.130+00:00][A] [INFO] Node ID: 1
[2026-09-02T19:01:26.130+00:00][A] [INFO] type: 2
[2026-09-02T19:01:26.130+00:00][A] [INFO] Destination: 0xFF
[2026-09-02T19:01:26.135+00:00][A] [INFO] Sequence: 121
[2026-09-02T19:01:26.136+00:00][A] [INFO] Packet ID: 37
[2026-09-02T19:01:26.141+00:00][A] [INFO] Packet Size: 26
[2026-09-02T19:01:26.141+00:00][A] [INFO] Timestamp: 37 ms
[2026-09-02T19:01:26.142+00:00][A] [INFO] Transmission Result: success
[2026-09-02T19:01:26.146+00:00][A] [INFO] --------------------------------
[2026-09-02T19:01:26.147+00:00][A] [INFO] [Heartbeat #37]
[2026-09-02T19:01:26.152+00:00][A] [INFO] Sent
[2026-09-02T19:01:26.152+00:00][A] [INFO] Waiting ACK...
[2026-09-02T19:01:26.152+00:00][A] [INFO] [WAITING ACK]
[2026-09-02T19:01:26.166+00:00][A] [INFO] [RF TX] type=2 source=0x01 destination=0xFF previousHop=0x01 sequence=121 ackSequence=0 ttl=8 hops=0 payloadSize=13 rssi=0 snr=0.00
[2026-09-02T19:01:26.167+00:00][A] [INFO] Heartbeat packet sent
[2026-09-02T19:01:26.179+00:00][B] [INFO] --------------------------------
[2026-09-02T19:01:26.179+00:00][B] [INFO] [HEARTBEAT TX]
[2026-09-02T19:01:26.184+00:00][B] [INFO] Node ID: 2
[2026-09-02T19:01:26.184+00:00][B] [INFO] type: 2
[2026-09-02T19:01:26.185+00:00][B] [INFO] Destination: 0xFF
[2026-09-02T19:01:26.190+00:00][B] [INFO] Sequence: 136
[2026-09-02T19:01:26.190+00:00][B] [INFO] Packet ID: 37
[2026-09-02T19:01:26.195+00:00][B] [INFO] Packet Size: 26
[2026-09-02T19:01:26.195+00:00][B] [INFO] Timestamp: 37 ms
[2026-09-02T19:01:26.195+00:00][B] [INFO] Transmission Result: success
[2026-09-02T19:01:26.201+00:00][B] [INFO] --------------------------------
[2026-09-02T19:01:26.201+00:00][B] [INFO] [Heartbeat #37]
[2026-09-02T19:01:26.206+00:00][B] [INFO] Sent
[2026-09-02T19:01:26.207+00:00][B] [INFO] Waiting ACK...
[2026-09-02T19:01:26.207+00:00][B] [INFO] [WAITING ACK]
[2026-09-02T19:01:26.221+00:00][B] [INFO] [RF TX] type=2 source=0x02 destination=0xFF previousHop=0x02 sequence=136 ackSequence=0 ttl=8 hops=0 payloadSize=13 rssi=0 snr=0.00
[2026-09-02T19:01:26.221+00:00][B] [INFO] Heartbeat packet sent
[2026-09-02T19:01:26.312+00:00][A] [ERROR] TX_FAILED
[2026-09-02T19:01:26.313+00:00][A] [WARN] ACK_FAILED seq=118
[2026-09-02T19:01:26.316+00:00][A] [INFO] TEST_DATA_QUEUED dst=0x02 seq=122 remaining=14
[2026-09-02T19:01:26.372+00:00][A] [INFO] [RF TX] type=1 source=0x01 destination=0x02 previousHop=0x01 sequence=122 ackSequence=0 ttl=8 hops=0 payloadSize=4 rssi=0 snr=0.00
[2026-09-02T19:01:26.375+00:00][B] [INFO] [RF RX] type=1 source=0x01 destination=0x02 previousHop=0x01 sequence=122 ackSequence=0 ttl=8 hops=0 payloadSize=4 rssi=-59 snr=10.00
[2026-09-02T19:01:26.431+00:00][B] [INFO] [RF TX] type=3 source=0x02 destination=0x01 previousHop=0x02 sequence=137 ackSequence=122 ttl=8 hops=0 payloadSize=2 rssi=0 snr=0.00
[2026-09-02T19:01:26.437+00:00][A] [INFO] [RF RX] type=3 source=0x02 destination=0x01 previousHop=0x02 sequence=137 ackSequence=122 ttl=8 hops=0 payloadSize=2 rssi=-58 snr=9.50
[2026-09-02T19:01:26.437+00:00][A] [INFO] ACK_RX seq=122 source=0x02
[2026-09-02T19:01:26.441+00:00][A] [INFO] TEST_DATA_QUEUED dst=0x02 seq=123 remaining=13
[2026-09-02T19:01:26.496+00:00][A] [INFO] [RF TX] type=1 source=0x01 destination=0x02 previousHop=0x01 sequence=123 ackSequence=0 ttl=8 hops=0 payloadSize=4 rssi=0 snr=0.00
[2026-09-02T19:01:26.497+00:00][B] [INFO] [RF RX] type=1 source=0x01 destination=0x02 previousHop=0x01 sequence=123 ackSequence=0 ttl=8 hops=0 payloadSize=4 rssi=-60 snr=10.00
[2026-09-02T19:01:26.555+00:00][B] [INFO] [RF TX] type=3 source=0x02 destination=0x01 previousHop=0x02 sequence=138 ackSequence=123 ttl=8 hops=0 payloadSize=2 rssi=0 snr=0.00
[2026-09-02T19:01:26.561+00:00][A] [INFO] [RF RX] type=3 source=0x02 destination=0x01 previousHop=0x02 sequence=138 ackSequence=123 ttl=8 hops=0 payloadSize=2 rssi=-58 snr=9.75
[2026-09-02T19:01:26.561+00:00][A] [INFO] ACK_RX seq=123 source=0x02
[2026-09-02T19:01:26.565+00:00][A] [INFO] TEST_DATA_QUEUED dst=0x02 seq=124 remaining=12
[2026-09-02T19:01:26.619+00:00][A] [INFO] [RF TX] type=1 source=0x01 destination=0x02 previousHop=0x01 sequence=124 ackSequence=0 ttl=8 hops=0 payloadSize=4 rssi=0 snr=0.00
[2026-09-02T19:01:26.621+00:00][B] [INFO] [RF RX] type=1 source=0x01 destination=0x02 previousHop=0x01 sequence=124 ackSequence=0 ttl=8 hops=0 payloadSize=4 rssi=-60 snr=9.50
[2026-09-02T19:01:26.679+00:00][B] [INFO] [RF TX] type=3 source=0x02 destination=0x01 previousHop=0x02 sequence=139 ackSequence=124 ttl=8 hops=0 payloadSize=2 rssi=0 snr=0.00
[2026-09-02T19:01:26.685+00:00][A] [INFO] [RF RX] type=3 source=0x02 destination=0x01 previousHop=0x02 sequence=139 ackSequence=124 ttl=8 hops=0 payloadSize=2 rssi=-58 snr=9.50
[2026-09-02T19:01:26.685+00:00][A] [INFO] ACK_RX seq=124 source=0x02
[2026-09-02T19:01:26.688+00:00][A] [INFO] TEST_DATA_QUEUED dst=0x02 seq=125 remaining=11
[2026-09-02T19:01:26.743+00:00][A] [INFO] [RF TX] type=1 source=0x01 destination=0x02 previousHop=0x01 sequence=125 ackSequence=0 ttl=8 hops=0 payloadSize=4 rssi=0 snr=0.00
[2026-09-02T19:01:26.745+00:00][B] [INFO] [RF RX] type=1 source=0x01 destination=0x02 previousHop=0x01 sequence=125 ackSequence=0 ttl=8 hops=0 payloadSize=4 rssi=-60 snr=9.50
[2026-09-02T19:01:26.803+00:00][B] [INFO] [RF TX] type=3 source=0x02 destination=0x01 previousHop=0x02 sequence=140 ackSequence=125 ttl=8 hops=0 payloadSize=2 rssi=0 snr=0.00
[2026-09-02T19:01:26.809+00:00][A] [INFO] [RF RX] type=3 source=0x02 destination=0x01 previousHop=0x02 sequence=140 ackSequence=125 ttl=8 hops=0 payloadSize=2 rssi=-57 snr=9.75
[2026-09-02T19:01:26.809+00:00][A] [INFO] ACK_RX seq=125 source=0x02
[2026-09-02T19:01:26.812+00:00][A] [INFO] TEST_DATA_QUEUED dst=0x02 seq=126 remaining=10
[2026-09-02T19:01:26.867+00:00][A] [INFO] [RF TX] type=1 source=0x01 destination=0x02 previousHop=0x01 sequence=126 ackSequence=0 ttl=8 hops=0 payloadSize=4 rssi=0 snr=0.00
[2026-09-02T19:01:26.869+00:00][B] [INFO] [RF RX] type=1 source=0x01 destination=0x02 previousHop=0x01 sequence=126 ackSequence=0 ttl=8 hops=0 payloadSize=4 rssi=-60 snr=10.00
[2026-09-02T19:01:26.927+00:00][B] [INFO] [RF TX] type=3 source=0x02 destination=0x01 previousHop=0x02 sequence=141 ackSequence=126 ttl=8 hops=0 payloadSize=2 rssi=0 snr=0.00
[2026-09-02T19:01:26.932+00:00][A] [INFO] [RF RX] type=3 source=0x02 destination=0x01 previousHop=0x02 sequence=141 ackSequence=126 ttl=8 hops=0 payloadSize=2 rssi=-58 snr=9.50
[2026-09-02T19:01:26.933+00:00][A] [INFO] ACK_RX seq=126 source=0x02
[2026-09-02T19:01:26.936+00:00][A] [INFO] TEST_DATA_QUEUED dst=0x02 seq=127 remaining=9
[2026-09-02T19:01:26.991+00:00][A] [INFO] [RF TX] type=1 source=0x01 destination=0x02 previousHop=0x01 sequence=127 ackSequence=0 ttl=8 hops=0 payloadSize=4 rssi=0 snr=0.00
[2026-09-02T19:01:26.993+00:00][B] [INFO] [RF RX] type=1 source=0x01 destination=0x02 previousHop=0x01 sequence=127 ackSequence=0 ttl=8 hops=0 payloadSize=4 rssi=-60 snr=9.50
[2026-09-02T19:01:27.050+00:00][B] [INFO] [RF TX] type=3 source=0x02 destination=0x01 previousHop=0x02 sequence=142 ackSequence=127 ttl=8 hops=0 payloadSize=2 rssi=0 snr=0.00
[2026-09-02T19:01:27.056+00:00][A] [INFO] [RF RX] type=3 source=0x02 destination=0x01 previousHop=0x02 sequence=142 ackSequence=127 ttl=8 hops=0 payloadSize=2 rssi=-57 snr=9.75
[2026-09-02T19:01:27.057+00:00][A] [INFO] ACK_RX seq=127 source=0x02
[2026-09-02T19:01:27.060+00:00][A] [INFO] TEST_DATA_QUEUED dst=0x02 seq=128 remaining=8
[2026-09-02T19:01:27.115+00:00][A] [INFO] [RF TX] type=1 source=0x01 destination=0x02 previousHop=0x01 sequence=128 ackSequence=0 ttl=8 hops=0 payloadSize=4 rssi=0 snr=0.00
[2026-09-02T19:01:27.117+00:00][B] [INFO] [RF RX] type=1 source=0x01 destination=0x02 previousHop=0x01 sequence=128 ackSequence=0 ttl=8 hops=0 payloadSize=4 rssi=-60 snr=9.50
[2026-09-02T19:01:27.141+00:00][A] [WARN] Retry 1
[2026-09-02T19:01:27.175+00:00][B] [INFO] [RF TX] type=3 source=0x02 destination=0x01 previousHop=0x02 sequence=143 ackSequence=128 ttl=8 hops=0 payloadSize=2 rssi=0 snr=0.00
[2026-09-02T19:01:27.196+00:00][B] [WARN] Retry 1
[2026-09-02T19:01:27.208+00:00][A] [INFO] --------------------------------
[2026-09-02T19:01:27.209+00:00][A] [INFO] [HEARTBEAT TX]
[2026-09-02T19:01:27.214+00:00][A] [INFO] Node ID: 1
[2026-09-02T19:01:27.214+00:00][A] [INFO] type: 2
[2026-09-02T19:01:27.214+00:00][A] [INFO] Destination: 0xFF
[2026-09-02T19:01:27.219+00:00][A] [INFO] Sequence: 121
[2026-09-02T19:01:27.220+00:00][A] [INFO] Packet ID: 37
[2026-09-02T19:01:27.225+00:00][A] [INFO] Packet Size: 26
[2026-09-02T19:01:27.225+00:00][A] [INFO] Timestamp: 37 ms
[2026-09-02T19:01:27.226+00:00][A] [INFO] Transmission Result: success
[2026-09-02T19:01:27.230+00:00][A] [INFO] --------------------------------
[2026-09-02T19:01:27.231+00:00][A] [INFO] [Heartbeat #37]
[2026-09-02T19:01:27.236+00:00][A] [INFO] Sent
[2026-09-02T19:01:27.236+00:00][A] [INFO] Waiting ACK...
[2026-09-02T19:01:27.236+00:00][A] [INFO] [WAITING ACK]
[2026-09-02T19:01:27.250+00:00][A] [INFO] [RF TX] type=2 source=0x01 destination=0xFF previousHop=0x01 sequence=121 ackSequence=0 ttl=8 hops=0 payloadSize=13 rssi=0 snr=0.00
[2026-09-02T19:01:27.251+00:00][A] [INFO] Heartbeat packet sent
[2026-09-02T19:01:27.263+00:00][B] [INFO] --------------------------------
[2026-09-02T19:01:27.263+00:00][B] [INFO] [HEARTBEAT TX]
[2026-09-02T19:01:27.268+00:00][B] [INFO] Node ID: 2
[2026-09-02T19:01:27.268+00:00][B] [INFO] type: 2
[2026-09-02T19:01:27.268+00:00][B] [INFO] Destination: 0xFF
[2026-09-02T19:01:27.274+00:00][B] [INFO] Sequence: 136
[2026-09-02T19:01:27.274+00:00][B] [INFO] Packet ID: 37
[2026-09-02T19:01:27.279+00:00][B] [INFO] Packet Size: 26
[2026-09-02T19:01:27.279+00:00][B] [INFO] Timestamp: 37 ms
[2026-09-02T19:01:27.279+00:00][B] [INFO] Transmission Result: success
[2026-09-02T19:01:27.285+00:00][B] [INFO] --------------------------------
[2026-09-02T19:01:27.285+00:00][B] [INFO] [Heartbeat #37]
[2026-09-02T19:01:27.290+00:00][B] [INFO] Sent
[2026-09-02T19:01:27.290+00:00][B] [INFO] Waiting ACK...
[2026-09-02T19:01:27.291+00:00][B] [INFO] [WAITING ACK]
[2026-09-02T19:01:27.304+00:00][B] [INFO] [RF TX] type=2 source=0x02 destination=0xFF previousHop=0x02 sequence=136 ackSequence=0 ttl=8 hops=0 payloadSize=13 rssi=0 snr=0.00
[2026-09-02T19:01:27.305+00:00][B] [INFO] Heartbeat packet sent
[2026-09-02T19:01:28.124+00:00][A] [INFO] --------------------------------
[2026-09-02T19:01:28.124+00:00][A] [INFO] [HEARTBEAT TX]
[2026-09-02T19:01:28.130+00:00][A] [INFO] Node ID: 1
[2026-09-02T19:01:28.130+00:00][A] [INFO] type: 2
[2026-09-02T19:01:28.130+00:00][A] [INFO] Destination: 0xFF
[2026-09-02T19:01:28.135+00:00][A] [INFO] Sequence: 129
[2026-09-02T19:01:28.135+00:00][A] [INFO] Packet ID: 38
[2026-09-02T19:01:28.141+00:00][A] [INFO] Packet Size: 26
[2026-09-02T19:01:28.141+00:00][A] [INFO] Timestamp: 38 ms
[2026-09-02T19:01:28.141+00:00][A] [INFO] Transmission Result: success
[2026-09-02T19:01:28.146+00:00][A] [INFO] --------------------------------
[2026-09-02T19:01:28.146+00:00][A] [INFO] [Heartbeat #38]
[2026-09-02T19:01:28.152+00:00][A] [INFO] Sent
[2026-09-02T19:01:28.152+00:00][A] [INFO] Waiting ACK...
[2026-09-02T19:01:28.152+00:00][A] [INFO] [WAITING ACK]
[2026-09-02T19:01:28.168+00:00][A] [INFO] [RF TX] type=2 source=0x01 destination=0xFF previousHop=0x01 sequence=129 ackSequence=0 ttl=8 hops=0 payloadSize=13 rssi=0 snr=0.00
[2026-09-02T19:01:28.168+00:00][A] [INFO] Heartbeat packet sent
[2026-09-02T19:01:28.169+00:00][A] [WARN] TX_RETRY seq=128
[2026-09-02T19:01:28.179+00:00][B] [INFO] --------------------------------
[2026-09-02T19:01:28.179+00:00][B] [INFO] [HEARTBEAT TX]
[2026-09-02T19:01:28.184+00:00][B] [INFO] Node ID: 2
[2026-09-02T19:01:28.184+00:00][B] [INFO] type: 2
[2026-09-02T19:01:28.184+00:00][B] [INFO] Destination: 0xFF
[2026-09-02T19:01:28.190+00:00][B] [INFO] Sequence: 144
[2026-09-02T19:01:28.190+00:00][B] [INFO] Packet ID: 38
[2026-09-02T19:01:28.195+00:00][B] [INFO] Packet Size: 26
[2026-09-02T19:01:28.195+00:00][B] [INFO] Timestamp: 38 ms
[2026-09-02T19:01:28.195+00:00][B] [INFO] Transmission Result: success
[2026-09-02T19:01:28.201+00:00][B] [INFO] --------------------------------
[2026-09-02T19:01:28.201+00:00][B] [INFO] [Heartbeat #38]
[2026-09-02T19:01:28.206+00:00][B] [INFO] Sent
[2026-09-02T19:01:28.206+00:00][B] [INFO] Waiting ACK...
[2026-09-02T19:01:28.206+00:00][B] [INFO] [WAITING ACK]
[2026-09-02T19:01:28.220+00:00][B] [INFO] [RF TX] type=2 source=0x02 destination=0xFF previousHop=0x02 sequence=144 ackSequence=0 ttl=8 hops=0 payloadSize=13 rssi=0 snr=0.00
[2026-09-02T19:01:28.221+00:00][B] [INFO] Heartbeat packet sent
[2026-09-02T19:01:28.225+00:00][A] [INFO] [RF TX] type=1 source=0x01 destination=0x02 previousHop=0x01 sequence=128 ackSequence=0 ttl=8 hops=0 payloadSize=4 rssi=0 snr=0.00
[2026-09-02T19:01:29.141+00:00][A] [WARN] Retry 1
[2026-09-02T19:01:29.196+00:00][B] [WARN] Retry 1
[2026-09-02T19:01:29.208+00:00][A] [INFO] --------------------------------
[2026-09-02T19:01:29.208+00:00][A] [INFO] [HEARTBEAT TX]
[2026-09-02T19:01:29.213+00:00][A] [INFO] Node ID: 1
[2026-09-02T19:01:29.213+00:00][A] [INFO] type: 2
[2026-09-02T19:01:29.214+00:00][A] [INFO] Destination: 0xFF
[2026-09-02T19:01:29.219+00:00][A] [INFO] Sequence: 129
[2026-09-02T19:01:29.219+00:00][A] [INFO] Packet ID: 38
[2026-09-02T19:01:29.224+00:00][A] [INFO] Packet Size: 26
[2026-09-02T19:01:29.225+00:00][A] [INFO] Timestamp: 38 ms
[2026-09-02T19:01:29.225+00:00][A] [INFO] Transmission Result: success
[2026-09-02T19:01:29.230+00:00][A] [INFO] --------------------------------
[2026-09-02T19:01:29.230+00:00][A] [INFO] [Heartbeat #38]
[2026-09-02T19:01:29.236+00:00][A] [INFO] Sent
[2026-09-02T19:01:29.236+00:00][A] [INFO] Waiting ACK...
[2026-09-02T19:01:29.236+00:00][A] [INFO] [WAITING ACK]
[2026-09-02T19:01:29.252+00:00][A] [INFO] [RF TX] type=2 source=0x01 destination=0xFF previousHop=0x01 sequence=129 ackSequence=0 ttl=8 hops=0 payloadSize=13 rssi=0 snr=0.00
[2026-09-02T19:01:29.252+00:00][A] [INFO] Heartbeat packet sent
[2026-09-02T19:01:29.252+00:00][A] [WARN] TX_RETRY seq=128
[2026-09-02T19:01:29.262+00:00][B] [INFO] --------------------------------
[2026-09-02T19:01:29.262+00:00][B] [INFO] [HEARTBEAT TX]
[2026-09-02T19:01:29.268+00:00][B] [INFO] Node ID: 2
[2026-09-02T19:01:29.268+00:00][B] [INFO] type: 2
[2026-09-02T19:01:29.268+00:00][B] [INFO] Destination: 0xFF
[2026-09-02T19:01:29.274+00:00][B] [INFO] Sequence: 144
[2026-09-02T19:01:29.274+00:00][B] [INFO] Packet ID: 38
[2026-09-02T19:01:29.279+00:00][B] [INFO] Packet Size: 26
[2026-09-02T19:01:29.279+00:00][B] [INFO] Timestamp: 38 ms
[2026-09-02T19:01:29.279+00:00][B] [INFO] Transmission Result: success
[2026-09-02T19:01:29.285+00:00][B] [INFO] --------------------------------
[2026-09-02T19:01:29.285+00:00][B] [INFO] [Heartbeat #38]
[2026-09-02T19:01:29.290+00:00][B] [INFO] Sent
[2026-09-02T19:01:29.290+00:00][B] [INFO] Waiting ACK...
[2026-09-02T19:01:29.290+00:00][B] [INFO] [WAITING ACK]
[2026-09-02T19:01:29.304+00:00][B] [INFO] [RF TX] type=2 source=0x02 destination=0xFF previousHop=0x02 sequence=144 ackSequence=0 ttl=8 hops=0 payloadSize=13 rssi=0 snr=0.00
[2026-09-02T19:01:29.304+00:00][B] [INFO] Heartbeat packet sent
[2026-09-02T19:01:29.309+00:00][A] [INFO] [RF TX] type=1 source=0x01 destination=0x02 previousHop=0x01 sequence=128 ackSequence=0 ttl=8 hops=0 payloadSize=4 rssi=0 snr=0.00
[2026-09-02T19:01:30.125+00:00][A] [INFO] --------------------------------
[2026-09-02T19:01:30.125+00:00][A] [INFO] [HEARTBEAT TX]
[2026-09-02T19:01:30.129+00:00][A] [INFO] Node ID: 1
[2026-09-02T19:01:30.130+00:00][A] [INFO] type: 2
[2026-09-02T19:01:30.130+00:00][A] [INFO] Destination: 0xFF
[2026-09-02T19:01:30.135+00:00][A] [INFO] Sequence: 130
[2026-09-02T19:01:30.135+00:00][A] [INFO] Packet ID: 39
[2026-09-02T19:01:30.141+00:00][A] [INFO] Packet Size: 26
[2026-09-02T19:01:30.141+00:00][A] [INFO] Timestamp: 39 ms
[2026-09-02T19:01:30.142+00:00][A] [INFO] Transmission Result: success
[2026-09-02T19:01:30.146+00:00][A] [INFO] --------------------------------
[2026-09-02T19:01:30.147+00:00][A] [INFO] [Heartbeat #39]
[2026-09-02T19:01:30.152+00:00][A] [INFO] Sent
[2026-09-02T19:01:30.152+00:00][A] [INFO] Waiting ACK...
[2026-09-02T19:01:30.152+00:00][A] [INFO] [WAITING ACK]
[2026-09-02T19:01:30.166+00:00][A] [INFO] [RF TX] type=2 source=0x01 destination=0xFF previousHop=0x01 sequence=130 ackSequence=0 ttl=8 hops=0 payloadSize=13 rssi=0 snr=0.00
[2026-09-02T19:01:30.167+00:00][A] [INFO] Heartbeat packet sent
[2026-09-02T19:01:30.179+00:00][B] [INFO] --------------------------------
[2026-09-02T19:01:30.179+00:00][B] [INFO] [HEARTBEAT TX]
[2026-09-02T19:01:30.184+00:00][B] [INFO] Node ID: 2
[2026-09-02T19:01:30.184+00:00][B] [INFO] type: 2
[2026-09-02T19:01:30.185+00:00][B] [INFO] Destination: 0xFF
[2026-09-02T19:01:30.190+00:00][B] [INFO] Sequence: 145
[2026-09-02T19:01:30.190+00:00][B] [INFO] Packet ID: 39
[2026-09-02T19:01:30.195+00:00][B] [INFO] Packet Size: 26
[2026-09-02T19:01:30.195+00:00][B] [INFO] Timestamp: 39 ms
[2026-09-02T19:01:30.196+00:00][B] [INFO] Transmission Result: success
[2026-09-02T19:01:30.201+00:00][B] [INFO] --------------------------------
[2026-09-02T19:01:30.201+00:00][B] [INFO] [Heartbeat #39]
[2026-09-02T19:01:30.206+00:00][B] [INFO] Sent
[2026-09-02T19:01:30.207+00:00][B] [INFO] Waiting ACK...
[2026-09-02T19:01:30.207+00:00][B] [INFO] [WAITING ACK]
[2026-09-02T19:01:30.221+00:00][B] [INFO] [RF TX] type=2 source=0x02 destination=0xFF previousHop=0x02 sequence=145 ackSequence=0 ttl=8 hops=0 payloadSize=13 rssi=0 snr=0.00
[2026-09-02T19:01:30.221+00:00][B] [INFO] Heartbeat packet sent
[2026-09-02T19:01:30.309+00:00][A] [WARN] TX_RETRY seq=128
[2026-09-02T19:01:30.371+00:00][A] [INFO] [RF TX] type=1 source=0x01 destination=0x02 previousHop=0x01 sequence=128 ackSequence=0 ttl=8 hops=0 payloadSize=4 rssi=0 snr=0.00
[2026-09-02T19:01:30.420+00:00][B] [INFO] [RF TX] type=3 source=0x02 destination=0x01 previousHop=0x02 sequence=146 ackSequence=128 ttl=8 hops=0 payloadSize=2 rssi=0 snr=0.00
[2026-09-02T19:01:31.141+00:00][A] [WARN] Retry 1
[2026-09-02T19:01:31.196+00:00][B] [WARN] Retry 1
[2026-09-02T19:01:31.208+00:00][A] [INFO] --------------------------------
[2026-09-02T19:01:31.209+00:00][A] [INFO] [HEARTBEAT TX]
[2026-09-02T19:01:31.214+00:00][A] [INFO] Node ID: 1
[2026-09-02T19:01:31.214+00:00][A] [INFO] type: 2
[2026-09-02T19:01:31.214+00:00][A] [INFO] Destination: 0xFF
[2026-09-02T19:01:31.219+00:00][A] [INFO] Sequence: 130
[2026-09-02T19:01:31.220+00:00][A] [INFO] Packet ID: 39
[2026-09-02T19:01:31.224+00:00][A] [INFO] Packet Size: 26
[2026-09-02T19:01:31.225+00:00][A] [INFO] Timestamp: 39 ms
[2026-09-02T19:01:31.225+00:00][A] [INFO] Transmission Result: success
[2026-09-02T19:01:31.230+00:00][A] [INFO] --------------------------------
[2026-09-02T19:01:31.231+00:00][A] [INFO] [Heartbeat #39]
[2026-09-02T19:01:31.236+00:00][A] [INFO] Sent
[2026-09-02T19:01:31.236+00:00][A] [INFO] Waiting ACK...
[2026-09-02T19:01:31.236+00:00][A] [INFO] [WAITING ACK]
[2026-09-02T19:01:31.250+00:00][A] [INFO] [RF TX] type=2 source=0x01 destination=0xFF previousHop=0x01 sequence=130 ackSequence=0 ttl=8 hops=0 payloadSize=13 rssi=0 snr=0.00
[2026-09-02T19:01:31.250+00:00][A] [INFO] Heartbeat packet sent
[2026-09-02T19:01:31.262+00:00][B] [INFO] --------------------------------
[2026-09-02T19:01:31.263+00:00][B] [INFO] [HEARTBEAT TX]
[2026-09-02T19:01:31.268+00:00][B] [INFO] Node ID: 2
[2026-09-02T19:01:31.268+00:00][B] [INFO] type: 2
[2026-09-02T19:01:31.269+00:00][B] [INFO] Destination: 0xFF
[2026-09-02T19:01:31.274+00:00][B] [INFO] Sequence: 145
[2026-09-02T19:01:31.274+00:00][B] [INFO] Packet ID: 39
[2026-09-02T19:01:31.279+00:00][B] [INFO] Packet Size: 26
[2026-09-02T19:01:31.279+00:00][B] [INFO] Timestamp: 39 ms
[2026-09-02T19:01:31.279+00:00][B] [INFO] Transmission Result: success
[2026-09-02T19:01:31.286+00:00][B] [INFO] --------------------------------
[2026-09-02T19:01:31.286+00:00][B] [INFO] [Heartbeat #39]
[2026-09-02T19:01:31.290+00:00][B] [INFO] Sent
[2026-09-02T19:01:31.291+00:00][B] [INFO] Waiting ACK...
[2026-09-02T19:01:31.291+00:00][B] [INFO] [WAITING ACK]
[2026-09-02T19:01:31.304+00:00][B] [INFO] [RF TX] type=2 source=0x02 destination=0xFF previousHop=0x02 sequence=145 ackSequence=0 ttl=8 hops=0 payloadSize=13 rssi=0 snr=0.00
[2026-09-02T19:01:31.305+00:00][B] [INFO] Heartbeat packet sent
[2026-09-02T19:01:31.374+00:00][A] [ERROR] TX_FAILED
[2026-09-02T19:01:31.375+00:00][A] [WARN] ACK_FAILED seq=128
[2026-09-02T19:01:31.377+00:00][A] [INFO] TEST_DATA_QUEUED dst=0x02 seq=131 remaining=7
[2026-09-02T19:01:31.433+00:00][A] [INFO] [RF TX] type=1 source=0x01 destination=0x02 previousHop=0x01 sequence=131 ackSequence=0 ttl=8 hops=0 payloadSize=4 rssi=0 snr=0.00
[2026-09-02T19:01:31.436+00:00][B] [INFO] [RF RX] type=1 source=0x01 destination=0x02 previousHop=0x01 sequence=131 ackSequence=0 ttl=8 hops=0 payloadSize=4 rssi=-59 snr=10.00
[2026-09-02T19:01:31.493+00:00][B] [INFO] [RF TX] type=3 source=0x02 destination=0x01 previousHop=0x02 sequence=147 ackSequence=131 ttl=8 hops=0 payloadSize=2 rssi=0 snr=0.00
[2026-09-02T19:01:31.499+00:00][A] [INFO] [RF RX] type=3 source=0x02 destination=0x01 previousHop=0x02 sequence=147 ackSequence=131 ttl=8 hops=0 payloadSize=2 rssi=-56 snr=9.75
[2026-09-02T19:01:31.499+00:00][A] [INFO] ACK_RX seq=131 source=0x02
[2026-09-02T19:01:31.503+00:00][A] [INFO] TEST_DATA_QUEUED dst=0x02 seq=132 remaining=6
[2026-09-02T19:01:31.558+00:00][A] [INFO] [RF TX] type=1 source=0x01 destination=0x02 previousHop=0x01 sequence=132 ackSequence=0 ttl=8 hops=0 payloadSize=4 rssi=0 snr=0.00
[2026-09-02T19:01:31.559+00:00][B] [INFO] [RF RX] type=1 source=0x01 destination=0x02 previousHop=0x01 sequence=132 ackSequence=0 ttl=8 hops=0 payloadSize=4 rssi=-59 snr=9.50
[2026-09-02T19:01:31.617+00:00][B] [INFO] [RF TX] type=3 source=0x02 destination=0x01 previousHop=0x02 sequence=148 ackSequence=132 ttl=8 hops=0 payloadSize=2 rssi=0 snr=0.00
[2026-09-02T19:01:31.623+00:00][A] [INFO] [RF RX] type=3 source=0x02 destination=0x01 previousHop=0x02 sequence=148 ackSequence=132 ttl=8 hops=0 payloadSize=2 rssi=-57 snr=9.25
[2026-09-02T19:01:31.624+00:00][A] [INFO] ACK_RX seq=132 source=0x02
[2026-09-02T19:01:31.627+00:00][A] [INFO] TEST_DATA_QUEUED dst=0x02 seq=133 remaining=5
[2026-09-02T19:01:31.681+00:00][A] [INFO] [RF TX] type=1 source=0x01 destination=0x02 previousHop=0x01 sequence=133 ackSequence=0 ttl=8 hops=0 payloadSize=4 rssi=0 snr=0.00
[2026-09-02T19:01:31.683+00:00][B] [INFO] [RF RX] type=1 source=0x01 destination=0x02 previousHop=0x01 sequence=133 ackSequence=0 ttl=8 hops=0 payloadSize=4 rssi=-60 snr=9.00
[2026-09-02T19:01:31.741+00:00][B] [INFO] [RF TX] type=3 source=0x02 destination=0x01 previousHop=0x02 sequence=149 ackSequence=133 ttl=8 hops=0 payloadSize=2 rssi=0 snr=0.00
[2026-09-02T19:01:31.747+00:00][A] [INFO] [RF RX] type=3 source=0x02 destination=0x01 previousHop=0x02 sequence=149 ackSequence=133 ttl=8 hops=0 payloadSize=2 rssi=-58 snr=9.75
[2026-09-02T19:01:31.747+00:00][A] [INFO] ACK_RX seq=133 source=0x02
[2026-09-02T19:01:31.750+00:00][A] [INFO] TEST_DATA_QUEUED dst=0x02 seq=134 remaining=4
[2026-09-02T19:01:31.805+00:00][A] [INFO] [RF TX] type=1 source=0x01 destination=0x02 previousHop=0x01 sequence=134 ackSequence=0 ttl=8 hops=0 payloadSize=4 rssi=0 snr=0.00
[2026-09-02T19:01:31.807+00:00][B] [INFO] [RF RX] type=1 source=0x01 destination=0x02 previousHop=0x01 sequence=134 ackSequence=0 ttl=8 hops=0 payloadSize=4 rssi=-60 snr=9.50
[2026-09-02T19:01:31.865+00:00][B] [INFO] [RF TX] type=3 source=0x02 destination=0x01 previousHop=0x02 sequence=150 ackSequence=134 ttl=8 hops=0 payloadSize=2 rssi=0 snr=0.00
[2026-09-02T19:01:31.870+00:00][A] [INFO] [RF RX] type=3 source=0x02 destination=0x01 previousHop=0x02 sequence=150 ackSequence=134 ttl=8 hops=0 payloadSize=2 rssi=-57 snr=10.25
[2026-09-02T19:01:31.871+00:00][A] [INFO] ACK_RX seq=134 source=0x02
[2026-09-02T19:01:31.874+00:00][A] [INFO] TEST_DATA_QUEUED dst=0x02 seq=135 remaining=3
[2026-09-02T19:01:31.929+00:00][A] [INFO] [RF TX] type=1 source=0x01 destination=0x02 previousHop=0x01 sequence=135 ackSequence=0 ttl=8 hops=0 payloadSize=4 rssi=0 snr=0.00
[2026-09-02T19:01:31.931+00:00][B] [INFO] [RF RX] type=1 source=0x01 destination=0x02 previousHop=0x01 sequence=135 ackSequence=0 ttl=8 hops=0 payloadSize=4 rssi=-61 snr=9.75
[2026-09-02T19:01:31.988+00:00][B] [INFO] [RF TX] type=3 source=0x02 destination=0x01 previousHop=0x02 sequence=151 ackSequence=135 ttl=8 hops=0 payloadSize=2 rssi=0 snr=0.00
[2026-09-02T19:01:31.994+00:00][A] [INFO] [RF RX] type=3 source=0x02 destination=0x01 previousHop=0x02 sequence=151 ackSequence=135 ttl=8 hops=0 payloadSize=2 rssi=-58 snr=9.50
[2026-09-02T19:01:31.995+00:00][A] [INFO] ACK_RX seq=135 source=0x02
[2026-09-02T19:01:31.998+00:00][A] [INFO] TEST_DATA_QUEUED dst=0x02 seq=136 remaining=2
[2026-09-02T19:01:32.053+00:00][A] [INFO] [RF TX] type=1 source=0x01 destination=0x02 previousHop=0x01 sequence=136 ackSequence=0 ttl=8 hops=0 payloadSize=4 rssi=0 snr=0.00
[2026-09-02T19:01:32.055+00:00][B] [INFO] [RF RX] type=1 source=0x01 destination=0x02 previousHop=0x01 sequence=136 ackSequence=0 ttl=8 hops=0 payloadSize=4 rssi=-60 snr=9.50
[2026-09-02T19:01:32.112+00:00][B] [INFO] [RF TX] type=3 source=0x02 destination=0x01 previousHop=0x02 sequence=152 ackSequence=136 ttl=8 hops=0 payloadSize=2 rssi=0 snr=0.00
[2026-09-02T19:01:32.125+00:00][A] [INFO] --------------------------------
[2026-09-02T19:01:32.125+00:00][A] [INFO] [HEARTBEAT TX]
[2026-09-02T19:01:32.130+00:00][A] [INFO] Node ID: 1
[2026-09-02T19:01:32.130+00:00][A] [INFO] type: 2
[2026-09-02T19:01:32.130+00:00][A] [INFO] Destination: 0xFF
[2026-09-02T19:01:32.135+00:00][A] [INFO] Sequence: 137
[2026-09-02T19:01:32.136+00:00][A] [INFO] Packet ID: 40
[2026-09-02T19:01:32.140+00:00][A] [INFO] Packet Size: 26
[2026-09-02T19:01:32.141+00:00][A] [INFO] Timestamp: 40 ms
[2026-09-02T19:01:32.142+00:00][A] [INFO] Transmission Result: success
[2026-09-02T19:01:32.146+00:00][A] [INFO] --------------------------------
[2026-09-02T19:01:32.147+00:00][A] [INFO] [Heartbeat #40]
[2026-09-02T19:01:32.152+00:00][A] [INFO] Sent
[2026-09-02T19:01:32.152+00:00][A] [INFO] Waiting ACK...
[2026-09-02T19:01:32.153+00:00][A] [INFO] [WAITING ACK]
[2026-09-02T19:01:32.166+00:00][A] [INFO] [RF TX] type=2 source=0x01 destination=0xFF previousHop=0x01 sequence=137 ackSequence=0 ttl=8 hops=0 payloadSize=13 rssi=0 snr=0.00
[2026-09-02T19:01:32.166+00:00][A] [INFO] Heartbeat packet sent
[2026-09-02T19:01:32.179+00:00][B] [INFO] --------------------------------
[2026-09-02T19:01:32.179+00:00][B] [INFO] [HEARTBEAT TX]
[2026-09-02T19:01:32.184+00:00][B] [INFO] Node ID: 2
[2026-09-02T19:01:32.185+00:00][B] [INFO] type: 2
[2026-09-02T19:01:32.185+00:00][B] [INFO] Destination: 0xFF
[2026-09-02T19:01:32.190+00:00][B] [INFO] Sequence: 153
[2026-09-02T19:01:32.191+00:00][B] [INFO] Packet ID: 40
[2026-09-02T19:01:32.195+00:00][B] [INFO] Packet Size: 26
[2026-09-02T19:01:32.196+00:00][B] [INFO] Timestamp: 40 ms
[2026-09-02T19:01:32.196+00:00][B] [INFO] Transmission Result: success
[2026-09-02T19:01:32.201+00:00][B] [INFO] --------------------------------
[2026-09-02T19:01:32.202+00:00][B] [INFO] [Heartbeat #40]
[2026-09-02T19:01:32.207+00:00][B] [INFO] Sent
[2026-09-02T19:01:32.207+00:00][B] [INFO] Waiting ACK...
[2026-09-02T19:01:32.207+00:00][B] [INFO] [WAITING ACK]
[2026-09-02T19:01:32.221+00:00][B] [INFO] [RF TX] type=2 source=0x02 destination=0xFF previousHop=0x02 sequence=153 ackSequence=0 ttl=8 hops=0 payloadSize=13 rssi=0 snr=0.00
[2026-09-02T19:01:32.221+00:00][B] [INFO] Heartbeat packet sent
[2026-09-02T19:01:33.053+00:00][A] [WARN] TX_RETRY seq=136
[2026-09-02T19:01:33.115+00:00][A] [INFO] [RF TX] type=1 source=0x01 destination=0x02 previousHop=0x01 sequence=136 ackSequence=0 ttl=8 hops=0 payloadSize=4 rssi=0 snr=0.00
[2026-09-02T19:01:33.141+00:00][A] [WARN] Retry 1
[2026-09-02T19:01:33.164+00:00][B] [INFO] [RF TX] type=3 source=0x02 destination=0x01 previousHop=0x02 sequence=154 ackSequence=136 ttl=8 hops=0 payloadSize=2 rssi=0 snr=0.00
[2026-09-02T19:01:33.196+00:00][B] [WARN] Retry 1
[2026-09-02T19:01:33.209+00:00][A] [INFO] --------------------------------
[2026-09-02T19:01:33.209+00:00][A] [INFO] [HEARTBEAT TX]
[2026-09-02T19:01:33.214+00:00][A] [INFO] Node ID: 1
[2026-09-02T19:01:33.214+00:00][A] [INFO] type: 2
[2026-09-02T19:01:33.214+00:00][A] [INFO] Destination: 0xFF
[2026-09-02T19:01:33.219+00:00][A] [INFO] Sequence: 137
[2026-09-02T19:01:33.221+00:00][A] [INFO] Packet ID: 40
[2026-09-02T19:01:33.224+00:00][A] [INFO] Packet Size: 26
[2026-09-02T19:01:33.225+00:00][A] [INFO] Timestamp: 40 ms
[2026-09-02T19:01:33.225+00:00][A] [INFO] Transmission Result: success
[2026-09-02T19:01:33.230+00:00][A] [INFO] --------------------------------
[2026-09-02T19:01:33.230+00:00][A] [INFO] [Heartbeat #40]
[2026-09-02T19:01:33.239+00:00][A] [INFO] Sent
[2026-09-02T19:01:33.239+00:00][A] [INFO] Waiting ACK...
[2026-09-02T19:01:33.239+00:00][A] [INFO] [WAITING ACK]
[2026-09-02T19:01:33.250+00:00][A] [INFO] [RF TX] type=2 source=0x01 destination=0xFF previousHop=0x01 sequence=137 ackSequence=0 ttl=8 hops=0 payloadSize=13 rssi=0 snr=0.00
[2026-09-02T19:01:33.250+00:00][A] [INFO] Heartbeat packet sent
[2026-09-02T19:01:33.263+00:00][B] [INFO] --------------------------------
[2026-09-02T19:01:33.263+00:00][B] [INFO] [HEARTBEAT TX]
[2026-09-02T19:01:33.268+00:00][B] [INFO] Node ID: 2
[2026-09-02T19:01:33.269+00:00][B] [INFO] type: 2
[2026-09-02T19:01:33.269+00:00][B] [INFO] Destination: 0xFF
[2026-09-02T19:01:33.273+00:00][B] [INFO] Sequence: 153
[2026-09-02T19:01:33.274+00:00][B] [INFO] Packet ID: 40
[2026-09-02T19:01:33.279+00:00][B] [INFO] Packet Size: 26
[2026-09-02T19:01:33.279+00:00][B] [INFO] Timestamp: 40 ms
[2026-09-02T19:01:33.279+00:00][B] [INFO] Transmission Result: success
[2026-09-02T19:01:33.285+00:00][B] [INFO] --------------------------------
[2026-09-02T19:01:33.285+00:00][B] [INFO] [Heartbeat #40]
[2026-09-02T19:01:33.290+00:00][B] [INFO] Sent
[2026-09-02T19:01:33.290+00:00][B] [INFO] Waiting ACK...
[2026-09-02T19:01:33.291+00:00][B] [INFO] [WAITING ACK]
[2026-09-02T19:01:33.304+00:00][B] [INFO] [RF TX] type=2 source=0x02 destination=0xFF previousHop=0x02 sequence=153 ackSequence=0 ttl=8 hops=0 payloadSize=13 rssi=0 snr=0.00
[2026-09-02T19:01:33.305+00:00][B] [INFO] Heartbeat packet sent
[2026-09-02T19:01:34.125+00:00][A] [INFO] --------------------------------
[2026-09-02T19:01:34.126+00:00][A] [INFO] [HEARTBEAT TX]
[2026-09-02T19:01:34.129+00:00][A] [INFO] Node ID: 1
[2026-09-02T19:01:34.130+00:00][A] [INFO] type: 2
[2026-09-02T19:01:34.130+00:00][A] [INFO] Destination: 0xFF
[2026-09-02T19:01:34.135+00:00][A] [INFO] Sequence: 138
[2026-09-02T19:01:34.136+00:00][A] [INFO] Packet ID: 41
[2026-09-02T19:01:34.140+00:00][A] [INFO] Packet Size: 26
[2026-09-02T19:01:34.141+00:00][A] [INFO] Timestamp: 41 ms
[2026-09-02T19:01:34.141+00:00][A] [INFO] Transmission Result: success
[2026-09-02T19:01:34.146+00:00][A] [INFO] --------------------------------
[2026-09-02T19:01:34.146+00:00][A] [INFO] [Heartbeat #41]
[2026-09-02T19:01:34.152+00:00][A] [INFO] Sent
[2026-09-02T19:01:34.152+00:00][A] [INFO] Waiting ACK...
[2026-09-02T19:01:34.153+00:00][A] [INFO] [WAITING ACK]
[2026-09-02T19:01:34.168+00:00][A] [INFO] [RF TX] type=2 source=0x01 destination=0xFF previousHop=0x01 sequence=138 ackSequence=0 ttl=8 hops=0 payloadSize=13 rssi=0 snr=0.00
[2026-09-02T19:01:34.169+00:00][A] [INFO] Heartbeat packet sent
[2026-09-02T19:01:34.169+00:00][A] [WARN] TX_RETRY seq=136
[2026-09-02T19:01:34.178+00:00][B] [INFO] --------------------------------
[2026-09-02T19:01:34.179+00:00][B] [INFO] [HEARTBEAT TX]
[2026-09-02T19:01:34.184+00:00][B] [INFO] Node ID: 2
[2026-09-02T19:01:34.184+00:00][B] [INFO] type: 2
[2026-09-02T19:01:34.185+00:00][B] [INFO] Destination: 0xFF
[2026-09-02T19:01:34.190+00:00][B] [INFO] Sequence: 155
[2026-09-02T19:01:34.190+00:00][B] [INFO] Packet ID: 41
[2026-09-02T19:01:34.195+00:00][B] [INFO] Packet Size: 26
[2026-09-02T19:01:34.195+00:00][B] [INFO] Timestamp: 41 ms
[2026-09-02T19:01:34.196+00:00][B] [INFO] Transmission Result: success
[2026-09-02T19:01:34.201+00:00][B] [INFO] --------------------------------
[2026-09-02T19:01:34.201+00:00][B] [INFO] [Heartbeat #41]
[2026-09-02T19:01:34.206+00:00][B] [INFO] Sent
[2026-09-02T19:01:34.207+00:00][B] [INFO] Waiting ACK...
[2026-09-02T19:01:34.207+00:00][B] [INFO] [WAITING ACK]
[2026-09-02T19:01:34.220+00:00][B] [INFO] [RF TX] type=2 source=0x02 destination=0xFF previousHop=0x02 sequence=155 ackSequence=0 ttl=8 hops=0 payloadSize=13 rssi=0 snr=0.00
[2026-09-02T19:01:34.221+00:00][B] [INFO] Heartbeat packet sent
[2026-09-02T19:01:34.225+00:00][A] [INFO] [RF TX] type=1 source=0x01 destination=0x02 previousHop=0x01 sequence=136 ackSequence=0 ttl=8 hops=0 payloadSize=4 rssi=0 snr=0.00
[2026-09-02T19:01:35.141+00:00][A] [WARN] Retry 1
[2026-09-02T19:01:35.196+00:00][B] [WARN] Retry 1
[2026-09-02T19:01:35.208+00:00][A] [INFO] --------------------------------
[2026-09-02T19:01:35.208+00:00][A] [INFO] [HEARTBEAT TX]
[2026-09-02T19:01:35.213+00:00][A] [INFO] Node ID: 1
[2026-09-02T19:01:35.213+00:00][A] [INFO] type: 2
[2026-09-02T19:01:35.213+00:00][A] [INFO] Destination: 0xFF
[2026-09-02T19:01:35.219+00:00][A] [INFO] Sequence: 138
[2026-09-02T19:01:35.219+00:00][A] [INFO] Packet ID: 41
[2026-09-02T19:01:35.224+00:00][A] [INFO] Packet Size: 26
[2026-09-02T19:01:35.224+00:00][A] [INFO] Timestamp: 41 ms
[2026-09-02T19:01:35.225+00:00][A] [INFO] Transmission Result: success
[2026-09-02T19:01:35.230+00:00][A] [INFO] --------------------------------
[2026-09-02T19:01:35.230+00:00][A] [INFO] [Heartbeat #41]
[2026-09-02T19:01:35.235+00:00][A] [INFO] Sent
[2026-09-02T19:01:35.236+00:00][A] [INFO] Waiting ACK...
[2026-09-02T19:01:35.236+00:00][A] [INFO] [WAITING ACK]
[2026-09-02T19:01:35.252+00:00][A] [INFO] [RF TX] type=2 source=0x01 destination=0xFF previousHop=0x01 sequence=138 ackSequence=0 ttl=8 hops=0 payloadSize=13 rssi=0 snr=0.00
[2026-09-02T19:01:35.252+00:00][A] [INFO] Heartbeat packet sent
[2026-09-02T19:01:35.252+00:00][A] [WARN] TX_RETRY seq=136
[2026-09-02T19:01:35.262+00:00][B] [INFO] --------------------------------
[2026-09-02T19:01:35.263+00:00][B] [INFO] [HEARTBEAT TX]
[2026-09-02T19:01:35.268+00:00][B] [INFO] Node ID: 2
[2026-09-02T19:01:35.268+00:00][B] [INFO] type: 2
[2026-09-02T19:01:35.269+00:00][B] [INFO] Destination: 0xFF
[2026-09-02T19:01:35.273+00:00][B] [INFO] Sequence: 155
[2026-09-02T19:01:35.274+00:00][B] [INFO] Packet ID: 41
[2026-09-02T19:01:35.279+00:00][B] [INFO] Packet Size: 26
[2026-09-02T19:01:35.279+00:00][B] [INFO] Timestamp: 41 ms
[2026-09-02T19:01:35.279+00:00][B] [INFO] Transmission Result: success
[2026-09-02T19:01:35.285+00:00][B] [INFO] --------------------------------
[2026-09-02T19:01:35.285+00:00][B] [INFO] [Heartbeat #41]
[2026-09-02T19:01:35.290+00:00][B] [INFO] Sent
[2026-09-02T19:01:35.290+00:00][B] [INFO] Waiting ACK...
[2026-09-02T19:01:35.290+00:00][B] [INFO] [WAITING ACK]
[2026-09-02T19:01:35.304+00:00][B] [INFO] [RF TX] type=2 source=0x02 destination=0xFF previousHop=0x02 sequence=155 ackSequence=0 ttl=8 hops=0 payloadSize=13 rssi=0 snr=0.00
[2026-09-02T19:01:35.305+00:00][B] [INFO] Heartbeat packet sent
[2026-09-02T19:01:35.309+00:00][A] [INFO] [RF TX] type=1 source=0x01 destination=0x02 previousHop=0x01 sequence=136 ackSequence=0 ttl=8 hops=0 payloadSize=4 rssi=0 snr=0.00
[2026-09-02T19:01:36.124+00:00][A] [INFO] --------------------------------
[2026-09-02T19:01:36.125+00:00][A] [INFO] [HEARTBEAT TX]
[2026-09-02T19:01:36.129+00:00][A] [INFO] Node ID: 1
[2026-09-02T19:01:36.130+00:00][A] [INFO] type: 2
[2026-09-02T19:01:36.130+00:00][A] [INFO] Destination: 0xFF
[2026-09-02T19:01:36.135+00:00][A] [INFO] Sequence: 139
[2026-09-02T19:01:36.136+00:00][A] [INFO] Packet ID: 42
[2026-09-02T19:01:36.140+00:00][A] [INFO] Packet Size: 26
[2026-09-02T19:01:36.141+00:00][A] [INFO] Timestamp: 42 ms
[2026-09-02T19:01:36.141+00:00][A] [INFO] Transmission Result: success
[2026-09-02T19:01:36.146+00:00][A] [INFO] --------------------------------
[2026-09-02T19:01:36.147+00:00][A] [INFO] [Heartbeat #42]
[2026-09-02T19:01:36.152+00:00][A] [INFO] Sent
[2026-09-02T19:01:36.152+00:00][A] [INFO] Waiting ACK...
[2026-09-02T19:01:36.153+00:00][A] [INFO] [WAITING ACK]
[2026-09-02T19:01:36.166+00:00][A] [INFO] [RF TX] type=2 source=0x01 destination=0xFF previousHop=0x01 sequence=139 ackSequence=0 ttl=8 hops=0 payloadSize=13 rssi=0 snr=0.00
[2026-09-02T19:01:36.166+00:00][A] [INFO] Heartbeat packet sent
[2026-09-02T19:01:36.179+00:00][B] [INFO] --------------------------------
[2026-09-02T19:01:36.179+00:00][B] [INFO] [HEARTBEAT TX]
[2026-09-02T19:01:36.184+00:00][B] [INFO] Node ID: 2
[2026-09-02T19:01:36.184+00:00][B] [INFO] type: 2
[2026-09-02T19:01:36.185+00:00][B] [INFO] Destination: 0xFF
[2026-09-02T19:01:36.190+00:00][B] [INFO] Sequence: 156
[2026-09-02T19:01:36.190+00:00][B] [INFO] Packet ID: 42
[2026-09-02T19:01:36.195+00:00][B] [INFO] Packet Size: 26
[2026-09-02T19:01:36.195+00:00][B] [INFO] Timestamp: 42 ms
[2026-09-02T19:01:36.196+00:00][B] [INFO] Transmission Result: success
[2026-09-02T19:01:36.201+00:00][B] [INFO] --------------------------------
[2026-09-02T19:01:36.201+00:00][B] [INFO] [Heartbeat #42]
[2026-09-02T19:01:36.206+00:00][B] [INFO] Sent
[2026-09-02T19:01:36.207+00:00][B] [INFO] Waiting ACK...
[2026-09-02T19:01:36.207+00:00][B] [INFO] [WAITING ACK]
[2026-09-02T19:01:36.220+00:00][B] [INFO] [RF TX] type=2 source=0x02 destination=0xFF previousHop=0x02 sequence=156 ackSequence=0 ttl=8 hops=0 payloadSize=13 rssi=0 snr=0.00
[2026-09-02T19:01:36.221+00:00][B] [INFO] Heartbeat packet sent
[2026-09-02T19:01:36.312+00:00][A] [ERROR] TX_FAILED
[2026-09-02T19:01:36.313+00:00][A] [WARN] ACK_FAILED seq=136
[2026-09-02T19:01:36.316+00:00][A] [INFO] TEST_DATA_QUEUED dst=0x02 seq=140 remaining=1
[2026-09-02T19:01:36.371+00:00][A] [INFO] [RF TX] type=1 source=0x01 destination=0x02 previousHop=0x01 sequence=140 ackSequence=0 ttl=8 hops=0 payloadSize=4 rssi=0 snr=0.00
[2026-09-02T19:01:36.373+00:00][B] [INFO] [RF RX] type=1 source=0x01 destination=0x02 previousHop=0x01 sequence=140 ackSequence=0 ttl=8 hops=0 payloadSize=4 rssi=-60 snr=9.75
[2026-09-02T19:01:36.431+00:00][B] [INFO] [RF TX] type=3 source=0x02 destination=0x01 previousHop=0x02 sequence=157 ackSequence=140 ttl=8 hops=0 payloadSize=2 rssi=0 snr=0.00
[2026-09-02T19:01:36.437+00:00][A] [INFO] [RF RX] type=3 source=0x02 destination=0x01 previousHop=0x02 sequence=157 ackSequence=140 ttl=8 hops=0 payloadSize=2 rssi=-57 snr=9.75
[2026-09-02T19:01:36.438+00:00][A] [INFO] ACK_RX seq=140 source=0x02
[2026-09-02T19:01:36.441+00:00][A] [INFO] TEST_DATA_QUEUED dst=0x02 seq=141 remaining=0
[2026-09-02T19:01:36.495+00:00][A] [INFO] [RF TX] type=1 source=0x01 destination=0x02 previousHop=0x01 sequence=141 ackSequence=0 ttl=8 hops=0 payloadSize=4 rssi=0 snr=0.00
[2026-09-02T19:01:36.497+00:00][B] [INFO] [RF RX] type=1 source=0x01 destination=0x02 previousHop=0x01 sequence=141 ackSequence=0 ttl=8 hops=0 payloadSize=4 rssi=-59 snr=9.75
[2026-09-02T19:01:36.555+00:00][B] [INFO] [RF TX] type=3 source=0x02 destination=0x01 previousHop=0x02 sequence=158 ackSequence=141 ttl=8 hops=0 payloadSize=2 rssi=0 snr=0.00
[2026-09-02T19:01:36.560+00:00][A] [INFO] [RF RX] type=3 source=0x02 destination=0x01 previousHop=0x02 sequence=158 ackSequence=141 ttl=8 hops=0 payloadSize=2 rssi=-57 snr=9.50
[2026-09-02T19:01:36.560+00:00][A] [INFO] ACK_RX seq=141 source=0x02
[2026-09-02T19:01:37.141+00:00][A] [WARN] Retry 1
[2026-09-02T19:01:37.196+00:00][B] [WARN] Retry 1
[2026-09-02T19:01:37.208+00:00][A] [INFO] --------------------------------
[2026-09-02T19:01:37.209+00:00][A] [INFO] [HEARTBEAT TX]
[2026-09-02T19:01:37.214+00:00][A] [INFO] Node ID: 1
[2026-09-02T19:01:37.214+00:00][A] [INFO] type: 2
[2026-09-02T19:01:37.214+00:00][A] [INFO] Destination: 0xFF
[2026-09-02T19:01:37.219+00:00][A] [INFO] Sequence: 139
[2026-09-02T19:01:37.220+00:00][A] [INFO] Packet ID: 42
[2026-09-02T19:01:37.224+00:00][A] [INFO] Packet Size: 26
[2026-09-02T19:01:37.225+00:00][A] [INFO] Timestamp: 42 ms
[2026-09-02T19:01:37.226+00:00][A] [INFO] Transmission Result: success
[2026-09-02T19:01:37.230+00:00][A] [INFO] --------------------------------
[2026-09-02T19:01:37.231+00:00][A] [INFO] [Heartbeat #42]
[2026-09-02T19:01:37.236+00:00][A] [INFO] Sent
[2026-09-02T19:01:37.236+00:00][A] [INFO] Waiting ACK...
[2026-09-02T19:01:37.237+00:00][A] [INFO] [WAITING ACK]
[2026-09-02T19:01:37.250+00:00][A] [INFO] [RF TX] type=2 source=0x01 destination=0xFF previousHop=0x01 sequence=139 ackSequence=0 ttl=8 hops=0 payloadSize=13 rssi=0 snr=0.00
[2026-09-02T19:01:37.250+00:00][A] [INFO] Heartbeat packet sent
[2026-09-02T19:01:37.262+00:00][B] [INFO] --------------------------------
[2026-09-02T19:01:37.263+00:00][B] [INFO] [HEARTBEAT TX]
[2026-09-02T19:01:37.268+00:00][B] [INFO] Node ID: 2
[2026-09-02T19:01:37.268+00:00][B] [INFO] type: 2
[2026-09-02T19:01:37.268+00:00][B] [INFO] Destination: 0xFF
[2026-09-02T19:01:37.273+00:00][B] [INFO] Sequence: 156
[2026-09-02T19:01:37.274+00:00][B] [INFO] Packet ID: 42
[2026-09-02T19:01:37.279+00:00][B] [INFO] Packet Size: 26
[2026-09-02T19:01:37.279+00:00][B] [INFO] Timestamp: 42 ms
[2026-09-02T19:01:37.279+00:00][B] [INFO] Transmission Result: success
[2026-09-02T19:01:37.285+00:00][B] [INFO] --------------------------------
[2026-09-02T19:01:37.285+00:00][B] [INFO] [Heartbeat #42]
[2026-09-02T19:01:37.290+00:00][B] [INFO] Sent
[2026-09-02T19:01:37.291+00:00][B] [INFO] Waiting ACK...
[2026-09-02T19:01:37.291+00:00][B] [INFO] [WAITING ACK]
[2026-09-02T19:01:37.304+00:00][B] [INFO] [RF TX] type=2 source=0x02 destination=0xFF previousHop=0x02 sequence=156 ackSequence=0 ttl=8 hops=0 payloadSize=13 rssi=0 snr=0.00
[2026-09-02T19:01:37.304+00:00][B] [INFO] Heartbeat packet sent
[2026-09-02T19:01:38.124+00:00][A] [INFO] --------------------------------
[2026-09-02T19:01:38.125+00:00][A] [INFO] [HEARTBEAT TX]
[2026-09-02T19:01:38.130+00:00][A] [INFO] Node ID: 1
[2026-09-02T19:01:38.130+00:00][A] [INFO] type: 2
[2026-09-02T19:01:38.130+00:00][A] [INFO] Destination: 0xFF
[2026-09-02T19:01:38.135+00:00][A] [INFO] Sequence: 142
[2026-09-02T19:01:38.136+00:00][A] [INFO] Packet ID: 43
[2026-09-02T19:01:38.140+00:00][A] [INFO] Packet Size: 26
[2026-09-02T19:01:38.141+00:00][A] [INFO] Timestamp: 43 ms
[2026-09-02T19:01:38.142+00:00][A] [INFO] Transmission Result: success
[2026-09-02T19:01:38.146+00:00][A] [INFO] --------------------------------
[2026-09-02T19:01:38.147+00:00][A] [INFO] [Heartbeat #43]
[2026-09-02T19:01:38.152+00:00][A] [INFO] Sent
[2026-09-02T19:01:38.152+00:00][A] [INFO] Waiting ACK...
[2026-09-02T19:01:38.153+00:00][A] [INFO] [WAITING ACK]
[2026-09-02T19:01:38.166+00:00][A] [INFO] [RF TX] type=2 source=0x01 destination=0xFF previousHop=0x01 sequence=142 ackSequence=0 ttl=8 hops=0 payloadSize=13 rssi=0 snr=0.00
[2026-09-02T19:01:38.166+00:00][A] [INFO] Heartbeat packet sent
[2026-09-02T19:01:38.179+00:00][B] [INFO] --------------------------------
[2026-09-02T19:01:38.179+00:00][B] [INFO] [HEARTBEAT TX]
[2026-09-02T19:01:38.184+00:00][B] [INFO] Node ID: 2
[2026-09-02T19:01:38.184+00:00][B] [INFO] type: 2
[2026-09-02T19:01:38.185+00:00][B] [INFO] Destination: 0xFF
[2026-09-02T19:01:38.190+00:00][B] [INFO] Sequence: 159
[2026-09-02T19:01:38.190+00:00][B] [INFO] Packet ID: 43
[2026-09-02T19:01:38.195+00:00][B] [INFO] Packet Size: 26
[2026-09-02T19:01:38.195+00:00][B] [INFO] Timestamp: 43 ms
[2026-09-02T19:01:38.195+00:00][B] [INFO] Transmission Result: success
[2026-09-02T19:01:38.201+00:00][B] [INFO] --------------------------------
[2026-09-02T19:01:38.201+00:00][B] [INFO] [Heartbeat #43]
[2026-09-02T19:01:38.206+00:00][B] [INFO] Sent
[2026-09-02T19:01:38.207+00:00][B] [INFO] Waiting ACK...
[2026-09-02T19:01:38.207+00:00][B] [INFO] [WAITING ACK]
[2026-09-02T19:01:38.220+00:00][B] [INFO] [RF TX] type=2 source=0x02 destination=0xFF previousHop=0x02 sequence=159 ackSequence=0 ttl=8 hops=0 payloadSize=13 rssi=0 snr=0.00
[2026-09-02T19:01:38.221+00:00][B] [INFO] Heartbeat packet sent
[2026-09-02T19:01:39.141+00:00][A] [WARN] Retry 1
[2026-09-02T19:01:39.196+00:00][B] [WARN] Retry 1
[2026-09-02T19:01:39.208+00:00][A] [INFO] --------------------------------
[2026-09-02T19:01:39.208+00:00][A] [INFO] [HEARTBEAT TX]
[2026-09-02T19:01:39.213+00:00][A] [INFO] Node ID: 1
[2026-09-02T19:01:39.214+00:00][A] [INFO] type: 2
[2026-09-02T19:01:39.214+00:00][A] [INFO] Destination: 0xFF
[2026-09-02T19:01:39.219+00:00][A] [INFO] Sequence: 142
[2026-09-02T19:01:39.219+00:00][A] [INFO] Packet ID: 43
[2026-09-02T19:01:39.224+00:00][A] [INFO] Packet Size: 26
[2026-09-02T19:01:39.225+00:00][A] [INFO] Timestamp: 43 ms
[2026-09-02T19:01:39.225+00:00][A] [INFO] Transmission Result: success
[2026-09-02T19:01:39.230+00:00][A] [INFO] --------------------------------
[2026-09-02T19:01:39.230+00:00][A] [INFO] [Heartbeat #43]
[2026-09-02T19:01:39.236+00:00][A] [INFO] Sent
[2026-09-02T19:01:39.236+00:00][A] [INFO] Waiting ACK...
[2026-09-02T19:01:39.236+00:00][A] [INFO] [WAITING ACK]
[2026-09-02T19:01:39.250+00:00][A] [INFO] [RF TX] type=2 source=0x01 destination=0xFF previousHop=0x01 sequence=142 ackSequence=0 ttl=8 hops=0 payloadSize=13 rssi=0 snr=0.00
[2026-09-02T19:01:39.250+00:00][A] [INFO] Heartbeat packet sent
[2026-09-02T19:01:39.263+00:00][B] [INFO] --------------------------------
[2026-09-02T19:01:39.263+00:00][B] [INFO] [HEARTBEAT TX]
[2026-09-02T19:01:39.268+00:00][B] [INFO] Node ID: 2
[2026-09-02T19:01:39.268+00:00][B] [INFO] type: 2
[2026-09-02T19:01:39.269+00:00][B] [INFO] Destination: 0xFF
[2026-09-02T19:01:39.273+00:00][B] [INFO] Sequence: 159
[2026-09-02T19:01:39.274+00:00][B] [INFO] Packet ID: 43
[2026-09-02T19:01:39.279+00:00][B] [INFO] Packet Size: 26
[2026-09-02T19:01:39.279+00:00][B] [INFO] Timestamp: 43 ms
[2026-09-02T19:01:39.280+00:00][B] [INFO] Transmission Result: success
[2026-09-02T19:01:39.285+00:00][B] [INFO] --------------------------------
[2026-09-02T19:01:39.285+00:00][B] [INFO] [Heartbeat #43]
[2026-09-02T19:01:39.290+00:00][B] [INFO] Sent
[2026-09-02T19:01:39.290+00:00][B] [INFO] Waiting ACK...
[2026-09-02T19:01:39.291+00:00][B] [INFO] [WAITING ACK]
[2026-09-02T19:01:39.304+00:00][B] [INFO] [RF TX] type=2 source=0x02 destination=0xFF previousHop=0x02 sequence=159 ackSequence=0 ttl=8 hops=0 payloadSize=13 rssi=0 snr=0.00
[2026-09-02T19:01:39.305+00:00][B] [INFO] Heartbeat packet sent
[2026-09-02T19:01:40.124+00:00][A] [INFO] --------------------------------
[2026-09-02T19:01:40.125+00:00][A] [INFO] [HEARTBEAT TX]
[2026-09-02T19:01:40.129+00:00][A] [INFO] Node ID: 1
[2026-09-02T19:01:40.130+00:00][A] [INFO] type: 2
[2026-09-02T19:01:40.130+00:00][A] [INFO] Destination: 0xFF
[2026-09-02T19:01:40.135+00:00][A] [INFO] Sequence: 143
[2026-09-02T19:01:40.135+00:00][A] [INFO] Packet ID: 44
[2026-09-02T19:01:40.140+00:00][A] [INFO] Packet Size: 26
[2026-09-02T19:01:40.141+00:00][A] [INFO] Timestamp: 44 ms
[2026-09-02T19:01:40.141+00:00][A] [INFO] Transmission Result: success
[2026-09-02T19:01:40.146+00:00][A] [INFO] --------------------------------
[2026-09-02T19:01:40.146+00:00][A] [INFO] [Heartbeat #44]
[2026-09-02T19:01:40.152+00:00][A] [INFO] Sent
[2026-09-02T19:01:40.152+00:00][A] [INFO] Waiting ACK...
[2026-09-02T19:01:40.153+00:00][A] [INFO] [WAITING ACK]
[2026-09-02T19:01:40.166+00:00][A] [INFO] [RF TX] type=2 source=0x01 destination=0xFF previousHop=0x01 sequence=143 ackSequence=0 ttl=8 hops=0 payloadSize=13 rssi=0 snr=0.00
[2026-09-02T19:01:40.166+00:00][A] [INFO] Heartbeat packet sent
[2026-09-02T19:01:40.178+00:00][B] [INFO] --------------------------------
[2026-09-02T19:01:40.179+00:00][B] [INFO] [HEARTBEAT TX]
[2026-09-02T19:01:40.184+00:00][B] [INFO] Node ID: 2
[2026-09-02T19:01:40.184+00:00][B] [INFO] type: 2
[2026-09-02T19:01:40.184+00:00][B] [INFO] Destination: 0xFF
[2026-09-02T19:01:40.189+00:00][B] [INFO] Sequence: 160
[2026-09-02T19:01:40.190+00:00][B] [INFO] Packet ID: 44
[2026-09-02T19:01:40.195+00:00][B] [INFO] Packet Size: 26
[2026-09-02T19:01:40.195+00:00][B] [INFO] Timestamp: 44 ms
[2026-09-02T19:01:40.196+00:00][B] [INFO] Transmission Result: success
[2026-09-02T19:01:40.201+00:00][B] [INFO] --------------------------------
[2026-09-02T19:01:40.201+00:00][B] [INFO] [Heartbeat #44]
[2026-09-02T19:01:40.206+00:00][B] [INFO] Sent
[2026-09-02T19:01:40.206+00:00][B] [INFO] Waiting ACK...
[2026-09-02T19:01:40.207+00:00][B] [INFO] [WAITING ACK]
[2026-09-02T19:01:40.220+00:00][B] [INFO] [RF TX] type=2 source=0x02 destination=0xFF previousHop=0x02 sequence=160 ackSequence=0 ttl=8 hops=0 payloadSize=13 rssi=0 snr=0.00
[2026-09-02T19:01:40.221+00:00][B] [INFO] Heartbeat packet sent
[2026-09-02T19:01:41.141+00:00][A] [WARN] Retry 1
[2026-09-02T19:01:41.196+00:00][B] [WARN] Retry 1
[2026-09-02T19:01:41.208+00:00][A] [INFO] --------------------------------
[2026-09-02T19:01:41.209+00:00][A] [INFO] [HEARTBEAT TX]
[2026-09-02T19:01:41.213+00:00][A] [INFO] Node ID: 1
[2026-09-02T19:01:41.214+00:00][A] [INFO] type: 2
[2026-09-02T19:01:41.214+00:00][A] [INFO] Destination: 0xFF
[2026-09-02T19:01:41.219+00:00][A] [INFO] Sequence: 143
[2026-09-02T19:01:41.220+00:00][A] [INFO] Packet ID: 44
[2026-09-02T19:01:41.224+00:00][A] [INFO] Packet Size: 26
[2026-09-02T19:01:41.225+00:00][A] [INFO] Timestamp: 44 ms
[2026-09-02T19:01:41.225+00:00][A] [INFO] Transmission Result: success
[2026-09-02T19:01:41.230+00:00][A] [INFO] --------------------------------
[2026-09-02T19:01:41.230+00:00][A] [INFO] [Heartbeat #44]
[2026-09-02T19:01:41.235+00:00][A] [INFO] Sent
[2026-09-02T19:01:41.236+00:00][A] [INFO] Waiting ACK...
[2026-09-02T19:01:41.236+00:00][A] [INFO] [WAITING ACK]
[2026-09-02T19:01:41.250+00:00][A] [INFO] [RF TX] type=2 source=0x01 destination=0xFF previousHop=0x01 sequence=143 ackSequence=0 ttl=8 hops=0 payloadSize=13 rssi=0 snr=0.00
[2026-09-02T19:01:41.250+00:00][A] [INFO] Heartbeat packet sent
[2026-09-02T19:01:41.262+00:00][B] [INFO] --------------------------------
[2026-09-02T19:01:41.263+00:00][B] [INFO] [HEARTBEAT TX]
[2026-09-02T19:01:41.268+00:00][B] [INFO] Node ID: 2
[2026-09-02T19:01:41.268+00:00][B] [INFO] type: 2
[2026-09-02T19:01:41.268+00:00][B] [INFO] Destination: 0xFF
[2026-09-02T19:01:41.273+00:00][B] [INFO] Sequence: 160
[2026-09-02T19:01:41.274+00:00][B] [INFO] Packet ID: 44
[2026-09-02T19:01:41.279+00:00][B] [INFO] Packet Size: 26
[2026-09-02T19:01:41.279+00:00][B] [INFO] Timestamp: 44 ms
[2026-09-02T19:01:41.280+00:00][B] [INFO] Transmission Result: success
[2026-09-02T19:01:41.285+00:00][B] [INFO] --------------------------------
[2026-09-02T19:01:41.285+00:00][B] [INFO] [Heartbeat #44]
[2026-09-02T19:01:41.290+00:00][B] [INFO] Sent
[2026-09-02T19:01:41.290+00:00][B] [INFO] Waiting ACK...
[2026-09-02T19:01:41.291+00:00][B] [INFO] [WAITING ACK]
[2026-09-02T19:01:41.304+00:00][B] [INFO] [RF TX] type=2 source=0x02 destination=0xFF previousHop=0x02 sequence=160 ackSequence=0 ttl=8 hops=0 payloadSize=13 rssi=0 snr=0.00
[2026-09-02T19:01:41.305+00:00][B] [INFO] Heartbeat packet sent
[2026-09-02T19:01:42.124+00:00][A] [INFO] --------------------------------
[2026-09-02T19:01:42.125+00:00][A] [INFO] [HEARTBEAT TX]
[2026-09-02T19:01:42.129+00:00][A] [INFO] Node ID: 1
[2026-09-02T19:01:42.130+00:00][A] [INFO] type: 2
[2026-09-02T19:01:42.130+00:00][A] [INFO] Destination: 0xFF
[2026-09-02T19:01:42.135+00:00][A] [INFO] Sequence: 144
[2026-09-02T19:01:42.135+00:00][A] [INFO] Packet ID: 45
[2026-09-02T19:01:42.140+00:00][A] [INFO] Packet Size: 26
[2026-09-02T19:01:42.141+00:00][A] [INFO] Timestamp: 45 ms
[2026-09-02T19:01:42.141+00:00][A] [INFO] Transmission Result: success
[2026-09-02T19:01:42.146+00:00][A] [INFO] --------------------------------
[2026-09-02T19:01:42.146+00:00][A] [INFO] [Heartbeat #45]
[2026-09-02T19:01:42.152+00:00][A] [INFO] Sent
[2026-09-02T19:01:42.152+00:00][A] [INFO] Waiting ACK...
[2026-09-02T19:01:42.153+00:00][A] [INFO] [WAITING ACK]
[2026-09-02T19:01:42.166+00:00][A] [INFO] [RF TX] type=2 source=0x01 destination=0xFF previousHop=0x01 sequence=144 ackSequence=0 ttl=8 hops=0 payloadSize=13 rssi=0 snr=0.00
[2026-09-02T19:01:42.166+00:00][A] [INFO] Heartbeat packet sent
[2026-09-02T19:01:42.178+00:00][B] [INFO] --------------------------------
[2026-09-02T19:01:42.179+00:00][B] [INFO] [HEARTBEAT TX]
[2026-09-02T19:01:42.184+00:00][B] [INFO] Node ID: 2
[2026-09-02T19:01:42.184+00:00][B] [INFO] type: 2
[2026-09-02T19:01:42.185+00:00][B] [INFO] Destination: 0xFF
[2026-09-02T19:01:42.189+00:00][B] [INFO] Sequence: 161
[2026-09-02T19:01:42.190+00:00][B] [INFO] Packet ID: 45
[2026-09-02T19:01:42.195+00:00][B] [INFO] Packet Size: 26
[2026-09-02T19:01:42.195+00:00][B] [INFO] Timestamp: 45 ms
[2026-09-02T19:01:42.195+00:00][B] [INFO] Transmission Result: success
[2026-09-02T19:01:42.201+00:00][B] [INFO] --------------------------------
[2026-09-02T19:01:42.201+00:00][B] [INFO] [Heartbeat #45]
[2026-09-02T19:01:42.206+00:00][B] [INFO] Sent
[2026-09-02T19:01:42.206+00:00][B] [INFO] Waiting ACK...
[2026-09-02T19:01:42.207+00:00][B] [INFO] [WAITING ACK]
[2026-09-02T19:01:42.220+00:00][B] [INFO] [RF TX] type=2 source=0x02 destination=0xFF previousHop=0x02 sequence=161 ackSequence=0 ttl=8 hops=0 payloadSize=13 rssi=0 snr=0.00
[2026-09-02T19:01:42.221+00:00][B] [INFO] Heartbeat packet sent
[2026-09-02T19:01:43.141+00:00][A] [WARN] Retry 1
[2026-09-02T19:01:43.196+00:00][B] [WARN] Retry 1
[2026-09-02T19:01:43.208+00:00][A] [INFO] --------------------------------
[2026-09-02T19:01:43.209+00:00][A] [INFO] [HEARTBEAT TX]
[2026-09-02T19:01:43.213+00:00][A] [INFO] Node ID: 1
[2026-09-02T19:01:43.214+00:00][A] [INFO] type: 2
[2026-09-02T19:01:43.214+00:00][A] [INFO] Destination: 0xFF
[2026-09-02T19:01:43.219+00:00][A] [INFO] Sequence: 144
[2026-09-02T19:01:43.220+00:00][A] [INFO] Packet ID: 45
[2026-09-02T19:01:43.224+00:00][A] [INFO] Packet Size: 26
[2026-09-02T19:01:43.225+00:00][A] [INFO] Timestamp: 45 ms
[2026-09-02T19:01:43.225+00:00][A] [INFO] Transmission Result: success
[2026-09-02T19:01:43.230+00:00][A] [INFO] --------------------------------
[2026-09-02T19:01:43.230+00:00][A] [INFO] [Heartbeat #45]
[2026-09-02T19:01:43.235+00:00][A] [INFO] Sent
[2026-09-02T19:01:43.236+00:00][A] [INFO] Waiting ACK...
[2026-09-02T19:01:43.236+00:00][A] [INFO] [WAITING ACK]
[2026-09-02T19:01:43.250+00:00][A] [INFO] [RF TX] type=2 source=0x01 destination=0xFF previousHop=0x01 sequence=144 ackSequence=0 ttl=8 hops=0 payloadSize=13 rssi=0 snr=0.00
[2026-09-02T19:01:43.250+00:00][A] [INFO] Heartbeat packet sent
[2026-09-02T19:01:43.262+00:00][B] [INFO] --------------------------------
[2026-09-02T19:01:43.262+00:00][B] [INFO] [HEARTBEAT TX]
[2026-09-02T19:01:43.268+00:00][B] [INFO] Node ID: 2
[2026-09-02T19:01:43.271+00:00][B] [INFO] type: 2
[2026-09-02T19:01:43.272+00:00][B] [INFO] Destination: 0xFF
[2026-09-02T19:01:43.273+00:00][B] [INFO] Sequence: 161
[2026-09-02T19:01:43.275+00:00][B] [INFO] Packet ID: 45
[2026-09-02T19:01:43.279+00:00][B] [INFO] Packet Size: 26
[2026-09-02T19:01:43.279+00:00][B] [INFO] Timestamp: 45 ms
[2026-09-02T19:01:43.279+00:00][B] [INFO] Transmission Result: success
[2026-09-02T19:01:43.284+00:00][B] [INFO] --------------------------------
[2026-09-02T19:01:43.285+00:00][B] [INFO] [Heartbeat #45]
[2026-09-02T19:01:43.290+00:00][B] [INFO] Sent
[2026-09-02T19:01:43.290+00:00][B] [INFO] Waiting ACK...
[2026-09-02T19:01:43.290+00:00][B] [INFO] [WAITING ACK]
[2026-09-02T19:01:43.304+00:00][B] [INFO] [RF TX] type=2 source=0x02 destination=0xFF previousHop=0x02 sequence=161 ackSequence=0 ttl=8 hops=0 payloadSize=13 rssi=0 snr=0.00
[2026-09-02T19:01:43.304+00:00][B] [INFO] Heartbeat packet sent
[2026-09-02T19:01:44.124+00:00][A] [INFO] --------------------------------
[2026-09-02T19:01:44.125+00:00][A] [INFO] [HEARTBEAT TX]
[2026-09-02T19:01:44.129+00:00][A] [INFO] Node ID: 1
[2026-09-02T19:01:44.130+00:00][A] [INFO] type: 2
[2026-09-02T19:01:44.130+00:00][A] [INFO] Destination: 0xFF
[2026-09-02T19:01:44.135+00:00][A] [INFO] Sequence: 145
[2026-09-02T19:01:44.136+00:00][A] [INFO] Packet ID: 46
[2026-09-02T19:01:44.140+00:00][A] [INFO] Packet Size: 26
[2026-09-02T19:01:44.141+00:00][A] [INFO] Timestamp: 46 ms
[2026-09-02T19:01:44.141+00:00][A] [INFO] Transmission Result: success
[2026-09-02T19:01:44.146+00:00][A] [INFO] --------------------------------
[2026-09-02T19:01:44.146+00:00][A] [INFO] [Heartbeat #46]
[2026-09-02T19:01:44.152+00:00][A] [INFO] Sent
[2026-09-02T19:01:44.152+00:00][A] [INFO] Waiting ACK...
[2026-09-02T19:01:44.152+00:00][A] [INFO] [WAITING ACK]
[2026-09-02T19:01:44.166+00:00][A] [INFO] [RF TX] type=2 source=0x01 destination=0xFF previousHop=0x01 sequence=145 ackSequence=0 ttl=8 hops=0 payloadSize=13 rssi=0 snr=0.00
[2026-09-02T19:01:44.166+00:00][A] [INFO] Heartbeat packet sent
[2026-09-02T19:01:44.178+00:00][B] [INFO] --------------------------------
[2026-09-02T19:01:44.179+00:00][B] [INFO] [HEARTBEAT TX]
[2026-09-02T19:01:44.184+00:00][B] [INFO] Node ID: 2
[2026-09-02T19:01:44.184+00:00][B] [INFO] type: 2
[2026-09-02T19:01:44.185+00:00][B] [INFO] Destination: 0xFF
[2026-09-02T19:01:44.189+00:00][B] [INFO] Sequence: 162
[2026-09-02T19:01:44.190+00:00][B] [INFO] Packet ID: 46
[2026-09-02T19:01:44.195+00:00][B] [INFO] Packet Size: 26
[2026-09-02T19:01:44.195+00:00][B] [INFO] Timestamp: 46 ms
[2026-09-02T19:01:44.196+00:00][B] [INFO] Transmission Result: success
[2026-09-02T19:01:44.201+00:00][B] [INFO] --------------------------------
[2026-09-02T19:01:44.201+00:00][B] [INFO] [Heartbeat #46]
[2026-09-02T19:01:44.206+00:00][B] [INFO] Sent
[2026-09-02T19:01:44.206+00:00][B] [INFO] Waiting ACK...
[2026-09-02T19:01:44.207+00:00][B] [INFO] [WAITING ACK]
[2026-09-02T19:01:44.220+00:00][B] [INFO] [RF TX] type=2 source=0x02 destination=0xFF previousHop=0x02 sequence=162 ackSequence=0 ttl=8 hops=0 payloadSize=13 rssi=0 snr=0.00
[2026-09-02T19:01:44.220+00:00][B] [INFO] Heartbeat packet sent
[2026-09-02T19:01:45.141+00:00][A] [WARN] Retry 1
[2026-09-02T19:01:45.196+00:00][B] [WARN] Retry 1
[2026-09-02T19:01:45.208+00:00][A] [INFO] --------------------------------
[2026-09-02T19:01:45.209+00:00][A] [INFO] [HEARTBEAT TX]
[2026-09-02T19:01:45.213+00:00][A] [INFO] Node ID: 1
[2026-09-02T19:01:45.214+00:00][A] [INFO] type: 2
[2026-09-02T19:01:45.214+00:00][A] [INFO] Destination: 0xFF
[2026-09-02T19:01:45.219+00:00][A] [INFO] Sequence: 145
[2026-09-02T19:01:45.220+00:00][A] [INFO] Packet ID: 46
[2026-09-02T19:01:45.224+00:00][A] [INFO] Packet Size: 26
[2026-09-02T19:01:45.225+00:00][A] [INFO] Timestamp: 46 ms
[2026-09-02T19:01:45.225+00:00][A] [INFO] Transmission Result: success
[2026-09-02T19:01:45.230+00:00][A] [INFO] --------------------------------
[2026-09-02T19:01:45.230+00:00][A] [INFO] [Heartbeat #46]
[2026-09-02T19:01:45.235+00:00][A] [INFO] Sent
[2026-09-02T19:01:45.235+00:00][A] [INFO] Waiting ACK...
[2026-09-02T19:01:45.236+00:00][A] [INFO] [WAITING ACK]
[2026-09-02T19:01:45.250+00:00][A] [INFO] [RF TX] type=2 source=0x01 destination=0xFF previousHop=0x01 sequence=145 ackSequence=0 ttl=8 hops=0 payloadSize=13 rssi=0 snr=0.00
[2026-09-02T19:01:45.250+00:00][A] [INFO] Heartbeat packet sent
[2026-09-02T19:01:45.262+00:00][B] [INFO] --------------------------------
[2026-09-02T19:01:45.263+00:00][B] [INFO] [HEARTBEAT TX]
[2026-09-02T19:01:45.268+00:00][B] [INFO] Node ID: 2
[2026-09-02T19:01:45.268+00:00][B] [INFO] type: 2
[2026-09-02T19:01:45.268+00:00][B] [INFO] Destination: 0xFF
[2026-09-02T19:01:45.273+00:00][B] [INFO] Sequence: 162
[2026-09-02T19:01:45.274+00:00][B] [INFO] Packet ID: 46
[2026-09-02T19:01:45.279+00:00][B] [INFO] Packet Size: 26
[2026-09-02T19:01:45.279+00:00][B] [INFO] Timestamp: 46 ms
[2026-09-02T19:01:45.279+00:00][B] [INFO] Transmission Result: success
[2026-09-02T19:01:45.285+00:00][B] [INFO] --------------------------------
[2026-09-02T19:01:45.285+00:00][B] [INFO] [Heartbeat #46]
[2026-09-02T19:01:45.290+00:00][B] [INFO] Sent
[2026-09-02T19:01:45.290+00:00][B] [INFO] Waiting ACK...
[2026-09-02T19:01:45.290+00:00][B] [INFO] [WAITING ACK]
[2026-09-02T19:01:45.304+00:00][B] [INFO] [RF TX] type=2 source=0x02 destination=0xFF previousHop=0x02 sequence=162 ackSequence=0 ttl=8 hops=0 payloadSize=13 rssi=0 snr=0.00
[2026-09-02T19:01:45.304+00:00][B] [INFO] Heartbeat packet sent
[2026-09-02T19:01:46.124+00:00][A] [INFO] --------------------------------
[2026-09-02T19:01:46.125+00:00][A] [INFO] [HEARTBEAT TX]
[2026-09-02T19:01:46.129+00:00][A] [INFO] Node ID: 1
[2026-09-02T19:01:46.130+00:00][A] [INFO] type: 2
[2026-09-02T19:01:46.130+00:00][A] [INFO] Destination: 0xFF
[2026-09-02T19:01:46.135+00:00][A] [INFO] Sequence: 146
[2026-09-02T19:01:46.135+00:00][A] [INFO] Packet ID: 47
[2026-09-02T19:01:46.140+00:00][A] [INFO] Packet Size: 26
[2026-09-02T19:01:46.141+00:00][A] [INFO] Timestamp: 47 ms
[2026-09-02T19:01:46.141+00:00][A] [INFO] Transmission Result: success
[2026-09-02T19:01:46.146+00:00][A] [INFO] --------------------------------
[2026-09-02T19:01:46.147+00:00][A] [INFO] [Heartbeat #47]
[2026-09-02T19:01:46.152+00:00][A] [INFO] Sent
[2026-09-02T19:01:46.152+00:00][A] [INFO] Waiting ACK...
[2026-09-02T19:01:46.153+00:00][A] [INFO] [WAITING ACK]
[2026-09-02T19:01:46.166+00:00][A] [INFO] [RF TX] type=2 source=0x01 destination=0xFF previousHop=0x01 sequence=146 ackSequence=0 ttl=8 hops=0 payloadSize=13 rssi=0 snr=0.00
[2026-09-02T19:01:46.166+00:00][A] [INFO] Heartbeat packet sent
[2026-09-02T19:01:46.178+00:00][B] [INFO] --------------------------------
[2026-09-02T19:01:46.178+00:00][B] [INFO] [HEARTBEAT TX]
[2026-09-02T19:01:46.184+00:00][B] [INFO] Node ID: 2
[2026-09-02T19:01:46.184+00:00][B] [INFO] type: 2
[2026-09-02T19:01:46.185+00:00][B] [INFO] Destination: 0xFF
[2026-09-02T19:01:46.189+00:00][B] [INFO] Sequence: 163
[2026-09-02T19:01:46.190+00:00][B] [INFO] Packet ID: 47
[2026-09-02T19:01:46.195+00:00][B] [INFO] Packet Size: 26
[2026-09-02T19:01:46.195+00:00][B] [INFO] Timestamp: 47 ms
[2026-09-02T19:01:46.195+00:00][B] [INFO] Transmission Result: success
[2026-09-02T19:01:46.200+00:00][B] [INFO] --------------------------------
[2026-09-02T19:01:46.201+00:00][B] [INFO] [Heartbeat #47]
[2026-09-02T19:01:46.206+00:00][B] [INFO] Sent
[2026-09-02T19:01:46.206+00:00][B] [INFO] Waiting ACK...
[2026-09-02T19:01:46.207+00:00][B] [INFO] [WAITING ACK]
[2026-09-02T19:01:46.220+00:00][B] [INFO] [RF TX] type=2 source=0x02 destination=0xFF previousHop=0x02 sequence=163 ackSequence=0 ttl=8 hops=0 payloadSize=13 rssi=0 snr=0.00
[2026-09-02T19:01:46.221+00:00][B] [INFO] Heartbeat packet sent
[2026-09-02T19:01:47.141+00:00][A] [WARN] Retry 1
[2026-09-02T19:01:47.195+00:00][B] [WARN] Retry 1
[2026-09-02T19:01:47.208+00:00][A] [INFO] --------------------------------
[2026-09-02T19:01:47.208+00:00][A] [INFO] [HEARTBEAT TX]
[2026-09-02T19:01:47.213+00:00][A] [INFO] Node ID: 1
[2026-09-02T19:01:47.213+00:00][A] [INFO] type: 2
[2026-09-02T19:01:47.213+00:00][A] [INFO] Destination: 0xFF
[2026-09-02T19:01:47.219+00:00][A] [INFO] Sequence: 146
[2026-09-02T19:01:47.219+00:00][A] [INFO] Packet ID: 47
[2026-09-02T19:01:47.224+00:00][A] [INFO] Packet Size: 26
[2026-09-02T19:01:47.224+00:00][A] [INFO] Timestamp: 47 ms
[2026-09-02T19:01:47.224+00:00][A] [INFO] Transmission Result: success
[2026-09-02T19:01:47.230+00:00][A] [INFO] --------------------------------
[2026-09-02T19:01:47.230+00:00][A] [INFO] [Heartbeat #47]
[2026-09-02T19:01:47.235+00:00][A] [INFO] Sent
[2026-09-02T19:01:47.235+00:00][A] [INFO] Waiting ACK...
[2026-09-02T19:01:47.236+00:00][A] [INFO] [WAITING ACK]
[2026-09-02T19:01:47.250+00:00][A] [INFO] [RF TX] type=2 source=0x01 destination=0xFF previousHop=0x01 sequence=146 ackSequence=0 ttl=8 hops=0 payloadSize=13 rssi=0 snr=0.00
[2026-09-02T19:01:47.250+00:00][A] [INFO] Heartbeat packet sent
[2026-09-02T19:01:47.262+00:00][B] [INFO] --------------------------------
[2026-09-02T19:01:47.262+00:00][B] [INFO] [HEARTBEAT TX]
[2026-09-02T19:01:47.268+00:00][B] [INFO] Node ID: 2
[2026-09-02T19:01:47.268+00:00][B] [INFO] type: 2
[2026-09-02T19:01:47.268+00:00][B] [INFO] Destination: 0xFF
[2026-09-02T19:01:47.273+00:00][B] [INFO] Sequence: 163
[2026-09-02T19:01:47.273+00:00][B] [INFO] Packet ID: 47
[2026-09-02T19:01:47.279+00:00][B] [INFO] Packet Size: 26
[2026-09-02T19:01:47.279+00:00][B] [INFO] Timestamp: 47 ms
[2026-09-02T19:01:47.279+00:00][B] [INFO] Transmission Result: success
[2026-09-02T19:01:47.284+00:00][B] [INFO] --------------------------------
[2026-09-02T19:01:47.284+00:00][B] [INFO] [Heartbeat #47]
[2026-09-02T19:01:47.290+00:00][B] [INFO] Sent
[2026-09-02T19:01:47.290+00:00][B] [INFO] Waiting ACK...
[2026-09-02T19:01:47.290+00:00][B] [INFO] [WAITING ACK]
[2026-09-02T19:01:47.304+00:00][B] [INFO] [RF TX] type=2 source=0x02 destination=0xFF previousHop=0x02 sequence=163 ackSequence=0 ttl=8 hops=0 payloadSize=13 rssi=0 snr=0.00
[2026-09-02T19:01:47.304+00:00][B] [INFO] Heartbeat packet sent
[2026-09-02T19:01:48.124+00:00][A] [INFO] --------------------------------
[2026-09-02T19:01:48.125+00:00][A] [INFO] [HEARTBEAT TX]
[2026-09-02T19:01:48.129+00:00][A] [INFO] Node ID: 1
[2026-09-02T19:01:48.129+00:00][A] [INFO] type: 2
[2026-09-02T19:01:48.130+00:00][A] [INFO] Destination: 0xFF
[2026-09-02T19:01:48.135+00:00][A] [INFO] Sequence: 147
[2026-09-02T19:01:48.135+00:00][A] [INFO] Packet ID: 48
[2026-09-02T19:01:48.140+00:00][A] [INFO] Packet Size: 26
[2026-09-02T19:01:48.141+00:00][A] [INFO] Timestamp: 48 ms
[2026-09-02T19:01:48.141+00:00][A] [INFO] Transmission Result: success
[2026-09-02T19:01:48.146+00:00][A] [INFO] --------------------------------
[2026-09-02T19:01:48.147+00:00][A] [INFO] [Heartbeat #48]
[2026-09-02T19:01:48.152+00:00][A] [INFO] Sent
[2026-09-02T19:01:48.152+00:00][A] [INFO] Waiting ACK...
[2026-09-02T19:01:48.152+00:00][A] [INFO] [WAITING ACK]
[2026-09-02T19:01:48.166+00:00][A] [INFO] [RF TX] type=2 source=0x01 destination=0xFF previousHop=0x01 sequence=147 ackSequence=0 ttl=8 hops=0 payloadSize=13 rssi=0 snr=0.00
[2026-09-02T19:01:48.166+00:00][A] [INFO] Heartbeat packet sent
[2026-09-02T19:01:48.178+00:00][B] [INFO] --------------------------------
[2026-09-02T19:01:48.178+00:00][B] [INFO] [HEARTBEAT TX]
[2026-09-02T19:01:48.184+00:00][B] [INFO] Node ID: 2
[2026-09-02T19:01:48.184+00:00][B] [INFO] type: 2
[2026-09-02T19:01:48.184+00:00][B] [INFO] Destination: 0xFF
[2026-09-02T19:01:48.189+00:00][B] [INFO] Sequence: 164
[2026-09-02T19:01:48.189+00:00][B] [INFO] Packet ID: 48
[2026-09-02T19:01:48.195+00:00][B] [INFO] Packet Size: 26
[2026-09-02T19:01:48.195+00:00][B] [INFO] Timestamp: 48 ms
[2026-09-02T19:01:48.195+00:00][B] [INFO] Transmission Result: success
[2026-09-02T19:01:48.200+00:00][B] [INFO] --------------------------------
[2026-09-02T19:01:48.200+00:00][B] [INFO] [Heartbeat #48]
[2026-09-02T19:01:48.206+00:00][B] [INFO] Sent
[2026-09-02T19:01:48.206+00:00][B] [INFO] Waiting ACK...
[2026-09-02T19:01:48.206+00:00][B] [INFO] [WAITING ACK]
[2026-09-02T19:01:48.220+00:00][B] [INFO] [RF TX] type=2 source=0x02 destination=0xFF previousHop=0x02 sequence=164 ackSequence=0 ttl=8 hops=0 payloadSize=13 rssi=0 snr=0.00
[2026-09-02T19:01:48.220+00:00][B] [INFO] Heartbeat packet sent
[2026-09-02T19:01:49.141+00:00][A] [WARN] Retry 1
[2026-09-02T19:01:49.195+00:00][B] [WARN] Retry 1
[2026-09-02T19:01:49.208+00:00][A] [INFO] --------------------------------
[2026-09-02T19:01:49.209+00:00][A] [INFO] [HEARTBEAT TX]
[2026-09-02T19:01:49.213+00:00][A] [INFO] Node ID: 1
[2026-09-02T19:01:49.214+00:00][A] [INFO] type: 2
[2026-09-02T19:01:49.214+00:00][A] [INFO] Destination: 0xFF
[2026-09-02T19:01:49.219+00:00][A] [INFO] Sequence: 147
[2026-09-02T19:01:49.220+00:00][A] [INFO] Packet ID: 48
[2026-09-02T19:01:49.224+00:00][A] [INFO] Packet Size: 26
[2026-09-02T19:01:49.224+00:00][A] [INFO] Timestamp: 48 ms
[2026-09-02T19:01:49.225+00:00][A] [INFO] Transmission Result: success
[2026-09-02T19:01:49.230+00:00][A] [INFO] --------------------------------
[2026-09-02T19:01:49.230+00:00][A] [INFO] [Heartbeat #48]
[2026-09-02T19:01:49.236+00:00][A] [INFO] Sent
[2026-09-02T19:01:49.236+00:00][A] [INFO] Waiting ACK...
[2026-09-02T19:01:49.236+00:00][A] [INFO] [WAITING ACK]
[2026-09-02T19:01:49.250+00:00][A] [INFO] [RF TX] type=2 source=0x01 destination=0xFF previousHop=0x01 sequence=147 ackSequence=0 ttl=8 hops=0 payloadSize=13 rssi=0 snr=0.00
[2026-09-02T19:01:49.250+00:00][A] [INFO] Heartbeat packet sent
[2026-09-02T19:01:49.262+00:00][B] [INFO] --------------------------------
[2026-09-02T19:01:49.263+00:00][B] [INFO] [HEARTBEAT TX]
[2026-09-02T19:01:49.268+00:00][B] [INFO] Node ID: 2
[2026-09-02T19:01:49.268+00:00][B] [INFO] type: 2
[2026-09-02T19:01:49.269+00:00][B] [INFO] Destination: 0xFF
[2026-09-02T19:01:49.273+00:00][B] [INFO] Sequence: 164
[2026-09-02T19:01:49.274+00:00][B] [INFO] Packet ID: 48
[2026-09-02T19:01:49.279+00:00][B] [INFO] Packet Size: 26
[2026-09-02T19:01:49.279+00:00][B] [INFO] Timestamp: 48 ms
[2026-09-02T19:01:49.279+00:00][B] [INFO] Transmission Result: success
[2026-09-02T19:01:49.285+00:00][B] [INFO] --------------------------------
[2026-09-02T19:01:49.285+00:00][B] [INFO] [Heartbeat #48]
[2026-09-02T19:01:49.290+00:00][B] [INFO] Sent
[2026-09-02T19:01:49.290+00:00][B] [INFO] Waiting ACK...
[2026-09-02T19:01:49.291+00:00][B] [INFO] [WAITING ACK]
[2026-09-02T19:01:49.304+00:00][B] [INFO] [RF TX] type=2 source=0x02 destination=0xFF previousHop=0x02 sequence=164 ackSequence=0 ttl=8 hops=0 payloadSize=13 rssi=0 snr=0.00
[2026-09-02T19:01:49.305+00:00][B] [INFO] Heartbeat packet sent
[2026-09-02T19:01:50.124+00:00][A] [INFO] --------------------------------
[2026-09-02T19:01:50.124+00:00][A] [INFO] [HEARTBEAT TX]
[2026-09-02T19:01:50.129+00:00][A] [INFO] Node ID: 1
[2026-09-02T19:01:50.129+00:00][A] [INFO] type: 2
[2026-09-02T19:01:50.129+00:00][A] [INFO] Destination: 0xFF
[2026-09-02T19:01:50.135+00:00][A] [INFO] Sequence: 148
[2026-09-02T19:01:50.135+00:00][A] [INFO] Packet ID: 49
[2026-09-02T19:01:50.140+00:00][A] [INFO] Packet Size: 26
[2026-09-02T19:01:50.140+00:00][A] [INFO] Timestamp: 49 ms
[2026-09-02T19:01:50.140+00:00][A] [INFO] Transmission Result: success
[2026-09-02T19:01:50.146+00:00][A] [INFO] --------------------------------
[2026-09-02T19:01:50.146+00:00][A] [INFO] [Heartbeat #49]
[2026-09-02T19:01:50.151+00:00][A] [INFO] Sent
[2026-09-02T19:01:50.151+00:00][A] [INFO] Waiting ACK...
[2026-09-02T19:01:50.151+00:00][A] [INFO] [WAITING ACK]
[2026-09-02T19:01:50.165+00:00][A] [INFO] [RF TX] type=2 source=0x01 destination=0xFF previousHop=0x01 sequence=148 ackSequence=0 ttl=8 hops=0 payloadSize=13 rssi=0 snr=0.00
[2026-09-02T19:01:50.166+00:00][A] [INFO] Heartbeat packet sent
[2026-09-02T19:01:50.178+00:00][B] [INFO] --------------------------------
[2026-09-02T19:01:50.178+00:00][B] [INFO] [HEARTBEAT TX]
[2026-09-02T19:01:50.184+00:00][B] [INFO] Node ID: 2
[2026-09-02T19:01:50.184+00:00][B] [INFO] type: 2
[2026-09-02T19:01:50.184+00:00][B] [INFO] Destination: 0xFF
[2026-09-02T19:01:50.189+00:00][B] [INFO] Sequence: 165
[2026-09-02T19:01:50.189+00:00][B] [INFO] Packet ID: 49
[2026-09-02T19:01:50.195+00:00][B] [INFO] Packet Size: 26
[2026-09-02T19:01:50.195+00:00][B] [INFO] Timestamp: 49 ms
[2026-09-02T19:01:50.195+00:00][B] [INFO] Transmission Result: success
[2026-09-02T19:01:50.200+00:00][B] [INFO] --------------------------------
[2026-09-02T19:01:50.201+00:00][B] [INFO] [Heartbeat #49]
[2026-09-02T19:01:50.206+00:00][B] [INFO] Sent
[2026-09-02T19:01:50.206+00:00][B] [INFO] Waiting ACK...
[2026-09-02T19:01:50.206+00:00][B] [INFO] [WAITING ACK]
[2026-09-02T19:01:50.220+00:00][B] [INFO] [RF TX] type=2 source=0x02 destination=0xFF previousHop=0x02 sequence=165 ackSequence=0 ttl=8 hops=0 payloadSize=13 rssi=0 snr=0.00
[2026-09-02T19:01:50.220+00:00][B] [INFO] Heartbeat packet sent
[2026-09-02T19:01:51.141+00:00][A] [WARN] Retry 1
[2026-09-02T19:01:51.195+00:00][B] [WARN] Retry 1
[2026-09-02T19:01:51.208+00:00][A] [INFO] --------------------------------
[2026-09-02T19:01:51.209+00:00][A] [INFO] [HEARTBEAT TX]
[2026-09-02T19:01:51.213+00:00][A] [INFO] Node ID: 1
[2026-09-02T19:01:51.214+00:00][A] [INFO] type: 2
[2026-09-02T19:01:51.214+00:00][A] [INFO] Destination: 0xFF
[2026-09-02T19:01:51.219+00:00][A] [INFO] Sequence: 148
[2026-09-02T19:01:51.219+00:00][A] [INFO] Packet ID: 49
[2026-09-02T19:01:51.224+00:00][A] [INFO] Packet Size: 26
[2026-09-02T19:01:51.225+00:00][A] [INFO] Timestamp: 49 ms
[2026-09-02T19:01:51.225+00:00][A] [INFO] Transmission Result: success
[2026-09-02T19:01:51.230+00:00][A] [INFO] --------------------------------
[2026-09-02T19:01:51.230+00:00][A] [INFO] [Heartbeat #49]
[2026-09-02T19:01:51.235+00:00][A] [INFO] Sent
[2026-09-02T19:01:51.236+00:00][A] [INFO] Waiting ACK...
[2026-09-02T19:01:51.236+00:00][A] [INFO] [WAITING ACK]
[2026-09-02T19:01:51.250+00:00][A] [INFO] [RF TX] type=2 source=0x01 destination=0xFF previousHop=0x01 sequence=148 ackSequence=0 ttl=8 hops=0 payloadSize=13 rssi=0 snr=0.00
[2026-09-02T19:01:51.250+00:00][A] [INFO] Heartbeat packet sent
[2026-09-02T19:01:51.262+00:00][B] [INFO] --------------------------------
[2026-09-02T19:01:51.262+00:00][B] [INFO] [HEARTBEAT TX]
[2026-09-02T19:01:51.268+00:00][B] [INFO] Node ID: 2
[2026-09-02T19:01:51.268+00:00][B] [INFO] type: 2
[2026-09-02T19:01:51.269+00:00][B] [INFO] Destination: 0xFF
[2026-09-02T19:01:51.273+00:00][B] [INFO] Sequence: 165
[2026-09-02T19:01:51.274+00:00][B] [INFO] Packet ID: 49
[2026-09-02T19:01:51.278+00:00][B] [INFO] Packet Size: 26
[2026-09-02T19:01:51.279+00:00][B] [INFO] Timestamp: 49 ms
[2026-09-02T19:01:51.279+00:00][B] [INFO] Transmission Result: success
[2026-09-02T19:01:51.285+00:00][B] [INFO] --------------------------------
[2026-09-02T19:01:51.285+00:00][B] [INFO] [Heartbeat #49]
[2026-09-02T19:01:51.290+00:00][B] [INFO] Sent
[2026-09-02T19:01:51.290+00:00][B] [INFO] Waiting ACK...
[2026-09-02T19:01:51.291+00:00][B] [INFO] [WAITING ACK]
[2026-09-02T19:01:51.304+00:00][B] [INFO] [RF TX] type=2 source=0x02 destination=0xFF previousHop=0x02 sequence=165 ackSequence=0 ttl=8 hops=0 payloadSize=13 rssi=0 snr=0.00
[2026-09-02T19:01:51.304+00:00][B] [INFO] Heartbeat packet sent
